Scheme Code;Scheme Name;ISIN Div Payout/ISIN Growth;ISIN Div Reinvestment;Net Asset Value;Repurchase Price;Sale Price;Date

Open Ended Schemes ( Money Market )


Taurus Mutual Fund
139619;Taurus Investor Education Pool - Unclaimed Dividend - Growth;;;10.0000;;;18-Mar-2026
139618;Taurus Investor Education Pool - Unclaimed Redemption - Growth;;;10.0000;;;18-Mar-2026
139617;Taurus Unclaimed Redemption - Growth;;;17.4623;;;18-Mar-2026

Open Ended Schemes ( Equity Scheme - Multi Cap Fund )


Axis Mutual Fund
149383;Axis Multicap Fund - Direct Growth;INF846K013E0;;17.84;;;18-Mar-2026
149384;Axis Multicap Fund - Direct Plan - IDCW;INF846K014E8;INF846K015E5;17.83;;;18-Mar-2026
149382;Axis Multicap Fund - Regular Plan - Growth;INF846K016E3;;16.89;;;18-Mar-2026
149387;Axis Multicap Fund - Regular Plan - IDCW;INF846K017E1;INF846K018E9;16.89;;;18-Mar-2026

Bajaj Finserv Mutual Fund
153309;BAJAJ FINSERV MULTI CAP FUND - DIRECT - GROWTH;INF0QA701AV7;;10.746;;;18-Mar-2026
153306;BAJAJ FINSERV MULTI CAP FUND - DIRECT - IDCW;INF0QA701AW5;INF0QA701AX3;10.746;;;18-Mar-2026
153307;BAJAJ FINSERV MULTI CAP FUND - REGULAR - GROWTH;INF0QA701AS3;;10.573;;;18-Mar-2026
153308;BAJAJ FINSERV MULTI CAP FUND - REGULAR - IDCW;INF0QA701AT1;INF0QA701AU9;10.573;;;18-Mar-2026

Bandhan Mutual Fund
149303;BANDHAN MULTI CAP FUND - GROWTH - DIRECT PLAN;INF194KB1CL0;;17.179;;;18-Mar-2026
149305;BANDHAN MULTI CAP FUND - GROWTH - REGULAR PLAN;INF194KB1CI6;;16.084;;;18-Mar-2026
149304;BANDHAN MULTI CAP FUND - IDCW - DIRECT PLAN;INF194KB1CM8;INF194KB1CN6;16.154;;;18-Mar-2026
149302;BANDHAN MULTI CAP FUND - IDCW - REGULAR PLAN;INF194KB1CJ4;INF194KB1CK2;14.964;;;18-Mar-2026

Bank of India Mutual Fund
151443;Bank of India Multi Cap Fund Direct Plan - Growth;INF761K01FR0;;18.01;;;18-Mar-2026
151444;Bank of India Multi Cap Fund Direct Plan - IDCW;INF761K01FQ2;INF761K01FS8;17.98;;;18-Mar-2026
151445;Bank of India Multi Cap Fund Regular Plan - Growth;INF761K01FU4;;17.41;;;18-Mar-2026
151446;Bank of India Multi Cap Fund Regular Plan - IDCW;INF761K01FT6;INF761K01FV2;17.40;;;18-Mar-2026

Baroda BNP Paribas Mutual Fund
119354;Baroda BNP Paribas MULTI CAP FUND - Direct Plan - Growth Option;INF955L01AG0;;301.2615;;;18-Mar-2026
119353;Baroda BNP Paribas MULTI CAP FUND - Direct Plan - IDCW Option;INF955L01AE5;;51.6056;;;18-Mar-2026
102020;Baroda BNP Paribas MULTI CAP FUND - Regular Plan - Growth Option;INF955L01674;;266.5540;;;18-Mar-2026
102021;Baroda BNP Paribas MULTI CAP FUND - Regular Plan - IDCW Option;INF955L01658;INF955L01666;48.2497;;;18-Mar-2026

Franklin Templeton Mutual Fund
152739;Franklin India Multi Cap Fund - Direct - Growth;INF090I01XA7;;9.8529;;;18-Mar-2026
152737;Franklin India Multi Cap Fund - Direct - IDCW;INF090I01XB5;INF090I01XC3;9.8529;;;18-Mar-2026
152738;Franklin India Multi Cap Fund - Growth;INF090I01WX1;;9.6200;;;18-Mar-2026
152740;Franklin India Multi Cap Fund - IDCW;INF090I01WY9;INF090I01WZ6;9.6200;;;18-Mar-2026

Groww Mutual Fund
153034;Groww Multicap Fund - Direct - Growth;INF666M01JD9;;10.2142;;;18-Mar-2026
153098;Groww Multicap Fund - Direct - IDCW;INF666M01JE7;INF666M01JF4;10.2142;;;18-Mar-2026
153100;Groww Multicap Fund - Regular - Growth;INF666M01JG2;;9.981;;;18-Mar-2026
153099;Groww Multicap Fund - Regular - IDCW;INF666M01JH0;INF666M01JI8;9.9878;;;18-Mar-2026

HDFC Mutual Fund
149366;HDFC Multi Cap Fund - Growth Option;INF179KC1BV9;;17.594;;;18-Mar-2026
149368;HDFC Multi Cap Fund - Growth Option - Direct Plan;INF179KC1BS5;;18.505;;;18-Mar-2026
149365;HDFC Multi Cap Fund - IDCW Option;INF179KC1BW7;INF179KC1BX5;15.939;;;18-Mar-2026
149367;HDFC Multi Cap Fund - IDCW Option - Direct Plan;INF179KC1BT3;INF179KC1BU1;16.911;;;18-Mar-2026

HSBC Mutual Fund
151290;HSBC Multi Cap Fund - Direct - Growth;INF336L01QN5;;18.3607;;;18-Mar-2026
151291;HSBC Multi Cap Fund - Direct - IDCW;INF336L01QO3;INF336L01QP0;17.7347;;;18-Mar-2026
151289;HSBC Multi Cap Fund - Regular - Growth;INF336L01QQ8;;17.6243;;;18-Mar-2026
151292;HSBC Multi Cap Fund - Regular - IDCW;INF336L01QR6;INF336L01QS4;14.4882;;;18-Mar-2026

ICICI Prudential Mutual Fund
120599;ICICI Prudential Multicap Fund - Direct Plan -  Growth;INF109K014O9;;855.58;;;18-Mar-2026
120598;ICICI Prudential Multicap Fund - Direct Plan -  IDCW;INF109K012O3;INF109K013O1;57.20;;;18-Mar-2026
101228;ICICI Prudential Multicap Fund - Growth;INF109K01613;;762.69;;;18-Mar-2026
101706;ICICI Prudential Multicap Fund - IDCW;INF109K01FK7;INF109K01621;30.71;;;18-Mar-2026

ITI Mutual Fund
147183;ITI Multi Cap Fund - Direct Plan - Growth Option;INF00XX01168;;25.7888;;;18-Mar-2026
147186;ITI Multi Cap Fund - Direct Plan - IDCW Option;INF00XX01176;INF00XX01184;22.8149;;;18-Mar-2026
147184;ITI Multi Cap Fund - Regular Plan - Growth Option;INF00XX01135;;22.5959;;;18-Mar-2026
147185;ITI Multi Cap Fund - Regular Plan - IDCW Option;INF00XX01143;INF00XX01150;19.7652;;;18-Mar-2026

Kotak Mahindra Mutual Fund
149183;Kotak Multicap Fund- Regular Plan -IDCW Option;INF174KA1HT7;INF174KA1HU5;18.623;;;18-Mar-2026
149185;Kotak Multicap Fund-Direct Plan-Growth;INF174KA1HV3;;19.855;;;18-Mar-2026
149187;Kotak Multicap Fund-Direct Plan-IDCW Option;INF174KA1HW1;INF174KA1HX9;19.854;;;18-Mar-2026
149182;Kotak Multicap Fund-Regular Plan-Growth;INF174KA1HS9;;18.623;;;18-Mar-2026

LIC Mutual Fund
150659;LIC MF Multi Cap Fund-Direct Plan-Growth;INF767K01RK7;;16.9873;;;18-Mar-2026
150660;LIC MF Multi Cap Fund-Direct Plan-IDCW;INF767K01RL5;INF767K01RM3;16.9873;;;18-Mar-2026
150661;LIC MF Multi Cap Fund-Regular Plan-Growth;INF767K01RH3;;16.0756;;;18-Mar-2026
150662;LIC MF Multi Cap Fund-Regular Plan-IDCW;INF767K01RI1;INF767K01RJ9;16.0756;;;18-Mar-2026

Mahindra Manulife Mutual Fund
141223;Mahindra Manulife Multi Cap Fund - Direct Plan - IDCW;INF174V01366;INF174V01358;28.5027;;;18-Mar-2026
141226;Mahindra Manulife Multi Cap Fund - Direct Plan -Growth;INF174V01341;;39.8264;;;18-Mar-2026
141224;Mahindra Manulife Multi Cap Fund - Regular Plan - Growth;INF174V01317;;34.0128;;;18-Mar-2026
141225;Mahindra Manulife Multi Cap Fund - Regular Plan - IDCW;INF174V01333;INF174V01325;23.2002;;;18-Mar-2026

Samco Mutual Fund
152847;Samco Multi Cap Fund - Direct Plan - Growth;INF0K1H01198;;8.28;;;18-Mar-2026
152848;Samco Multi Cap Fund - Regular Plan - Growth;INF0K1H01206;;8.10;;;18-Mar-2026

Trust Mutual Fund
153644;TRUSTMF MULTI CAP FUND -DIRECT PLAN-GROWTH;INF0GCD01834;;9.88;;;18-Mar-2026
153645;TRUSTMF MULTI CAP FUND -REGULAR PLAN-GROWTH;INF0GCD01842;;9.76;;;18-Mar-2026

UTI Mutual Fund
153515;UTI Multi Cap Fund - Direct Plan - Growth Option;INF789F1AB89;;9.8232;;;18-Mar-2026
153516;UTI Multi Cap Fund - Regular Plan - Growth Option;INF789F1AB71;;9.6957;;;18-Mar-2026

WhiteOak Capital Mutual Fund
152071;WhiteOak Capital Multi Cap Fund Direct Plan Growth;INF03VN01803;;14.765;;;18-Mar-2026
152072;WhiteOak Capital Multi Cap Fund Regular Plan Growth;INF03VN01795;;14.196;;;18-Mar-2026

Open Ended Schemes ( Equity Scheme - Large Cap Fund )


Axis Mutual Fund
120465;Axis Large Cap Fund - Direct Plan - Growth;INF846K01DP8;;66.26;;;18-Mar-2026
120466;Axis Large Cap Fund - Direct Plan - IDCW;INF846K01DN3;INF846K01DO1;24.01;;;18-Mar-2026
112277;Axis Large Cap Fund - Regular Plan - Growth;INF846K01164;;57.28;;;18-Mar-2026
112278;Axis Large Cap Fund - Regular Plan - IDCW;INF846K01172;INF846K01180;16.77;;;18-Mar-2026

Bajaj Finserv Mutual Fund
152783;BAJAJ FINSERV LARGE CAP FUND - DIRECT PLAN - GROWTH;INF0QA701896;;9.933;;;18-Mar-2026
152781;BAJAJ FINSERV LARGE CAP FUND - DIRECT PLAN - IDCW;INF0QA701904;INF0QA701912;9.933;;;18-Mar-2026
152780;BAJAJ FINSERV LARGE CAP FUND - REGULAR PLAN - GROWTH;INF0QA701862;;9.703;;;18-Mar-2026
152782;BAJAJ FINSERV LARGE CAP FUND - REGULAR PLAN - IDCW;INF0QA701870;INF0QA701888;9.703;;;18-Mar-2026

Bandhan Mutual Fund
108799;BANDHAN Large Cap Fund - Regular Plan - Growth;INF194K01516;;73.954;;;18-Mar-2026
108800;BANDHAN Large Cap Fund - Regular Plan - IDCW;INF194K01490;INF194K01508;21.748;;;18-Mar-2026
118479;BANDHAN Large Cap Fund-Direct Plan-Growth;INF194K01Z44;;85.594;;;18-Mar-2026
118478;BANDHAN Large Cap Fund-Direct Plan-IDCW;INF194K01Z51;INF194K01Z69;28.745;;;18-Mar-2026

Bank of India Mutual Fund
148980;BANK OF INDIA Large Cap Fund Direct Plan Growth;INF761K01FL3;;16.75;;;18-Mar-2026
148981;BANK OF INDIA Large Cap Fund Direct Plan IDCW;INF761K01FK5;INF761K01FM1;16.72;;;18-Mar-2026
148982;BANK OF INDIA Large Cap Fund Regular Plan Growth;INF761K01FO7;;15.76;;;18-Mar-2026
148983;BANK OF INDIA Large Cap Fund Regular Plan IDCW;INF761K01FN9;INF761K01FP4;15.76;;;18-Mar-2026

Baroda BNP Paribas Mutual Fund
150187;BARODA BNP PARIBAS LARGE CAP Fund - Direct Plan - Growth Option;INF251K01HN7;;244.7496;;;18-Mar-2026
150188;BARODA BNP PARIBAS LARGE CAP Fund - Direct Plan - IDCW Option;INF251K01HL1;INF251K01HM9;27.1791;;;18-Mar-2026
150186;BARODA BNP PARIBAS LARGE CAP Fund - Regular Plan - IDCW Option;INF251K01910;INF251K01902;22.4442;;;18-Mar-2026
150185;BARODA BNP PARIBAS LARGE CAP Fund- Regular Plan - Growth Option;INF251K01894;;210.5175;;;18-Mar-2026

Groww Mutual Fund
119133;Groww Largecap Fund (formerly known as Indiabulls Blue Chip Fund) - Direct Plan - Growth Option;INF666M01600;;49.68;;;18-Mar-2026
116547;Groww Largecap Fund (formerly known as Indiabulls Blue Chip Fund) - Regular Plan- Growth Option;INF666M01162;;41.07;;;18-Mar-2026
119134;Groww Largecap Fund (formerly known as Indiabulls Bluechip Fund)- Direct Plan- - Income Distribution cum capital withdrawal Option (Payout & Reinvestment);INF666M01626;INF666M01618;28.78;;;18-Mar-2026
140814;Groww Largecap Fund (formerly known as Indiabulls Bluechip Fund)- Direct Plan- Half Yearly -Income Distribution cum capital withdrawal Option (Payout & Reinvestment);INF666M01CQ6;INF666M01CR4;27.93;;;18-Mar-2026
140809;Groww Largecap Fund (formerly known as Indiabulls Bluechip Fund)- Direct Plan- Monthly - Income Distribution cum capital withdrawal Option (Payout & Reinvestment);INF666M01CM5;INF666M01CN3;22.19;;;18-Mar-2026
140811;Groww Largecap Fund (formerly known as Indiabulls Bluechip Fund)- Direct Plan- Quarterly - Income Distribution cum capital withdrawal Option (Payout & Reinvestment);INF666M01CO1;INF666M01CP8;27.72;;;18-Mar-2026
116548;Groww Largecap Fund (formerly known as Indiabulls Bluechip Fund)- Regular Plan- - Income Distribution cum capital withdrawal Option (Payout & Reinvestment);INF666M01188;INF666M01170;23.14;;;18-Mar-2026
140813;Groww Largecap Fund (formerly known as Indiabulls Bluechip Fund)- Regular Plan- Half Yearly - Income Distribution cum capital withdrawal Option (Payout & Reinvestment);INF666M01CW4;INF666M01CX2;24.66;;;18-Mar-2026
140810;Groww Largecap Fund (formerly known as Indiabulls Bluechip Fund)- Regular Plan- Monthly - Income Distribution cum capital withdrawal Option (Payout & Reinvestment);INF666M01CS2;INF666M01CT0;23.65;;;18-Mar-2026
140812;Groww Largecap Fund (formerly known as Indiabulls Bluechip Fund)- Regular Plan- Quarterly - Income Distribution cum capital withdrawal Option (Payout & Reinvestment);INF666M01CU8;INF666M01CV6;24.52;;;18-Mar-2026

HDFC Mutual Fund
119018;HDFC Large Cap Fund - Growth Option - Direct Plan;INF179K01YV8;;1182.324;;;18-Mar-2026
102000;HDFC Large Cap Fund - Growth Option - Regular Plan;INF179K01BE2;;1088.81;;;18-Mar-2026
119017;HDFC Large Cap Fund - IDCW Option - Direct Plan;INF179K01YT2;INF179K01YU0;59.879;;;18-Mar-2026
102001;HDFC Large Cap Fund - IDCW Option - Regular Plan;INF179K01BC6;INF179K01BD4;49.863;;;18-Mar-2026

HSBC Mutual Fund
120030;HSBC Large Cap Fund - Direct Growth;INF336L01CM7;;514.7643;;;18-Mar-2026
120029;HSBC Large Cap Fund - Direct IDCW;INF336L01CK1;INF336L01CL9;38.5156;;;18-Mar-2026
101594;HSBC Large Cap Fund - Regular Growth;INF336L01016;;460.91;;;18-Mar-2026
101593;HSBC Large Cap Fund - Regular IDCW;INF336L01024;INF336L01032;40.8294;;;18-Mar-2026

ICICI Prudential Mutual Fund
120585;ICICI Prudential Large Cap Fund (erstwhile Bluechip Fund)  - Direct Plan - IDCW;INF109K014L5;INF109K015L2;59.09;;;18-Mar-2026
108466;ICICI Prudential Large Cap Fund (erstwhile Bluechip Fund)  - Growth;INF109K01BL4;;105.95;;;18-Mar-2026
108465;ICICI Prudential Large Cap Fund (erstwhile Bluechip Fund)  - IDCW;INF109K01EP9;INF109K01BM2;28.57;;;18-Mar-2026
120586;ICICI Prudential Large Cap Fund (erstwhile Bluechip Fund) - Direct Plan - Growth;INF109K016L0;;116.79;;;18-Mar-2026

ITI Mutual Fund
148353;ITI Large Cap Fund - Direct Plan - Growth Option;INF00XX01804;;18.2886;;;18-Mar-2026
148352;ITI Large Cap Fund - Direct Plan - IDCW Option;INF00XX01812;INF00XX01820;17.3572;;;18-Mar-2026
148351;ITI Large Cap Fund - Regular Plan - Growth Option;INF00XX01770;;16.4513;;;18-Mar-2026
148354;ITI Large Cap Fund - Regular Plan - IDCW Option;INF00XX01788;INF00XX01796;15.5218;;;18-Mar-2026

JM Financial Mutual Fund
134958;JM Large Cap Fund (Direct) - Annual IDCW;INF192K01JU4;INF192K01JV2;69.6654;;;18-Mar-2026
120490;JM Large Cap Fund (Direct) - Growth Option;INF192K01BZ0;;169.1244;;;18-Mar-2026
134957;JM Large Cap Fund (Direct) - Half Yearly IDCW ;INF192K01JR0;INF192K01JZ3;69.1785;;;18-Mar-2026
120489;JM Large Cap Fund (Direct) - IDCW;INF192K01BX5;INF192K01BY3;67.9015;;;18-Mar-2026
134956;JM Large Cap Fund (Direct) - Monthly IDCW ;INF192K01JJ7;INF192K01JK5;69.0341;;;18-Mar-2026
134960;JM Large Cap Fund (Direct) - Quarterly IDCW;INF192K01JN9;INF192K01JO7;69.6778;;;18-Mar-2026
134961;JM Large Cap Fund (Regular) - Annual IDCW;INF192K01JS8;INF192K01JT6;29.2018;;;18-Mar-2026
100219;JM Large Cap Fund (Regular) - Growth Option;INF192K01601;;146.2852;;;18-Mar-2026
134955;JM Large Cap Fund (Regular) - Half Yearly IDCW;INF192K01JP4;INF192K01JQ2;23.9807;;;18-Mar-2026
100218;JM Large Cap Fund (Regular) - IDCW ;INF192K01585;INF192K01593;28.3974;;;18-Mar-2026
134959;JM Large Cap Fund (Regular) - Monthly IDCW;INF192K01JH1;INF192K01JI9;22.7299;;;18-Mar-2026
134954;JM Large Cap Fund (Regular) - Quarterly IDCW;INF192K01JL3;INF192K01JM1;33.0125;;;18-Mar-2026

Kotak Mahindra Mutual Fund
120152;Kotak Large Cap  Fund - Growth - Direct;INF174K01KW6;;635.121;;;18-Mar-2026
114458;Kotak Large Cap Fund - Growth;INF174K01153;;548.092;;;18-Mar-2026
120153;Kotak Large Cap Fund - Payout of Income Distribution cum capital withdrawal option - Direct;INF174K01KY2;INF174K01KX4;83.997;;;18-Mar-2026
114457;Kotak Large Cap Fund - Payout of Income Distribution cumcapital withdrawal option;INF174K01179;INF174K01161;70.75;;;18-Mar-2026

LIC Mutual Fund
120267;LIC MF Large Cap Fund-Direct Plan-Growth;INF767K01EJ7;;59.3346;;;18-Mar-2026
120268;LIC MF Large Cap Fund-Direct Plan-IDCW;INF767K01EI9;INF767K01EK5;37.3639;;;18-Mar-2026
106871;LIC MF Large Cap Fund-Regular Plan-Growth;INF767K01105;;51.8206;;;18-Mar-2026
100332;LIC MF Large Cap Fund-Regular Plan-IDCW;INF767K01097;INF767K01089;31.2964;;;18-Mar-2026

Mahindra Manulife Mutual Fund
146550;Mahindra Manulife Large Cap Fund - Direct Plan - IDCW;INF174V01747;INF174V01739;17.2471;;;18-Mar-2026
146549;Mahindra Manulife Large Cap Fund - Direct Plan -Growth;INF174V01721;;24.7559;;;18-Mar-2026
146551;Mahindra Manulife Large Cap Fund - Regular Plan - Growth;INF174V01697;;21.8252;;;18-Mar-2026
146548;Mahindra Manulife Large Cap Fund - Regular Plan - IDCW;INF174V01713;INF174V01705;14.5585;;;18-Mar-2026

Samco Mutual Fund
153239;Samco Large Cap Fund - Direct Plan - Growth Option;INF0K1H01255;;8.97;;;18-Mar-2026
153238;Samco Large Cap Fund - Regular Plan - Growth Option;INF0K1H01263;;8.83;;;18-Mar-2026

Taurus Mutual Fund
118870;Taurus Large Cap Fund - Direct Plan - Growth;INF044D01BX3;;162.14;;;18-Mar-2026
118871;Taurus Large Cap Fund - Direct Plan - Payout of Income Distribution cum Capital Withdrawal option;INF044D01BY1;INF044D01BZ8;71.42;;;18-Mar-2026
101209;Taurus Large Cap Fund - Regular Plan - Growth;INF044D01773;;153.05;;;18-Mar-2026
108403;Taurus Large Cap Fund - Regular Plan - Payout of Income Distribution cum Capital Withdrawal option;INF044D01740;INF044D01757;67.05;;;18-Mar-2026

UTI Mutual Fund
120656;UTI Large Cap Fund - Direct Plan - Growth Option;INF789F01US8;;281.7707;;;18-Mar-2026
120657;UTI Large Cap Fund - Direct Plan - IDCW;INF789F01UQ2;INF789F01UR0;59.8883;;;18-Mar-2026
100651;UTI Large Cap Fund - Regular Plan - Growth Option;INF789F01976;;255.6299;;;18-Mar-2026
100650;UTI Large Cap Fund - Regular Plan - IDCW;INF189A01038;INF789F01950;50.3728;;;18-Mar-2026

WhiteOak Capital Mutual Fund
150797;WhiteOak Capital Large Cap Fund Direct Plan Growth;INF03VN01696;;14.938;;;18-Mar-2026
150798;WhiteOak Capital Large Cap Fund Direct Plan IDCW;INF03VN01704;INF03VN01712;14.938;;;18-Mar-2026
150799;WhiteOak Capital Large Cap Fund Regular Plan Growth;INF03VN01662;;14.141;;;18-Mar-2026
150800;WhiteOak Capital Large Cap Fund Regular Plan IDCW;INF03VN01670;INF03VN01688;14.141;;;18-Mar-2026

Open Ended Schemes ( Equity Scheme - Large & Mid Cap Fund )


Bajaj Finserv Mutual Fund
152408;Bajaj Finserv Large and Mid Cap Fund- Direct Plan- Growth;INF0QA701763;;11.901;;;18-Mar-2026
152405;Bajaj Finserv Large and Mid Cap Fund- Direct Plan- IDCW;INF0QA701771;INF0QA701789;11.901;;;18-Mar-2026
152406;Bajaj Finserv Large and Mid Cap Fund- Regular Plan- Growth;INF0QA701730;;11.549;;;18-Mar-2026
152407;Bajaj Finserv Large and Mid Cap Fund- Regular Plan- IDCW;INF0QA701748;INF0QA701755;11.549;;;18-Mar-2026

Bandhan Mutual Fund
118419;Bandhan Large & Mid Cap Fund - Direct Plan - Growth;INF194K01V89;;152.669;;;18-Mar-2026
118420;Bandhan Large & Mid Cap Fund - Direct Plan - IDCW;INF194K01V97;INF194K01W05;33.963;;;18-Mar-2026
108596;Bandhan Large & Mid Cap Fund - Regular Plan - Growth;INF194K01524;;129.979;;;18-Mar-2026
108597;Bandhan Large & Mid Cap Fund - Regular Plan - IDCW;INF194K01532;INF194K01540;25.707;;;18-Mar-2026

Bank of India Mutual Fund
119349;BANK OF INDIA Large & Mid Cap Fund Direct  Plan- Quarterly IDCW;INF761K01678;INF761K01660;27.63;;;18-Mar-2026
119300;BANK OF INDIA Large & Mid Cap Fund Direct Plan- Bonus;INF761K01629;;51.37;;;18-Mar-2026
119350;BANK OF INDIA Large & Mid Cap Fund Direct Plan-Growth;INF761K01652;;99.49;;;18-Mar-2026
119346;BANK OF INDIA Large & Mid Cap Fund Direct Plan-Regular IDCW;INF761K01645;INF761K01637;27.22;;;18-Mar-2026
110599;BANK OF INDIA Large & Mid Cap Fund Eco Plan- Growth;INF761K01041;;94.85;;;18-Mar-2026
110601;BANK OF INDIA Large & Mid Cap Fund Eco Plan-Bonus;INF761K01017;;94.85;;;18-Mar-2026
110604;BANK OF INDIA Large & Mid Cap Fund Eco Plan-Quarterly IDCW;INF761K01058;INF761K01066;26.76;;;18-Mar-2026
110608;BANK OF INDIA Large & Mid Cap Fund Eco Plan-Regular IDCW;INF761K01025;INF761K01033;26.56;;;18-Mar-2026
110603;BANK OF INDIA Large & Mid Cap Fund Regular Plan- Growth;INF761K01108;;85.86;;;18-Mar-2026
110598;BANK OF INDIA Large & Mid Cap Fund Regular Plan- Quarterly IDCW;INF761K01116;INF761K01124;31.27;;;18-Mar-2026
110607;BANK OF INDIA Large & Mid Cap Fund Regular Plan- Regular IDCW;INF761K01082;INF761K01090;25.63;;;18-Mar-2026
110606;BANK OF INDIA Large & Mid Cap Fund Regular Plan-Bonus;INF761K01074;;85.85;;;18-Mar-2026

Baroda BNP Paribas Mutual Fund
148474;Baroda BNP Paribas Large and Mid Cap Fund- Direct Plan -Growth Option;INF955L01JU2;;27.7128;;;18-Mar-2026
148475;Baroda BNP Paribas Large and Mid Cap Fund-Direct Plan-IDCW Option;INF955L01JV0;INF955L01JW8;21.2378;;;18-Mar-2026
148471;Baroda BNP Paribas Large and Mid Cap Fund-Regular Plan-Growth Option;INF955L01JR8;;25.5781;;;18-Mar-2026
148472;Baroda BNP Paribas Large and Mid Cap Fund-Regular plan-IDCW Option;INF955L01JS6;INF955L01JT4;18.4398;;;18-Mar-2026

Franklin Templeton Mutual Fund
118510;Franklin India Large & Mid Cap Fund - Direct - Growth;INF090I01IN1;;196.7124;;;18-Mar-2026
118509;Franklin India Large & Mid cap Fund - Direct - IDCW;INF090I01IL5;INF090I01IM3;21.2892;;;18-Mar-2026
102883;Franklin India Large & Mid Cap Fund - Growth Plan;INF090I01205;;178.2216;;;18-Mar-2026
102884;Franklin India Large & Mid Cap Fund - IDCW;INF090I01189;INF090I01197;18.4906;;;18-Mar-2026

HDFC Mutual Fund
130496;HDFC Large and Mid Cap Fund - Growth Option;INF179KA1RT1;;320.345;;;18-Mar-2026
130498;HDFC Large and Mid Cap Fund - Growth Option - Direct Plan;INF179KA1RQ7;;338.61;;;18-Mar-2026
130497;HDFC Large and Mid Cap Fund - IDCW Option;INF179KA1RU9;;32.925;;;18-Mar-2026
130499;HDFC Large and Mid Cap Fund - IDCW Option - Direct Plan;INF179KA1RR5;;43.968;;;18-Mar-2026

Helios Mutual Fund
152941;Helios Large & Mid Cap Fund - Direct Plan - Growth Option;INF0R8701269;;10.46;;;18-Mar-2026
152942;Helios Large & Mid Cap Fund - Direct Plan - IDCW Option;INF0R8701277;INF0R8701285;10.46;;;18-Mar-2026
152943;Helios Large & Mid Cap Fund - Regular Plan - Growth Option;INF0R8701236;;10.23;;;18-Mar-2026
152944;Helios Large & Mid Cap Fund - Regular Plan - IDCW Option;INF0R8701244;INF0R8701251;10.23;;;18-Mar-2026

HSBC Mutual Fund
146772;HSBC Large & Mid Cap Fund - Direct Growth;INF336L01NV5;;28.4674;;;18-Mar-2026
146770;HSBC Large & Mid Cap Fund - Direct IDCW;INF336L01NW3;INF336L01NX1;21.7792;;;18-Mar-2026
146771;HSBC Large & Mid Cap Fund - Regular Growth;INF336L01NY9;;25.8637;;;18-Mar-2026
146769;HSBC Large & Mid Cap Fund - Regular IDCW;INF336L01NZ6;INF336L01OA7;19.7162;;;18-Mar-2026

ICICI Prudential Mutual Fund
120596;ICICI Prudential Large & Mid Cap Fund - Direct Plan - Growth;INF109K011O5;;1096.28;;;18-Mar-2026
120597;ICICI Prudential Large & Mid Cap Fund - Direct Plan - IDCW;INF109K019N0;INF109K010O7;51.22;;;18-Mar-2026
100349;ICICI Prudential Large & Mid Cap Fund - Growth;INF109K01431;;975.66;;;18-Mar-2026
100348;ICICI Prudential Large & Mid Cap Fund - IDCW;INF109K01EQ7;INF109K01449;28.63;;;18-Mar-2026

ITI Mutual Fund
152821;ITI Large & Midcap Fund - Direct Plan - Growth;INF00XX01DA4;;9.0122;;;18-Mar-2026
152823;ITI Large & Midcap Fund - Direct Plan - IDCW Option;INF00XX01DB2;INF00XX01DC0;9.0122;;;18-Mar-2026
152824;ITI Large & Midcap Fund - Regular Plan - Growth;INF00XX01CX8;;8.7819;;;18-Mar-2026
152822;ITI Large & Midcap Fund - Regular Plan - IDCW Option;INF00XX01CY6;INF00XX01CZ3;8.7819;;;18-Mar-2026

JM Financial Mutual Fund
153629;JM Large & Mid Cap Fund (Direct) - Growth Option;INF192K01NK7;;9.667;;;18-Mar-2026
153630;JM Large & Mid Cap Fund (Direct) - IDCW;INF192K01NP6;INF192K01NL5;9.667;;;18-Mar-2026
153627;JM Large & Mid Cap Fund (Regular) - Growth Option;INF192K01NM3;;9.5581;;;18-Mar-2026
153628;JM Large & Mid Cap Fund (Regular) - IDCW;INF192K01NO9;INF192K01NN1;9.5581;;;18-Mar-2026

Kotak Mahindra Mutual Fund
120158;Kotak Large & Midcap Fund - Direct- Growth;INF174K01LF9;;386.637;;;18-Mar-2026
103234;Kotak Large & Midcap Fund - Growth-Regular;INF174K01187;;334.498;;;18-Mar-2026
120157;Kotak Large & Midcap Fund - IDCW-Direct;INF174K01LG7;INF174K01LH5;68.225;;;18-Mar-2026
103233;Kotak Large & Midcap Fund - IDCW-Regular;INF174K01203;INF174K01195;58.357;;;18-Mar-2026

LIC Mutual Fund
133710;LIC MF Large & Mid Cap Fund-Direct Plan-Growth;INF767K01NE9;;42.1919;;;18-Mar-2026
133709;LIC MF Large & Mid Cap Fund-Direct Plan-IDCW;INF767K01ND1;INF767K01NF6;33.4748;;;18-Mar-2026
133711;LIC MF Large & Mid Cap Fund-Regular Plan-Growth;INF767K01NB5;;36.3493;;;18-Mar-2026
133712;LIC MF Large & Mid Cap Fund-Regular Plan-IDCW;INF767K01NA7;INF767K01NC3;29.4303;;;18-Mar-2026

Mahindra Manulife Mutual Fund
147841;Mahindra Manulife Large & Mid Cap Fund - Direct Plan - IDCW;INF174V01960;INF174V01952;20.4767;;;18-Mar-2026
147840;Mahindra Manulife Large & Mid Cap Fund - Direct Plan -Growth;INF174V01945;;28.2694;;;18-Mar-2026
147843;Mahindra Manulife Large & Mid Cap Fund - Regular Plan - Growth;INF174V01911;;25.4079;;;18-Mar-2026
147842;Mahindra Manulife Large & Mid Cap Fund - Regular Plan - IDCW;INF174V01937;INF174V01929;17.8871;;;18-Mar-2026

Navi Mutual Fund
141414;Navi Large & Midcap Fund - Direct Annual IDCW Payout;INF959L01CR5;INF959L01CS3;39.4867;;;18-Mar-2026
141415;Navi Large & Midcap Fund - Direct Half Yearly IDCW Payout;INF959L01CP9;INF959L01CQ7;39.5216;;;18-Mar-2026
135679;Navi Large & Midcap Fund - Direct Normal IDCW Payout;INF959L01CI4;INF959L01CJ2;39.6226;;;18-Mar-2026
141411;Navi Large & Midcap Fund - Regular Annual IDCW payout;INF959L01CV7;INF959L01CW5;34.0942;;;18-Mar-2026
141410;NAVI Large & Midcap Fund - Regular Half Yearly IDCW Payout;INF959L01CT1;INF959L01CU9;33.1578;;;18-Mar-2026
135680;Navi Large & Midcap Fund - Regular Normal IDCW Payout;INF959L01CL8;INF959L01CM6;33.1456;;;18-Mar-2026
135677;Navi Large & Midcap Fund- Direct Plan- Growth Option;INF959L01CH6;;40.1056;;;18-Mar-2026
135678;Navi Large & Midcap Fund- Regular Plan- Growth Option;INF959L01CK0;;33.1495;;;18-Mar-2026

Samco Mutual Fund
153534;Samco Large & Mid Cap Fund - Direct Plan - Growth Option;INF0K1H01271;;8.79;;;18-Mar-2026
153533;Samco Large & Mid Cap Fund - Regular Plan - Growth Option;INF0K1H01289;;8.68;;;18-Mar-2026

UTI Mutual Fund
120665;UTI Large & Mid Cap Fund - Direct Plan - Growth Option;INF789F01UG3;;188.2605;;;18-Mar-2026
120664;UTI Large & Mid Cap Fund - Direct Plan - IDCW;INF789F01UE8;INF789F01UF5;92.5129;;;18-Mar-2026
100664;UTI Large & Mid Cap Fund - Regular Plan - Growth Option;INF789F01869;;174.6577;;;18-Mar-2026
100663;UTI Large & Mid Cap Fund - Regular Plan - IDCW;INF189A01046;INF789F01851;85.0856;;;18-Mar-2026

WhiteOak Capital Mutual Fund
152226;Whiteoak Capital Large & Mid Cap Fund Direct Plan Growth;INF03VN01845;;13.083;;;18-Mar-2026
152225;Whiteoak Capital Large & Mid Cap Fund Regular Plan Growth;INF03VN01837;;12.624;;;18-Mar-2026

Open Ended Schemes ( Equity Scheme - Mid Cap Fund )


Axis Mutual Fund
120505;Axis Midcap Fund - Direct Plan - Growth;INF846K01EH3;;126.93;;;18-Mar-2026
120504;Axis Midcap Fund - Direct Plan - IDCW;INF846K01EF7;INF846K01EG5;49.20;;;18-Mar-2026
114564;Axis Midcap Fund - Regular Plan - Growth;INF846K01859;;108.47;;;18-Mar-2026
114565;Axis Midcap Fund - Regular Plan - IDCW;INF846K01867;INF846K01875;36.98;;;18-Mar-2026

Bandhan Mutual Fund
150404;BANDHAN MIDCAP FUND - GROWTH - DIRECT PLAN;INF194KB1DJ2;;17.336;;;18-Mar-2026
150402;BANDHAN MIDCAP FUND - GROWTH - REGULAR PLAN;INF194KB1DM6;;16.393;;;18-Mar-2026
150401;BANDHAN MIDCAP FUND - IDCW - DIRECT PLAN;INF194KB1DK0;INF194KB1DL8;17.321;;;18-Mar-2026
150403;BANDHAN MIDCAP FUND - IDCW - REGULAR PLAN;INF194KB1DN4;INF194KB1DO2;16.394;;;18-Mar-2026

Bank of India Mutual Fund
153728;Bank of India Mid Cap Fund - Direct Plan Growth;INF761K01GY4;;9.36;;;18-Mar-2026
153729;Bank of India Mid Cap Fund - Direct Plan IDCW;INF761K01GZ1;INF761K01HA2;9.36;;;18-Mar-2026
153726;Bank of India Mid Cap Fund - Regular Plan Growth;INF761K01HB0;;9.30;;;18-Mar-2026
153727;Bank of India Mid Cap Fund - Regular Plan IDCW;INF761K01HC8;INF761K01HD6;9.30;;;18-Mar-2026

Baroda BNP Paribas Mutual Fund
150212;BARODA BNP PARIBAS Mid Cap Fund - Direct Plan - Growth Option;INF251K01HQ0;;120.7912;;;18-Mar-2026
150211;BARODA BNP PARIBAS Mid Cap Fund - Direct Plan - IDCW Option;INF251K01HO5;INF251K01HP2;72.9212;;;18-Mar-2026
150209;BARODA BNP PARIBAS Mid Cap Fund - Regular Plan - Growth Option;INF251K01AW3;;100.5186;;;18-Mar-2026
150210;BARODA BNP PARIBAS Mid Cap Fund - Regular Plan - IDCW Option;INF251K01AX1;INF251K01AY9;57.1385;;;18-Mar-2026

Franklin Templeton Mutual Fund
118533;Franklin India Mid Cap Fund - Direct - Growth;INF090I01FH9;;2882.3418;;;18-Mar-2026
118532;Franklin India Mid Cap Fund - Direct - IDCW;INF090I01FI7;INF090I01FJ5;104.6949;;;18-Mar-2026
100472;Franklin India Mid Cap Fund - IDCW;INF090I01726;INF090I01734;86.5927;;;18-Mar-2026
100473;Franklin India Mid Cap Fund-Growth;INF090I01809;;2550.5314;;;18-Mar-2026

HDFC Mutual Fund
118989;HDFC Mid Cap Fund - Growth Option - Direct Plan;INF179K01XQ0;;209.623;;;18-Mar-2026
105758;HDFC Mid Cap Fund - Growth Plan;INF179K01CR2;;189.552;;;18-Mar-2026
118988;HDFC Mid Cap Fund - IDCW Option - Direct Plan;INF179K01XO5;INF179K01XP2;74.433;;;18-Mar-2026
105757;HDFC Mid Cap Fund - IDCW Plan;INF179K01CS0;INF179K01CT8;47.557;;;18-Mar-2026

Helios Mutual Fund
153326;Helios Mid Cap Fund - Direct Plan - Growth Option;INF0R8701327;;11.67;;;18-Mar-2026
153324;Helios Mid Cap Fund - Direct Plan - IDCW Option;INF0R8701335;INF0R8701343;11.67;;;18-Mar-2026
153327;Helios Mid Cap Fund - Regular Plan - Growth Plan;INF0R8701293;;11.49;;;18-Mar-2026
153325;Helios Mid Cap Fund - Regular Plan - IDCW Option;INF0R8701301;INF0R8701319;11.49;;;18-Mar-2026

HSBC Mutual Fund
151036;HSBC Midcap Fund - Direct Growth;INF917K01FZ1;;436.8974;;;18-Mar-2026
151035;HSBC Midcap Fund - Direct IDCW;INF917K01E78;INF917K01FX6;83.3866;;;18-Mar-2026
151034;HSBC Midcap Fund - Regular Growth;INF917K01254;;383.8641;;;18-Mar-2026
151033;HSBC Midcap Fund - Regular IDCW;INF917K01239;INF917K01247;72.0601;;;18-Mar-2026

ICICI Prudential Mutual Fund
120381;ICICI Prudential MidCap Fund - Direct Plan -  Growth;INF109K011N7;;345.86;;;18-Mar-2026
120380;ICICI Prudential MidCap Fund - Direct Plan -  IDCW;INF109K019M2;INF109K010N9;64.07;;;18-Mar-2026
102528;ICICI Prudential MidCap Fund - Growth;INF109K01AN2;;307.00;;;18-Mar-2026
102529;ICICI Prudential MidCap Fund - IDCW;INF109K01EH6;INF109K01AL6;39.78;;;18-Mar-2026

ITI Mutual Fund
148733;ITI Mid Cap Fund - Direct Plan - Growth Option;INF00XX01929;;22.6158;;;18-Mar-2026
148731;ITI Mid Cap Fund - Direct Plan - IDCW Option;INF00XX01937;INF00XX01945;20.7356;;;18-Mar-2026
148732;ITI Mid Cap Fund - Regular Plan - Growth Option;INF00XX01895;;20.4834;;;18-Mar-2026
148734;ITI Mid Cap Fund - Regular Plan - IDCW Option;INF00XX01903;INF00XX01911;18.6373;;;18-Mar-2026

JM Financial Mutual Fund
150815;JM Midcap Fund (Direct) - Growth;INF192K01MV6;;18.6823;;;18-Mar-2026
150814;JM Midcap Fund (Direct) - IDCW;INF192K01MW4;INF192K01MX2;18.6823;;;18-Mar-2026
150812;JM Midcap Fund (Regular) - Growth;INF192K01MS2;;17.6283;;;18-Mar-2026
150813;JM Midcap Fund (Regular) - IDCW;INF192K01MT0;INF192K01MU8;17.6282;;;18-Mar-2026

Kotak Mahindra Mutual Fund
119774;Kotak Midcap Fund  - Direct Plan - IDCW - Payout & Re-investment of Income Distribution cum capital withdrawal option;INF174K01LU8;INF174K01LV6;89.859;;;18-Mar-2026
119775;Kotak Midcap Fund - Direct Plan - Growth;INF174K01LT0;;150.824;;;18-Mar-2026
104908;Kotak Midcap Fund - Regular Plan - Growth;INF174K01DS9;;129.424;;;18-Mar-2026
104907;Kotak Midcap Fund - Regular Plan - IDCW -Payout & Re-investment of Income Distribution cum capital withdrawal option;INF174K01DU5;INF174K01DT7;71.083;;;18-Mar-2026

LIC Mutual Fund
152002;LIC MF Mid Cap Fund-Direct Plan-Growth;INF397L01JK8;;30.2412;;;18-Mar-2026
151999;LIC MF Mid Cap Fund-Direct Plan-IDCW;INF397L01JH4;INF397L01JI2;28.4111;;;18-Mar-2026
152001;LIC MF Mid Cap Fund-Regular Plan-Growth;INF397L01JO0;;26.8567;;;18-Mar-2026
152000;LIC MF Mid Cap Fund-Regular Plan-IDCW;INF397L01JL6;INF397L01JM4;25.2055;;;18-Mar-2026

Mahindra Manulife Mutual Fund
142108;Mahindra Manulife Mid Cap Fund - Direct Plan - IDCW;INF174V01523;INF174V01515;28.1513;;;18-Mar-2026
142110;Mahindra Manulife Mid Cap Fund - Direct Plan -Growth;INF174V01507;;37.1036;;;18-Mar-2026
142109;Mahindra Manulife Mid Cap Fund - Regular Plan - Growth;INF174V01473;;32.4869;;;18-Mar-2026
142107;Mahindra Manulife Mid Cap Fund- Regular Plan - IDCW;INF174V01499;INF174V01481;23.8503;;;18-Mar-2026

Samco Mutual Fund
154114;Samco Mid Cap Fund - Direct Plan;INF0K1H01313;;9.33;;;18-Mar-2026
154115;Samco Mid Cap Fund - Regular Plan;INF0K1H01321;;9.32;;;18-Mar-2026

Taurus Mutual Fund
118872;Taurus Mid Cap Fund - Direct Plan - Growth;INF044D01CA9;;116.72;;;18-Mar-2026
118873;Taurus Mid Cap Fund - Direct Plan - Payout of Income Distribution cum Capital Withdrawal option;INF044D01CB7;INF044D01CC5;103.68;;;18-Mar-2026
100477;Taurus Mid Cap Fund - Regular Plan - Growth;INF044D01815;;110.22;;;18-Mar-2026
111642;Taurus Mid Cap Fund - Regular Plan - Payout of Income Distribution cum Capital Withdrawal option;INF044D01781;INF044D01799;98.24;;;18-Mar-2026

UTI Mutual Fund
120727;UTI Mid Cap Fund - Direct Plan - IDCW;INF789F01TY8;INF789F01TZ5;155.807;;;18-Mar-2026
102393;UTI Mid Cap Fund - Regular Plan - IDCW;INF789F01794;INF789F01802;133.731;;;18-Mar-2026
102394;UTI Mid Cap Fund-Growth Option;INF789F01810;;282.6045;;;18-Mar-2026
120726;UTI Mid Cap Fund-Growth Option- Direct;INF789F01UA6;;316.6146;;;18-Mar-2026

WhiteOak Capital Mutual Fund
150584;WhiteOak Capital Mid Cap Fund Direct Plan Growth;INF03VN01597;;19.702;;;18-Mar-2026
150582;WhiteOak Capital Mid Cap Fund Direct Plan IDCW;INF03VN01605;INF03VN01613;19.702;;;18-Mar-2026
150583;WhiteOak Capital Mid Cap Fund Regular Plan Growth;INF03VN01563;;18.643;;;18-Mar-2026
150585;WhiteOak Capital Mid Cap Fund Regular Plan IDCW;INF03VN01571;INF03VN01589;18.643;;;18-Mar-2026

Open Ended Schemes ( Equity Scheme - Small Cap Fund )


Axis Mutual Fund
125354;Axis Small Cap Fund - Direct Plan - Growth;INF846K01K35;;113.78;;;18-Mar-2026
125351;Axis Small Cap Fund - Direct Plan - IDCW;INF846K01K43;INF846K01K50;45.90;;;18-Mar-2026
125350;Axis Small Cap Fund - Regular Plan - Growth;INF846K01K01;;97.80;;;18-Mar-2026
125352;Axis Small Cap Fund - Regular Plan - IDCW;INF846K01K19;INF846K01K27;38.95;;;18-Mar-2026

Bajaj Finserv Mutual Fund
153612;BAJAJ FINSERV SMALL CAP FUND - DIRECT - GROWTH;INF0QA701BN2;;8.898;;;18-Mar-2026
153611;BAJAJ FINSERV SMALL CAP FUND - DIRECT - IDCW;INF0QA701BO0;INF0QA701BP7;8.898;;;18-Mar-2026
153609;BAJAJ FINSERV SMALL CAP FUND - REGULAR - GROWTH;INF0QA701BK8;;8.805;;;18-Mar-2026
153610;BAJAJ FINSERV SMALL CAP FUND - REGULAR - IDCW;INF0QA701BL6;INF0QA701BM4;8.805;;;18-Mar-2026

Bandhan Mutual Fund
147946;BANDHAN SMALL CAP FUND - DIRECT PLAN GROWTH;INF194KB1AL4;;47.391;;;18-Mar-2026
147943;BANDHAN SMALL CAP FUND - DIRECT PLAN IDCW;INF194KB1AM2;;35.129;;;18-Mar-2026
147944;BANDHAN SMALL CAP FUND - REGULAR PLAN GROWTH;INF194KB1AJ8;;43.089;;;18-Mar-2026
147945;BANDHAN SMALL CAP FUND - REGULAR PLAN IDCW;INF194KB1AK6;;31.948;;;18-Mar-2026

Bank of India Mutual Fund
145678;BANK OF INDIA Small Cap Fund Direct Plan Growth;INF761K01EP7;;47.45;;;18-Mar-2026
145675;BANK OF INDIA Small Cap Fund Direct Plan IDCW;INF761K01EO0;INF761K01ES1;35.53;;;18-Mar-2026
145677;BANK OF INDIA Small Cap Fund Regular Plan Growth;INF761K01ER3;;42.14;;;18-Mar-2026
145676;BANK OF INDIA Small Cap Fund Regular Plan IDCW;INF761K01EQ5;INF761K01ET9;30.73;;;18-Mar-2026

Baroda BNP Paribas Mutual Fund
152128;Baroda BNP Paribas Small Cap Fund - Direct Plan - Growth option;INF251K01SR5;;12.4107;;;18-Mar-2026
152129;Baroda BNP Paribas Small Cap Fund - Direct Plan - IDCW option;INF251K01SS3;INF251K01ST1;12.1107;;;18-Mar-2026
152130;Baroda BNP Paribas Small Cap Fund - Regular Plan - Growth option;INF251K01SO2;;11.9985;;;18-Mar-2026
152131;Baroda BNP Paribas Small Cap Fund - Regular Plan - IDCW option;INF251K01SP9;INF251K01SQ7;11.6919;;;18-Mar-2026

Franklin Templeton Mutual Fund
118525;Franklin India Small Cap Fund - Direct - Growth;INF090I01IQ4;;175.2362;;;18-Mar-2026
118524;Franklin India Small Cap Fund - Direct - IDCW;INF090I01IO9;INF090I01IP6;45.5437;;;18-Mar-2026
103361;Franklin India Small Cap Fund - IDCW;INF090I01544;INF090I01551;38.4904;;;18-Mar-2026
103360;Franklin India Small Cap Fund-Growth;INF090I01569;;153.9767;;;18-Mar-2026

Groww Mutual Fund
154104;Groww Small Cap Fund - Direct-IDCW;INF666M01NK6;INF666M01NL4;9.7447;;;18-Mar-2026
154063;Groww Small Cap Fund-Direct-Growth;INF666M01NJ8;;9.7448;;;18-Mar-2026
154102;Groww Small Cap Fund-Regular-Growth;INF666M01NM2;;9.7212;;;18-Mar-2026
154103;Groww Small Cap Fund-Regular-IDCW;INF666M01NN0;INF666M01NO8;9.7212;;;18-Mar-2026

HDFC Mutual Fund
130502;HDFC Small Cap Fund - Growth Option;INF179KA1RZ8;;125.97;;;18-Mar-2026
130503;HDFC Small Cap Fund - Growth Option - Direct Plan;INF179KA1RW5;;144.04;;;18-Mar-2026
130501;HDFC Small Cap Fund - IDCW Option;INF179KA1SA9;INF179KA1SB7;36.556;;;18-Mar-2026
130504;HDFC Small Cap Fund - IDCW Option - Direct Plan;INF179KA1RX3;INF179KA1RY1;58.312;;;18-Mar-2026

Helios Mutual Fund
153912;Helios Small Cap Fund - Direct Plan - Growth Option;INF0R8701384;;8.83;;;18-Mar-2026
153910;Helios Small Cap Fund - Direct Plan - IDCW Option;INF0R8701392;INF0R8701400;8.83;;;18-Mar-2026
153909;Helios Small Cap Fund - Regular Plan - Growth Option;INF0R8701350;;8.78;;;18-Mar-2026
153911;Helios Small Cap Fund - Regular Plan - IDCW Option;INF0R8701368;INF0R8701376;8.78;;;18-Mar-2026

HSBC Mutual Fund
151130;HSBC Small Cap Fund - Direct Growth;INF917K01QA1;;79.8616;;;18-Mar-2026
151132;HSBC Small Cap Fund - Direct IDCW;INF917K01PZ0;INF917K01XP5;41.3259;;;18-Mar-2026
151133;HSBC Small Cap Fund - Regular Growth;INF917K01QC7;;71.3902;;;18-Mar-2026
151131;HSBC Small Cap Fund - Regular IDCW;INF917K01QB9;INF917K01XQ3;35.4997;;;18-Mar-2026

ICICI Prudential Mutual Fund
120591;ICICI Prudential Smallcap Fund - Direct Plan - Growth;INF109K015M0;;89.33;;;18-Mar-2026
120870;ICICI Prudential Smallcap Fund - Direct Plan - IDCW;INF109K013M5;INF109K014M3;61.81;;;18-Mar-2026
106823;ICICI Prudential Smallcap Fund - Growth;INF109K01BI0;;79.03;;;18-Mar-2026
106822;ICICI Prudential Smallcap Fund - IDCW;INF109K01FA8;INF109K01BJ8;29.34;;;18-Mar-2026

ITI Mutual Fund
147919;ITI Small Cap Fund - Direct Plan - Growth Option;INF00XX01747;;29.3927;;;18-Mar-2026
147917;ITI Small Cap Fund - Direct Plan - IDCW Option;INF00XX01754;INF00XX01762;27.8639;;;18-Mar-2026
147920;ITI Small Cap Fund - Regular Plan - Growth Option;INF00XX01713;;26.2112;;;18-Mar-2026
147918;ITI Small Cap Fund - Regular Plan - IDCW Option;INF00XX01721;INF00XX01739;24.7129;;;18-Mar-2026

JM Financial Mutual Fund
152614;JM Small Cap Fund (Direct) - Growth Option;INF192K01NH3;;9.04;;;18-Mar-2026
152615;JM Small Cap Fund (Direct) - IDCW Option;INF192K01NI1;INF192K01NJ9;9.0402;;;18-Mar-2026
152612;JM Small Cap Fund (Regular) - Growth Option;INF192K01NE0;;8.7765;;;18-Mar-2026
152613;JM Small Cap Fund (Regular) - IDCW Option;INF192K01NF7;INF192K01NG5;8.7765;;;18-Mar-2026

Kotak Mahindra Mutual Fund
102875;Kotak-Small Cap Fund - Growth;INF174K01211;;232.295;;;18-Mar-2026
120164;Kotak-Small Cap Fund - Growth - Direct;INF174K01KT2;;274.594;;;18-Mar-2026
102874;Kotak-Small Cap Fund - Payout of Income Distribution cum capital withdrawal option;INF174K01237;INF174K01229;101.343;;;18-Mar-2026
120163;Kotak-Small Cap Fund - Payout of Income Distribution cum capital withdrawal option - Direct;INF174K01KU0;INF174K01KV8;120.61;;;18-Mar-2026

LIC Mutual Fund
152004;LIC MF Small Cap Fund-Direct Plan-Growth;INF397L01JS1;;30.9986;;;18-Mar-2026
152005;LIC MF Small Cap Fund-Direct Plan-IDCW;INF397L01JP7;INF397L01JQ5;30.9925;;;18-Mar-2026
152003;LIC MF Small Cap Fund-Regular Plan-Growth;INF397L01JW3;;27.444;;;18-Mar-2026
152006;LIC MF Small Cap Fund-Regular Plan-IDCW;INF397L01JT9;INF397L01JU7;27.4437;;;18-Mar-2026

Mahindra Manulife Mutual Fund
150915;Mahindra Manulife Small Cap Fund - Direct Plan - Growth;INF174V01BK7;;18.9673;;;18-Mar-2026
150913;Mahindra Manulife Small Cap Fund - Direct Plan - IDCW;INF174V01BL5;INF174V01BM3;18.2201;;;18-Mar-2026
150912;Mahindra Manulife Small Cap Fund - Regular Plan - Growth;INF174V01BH3;;18.0106;;;18-Mar-2026
150914;Mahindra Manulife Small Cap Fund - Regular Plan - IDCW;INF174V01BI1;INF174V01BJ9;17.2636;;;18-Mar-2026

Quantum Mutual Fund
152107;QUANTUM SMALL CAP FUND - DIRECT PLAN GROWTH OPTION;INF082J01432;;11.97;;;18-Mar-2026
152108;QUANTUM SMALL CAP FUND - REGULAR PLAN GROWTH OPTION;INF082J01440;;11.55;;;18-Mar-2026

Samco Mutual Fund
153868;Samco Small Cap Fund - Direct Plan;INF0K1H01297;;9.40;;;18-Mar-2026
153869;Samco Small Cap Fund - Regular Plan;INF0K1H01305;;9.36;;;18-Mar-2026

Trust Mutual Fund
152939;TRUSTMF SMALL CAP FUND -DIRECT PLAN-GROWTH;INF0GCD01800;;10.29;;;18-Mar-2026
152937;TRUSTMF SMALL CAP FUND -DIRECT PLAN-IDCW;INF0GCD01826;INF0GCD01818;10.29;;;18-Mar-2026
152938;TRUSTMF SMALL CAP FUND -REGULAR PLAN- IDCW;INF0GCD01792;INF0GCD01784;10.05;;;18-Mar-2026
152940;TRUSTMF SMALL CAP FUND -REGULAR PLAN-GROWTH;INF0GCD01776;;10.05;;;18-Mar-2026

UTI Mutual Fund
148618;UTI Small Cap Fund - Direct Plan - Growth Option;INF789F1AUQ1;;25.0814;;;18-Mar-2026
148619;UTI Small Cap Fund - Direct Plan - IDCW (Payout);INF789F1AUR9;;25.0814;;;18-Mar-2026
148617;UTI Small Cap Fund - Regular Plan - Growth Option;INF789F1AUO6;;23.1374;;;18-Mar-2026
148616;UTI Small Cap Fund - Regular Plan - IDCW (Payout);INF789F1AUP3;;23.1372;;;18-Mar-2026

Open Ended Schemes ( Equity Scheme - Dividend Yield Fund )


Baroda BNP Paribas Mutual Fund
152810;Baroda BNP Paribas Dividend Yield Fund - Direct Plan - Growth Option;INF251K01TV5;;9.4445;;;18-Mar-2026
152809;Baroda BNP Paribas Dividend Yield Fund - Direct Plan - IDCW Option;INF251K01TW3;INF251K01TX1;9.4445;;;18-Mar-2026
152807;Baroda BNP Paribas Dividend Yield Fund - Regular Plan - Growth Option;INF251K01TS1;;9.2194;;;18-Mar-2026
152808;Baroda BNP Paribas Dividend Yield Fund - Regular Plan - IDCW Option;INF251K01TT9;INF251K01TU7;9.2194;;;18-Mar-2026

HDFC Mutual Fund
148609;HDFC Dividend Yield Fund - Growth Option Direct Plan;INF179KC1AO6;;25.063;;;18-Mar-2026
148610;HDFC Dividend Yield Fund - Growth Plan;INF179KC1AR9;;23.305;;;18-Mar-2026
148608;HDFC Dividend Yield Fund - IDCW Option Direct Plan;INF179KC1AP3;INF179KC1AQ1;20.309;;;18-Mar-2026
148611;HDFC Dividend Yield Fund - IDCW Plan;INF179KC1AS7;INF179KC1AT5;18.572;;;18-Mar-2026

ICICI Prudential Mutual Fund
129312;ICICI Prudential Dividend Yield Equity Fund Direct Plan Growth Option;INF109KA1UA0;;57.96;;;18-Mar-2026
129309;ICICI Prudential Dividend Yield Equity Fund Direct Plan IDCW Option;INF109KA1UB8;INF109KA1UC6;24.40;;;18-Mar-2026
129310;ICICI Prudential Dividend Yield Equity Fund Growth Option;INF109KA1TX4;;51.54;;;18-Mar-2026
129311;ICICI Prudential Dividend Yield Equity Fund IDCW Option;INF109KA1TY2;INF109KA1TZ9;18.32;;;18-Mar-2026

Kotak Mahindra Mutual Fund
154097;Kotak Dividend Yield Fund - Direct - Growth;INF174KA1YI5;;9.42;;;18-Mar-2026
154100;Kotak Dividend Yield Fund - Direct - IDCW;INF174KA1YJ3;INF174KA1YK1;9.42;;;18-Mar-2026
154099;Kotak Dividend Yield Fund - Regular -Growth;INF174KA1YL9;;9.4;;;18-Mar-2026
154098;Kotak Dividend Yield Fund - Regular IDCW;INF174KA1YM7;INF174KA1YN5;9.4;;;18-Mar-2026

LIC Mutual Fund
152022;LIC MF Dividend Yield Fund-Direct Plan-Growth;INF397L01LC1;;31.3596;;;18-Mar-2026
152021;LIC MF Dividend Yield Fund-Direct Plan-IDCW;INF397L01KZ4;INF397L01LA5;31.3448;;;18-Mar-2026
152019;LIC MF Dividend Yield Fund-Regular Plan-Growth;INF397L01KY7;;28.608;;;18-Mar-2026
152020;LIC MF Dividend Yield Fund-Regular Plan-IDCW;INF397L01KV3;INF397L01KW1;28.6074;;;18-Mar-2026

UTI Mutual Fund
120750;UTI Dividend Yield Fund - Direct Plan - IDCW;INF789F01SU8;INF789F01SV6;39.0722;;;18-Mar-2026
103025;UTI Dividend Yield Fund - Regular Plan - IDCW;INF789F01448;INF789F01455;32.3433;;;18-Mar-2026
103026;UTI-Dividend Yield Fund.-Growth;INF789F01463;;171.8431;;;18-Mar-2026
120749;UTI-Dividend Yield Fund.-Growth-Direct;INF789F01SW4;;186.1508;;;18-Mar-2026

Open Ended Schemes ( Equity Scheme - Value Fund )


Axis Mutual Fund
149166;Axis Value Fund - Direct Plan - Growth;INF846K010C0;;19.36;;;18-Mar-2026
149168;Axis Value Fund - Direct Plan - IDCW;INF846K011C8;INF846K012C6;16.27;;;18-Mar-2026
149167;Axis Value Fund - Regular Plan - Growth;INF846K013C4;;18.17;;;18-Mar-2026
149165;Axis Value Fund - Regular Plan - IDCW;INF846K014C2;INF846K015C9;15.28;;;18-Mar-2026

Bandhan Mutual Fund
118481;Bandhan Value Fund - Direct Plan - Growth;INF194K01Z85;;160.045;;;18-Mar-2026
118480;Bandhan Value Fund - Direct Plan - IDCW;INF194K01Z93;INF194K010A2;49.337;;;18-Mar-2026
108909;Bandhan Value Fund - Regular Plan - Growth;INF194K01342;;140.151;;;18-Mar-2026
108908;Bandhan Value Fund - Regular Plan - IDCW;INF194K01359;INF194K01367;37.390;;;18-Mar-2026

Baroda BNP Paribas Mutual Fund
151755;Baroda BNP Paribas Value Fund - Direct Plan - Growth option;INF251K01SD5;;13.7248;;;18-Mar-2026
151756;Baroda BNP Paribas Value Fund - Direct Plan - IDCW option;INF251K01SE3;INF251K01SF0;12.5146;;;18-Mar-2026
151747;Baroda BNP Paribas Value Fund - Regular Plan - Growth option;INF251K01SA1;;13.2327;;;18-Mar-2026
151754;Baroda BNP Paribas Value Fund - Regular Plan - IDCW option;INF251K01SB9;INF251K01SC7;12.0651;;;18-Mar-2026

Franklin Templeton Mutual Fund
118494;Templeton India Value Fund - Direct - Growth;INF090I01GY2;;770.5704;;;18-Mar-2026
118493;Templeton India Value Fund - Direct - IDCW ;INF090I01GW6;INF090I01GX4;104.5203;;;18-Mar-2026
100496;Templeton India Value Fund - Growth Plan;INF090I01296;;685.5889;;;18-Mar-2026
100497;Templeton India Value Fund - IDCW ;INF090I01270;INF090I01288;90.2731;;;18-Mar-2026

Groww Mutual Fund
135341;Groww Value Fund (formerly known as Indiabulls Value Fund) - Direct Plan - Growth Option;INF666M01BE4;;30.4509;;;18-Mar-2026
135343;Groww Value Fund (formerly known as Indiabulls Value Fund) - Regular Plan - Growth Option;INF666M01BH7;;25.3074;;;18-Mar-2026
135342;Groww Value Fund (formerly known as Indiabulls Value Fund)- Direct Plan- - Income Distribution cum capital withdrawal Option (Payout & Reinvestment);INF666M01BF1;INF666M01BG9;30.3382;;;18-Mar-2026
140819;Groww Value Fund (formerly known as Indiabulls Value Fund)- Direct Plan- Half Yearly - Income Distribution cum capital withdrawal Option (Payout & Reinvestment);INF666M01DC4;INF666M01DD2;24.3815;;;18-Mar-2026
140815;Groww Value Fund (formerly known as Indiabulls Value Fund)- Direct Plan- Monthly - Income Distribution cum capital withdrawal Option (Payout & Reinvestment);INF666M01CY0;INF666M01CZ7;22.3325;;;18-Mar-2026
140817;Groww Value Fund (formerly known as Indiabulls Value Fund)- Direct Plan- Quarterly - Income Distribution cum capital withdrawal Option (Payout & Reinvestment);INF666M01DA8;INF666M01DB6;24.3622;;;18-Mar-2026
135344;Groww Value Fund (formerly known as Indiabulls Value Fund)- Regular Plan - Income Distribution cum capital withdrawal Option (Payout & Reinvestment);INF666M01BI5;INF666M01BJ3;25.2991;;;18-Mar-2026
140820;Groww Value Fund (formerly known as Indiabulls Value Fund)- Regular Plan- Half Yearly -Income Distribution cum capital withdrawal Option (Payout & Reinvestment);INF666M01DI1;INF666M01DJ9;20.7299;;;18-Mar-2026
140816;Groww Value Fund (formerly known as Indiabulls Value Fund)- Regular Plan- Monthly - Income Distribution cum capital withdrawal Option (Payout & Reinvestment.;INF666M01DE0;INF666M01DF7;19.6397;;;18-Mar-2026
140818;Groww Value Fund (formerly known as Indiabulls Value Fund)- Regular Plan- Quarterly - Income Distribution cum capital withdrawal Option (Payout & Reinvestment);INF666M01DG5;INF666M01DH3;19.1397;;;18-Mar-2026

HDFC Mutual Fund
118935;HDFC Value Fund - Growth Option - Direct Plan;INF179K01VC4;;802.456;;;18-Mar-2026
101764;HDFC Value Fund - Growth Plan;INF179K01426;;714.463;;;18-Mar-2026
118934;HDFC Value Fund - IDCW Option - Direct Plan;INF179K01VA8;INF179K01VB6;41.511;;;18-Mar-2026
101765;HDFC Value Fund - IDCW Plan;INF179K01400;INF179K01418;33.27;;;18-Mar-2026

HSBC Mutual Fund
151113;HSBC Value Fund - Direct Growth;INF917K01HD4;;121.1916;;;18-Mar-2026
151112;HSBC Value Fund - Direct IDCW;INF917K01HC6;INF917K01HB8;59.9741;;;18-Mar-2026
151110;HSBC Value Fund - Regular Growth;INF677K01023;;107.8798;;;18-Mar-2026
151111;HSBC Value Fund - Regular IDCW;INF677K01213;INF677K01015;46.7521;;;18-Mar-2026

ICICI Prudential Mutual Fund
120323;ICICI Prudential Value Fund (erstwhile Value Discovery Fund) - Direct Plan - Growth;INF109K012K1;;507.33;;;18-Mar-2026
120322;ICICI Prudential Value Fund (erstwhile Value Discovery Fund) - Direct Plan - IDCW;INF109K011K3;INF109K010K5;114.54;;;18-Mar-2026
102594;ICICI Prudential Value Fund (erstwhile Value Discovery Fund) - Growth;INF109K01AF8;;460.10;;;18-Mar-2026
102595;ICICI Prudential Value Fund (erstwhile Value Discovery Fund) - IDCW;INF109K01EC7;INF109K01AD3;34.80;;;18-Mar-2026

ITI Mutual Fund
148972;ITI Value Fund - Direct Plan - Growth Option;INF00XX01AQ6;;17.4584;;;18-Mar-2026
148970;ITI Value Fund - Direct Plan - IDCW Option;INF00XX01AR4;INF00XX01AS2;16.5278;;;18-Mar-2026
148973;ITI Value Fund - Regular Plan - Growth Option;INF00XX01AN3;;15.8775;;;18-Mar-2026
148971;ITI Value Fund - Regular Plan - IDCW Option;INF00XX01AO1;INF00XX01AP8;14.9488;;;18-Mar-2026

JM Financial Mutual Fund
120486;JM Value Fund (Direct) - Growth Option;INF192K01BT3;;97.3932;;;18-Mar-2026
120485;JM Value Fund (Direct) - IDCW;INF192K01BR7;INF192K01BS5;66.3578;;;18-Mar-2026
100254;JM Value Fund (Regular) - Growth Option;INF137A01037;;86.0286;;;18-Mar-2026
106168;JM Value Fund (Regular) - IDCW;INF137A01011;INF137A01029;60.0728;;;18-Mar-2026

LIC Mutual Fund
152018;LIC MF Value Fund-Direct Plan-Growth;INF397L01KU5;;25.9054;;;18-Mar-2026
152015;LIC MF Value Fund-Direct Plan-IDCW;INF397L01KR1;;25.8807;;;18-Mar-2026
152016;LIC MF Value Fund-Regular Plan-Growth;INF397L01KQ3;;23.8948;;;18-Mar-2026
152017;LIC MF Value Fund-Regular Plan-IDCW;INF397L01KN0;;23.8949;;;18-Mar-2026

Mahindra Manulife Mutual Fund
153303;Mahindra Manulife Value Fund - Direct Plan - Growth;INF174V01CI9;;11.6958;;;18-Mar-2026
153305;Mahindra Manulife Value Fund - Direct Plan - IDCW;INF174V01CJ7;INF174V01CK5;11.6958;;;18-Mar-2026
153304;Mahindra Manulife Value Fund - Regular Plan - Growth;INF174V01CF5;;11.4788;;;18-Mar-2026
153302;Mahindra Manulife Value Fund - Regular Plan - IDCW;INF174V01CH1;INF174V01CG3;11.4788;;;18-Mar-2026

Quantum Mutual Fund
103490;Quantum Value Fund - Direct Plan Growth Option;INF082J01036;;122.00;;;18-Mar-2026
103491;Quantum Value Fund - Direct Plan IDCW;INF082J01044;INF082J01051;122.25;;;18-Mar-2026
141068;Quantum Value Fund - Regular Plan Growth Option;INF082J01242;;116.05;;;18-Mar-2026
141069;Quantum Value Fund - Regular Plan IDCW;INF082J01259;INF082J01267;115.93;;;18-Mar-2026

UTI Mutual Fund
120751;UTI Value Fund - Direct Plan - Growth Option;INF789F01VB2;;175.586;;;18-Mar-2026
120752;UTI Value Fund - Direct Plan - IDCW;INF789F01UZ3;INF789F01VA4;57.2649;;;18-Mar-2026
103098;UTI Value Fund - Regular Plan - Growth Option;INF789F01AG5;;159.7323;;;18-Mar-2026
103097;UTI Value Fund - Regular Plan - IDCW;INF789F01AE0;INF789F01AF7;46.5503;;;18-Mar-2026

Open Ended Schemes ( Equity Scheme - Contra Fund )


Kotak Mahindra Mutual Fund
119769;Kotak Contra Fund - Direct Plan - Growth;INF174K01KZ9;;173.174;;;18-Mar-2026
119768;Kotak Contra Fund - Direct Plan - IDCW -Payout & Re-investment of Income Distribution cum capital withdrawal option- Direct;INF174K01LA0;INF174K01LB8;61.624;;;18-Mar-2026
103040;Kotak Contra Fund - Regular Plan - Growth;INF174K01245;;145.606;;;18-Mar-2026
103039;Kotak Contra Fund - Regular Plan - IDCW - Payout & Re-investment of Income Distribution cum capital withdrawal option;INF174K01260;INF174K01252;50.19;;;18-Mar-2026

Open Ended Schemes ( Equity Scheme - Focused Fund )


Axis Mutual Fund
120468;Axis Focused Fund - Direct Plan - Growth Option;INF846K01CQ8;;58.04;;;18-Mar-2026
120467;Axis Focused Fund - Direct Plan - IDCW;INF846K01CO3;INF846K01CP0;29.54;;;18-Mar-2026
117560;Axis Focused Fund - Regular Plan - Growth Option;INF846K01CH7;;49.99;;;18-Mar-2026
117559;Axis Focused Fund - Regular Plan - IDCW;INF846K01CI5;INF846K01CJ3;16.48;;;18-Mar-2026

Bandhan Mutual Fund
118421;Bandhan Focused Fund - Direct Plan - Growth;INF194K01W21;;98.266;;;18-Mar-2026
118422;Bandhan Focused Fund - Direct Plan - IDCW;INF194K01W39;INF194K01W47;33.557;;;18-Mar-2026
108592;Bandhan Focused Fund - Regular Plan - Growth;INF194K01466;;82.744;;;18-Mar-2026
108593;Bandhan Focused Fund - Regular Plan - IDCW;INF194K01474;INF194K01482;18.890;;;18-Mar-2026

Baroda BNP Paribas Mutual Fund
150264;BARODA BNP PARIBAS Focused Fund - Direct Plan - Growth Option;INF251K01PN0;;23.0852;;;18-Mar-2026
150265;BARODA BNP PARIBAS Focused Fund - Direct Plan - IDCW Option;INF251K01PO8;INF251K01PP5;16.5989;;;18-Mar-2026
150262;BARODA BNP PARIBAS Focused Fund - Regular Plan - IDCW Option;INF251K01PL4;INF251K01PM2;14.5130;;;18-Mar-2026
150263;BARODA BNP PARIBAS Focused Fund - Regular Plan-Growth Option;INF251K01PK6;;20.1430;;;18-Mar-2026

Franklin Templeton Mutual Fund
118564;Franklin India Focused Equity Fund - Direct - Growth;INF090I01IW2;;113.2906;;;18-Mar-2026
118563;Franklin India Focused Equity Fund - Direct - IDCW ;INF090I01IU6;INF090I01IV4;39.4952;;;18-Mar-2026
105817;Franklin India Focused Equity Fund - Growth Plan;INF090I01981;;100.0463;;;18-Mar-2026
105816;Franklin India Focused Equity Fund - IDCW ;INF090I01965;INF090I01973;33.2299;;;18-Mar-2026

HDFC Mutual Fund
118950;HDFC Focused Fund - Growth Option - Direct Plan;INF179K01VK7;;253.921;;;18-Mar-2026
102760;HDFC Focused Fund - GROWTH PLAN;INF179K01574;;222.456;;;18-Mar-2026
118949;HDFC Focused Fund - IDCW Option - Direct Plan;INF179K01VI1;INF179K01VJ9;30.199;;;18-Mar-2026
102761;HDFC Focused Fund - IDCW PLAN;INF179K01558;INF179K01566;22.617;;;18-Mar-2026

HSBC Mutual Fund
148411;HSBC Focused Fund - Direct Growth;INF336L01PB2;;26.2171;;;18-Mar-2026
148412;HSBC Focused Fund - Direct IDCW;INF336L01PC0;INF336L01PD8;21.2971;;;18-Mar-2026
148409;HSBC Focused Fund - Regular Growth;INF336L01PE6;;24.2555;;;18-Mar-2026
148410;HSBC Focused Fund - Regular IDCW;INF336L01PF3;INF336L01PG1;17.1496;;;18-Mar-2026

ICICI Prudential Mutual Fund
120722;ICICI Prudential Focused Equity Fund - Direct Plan - Growth;INF109K018N2;;102.83;;;18-Mar-2026
120723;ICICI Prudential Focused Equity Fund - Direct Plan - IDCW;INF109K016N6;INF109K017N4;59.86;;;18-Mar-2026
111957;ICICI Prudential Focused Equity Fund - Growth;INF109K01BZ4;;89.06;;;18-Mar-2026
111958;ICICI Prudential Focused Equity Fund - IDCW;INF109K01FM3;INF109K01CA5;26.24;;;18-Mar-2026

ITI Mutual Fund
151777;ITI Focused Fund - Direct Plan - Growth;INF00XX01CS8;;15.5439;;;18-Mar-2026
151776;ITI Focused Fund - Direct Plan - IDCW;INF00XX01CT6;INF00XX01CU4;14.6051;;;18-Mar-2026
151778;ITI Focused Fund - Regular Plan - Growth;INF00XX01CV2;;14.7693;;;18-Mar-2026
151775;ITI Focused Fund - Regular Plan - IDCW;INF00XX01CW0;INF00XX01CR0;13.8323;;;18-Mar-2026

JM Financial Mutual Fund
120488;JM Focused Fund (Direct)  - Growth Option;INF192K01BW7;;21.3577;;;18-Mar-2026
120487;JM Focused Fund (Direct) -  IDCW;INF192K01BU1;INF192K01BV9;20.9312;;;18-Mar-2026
107410;JM Focused Fund (Regular) - Growth Option;INF192K01577;;18.104;;;18-Mar-2026
107409;JM Focused Fund (Regular) - IDCW;INF192K01551;INF192K01569;18.1033;;;18-Mar-2026

Kotak Mahindra Mutual Fund
147473;Kotak Focused Fund- Direct Plan- Growth option;INF174KA1EN7;;28.194;;;18-Mar-2026
147477;Kotak Focused Fund- Regular plan _ Growth Option;INF174KA1EK3;;25.426;;;18-Mar-2026
147472;Kotak Focused Fund- Regular Plan-Income Distribution cum capital withdrawal option;INF174KA1EM9;INF174KA1EL1;25.426;;;18-Mar-2026
147475;Kotak Focused Fund-Direct Plan- Income Distribution cum capital withdrawal option;INF174KA1EP2;INF174KA1EO5;28.195;;;18-Mar-2026

LIC Mutual Fund
152010;LIC MF Focused Fund-Direct Plan-Growth;INF397L01KA7;;21.9566;;;18-Mar-2026
152008;LIC MF Focused Fund-Direct Plan-IDCW;INF397L01JX1;INF397L01JY9;21.9324;;;18-Mar-2026
152009;LIC MF Focused Fund-Regular Plan-Growth;INF397L01KE9;;19.8479;;;18-Mar-2026
152007;LIC MF Focused Fund-Regular Plan-IDCW;INF397L01KB5;INF397L01KC3;19.8477;;;18-Mar-2026

Mahindra Manulife Mutual Fund
148569;Mahindra Manulife Focused Fund - Direct Plan - IDCW;INF174V01AI3;INF174V01AH5;19.4049;;;18-Mar-2026
148567;Mahindra Manulife Focused Fund - Direct Plan -Growth;INF174V01AG7;;28.5154;;;18-Mar-2026
148571;Mahindra Manulife Focused Fund - Regular Plan - Growth;INF174V01AD4;;25.8400;;;18-Mar-2026
148566;Mahindra Manulife Focused Fund - Regular Plan - IDCW;INF174V01AF9;INF174V01AE2;17.1547;;;18-Mar-2026

Old Bridge Mutual Fund
152358;Old Bridge Focused Fund - Direct Growth;INF0S5R01042;;12.02;;;18-Mar-2026
152359;Old Bridge Focused Fund - Direct IDCW;INF0S5R01059;INF0S5R01067;12.02;;;18-Mar-2026
152361;Old Bridge Focused Fund - Regular Growth;INF0S5R01034;;11.75;;;18-Mar-2026
152363;Old Bridge Focused Fund - Regular IDCW;INF0S5R01018;INF0S5R01026;11.75;;;18-Mar-2026

UTI Mutual Fund
149091;UTI Focused Fund - Direct Plan - Growth Option;INF789F1AVA3;;15.5642;;;18-Mar-2026
149093;UTI Focused Fund - Direct Plan - IDCW Payout Option;INF789F1AVB1;;15.5638;;;18-Mar-2026
149090;UTI Focused Fund - Regular Plan - Growth Option;INF789F1AUY5;;14.5301;;;18-Mar-2026
149092;UTI Focused Fund - Regular Plan - IDCW Payout Option;INF789F1AUZ2;;14.5301;;;18-Mar-2026

Open Ended Schemes ( Equity Scheme - Sectoral/ Thematic )


Axis Mutual Fund
151368;Axis Business Cycles Fund - Direct Plan - Growth;INF846K016N4;;16.08;;;18-Mar-2026
151369;Axis Business Cycles Fund - Direct Plan - IDCW;INF846K017N2;INF846K018N0;16.07;;;18-Mar-2026
151366;Axis Business Cycles Fund - Regular Plan - Growth;INF846K019N8;;15.43;;;18-Mar-2026
151367;Axis Business Cycles Fund - Regular Plan - IDCW;INF846K010O5;INF846K011O3;15.43;;;18-Mar-2026
152805;Axis Consumption Fund Direct Plan - Growth;INF846K013X0;;8.75;;;18-Mar-2026
152803;Axis Consumption Fund Direct Plan - IDCW;INF846K014X8;INF846K015X5;8.75;;;18-Mar-2026
152804;Axis Consumption Fund Regular Plan - Growth;INF846K010X6;;8.57;;;18-Mar-2026
152806;Axis Consumption Fund Regular Plan - IDCW;INF846K011X4;INF846K012X2;8.57;;;18-Mar-2026
147928;Axis ESG Integration Strategy Fund - Direct Plan - Growth Option;INF846K01W23;;21.52;;;18-Mar-2026
147931;Axis ESG Integration Strategy Fund - Direct Plan - IDCW;INF846K01W31;INF846K01W49;14.07;;;18-Mar-2026
147929;Axis ESG Integration Strategy Fund - Regular Plan - Growth Option;INF846K01W56;;19.94;;;18-Mar-2026
147930;Axis ESG Integration Strategy Fund - Regular Plan - IDCW;INF846K01W64;INF846K01W72;13.02;;;18-Mar-2026
152202;Axis India Manufacturing Fund - Direct Plan - Growth;INF846K016S3;;14.24;;;18-Mar-2026
152204;Axis India Manufacturing Fund - Direct Plan - IDCW;INF846K017S1;INF846K018S9;14.24;;;18-Mar-2026
152205;Axis India Manufacturing Fund - Regular Plan - Growth;INF846K013S0;;13.80;;;18-Mar-2026
152203;Axis India Manufacturing Fund - Regular Plan - IDCW;INF846K014S8;INF846K015S5;13.80;;;18-Mar-2026
153083;Axis Momentum Fund - Direct Plan - Growth Option;INF846K011Z9;;8.73;;;18-Mar-2026
153084;Axis Momentum Fund - Direct Plan - IDCW Option;INF846K013Z5;INF846K015Z0;8.73;;;18-Mar-2026
153085;Axis Momentum Fund - Regular Plan - Growth Option;INF846K010Z1;;8.55;;;18-Mar-2026
153082;Axis Momentum Fund - Regular Plan - IDCW Option;INF846K012Z7;INF846K014Z3;8.55;;;18-Mar-2026
148993;Axis Quant Fund - Direct Plan - Growth;INF846K01Z87;;15.99;;;18-Mar-2026
148994;Axis Quant Fund - Direct Plan - IDCW;INF846K01Z95;INF846K010A4;15.98;;;18-Mar-2026
148992;Axis Quant Fund - Regular Plan - Growth;INF846K011A2;;14.83;;;18-Mar-2026
148995;Axis Quant Fund - Regular Plan - IDCW;INF846K012A0;INF846K013A8;14.83;;;18-Mar-2026
153624;Axis Services Opportunities Fund - Direct Plan - Growth Option;INF846KA1168;;8.99;;;18-Mar-2026
153622;Axis Services Opportunities Fund - Direct Plan - IDCW Option;INF846KA1176;INF846KA1184;8.99;;;18-Mar-2026
153621;Axis Services Opportunities Fund - Regular Plan - Growth Option;INF846KA1135;;8.90;;;18-Mar-2026
153623;Axis Services Opportunities Fund - Regular Plan - IDCW Option;INF846KA1143;INF846KA1150;8.90;;;18-Mar-2026

Bajaj Finserv Mutual Fund
153937;Bajaj Finserv Banking and Financial Services Fund - Direct - Growth;INF0QA701BZ6;;9.427;;;18-Mar-2026
153938;Bajaj Finserv Banking and Financial Services Fund - Direct - IDCW;INF0QA701CA7;INF0QA701CB5;9.427;;;18-Mar-2026
153935;Bajaj Finserv Banking and Financial Services Fund - Regular - Growth;INF0QA701BW3;;9.379;;;18-Mar-2026
153936;Bajaj Finserv Banking and Financial Services Fund - Regular - IDCW;INF0QA701BX1;INF0QA701BY9;9.379;;;18-Mar-2026
153075;BAJAJ FINSERV CONSUMPTION FUND - DIRECT - GROWTH;INF0QA701946;;8.503;;;18-Mar-2026
153074;BAJAJ FINSERV CONSUMPTION FUND - DIRECT - IDCW;INF0QA701953;INF0QA701961;8.503;;;18-Mar-2026
153072;BAJAJ FINSERV CONSUMPTION FUND - REGULAR - GROWTH;INF0QA701979;;8.324;;;18-Mar-2026
153073;BAJAJ FINSERV CONSUMPTION FUND - REGULAR - IDCW;INF0QA701920;INF0QA701938;8.324;;;18-Mar-2026
153157;BAJAJ FINSERV HEALTHCARE FUND - DIRECT - GROWTH;INF0QA701AB9;;9.457;;;18-Mar-2026
153156;BAJAJ FINSERV HEALTHCARE FUND - DIRECT - IDCW;INF0QA701AC7;INF0QA701AD5;9.457;;;18-Mar-2026
153155;BAJAJ FINSERV HEALTHCARE FUND - REGULAR - GROWTH;INF0QA701987;;9.264;;;18-Mar-2026
153158;BAJAJ FINSERV HEALTHCARE FUND - REGULAR - IDCW;INF0QA701995;INF0QA701AA1;9.264;;;18-Mar-2026

Bandhan Mutual Fund
152878;Bandhan Business Cycle Fund - Direct Plan - Growth;INF194KB1IQ6;;9.333;;;18-Mar-2026
152879;Bandhan Business Cycle Fund - Direct Plan - IDCW;INF194KB1IL7;INF194KB1IM5;9.333;;;18-Mar-2026
152877;Bandhan Business Cycle Fund - Regular Plan - Growth;INF194KB1IP8;;9.125;;;18-Mar-2026
152880;Bandhan Business Cycle Fund - Regular Plan - IDCW;INF194KB1II3;INF194KB1IJ1;9.125;;;18-Mar-2026
151816;BANDHAN FINANCIAL SERVICES FUND - DIRECT PLAN - GROWTH;INF194KB1GB2;;14.666;;;18-Mar-2026
151817;BANDHAN FINANCIAL SERVICES FUND - DIRECT PLAN - IDCW;INF194KB1GC0;INF194KB1GD8;13.660;;;18-Mar-2026
151818;BANDHAN FINANCIAL SERVICES FUND - REGULAR PLAN - GROWTH;INF194KB1GE6;;14.052;;;18-Mar-2026
151819;BANDHAN FINANCIAL SERVICES FUND - REGULAR PLAN - IDCW;INF194KB1GF3;INF194KB1GG1;13.097;;;18-Mar-2026
153972;Bandhan Healthcare Fund - Direct Plan - Growth;INF194KB1KF5;;9.517;;;18-Mar-2026
153971;Bandhan Healthcare Fund - Direct Plan - IDCW;INF194KB1KG3;INF194KB1KH1;9.517;;;18-Mar-2026
153974;Bandhan Healthcare Fund - Regular Plan - Growth;INF194KB1KC2;;9.467;;;18-Mar-2026
153973;Bandhan Healthcare Fund - Regular Plan - IDCW;INF194KB1KD0;INF194KB1KE8;9.467;;;18-Mar-2026
114476;BANDHAN Infrastructure Fund - Regular Plan - Growth;INF194K01BY9;;44.755;;;18-Mar-2026
114477;BANDHAN Infrastructure Fund - Regular Plan - IDCW;INF194K01BZ6;INF194K01CA7;35.600;;;18-Mar-2026
118469;BANDHAN Infrastructure Fund-Direct Plan-Growth;INF194K01X46;;52.730;;;18-Mar-2026
118468;BANDHAN Infrastructure Fund-Direct Plan-IDCW;INF194K01X53;INF194K01X61;43.777;;;18-Mar-2026
152607;Bandhan Innovation Fund - Direct Plan - Growth;INF194KB1IE2;;12.705;;;18-Mar-2026
152604;Bandhan Innovation Fund - Direct Plan - IDCW;INF194KB1IF9;INF194KB1IG7;12.705;;;18-Mar-2026
152606;Bandhan Innovation Fund - Regular Plan - Growth;INF194KB1IB8;;12.344;;;18-Mar-2026
152605;Bandhan Innovation Fund - Regular Plan - IDCW;INF194KB1IC6;INF194KB1ID4;12.344;;;18-Mar-2026
153722;Bandhan Multi-Factor Fund - Direct Plan - Growth;INF194KB1JX0;;9.932;;;18-Mar-2026
153720;Bandhan Multi-Factor Fund - Direct Plan - IDCW;INF194KB1JY8;INF194KB1JZ5;9.932;;;18-Mar-2026
153721;Bandhan Multi-Factor Fund - Regular Plan - Growth;INF194KB1JU6;;9.834;;;18-Mar-2026
153723;Bandhan Multi-Factor Fund - Regular Plan - IDCW;INF194KB1JV4;INF194KB1JW2;9.834;;;18-Mar-2026
150716;BANDHAN TRANSPORTATION AND LOGISTICS FUND - GROWTH - DIRECT PLAN;INF194KB1EB7;;19.205;;;18-Mar-2026
150717;BANDHAN TRANSPORTATION AND LOGISTICS FUND - GROWTH - REGULAR PLAN;INF194KB1EE1;;18.202;;;18-Mar-2026
150719;BANDHAN TRANSPORTATION AND LOGISTICS FUND - IDCW - DIRECT PLAN;INF194KB1EC5;INF194KB1ED3;19.183;;;18-Mar-2026
150718;BANDHAN TRANSPORTATION AND LOGISTICS FUND - IDCW - REGULAR PLAN;INF194KB1EF8;INF194KB1EG6;18.203;;;18-Mar-2026

Bank of India Mutual Fund
154093;Bank of India Banking & Financial Services Fund - Direct Plan - Growth;INF761K01HE4;;9.56;;;18-Mar-2026
154094;Bank of India Banking & Financial Services Fund - Direct Plan - IDCW;INF761K01HF1;INF761K01HG9;9.56;;;18-Mar-2026
154095;Bank of India Banking & Financial Services Fund - Regular Plan - Growth;INF761K01HH7;;9.54;;;18-Mar-2026
154096;Bank of India Banking & Financial Services Fund - Regular Plan - IDCW;INF761K01HI5;INF761K01HJ3;9.54;;;18-Mar-2026
152788;Bank of India Business Cycle Fund - Direct Plan - Dividend;INF761K01GG1;INF761K01GH9;8.66;;;18-Mar-2026
152789;Bank of India Business Cycle Fund - Direct Plan - Growth;INF761K01GF3;;8.66;;;18-Mar-2026
152791;Bank of India Business Cycle Fund - Regular Plan - Dividend;INF761K01GD8;INF761K01GE6;8.50;;;18-Mar-2026
152790;Bank of India Business Cycle Fund - Regular Plan - Growth;INF761K01GC0;;8.50;;;18-Mar-2026
153139;Bank of India Consumption Fund - Direct - Growth;INF761K01GI7;;10.20;;;18-Mar-2026
153142;Bank of India Consumption Fund - Direct - IDCW;INF761K01GJ5;INF761K01GK3;10.20;;;18-Mar-2026
153140;Bank of India Consumption Fund - Regular - Growth;INF761K01GL1;;10.05;;;18-Mar-2026
153141;Bank of India Consumption Fund - Regular - IDCW;INF761K01GM9;INF761K01GN7;10.05;;;18-Mar-2026
119364;BANK OF INDIA Manufacturing & Infrastructure Fund-Direct Plan-Growth;INF761K01702;;67.37;;;18-Mar-2026
119365;BANK OF INDIA Manufacturing & Infrastructure Fund-Direct Plan-Quarterly IDCW;INF761K01728;INF761K01710;66.22;;;18-Mar-2026
119363;BANK OF INDIA Manufacturing & Infrastructure Fund-Direct Plan-Regular IDCW;INF761K01694;INF761K01686;63.56;;;18-Mar-2026
112359;BANK OF INDIA Manufacturing & Infrastructure Fund-Growth;INF761K01199;;56.96;;;18-Mar-2026
112360;BANK OF INDIA Manufacturing & Infrastructure Fund-Quarterly IDCW;INF761K01231;INF761K01223;36.97;;;18-Mar-2026
112361;BANK OF INDIA Manufacturing & Infrastructure Fund-Regular IDCW;INF761K01215;INF761K01207;36.31;;;18-Mar-2026

Baroda BNP Paribas Mutual Fund
119333;Baroda BNP Paribas Banking and Financial Services Fund - Direct - Growth Option;INF955L01971;;53.0313;;;18-Mar-2026
119334;Baroda BNP Paribas Banking and Financial Services Fund - Direct - IDCW Option;INF955L01955;;24.3446;;;18-Mar-2026
117549;Baroda BNP Paribas Banking and Financial Services Fund - Regular - Growth Option;INF955L01856;;46.8712;;;18-Mar-2026
117547;Baroda BNP Paribas Banking and Financial Services Fund - Regular - IDCW Option;INF955L01831;;21.0575;;;18-Mar-2026
153847;Baroda BNP Paribas Business Conglomerates Fund Direct Growth Option;INF251K01VJ6;;9.5421;;;18-Mar-2026
153845;Baroda BNP Paribas Business Conglomerates Fund Direct IDCW Payout Option;INF251K01VK4;;9.5421;;;18-Mar-2026
153844;Baroda BNP Paribas Business Conglomerates Fund Regular Growth Option;INF251K01VG2;;9.4626;;;18-Mar-2026
153846;Baroda BNP Paribas Business Conglomerates Fund Regular IDCW Payout Option;INF251K01VH0;;9.4626;;;18-Mar-2026
149141;Baroda BNP Paribas Business Cycle Fund - Direct Plan - Growth;INF955L01KK1;;15.8989;;;18-Mar-2026
149143;Baroda BNP Paribas Business Cycle Fund - Direct Plan - IDCW Option;INF955L01KL9;INF955L01KM7;14.5060;;;18-Mar-2026
149140;Baroda BNP Paribas Business Cycle Fund - Regular Plan - Growth;INF955L01KH7;;14.8874;;;18-Mar-2026
149142;Baroda BNP Paribas Business Cycle Fund - Regular Plan - IDCW Option;INF955L01KI5;INF955L01KJ3;13.5861;;;18-Mar-2026
153225;Baroda BNP Paribas Energy Opportunities Fund - Direct Plan - Growth Option;INF251K01UJ8;;11.7185;;;18-Mar-2026
153227;Baroda BNP Paribas Energy Opportunities Fund - Direct Plan - IDCW Option;INF251K01UK6;INF251K01UL4;11.7185;;;18-Mar-2026
153226;Baroda BNP Paribas Energy Opportunities Fund - Regular Plan - Growth Option;INF251K01UG4;;11.5218;;;18-Mar-2026
153224;Baroda BNP Paribas Energy Opportunities Fund - Regular Plan - ICDW Option;INF251K01UH2;INF251K01UI0;11.5218;;;18-Mar-2026
154195;Baroda BNP Paribas Best-in-Class Strategy Fund - Direct - Growth Option;INF251K01VP3;;10.0272;;;18-Mar-2026
154193;Baroda BNP Paribas Best-in-Class Strategy Fund - Direct - IDCW Payout Option;INF251K01VQ1;INF251K01VR9;10.0272;;;18-Mar-2026
154194;Baroda BNP Paribas Best-in-Class Strategy Fund - Regular - Growth Option;INF251K01VM0;;10.0207;;;18-Mar-2026
154191;Baroda BNP Paribas Best-in-Class Strategy Fund - Regular - IDCW Payout Option;INF251K01VN8;INF251K01VO6;10.0207;;;18-Mar-2026
153604;Baroda BNP Paribas Health and Wellness Fund Direct Growth;INF251K01VA5;;9.4148;;;18-Mar-2026
153605;Baroda BNP Paribas Health and Wellness Fund Direct IDCWPayout;INF251K01VB3;INF251K01VC1;9.4148;;;18-Mar-2026
153602;Baroda BNP Paribas Health and Wellness Fund Regular Growth;INF251K01UY7;;9.2922;;;18-Mar-2026
153607;Baroda BNP Paribas Health and Wellness Fund Regular IDCWPayout;INF251K01VD9;INF251K01UZ4;9.2922;;;18-Mar-2026
150266;BARODA BNP PARIBAS India Consumption Fund - Direct Plan - Growth Option;INF251K01PT7;;32.0403;;;18-Mar-2026
150269;BARODA BNP PARIBAS India Consumption Fund - Direct Plan - IDCW Option;INF251K01PV3;INF251K01PU5;22.2674;;;18-Mar-2026
150268;BARODA BNP PARIBAS India Consumption Fund - Regular Plan - Growth Option;INF251K01PQ3;;28.6518;;;18-Mar-2026
150267;BARODA BNP PARIBAS India Consumption Fund - Regular Plan - IDCW Option;INF251K01PS9;INF251K01PR1;19.3006;;;18-Mar-2026
152470;Baroda BNP Paribas Innovation Fund Direct plan - Growth Option;INF251K01TE1;;12.3403;;;18-Mar-2026
152471;Baroda BNP Paribas Innovation Fund Direct plan - IDCW Option;INF251K01TF8;INF251K01TG6;12.3403;;;18-Mar-2026
152472;Baroda BNP Paribas Innovation Fund Regular plan - Growth Option;INF251K01TB7;;11.9729;;;18-Mar-2026
152473;Baroda BNP Paribas Innovation Fund Regular plan - IDCW Option;INF251K01TC5;INF251K01TD3;11.8524;;;18-Mar-2026
152697;Baroda BNP Paribas Manufacturing Fund - Direct Plan - Growth Option;INF251K01TP7;;10.2311;;;18-Mar-2026
152698;Baroda BNP Paribas Manufacturing Fund - Direct Plan - IDCW Option;INF251K01TQ5;INF251K01TR3;10.2311;;;18-Mar-2026
152696;Baroda BNP Paribas Manufacturing Fund - Regular Plan - Growth Option;INF251K01TM4;;9.9822;;;18-Mar-2026
152699;Baroda BNP Paribas Manufacturing Fund - Regular Plan - IDCW Option;INF251K01TN2;INF251K01TO0;9.9822;;;18-Mar-2026

Franklin Templeton Mutual Fund
118557;Franklin Build India Fund - Direct - Growth;INF090I01JF5;;161.7179;;;18-Mar-2026
118556;Franklin Build India Fund - Direct - IDCW ;INF090I01JD0;INF090I01JE8;48.3428;;;18-Mar-2026
112093;Franklin Build India Fund - IDCW ;INF090I01AC1;INF090I01AD9;39.7660;;;18-Mar-2026
112092;Franklin Build India Fund Growth Plan;INF090I01AE7;;139.6899;;;18-Mar-2026
153942;Franklin India Multi-Factor Fund- Direct- Growth;INF090I01YQ1;;9.3039;;;18-Mar-2026
153944;Franklin India Multi-Factor Fund- Direct- IDCW;INF090I01YS7;INF090I01YR9;9.3039;;;18-Mar-2026
153943;Franklin India Multi-Factor Fund- Growth;INF090I01YN8;;9.2573;;;18-Mar-2026
153941;Franklin India Multi-Factor Fund- IDCW;INF090I01YP3;INF090I01YO6;9.2573;;;18-Mar-2026

Groww Mutual Fund
152254;Groww Banking & Financial Services Fund - Direct Plan - Growth;INF666M01HS1;;11.8004;;;18-Mar-2026
152274;Groww Banking & Financial Services Fund - Regular - Growth;INF666M01HP7;;11.3267;;;18-Mar-2026
152276;Groww Banking & Financial Services Fund - Regular Plan - IDCW;INF666M01HQ5;INF666M01HR3;11.3267;;;18-Mar-2026
152273;Groww Banking & Financial Services Fund-IDCW;INF666M01HT9;INF666M01HU7;11.7997;;;18-Mar-2026

HDFC Mutual Fund
148987;HDFC Banking & Financial Services Fund - Growth Option;INF179KC1BJ4;;16.909;;;18-Mar-2026
148986;HDFC Banking & Financial Services Fund - Growth Option - Direct Plan;INF179KC1BG0;;18.078;;;18-Mar-2026
148984;HDFC Banking & Financial Services Fund - IDCW Option;INF179KC1BK2;INF179KC1BL0;14.843;;;18-Mar-2026
148985;HDFC Banking & Financial Services Fund - IDCW Option - Direct Plan;INF179KC1BH8;INF179KC1BI6;15.977;;;18-Mar-2026
150803;HDFC Business Cycle Fund - Growth Option;INF179KC1EB5;;13.365;;;18-Mar-2026
150805;HDFC Business Cycle Fund - Growth Option - Direct Plan;INF179KC1DY9;;13.923;;;18-Mar-2026
150806;HDFC Business Cycle Fund - IDCW Option;INF179KC1EC3;INF179KC1ED1;13.365;;;18-Mar-2026
150804;HDFC Business Cycle Fund - IDCW Option - Direct Plan;INF179KC1DZ6;INF179KC1EA7;13.923;;;18-Mar-2026
151803;HDFC Consumption Fund - Growth Option;INF179KC1GR6;;12.621;;;18-Mar-2026
151804;HDFC Consumption Fund - Growth Option - Direct Plan;INF179KC1GO3;;13.04;;;18-Mar-2026
151802;HDFC Consumption Fund - IDCW Option;INF179KC1GS4;INF179KC1GT2;12.621;;;18-Mar-2026
151805;HDFC Consumption Fund - IDCW Option - Direct Plan;INF179KC1GP0;INF179KC1GQ8;13.04;;;18-Mar-2026
151751;HDFC Defence Fund - Growth Option;INF179KC1GL9;;24.116;;;18-Mar-2026
151750;HDFC Defence Fund - Growth Option - Direct Plan;INF179KC1GI5;;24.891;;;18-Mar-2026
151748;HDFC Defence Fund - IDCW Option;INF179KC1GM7;INF179KC1GN5;24.116;;;18-Mar-2026
151749;HDFC Defence Fund - IDCW Option - Direct Plan;INF179KC1GJ3;INF179KC1GK1;24.891;;;18-Mar-2026
141923;HDFC Housing Opportunities Fund  - Growth Option;INF179KC1AX7;;20.807;;;18-Mar-2026
141924;HDFC Housing Opportunities Fund  - Growth Option - Direct Plan;INF179KC1AU3;;22.636;;;18-Mar-2026
141922;HDFC Housing Opportunities Fund  - IDCW Option;INF179KC1AY5;INF179KC1AZ2;14.916;;;18-Mar-2026
141921;HDFC Housing Opportunities Fund  - IDCW Option - Direct Plan;INF179KC1AV1;INF179KC1AW9;16.598;;;18-Mar-2026
118979;HDFC Infrastructure Fund - Growth Option - Direct Plan;INF179K01WQ2;;49.447;;;18-Mar-2026
107524;HDFC Infrastructure Fund - Growth Plan;INF179K01GF8;;44.461;;;18-Mar-2026
118978;HDFC Infrastructure Fund - IDCW Option - Direct Plan;INF179K01WP4;INF179K01WR0;30.259;;;18-Mar-2026
107525;HDFC Infrastructure Fund - IDCW Plan;INF179K01GE1;INF179K01GG6;19.068;;;18-Mar-2026
153620;HDFC INNOVATION FUND - DIRECT PLAN - GROWTH OPTION;INF179KC1JO7;;9.715;;;18-Mar-2026
153643;HDFC INNOVATION FUND - IDCW - DIRECT PLAN;INF179KC1JP4;INF179KC1JQ2;9.715;;;18-Mar-2026
153647;HDFC INNOVATION FUND - IDCW - REGULAR PLAN;INF179KC1JM1;INF179KC1JN9;9.634;;;18-Mar-2026
153619;HDFC INNOVATION FUND - REGULAR PLAN - GROWTH OPTION;INF179KC1JL3;;9.634;;;18-Mar-2026
152600;HDFC Manufacturing fund - Growth Option - Direct Plan;INF179KC1II1;;10.732;;;18-Mar-2026
152602;HDFC Manufacturing fund - Growth Option - Regular Plan;INF179KC1IF7;;10.512;;;18-Mar-2026
152603;HDFC Manufacturing fund - IDCW - Direct Plan;INF179KC1IJ9;INF179KC1IK7;10.732;;;18-Mar-2026
152601;HDFC Manufacturing fund - IDCW - Regular Plan;INF179KC1IG5;INF179KC1IH3;10.512;;;18-Mar-2026
151457;HDFC MNC Fund - Growth Option;INF179KC1FF3;;12.5;;;18-Mar-2026
151458;HDFC MNC Fund - Growth Option - Direct Plan;INF179KC1FC0;;12.959;;;18-Mar-2026
151459;HDFC MNC Fund - IDCW Option;INF179KC1FG1;INF179KC1FH9;12.5;;;18-Mar-2026
151460;HDFC MNC Fund - IDCW Option - Direct Plan;INF179KC1FD8;INF179KC1FE6;12.959;;;18-Mar-2026
152084;HDFC Pharma and Healthcare Fund - Growth Option;INF179KC1HL7;;17.198;;;18-Mar-2026
152082;HDFC Pharma and Healthcare Fund - Growth Option - Direct Plan;INF179KC1HO1;;17.714;;;18-Mar-2026
152083;HDFC Pharma and Healthcare Fund - IDCW Option;INF179KC1HM5;INF179KC1HN3;17.198;;;18-Mar-2026
152081;HDFC Pharma and Healthcare Fund - IDCW Option - Direct Plan;INF179KC1HP8;INF179KC1HQ6;17.714;;;18-Mar-2026
152058;HDFC Technology Fund - Growth Option;INF179KC1HF9;;11.02;;;18-Mar-2026
152059;HDFC Technology Fund - Growth Option - Direct Plan;INF179KC1HI3;;11.36;;;18-Mar-2026
152057;HDFC Technology Fund - IDCW Option;INF179KC1HG7;INF179KC1HH5;11.02;;;18-Mar-2026
152060;HDFC Technology Fund - IDCW Option - Direct Plan;INF179KC1HJ1;INF179KC1HK9;11.36;;;18-Mar-2026
151900;HDFC Transportation and Logistics Fund - Growth Option;INF179KC1GX4;;16.562;;;18-Mar-2026
151901;HDFC Transportation and Logistics Fund - Growth Option - Direct Plan;INF179KC1GU0;;17.081;;;18-Mar-2026
151902;HDFC Transportation and Logistics Fund - IDCW Option;INF179KC1GY2;INF179KC1GZ9;16.562;;;18-Mar-2026
151899;HDFC Transportation and Logistics Fund - IDCW Option - Direct Plan;INF179KC1GV8;INF179KC1GW6;17.081;;;18-Mar-2026

Helios Mutual Fund
152679;Helios Financial Services Fund - Direct Plan - Growth Option;INF0R8701202;;11.19;;;18-Mar-2026
152680;Helios Financial Services Fund - Direct Plan - IDCW Option;INF0R8701210;INF0R8701228;11.19;;;18-Mar-2026
152682;Helios Financial Services Fund - Regular Plan - Growth Option;INF0R8701178;;10.89;;;18-Mar-2026
152681;Helios Financial Services Fund - Regular Plan - IDCW Option;INF0R8701186;INF0R8701194;10.89;;;18-Mar-2026

HSBC Mutual Fund
151142;HSBC Business Cycles Fund - Direct Growth;INF917K01RI2;;42.822;;;18-Mar-2026
151145;HSBC Business Cycles Fund - Direct IDCW;INF917K01RK8;INF917K01RJ0;24.6819;;;18-Mar-2026
151144;HSBC Business Cycles Fund - Regular Growth;INF917K01RF8;;38.6048;;;18-Mar-2026
151143;HSBC Business Cycles Fund - Regular IDCW;INF917K01RH4;INF917K01RG6;22.3735;;;18-Mar-2026
152032;HSBC Consumption Fund - Direct Growth;INF336L01QZ9;;13.7088;;;18-Mar-2026
152028;HSBC Consumption Fund - Direct IDCW;INF336L01RA0;INF336L01RB8;13.7087;;;18-Mar-2026
152027;HSBC Consumption Fund - Regular Growth;INF336L01RC6;;13.2475;;;18-Mar-2026
152030;HSBC Consumption Fund - Regular IDCW;INF336L01RD4;INF336L01RE2;13.2475;;;18-Mar-2026
153266;HSBC Financial Services Fund - Direct Growth;INF336L01RU8;;11.7889;;;18-Mar-2026
153269;HSBC Financial Services Fund - Direct IDCW;INF336L01RW4;INF336L01RV6;11.7886;;;18-Mar-2026
153267;HSBC Financial Services Fund - Regular Growth;INF336L01RR4;;11.6124;;;18-Mar-2026
153268;HSBC Financial Services Fund - Regular IDCW;INF336L01RT0;INF336L01RS2;11.6124;;;18-Mar-2026
152829;HSBC India Export Opportunities Fund - Direct Growth;INF336L01RO1;;9.4918;;;18-Mar-2026
152831;HSBC India Export Opportunities Fund - Direct IDCW;INF336L01RP8;INF336L01RQ6;9.4917;;;18-Mar-2026
152830;HSBC India Export Opportunities Fund - Regular Growth;INF336L01RL7;;9.3011;;;18-Mar-2026
152832;HSBC India Export Opportunities Fund - Regular IDCW;INF336L01RM5;INF336L01RN3;9.3011;;;18-Mar-2026
151040;HSBC Infrastructure Fund - Direct Growth;INF917K01FW8;;50.8542;;;18-Mar-2026
151039;HSBC Infrastructure Fund - Direct IDCW;INF917K01E52;INF917K01FU2;36.4598;;;18-Mar-2026
151037;HSBC Infrastructure Fund - Regular Growth;INF917K01536;;44.9243;;;18-Mar-2026
151038;HSBC Infrastructure Fund - Regular IDCW;INF917K01544;INF917K01551;32.5495;;;18-Mar-2026

ICICI Prudential Mutual Fund
153684;ICICI Prudential Active Momentum Fund - Direct Plan - Growth;INF109K1A385;;10.19;;;18-Mar-2026
153685;ICICI Prudential Active Momentum Fund - Growth;INF109K1A377;;10.11;;;18-Mar-2026
109445;ICICI Prudential Banking and Financial Services Fund -  Growth;INF109K01BU5;;127.45;;;18-Mar-2026
109446;ICICI Prudential Banking and Financial Services Fund -  IDCW;INF109K01DY3;INF109K01BV3;24.33;;;18-Mar-2026
120244;ICICI Prudential Banking and Financial Services Fund - Direct Plan -  Growth;INF109K013J1;;144.24;;;18-Mar-2026
120245;ICICI Prudential Banking and Financial Services Fund - Direct Plan -  IDCW;INF109K011J5;INF109K012J3;66.27;;;18-Mar-2026
146951;ICICI Prudential Bharat Consumption Fund - Direct Plan - Growth Option;INF109KC1YD4;;24.72;;;18-Mar-2026
146949;ICICI Prudential Bharat Consumption Fund - Direct Plan - IDCW Option;INF109KC1YF9;;15.87;;;18-Mar-2026
146950;ICICI Prudential Bharat Consumption Fund - Growth Option;INF109KC1YA0;;22.87;;;18-Mar-2026
146952;ICICI Prudential Bharat Consumption Fund - IDCW Option;INF109KC1YC6;;14.21;;;18-Mar-2026
153867;ICICI Prudential Conglomerate Fund - Direct Plan - Growth;INF109K1A427;;9.56;;;18-Mar-2026
153866;ICICI Prudential Conglomerate Fund - Direct Plan - IDCW;INF109K1A443;INF109K1A435;9.56;;;18-Mar-2026
153865;ICICI Prudential Conglomerate Fund - Growth;INF109K1A393;;9.52;;;18-Mar-2026
153864;ICICI Prudential Conglomerate Fund - IDCW;INF109K1A419;INF109K1A401;9.52;;;18-Mar-2026
152728;ICICI PRUDENTIAL ENERGY OPPORTUNITIES FUND - Direct Plan - Growth;INF109KC12W6;;10.76;;;18-Mar-2026
152729;ICICI PRUDENTIAL ENERGY OPPORTUNITIES FUND - Direct Plan - IDCW;INF109KC13W4;INF109KC14W2;10.76;;;18-Mar-2026
152726;ICICI PRUDENTIAL ENERGY OPPORTUNITIES FUND - Growth;INF109KC15W9;;10.55;;;18-Mar-2026
152727;ICICI PRUDENTIAL ENERGY OPPORTUNITIES FUND - IDCW;INF109KC16W7;INF109KC17W5;10.54;;;18-Mar-2026
153070;ICICI Prudential Equity Minimum Variance Fund - Direct Plan - Growth;INF109KC10Y6;;10.36;;;18-Mar-2026
153071;ICICI Prudential Equity Minimum Variance Fund - Direct Plan - IDCW;INF109KC12Y2;INF109KC11Y4;10.35;;;18-Mar-2026
153069;ICICI Prudential Equity Minimum Variance Fund - Growth;INF109KC17X3;;10.19;;;18-Mar-2026
153068;ICICI Prudential Equity Minimum Variance Fund - IDCW;INF109KC19X9;INF109KC18X1;10.19;;;18-Mar-2026
148516;ICICI Prudential ESG Exclusionary Strategy Fund - Direct Plan - Growth;INF109KC1O09;;21.98;;;18-Mar-2026
148515;ICICI Prudential ESG Exclusionary Strategy Fund - Direct Plan - IDCW;INF109KC1O25;INF109KC1O17;15.29;;;18-Mar-2026
148517;ICICI Prudential ESG Exclusionary Strategy Fund - Growth;INF109KC1N75;;20.48;;;18-Mar-2026
148514;ICICI Prudential ESG Exclusionary Strategy Fund - IDCW;INF109KC1N91;INF109KC1N83;13.93;;;18-Mar-2026
120688;ICICI Prudential Exports & Services Fund - Direct Plan - Growth;INF109K01W25;;170.83;;;18-Mar-2026
120687;ICICI Prudential Exports & Services Fund - Direct Plan - IDCW;INF109K01W09;INF109K01W17;72.66;;;18-Mar-2026
103312;ICICI Prudential Exports & Services Fund - Growth;INF109K01BB5;;156.24;;;18-Mar-2026
103313;ICICI Prudential Exports & Services Fund - IDCW;INF109K01FL5;INF109K01BA7;35.22;;;18-Mar-2026
150310;ICICI PRUDENTIAL HOUSING OPPORTUNITIES FUND - Direct Plan Growth;INF109KC10C2;;17.21;;;18-Mar-2026
150311;ICICI PRUDENTIAL HOUSING OPPORTUNITIES FUND - Direct Plan IDCW;INF109KC11C0;INF109KC12C8;14.59;;;18-Mar-2026
150308;ICICI PRUDENTIAL HOUSING OPPORTUNITIES FUND - Growth;INF109KC17B9;;16.40;;;18-Mar-2026
150309;ICICI PRUDENTIAL HOUSING OPPORTUNITIES FUND - IDCW;INF109KC18B7;INF109KC19B5;13.80;;;18-Mar-2026
145896;ICICI Prudential India Opportunities Fund - Cumulative Option;INF109KC1RE6;;35.20;;;18-Mar-2026
145897;ICICI Prudential India Opportunities Fund - Direct Plan - Cumulative Option;INF109KC1RH9;;38.58;;;18-Mar-2026
145898;ICICI Prudential India Opportunities Fund - Direct Plan - IDCW Option;INF109KC1RJ5;INF109KC1RI7;23.54;;;18-Mar-2026
145899;ICICI Prudential India Opportunities Fund - IDCW Option;INF109KC1RG1;INF109KC1RF3;20.55;;;18-Mar-2026
120621;ICICI Prudential Infrastructure Fund - Direct Plan -  Growth;INF109K018M4;;202.66;;;18-Mar-2026
120622;ICICI Prudential Infrastructure Fund - Direct Plan -  IDCW;INF109K016M8;INF109K017M6;44.28;;;18-Mar-2026
103149;ICICI Prudential Infrastructure Fund - Growth;INF109K01AV5;;185.93;;;18-Mar-2026
103150;ICICI Prudential Infrastructure Fund - IDCW;INF109K01FB6;INF109K01AT9;26.18;;;18-Mar-2026
145077;ICICI Prudential Manufacturing Fund - Cumulative Option;INF109KC1LG4;;34.92;;;18-Mar-2026
145075;ICICI Prudential Manufacturing Fund - Direct Plan - Cumulative Option;INF109KC1LJ8;;37.86;;;18-Mar-2026
145076;ICICI Prudential Manufacturing Fund - Direct Plan - IDCW Option;INF109KC1LK6;;22.53;;;18-Mar-2026
145078;ICICI Prudential Manufacturing Fund - IDCW Option;INF109KC1LH2;;19.99;;;18-Mar-2026
143873;ICICI Prudential Pharma Healthcare and Diagnostics (P.H.D) Fund - Cumulative Option;INF109KC1GE9;;37.64;;;18-Mar-2026
143874;ICICI Prudential Pharma Healthcare and Diagnostics (P.H.D) Fund - Direct Plan - Cumulative Option;INF109KC1GH2;;40.78;;;18-Mar-2026
143876;ICICI Prudential Pharma Healthcare and Diagnostics (P.H.D) Fund - Direct Plan - IDCW Option;INF109KC1GJ8;;24.63;;;18-Mar-2026
143875;ICICI Prudential Pharma Healthcare and Diagnostics (P.H.D) Fund - IDCW Option;INF109KC1GG4;;21.96;;;18-Mar-2026
150539;ICICI Prudential PSU Equity Fund - Direct Plan - Growth;INF109KC12I5;;22.55;;;18-Mar-2026
150541;ICICI Prudential PSU Equity Fund - Direct Plan - IDCW;INF109KC13I3;INF109KC14I1;19.13;;;18-Mar-2026
150538;ICICI Prudential PSU Equity Fund - Growth;INF109KC19H2;;21.49;;;18-Mar-2026
150540;ICICI Prudential PSU Equity Fund - IDCW;INF109KC10I9;INF109KC11I7;18.09;;;18-Mar-2026
153458;ICICI Prudential Quality Fund - Direct Plan - Growth;INF109K1A187;;9.93;;;18-Mar-2026
153460;ICICI Prudential Quality Fund - Direct Plan - IDCW;INF109K1A203;INF109K1A195;9.93;;;18-Mar-2026
153459;ICICI Prudential Quality Fund - Growth;INF109K1A211;;9.83;;;18-Mar-2026
153457;ICICI Prudential Quality Fund - IDCW;INF109K1A179;INF109K1A161;9.83;;;18-Mar-2026
148600;ICICI Prudential Quant Fund Direct Plan Growth;INF109KC1O66;;22.63;;;18-Mar-2026
148601;ICICI Prudential Quant Fund Direct Plan IDCW;INF109KC1O82;INF109KC1O74;14.63;;;18-Mar-2026
148598;ICICI Prudential Quant Fund Growth;INF109KC1O33;;21.86;;;18-Mar-2026
148599;ICICI Prudential Quant Fund IDCW;INF109KC1O58;INF109KC1O41;13.99;;;18-Mar-2026
153184;ICICI Prudential Rural Opportunities Fund - Direct Plan - Growth;INF109KC12Z9;;10.88;;;18-Mar-2026
153182;ICICI Prudential Rural Opportunities Fund - Direct Plan - IDCW;INF109KC14Z5;INF109KC13Z7;10.88;;;18-Mar-2026
153181;ICICI Prudential Rural Opportunities Fund - Growth;INF109KC19Y7;;10.73;;;18-Mar-2026
153183;ICICI Prudential Rural Opportunities Fund - IDCW;INF109KC11Z1;INF109KC10Z3;10.73;;;18-Mar-2026
150685;ICICI PRUDENTIAL TRANSPORTATION AND LOGISTICS FUND - Direct Plan - Growth;INF109KC12K1;;20.01;;;18-Mar-2026
150687;ICICI PRUDENTIAL TRANSPORTATION AND LOGISTICS FUND - Direct Plan - IDCW;INF109KC13K9;INF109KC14K7;17.07;;;18-Mar-2026
150684;ICICI PRUDENTIAL TRANSPORTATION AND LOGISTICS FUND - Growth;INF109KC19J8;;19.18;;;18-Mar-2026
150686;ICICI PRUDENTIAL TRANSPORTATION AND LOGISTICS FUND - IDCW;INF109KC10K5;INF109KC11K3;16.26;;;18-Mar-2026

ITI Mutual Fund
149321;ITI Banking and Financial Services Fund - Direct Plan - Growth Option;INF00XX01BU6;;16.4907;;;18-Mar-2026
149322;ITI Banking and Financial Services Fund - Direct Plan - IDCW Option;INF00XX01BV4;INF00XX01BW2;15.5616;;;18-Mar-2026
149323;ITI Banking and Financial Services Fund - Regular Plan - IDCW Option;INF00XX01BS0;INF00XX01BT8;14.2152;;;18-Mar-2026
149324;ITI Banking and Financial Services Fund -Regular Plan - Growth Option;INF00XX01BR2;;15.1420;;;18-Mar-2026
153260;ITI Bharat Consumption Fund - Direct Plan - Growth;INF00XX01DG1;;10.6024;;;18-Mar-2026
153261;ITI Bharat Consumption Fund - Direct Plan - IDCW Option;INF00XX01DH9;INF00XX01DI7;10.0393;;;18-Mar-2026
153262;ITI Bharat Consumption Fund - Regular Plan - IDCW Option;INF00XX01DE6;INF00XX01DF3;9.8417;;;18-Mar-2026
153263;ITI Bharat Consumption Fund - Regular Plan Plan - Growth;INF00XX01DD8;;10.4037;;;18-Mar-2026
154157;ITI Business Cycle Fund- Direct Plan- Growth;INF00XX01DM9;;9.9328;;;18-Mar-2026
154158;ITI Business Cycle Fund- Direct Plan-IDCW;INF00XX01DN7;INF00XX01DO5;9.9328;;;18-Mar-2026
154159;ITI Business Cycle Fund- Regular Plan- Growth;INF00XX01DJ5;;9.9277;;;18-Mar-2026
154160;ITI Business Cycle Fund- Regular Plan- IDCW;INF00XX01DK3;INF00XX01DL1;9.9277;;;18-Mar-2026
149268;ITI Pharma and Healthcare Fund - Direct Plan - Growth Option;INF00XX01BO9;;16.4836;;;18-Mar-2026
149271;ITI Pharma and Healthcare Fund - Direct Plan - IDCW Option;INF00XX01BP6;INF00XX01BQ4;16.4836;;;18-Mar-2026
149270;ITI Pharma and Healthcare Fund - Regular Plan - Growth Option;INF00XX01BL5;;15.0992;;;18-Mar-2026
149269;ITI Pharma and Healthcare Fund - Regular Plan - IDCW Option;INF00XX01BM3;INF00XX01BN1;15.0992;;;18-Mar-2026

Jio BlackRock Mutual Fund
154082;JioBlackRock Sector Rotation Fund - Direct Plan - Growth Option;INF22M001168;;9.4021;;;18-Mar-2026

Kotak Mahindra Mutual Fund
153753;Kotak Active Momentum Fund - Direct Plan - Growth option;INF174KA1XA4;;9.827;;;18-Mar-2026
153754;Kotak Active Momentum Fund - Direct Plan - IDCW - Payout and Reinvestment;INF174KA1XB2;INF174KA1XC0;9.827;;;18-Mar-2026
153755;Kotak Active Momentum Fund - Regular Plan - Growth;INF174KA1XD8;;9.749;;;18-Mar-2026
153756;Kotak Active Momentum Fund - Regular Plan - IDCW - Payout & Reinvestment;INF174KA1XE6;INF174KA1XF3;9.749;;;18-Mar-2026
151384;Kotak Banking & Financial Services Fund - Direct Plan - Growth;INF174KA1MD1;;16.04;;;18-Mar-2026
151383;Kotak Banking & Financial Services Fund - Direct Plan - IDCW Payout;INF174KA1ME9;INF174KA1MF6;16.038;;;18-Mar-2026
151381;Kotak Banking & Financial Services Fund - Regular Plan - Growth;INF174KA1MA7;;15.294;;;18-Mar-2026
151382;Kotak Banking & Financial Services Fund - Regular Plan - IDCW Payout;INF174KA1MB5;INF174KA1MC3;15.293;;;18-Mar-2026
150624;Kotak Business Cycle - Direct Plan - Growth;INF174KA1JN6;;16.036;;;18-Mar-2026
150625;Kotak Business Cycle Fund-Direct Plan-IDCW option;INF174KA1JO4;INF174KA1JP1;16.035;;;18-Mar-2026
150626;Kotak Business Cycle Fund-Regular Plan--Growth;INF174KA1JK2;;15.213;;;18-Mar-2026
150622;Kotak Business Cycle Fund-Regular Plan-IDCW option;INF174KA1JL0;INF174KA1JM8;15.213;;;18-Mar-2026
152169;Kotak Consumption Fund - Direct plan - Growth Option;INF174KA1PP8;;13.33;;;18-Mar-2026
152172;Kotak Consumption Fund - Direct plan - IDCW Option;INF174KA1PQ6;INF174KA1PR4;13.328;;;18-Mar-2026
152170;Kotak Consumption Fund - Regular plan - Growth Option;INF174KA1PM5;;12.842;;;18-Mar-2026
152171;Kotak Consumption Fund - Regular plan - IDCW Option;INF174KA1PN3;INF174KA1PO1;12.84;;;18-Mar-2026
153447;Kotak Energy Opportunities Fund-Direct-Growth;INF174KA1VX0;;10.243;;;18-Mar-2026
153448;Kotak Energy Opportunities Fund-Direct-IDCW-Payout & Reinvestment;INF174KA1VY8;INF174KA1VZ5;10.243;;;18-Mar-2026
153449;Kotak Energy Opportunities Fund-Regular-Growth;INF174KA1WA6;;10.105;;;18-Mar-2026
153450;Kotak Energy Opportunities Fund-Regular-IDCW-Payout & Reinvestment;INF174KA1WB4;INF174KA1WC2;10.105;;;18-Mar-2026
148606;Kotak ESG Exclusionary Strategy Fund - Direct Plan - Growth Option;INF174KA1FI4;;17.702;;;18-Mar-2026
148605;Kotak ESG Exclusionary Strategy Fund - Direct Plan - Payout of Income Distribution cum capital withdrawal option;INF174KA1FH6;INF174KA1FJ2;17.702;;;18-Mar-2026
148602;Kotak ESG Exclusionary Strategy Fund - Regular Plan - Growth Option;INF174KA1FF0;;16.273;;;18-Mar-2026
148603;Kotak ESG Exclusionary Strategy Fund - Regular Plan - Payout of Income Distribution cum capital withdrawal option;INF174KA1FE3;INF174KA1FG8;16.273;;;18-Mar-2026
152214;Kotak Healthcare Fund - Direct Plan - Growth Option;INF174KA1PZ7;;13.94;;;18-Mar-2026
152215;Kotak Healthcare Fund - Direct Plan - IDCW Option;INF174KA1QA8;INF174KA1QB6;13.939;;;18-Mar-2026
152216;Kotak Healthcare Fund - Regular Plan - Growth Option;INF174KA1PW4;;13.43;;;18-Mar-2026
152213;Kotak Healthcare Fund - Regular Plan - IDCW Option;INF174KA1PX2;INF174KA1PY0;13.435;;;18-Mar-2026
133796;Kotak Infrastructure & Economic Reform Fund - Standard Plan-Growth;INF178L01095;;62.139;;;18-Mar-2026
133799;Kotak Infrastructure & Economic Reform Fund - Standard Plan-Payout of Income Distribution cum capital withdrawal option;INF178L01079;INF178L01087;49.697;;;18-Mar-2026
133801;Kotak Infrastructure & Economic Reform Fund- Direct Plan- Growth Option;INF178L01AL9;;73.979;;;18-Mar-2026
133800;Kotak Infrastructure & Economic Reform Fund- Direct Plan- Payout of Income Distribution cum capital withdrawal option;INF178L01AK1;INF178L01AJ3;73.133;;;18-Mar-2026
149841;Kotak Manufacture in India Fund - Direct Plan Growth;INF174KA1IF4;;20.431;;;18-Mar-2026
149842;Kotak Manufacture in India Fund - Direct Plan IDCW Option;INF174KA1IG2;INF174KA1IH0;20.431;;;18-Mar-2026
149840;Kotak Manufacture in India Fund - Regular Plan Growth;INF174KA1IC1;;19.173;;;18-Mar-2026
149843;Kotak Manufacture in India Fund - Regular Plan IDCW Option;INF174KA1ID9;INF174KA1IE7;19.173;;;18-Mar-2026
152910;Kotak MNC Fund-Direct Plan-Growth;INF174KA1TG9;;10.688;;;18-Mar-2026
152911;Kotak MNC Fund-Direct Plan-IDCW Option;INF174KA1TH7;INF174KA1TI5;10.688;;;18-Mar-2026
152913;Kotak MNC Fund-Regular Plan- Growth;INF174KA1TJ3;;10.475;;;18-Mar-2026
152912;KotaK MNC Fund-Regular Plan-IDCW OPTION;INF174KA1TK1;INF174KA1TL9;10.475;;;18-Mar-2026
151881;Kotak Quant Fund - Direct Plan - Growth Option;INF174KA1OL0;;14.576;;;18-Mar-2026
151880;Kotak Quant Fund - Direct plan - IDCW Payout;INF174KA1OM8;INF174KA1ON6;14.576;;;18-Mar-2026
151878;Kotak Quant Fund - Regular Plan - Growth Option;INF174KA1OI6;;14.438;;;18-Mar-2026
151879;Kotak Quant Fund - Regular Plan - IDCW Payout;INF174KA1OJ4;INF174KA1OK2;14.328;;;18-Mar-2026
153970;Kotak Rural Opportunities Fund - Direct Plan - Growth;INF174KA1XW8;;9.718;;;18-Mar-2026
153967;Kotak Rural Opportunities Fund - Direct Plan - IDCW Divdend - Payouout & Reinvestment;INF174KA1XX6;INF174KA1XY4;9.718;;;18-Mar-2026
153969;Kotak Rural Opportunities Fund - Regular Plan - Growth;INF174KA1XZ1;;9.673;;;18-Mar-2026
153968;Kotak Rural Opportunities Fund - Regular Plan - IDCW Dividend - Payout & Reinvestment;INF174KA1YA2;INF174KA1YB0;9.673;;;18-Mar-2026
154149;Kotak Services Fund - Direct - Growth;INF174KA1YV8;;9.957;;;18-Mar-2026
154150;Kotak Services Fund - Direct - IDCW;INF174KA1YW6;INF174KA1YX4;9.957;;;18-Mar-2026
154151;Kotak Services Fund - Regular - Growth;INF174KA1YY2;;9.949;;;18-Mar-2026
154152;Kotak Services Fund - Regular - IDCW;INF174KA1YZ9;INF174KA1ZA9;9.948;;;18-Mar-2026
152702;Kotak Special Opportunities Fund - Direct Plan - Growth Option;INF174KA1SF3;;9.27;;;18-Mar-2026
152704;Kotak Special Opportunities Fund - Direct Plan - IDCW Payout Option;INF174KA1SG1;;9.271;;;18-Mar-2026
152703;Kotak Special Opportunities Fund - Regular Plan - Growth Option;INF174KA1SC0;;9.052;;;18-Mar-2026
152700;Kotak Special Opportunities Fund - Regular Plan - IDCW Option;INF174KA1SD8;INF174KA1SE6;9.052;;;18-Mar-2026
153117;Kotak Transportation & Logistics Fund-Direct -IDCW-PAYOUT & REINVESTMENT;INF174KA1TT2;INF174KA1TU0;10.81;;;18-Mar-2026
153118;Kotak Transportation & Logistics Fund-Direct Growth;INF174KA1TS4;;10.81;;;18-Mar-2026
153116;Kotak Transportation & Logistics Fund-Regular-Growth;INF174KA1TV8;;10.598;;;18-Mar-2026
153119;Kotak Transportation & Logistics Fund-Regular-IDCW Payout & Reinvestment;INF174KA1TW6;INF174KA1TX4;10.599;;;18-Mar-2026

LIC Mutual Fund
134017;LIC MF Banking and Financial Services Fund-Direct Plan-Growth;INF767K01NK6;;23.6406;;;18-Mar-2026
133908;LIC MF Banking and Financial Services Fund-Direct Plan-IDCW;INF767K01NJ8;INF767K01NL4;23.4783;;;18-Mar-2026
134016;LIC MF Banking and Financial Services Fund-Regular Plan-Growth;INF767K01NH2;;20.7681;;;18-Mar-2026
134015;LIC MF Banking and Financial Services Fund-Regular Plan-IDCW;INF767K01NG4;INF767K01NI0;20.7644;;;18-Mar-2026
153948;LIC MF Consumption Fund-Direct Plan-Growth;INF767K01SD0;;9.0246;;;18-Mar-2026
153949;LIC MF Consumption Fund-Direct Plan-IDCW;INF767K01SF5;INF767K01SE8;9.0246;;;18-Mar-2026
153950;LIC MF Consumption Fund-Regular Plan-Growth;INF767K01SA6;;8.9762;;;18-Mar-2026
153951;LIC MF Consumption Fund-Regular Plan-IDCW;INF767K01SC2;INF767K01SB4;8.9762;;;18-Mar-2026
152024;LIC MF Healthcare Fund-Direct Plan-Growth;INF397L01LK4;;30.7865;;;18-Mar-2026
152023;LIC MF Healthcare Fund-Direct Plan-IDCW;INF397L01LH0;INF397L01LI8;30.7774;;;18-Mar-2026
152025;LIC MF Healthcare Fund-Regular Plan-Growth;INF397L01LG2;;27.9655;;;18-Mar-2026
152026;LIC MF Healthcare Fund-Regular Plan-IDCW;INF397L01LD9;INF397L01LE7;27.966;;;18-Mar-2026
120351;LIC MF Infrastructure Fund-Direct Plan-Growth;INF767K01GW5;;55.402;;;18-Mar-2026
120350;LIC MF Infrastructure Fund-Direct Plan-IDCW;INF767K01GV7;INF767K01GX3;54.3981;;;18-Mar-2026
107763;LIC MF Infrastructure Fund-Regular Plan-Growth;INF767K01501;;48.032;;;18-Mar-2026
107764;LIC MF Infrastructure Fund-Regular Plan-IDCW;INF767K01485;INF767K01493;48.0333;;;18-Mar-2026
152920;LIC MF Manufacturing Fund-Direct Plan-Growth;INF767K01RR2;;10.0333;;;18-Mar-2026
152921;LIC MF Manufacturing Fund-Direct Plan-IDCW;INF767K01RT8;INF767K01RS0;10.0333;;;18-Mar-2026
152922;LIC MF Manufacturing Fund-Regular Plan-Growth;INF767K01RO9;;9.7965;;;18-Mar-2026
152923;LIC MF Manufacturing Fund-Regular Plan-IDCW;INF767K01RQ4;INF767K01RP6;9.7965;;;18-Mar-2026

Mahindra Manulife Mutual Fund
152045;Mahindra Manulife Business Cycle Fund - Direct Plan - Growth;INF174V01BQ4;;15.3488;;;18-Mar-2026
152048;Mahindra Manulife Business Cycle Fund - Direct Plan - IDCW;INF174V01BR2;INF174V01BS0;13.1827;;;18-Mar-2026
152047;Mahindra Manulife Business Cycle Fund - Regular Plan - IDCW;INF174V01BO9;INF174V01BP6;12.5540;;;18-Mar-2026
152046;Mahindra Manulife Business Cycle Fund-  Regular Plan - Growth;INF174V01BN1;;14.7002;;;18-Mar-2026
145357;Mahindra Manulife Consumption Fund - Direct Plan - IDCW;INF174V01689;INF174V01671;16.3870;;;18-Mar-2026
145356;Mahindra Manulife Consumption Fund - Direct Plan -Growth;INF174V01663;;23.1407;;;18-Mar-2026
145358;Mahindra Manulife Consumption Fund - Regular Plan - IDCW;INF174V01655;INF174V01648;13.8923;;;18-Mar-2026
145355;Mahindra Manulife Consumption Fund- Regular Plan - Growth;INF174V01630;;20.4120;;;18-Mar-2026
154121;Mahindra Manulife Innovation Opportunities Fund - Direct - Growth;INF174V01DA4;;9.6818;;;18-Mar-2026
154122;Mahindra Manulife Innovation Opportunities Fund - Direct - IDCW;INF174V01DC0;INF174V01DB2;9.6818;;;18-Mar-2026
154120;Mahindra Manulife Innovation Opportunities Fund - Regular - Growth;INF174V01CX8;;9.6568;;;18-Mar-2026
154119;Mahindra Manulife Innovation Opportunities Fund - Regular - IDCW;INF174V01CZ3;INF174V01CY6;9.6568;;;18-Mar-2026
152672;Mahindra Manulife Manufacturing Fund - Direct Plan - Growth;INF174V01CC2;;9.7753;;;18-Mar-2026
152670;Mahindra Manulife Manufacturing Fund - Direct Plan - IDCW;INF174V01CD0;INF174V01CE8;9.7753;;;18-Mar-2026
152671;Mahindra Manulife Manufacturing Fund - Regular Plan - Growth;INF174V01BZ5;;9.5097;;;18-Mar-2026
152669;Mahindra Manulife Manufacturing Fund - Regular Plan - IDCW;INF174V01CA6;INF174V01CB4;9.5098;;;18-Mar-2026
153674;Mahindra Manulife Banking & Financial Services Fund - Direct - Growth;INF174V01CO7;;10.2931;;;18-Mar-2026
153672;Mahindra Manulife Banking & Financial Services Fund - Direct - IDCW;INF174V01CQ2;INF174V01CP4;10.2931;;;18-Mar-2026
153675;Mahindra Manulife Banking & Financial Services Fund - Regular - Growth;INF174V01CL3;;10.1693;;;18-Mar-2026
153673;Mahindra Manulife Banking & Financial Services Fund - Regular - IDCW;INF174V01CN9;INF174V01CM1;10.1693;;;18-Mar-2026

Quantum Mutual Fund
147372;QUANTUM ESG BEST IN CLASS STRATEGY FUND - DIRECT PLAN - GROWTH OPTION;INF082J01382;;23.23;;;18-Mar-2026
147371;QUANTUM ESG BEST IN CLASS STRATEGY FUND - REGULAR PLAN - GROWTH OPTION;INF082J01390;;21.82;;;18-Mar-2026
153094;Quantum Ethical Fund - Direct Plan Growth Option;INF082J01473;;9.10;;;18-Mar-2026
153095;Quantum Ethical Fund - Regular Plan Growth Option;INF082J01481;;8.94;;;18-Mar-2026

Samco Mutual Fund
151753;Samco Active Momentum Fund - Direct Plan - Growth Option;INF0K1H01081;;12.69;;;18-Mar-2026
151752;Samco Active Momentum Fund - Regular Plan - Growth Option;INF0K1H01073;;12.22;;;18-Mar-2026
152586;Samco Special Opportunities Fund - Direct Plan - Growth;INF0K1H01180;;7.90;;;18-Mar-2026
152587;Samco Special Opportunities Fund - Regular Plan - Growth;INF0K1H01172;;7.68;;;18-Mar-2026

Shriram Mutual Fund
153076;Shriram Multi Sector Rotation Fund - Direct Plan Growth Option;INF680P01455;;7.5365;;;18-Mar-2026
153077;Shriram Multi Sector Rotation Fund - Regular Plan Growth Option;INF680P01463;;7.3752;;;18-Mar-2026

Taurus Mutual Fund
118868;Taurus Banking & Financial Services Fund - Direct Plan - Growth;INF044D01CN2;;58.24;;;18-Mar-2026
118869;Taurus Banking & Financial Services Fund - Direct Plan - Payout of Income Distribution cum Capital Withdrawal option;INF044D01CO0;INF044D01CP7;57.56;;;18-Mar-2026
117312;Taurus Banking & Financial Services Fund - Regular Plan - Growth;INF044D01BI4;;51.83;;;18-Mar-2026
117313;Taurus Banking & Financial Services Fund - Regular Plan - Payout of Income Distribution cum Capital Withdrawal option;INF044D01BJ2;INF044D01BK0;46.40;;;18-Mar-2026
111903;Taurus Ethical Fund -  Regular Plan - Bonus Option;INF044D01823;;118.97;;;18-Mar-2026
118876;Taurus Ethical Fund - Direct Plan - Growth;INF044D01CJ0;;135.34;;;18-Mar-2026
118877;Taurus Ethical Fund - Direct Plan - Payout of Income Distribution cum Capital Withdrawal option;INF044D01CK8;INF044D01CL6;90.85;;;18-Mar-2026
111787;Taurus Ethical Fund - Regular Plan - Growth;INF044D01864;;118.99;;;18-Mar-2026
111788;Taurus Ethical Fund - Regular Plan - Payout of Income Distribution cum Capital Withdrawal option;INF044D01831;INF044D01849;80.43;;;18-Mar-2026
118878;Taurus Ethical Fund-Direct Plan-Bonus Option #;INF044D01CM4;;44.35;;;18-Mar-2026
118879;Taurus Infrastructure Fund - Direct Plan - Growth ;INF044D01CD3;;65.63;;;18-Mar-2026
118880;Taurus Infrastructure Fund - Direct Plan - Payout of Income Distribution cum Capital Withdrawal option;INF044D01CE1;INF044D01CF8;61.13;;;18-Mar-2026
105417;Taurus Infrastructure Fund - Regular Plan - Growth;INF044D01906;;60.92;;;18-Mar-2026
105418;Taurus Infrastructure Fund - Regular Plan - Payout of Income Distribution cum Capital Withdrawal option;INF044D01872;INF044D01880;57.22;;;18-Mar-2026

The Wealth Company Mutual Fund
153895;THE WEALTH COMPANY ETHICAL FUND DIRECT GROWTH;INF2F0001214;;9.0822;;;18-Mar-2026
153898;THE WEALTH COMPANY ETHICAL FUND DIRECT IDCW;INF2F0001206;INF2F0001198;9.0827;;;18-Mar-2026
153897;THE WEALTH COMPANY ETHICAL FUND REGULAR GROWTH;INF2F0001248;;9.0262;;;18-Mar-2026
153896;THE WEALTH COMPANY ETHICAL FUND REGULAR IDCW;INF2F0001230;INF2F0001222;9.0258;;;18-Mar-2026

UTI Mutual Fund
120733;UTI Banking and Financial Services Fund - Direct Plan - Growth Option;INF789F01SN3;;215.4964;;;18-Mar-2026
120732;UTI Banking and Financial Services Fund - Direct Plan - IDCW;INF789F01SL7;INF789F01SM5;84.3416;;;18-Mar-2026
102401;UTI Banking and Financial Services Fund - Regular Plan - Growth Option;INF789F01372;;187.7756;;;18-Mar-2026
102402;UTI Banking and Financial Services Fund - Regular Plan - IDCW;INF789F01356;INF789F01364;73.0813;;;18-Mar-2026
120782;UTI Healthcare Fund - Direct Plan - Growth Option;INF789F01TO9;;315.7202;;;18-Mar-2026
120783;UTI Healthcare Fund - Direct Plan - IDCW;INF789F01TM3;INF789F01TN1;244.0286;;;18-Mar-2026
100807;UTI Healthcare Fund - Regular Plan - Growth Option;INF789F01695;;278.1969;;;18-Mar-2026
100806;UTI Healthcare Fund - Regular Plan - IDCW;INF789F01679;INF789F01687;215.0073;;;18-Mar-2026
120780;UTI India Consumer Fund - Direct Plan - Growth Option;INF789F01VF3;;57.5665;;;18-Mar-2026
120781;UTI India Consumer Fund - Direct Plan - IDCW;INF789F01VG1;INF789F01VH9;50.5369;;;18-Mar-2026
106425;UTI India Consumer Fund - Regular Plan - Growth Option;INF789F01CE6;;52.8875;;;18-Mar-2026
106426;UTI India Consumer Fund - Regular Plan - IDCW;INF789F01CF3;INF789F01CG1;46.231;;;18-Mar-2026
120729;UTI Infrastructure Fund - Direct Plan - IDCW;INF789F01TS0;INF789F01TT8;74.2671;;;18-Mar-2026
102396;UTI Infrastructure Fund - Regular Plan - IDCW;INF789F01737;INF789F01745;70.4802;;;18-Mar-2026
102395;UTI Infrastructure Fund-Growth Option;INF789F01752;;134.8532;;;18-Mar-2026
120728;UTI Infrastructure Fund-Growth Option- Direct;INF789F01TU6;;141.9197;;;18-Mar-2026
120682;UTI - MNC Fund - Growth Option - Direct;INF789F01UD0;;408.4432;;;18-Mar-2026
100740;UTI - MNC Fund - Regular Plan - Growth Option;INF789F01844;;364.7736;;;18-Mar-2026
120681;UTI MNC Fund - Direct Plan - IDCW;INF789F01UB4;INF789F01UC2;211.8729;;;18-Mar-2026
100739;UTI MNC Fund - Regular Plan - IDCW;INF789F01828;INF789F01836;188.0717;;;18-Mar-2026
120730;UTI Transportation and Logistics Fund - Direct Plan - IDCW;INF789F01SF9;INF789F01SG7;142.923;;;18-Mar-2026
102397;UTI Transportation and Logistics Fund - Regular Plan - IDCW;INF789F01273;INF789F01281;123.4433;;;18-Mar-2026
102398;UTI-Transportation and Logistics  Fund-Growth Option;INF789F01299;;267.7093;;;18-Mar-2026
120731;UTI-Transportation and Logistics  Fund-Growth Option- Direct;INF789F01SH5;;309.0239;;;18-Mar-2026
152087;UTI Innovation Fund - Direct Plan - Growth Option;INF789F1AZA4;;9.714;;;18-Mar-2026
152089;UTI Innovation Fund - Direct Plan - Payout of IDCW Option;INF789F1AZB2;;9.714;;;18-Mar-2026
152086;UTI Innovation Fund - Regular Plan - Growth Option;INF789F1AYY7;;9.3825;;;18-Mar-2026
152088;UTI Innovation Fund - Regular Plan - Payout of IDCW Option;INF789F1AYZ4;;9.3825;;;18-Mar-2026
153204;UTI Quant Fund - Direct Plan - Growth Option;INF789F1AA98;;9.9574;;;18-Mar-2026
153205;UTI Quant Fund - Regular Plan - Growth Option;INF789F1AA80;;9.7656;;;18-Mar-2026

WhiteOak Capital Mutual Fund
152321;WhiteOak Capital Banking & Financial Services Fund - Direct Growth;INF03VN01860;;12.631;;;18-Mar-2026
152322;WhiteOak Capital Banking & Financial Services Fund - Regular Growth;INF03VN01852;;12.181;;;18-Mar-2026
154161;WhiteOak Capital Consumption Opportunities Fund Direct Plan Growth;INF03VN01AD3;;9.093;;;18-Mar-2026
154162;WhiteOak Capital Consumption Opportunities Fund Regular Plan Growth;INF03VN01AE1;;9.077;;;18-Mar-2026
152915;WhiteOak Capital Digital Bharat Fund Direct Plan Growth;INF03VN01936;;8.745;;;18-Mar-2026
152914;WhiteOak Capital Digital Bharat Fund Regular Plan Growth;INF03VN01944;;8.530;;;18-Mar-2026
152962;WhiteOak Capital ESG Best-In-Class Strategy Fund Direct Plan Growth;INF03VN01951;;9.703;;;18-Mar-2026
152963;WhiteOak Capital ESG Best-In-Class Strategy Fund Regular Plan Growth;INF03VN01969;;9.472;;;18-Mar-2026
152349;WhiteOak Capital Pharma and Heathcare Fund Direct Plan Growth;INF03VN01886;;14.198;;;18-Mar-2026
152348;WhiteOak Capital Pharma and Heathcare Fund Regular Plan Growth;INF03VN01878;;13.685;;;18-Mar-2026
153189;WhiteOak Capital Quality Equity Fund Direct Plan Growth;INF03VN01977;;9.629;;;18-Mar-2026
153190;WhiteOak Capital Quality Equity Fund Regular Plan Growth;INF03VN01985;;9.443;;;18-Mar-2026
152644;WhiteOak Capital Special Opportunities Fund - Direct Growth;INF03VN01902;;12.627;;;18-Mar-2026
152643;WhiteOak Capital Special Opportunities Fund - Regular Growth;INF03VN01894;;12.214;;;18-Mar-2026

Open Ended Schemes ( Equity Scheme - ELSS )


Axis Mutual Fund
120503;Axis ELSS Tax Saver Fund - Direct Plan - Growth Option;INF846K01EW2;;102.4592;;;18-Mar-2026
120502;Axis ELSS Tax Saver Fund - Direct Plan - IDCW;INF846K01EX0;INF846K01EY8;47.4083;;;18-Mar-2026
112323;Axis ELSS Tax Saver Fund - Regular Plan - Growth;INF846K01131;;90.2861;;;18-Mar-2026
112322;Axis ELSS Tax Saver Fund - Regular Plan - IDCW;INF846K01149;INF846K01156;22.1059;;;18-Mar-2026

Bajaj Finserv Mutual Fund
153201;BAJAJ FINSERV ELSS TAX SAVER FUND - DIRECT - GROWTH;INF0QA701AK0;;10.739;;;18-Mar-2026
153203;BAJAJ FINSERV ELSS TAX SAVER FUND - DIRECT - IDCW;INF0QA701AL8;;10.739;;;18-Mar-2026
153202;BAJAJ FINSERV ELSS TAX SAVER FUND - REGULAR - GROWTH;INF0QA701AI4;;10.525;;;18-Mar-2026
153200;BAJAJ FINSERV ELSS TAX SAVER FUND - REGULAR - IDCW;INF0QA701AJ2;;10.525;;;18-Mar-2026

Bandhan Mutual Fund
118473;BANDHAN ELSS Tax Saver Fund - Direct Plan - Growth;INF194K01Y29;;169.193;;;18-Mar-2026
118472;BANDHAN ELSS Tax Saver Fund - Direct Plan - IDCW;INF194K01Y37;INF194K01Y45;41.783;;;18-Mar-2026
111569;BANDHAN ELSS Tax Saver Fund - Regular Plan - Growth;INF194K01292;;146.244;;;18-Mar-2026
111570;BANDHAN ELSS Tax Saver Fund - Regular Plan - IDCW;INF194K01300;INF194K01318;31.523;;;18-Mar-2026

Bank of India Mutual Fund
119351;BANK OF INDIA ELSS Tax Saver -Direct Plan- Growth;INF761K01884;;180.57;;;18-Mar-2026
119352;BANK OF INDIA ELSS Tax Saver -Direct Plan-IDCW;INF761K01876;INF761K01868;72.11;;;18-Mar-2026
111709;BANK OF INDIA ELSS Tax Saver -ECO Plan-Growth;INF761K01157;;166.65;;;18-Mar-2026
111711;BANK OF INDIA ELSS Tax Saver -ECO Plan-IDCW;INF761K01132;INF761K01140;27.66;;;18-Mar-2026
111710;BANK OF INDIA ELSS Tax Saver -Regular Plan- Growth;INF761K01181;;153.82;;;18-Mar-2026
111708;BANK OF INDIA ELSS Tax Saver -Regular Plan-IDCW;INF761K01165;INF761K01173;29.63;;;18-Mar-2026

Baroda BNP Paribas Mutual Fund
150159;BARODA BNP PARIBAS ELSS Tax Saver Fund - Direct Plan - Growth Option;INF251K01HF3;;105.2093;;;18-Mar-2026
150158;BARODA BNP PARIBAS ELSS Tax Saver Fund - Direct Plan - IDCW Option;INF251K01HH9;INF251K01HG1;28.4402;;;18-Mar-2026
150156;BARODA BNP PARIBAS ELSS Tax Saver Fund - Regular - Growth Option;INF251K01985;;92.5987;;;18-Mar-2026
150157;BARODA BNP PARIBAS ELSS Tax Saver Fund- Regular - IDCW Option;INF251K01AA9;INF251K01993;22.2310;;;18-Mar-2026

Franklin Templeton Mutual Fund
118540;Franklin India ELSS Tax Saver Fund - Direct - Growth;INF090I01JS8;;1540.7191;;;18-Mar-2026
118541;Franklin India ELSS Tax Saver Fund - Direct - IDCW;INF090I01JT6;INF090I01JU4;67.4676;;;18-Mar-2026
100525;Franklin India ELSS Tax Saver Fund - IDCW;INF090I01783;INF090I01791;58.0919;;;18-Mar-2026
100526;Franklin India ELSS Tax Saver Fund-Growth;INF090I01775;;1374.7706;;;18-Mar-2026

Groww Mutual Fund
141807;Groww ELSS Tax Saver Fund (formerly known as Indiabulls Tax Savings Fund)- Direct Plan- Dividend Option;INF666M01DL5;;20.91;;;18-Mar-2026
141808;Groww ELSS Tax Saver Fund (formerly known as Indiabulls Tax Savings Fund)- Direct Plan- Growth Option;INF666M01DK7;;20.95;;;18-Mar-2026
141810;Groww ELSS Tax Saver Fund (formerly known as Indiabulls Tax Savings Fund)- Regular Plan- - Income Distribution cum capital withdrawal Option (Payout);INF666M01DO9;;18.29;;;18-Mar-2026
141862;Groww ELSS Tax Saver Fund (formerly known as Indiabulls Tax Savings Fund)-Regular Plan-Growth Option;INF666M01DN1;;18.28;;;18-Mar-2026

HDFC Mutual Fund
119060;HDFC ELSS Tax saver - Growth Option - Direct Plan;INF179K01YS4;;1446.861;;;18-Mar-2026
101979;HDFC ELSS Tax saver - Growth Plan;INF179K01BB8;;1334.332;;;18-Mar-2026
119059;HDFC ELSS Tax saver - IDCW Option - Direct Plan;INF179K01YQ8;INF179K01YR6;90.438;;;18-Mar-2026
101980;HDFC ELSS Tax saver - IDCW Plan;INF179K01AZ9;INF179K01BA0;64.76;;;18-Mar-2026

HSBC Mutual Fund
151078;HSBC ELSS Tax saver Fund - Direct Growth;INF917K01GP0;;139.3212;;;18-Mar-2026
151079;HSBC ELSS Tax saver Fund - Direct IDCW Payout;INF917K01GO3;;37.7101;;;18-Mar-2026
151076;HSBC ELSS Tax saver Fund - Regular Growth;INF677K01064;;127.2002;;;18-Mar-2026
151077;HSBC ELSS Tax saver Fund - Regular IDCW Payout;INF677K01072;;25.6407;;;18-Mar-2026

ICICI Prudential Mutual Fund
120592;ICICI Prudential ELSS Tax Saver Fund - Direct Plan - Growth;INF109K01Y31;;989.80;;;18-Mar-2026
120593;ICICI Prudential ELSS Tax Saver Fund - Direct Plan - IDCW;INF109K01Y15;INF109K01Y23;43.21;;;18-Mar-2026
100354;ICICI Prudential ELSS Tax Saver Fund - Growth;INF109K01464;;888.00;;;18-Mar-2026
100353;ICICI Prudential ELSS Tax Saver Fund - IDCW;INF109K01FN1;INF109K01472;20.93;;;18-Mar-2026

ITI Mutual Fund
147541;ITI ELSS Tax Saver Fund - Direct Plan - Growth Option;INF00XX01390;;24.9033;;;18-Mar-2026
147542;ITI ELSS Tax Saver Fund - Direct Plan - IDCW Option;INF00XX01408;;22.0324;;;18-Mar-2026
147544;ITI ELSS Tax Saver Fund - Regular Plan - Growth Option;INF00XX01374;;21.9276;;;18-Mar-2026
147543;ITI ELSS Tax Saver Fund - Regular Plan - IDCW Option;INF00XX01382;;19.1919;;;18-Mar-2026

JM Financial Mutual Fund
120494;JM ELSS Tax Saver Fund (Direct) - Growth Option;INF192K01CE3;;51.4054;;;18-Mar-2026
120493;JM ELSS Tax Saver Fund (Direct) - IDCW;INF192K01CD5;;50.138;;;18-Mar-2026
107288;JM ELSS Tax Saver Fund (Regular) - Growth option;INF192K01650;;44.6162;;;18-Mar-2026
107287;JM ELSS Tax Saver Fund (Regular) - IDCW;INF192K01643;;44.6155;;;18-Mar-2026

Kotak Mahindra Mutual Fund
103339;Kotak ELSS Tax Saver Fund-Growth;INF174K01369;;109.12;;;18-Mar-2026
119773;Kotak ELSS Tax Saver Fund-Growth - Direct;INF174K01LI3;;128.786;;;18-Mar-2026
103338;Kotak ELSS Tax Saver Fund-Payout of Income Distribution cum capital withdrawal option;INF174K01385;;40.838;;;18-Mar-2026
119772;Kotak ELSS Tax Saver Fund-Payout of Income Distribution cum capital withdrawal option - Direct;INF174K01LJ1;;53.948;;;18-Mar-2026

LIC Mutual Fund
120270;LIC MF ELSS Tax Saver-Direct Plan-Growth;INF767K01EM1;;160.7041;;;18-Mar-2026
120269;LIC MF ELSS Tax Saver-Direct Plan-IDCW;INF767K01EL3;INF767K01EN9;35.4871;;;18-Mar-2026
100865;LIC MF ELSS Tax Saver-Regular Plan-Growth;INF767K01956;;139.6748;;;18-Mar-2026
100864;LIC MF ELSS Tax Saver-Regular Plan-IDCW;INF767K01931;INF767K01949;29.2399;;;18-Mar-2026
134878;LIC MF ULIS (10 Yrs. Regular Premium Reducing Cover Half-Yearly)-Direct Plan-IDCW Reinvestment;;INF767K01DR2;38.2571;;;18-Mar-2026
134865;LIC MF ULIS (10 Yrs. Regular Premium Reducing Cover Half-Yearly)-Regular Plan-IDCW Reinvestment;;INF767K01998;34.1826;;;18-Mar-2026
134876;LIC MF ULIS (10 Yrs. Regular Premium Reducing Cover Monthly)-Direct Plan-IDCW Reinvestment;;INF767K01DQ4;38.2571;;;18-Mar-2026
134847;LIC MF ULIS (10 Yrs. Regular Premium Reducing Cover Monthly)-Regular Plan-IDCW Reinvestment;;INF767K01980;34.1826;;;18-Mar-2026
135976;LIC MF ULIS (10 Yrs. Regular Premium Reducing Cover Quarterly)-Direct Plan-IDCW Reinvestment;;INF767K01OY5;38.2571;;;18-Mar-2026
135979;LIC MF ULIS (10 Yrs. Regular Premium Reducing Cover Quarterly)-Regular Plan-IDCW Reinvestment;;INF767K01OV1;34.1826;;;18-Mar-2026
134877;LIC MF ULIS (10 Yrs. Regular Premium Reducing Cover Yearly)-Direct Plan-IDCW Reinvestment;;INF767K01DS0;38.2571;;;18-Mar-2026
134864;LIC MF ULIS (10 Yrs. Regular Premium Reducing Cover Yearly)-Regular Plan-IDCW Reinvestment;;INF767K01AA4;34.1826;;;18-Mar-2026
134879;LIC MF ULIS (10 Yrs. Regular Premium Uniform Cover Half-Yearly)-Direct Plan-IDCW Reinvestment;;INF767K01DU6;38.2571;;;18-Mar-2026
134867;LIC MF ULIS (10 Yrs. Regular Premium Uniform Cover Half-Yearly)-Regular Plan-IDCW Reinvestment;;INF767K01AC0;34.1826;;;18-Mar-2026
134881;LIC MF ULIS (10 Yrs. Regular Premium Uniform Cover Monthly)-Direct Plan-IDCW Reinvestment;;INF767K01DT8;38.2571;;;18-Mar-2026
134863;LIC MF ULIS (10 Yrs. Regular Premium Uniform Cover Monthly)-Regular Plan-IDCW Reinvestment;;INF767K01AB2;34.1826;;;18-Mar-2026
135977;LIC MF ULIS (10 Yrs. Regular Premium Uniform Cover Quarterly)-Direct Plan-IDCW Reinvestment;;INF767K01PB0;38.2571;;;18-Mar-2026
135983;LIC MF ULIS (10 Yrs. Regular Premium Uniform Cover Quarterly)-Regular Plan-IDCW Reinvestment;;INF767K01PA2;34.1826;;;18-Mar-2026
134880;LIC MF ULIS (10 Yrs. Regular Premium Uniform Cover Yearly)-Direct Plan-IDCW Reinvestment;;INF767K01DV4;38.2571;;;18-Mar-2026
134868;LIC MF ULIS (10 Yrs. Regular Premium Uniform Cover Yearly)-Regular Plan-IDCW Reinvestment;;INF767K01AD8;34.1826;;;18-Mar-2026
134875;LIC MF ULIS (10 Yrs. Single Premium)-Direct Plan-IDCW Reinvestment;;INF767K01DP6;38.2571;;;18-Mar-2026
134846;LIC MF ULIS (10 Yrs. Single Premium)-Regular Plan-IDCW Reinvestment;;INF767K01972;34.1826;;;18-Mar-2026
134882;LIC MF ULIS (15 Yrs. Regular Premium Reducing Cover Half-Yearly)-Direct Plan-IDCW Reinvestment;;INF767K01DX0;38.2571;;;18-Mar-2026
134870;LIC MF ULIS (15 Yrs. Regular Premium Reducing Cover Half-Yearly)-Regular Plan-IDCW Reinvestment;;INF767K01AF3;34.1826;;;18-Mar-2026
134884;LIC MF ULIS (15 Yrs. Regular Premium Reducing Cover Monthly)-Direct Plan-IDCW Reinvestment;;INF767K01DW2;38.2571;;;18-Mar-2026
134869;LIC MF ULIS (15 Yrs. Regular Premium Reducing Cover Monthly)-Regular Plan-IDCW Reinvestment;;INF767K01AE6;34.1826;;;18-Mar-2026
135978;LIC MF ULIS (15 Yrs. Regular Premium Reducing Cover Quarterly)-Direct Plan-IDCW Reinvestment;;INF767K01OX7;38.2571;;;18-Mar-2026
135981;LIC MF ULIS (15 Yrs. Regular Premium Reducing Cover Quarterly)-Regular Plan-IDCW Reinvestment;;INF767K01OU3;34.1826;;;18-Mar-2026
134883;LIC MF ULIS (15 Yrs. Regular Premium Reducing Cover Yearly)-Direct Plan-IDCW Reinvestment;;INF767K01DY8;38.2571;;;18-Mar-2026
134871;LIC MF ULIS (15 Yrs. Regular Premium Reducing Cover Yearly)-Regular Plan-IDCW Reinvestment;;INF767K01AG1;34.1826;;;18-Mar-2026
134885;LIC MF ULIS (15 Yrs. Regular Premium Uniform Cover Half-Yearly)-Direct Plan-IDCW Reinvestment;;INF767K01EA6;38.2571;;;18-Mar-2026
134873;LIC MF ULIS (15 Yrs. Regular Premium Uniform Cover Half-Yearly)-Regular Plan-IDCW Reinvestment;;INF767K01AI7;34.1826;;;18-Mar-2026
134887;LIC MF ULIS (15 Yrs. Regular Premium Uniform Cover Monthly)-Direct Plan-IDCW Reinvestment;;INF767K01DZ5;38.2571;;;18-Mar-2026
134872;LIC MF ULIS (15 Yrs. Regular Premium Uniform Cover Monthly)-Regular Plan-IDCW Reinvestment;;INF767K01AH9;34.1826;;;18-Mar-2026
135980;LIC MF ULIS (15 Yrs. Regular Premium Uniform Cover Quarterly)-Direct Plan-IDCW Reinvestment;;INF767K01OZ2;38.2571;;;18-Mar-2026
135982;LIC MF ULIS (15 Yrs. Regular Premium Uniform Cover Quarterly)-Regular Plan-IDCW Reinvestment;;INF767K01OW9;34.1826;;;18-Mar-2026
134886;LIC MF ULIS (15 Yrs. Regular Premium Uniform Cover Yearly)-Direct Plan-IDCW Reinvestment;;INF767K01EB4;38.2571;;;18-Mar-2026
134874;LIC MF ULIS (15Yrs. Regular Premium Uniform Cover Yearly)-Regular Plan-IDCW Reinvestment;;INF767K01AJ5;34.1826;;;18-Mar-2026
120259;LIC MF ULIS (5 Yrs. Single Premium)-Direct Plan-IDCW Reinvestment;;INF767K01DO9;38.2571;;;18-Mar-2026
100325;LIC MF ULIS (5 Yrs. Single Premium)-Regular Plan-IDCW Reinvestment;;INF767K01964;34.1826;;;18-Mar-2026

Mahindra Manulife Mutual Fund
139781;Mahindra Manulife ELSS Tax Saver Fund - Direct Plan -Growth;INF174V01093;;31.6279;;;18-Mar-2026
139780;Mahindra Manulife ELSS Tax Saver Fund - Regular Plan - IDCW;INF174V01085;;15.8053;;;18-Mar-2026
139782;Mahindra Manulife ELSS Tax Saver Fund- Direct Plan - IDCW;INF174V01101;;19.9138;;;18-Mar-2026
139783;Mahindra Manulife ELSS Tax Saver Fund- Regular Plan - Growth;INF174V01077;;26.6922;;;18-Mar-2026

Navi Mutual Fund
135653;Navi ELSS Tax Saver Fund - Direct Plan IDCW Payout;INF959L01CE3;;32.0655;;;18-Mar-2026
135652;Navi ELSS Tax Saver Fund - Regular Plan IDCW Payout;INF959L01CG8;;27.0486;;;18-Mar-2026
135654;Navi ELSS Tax Saver Fund- Direct Plan- Growth Option;INF959L01CD5;;32.4689;;;18-Mar-2026
135655;Navi ELSS Tax Saver Fund- Regular Plan- Growth Option;INF959L01CF0;;27.0512;;;18-Mar-2026
151471;NAVI ELSS TAX SAVER NIFTY 50 INDEX FUND - DIRECT PLAN GROWTH;INF959L01GR6;;14.3738;;;18-Mar-2026
151473;NAVI ELSS TAX SAVER NIFTY 50 INDEX FUND - DIRECT PLAN IDCW PAYOUT;INF959L01GT2;;14.3803;;;18-Mar-2026
151472;NAVI ELSS TAX SAVER NIFTY 50 INDEX FUND - REGULAR PLAN GROWTH;INF959L01GS4;;13.9668;;;18-Mar-2026
151474;NAVI ELSS TAX SAVER NIFTY 50 INDEX FUND - REGULAR PLAN IDCW PAYOUT;INF959L01GU0;;14.022;;;18-Mar-2026

NJ Mutual Fund
151611;NJ ELSS Tax Saver Scheme Direct Growth;INF0J8L01115;;13.72;;;18-Mar-2026
151612;NJ ELSS Tax Saver Scheme Direct IDCW;INF0J8L01123;;13.72;;;18-Mar-2026
151609;NJ ELSS Tax Saver Scheme Regular Growth;INF0J8L01099;;13.07;;;18-Mar-2026
151610;NJ ELSS Tax Saver Scheme Regular IDCW;INF0J8L01107;;13.07;;;18-Mar-2026

Quantum Mutual Fund
111549;Quantum ELSS Tax Saver Fund - Direct Plan Growth Option;INF082J01069;;121.82;;;18-Mar-2026
111550;Quantum ELSS Tax Saver Fund - Direct Plan IDCW;INF082J01077;INF082J01085;121.04;;;18-Mar-2026
141070;Quantum ELSS Tax Saver Fund - Regular Plan Growth Option;INF082J01366;;115.30;;;18-Mar-2026
141071;Quantum ELSS Tax Saver Fund - Regular Plan IDCW;INF082J01374;;114.52;;;18-Mar-2026

Samco Mutual Fund
150838;Samco ELSS Tax Saver Fund - Direct Plan - Growth Option;INF0K1H01065;;12.21;;;18-Mar-2026
150839;Samco ELSS Tax Saver Fund - Regular Plan - Growth Option;INF0K1H01057;;11.66;;;18-Mar-2026

Shriram Mutual Fund
145819;Shriram ELSS Tax Saver Fund - Direct Growth;INF680P01158;;22.3754;;;18-Mar-2026
145822;Shriram ELSS Tax Saver Fund - Direct- IDCW;INF680P01166;;22.2005;;;18-Mar-2026
145820;Shriram ELSS Tax Saver Fund - Regular Growth;INF680P01133;;19.714;;;18-Mar-2026
145821;Shriram ELSS Tax Saver Fund - Regular-IDCW;INF680P01141;;19.7168;;;18-Mar-2026

Taurus Mutual Fund
118866;Taurus ELSS Tax Saver Fund - Direct Plan - Growth;INF044D01CG6;INF044D01AA3;186.25;;;18-Mar-2026
118867;Taurus ELSS Tax Saver Fund - Direct Plan - Payout of Income Distribution cum Capital Withdrawal option;INF044D01CH4;INF044D01CI2;85.84;;;18-Mar-2026
100480;Taurus ELSS Tax Saver Fund - Regular Plan - Growth;INF044D01AC9;;170.12;;;18-Mar-2026
108402;Taurus ELSS Tax Saver Fund - Regular Plan - Payout of Income Distribution cum Capital Withdrawal option;INF044D01997;;79.70;;;18-Mar-2026

UTI Mutual Fund
120715;UTI ELSS Tax Saver Fund - Direct Plan - Growth Option;INF789F01TF7;;216.7869;;;18-Mar-2026
120714;UTI ELSS Tax Saver Fund - Direct Plan - IDCW;INF789F01TD2;INF789F01TE0;51.0887;;;18-Mar-2026
100821;UTI ELSS Tax Saver Fund - Regular Plan - Growth Option;INF789F01547;;192.4421;;;18-Mar-2026
100820;UTI ELSS Tax Saver Fund - Regular Plan - IDCW;INF789F01521;INF789F01539;36.7643;;;18-Mar-2026

WhiteOak Capital Mutual Fund
150587;WhiteOak Capital ELSS Tax Saver Fund Direct Plan Growth;INF03VN01621;;17.072;;;18-Mar-2026
150586;WhiteOak Capital ELSS Tax Saver Fund Direct Plan IDCW;INF03VN01639;;17.072;;;18-Mar-2026
150589;WhiteOak Capital ELSS Tax Saver Fund Regular Plan Growth;INF03VN01647;;16.102;;;18-Mar-2026
150588;WhiteOak Capital ELSS Tax Saver Fund Regular Plan IDCW;INF03VN01654;;16.102;;;18-Mar-2026

Open Ended Schemes ( Debt Scheme - Overnight Fund )


Axis Mutual Fund
146679;Axis Overnight Fund - Direct Plan - Daily IDCW;;INF846K01N99;1000.5073;;;18-Mar-2026
146675;Axis Overnight Fund - Direct Plan - Growth Option;INF846K01N65;;1422.8752;;;18-Mar-2026
146677;Axis Overnight Fund - Direct Plan - Monthly IDCW;INF846K01N73;INF846K01N81;1003.7203;;;18-Mar-2026
146676;Axis Overnight Fund - Direct Plan - Weekly IDCW;INF846K01N40;INF846K01N57;1000.9864;;;18-Mar-2026
146682;Axis Overnight Fund - Regular Plan - Daily IDCW;;INF846K01O56;1000.5032;;;18-Mar-2026
146678;Axis Overnight Fund - Regular Plan - Growth Option;INF846K01O23;;1417.6300;;;18-Mar-2026
146681;Axis Overnight Fund - Regular Plan - Monthly IDCW;INF846K01O31;INF846K01O49;1003.6889;;;18-Mar-2026
146680;Axis Overnight Fund - Regular Plan - Weekly IDCW;INF846K01O07;INF846K01O15;1000.9535;;;18-Mar-2026

Bajaj Finserv Mutual Fund
153437;Bajaj Finserv Overnight Fund - Direct - Unclaimed less than 3 years IDCW Plan;INF0QA701AE3;;1047.6724;;;18-Mar-2026
153438;Bajaj Finserv Overnight Fund - Direct - Unclaimed less than 3 years Redemption Plan;INF0QA701AF0;;1054.4137;;;18-Mar-2026
151843;Bajaj Finserv Overnight Fund - Direct Plan - Daily - IDCW;;INF0QA701185;1033.1412;;;18-Mar-2026
151850;Bajaj Finserv Overnight Fund - Direct Plan - Fortnightly - IDCW;INF0QA701235;INF0QA701201;1034.4247;;;18-Mar-2026
151849;Bajaj Finserv Overnight Fund - Direct Plan - Growth;INF0QA701177;;1179.4630;;;18-Mar-2026
151845;Bajaj Finserv Overnight Fund - Direct Plan - Monthly - IDCW;INF0QA701243;INF0QA701219;1033.4320;;;18-Mar-2026
151844;Bajaj Finserv Overnight Fund - Direct Plan - Weekly - IDCW;INF0QA701227;INF0QA701193;1033.4398;;;18-Mar-2026
151852;Bajaj Finserv Overnight Fund - Regular Plan - Daily - IDCW;;INF0QA701292;1032.8859;;;18-Mar-2026
151847;Bajaj Finserv Overnight Fund - Regular Plan - Fortnightly - IDCW;INF0QA701318;INF0QA701276;1034.1767;;;18-Mar-2026
151851;Bajaj Finserv Overnight Fund - Regular Plan - Growth;INF0QA701250;;1177.8700;;;18-Mar-2026
151848;Bajaj Finserv Overnight Fund - Regular Plan - Monthly - IDCW;INF0QA701326;INF0QA701284;1033.1714;;;18-Mar-2026
151846;Bajaj Finserv Overnight Fund - Regular Plan - Weekly - IDCW;INF0QA701300;INF0QA701268;1033.1683;;;18-Mar-2026

Bandhan Mutual Fund
146190;BANDHAN Overnight Fund - Direct Plan - Daily IDCW;INF194KB1462;INF194KB1470;1000.0098;;;18-Mar-2026
146191;BANDHAN Overnight Fund - Direct Plan - Growth;INF194KB1447;;1433.6566;;;18-Mar-2026
146183;BANDHAN Overnight Fund - Direct Plan - Monthly IDCW;INF194KB1496;INF194KB1504;1002.7338;;;18-Mar-2026
146184;BANDHAN Overnight Fund - Direct Plan - Periodic IDCW;INF194KB1520;INF194KB1538;1306.4344;;;18-Mar-2026
146192;BANDHAN Overnight Fund - Direct Plan - Weekly IDCW;INF194KB1553;INF194KB1561;1000.7114;;;18-Mar-2026
146188;BANDHAN Overnight Fund - Regular Plan - Daily IDCW;INF194KB1330;INF194KB1348;1000.0098;;;18-Mar-2026
146187;BANDHAN Overnight Fund - Regular Plan - Growth;INF194KB1314;;1422.6222;;;18-Mar-2026
146185;BANDHAN Overnight Fund - Regular Plan - Monthly IDCW;INF194KB1363;INF194KB1371;1002.6178;;;18-Mar-2026
146189;BANDHAN Overnight Fund - Regular Plan - Weekly IDCW;INF194KB1421;INF194KB1439;1001.6127;;;18-Mar-2026
146186;BANDHAN Overnight Fund - REGULAR PLAN PERIODIC IDCW;INF194KB1397;INF194KB1405;1301.7438;;;18-Mar-2026

Bank of India Mutual Fund
147951;BANK OF INDIA Overnight Fund Direct Plan Growth;INF761K01EU7;;1364.9794;;;18-Mar-2026
147952;BANK OF INDIA Overnight Fund Direct Plan- Daily IDCW;;INF761K01EV5;1000.0000;;;18-Mar-2026
147948;BANK OF INDIA Overnight Fund Direct Plan- Monthly IDCW;INF761K01EY9;INF761K01EX1;1002.7060;;;18-Mar-2026
147936;BANK OF INDIA Overnight Fund Regular Plan Growth;INF761K01EZ6;;1360.9898;;;18-Mar-2026
147953;BANK OF INDIA Overnight Fund Regular Plan- Daily IDCW;;INF761K01FA6;1000.0000;;;18-Mar-2026
147949;BANK OF INDIA Overnight Fund Regular Plan- Monthly IDCW;INF761K01FD0;INF761K01FC2;1002.6866;;;18-Mar-2026
149412;BANK OF INDIA Overnight Fund Unclaimed IDCW Plan - Greater than 3 Years;;;1000.0000;;;18-Mar-2026
149414;BANK OF INDIA Overnight Fund Unclaimed IDCW Plan - Up to 3 Years;;;1283.3758;;;18-Mar-2026
149415;BANK OF INDIA Overnight Fund Unclaimed Redemption Plan - Greater than 3 Years;;;1000.0000;;;18-Mar-2026
149413;BANK OF INDIA Overnight Fund Unclaimed Redemption Plan - Upto 3 Years;;;1283.6578;;;18-Mar-2026

Baroda BNP Paribas Mutual Fund
147197;Baroda BNP Paribas Overnight Fund - Direct Plan - Daily IDCW;;INF955L01HW2;1000.0028;;;18-Mar-2026
147196;Baroda BNP Paribas Overnight Fund - Direct Plan - Growth;INF955L01HV4;;1411.9274;;;18-Mar-2026
147195;Baroda BNP Paribas Overnight Fund - Direct Plan - Weekly IDCW;;INF955L01HX0;1000.2514;;;18-Mar-2026
149988;Baroda BNP Paribas Overnight Fund - Plan C - Unclaimed IDCW - Greater than 3 years;;;1000.0000;;;18-Mar-2026
149991;Baroda BNP Paribas Overnight Fund - Plan C - Unclaimed IDCW - Up to 3 years;;;1266.8197;;;18-Mar-2026
149990;Baroda BNP Paribas Overnight Fund - Plan C - Unclaimed Redemption - Greater than 3 years;;;1000.0000;;;18-Mar-2026
149989;Baroda BNP Paribas Overnight Fund - Plan C - Unclaimed Redemption - Up to 3 years;;;1266.7901;;;18-Mar-2026
147194;Baroda BNP Paribas Overnight Fund - Regular Plan - Daily IDCW;;INF955L01HT8;1000.0018;;;18-Mar-2026
147193;Baroda BNP Paribas Overnight Fund - Regular Plan - Growth;INF955L01HS0;;1405.4726;;;18-Mar-2026
147198;Baroda BNP Paribas Overnight Fund - Regular Plan - Weekly IDCW;;INF955L01HU6;1000.7305;;;18-Mar-2026

Franklin Templeton Mutual Fund
147215;Franklin India Overnight Fund - Daily Dividend Plan - Daily - IDCW;;INF090I01SM2;1000.0001;;;18-Mar-2026
147212;Franklin India Overnight Fund - Direct Daily Dividend Plan - Daily - IDCW;;INF090I01ST7;1000.0007;;;18-Mar-2026
147211;Franklin India Overnight Fund - Direct Weekly Dividend Plan - Weekly - IDCW;INF090I01SR1;INF090I01SQ3;1000.4281;;;18-Mar-2026
147216;Franklin India Overnight Fund - Weekly Dividend Plan - Weekly - IDCW;INF090I01SN0;INF090I01SP5;1000.4293;;;18-Mar-2026
147213;Franklin India Overnight fund- Growth;INF090I01SO8;;1397.3289;;;18-Mar-2026
147214;Franklin India Overnight Fund- Growth - Direct;INF090I01SS9;;1402.0903;;;18-Mar-2026
149445;Franklin India Overnight Fund- Unclaimed IDCW Investor Education Plan;;;10.0000;;;18-Mar-2026
149443;Franklin India Overnight Fund- Unclaimed IDCW Plan;;;12.7255;;;18-Mar-2026
149444;Franklin India Overnight Fund- Unclaimed Redemption Investor EducationPlan;;;10.0000;;;18-Mar-2026
149446;Franklin India Overnight Fund- Unclaimed Redemption Plan;;;12.7255;;;18-Mar-2026

Groww Mutual Fund
147458;Groww Overnight Fund (formerly known as Indiabulls Overnight Fund)- Direct Plan- - Income Distribution cum capital withdrawal Option ( Reinvestment);;INF666M01GM6;1001.4107;;;18-Mar-2026
147452;Groww Overnight Fund (formerly known as Indiabulls Overnight Fund)- Direct Plan- Fortnightly - Income Distribution cum capital withdrawal Option (Payout & Reinvestment);INF666M01GP9;INF666M01GQ7;1216.0921;;;18-Mar-2026
147450;Groww Overnight Fund (formerly known as Indiabulls Overnight Fund)- Direct Plan- Growth Option;INF666M01GL8;;1385.0058;;;18-Mar-2026
147453;Groww Overnight Fund (formerly known as Indiabulls Overnight Fund)- Direct Plan- Monthly - Income Distribution cum capital withdrawal Option (Payout & Reinvestment);INF666M01GR5;INF666M01GS3;1003.3663;;;18-Mar-2026
147451;Groww Overnight Fund (formerly known as Indiabulls Overnight Fund)- Direct Plan- Weekly - Income Distribution cum capital withdrawal Option (Payout & Reinvestment);INF666M01GN4;INF666M01GO2;1002.4514;;;18-Mar-2026
147455;Groww Overnight Fund (formerly known as Indiabulls Overnight Fund)- Regular Plan- - Income Distribution cum capital withdrawal Option ( Reinvestment);;INF666M01GU9;1001.0451;;;18-Mar-2026
147457;Groww Overnight Fund (formerly known as Indiabulls Overnight Fund)- Regular Plan- Fortnightly - Income Distribution cum capital withdrawal Option (Payout & Reinvestment);INF666M01GX3;INF666M01GY1;1002.0151;;;18-Mar-2026
147454;Groww Overnight Fund (formerly known as Indiabulls Overnight Fund)- Regular Plan- Growth Option;INF666M01GT1;;1376.3579;;;18-Mar-2026
147459;Groww Overnight Fund (formerly known as Indiabulls Overnight Fund)- Regular Plan- Monthly - Income Distribution cum capital withdrawal Option (Payout & Reinvestment);INF666M01GZ8;INF666M01HA9;1003.3476;;;18-Mar-2026
147456;Groww Overnight Fund (formerly known as Indiabulls Overnight Fund)- Regular Plan- Weekly - Income Distribution cum capital withdrawal Option (Payout & Reinvestment);INF666M01GV7;INF666M01GW5;1001.2348;;;18-Mar-2026
149394;Groww Overnight Fund (formerly known as Indiabulls Overnight Fund)- Unclaimed Dividend < 3 years;;;1283.0353;;;18-Mar-2026
149396;Groww Overnight Fund (formerly known as Indiabulls Overnight Fund)- Unclaimed Redemption < 3 Years;;;1270.8686;;;18-Mar-2026
149395;Groww Overnight Fund (formerly known as Indiabulls Overnight Fund)- Unclaimed Redemption > 3 Years;;;1000;;;18-Mar-2026

HDFC Mutual Fund
119109;HDFC Overnight Fund - Daily IDCW Option - Direct Plan;;INF179KB1HY1;1042.66;;;18-Mar-2026
101996;HDFC Overnight Fund - Growth Option;INF179KB1HS3;;3943.971;;;18-Mar-2026
119110;HDFC Overnight Fund - Growth Option - Direct Plan;INF179KB1HT1;;3984.869;;;18-Mar-2026
101997;HDFC Overnight Fund - IDCW Option (Daily);;INF179KB1IF8;1042.66;;;18-Mar-2026

Helios Mutual Fund
152151;Helios Overnight Fund - Direct Plan - Daily IDCW Option;INF0R8701087;;1000.0000;;;18-Mar-2026
152152;Helios Overnight Fund - Direct Plan - Growth Option;INF0R8701079;;1153.0782;;;18-Mar-2026
152154;Helios Overnight Fund - Regular Plan - Daily IDCW Option;INF0R8701103;;1000.0000;;;18-Mar-2026
152153;Helios Overnight Fund - Regular Plan - Growth Option;INF0R8701095;;1151.6945;;;18-Mar-2026

HSBC Mutual Fund
147291;HSBC Overnight Fund - Direct Daily IDCW;;INF336L01OG4;1000.0149;;;18-Mar-2026
147287;HSBC Overnight Fund - Direct Growth;INF336L01OF6;;1406.7148;;;18-Mar-2026
147300;HSBC Overnight Fund - Direct Monthly IDCW;INF336L01OK6;INF336L01OI0;1002.8167;;;18-Mar-2026
147296;HSBC Overnight Fund - Direct Weekly IDCW;INF336L01OJ8;INF336L01OH2;1000.1517;;;18-Mar-2026
147289;HSBC Overnight Fund - Regular Daily IDCW;;INF336L01OM2;1000.0149;;;18-Mar-2026
147290;HSBC Overnight Fund - Regular Growth;INF336L01OL4;;1394.9225;;;18-Mar-2026
147301;HSBC Overnight Fund - Regular Monthly IDCW;INF336L01OQ3;INF336L01OO8;1002.8685;;;18-Mar-2026
147288;HSBC Overnight Fund - Regular Weekly IDCW;INF336L01OP5;INF336L01ON0;1000.1812;;;18-Mar-2026
150501;HSBC Overnight Fund - Unclaimed IDCW Above three years;;;1000;;;18-Mar-2026
150499;HSBC Overnight Fund - Unclaimed IDCW Below three years;;;1248.4482;;;18-Mar-2026
150500;HSBC Overnight Fund - Unclaimed Redemption above three years;;;1000;;;18-Mar-2026
150502;HSBC Overnight Fund - Unclaimed Redemption Below three years;;;1248.4675;;;18-Mar-2026

ICICI Prudential Mutual Fund
145547;ICICI Prudential Overnight Fund - Daily IDCW;;INF109KC18E1;1000.0050;;;18-Mar-2026
145537;ICICI Prudential Overnight Fund - Direct Plan - Daily IDCW;;INF109KC12G9;1000.0050;;;18-Mar-2026
145536;ICICI Prudential Overnight Fund - Direct Plan - Growth;INF109KC11G1;;1448.5117;;;18-Mar-2026
149411;ICICI Prudential Overnight fund - Direct Plan - Unclaimed IDCW Stable Scheme;INF109KC18H4;;1000.0000;;;18-Mar-2026
149408;ICICI Prudential Overnight fund - Direct Plan - Unclaimed IDCW Transitory Scheme;INF109KC16H8;;1278.0457;;;18-Mar-2026
149409;ICICI Prudential Overnight fund - Direct Plan - Unclaimed Redemption Stable Scheme;INF109KC17H6;;1000.0000;;;18-Mar-2026
149410;ICICI Prudential Overnight fund - Direct Plan - Unclaimed Redemption Transitory Scheme;INF109KC15H0;;1278.0609;;;18-Mar-2026
145539;ICICI Prudential Overnight Fund - Direct Plan - Weekly IDCW;INF109KC16G0;INF109KC15G2;1000.2881;;;18-Mar-2026
145535;ICICI Prudential Overnight Fund - Growth;INF109KC17E3;;1439.7111;;;18-Mar-2026
145538;ICICI Prudential Overnight Fund - Weekly IDCW;INF109KC12F1;INF109KC11F3;1000.2849;;;18-Mar-2026

ITI Mutual Fund
147707;ITI Overnight Fund - Direct Plan - Annual IDCW Option;INF00XX01648;INF00XX01614;1007.5380;;;18-Mar-2026
147708;ITI Overnight Fund - Direct Plan - Daily IDCW Option;;INF00XX01572;1001.0000;;;18-Mar-2026
147710;ITI Overnight Fund - Direct Plan - Fortnightly IDCW Option;INF00XX01622;INF00XX01598;1001.9332;;;18-Mar-2026
147713;ITI Overnight Fund - Direct Plan - Growth Option;INF00XX01564;;1360.8092;;;18-Mar-2026
147717;ITI Overnight Fund - Direct Plan - Monthly IDCW Option;INF00XX01630;INF00XX01606;1003.5996;;;18-Mar-2026
147711;ITI Overnight Fund - Direct Plan - Weekly IDCW option;;INF00XX01580;1001.1387;;;18-Mar-2026
147715;ITI Overnight Fund - Regular Plan - Annual IDCW Option;INF00XX01556;INF00XX01523;1007.3020;;;18-Mar-2026
147709;ITI Overnight Fund - Regular Plan - Daily IDCW Option;;INF00XX01481;1001.0001;;;18-Mar-2026
147716;ITI Overnight Fund - Regular Plan - Fortnightly IDCW Option;INF00XX01531;INF00XX01507;1001.9764;;;18-Mar-2026
147714;ITI Overnight Fund - Regular Plan - Growth Option;INF00XX01473;;1352.0086;;;18-Mar-2026
147718;ITI Overnight Fund - Regular Plan - Monthly IDCW Option;INF00XX01549;INF00XX01515;1001.0714;;;18-Mar-2026
147712;ITI Overnight Fund - Regular Plan - Weekly IDCW Option;;INF00XX01499;1001.1457;;;18-Mar-2026

Jio BlackRock Mutual Fund
153650;JioBlackRock Overnight Fund - Direct Plan - Growth Option;INF22M001036;;1037.9379;;;18-Mar-2026
154070;JioBlackRock Overnight Fund - Unclaimed Redemption - Upto 3 years - Growth Option;;;1014.9359;;;18-Mar-2026

JM Financial Mutual Fund
147838;JM Overnight Fund (Direct) - Daily IDCW;;INF192K01LY2;1000;;;18-Mar-2026
147835;JM Overnight Fund (Direct) - Weekly IDCW;INF192K01LZ9;INF192K01MA0;1000.1284;;;18-Mar-2026
147839;JM Overnight Fund (Regular) - Daily IDCW;;INF192K01LU0;1000;;;18-Mar-2026
147836;JM Overnight Fund (Regular) - Growth;INF192K01LX4;;1356.6986;;;18-Mar-2026
147834;JM Overnight Fund (Regular) - Weekly IDCW;INF192K01LV8;INF192K01LW6;1000.1373;;;18-Mar-2026
147837;JM Overnight Fund - (Direct) - Growth;INF192K01MB8;;1362.6682;;;18-Mar-2026
149828;JM Overnight Fund - (Direct) - Unclaimed IDCW - Growth Plan;;;1368.7349;;;18-Mar-2026
149827;JM Overnight Fund - (Direct) - Unclaimed IDCW I.E.F. - Growth Plan;;;1073.9936;;;18-Mar-2026
149829;JM Overnight Fund - (Direct) - Unclaimed Redemption - Growth Plan;;;1362.6878;;;18-Mar-2026
149826;JM Overnight Fund - (Direct) - Unclaimed Redemption I.E.F. - Growth Plan;;;1073.9936;;;18-Mar-2026

Kotak Mahindra Mutual Fund
146141;Kotak Overnight Fund -Direct Plan-Growth Option;INF174KA1BF9;;1434.162;;;18-Mar-2026
146142;Kotak Overnight Fund -Regular plan-Growth Option;INF174KA1BC6;;1424.843;;;18-Mar-2026
146140;Kotak Overnight Fund-Direct Plan- Daily Reinvestment of Income Distribution cum capital withdrawal option;;INF174KA1BE2;1003.6055;;;18-Mar-2026
146138;Kotak Overnight Fund-Regular Plan- Daily Reinvestment of Income Distribution cum capital withdrawal option;;INF174KA1BB8;1004.7568;;;18-Mar-2026

LIC Mutual Fund
147516;LIC MF Overnight Fund-Direct Plan-Daily IDCW;;INF767K01QG7;1103.3049;;;18-Mar-2026
147515;LIC MF Overnight Fund-Direct Plan-Growth;INF767K01QI3;;1393.4106;;;18-Mar-2026
147513;LIC MF Overnight Fund-Direct Plan-IDCW;INF767K01QE2;INF767K01QF9;1393.5773;;;18-Mar-2026
147514;LIC MF Overnight Fund-Direct Plan-Weekly IDCW;;INF767K01QH5;1086.9151;;;18-Mar-2026
147517;LIC MF Overnight Fund-Regular Plan-Daily IDCW;;INF767K01QB8;1101.3062;;;18-Mar-2026
147519;LIC MF Overnight Fund-Regular Plan-Growth;INF767K01QD4;;1381.9714;;;18-Mar-2026
147512;LIC MF Overnight Fund-Regular Plan-IDCW;INF767K01PZ9;INF767K01QA0;1222.3596;;;18-Mar-2026
147518;LIC MF Overnight Fund-Regular Plan-Weekly IDCW;;INF767K01QC6;1179.4645;;;18-Mar-2026

Mahindra Manulife Mutual Fund
147563;Mahindra Manulife Overnight Fund - Direct Plan - Daily IDCW;;INF174V01846;1394.9091;;;18-Mar-2026
147564;Mahindra Manulife Overnight Fund - Direct Plan -Growth;INF174V01838;;1391.4870;;;18-Mar-2026
147566;Mahindra Manulife Overnight Fund - Regular Plan - Daily IDCW;;INF174V01820;1225.7618;;;18-Mar-2026
147565;Mahindra Manulife Overnight Fund - Regular Plan - Growth;INF174V01812;;1382.1514;;;18-Mar-2026
149471;Mahindra Manulife Overnight Fund - Unclaimed Redemption/IDCW beyond 3 years;;;1000.0000;;;18-Mar-2026
149470;Mahindra Manulife Overnight Fund - Unclaimed Redemption/IDCW upto 3 years;;;1275.8713;;;18-Mar-2026

NJ Mutual Fund
150369;NJ Overnight Fund - Direct Plan - Growth Option;INF0J8L01081;;1244.0645;;;18-Mar-2026
150368;NJ Overnight Fund - Regular Plan - Growth Option;INF0J8L01073;;1239.5274;;;18-Mar-2026
152116;NJ Overnight Fund - Unclaimed Redemption Plan - Upto 3 Years;;;1080.6345;;;18-Mar-2026

Samco Mutual Fund
150631;Samco Overnight Fund - Direct Plan - Growth Option;INF0K1H01040;;1228.0407;;;18-Mar-2026
150632;Samco Overnight Fund - Regular Plan - Growth Option;INF0K1H01032;;1218.9888;;;18-Mar-2026
153021;Samco Overnight Fund - Unclaimed Redemption Upto 3 years;;;1074.4300;;;18-Mar-2026

Shriram Mutual Fund
150562;Shriram Overnight Fund -  Direct Growth;INF680P01323;;12.4123;;;18-Mar-2026
150561;Shriram Overnight Fund - Direct Daily IDCW;;INF680P01331;10.0001;;;18-Mar-2026
150567;Shriram Overnight Fund - Direct Monthly IDCW;INF680P01380;INF680P01398;10.0028;;;18-Mar-2026
150558;Shriram Overnight Fund - Regular Daily IDCW;;INF680P01257;10.0001;;;18-Mar-2026
150565;Shriram Overnight Fund - Regular Growth;INF680P01232;;12.3757;;;18-Mar-2026
150560;Shriram Overnight Fund - Regular Monthly IDCW;INF680P01307;INF680P01315;10.0032;;;18-Mar-2026

Trust Mutual Fund
149796;TRUST MF OVERNIGHT FUND-DIRECT PLAN-DAILY IDCW REINVESTMENT;;INF0GCD01461;1244.1331;;;18-Mar-2026
149797;TRUST MF OVERNIGHT FUND-DIRECT PLAN-GROWTH;INF0GCD01453;;1271.3674;;;18-Mar-2026
149798;TRUST MF OVERNIGHT FUND-REGULAR PLAN-DAILY IDCW REINVESTMENT;;INF0GCD01446;1241.5412;;;18-Mar-2026
149795;TRUST MF OVERNIGHT FUND-REGULAR-GROWTH;INF0GCD01438;;1268.7411;;;18-Mar-2026

UTI Mutual Fund
100814;UTI - Overnight  Fund - Regular Plan - Growth Option;INF789F01604;;3638.6391;;;18-Mar-2026
120785;UTI - Overnight Fund - Direct Plan - Growth Option;INF789FB1S71;;3679.417;;;18-Mar-2026
124266;UTI Overnight Fund - Direct Plan - Daily IDCW;;INF789FB1S89;1371.6621;;;18-Mar-2026
120786;UTI Overnight Fund - Direct Plan - Periodic IDCW;INF789FB1T05;INF789FB1S97;1931.0092;;;18-Mar-2026
124265;UTI Overnight Fund - Regular Plan - Daily IDCW;;INF789FB1T13;1370.8617;;;18-Mar-2026
100813;UTI Overnight Fund - Regular Plan - Periodic IDCW;INF789F01588;INF789F01596;1874.5002;;;18-Mar-2026

Zerodha Mutual Fund
153436;Zerodha Overnight Fund - Direct Plan - Growth Option;INF0R8F01075;;10.5215;;;18-Mar-2026

Open Ended Schemes ( Debt Scheme - Liquid Fund )


Abakkus Mutual Fund
154049;Abakkus Liquid Fund - Direct Plan - Daily IDCW Reinvestment;;INF2JJD01011;100.0183;;;18-Mar-2026
154051;Abakkus Liquid Fund - Direct Plan - Growth;INF2JJD01029;;101.3877;;;18-Mar-2026
154055;Abakkus Liquid Fund - Direct Plan - Monthly IDCW Reinvestment;;INF2JJD01037;100.0594;;;18-Mar-2026
154052;Abakkus Liquid Fund - Direct Plan - Quarterly IDCW Reinvestment;;INF2JJD01052;101.3870;;;18-Mar-2026
154050;Abakkus Liquid Fund - Direct Plan - Weekly IDCW Reinvestment;;INF2JJD01045;100.0559;;;18-Mar-2026
154053;Abakkus Liquid Fund - Regular Plan - Daily IDCW Reinvestment;;INF2JJD01060;100.0200;;;18-Mar-2026
154047;Abakkus Liquid Fund - Regular Plan - Growth;INF2JJD01078;;101.3661;;;18-Mar-2026
154048;Abakkus Liquid Fund - Regular Plan - Monthly IDCW Reinvestment;;INF2JJD01086;100.0590;;;18-Mar-2026
154054;Abakkus Liquid Fund - Regular Plan - Quarterly IDCW Reinvestment;;INF2JJD01102;101.3663;;;18-Mar-2026
154056;Abakkus Liquid Fund - Regular Plan - Weekly IDCW Reinvestment;;INF2JJD01094;100.0605;;;18-Mar-2026

Axis Mutual Fund
120388;Axis Liquid Fund - Direct Plan - Daily IDCW;;INF846K01DA0;1000.9560;;;18-Mar-2026
120389;Axis Liquid Fund - Direct Plan - Growth Option;INF846K01CX4;;3056.9104;;;18-Mar-2026
120391;Axis Liquid Fund - Direct Plan - Monthly IDCW;INF846K01CY2;INF846K01CZ9;1003.8052;;;18-Mar-2026
120390;Axis Liquid Fund - Direct Plan - Weekly IDCW;INF846K01DB8;INF846K01DC6;1002.5747;;;18-Mar-2026
112211;Axis Liquid Fund - Regular Plan - Daily IDCW;;INF846K01420;1001.3998;;;18-Mar-2026
112210;Axis Liquid Fund - Regular Plan - Growth Option;INF846K01412;;3028.8725;;;18-Mar-2026
112213;Axis Liquid Fund - Regular Plan - Monthly IDCW;INF846K01453;INF846K01461;1004.3395;;;18-Mar-2026
112212;Axis Liquid Fund - Regular Plan - Weekly IDCW;INF846K01438;INF846K01446;1002.5692;;;18-Mar-2026
112712;Axis Liquid Fund - Retail Plan - Daily IDCW;;INF846K01362;1000.9559;;;18-Mar-2026
112713;Axis Liquid Fund - Retail Plan - Growth Option;INF846K01354;;2763.8116;;;18-Mar-2026
112714;Axis Liquid Fund - Retail Plan - Monthly IDCW;INF846K01396;INF846K01404;1003.4276;;;18-Mar-2026
112715;Axis Liquid Fund - Retail Plan - Weekly IDCW;INF846K01370;INF846K01388;1001.1765;;;18-Mar-2026

Bajaj Finserv Mutual Fund
151835;Bajaj Finserv Liquid Fund - Direct Plan - Daily - IDCW;;INF0QA701029;1034.6939;;;18-Mar-2026
151838;Bajaj Finserv Liquid Fund - Direct Plan - Fortnightly - IDCW;INF0QA701078;INF0QA701045;1036.0627;;;18-Mar-2026
151833;Bajaj Finserv Liquid Fund - Direct Plan - Growth;INF0QA701011;;1199.4788;;;18-Mar-2026
151836;Bajaj Finserv Liquid Fund - Direct Plan - Monthly - IDCW;INF0QA701086;INF0QA701052;1035.2330;;;18-Mar-2026
151834;Bajaj Finserv Liquid Fund - Direct Plan - Weekly - IDCW;INF0QA701060;INF0QA701037;1035.2138;;;18-Mar-2026
151839;Bajaj Finserv Liquid Fund - Regular Plan - Daily - IDCW;;INF0QA701136;1033.8241;;;18-Mar-2026
151841;Bajaj Finserv Liquid Fund - Regular Plan - Fortnightly - IDCW;INF0QA701151;INF0QA701110;1035.1299;;;18-Mar-2026
151837;Bajaj Finserv Liquid Fund - Regular Plan - Growth;INF0QA701094;;1193.8764;;;18-Mar-2026
151842;Bajaj Finserv Liquid Fund - Regular Plan - Monthly - IDCW;INF0QA701169;INF0QA701128;1034.3492;;;18-Mar-2026
151840;Bajaj Finserv Liquid Fund - Regular Plan - Weekly - IDCW;INF0QA701144;INF0QA701102;1034.3457;;;18-Mar-2026

Bandhan Mutual Fund
108692;BANDHAN LIQUID Fund - Regular Plan - Daily IDCW;INF194K01VZ4;INF194K01VY7;1001.4161;;;18-Mar-2026
108690;BANDHAN LIQUID Fund - Regular Plan - Growth;INF194K01VX9;;3283.3832;;;18-Mar-2026
108693;BANDHAN LIQUID Fund - Regular Plan - Monthly IDCW;INF194K01WF4;INF194K01WE7;1003.6557;;;18-Mar-2026
115489;BANDHAN LIQUID Fund - Regular Plan - Periodic IDCW;INF194K01WC1;INF194K01WB3;1417.5720;;;18-Mar-2026
108691;BANDHAN LIQUID Fund - Regular Plan - Weekly IDCW;INF194K01WI8;INF194K01WH0;1002.2560;;;18-Mar-2026
139582;BANDHAN LIQUID Fund - Unclaimed IDCW Less than 3 years;INF194KA14C0;;1.7675;;;18-Mar-2026
139583;BANDHAN LIQUID Fund - Unclaimed IDCW More than 3 years;INF194KA15C7;;1.0000;;;18-Mar-2026
139584;BANDHAN LIQUID Fund - Unclaimed Redemption Less than 3 years;INF194KA12C4;;1.7675;;;18-Mar-2026
139585;BANDHAN LIQUID Fund - Unclaimed Redemption More than 3 years;INF194KA13C2;;1.0000;;;18-Mar-2026
118365;BANDHAN LIQUID Fund -Direct Plan -Monthly IDCW;INF194K01J36;INF194K01J28;1010.0462;;;18-Mar-2026
118367;BANDHAN LIQUID Fund -Direct Plan -Weekly IDCW;INF194KB1JT8;INF194K01J51;1008.0233;;;18-Mar-2026
118366;BANDHAN LIQUID Fund -Direct Plan-Daily IDCW;;INF194K01I78;1001.6663;;;18-Mar-2026
118364;BANDHAN LIQUID Fund -Direct Plan-Growth;INF194K01I60;;3318.6048;;;18-Mar-2026
118363;BANDHAN LIQUID Fund -Direct Plan-Periodic IDCW;INF194K01J02;INF194K01I94;1336.9526;;;18-Mar-2026

Bank of India Mutual Fund
119368;BANK OF INDIA Liquid Fund- Direct Plan- Daily IDCW;;INF761K01CL0;1005.0000;;;18-Mar-2026
119369;BANK OF INDIA Liquid Fund- Direct Plan- Growth;INF761K01785;;3165.8103;;;18-Mar-2026
119370;BANK OF INDIA Liquid Fund- Direct Plan- Weekly IDCW;;INF761K01CM8;1005.5150;;;18-Mar-2026
111971;BANK OF INDIA Liquid Fund- Regular Plan- Daily IDCW;;INF761K01CO4;1005.0000;;;18-Mar-2026
109254;BANK OF INDIA Liquid Fund- Regular Plan- Growth;INF761K01306;;3133.8283;;;18-Mar-2026
109255;BANK OF INDIA Liquid Fund- Regular Plan- Weekly IDCW;;INF761K01CP1;1005.5133;;;18-Mar-2026

Baroda BNP Paribas Mutual Fund
119414;Baroda BNP Paribas LIQUID FUND - DIRECT PLAN - DAILY IDCW OPTION;INF955L01AK2;;1002.0849;;;18-Mar-2026
119415;Baroda BNP Paribas LIQUID FUND - DIRECT PLAN - GROWTH OPTION;INF955L01AL0;;3168.1778;;;18-Mar-2026
119416;Baroda BNP Paribas LIQUID FUND - DIRECT PLAN - WEEKLY IDCW OPTION;INF251K01SL8;;1219.6240;;;18-Mar-2026
111707;Baroda BNP Paribas LIQUID FUND - Regular Plan - DAILY IDCW OPTION;INF955L01468;INF955L01476;1001.1996;;;18-Mar-2026
111704;Baroda BNP Paribas LIQUID FUND - Regular Plan - GROWTH OPTION;INF955L01484;;3125.8703;;;18-Mar-2026
111705;Baroda BNP Paribas LIQUID FUND - Regular Plan - WEEKLY IDCW OPTION;INF251K01SK0;INF955L01500;1000.2955;;;18-Mar-2026
101408;Baroda BNP Paribas LIQUID FUND- Defunct Plan -Growth Option;INF955L01575;;4602.0097;;;18-Mar-2026
101407;Baroda BNP Paribas LIQUID FUND-Defunct Plan- IDCW Option;INF955L01559;INF955L01567;3797.0793;;;18-Mar-2026

Franklin Templeton Mutual Fund
100541;Franklin India Liquid Fund - Regular Plan - Daily - IDCW;;INF090I01BA3;1509.1927;;;18-Mar-2026
100538;Franklin India Liquid Fund - Regular Plan - Growth;INF090I01BB1;;6130.5792;;;18-Mar-2026
100537;Franklin India Liquid Fund - Regular Plan - Weekly - IDCW;INF090I01BL0;INF090I01BI6;1244.9270;;;18-Mar-2026
118577;Franklin India Liquid Fund - Super Institutional - Direct - Growth;INF090I01JV2;;4131.0103;;;18-Mar-2026
100547;Franklin India Liquid Fund - Super Institutional Plan - Daily - IDCW;;INF090I01BF2;1000.0000;;;18-Mar-2026
118578;Franklin India Liquid Fund - Super Institutional Plan - Direct - Daily - IDCW;INF090I01JW0;;1002.2672;;;18-Mar-2026
118579;Franklin India Liquid Fund - Super Institutional Plan - Direct - Weekly - IDCW;INF090I01JX8;INF090I01JY6;1022.0379;;;18-Mar-2026
100546;Franklin India Liquid Fund - Super Institutional Plan - Growth;INF090I01BG0;;4095.2348;;;18-Mar-2026
100548;Franklin India Liquid Fund - Super Institutional Plan - Weekly - IDCW;INF090I01BM8;INF090I01BH8;1034.6437;;;18-Mar-2026
139892;Franklin India Liquid Fund - Unclaimed IDCW Investor Education Plan - Growth;INF090I01LR6;;10.0000;;;18-Mar-2026
139890;Franklin India Liquid Fund - Unclaimed IDCW Plan - Growth;INF090I01LP0;;17.4319;;;18-Mar-2026
139891;Franklin India Liquid Fund - Unclaimed Redemption Investor Education Plan - Growth;INF090I01LQ8;;10.0000;;;18-Mar-2026
139889;Franklin India Liquid Fund - Unclaimed Redemption Plan - Growth;INF090I01LO3;;17.4319;;;18-Mar-2026
102443;Franklin India Liquid Fund - Institutional Plan - Daily - IDCW;;INF090I01BC9;1000.0000;;;18-Mar-2026
102442;Franklin India Liquid Fund - Institutional Plan - Weekly - IDCW;INF090I01BJ4;INF090I01BE5;1055.2796;;;18-Mar-2026

Groww Mutual Fund
119135;Groww Liquid Fund ( formerly known as Indiabulls Liquid )Fund - Direct Plan - Growth Option;INF666M01451;;2664.8028;;;18-Mar-2026
119136;Groww Liquid Fund (formerly known as Indiabulls Liquid Fund) - Direct Plan- - Income Distribution cum capital withdrawal Option ( Reinvestment);;INF666M01469;1002.0907;;;18-Mar-2026
115991;Groww Liquid Fund (formerly known as Indiabulls Liquid Fund) - Regular Plan - Growth Option;INF666M01014;;2630.7226;;;18-Mar-2026
119138;Groww Liquid Fund (formerly known as Indiabulls Liquid Fund)- Direct Plan- Fortnightly - Income Distribution cum capital withdrawal Option (Payout & Reinvestment);INF666M01501;INF666M01485;1003.0812;;;18-Mar-2026
119139;Groww Liquid Fund (formerly known as Indiabulls Liquid Fund)- Direct Plan- Monthly - Income Distribution cum capital withdrawal Option (Payout & Reinvestment);INF666M01519;INF666M01493;1031.9233;;;18-Mar-2026
119137;Groww Liquid Fund (formerly known as Indiabulls Liquid Fund)- Direct Plan- Weekly - Income Distribution cum capital withdrawal Option (Payout & Reinvestment);INF666M01527;INF666M01477;1002.2789;;;18-Mar-2026
115992;Groww Liquid Fund (formerly known as Indiabulls Liquid Fund)- Regular Plan- - Income Distribution cum capital withdrawal Option (Reinvestment);;INF666M01022;1002.0894;;;18-Mar-2026
115995;Groww Liquid Fund (formerly known as Indiabulls Liquid Fund)- Regular Plan- Monthly - Income Distribution cum capital withdrawal Option (Payout & Reinvestment);INF666M01071;INF666M01055;1004.1635;;;18-Mar-2026
115993;Groww Liquid Fund (formerly known as Indiabulls Liquid Fund)- Regular Plan- Weekly - Income Distribution cum capital withdrawal Option (Payout & Reinvestment);INF666M01089;INF666M01030;1002.2726;;;18-Mar-2026
115994;Groww Liquid Fund (formerly known as Indiabulls Liquid) Fund- Regular Plan- Fortnightly - Income Distribution cum capital withdrawal Option (Payout & Reinvestment);INF666M01063;INF666M01048;1003.0456;;;18-Mar-2026

HDFC Mutual Fund
119091;HDFC Liquid Fund - Growth Option - Direct Plan;INF179KB1HP9;;5396.7734;;;18-Mar-2026
100868;HDFC Liquid Fund - Growth Plan;INF179KB1HK0;;5335.5392;;;18-Mar-2026
100875;HDFC Liquid Fund - IDCW Daily;;INF179KB1IC5;1019.82;;;18-Mar-2026
119089;HDFC Liquid Fund - IDCW Daily - Direct Plan;;INF179KB1HV7;1019.82;;;18-Mar-2026
100876;HDFC Liquid Fund - IDCW Monthly;INF179KB1HM6;INF179KB1HL8;1029.6781;;;18-Mar-2026
119090;HDFC Liquid Fund - IDCW Monthly - Direct Plan;INF179KB1HO2;INF179KB1HQ7;1029.7497;;;18-Mar-2026
100874;HDFC Liquid Fund - IDCW Plan Weekly;INF179KB1ID3;;1031.4975;;;18-Mar-2026
119088;HDFC Liquid Fund - IDCW Weekly - Direct Plan;;;1031.504;;;18-Mar-2026

HSBC Mutual Fund
120038;HSBC Liquid Fund -  Growth Direct;INF336L01CC8;;2738.2261;;;18-Mar-2026
120037;HSBC Liquid Fund - Direct Daily IDCW;;INF336L01CB0;1001.576;;;18-Mar-2026
120039;HSBC Liquid Fund - Direct Monthly IDCW;INF336L01BZ1;INF336L01CA2;1041.0893;;;18-Mar-2026
120040;HSBC Liquid Fund - Direct Weekly IDCW;INF336L01LK2;INF336L01CD6;1195.403;;;18-Mar-2026
118907;HSBC Liquid Fund - Growth;INF336L01BL1;;3911.644;;;18-Mar-2026
118906;HSBC Liquid Fund - IDCW;;INF336L01BK3;1019.3;;;18-Mar-2026
118909;HSBC Liquid Fund - Institutional Daily IDCW;;INF336L01BS6;1562.8262;;;18-Mar-2026
118901;HSBC Liquid Fund - Regular Daily IDCW;;INF336L01BM9;1001.3789;;;18-Mar-2026
118902;HSBC Liquid Fund - Regular Growth;INF336L01BN7;;2711.14;;;18-Mar-2026
118903;HSBC Liquid Fund - Regular Monthly IDCW;INF336L01BP2;INF336L01BO5;1005.3506;;;18-Mar-2026
118904;HSBC Liquid Fund - Regular Weekly IDCW;INF336L01LJ4;INF336L01BQ0;1107.6935;;;18-Mar-2026
118908;HSBC Liquid Fund - Weekly IDCW;;INF336L01BR8;1001.5106;;;18-Mar-2026

ICICI Prudential Mutual Fund
103343;ICICI Prudential Liquid Fund - Daily IDCW;INF109K01VP3;;100.1482;;;18-Mar-2026
120191;ICICI Prudential Liquid Fund - Direct Plan -  IDCW Others;INF109K01Q31;INF109K01Q23;188.6212;;;18-Mar-2026
120188;ICICI Prudential Liquid Fund - Direct Plan - Daily IDCW;;INF109K01Q15;100.1082;;;18-Mar-2026
120197;ICICI Prudential Liquid Fund - Direct Plan - Growth;INF109K01Q49;;406.6881;;;18-Mar-2026
120190;ICICI Prudential Liquid Fund - Direct Plan - Weekly IDCW;INF109K01Q98;;100.2289;;;18-Mar-2026
103340;ICICI Prudential Liquid Fund - Growth;INF109K01VQ1;;402.4899;;;18-Mar-2026
115505;ICICI Prudential Liquid Fund - IDCW Others;INF109K01VU3;INF109K01VT5;187.0563;;;18-Mar-2026
103342;ICICI Prudential Liquid Fund - Weekly IDCW;INF109K01VS7;;100.2031;;;18-Mar-2026

ITI Mutual Fund
147161;ITI Liquid Fund - Direct Plan - Annually IDCW Option;INF00XX01366;INF00XX01333;1430.8508;;;18-Mar-2026
147158;ITI Liquid Fund - Direct Plan - Daily IDCW Option;;INF00XX01291;1001.0000;;;18-Mar-2026
147160;ITI Liquid Fund - Direct Plan - Fortnightly IDCW Option;INF00XX01341;INF00XX01317;1001.9470;;;18-Mar-2026
147157;ITI Liquid Fund - Direct Plan - Growth Option;INF00XX01283;;1428.9640;;;18-Mar-2026
147163;ITI Liquid Fund - Direct Plan - Monthly IDCW Option;INF00XX01358;INF00XX01325;1003.7661;;;18-Mar-2026
147159;ITI Liquid Fund - Direct Plan - Weekly IDCW Option;;INF00XX01309;1001.1338;;;18-Mar-2026
147162;ITI Liquid Fund - Regular Plan - Annually IDCW Option;INF00XX01275;INF00XX01242;1423.5714;;;18-Mar-2026
147154;ITI Liquid Fund - Regular Plan - Daily IDCW Option;;INF00XX01200;1001.0000;;;18-Mar-2026
147155;ITI Liquid Fund - Regular Plan - Fortnightly Income Distribution cum capital withdrawal option Option;INF00XX01259;INF00XX01226;1001.9203;;;18-Mar-2026
147153;ITI Liquid Fund - Regular Plan - Growth Option;INF00XX01192;;1415.2754;;;18-Mar-2026
147156;ITI Liquid Fund - Regular Plan - Monthly IDCW Option;INF00XX01267;INF00XX01234;1001.1538;;;18-Mar-2026
147164;ITI Liquid Fund - Regular Plan - Weekly IDCW Option;;INF00XX01218;1001.1293;;;18-Mar-2026

Jio BlackRock Mutual Fund
153651;JioBlackRock Liquid Fund - Direct Plan - Growth Option;INF22M001010;;1041.9759;;;18-Mar-2026

JM Financial Mutual Fund
120411;JM Liquid Fund (Direct) - Daily IDCW;;INF192K01CH6;10.4302;;;18-Mar-2026
120406;JM Liquid Fund (Direct) - Growth Option;INF192K01CM6;;75.0112;;;18-Mar-2026
120408;JM Liquid Fund (Direct) - Quarterly IDCW;INF192K01CK0;INF192K01CL8;42.5869;;;18-Mar-2026
120407;JM Liquid Fund (Direct) - Weekly IDCW;INF192K01CI4;INF192K01CJ2;11.0082;;;18-Mar-2026
100244;JM Liquid Fund (Regular) - Quarterly IDCW;INF192K01866;INF192K01874;41.9776;;;18-Mar-2026
100247;JM Liquid Fund (Regular) - Super Institutional Plan - Growth Option;INF192K01981;;42.6401;;;18-Mar-2026
100233;JM Liquid Fund (Regular) - Weekly IDCW;INF192K01841;INF192K01858;11.0056;;;18-Mar-2026
100234;JM Liquid Fund - Growth Option;INF192K01882;;74.1641;;;18-Mar-2026
148414;JM Liquid Fund - Unclaimed Application Refund Amount I.E.F. (Direct) - Growth Plan;;;41.4437;;;18-Mar-2026
148413;JM Liquid Fund - Unclaimed Brokerage I.E.F. (Direct) - Growth Plan;;;41.4437;;;18-Mar-2026
101549;JM Liquid Fund (Regular) - Bonus Option - Principal Units;INF192K01890;;23.7476;;;18-Mar-2026
101078;JM Liquid Fund (Regular) - Daily IDCW;;INF192K01833;10.4302;;;18-Mar-2026

Kotak Mahindra Mutual Fund
119764;Kotak Liquid Fund - Direct Plan - Daily Reinvestment of Income Distribution cum capital withdrawal option;;INF174K01NH1;1222.81;;;18-Mar-2026
119766;Kotak Liquid Fund - Direct Plan - Growth;INF174K01NE8;;5551.7967;;;18-Mar-2026
100833;Kotak Liquid Fund - Regular  - Daily Reinvestment of Income Distribution cum capital withdrawal option;;INF174K01NL3;1244.1838;;;18-Mar-2026
100835;Kotak Liquid Fund - Regular Plan - Growth;INF174K01NI9;;5495.2929;;;18-Mar-2026
153586;Kotak Liquid Fund - Regular Plan - Weekly - Reinvestment & Payout of Income Distribution cum capital withdrawal option;INF174KA1WK5;INF174KA1WM1;1020.8862;;;18-Mar-2026

LIC Mutual Fund
120248;LIC MF Liquid Fund-Direct Plan-Daily IDCW;INF767K01DL5;INF767K01DM3;1034.6038;;;18-Mar-2026
120249;LIC MF Liquid Fund-Direct Plan-Growth;INF767K01DN1;;4989.1221;;;18-Mar-2026
151930;LIC MF Liquid Fund-Direct Plan-Monthly IDCW;INF397L01AK7;INF397L01AJ9;1211.0884;;;18-Mar-2026
151932;LIC MF Liquid Fund-Direct Plan-Weekly IDCW;INF397L01AM3;INF397L01AL5;1081.753;;;18-Mar-2026
101184;LIC MF Liquid Fund-Regular Plan-Daily IDCW;INF767K01IQ3;INF767K01IR1;1000.1751;;;18-Mar-2026
101185;LIC MF Liquid Fund-Regular Plan-Growth;INF767K01IS9;;4915.0709;;;18-Mar-2026
151928;LIC MF Liquid Fund-Regular Plan-Monthly IDCW;INF397L01976;INF397L01968;1190.7338;;;18-Mar-2026
151927;LIC MF Liquid Fund-Regular Plan-Weekly IDCW;INF397L01950;INF397L01943;1001.6335;;;18-Mar-2026

Mahindra Manulife Mutual Fund
139535;Mahindra Manulife Liquid Fund - Direct Plan - Daily IDCW;;INF174V01051;1257.0106;;;18-Mar-2026
139536;Mahindra Manulife Liquid Fund - Direct Plan - Weekly IDCW;;INF174V01069;1003.9869;;;18-Mar-2026
139538;Mahindra Manulife Liquid Fund - Direct Plan -Growth;INF174V01044;;1790.4149;;;18-Mar-2026
139534;Mahindra Manulife Liquid Fund - Regular Plan - Daily IDCW;;INF174V01028;1001.0995;;;18-Mar-2026
139537;Mahindra Manulife Liquid Fund - Regular Plan - Growth;INF174V01010;;1770.0076;;;18-Mar-2026
139541;Mahindra Manulife Liquid Fund - Regular Plan - Weekly IDCW;;INF174V01036;1010.3938;;;18-Mar-2026

Navi Mutual Fund
119163;Navi Liquid Fund - Direct Plan Daily IDCW - ReInvestment;;INF959L01GK1;10.0129;;;18-Mar-2026
119161;Navi Liquid Fund - Direct Plan Monthly IDCW - Payout;INF959L01GG9;INF959L01GH7;10.0377;;;18-Mar-2026
119162;Navi Liquid Fund - Direct Plan Weekly IDCW - Payout;INF959L01GI5;INF959L01GJ3;10.0076;;;18-Mar-2026
112645;Navi Liquid Fund - Regular Plan Daily IDCW;;INF959L01GM7;10.0129;;;18-Mar-2026
112647;Navi Liquid Fund - Regular Plan Monthly IDCW;INF959L01GN5;INF959L01GO3;10.0374;;;18-Mar-2026
112646;Navi Liquid Fund - Regular Plan Weekly IDCW;INF959L01GP0;INF959L01GQ8;10.008;;;18-Mar-2026
119164;Navi Liquid Fund-Direct Plan-Growth Option;INF959L01GF1;;29.7708;;;18-Mar-2026
112636;Navi Liquid Fund-Regular Plan-Growth Option;INF959L01GL9;;29.4976;;;18-Mar-2026
140437;Navi Liquid Fund-Unclaimed Redemption and Dividend Plan greater than 3 years;INF959L01CO2;;10;;;18-Mar-2026
139386;Navi Liquid Fund-Unclaimed Redemption and Dividend Plan less than 3 years;INF959L01CN4;;29.6706;;;18-Mar-2026

Quantum Mutual Fund
103736;Quantum Liquid Fund - Direct Plan Daily IDCW;;INF082J01135;10.0085;;;18-Mar-2026
103734;Quantum Liquid Fund - Direct Plan Growth Option;INF082J01127;;36.6423;;;18-Mar-2026
103735;Quantum Liquid Fund - Direct Plan Monthly IDCW;INF082J01143;INF082J01200;10.0433;;;18-Mar-2026
141065;Quantum Liquid Fund - Regular Plan Daily IDCW;;INF082J01317;10.0002;;;18-Mar-2026
141066;Quantum Liquid Fund - Regular Plan Growth Option;INF082J01309;;36.3579;;;18-Mar-2026
141067;Quantum Liquid Fund - Regular Plan Monthly IDCW;INF082J01325;INF082J01333;10.0401;;;18-Mar-2026
152299;Quantum Liquid Fund - Unclaimed IDCW Plan Above 3 years;;;10.0000;;;18-Mar-2026
152298;Quantum Liquid Fund - Unclaimed IDCW Plan Below 3 years;;;11.5206;;;18-Mar-2026
152301;Quantum Liquid Fund - Unclaimed Redemption Plan Above 3 years;;;10.0000;;;18-Mar-2026
152300;Quantum Liquid Fund - Unclaimed Redemption Plan Below 3 years;;;11.0618;;;18-Mar-2026

Shriram Mutual Fund
153035;Shriram Liquid Fund - Direct Plan Growth Option;INF680P01430;;1085.5549;;;18-Mar-2026
153036;Shriram Liquid Fund - Regular Plan Growth Option;INF680P01448;;1083.5221;;;18-Mar-2026
153282;Shriram Unclaimed IDCW Liquid Fund;;;1058.3816;;;18-Mar-2026
153283;Shriram Unclaimed IDCW Stable Scheme Liquid Fund;;;1000;;;18-Mar-2026
153280;Shriram Unclaimed Redemption Liquid Fund;;;1071.0683;;;18-Mar-2026
153281;Shriram Unclaimed Redemption Stable Scheme Liquid Fund;;;1000;;;18-Mar-2026

The Wealth Company Mutual Fund
153887;THE WEALTH COMPANY LIQUID FUND DIRECT DAILY ICDW;;INF2F0001073;1002.0133;;;18-Mar-2026
153883;THE WEALTH COMPANY LIQUID FUND DIRECT GROWTH;INF2F0001081;;1025.9895;;;18-Mar-2026
153884;THE WEALTH COMPANY LIQUID FUND DIRECT MONTHLY IDCW;INF2F0001107;INF2F0001099;1005.215;;;18-Mar-2026
153889;THE WEALTH COMPANY LIQUID FUND DIRECT WEEKLY;INF2F0001123;INF2F0001115;1002.4743;;;18-Mar-2026
153886;THE WEALTH COMPANY LIQUID FUND REGULAR DAILY IDCW;;INF2F0001131;1002;;;18-Mar-2026
153888;THE WEALTH COMPANY LIQUID FUND REGULAR GROWTH;INF2F0001149;;1025.3326;;;18-Mar-2026
153890;THE WEALTH COMPANY LIQUID FUND REGULAR MONTHLY IDCW;INF2F0001164;INF2F0001156;1005.0617;;;18-Mar-2026
153885;THE WEALTH COMPANY LIQUID FUND REGULAR WEEKLY IDCW;INF2F0001180;INF2F0001172;1002.4838;;;18-Mar-2026

Trust Mutual Fund
148842;TRUSTMF Liquid Fund-Direct Plan-Daily Income Distribution cum Capital Withdrawal;;INF0GCD01263;1265.8698;;;18-Mar-2026
148841;TRUSTMF Liquid Fund-Direct Plan-Growth;INF0GCD01255;;1330.5692;;;18-Mar-2026
148839;TRUSTMF Liquid Fund-Direct Plan-Monthly Income Distribution cum Capital Withdrawal;INF0GCD01305;INF0GCD01297;1196.8193;;;18-Mar-2026
148837;TRUSTMF Liquid Fund-Direct Plan-Weekly Income Distribution cum Capital Withdrawal;INF0GCD01271;INF0GCD01289;1223.5741;;;18-Mar-2026
148834;TRUSTMF Liquid Fund-Regular Plan-Daily Income Distribution cum Capital Withdrawal;;INF0GCD01206;1197.3005;;;18-Mar-2026
148833;TRUSTMF Liquid Fund-Regular Plan-Growth;INF0GCD01198;;1320.7380;;;18-Mar-2026
148843;TRUSTMF Liquid Fund-Regular Plan-Monthly Income Distribution cum Capital Withdrawal;INF0GCD01248;INF0GCD01230;1188.0590;;;18-Mar-2026
148836;TRUSTMF Liquid Fund-Regular Plan-Weekly Income Distribution cum Capital Withdrawal;INF0GCD01214;INF0GCD01222;1172.4822;;;18-Mar-2026

Unifi Mutual Fund
153570;Unifi Liquid Fund- Direct Growth;INF1MIY01056;;1045.3229;;;18-Mar-2026
153571;Unifi Liquid Fund- Regular Growth;INF1MIY01064;;1044.84;;;18-Mar-2026

UTI Mutual Fund
134427;UTI Liquid Fund - Direct Plan - Annual IDCW;INF789FA1K63;INF789FA1K71;1981.4813;;;18-Mar-2026
120558;UTI Liquid Fund - Direct Plan - Daily IDCW (Reinvestment);;INF789F01XP8;1063.8497;;;18-Mar-2026
141768;UTI Liquid Fund - Direct Plan - Flexi IDCW;INF789FA1K89;INF789FA1K97;1632.0371;;;18-Mar-2026
140913;UTI Liquid Fund - Direct Plan - Fortnightly IDCW;INF789FA1K06;INF789FA1K14;1156.2183;;;18-Mar-2026
140504;UTI Liquid Fund - Direct Plan - Half-Yearly IDCW;INF789FA1K48;INF789FA1K55;1547.7954;;;18-Mar-2026
120794;UTI Liquid Fund - Direct Plan - Monthly IDCW;INF789F01XR4;INF789F01XS2;1045.4364;;;18-Mar-2026
140024;UTI Liquid Fund - Direct Plan - Quarterly IDCW;INF789FA1K22;INF789FA1K30;1871.3736;;;18-Mar-2026
120777;UTI Liquid Fund - Direct Plan - Weekly IDCW;;INF789F01XT0;1155.5111;;;18-Mar-2026
133973;UTI Liquid Fund - Regular Plan - Annual IDCW;INF789FA1J66;INF789FA1J74;1967.5839;;;18-Mar-2026
102010;UTI Liquid Fund - Regular Plan - Daily IDCW (Reinvestment);;INF789F01PG3;1174.6115;;;18-Mar-2026
140517;UTI Liquid Fund - Regular Plan - Flexi IDCW;INF789FA1J82;INF789FA1J90;1621.6394;;;18-Mar-2026
139838;UTI Liquid Fund - Regular Plan - Fortnightly IDCW;INF789FA1J09;INF789FA1J17;1155.3753;;;18-Mar-2026
144475;UTI Liquid Fund - Regular Plan - Half-Yearly IDCW;INF789FA1J41;INF789FA1J58;1369.9128;;;18-Mar-2026
102011;UTI Liquid Fund - Regular Plan - Monthly IDCW;INF789F01PI9;INF789F01PJ7;1117.0524;;;18-Mar-2026
135721;UTI Liquid Fund - Regular Plan - Quarterly IDCW;INF789FA1J25;INF789FA1J33;1857.8364;;;18-Mar-2026
102013;UTI Liquid Fund - Regular Plan - Weekly IDCW;;INF789F01PK5;1052.94;;;18-Mar-2026
120304;UTI-  Liquid Cash Plan - Direct Plan - Growth Option;INF789F01XQ6;;4505.5453;;;18-Mar-2026
102012;UTI-  Liquid Cash Plan - Regular Plan - Growth Option;INF789F01PH1;;4462.241;;;18-Mar-2026
102008;UTI-  Liquid Cash Plan- Discontinued - Regular Plan - Monthly Dividend Option;INF789F01BC2;INF789F01BA6;1065.9968;;;18-Mar-2026
102009;UTI-  Liquid Cash Plan- Discontinued - Regular Plan -Growth;INF789F01BB4;;4049.2162;;;18-Mar-2026
102007;UTI-  Liquid Cash Plan- Discontinued -Regular Plan Periodic Dividend Option;;INF789F01AZ5;1134.2968;;;18-Mar-2026

WhiteOak Capital Mutual Fund
145969;WhiteOak Capital Liquid Fund- Direct plan-Daily Reinvestment of Income Distribution cum capital withdrawal option (IDCW);;INF03VN01019;1001.5967;;;18-Mar-2026
145966;WhiteOak Capital Liquid Fund- Direct plan-Fortnightly Payout/ Reinvestment of Income Distribution cum capital withdrawal option (IDCW);INF03VN01027;INF03VN01035;1002.6534;;;18-Mar-2026
145971;WhiteOak Capital Liquid Fund- Direct plan-Growth Option;INF03VN01043;;1471.4899;;;18-Mar-2026
145967;WhiteOak Capital Liquid Fund- Direct plan-Monthly  Payout/ Reinvestment of Income Distribution cum capital withdrawal option (IDCW);INF03VN01050;INF03VN01068;1001.8479;;;18-Mar-2026
145970;WhiteOak Capital Liquid Fund- Direct plan-Weekly Payout/ Reinvestment of Income Distribution cum capital withdrawal option (IDCW);INF03VN01076;INF03VN01084;1001.7917;;;18-Mar-2026
145963;WhiteOak Capital Liquid Fund- Regular plan-Daily Reinvestment of Income Distribution cum capital withdrawal option (IDCW);;INF03VN01092;1001.5950;;;18-Mar-2026
145965;WhiteOak Capital Liquid Fund- Regular plan-Fortnightly Payout/ Reinvestment of Income Distribution cum capital withdrawal option (IDCW);INF03VN01100;INF03VN01118;1003.8869;;;18-Mar-2026
145968;WhiteOak Capital Liquid Fund- Regular plan-Growth Option;INF03VN01126;;1461.6777;;;18-Mar-2026
145972;WhiteOak Capital Liquid Fund- Regular plan-Monthly Payout/ Reinvestment of Income Distribution cum capital withdrawal option (IDCW);INF03VN01134;INF03VN01142;1001.5865;;;18-Mar-2026
145964;WhiteOak Capital Liquid Fund- Regular plan-Weekly Payout/ Reinvestment of Income Distribution cum capital withdrawal option (IDCW);INF03VN01159;INF03VN01167;1001.7811;;;18-Mar-2026

Open Ended Schemes ( Debt Scheme - Ultra Short Duration Fund )


Axis Mutual Fund
144753;Axis Ultra Short Duration Fund - Direct Plan - Daily IDCW;;INF846K01F57;10.0338;;;18-Mar-2026
144755;Axis Ultra Short Duration Fund - Direct Plan - Monthly IDCW;INF846K01F99;INF846K01F81;10.0406;;;18-Mar-2026
144756;Axis Ultra Short Duration Fund - Direct Plan - Regular IDCW;INF846K01G15;INF846K01G07;16.3355;;;18-Mar-2026
144757;Axis Ultra Short Duration Fund - Direct Plan - Weekly IDCW;INF846K01F73;INF846K01F65;10.0585;;;18-Mar-2026
144754;Axis Ultra Short Duration Fund - Direct Plan Growth;INF846K01F40;;16.3340;;;18-Mar-2026
144758;Axis Ultra Short Duration Fund - Regular Plan - Daily IDCW;;INF846K01G31;10.0689;;;18-Mar-2026
144760;Axis Ultra Short Duration Fund - Regular Plan - Monthly IDCW;INF846K01G72;INF846K01G64;10.0485;;;18-Mar-2026
144761;Axis Ultra Short Duration Fund - Regular Plan - Regular IDCW;INF846K01G98;INF846K01G80;15.3064;;;18-Mar-2026
144762;Axis Ultra Short Duration Fund - Regular Plan - Weekly IDCW;INF846K01G56;INF846K01G49;10.0752;;;18-Mar-2026
144759;Axis Ultra Short Duration Fund - Regular Plan Growth;INF846K01G23;;15.3065;;;18-Mar-2026

Bandhan Mutual Fund
144195;BANDHAN ULTRA SHORT DURATION FUND - DIRECT PLAN -MONTHLY IDCW;INF194KA11S2;INF194KA12S0;10.0608;;;18-Mar-2026
144173;BANDHAN ULTRA SHORT DURATION FUND - DIRECT PLAN GROWTH;INF194KA16R3;;16.0700;;;18-Mar-2026
144196;BANDHAN ULTRA SHORT DURATION FUND - DIRECT PLAN PERIODIC IDCW;INF194KA17S9;INF194KA18S7;13.6585;;;18-Mar-2026
144192;BANDHAN ULTRA SHORT DURATION FUND - DIRECT PLAN QUARTERLY IDCW;INF194KA14S6;INF194KA15S3;10.5756;;;18-Mar-2026
144191;BANDHAN ULTRA SHORT DURATION FUND - DIRECT PLAN- WEEKLY IDCW;INF194KA10T2;INF194KA11T0;10.0826;;;18-Mar-2026
144174;BANDHAN ULTRA SHORT DURATION FUND - DIRECT PLAN-DAILY IDCW;INF194KA18R9;INF194KA19R7;10.0367;;;18-Mar-2026
144172;BANDHAN ULTRA SHORT DURATION FUND - REGULAR PLAN DAILY IDCW;INF194KA12Q4;INF194KA13Q2;10.0519;;;18-Mar-2026
144171;BANDHAN ULTRA SHORT DURATION FUND - REGULAR PLAN GROWTH;INF194KA10Q8;;15.8542;;;18-Mar-2026
144194;BANDHAN ULTRA SHORT DURATION FUND - REGULAR PLAN MONTHLY IDCW;INF194KA15Q7;INF194KA16Q5;10.0656;;;18-Mar-2026
144193;BANDHAN ULTRA SHORT DURATION FUND - REGULAR PLAN PERIODIC IDCW;INF194KA11R4;INF194KA12R2;13.3433;;;18-Mar-2026
144190;BANDHAN ULTRA SHORT DURATION FUND - REGULAR PLAN QUARTERLY IDCW;INF194KA18Q1;INF194KA19Q9;10.5557;;;18-Mar-2026
144189;BANDHAN ULTRA SHORT DURATION FUND - REGULAR PLAN WEEKLY IDCW;INF194KA14R8;INF194KA15R5;10.0838;;;18-Mar-2026

Bank of India Mutual Fund
119380;BANK OF INDIA Ultra Short Duration Fund- Direct Plan- Daily IDCW;;INF761K01CT3;1005.0001;;;18-Mar-2026
119379;BANK OF INDIA Ultra Short Duration Fund- Direct Plan- Growth;INF761K01892;;3408.9231;;;18-Mar-2026
119381;BANK OF INDIA Ultra Short Duration Fund- Direct Plan- Weekly IDCW;;INF761K01CU1;1005.7640;;;18-Mar-2026
126389;BANK OF INDIA Ultra Short Duration Fund- Direct Plan-Bonus;INF761K01CS5;;3392.5460;;;18-Mar-2026
111970;BANK OF INDIA Ultra Short Duration Fund- Regular Plan- Daily IDCW;;INF761K01CW7;1005.0000;;;18-Mar-2026
109269;BANK OF INDIA Ultra Short Duration Fund- Regular Plan- Growth;INF761K01298;;3282.5202;;;18-Mar-2026
109264;BANK OF INDIA Ultra Short Duration Fund- Regular Plan- Weekly IDCW;;INF761K01CX5;1005.7331;;;18-Mar-2026

Baroda BNP Paribas Mutual Fund
143510;Baroda BNP Paribas Ultra Short Duratio Fund- Regular Plan- Weekly IDCW;INF251K01SN4;INF955L01GY0;1000.4445;;;18-Mar-2026
143507;Baroda BNP Paribas Ultra Short Duration Fund - Regular Plan - Daily IDCW;;INF955L01GW4;1006.2583;;;18-Mar-2026
143464;Baroda BNP Paribas Ultra Short Duration Fund - Regular Plan - Growth;INF955L01GX2;;1606.4510;;;18-Mar-2026
143511;Baroda BNP Paribas Ultra Short Duration Fund- Direct Plan- Daily IDCW;;INF955L01GZ7;1007.0751;;;18-Mar-2026
143508;Baroda BNP Paribas Ultra Short Duration Fund- Direct Plan- Growth;INF955L01HA8;;1629.4267;;;18-Mar-2026
143509;Baroda BNP Paribas Ultra Short Duration Fund- Direct Plan- Weekly IDCW;INF251K01SM6;INF955L01HB6;1001.0771;;;18-Mar-2026

Franklin Templeton Mutual Fund
152825;Franklin India Ultra Short Duration Fund - Direct - Growth;INF090I01XL4;;11.1522;;;18-Mar-2026
152827;Franklin India Ultra Short Duration Fund - Direct - IDCW;INF090I01XM2;INF090I01XN0;10.7613;;;18-Mar-2026
152828;Franklin India Ultra Short Duration Fund - Growth;INF090I01XJ8;;11.0739;;;18-Mar-2026
152826;Franklin India Ultra Short Duration Fund - IDCW;INF090I01XK6;INF090I01XO8;10.6941;;;18-Mar-2026

HDFC Mutual Fund
145041;HDFC Ultra Short Term Fund - Daily IDCW Option;;INF179KB12R1;10.103;;;18-Mar-2026
145039;HDFC Ultra Short Term Fund - Direct Plan-Daily IDCW Option;;INF179KB16Q4;10.092;;;18-Mar-2026
145034;HDFC Ultra Short Term Fund - Direct Plan-Growth Option;INF179KB15Q6;;16.1572;;;18-Mar-2026
145036;HDFC Ultra Short Term Fund - Direct Plan-Monthly IDCW Option;INF179KB10R5;INF179KB19Q8;10.085;;;18-Mar-2026
145035;HDFC Ultra Short Term Fund - Direct Plan-Weekly IDCW Option;INF179KB18Q0;INF179KB17Q2;10.0572;;;18-Mar-2026
145040;HDFC Ultra Short Term Fund - Growth Option;INF179KB11R3;;15.7771;;;18-Mar-2026
145037;HDFC Ultra Short Term Fund - Monthly IDCW Option;INF179KB16R2;INF179KB15R4;10.1831;;;18-Mar-2026
145038;HDFC Ultra Short Term Fund - Weekly IDCW Option;INF179KB14R7;INF179KB13R9;10.057;;;18-Mar-2026

HSBC Mutual Fund
147910;HSBC Ultra Short Duration Fund - Direct Daily IDCW;;INF336L01OS9;1079.9409;;;18-Mar-2026
147908;HSBC Ultra Short Duration Fund - Direct Growth;INF336L01OR1;;1432.2388;;;18-Mar-2026
147915;HSBC Ultra Short Duration Fund - Direct Monthly IDCW;INF336L01OV3;INF336L01OU5;1014.2287;;;18-Mar-2026
147912;HSBC Ultra Short Duration Fund - Direct Weekly IDCW;;INF336L01OT7;1007.8404;;;18-Mar-2026
147909;HSBC Ultra Short Duration Fund - Regular Daily IDCW;;INF336L01OX9;1031.7278;;;18-Mar-2026
147907;HSBC Ultra Short Duration Fund - Regular Growth;INF336L01OW1;;1411.0057;;;18-Mar-2026
147916;HSBC Ultra Short Duration Fund - Regular Monthly IDCW;INF336L01PA4;INF336L01OZ4;1030.2223;;;18-Mar-2026
147911;HSBC Ultra Short Duration Fund - Regular Weekly IDCW;;INF336L01OY7;1041.975;;;18-Mar-2026

ICICI Prudential Mutual Fund
145399;ICICI Prudential Ultra Short Term Fund - Daily IDCW;-;INF109KC1ND7;10.0696;;;18-Mar-2026
120676;ICICI Prudential Ultra Short Term Fund - Direct Plan -  Growth;INF109K01T04;;31.3283;;;18-Mar-2026
120677;ICICI Prudential Ultra Short Term Fund - Direct Plan -  Monthly IDCW;INF109K01T38;INF109K01T46;10.8073;;;18-Mar-2026
120675;ICICI Prudential Ultra Short Term Fund - Direct Plan -  Quarterly IDCW;INF109K01T53;INF109K01T61;11.2826;;;18-Mar-2026
145404;ICICI Prudential Ultra Short Term Fund - Direct Plan - Daily IDCW;-;INF109KC1MY5;10.0025;;;18-Mar-2026
145400;ICICI Prudential Ultra Short Term Fund - Direct Plan - Weekly IDCW;INF109KC1NA3;INF109KC1MZ2;10.0928;;;18-Mar-2026
115092;ICICI Prudential Ultra Short Term Fund - Growth;INF109K01TP7;;28.8876;;;18-Mar-2026
115094;ICICI Prudential Ultra Short Term Fund - Monthly IDCW;INF109K01TR3;INF109K01TQ5;10.6757;;;18-Mar-2026
115091;ICICI Prudential Ultra Short Term Fund - Quarterly IDCW;INF109K01TT9;INF109K01TS1;11.0630;;;18-Mar-2026
145402;ICICI Prudential Ultra Short Term Fund - Weekly IDCW;INF109KC1NF2;INF109KC1NE5;10.0766;;;18-Mar-2026

ITI Mutual Fund
148909;ITI Ultra Short Duration Fund - Direct Plan - Annually IDCW Option;INF00XX01AM5;INF00XX01AJ1;1336.5205;;;18-Mar-2026
148910;ITI Ultra Short Duration Fund - Direct Plan - Daily IDCW;;INF00XX01AF9;1001.0000;;;18-Mar-2026
148908;ITI Ultra Short Duration Fund - Direct Plan - Fortnightly IDCW Option;INF00XX01AK9;INF00XX01AH5;1001.8357;;;18-Mar-2026
148913;ITI Ultra Short Duration Fund - Direct Plan - Growth Option;INF00XX01AE2;;1334.8270;;;18-Mar-2026
148916;ITI Ultra Short Duration Fund - Direct Plan - Monthly IDCW Option;INF00XX01AL7;INF00XX01AI3;1003.7659;;;18-Mar-2026
148915;ITI Ultra Short Duration Fund - Direct Plan - Weekly IDCW Option;;INF00XX01AG7;1001.2257;;;18-Mar-2026
148917;ITI Ultra Short Duration Fund - Regular Plan - Annually IDCW Option;INF00XX01AD4;INF00XX01AA0;1282.5037;;;18-Mar-2026
148912;ITI Ultra Short Duration Fund - Regular Plan - Daily IDCW Option;;INF00XX01960;1001.0000;;;18-Mar-2026
148911;ITI Ultra Short Duration Fund - Regular Plan - Fortnightly IDCW Option;INF00XX01AB8;INF00XX01986;1001.6847;;;18-Mar-2026
148906;ITI Ultra Short Duration Fund - Regular Plan - Growth Option;INF00XX01952;;1282.4469;;;18-Mar-2026
148914;ITI Ultra Short Duration Fund - Regular Plan - Monthly IDCW Option;INF00XX01AC6;INF00XX01994;1003.3304;;;18-Mar-2026
148907;ITI Ultra Short Duration Fund - Regular Plan - Weekly IDCW Option;;INF00XX01978;1001.2057;;;18-Mar-2026

Kotak Mahindra Mutual Fund
102591;Kotak Savings Fund -Growth;INF174K01FD6;;44.6685;;;18-Mar-2026
102592;Kotak Savings Fund -Monthly Payout of Income Distribution cum capital withdrawal option;INF174K01FH7;;10.7222;;;18-Mar-2026
119750;Kotak Savings Fund-Growth - Direct;INF174K01JP2;;46.9481;;;18-Mar-2026
119751;Kotak Savings Fund-Monthly Payout of Income Distribution cum capital withdrawal option - Direct;INF174K01JQ0;;20.2371;;;18-Mar-2026

LIC Mutual Fund
147771;LIC MF Ultra Short Duration Fund-Direct Plan-Daily IDCW;;INF767K01QP8;1102.1317;;;18-Mar-2026
147772;LIC MF Ultra Short Duration Fund-Direct Plan-Growth;INF767K01QU8;;1408.5395;;;18-Mar-2026
147773;LIC MF Ultra Short Duration Fund-Direct Plan-Monthly IDCW;INF767K01QT0;INF767K01QS2;1408.328;;;18-Mar-2026
147769;LIC MF Ultra Short Duration Fund-Direct Plan-Weekly IDCW;INF767K01QR4;INF767K01QQ6;1101.8539;;;18-Mar-2026
147766;LIC MF Ultra Short Duration Fund-Regular Plan-Daily IDCW;;INF767K01QJ1;1093.4116;;;18-Mar-2026
147770;LIC MF Ultra Short Duration Fund-Regular Plan-Growth;INF767K01QO1;;1371.8955;;;18-Mar-2026
147768;LIC MF Ultra Short Duration Fund-Regular Plan-Monthly IDCW;INF767K01QN3;INF767K01QM5;1372.1037;;;18-Mar-2026
147767;LIC MF Ultra Short Duration Fund-Regular Plan-Weekly IDCW;INF767K01QL7;INF767K01QK9;1030.2403;;;18-Mar-2026

Mahindra Manulife Mutual Fund
147733;Mahindra Manulife Ultra Short Duration Fund - Direct Plan - Daily IDCW;;INF174V01895;1222.6473;;;18-Mar-2026
147732;Mahindra Manulife Ultra Short Duration Fund - Direct Plan - Weekly IDCW;;INF174V01903;1001.2692;;;18-Mar-2026
147731;Mahindra Manulife Ultra Short Duration Fund - Direct Plan -Growth;INF174V01887;;1470.7986;;;18-Mar-2026
147729;Mahindra Manulife Ultra Short Duration Fund - Regular Plan - Daily IDCW;;INF174V01861;1099.4300;;;18-Mar-2026
147734;Mahindra Manulife Ultra Short Duration Fund - Regular Plan - Growth;INF174V01853;;1431.6263;;;18-Mar-2026
147730;Mahindra Manulife Ultra Short Duration Fund - Regular Plan - Weekly IDCW;;INF174V01879;1001.2177;;;18-Mar-2026

UTI Mutual Fund
139568;UTI Ultra Short Duration Fund - Direct Plan - Annual IDCW;INF789FA1Q42;INF789FA1Q59;1494.2905;;;18-Mar-2026
120744;UTI Ultra Short Duration Fund - Direct Plan - Daily IDCW (Reinvestment);INF789F01TG5;INF789F01TH3;1580.459;;;18-Mar-2026
121892;UTI Ultra Short Duration Fund - Direct Plan - Flexi IDCW;INF789FB1KQ0;INF789FB1KR8;2304.894;;;18-Mar-2026
131512;UTI Ultra Short Duration Fund - Direct Plan - Fortnightly IDCW;INF789FA1P68;INF789FA1P76;1324.8529;;;18-Mar-2026
120746;UTI Ultra Short Duration Fund - Direct Plan - Growth Option;INF789F01TI1;;4750.6412;;;18-Mar-2026
147128;UTI Ultra Short Duration Fund - Direct Plan - Half-Yearly IDCW;INF789FA1Q26;INF789FA1Q34;1506.2688;;;18-Mar-2026
131444;UTI Ultra Short Duration Fund - Direct Plan - Monthly IDCW;INF789FA1P84;INF789FA1P92;1164.557;;;18-Mar-2026
133059;UTI Ultra Short Duration Fund - Direct Plan - Quarterly IDCW;INF789FA1Q00;INF789FA1Q18;1972.5134;;;18-Mar-2026
120745;UTI Ultra Short Duration Fund - Direct Plan - Weekly IDCW (Reinvestment);INF789FB1S63;;1083.6574;;;18-Mar-2026
112083;UTI Ultra Short Duration Fund - Discontinued - INSTN GROWTH OPTION;INF789F01PM1;;3158.4636;;;18-Mar-2026
134484;UTI Ultra Short Duration Fund - Regular Plan - Annual IDCW;INF789FA1P43;INF789FA1P50;1442.4451;;;18-Mar-2026
109501;UTI Ultra Short Duration Fund - Regular Plan - Daily IDCW (Reinvestment);;INF789F01554;1047.0092;;;18-Mar-2026
121891;UTI Ultra Short Duration Fund - Regular Plan - Flexi IDCW;INF789FB1KS6;INF789FB1KT4;1701.624;;;18-Mar-2026
131511;UTI Ultra Short Duration Fund - Regular Plan - Fortnightly IDCW;INF789FA1O69;INF789FA1O77;1320.5653;;;18-Mar-2026
102532;UTI Ultra Short Duration Fund - Regular Plan - Growth Option;INF789F01570;;4407.9675;;;18-Mar-2026
131445;UTI Ultra Short Duration Fund - Regular Plan - Monthly IDCW;INF789FA1O85;INF789FA1O93;1112.5451;;;18-Mar-2026
133873;UTI Ultra Short Duration Fund - Regular Plan - Quarterly IDCW;INF789FA1P01;INF789FA1P19;1278.6227;;;18-Mar-2026
102531;UTI Ultra Short Duration Fund - Regular Plan - Weekly IDCW (Reinvestment);;INF789F01562;1394.9805;;;18-Mar-2026

WhiteOak Capital Mutual Fund
147316;WhiteOak Capital Ultra Short Duration Fund- Direct plan-Daily Reinvestment of Income Distribution cum capital withdrawal option (IDCW);;INF03VN01175;1004.9898;;;18-Mar-2026
147315;WhiteOak Capital Ultra Short Duration Fund- Direct plan-Fortnightly Payout/ Reinvestment of Income Distribution cum capital withdrawal option (IDCW);INF03VN01183;INF03VN01191;1005.7534;;;18-Mar-2026
147311;WhiteOak Capital Ultra Short Duration Fund- Direct plan-Growth Option;INF03VN01209;;1467.4272;;;18-Mar-2026
147312;WhiteOak Capital Ultra Short Duration Fund- Direct plan-Monthly Payout/ Reinvestment of Income Distribution cum capital withdrawal option (IDCW);INF03VN01217;INF03VN01225;1006.0285;;;18-Mar-2026
147313;WhiteOak Capital Ultra Short Duration Fund- Direct plan-Weekly Payout/ Reinvestment of Income Distribution cum capital withdrawal option (IDCW);INF03VN01233;INF03VN01241;1005.1485;;;18-Mar-2026
147308;WhiteOak Capital Ultra Short Duration Fund- Regular plan-Daily Reinvestment of Income Distribution cum capital withdrawal option (IDCW);;INF03VN01258;1004.9915;;;18-Mar-2026
147309;WhiteOak Capital Ultra Short Duration Fund- Regular plan-Fortnightly Payout/ Reinvestment of Income Distribution cum capital withdrawal option (IDCW);INF03VN01266;INF03VN01274;1005.5843;;;18-Mar-2026
147307;WhiteOak Capital Ultra Short Duration Fund- Regular plan-Growth Option;INF03VN01282;;1412.2133;;;18-Mar-2026
147314;WhiteOak Capital Ultra Short Duration Fund- Regular plan-Monthly Payout/ Reinvestment of Income Distribution cum capital withdrawal option (IDCW);INF03VN01290;INF03VN01308;1004.9057;;;18-Mar-2026
147310;WhiteOak Capital Ultra Short Duration Fund- Regular plan-Weekly Payout/ Reinvestment of Income Distribution cum capital withdrawal option (IDCW);INF03VN01316;INF03VN01324;1006.5512;;;18-Mar-2026

Open Ended Schemes ( Debt Scheme - Low Duration Fund )


Axis Mutual Fund
120515;Axis Treasury Advantage Fund - Direct Plan - Daily IDCW;;INF846K01EQ4;1012.4737;;;18-Mar-2026
120513;Axis Treasury Advantage Fund - Direct Plan - Growth Option;INF846K01EN1;;3391.1855;;;18-Mar-2026
120516;Axis Treasury Advantage Fund - Direct Plan - Monthly IDCW;INF846K01EO9;INF846K01EP6;1011.7982;;;18-Mar-2026
120514;Axis Treasury Advantage Fund - Direct Plan - Weekly IDCW;INF846K01ER2;INF846K01ES0;1012.5792;;;18-Mar-2026
112215;Axis Treasury Advantage Fund - Regular Plan - Daily IDCW;;INF846K01545;1013.2484;;;18-Mar-2026
112214;Axis Treasury Advantage Fund - Regular Plan - Growth Option;INF846K01537;;3227.1810;;;18-Mar-2026
112217;Axis Treasury Advantage Fund - Regular Plan - Monthly IDCW;INF846K01578;INF846K01586;1011.5627;;;18-Mar-2026
112216;Axis Treasury Advantage Fund - Regular Plan - Weekly IDCW;INF846K01552;INF846K01560;1012.5563;;;18-Mar-2026
112720;Axis Treasury Advantage Fund - Retail Plan - Daily IDCW;;INF846K01487;1012.4736;;;18-Mar-2026
112717;Axis Treasury Advantage Fund - Retail Plan - Growth Option;INF846K01479;;3025.6621;;;18-Mar-2026
112718;Axis Treasury Advantage Fund - Retail Plan - Monthly IDCW;INF846K01511;INF846K01529;1011.5646;;;18-Mar-2026
112719;Axis Treasury Advantage Fund - Retail Plan - Weekly IDCW;INF846K01495;INF846K01503;1012.5564;;;18-Mar-2026

Bajaj Finserv Mutual Fund
154204;Bajaj Finserv Low Duration Fund - Direct - Growth;INF0QA701CF6;;1003.6597;;;18-Mar-2026
154202;Bajaj Finserv Low Duration Fund - Direct - IDCW;INF0QA701CG4;INF0QA701CH2;1003.6597;;;18-Mar-2026
154203;Bajaj Finserv Low Duration Fund - Regular - Growth;INF0QA701CC3;;1003.0806;;;18-Mar-2026
154201;Bajaj Finserv Low Duration Fund - Regular - IDCW;INF0QA701CD1;INF0QA701CE9;1003.0806;;;18-Mar-2026

Bandhan Mutual Fund
108633;BANDHAN Low Duration Fund - Regular Plan - Daily IDCW;INF194K01FW4;INF194K01FV6;10.1015;;;18-Mar-2026
108632;BANDHAN Low Duration Fund - Regular Plan - Growth;INF194K01FU8;;40.1212;;;18-Mar-2026
108635;BANDHAN Low Duration Fund - Regular Plan - Monthly IDCW;INF194K01FZ7;INF194K01FY0;10.1178;;;18-Mar-2026
116020;BANDHAN Low Duration Fund - Regular Plan - Periodic IDCW;INF194K01I29;INF194K01I37;13.3221;;;18-Mar-2026
116413;BANDHAN Low Duration Fund - Regular Plan - Quarterly IDCW;INF194K01UR3;INF194K01US1;11.2191;;;18-Mar-2026
108634;BANDHAN Low Duration Fund - Regular Plan - Weekly IDCW;INF194K01GC4;INF194K01GB6;10.1172;;;18-Mar-2026
118368;BANDHAN Low Duration Fund-Direct Plan-Daily IDCW;;INF194K01J85;10.1111;;;18-Mar-2026
118371;BANDHAN Low Duration Fund-Direct Plan-Growth;INF194K01J77;;41.1883;;;18-Mar-2026
118372;BANDHAN Low Duration Fund-Direct Plan-Monthly IDCW;INF194K01K17;INF194K01K09;10.1328;;;18-Mar-2026
118370;BANDHAN Low Duration Fund-Direct Plan-Periodic IDCW;INF194K01K82;INF194K01K90;13.4922;;;18-Mar-2026
118369;BANDHAN Low Duration Fund-Direct Plan-Quarterly IDCW;INF194K01K58;INF194K01K66;11.1645;;;18-Mar-2026
118373;BANDHAN Low Duration Fund-Direct Plan-Weekly IDCW;;INF194K01K33;10.1061;;;18-Mar-2026

Baroda BNP Paribas Mutual Fund
150168;BARODA BNP PARIBAS LOW DURATION Fund - Direct Plan - Daily IDCW Option;;INF251K01GK5;10.0943;;;18-Mar-2026
150169;BARODA BNP PARIBAS LOW DURATION Fund - Direct Plan - Growth Option;INF251K01GJ7;;45.8311;;;18-Mar-2026
150170;BARODA BNP PARIBAS LOW DURATION Fund - Direct Plan - Monthly IDCW Option;INF251K01GN9;INF251K01GO7;10.3842;;;18-Mar-2026
150171;BARODA BNP PARIBAS LOW DURATION Fund - Direct Plan - Weekly IDCW Option;INF251K01GL3;INF251K01GM1;10.0152;;;18-Mar-2026
150164;BARODA BNP PARIBAS LOW DURATION FUND - Regular Plan - DAILY IDCW OPTION;;INF251K01DR7;10.0604;;;18-Mar-2026
150165;BARODA BNP PARIBAS LOW DURATION FUND - Regular Plan - GROWTH OPTION;INF251K01DQ9;;41.6294;;;18-Mar-2026
150167;BARODA BNP PARIBAS LOW DURATION FUND - Regular Plan - MONTHLY IDCW OPTION;INF251K01DU1;INF251K01DV9;10.2532;;;18-Mar-2026
150166;BARODA BNP PARIBAS LOW DURATION FUND - Regular Plan - WEEKLY IDCW OPTION;INF251K01DS5;INF251K01DT3;10.0150;;;18-Mar-2026
150163;BARODA BNP PARIBAS LOW DURATION Fund-Defunct Plan- Daily IDCW Option;;INF251K01DM8;10.0499;;;18-Mar-2026
150160;BARODA BNP PARIBAS LOW DURATION Fund-Defunct Plan-Growth Option;INF251K01DL0;;41.7017;;;18-Mar-2026
150162;BARODA BNP PARIBAS LOW DURATION Fund-Defunct Plan-Monthly IDCW Option;INF251K01DO4;INF251K01DP1;10.4774;;;18-Mar-2026
150161;BARODA BNP PARIBAS LOW DURATION Fund-Defunct Plan-Weekly IDCW Option;;INF251K01DN6;10.0150;;;18-Mar-2026

Franklin Templeton Mutual Fund
153368;Franklin India Low Duration Fund-Direct-Growth;INF090I01YE7;;10.8111;;;18-Mar-2026
153369;Franklin India Low Duration Fund-Direct-IDCW;INF090I01YG2;INF090I01YF4;10.5968;;;18-Mar-2026
153371;Franklin India Low Duration Fund-Growth;INF090I01YB3;;10.7491;;;18-Mar-2026
153370;Franklin India Low Duration Fund-IDCW;INF090I01YD9;INF090I01YC1;10.5449;;;18-Mar-2026

HDFC Mutual Fund
105548;HDFC Low Duration  Fund - Daily IDCW;;INF179K01434;10.1412;;;18-Mar-2026
118945;HDFC Low Duration  Fund - Direct Plan - Daily IDCW;;INF179KC1IR2;10.0652;;;18-Mar-2026
118942;HDFC Low Duration  Fund - Direct Plan - Growth;INF179K01VF7;;65.4446;;;18-Mar-2026
118943;HDFC Low Duration  Fund - Direct Plan - Monthly IDCW;INF179K01VG5;INF179K01VH3;10.1707;;;18-Mar-2026
118944;HDFC Low Duration  Fund - Direct Plan - Weekly IDCW;INF179KC1IS0;INF179KC1IT8;10.0663;;;18-Mar-2026
102452;HDFC Low Duration  Fund - Growth;INF179K01442;;60.0884;;;18-Mar-2026
105543;HDFC Low Duration  Fund - Monthly IDCW;INF179K01459;INF179K01467;10.1642;;;18-Mar-2026
102453;HDFC Low Duration  Fund - Weekly IDCW;INF179K01475;INF179K01483;10.0651;;;18-Mar-2026

HSBC Mutual Fund
151118;HSBC Low Duration Fund - Direct Annual IDCW;INF917K01VV7;INF917K01VU9;11.1963;;;18-Mar-2026
151117;HSBC Low Duration Fund - Direct Growth;INF917K01GM7;;31.6097;;;18-Mar-2026
151116;HSBC Low Duration Fund - Direct Monthly IDCW;INF917K01E60;INF917K01GK1;11.0756;;;18-Mar-2026
151119;HSBC Low Duration Fund - Regular Annual IDCW;INF917K01VX3;INF917K01VW5;10.9659;;;18-Mar-2026
151114;HSBC Low Duration Fund - Regular Growth;INF677K01452;;29.8557;;;18-Mar-2026
151115;HSBC Low Duration Fund - Regular Monthly IDCW;INF677K01460;INF677K01478;10.3671;;;18-Mar-2026

ICICI Prudential Mutual Fund
101618;ICICI Prudential Savings Fund - Daily IDCW;INF109K01738;;105.7358;;;18-Mar-2026
120397;ICICI Prudential Savings Fund - Direct Plan - Daily IDCW;;INF109K01O66;105.7358;;;18-Mar-2026
122904;ICICI Prudential Savings Fund - Direct Plan - Fortnightly IDCW;INF109K016Y3;INF109K015Y5;101.7261;;;18-Mar-2026
120398;ICICI Prudential Savings Fund - Direct Plan - Growth;INF109K01O82;;576.6170;;;18-Mar-2026
120399;ICICI Prudential Savings Fund - Direct Plan - IDCW Others;INF109K01O90;INF109K01O74;193.4754;;;18-Mar-2026
122651;ICICI Prudential Savings Fund - Direct Plan - Monthly IDCW;INF109K018Y9;INF109K017Y1;101.8113;;;18-Mar-2026
122982;ICICI Prudential Savings Fund - Direct Plan - Quarterly IDCW;INF109K010Z3;INF109K019Y7;110.9010;;;18-Mar-2026
120396;ICICI Prudential Savings Fund - Direct Plan - Weekly IDCW;INF109K01P08;INF109K01P16;105.5397;;;18-Mar-2026
122748;ICICI Prudential Savings Fund - Fortnightly IDCW;INF109K012Z9;INF109K011Z1;101.7236;;;18-Mar-2026
101619;ICICI Prudential Savings Fund - Growth;INF109K01746;;568.3359;;;18-Mar-2026
115511;ICICI Prudential Savings Fund - IDCW Others;INF109K01WO4;INF109K01WN6;190.4971;;;18-Mar-2026
122531;ICICI Prudential Savings Fund - Monthly IDCW;INF109K014Z5;INF109K013Z7;101.8024;;;18-Mar-2026
122995;ICICI Prudential Savings Fund - Quarterly IDCW;INF109K016Z0;INF109K015Z2;110.5924;;;18-Mar-2026
101617;ICICI Prudential Savings Fund - Weekly IDCW;INF109K01JO1;INF109K01753;105.4923;;;18-Mar-2026

Jio BlackRock Mutual Fund
154081;JioBlackRock Low Duration Fund - Direct Plan - Growth Option;INF22M001150;;1010.1493;;;18-Mar-2026

JM Financial Mutual Fund
143610;JM Low Duration Fund (Direct) - Bonus Option - Principal Units;INF192K01FL1;;23.9269;;;18-Mar-2026
143604;JM Low Duration Fund (Direct) - Daily IDCW;;INF192K01DT9;10.85;;;18-Mar-2026
143606;JM Low Duration Fund (Direct) - Fortnightly IDCW;;INF192K01DV5;11.1289;;;18-Mar-2026
143612;JM Low Duration Fund (Direct) - Growth;INF192K01DW3;;39.7393;;;18-Mar-2026
143611;JM Low Duration Fund (Direct) - Weekly IDCW;;INF192K01DU7;11.4577;;;18-Mar-2026
143603;JM Low Duration Fund (Regular) - Daily IDCW;;INF192K01AV1;10.82;;;18-Mar-2026
143605;JM Low Duration Fund (Regular) - Fortnightly IDCW ;;INF192K01AX7;11.0876;;;18-Mar-2026
143607;JM Low Duration Fund (Regular) - Growth Option;INF192K01AY5;;38.5486;;;18-Mar-2026
143608;JM Low Duration Fund (Regular) - Weekly IDCW;;INF192K01AW9;11.4176;;;18-Mar-2026
143609;JM Low Duration Fund - Bonus Option - Principal Units;INF192K01FJ5;;23.2246;;;18-Mar-2026

Kotak Mahindra Mutual Fund
133812;Kotak Low Duration Fund - Direct Plan- Standard Income Distribution cum capital withdrawal option;INF178L01AZ9;INF178L01AY2;1519.2533;;;18-Mar-2026
133810;Kotak Low Duration Fund- Direct Plan- Growth Option;INF178L01AX4;;3812.7703;;;18-Mar-2026
133805;Kotak Low Duration Fund- Regular Plan-Growth Option;INF178L01202;;3477.0975;;;18-Mar-2026
133809;Kotak Low Duration Fund- Regular Plan-Standard Income Distribution cum capital withdrawal option;INF178L01210;INF178L01228;1242.6781;;;18-Mar-2026

LIC Mutual Fund
120316;LIC MF Low Duration Fund-Direct Plan-Daily IDCW;INF767K01FL0;INF767K01FN6;10.05;;;18-Mar-2026
120315;LIC MF Low Duration Fund-Direct Plan-Growth;INF767K01FM8;;44.7705;;;18-Mar-2026
120317;LIC MF Low Duration Fund-Direct Plan-Monthly IDCW;INF767K01FP1;INF767K01FO4;23.3808;;;18-Mar-2026
120318;LIC MF Low Duration Fund-Direct Plan-Weekly IDCW;INF767K01JJ6;INF767K01JK4;15.5946;;;18-Mar-2026
111676;LIC MF Low Duration Fund-Regular Plan-Daily IDCW;INF767K01AK3;INF767K01AL1;10.8403;;;18-Mar-2026
101830;LIC MF Low Duration Fund-Regular Plan-Growth;INF767K01AO5;;41.0666;;;18-Mar-2026
101829;LIC MF Low Duration Fund-Regular Plan-Monthly IDCW;INF767K01AM9;INF767K01AN7;14.1608;;;18-Mar-2026
111675;LIC MF Low Duration Fund-Regular Plan-Weekly IDCW;INF767K01AP2;INF767K01AQ0;14.0828;;;18-Mar-2026

Mahindra Manulife Mutual Fund
140617;Mahindra Manulife Low Duration Fund - Direct Plan - Daily IDCW;;INF174V01275;1232.7685;;;18-Mar-2026
140619;Mahindra Manulife Low Duration Fund - Direct Plan - Monthly IDCW;INF174V01309;INF174V01291;1134.7048;;;18-Mar-2026
140618;Mahindra Manulife Low Duration Fund - Direct Plan - Weekly IDCW;;INF174V01283;1030.6272;;;18-Mar-2026
140613;Mahindra Manulife Low Duration Fund - Direct Plan -Growth;INF174V01267;;1831.8404;;;18-Mar-2026
140614;Mahindra Manulife Low Duration Fund - Regular Plan - Daily IDCW;;INF174V01226;1004.2709;;;18-Mar-2026
140620;Mahindra Manulife Low Duration Fund - Regular Plan - Growth;INF174V01218;;1698.2447;;;18-Mar-2026
140616;Mahindra Manulife Low Duration Fund - Regular Plan - Monthly IDCW;INF174V01259;INF174V01242;1114.7426;;;18-Mar-2026
140615;Mahindra Manulife Low Duration Fund - Regular Plan - Weekly IDCW;;INF174V01234;1052.8030;;;18-Mar-2026

UTI Mutual Fund
141958;UTI Low Duration Fund - Direct Plan - Annual IDCW;INF789F01XF9;INF789F01XG7;1393.1939;;;18-Mar-2026
120737;UTI Low Duration Fund - Direct Plan - Daily IDCW (Reinvestment);;INF789F01XE2;1436.9619;;;18-Mar-2026
133127;UTI Low Duration Fund - Direct Plan - Flexi IDCW;INF789FA1O44;INF789FA1O51;1597.7369;;;18-Mar-2026
135191;UTI Low Duration Fund - Direct Plan - Fortnightly IDCW;INF789FA1O02;INF789FA1O10;1338.9377;;;18-Mar-2026
120735;UTI Low Duration Fund - Direct Plan - Growth Option;INF789F01XI3;;3763.6961;;;18-Mar-2026
133469;UTI Low Duration Fund - Direct Plan - Half-Yearly IDCW;INF789FA1O28;INF789FA1O36;1456.2074;;;18-Mar-2026
120736;UTI Low Duration Fund - Direct Plan - Monthly IDCW;INF789F01XJ1;INF789F01XK9;1469.4542;;;18-Mar-2026
120734;UTI Low Duration Fund - Direct Plan - Quarterly IDCW;INF789F01XL7;INF789F01XM5;2017.9805;;;18-Mar-2026
120739;UTI Low Duration Fund - Direct Plan - Weekly IDCW;INF789F01XN3;INF789F01XO1;1021.948;;;18-Mar-2026
102538;UTI Low Duration Fund - Discontinued - Annaul Dividend Option;INF789F01OK8;INF789F01OL6;3518.5606;;;18-Mar-2026
105578;UTI Low Duration Fund - Discontinued - Periodic Dividend Plan;;INF789F01349;1071.3675;;;18-Mar-2026
102541;UTI Low Duration Fund - Discontinued - Quarterly Dividend Option;INF789F01OO0;INF789F01OP7;2315.4136;;;18-Mar-2026
102539;UTI Low Duration Fund - Discontinued Bonus Option;INF789F01OM4;;4365.0743;;;18-Mar-2026
105659;UTI Low Duration Fund - Discontinued Flexi Dividend Plan;INF789F01PA6;;1085.8041;;;18-Mar-2026
102540;UTI Low Duration Fund - Discontinued Growth Option;INF789F01331;;6548.3539;;;18-Mar-2026
105670;UTI Low Duration Fund - Discontinued Monthly Dividend Option;INF789F01OY9;INF789F01OZ6;1017.2367;;;18-Mar-2026
102545;UTI Low Duration Fund - Regular Plan - Bonus Option;INF789F01OS1;;3094.4645;;;18-Mar-2026
105605;UTI Low Duration Fund - Regular Plan - Daily IDCW (Reinvestment);;INF789F01ON2;1427.0064;;;18-Mar-2026
133130;UTI Low Duration Fund - Regular Plan - Flexi IDCW;INF789FA1N86;INF789FA1N94;1408.2047;;;18-Mar-2026
133733;UTI Low Duration Fund - Regular Plan - Fortnightly IDCW;INF789FA1N45;INF789FA1N52;1330.2201;;;18-Mar-2026
102544;UTI Low Duration Fund - Regular Plan - Growth Option;INF789F01OT9;;3702.455;;;18-Mar-2026
136345;UTI Low Duration Fund - Regular Plan - Half-Yearly IDCW;INF789FA1N60;INF789FA1N78;1461.5429;;;18-Mar-2026
105658;UTI Low Duration Fund - Regular Plan - Monthly IDCW;INF789F01OU7;INF789F01OV5;1455.5762;;;18-Mar-2026
115483;UTI Low Duration Fund - Regular Plan - Quarterly IDCW;INF789F01OW3;INF789F01OX1;1415.7212;;;18-Mar-2026
105627;UTI Low Duration Fund - Regular Plan - Weekly IDCW;INF789F01PB4;INF789F01PC2;1430.6165;;;18-Mar-2026

Open Ended Schemes ( Debt Scheme - Money Market Fund )


Axis Mutual Fund
147576;Axis Money Market Fund - Direct Plan - Annual IDCW;INF846K01Q96;INF846K01Q88;1319.0153;;;18-Mar-2026
147571;Axis Money Market Fund - Direct Plan - Daily IDCW;;INF846K01Q70;1005.6131;;;18-Mar-2026
147567;Axis Money Market Fund - Direct Plan - Growth Option;INF846K01Q62;;1510.0769;;;18-Mar-2026
147572;Axis Money Market Fund - Direct Plan - Monthly IDCW;INF846K01R12;INF846K01R04;1011.0680;;;18-Mar-2026
147573;Axis Money Market Fund - Direct Plan - Quarterly IDCW;INF846K01R38;INF846K01R20;1190.4062;;;18-Mar-2026
147575;Axis Money Market Fund - Regular Plan - Annual IDCW;INF846K01R79;INF846K01R61;1304.3022;;;18-Mar-2026
147577;Axis Money Market Fund - Regular Plan - Daily IDCW;;INF846K01R53;1005.6127;;;18-Mar-2026
147568;Axis Money Market Fund - Regular Plan - Growth Option;INF846K01R46;;1494.5784;;;18-Mar-2026
147578;Axis Money Market Fund - Regular Plan - Monthly IDCW;INF846K01R95;INF846K01R87;1008.1070;;;18-Mar-2026
147574;Axis Money Market Fund - Regular Plan - Quarterly IDCW;INF846K01S11;INF846K01S03;1175.6275;;;18-Mar-2026

Bajaj Finserv Mutual Fund
151889;Bajaj Finserv Money Market Fund-Direct Plan-Growth;INF0QA701334;;1213.3279;;;18-Mar-2026
151890;Bajaj Finserv Money Market Fund-Direct Plan-IDCW;INF0QA701391;INF0QA701375;1213.3279;;;18-Mar-2026
151894;Bajaj Finserv Money Market Fund-Direct Plan-Monthly-IDCW;INF0QA701433;INF0QA701425;1036.2837;;;18-Mar-2026
151893;Bajaj Finserv Money Market Fund-Regular Plan-Growth;INF0QA701441;;1194.3574;;;18-Mar-2026
151891;Bajaj Finserv Money Market Fund-Regular Plan-IDCW;INF0QA701466;INF0QA701458;1194.3574;;;18-Mar-2026
151892;Bajaj Finserv Money Market Fund-Regular Plan-Monthly-IDCW;INF0QA701482;INF0QA701474;1044.2196;;;18-Mar-2026

Bandhan Mutual Fund
131389;Bandhan Money Market Fund - Regular Plan - Periodic IDCW;INF194KA1TG5;INF194KA1TH3;13.8032;;;18-Mar-2026
108701;Bandhan Money Market Fund - Regular Plan - Weekly IDCW;INF194K01LR2;INF194K01LQ4;10.1364;;;18-Mar-2026
118383;Bandhan Money Market Fund -Direct Plan-Daily IDCW;;INF194K01M98;10.0994;;;18-Mar-2026
118384;Bandhan Money Market Fund -Direct Plan-Growth;INF194K01M80;;45.6539;;;18-Mar-2026
118385;Bandhan Money Market Fund -Direct Plan-Monthly IDCW;INF194K01N22;INF194K01N14;10.2130;;;18-Mar-2026
131388;Bandhan Money Market Fund -Direct Plan-Periodic IDCW;INF194KA1TJ9;INF194KA1TK7;16.7430;;;18-Mar-2026
118386;Bandhan Money Market Fund -Direct Plan-Weekly IDCW;;INF194K01N48;10.1141;;;18-Mar-2026
108650;BANDHAN Money Market Fund - Regular Plan - Daily IDCW;INF194K01LL5;INF194K01LK7;10.0994;;;18-Mar-2026
108756;BANDHAN Money Market Fund - Regular Plan - Growth;INF194K01LJ9;;42.0854;;;18-Mar-2026
108757;BANDHAN Money Market Fund - Regular Plan - Monthly IDCW;INF194K01LO9;INF194K01LN1;10.2760;;;18-Mar-2026

Bank of India Mutual Fund
153296;Bank of India Money Market Fund - Direct - Daily IDCW;;INF761K01GP2;10.0500;;;18-Mar-2026
153294;Bank of India Money Market Fund - Direct - Growth;INF761K01GO5;;10.8038;;;18-Mar-2026
153295;Bank of India Money Market Fund - Direct - Monthly IDCW;INF761K01GR8;INF761K01GX6;10.0735;;;18-Mar-2026
153298;Bank of India Money Market Fund - Regular - Daily IDCW;;INF761K01GT4;10.0500;;;18-Mar-2026
153293;Bank of India Money Market Fund - Regular - Growth;INF761K01GS6;;10.7423;;;18-Mar-2026
153299;Bank of India Money Market Fund - Regular - Monthly IDCW;INF761K01GW8;INF761K01GV0;10.0707;;;18-Mar-2026
153301;Bank of India Money Market Fund - Regular - Weekly IDCW;;INF761K01GU2;10.0620;;;18-Mar-2026

Baroda BNP Paribas Mutual Fund
147373;Baroda BNP Paribas Money Market Fund - Direct Plan - Monthly IDCW;INF955L01IG3;;1033.5415;;;18-Mar-2026
147378;Baroda BNP Paribas Money Market Fund - Direct Plan-Daily IDCW;;INF955L01IE8;1000.0000;;;18-Mar-2026
147376;Baroda BNP Paribas Money Market Fund - Regular Plan - Monthly IDCW;INF955L01IB4;;1014.4520;;;18-Mar-2026
147379;Baroda BNP Paribas Money Market Fund -Direct Plan - Weekly IDCW;;INF955L01IF5;1000.7036;;;18-Mar-2026
147377;Baroda BNP Paribas Money Market Fund- Direct Plan - Growth;INF955L01ID0;;1461.3877;;;18-Mar-2026
147382;Baroda BNP Paribas Money Market Fund-Regular Plan - Growth;INF955L01HY8;;1438.2544;;;18-Mar-2026
147380;Baroda BNP Paribas Money Market Fund-Regular Plan- Daily IDCW;;INF955L01HZ5;1005.9754;;;18-Mar-2026
147381;Baroda BNP Paribas Money Market Fund-Regular Plan-Weekly IDCW;;INF955L01IA6;1000.8544;;;18-Mar-2026

Franklin Templeton Mutual Fund
118506;Franklin India Money Market Fund - Direct - Growth;INF090I01GV8;;54.1947;;;18-Mar-2026
152200;Franklin India Money Market Fund - DP - Wkly IDCW R;INF090I01WV5;INF090I01WW3;10.1149;;;18-Mar-2026
101357;Franklin India Money Market Fund - Growth Option;INF090I01CA1;;52.3941;;;18-Mar-2026
122443;Franklin India Money Market Fund Retail Option - Daily - IDCW;;INF090I01KM9;10.0862;;;18-Mar-2026
122444;Franklin India Money Market Fund Retail Option - Direct - Daily - IDCW;;INF090I01KN7;10.0974;;;18-Mar-2026
129437;Franklin India Money Market Fund Retail Option - Direct - Monthly - IDCW;INF090I01LC8;INF090I01LD6;10.9060;;;18-Mar-2026
118505;Franklin India Money Market Fund Retail Option - Direct - Quarterly - IDCW;INF090I01GT2;INF090I01GU0;11.7576;;;18-Mar-2026
129436;Franklin India Money Market Fund Retail Option - Monthly - IDCW;INF090I01LA2;INF090I01LB0;10.5031;;;18-Mar-2026
101356;Franklin India Money Market Fund Retail Option - Quarterly - IDCW;INF090I01BZ0;INF090I01BY3;11.2144;;;18-Mar-2026
152199;Franklin India Money Market Fund Wkly IDCW R;INF090I01WT9;INF090I01WU7;10.1042;;;18-Mar-2026

Groww Mutual Fund
153982;Groww Money Market Fund Direct Growth;INF666M01MW3;;10.1715;;;18-Mar-2026
153991;Groww Money Market Fund Direct IDCW;INF666M01MX1;INF666M01MY9;10.1715;;;18-Mar-2026
153992;Groww Money Market Fund Regular Growth;INF666M01MZ6;;10.1533;;;18-Mar-2026
153993;Groww Money Market Fund Regular IDCW;INF666M01NA7;INF666M01NB5;10.1535;;;18-Mar-2026

HDFC Mutual Fund
101994;HDFC Money Market Fund - Daily IDCW Option;;INF179KB1IG6;1063.64;;;18-Mar-2026
119093;HDFC Money Market Fund - Daily IDCW Option - Direct Plan;;INF179KB1HZ8;1063.64;;;18-Mar-2026
101993;HDFC Money Market Fund - Growth Option;INF179KB1HR5;;5967.4961;;;18-Mar-2026
119092;HDFC Money Market Fund - Growth Option - Direct Plan;INF179KB1HU9;;6093.8586;;;18-Mar-2026
101995;HDFC Money Market Fund - Weekly IDCW Option;INF179KB1IH4;INF179KB1II2;1063.7686;;;18-Mar-2026
119094;HDFC Money Market Fund - Weekly IDCW Option -Direct Plan;INF179KB1IA9;INF179KB1IB7;1063.782;;;18-Mar-2026

HSBC Mutual Fund
151055;HSBC Money Market Fund - Direct Daily IDCW;;INF917K01FD8;10.8591;;;18-Mar-2026
151054;HSBC Money Market Fund - Direct Growth;INF917K01FE6;;28.9208;;;18-Mar-2026
151052;HSBC Money Market Fund - Direct Monthly IDCW;INF917K01E86;INF917K01FF3;12.2203;;;18-Mar-2026
151053;HSBC Money Market Fund - Direct Weekly IDCW;;INF917K01FH9;13.1888;;;18-Mar-2026
151049;HSBC Money Market Fund - Regular Daily IDCW;;INF917K01AY5;10.8591;;;18-Mar-2026
151048;HSBC Money Market Fund - Regular Growth;INF917K01BC9;;27.5389;;;18-Mar-2026
151051;HSBC Money Market Fund - Regular Monthly IDCW;INF917K01BB1;INF917K01BA3;11.568;;;18-Mar-2026
151050;HSBC Money Market Fund - Regular Weekly IDCW;;INF917K01AZ2;13.1019;;;18-Mar-2026

ICICI Prudential Mutual Fund
120209;ICICI Prudential Money Market Fund Option - Direct Plan -  Daily IDCW;;INF109K01R22;100.1435;;;18-Mar-2026
120211;ICICI Prudential Money Market Fund Option - Direct Plan -  Growth;INF109K01R14;;401.5215;;;18-Mar-2026
120216;ICICI Prudential Money Market Fund Option - Direct Plan -  IDCW Others;INF109K01R30;;183.9753;;;18-Mar-2026
120212;ICICI Prudential Money Market Fund Option - Direct Plan -  Weekly IDCW;INF109K01R89;;100.8878;;;18-Mar-2026
103634;ICICI Prudential Money Market Fund Option - Daily IDCW;INF109K01TY9;;100.1295;;;18-Mar-2026
103633;ICICI Prudential Money Market Fund Option - Growth;INF109K01TX1;;396.3487;;;18-Mar-2026
130013;ICICI Prudential Money Market Fund Option - IDCW Others;INF109K01I64;;182.0365;;;18-Mar-2026
103635;ICICI Prudential Money Market Fund Option - Weekly IDCW;INF109K01TZ6;;100.8241;;;18-Mar-2026

Jio BlackRock Mutual Fund
153649;JioBlackRock Money Market Fund - Direct Plan - Growth Option;INF22M001028;;1041.4814;;;18-Mar-2026

Kotak Mahindra Mutual Fund
101893;Kotak Money Market Fund - (Growth);INF174K01NA6;;4688.9906;;;18-Mar-2026
119746;Kotak Money Market Fund - (Growth) - Direct;INF174K01MW2;;4737.3417;;;18-Mar-2026
101892;Kotak Money market Fund - (Monthly Payout of Income Distribution cum capital withdrawal option);INF174K018O0;INF174K01NB4;1052.4121;;;18-Mar-2026
119747;Kotak Money Market Fund - (Monthly Payout of Income Distribution cum capital withdrawal option) - Direct;INF174K019O8;INF174K01MX0;1259.9008;;;18-Mar-2026

LIC Mutual Fund
150392;LIC MF Money Market Fund-Direct Plan-Growth;INF767K01RE0;;1257.9534;;;18-Mar-2026
150391;LIC MF Money Market Fund-Direct Plan-IDCW;INF767K01RF7;INF767K01RG5;1257.9533;;;18-Mar-2026
150393;LIC MF Money Market Fund-Regular Plan-Growth;INF767K01RB6;;1240.1908;;;18-Mar-2026
150394;LIC MF Money Market Fund-Regular Plan-IDCW;INF767K01RC4;INF767K01RD2;1240.1908;;;18-Mar-2026

Shriram Mutual Fund
154144;Shriram Money Market Fund - Direct Plan Growth Option;INF680P01471;;1009.3559;;;18-Mar-2026
154143;Shriram Money Market Fund - Regular Plan Growth Option;INF680P01489;;1009.0534;;;18-Mar-2026

Trust Mutual Fund
150513;TRUSTMF MONEY MARKET FUND-DIRECT PLAN-GROWTH;INF0GCD01503;;1278.9192;;;18-Mar-2026
150514;TRUSTMF MONEY MARKET FUND-DIRECT PLAN-MONTHLY IDCW;INF0GCD01529;INF0GCD01511;1148.0794;;;18-Mar-2026
150511;TRUSTMF MONEY MARKET FUND-REGULAR PLAN-GROWTH;INF0GCD01479;;1269.8104;;;18-Mar-2026
150512;TRUSTMF MONEY MARKET FUND-REGULAR PLAN-MONTHLY IDCW;INF0GCD01495;INF0GCD01487;1139.5700;;;18-Mar-2026

UTI Mutual Fund
120299;UTI MMF - Direct Plan - Growth Option;INF789F01XV6;;3262.1814;;;18-Mar-2026
139236;UTI MMF - Regular Plan - Flexi Dividend Option;INF789FA1M04;INF789FA1M12;1246.4017;;;18-Mar-2026
112077;UTI MMF - Regular Plan - Growth Option;INF789F01PX8;;3221.2635;;;18-Mar-2026
100724;UTI MMF- Discontinued - Regular Plan - Flexi Dividend Option;;INF789F01BD0;4016.4029;;;18-Mar-2026
100725;UTI MMF- Discontinued - Regular Plan - Periodic Dividend Option;INF789F01BE8;;2616.2286;;;18-Mar-2026
100723;UTI MMF-Discontinued - Regular Plan -Growth;INF789F01BF5;;7443.5073;;;18-Mar-2026
134973;UTI Money Market Fund - Direct Plan - Annual IDCW;INF789FA1N03;INF789FA1N11;1936.2602;;;18-Mar-2026
120772;UTI Money Market Fund - Direct Plan - Daily IDCW (Reinvestment);;INF789F01XU8;1030.8797;;;18-Mar-2026
143125;UTI Money Market Fund - Direct Plan - Flexi IDCW;INF789FA1N29;INF789FA1N37;1672.1737;;;18-Mar-2026
135606;UTI Money Market Fund - Direct Plan - Fortnightly IDCW;INF789FA1M20;INF789FA1M38;1251.6528;;;18-Mar-2026
140023;UTI Money Market Fund - Direct Plan - Half-Yearly IDCW;INF789FA1M87;INF789FA1M95;1822.782;;;18-Mar-2026
133387;UTI Money Market Fund - Direct Plan - Monthly IDCW;INF789FA1M46;INF789FA1M53;1596.8416;;;18-Mar-2026
142249;UTI Money Market Fund - Direct Plan - Quarterly IDCW;INF789FA1M61;INF789FA1M79;1730.9616;;;18-Mar-2026
120793;UTI Money Market Fund - Direct Plan - Weekly IDCW;INF789F01XW4;INF789F01XX2;1115.5131;;;18-Mar-2026
134972;UTI Money Market Fund - Regular Plan - Annual IDCW;INF789FA1L88;INF789FA1L96;1918.6613;;;18-Mar-2026
112076;UTI Money Market Fund - Regular Plan - Daily IDCW (Reinvestment);;INF789F01PW0;1073.455;;;18-Mar-2026
135371;UTI Money Market Fund - Regular Plan - Fortnightly IDCW;INF789FA1L05;INF789FA1L13;1159.7192;;;18-Mar-2026
134763;UTI Money Market Fund - Regular Plan - Half-Yearly IDCW;INF789FA1L62;INF789FA1L70;1810.1288;;;18-Mar-2026
133484;UTI Money Market Fund - Regular Plan - Monthly IDCW;INF789FA1L21;INF789FA1L39;1038.896;;;18-Mar-2026
112635;UTI Money Market Fund - Regular Plan - Weekly IDCW;INF789F01PY6;INF789F01PZ3;1116.086;;;18-Mar-2026

Open Ended Schemes ( Debt Scheme - Short Duration Fund )


Axis Mutual Fund
120510;Axis Short Duration Fund - Direct Plan - Growth Option;INF846K01EI1;;35.1902;;;18-Mar-2026
120511;Axis Short Duration Fund - Direct Plan - Monthly IDCW;INF846K01EJ9;INF846K01EK7;10.0298;;;18-Mar-2026
133894;Axis Short Duration Fund - Direct Plan - Regular IDCW;INF846K01RH5;INF846K01RI3;21.5294;;;18-Mar-2026
120512;Axis Short Duration Fund - Direct Plan - Weekly IDCW;INF846K01EL5;INF846K01EM3;10.2400;;;18-Mar-2026
112354;Axis Short Duration Fund - Regular Plan - Growth Option;INF846K01644;;32.1356;;;18-Mar-2026
112355;Axis Short Duration Fund - Regular Plan - Monthly IDCW;INF846K01651;INF846K01669;10.0490;;;18-Mar-2026
133895;Axis Short Duration Fund - Regular Plan - Regular IDCW;INF846K01RJ1;INF846K01RK9;21.4981;;;18-Mar-2026
112369;Axis Short Duration Fund - Regular Plan - Weekly IDCW;INF846K01677;INF846K01685;10.3893;;;18-Mar-2026
112721;Axis Short Duration Fund - Retail Plan - Growth Option;INF846K01594;;31.7640;;;18-Mar-2026
112723;Axis Short Duration Fund - Retail Plan - Monthly IDCW;INF846K01602;INF846K01610;10.0257;;;18-Mar-2026
112722;Axis Short Duration Fund - Retail Plan - Weekly IDCW;INF846K01628;INF846K01636;10.2197;;;18-Mar-2026

Bandhan Mutual Fund
143369;Bandhan Short Duration Fund - Direct Plan - Annual IDCW;INF194KA11L7;INF194KA12L5;11.5039;;;18-Mar-2026
118405;Bandhan Short Duration Fund - Direct Plan - Fortnightly IDCW;INF194K01U56;INF194K01U49;10.3752;;;18-Mar-2026
118407;Bandhan Short Duration Fund - Direct Plan - Growth;INF194K01U07;;63.5824;;;18-Mar-2026
118406;Bandhan Short Duration Fund - Direct Plan - Monthly IDCW;INF194K01U23;INF194K01U15;10.3785;;;18-Mar-2026
131382;Bandhan Short Duration Fund - Direct Plan - Periodic IDCW;INF194KA1SR4;INF194KA1SS2;22.9513;;;18-Mar-2026
143367;Bandhan Short Duration Fund - Direct Plan - Quarterly IDCW;INF194KA18K4;INF194KA19K2;10.7722;;;18-Mar-2026
143368;Bandhan Short Duration Fund - Regular Plan - Annual IDCW;INF194KA15K0;INF194KA16K8;11.2340;;;18-Mar-2026
108713;Bandhan Short Duration Fund - Regular Plan - Fortnightly IDCW;INF194K01HK5;INF194K01HJ7;10.4176;;;18-Mar-2026
131383;Bandhan Short Duration Fund - Regular Plan - Periodic IDCW;INF194KA1SO1;INF194KA1SP8;21.9585;;;18-Mar-2026
143366;Bandhan Short Duration Fund - Regular Plan - Quarterly IDCW;INF194KA12K7;INF194KA13K5;10.8368;;;18-Mar-2026

Bank of India Mutual Fund
119382;BANK OF INDIA Short Term Income Fund-Direct Plan- Growth;INF761K01736;;30.1963;;;18-Mar-2026
119383;BANK OF INDIA Short Term Income Fund-Direct Plan- Monthly IDCW;INF761K01751;INF761K01744;14.6813;;;18-Mar-2026
119384;BANK OF INDIA Short Term Income Fund-Direct Plan- Quarterly IDCW;INF761K01777;INF761K01769;13.9209;;;18-Mar-2026
111585;BANK OF INDIA Short Term Income Fund-Regular Plan- Growth;INF761K01579;;27.6677;;;18-Mar-2026
111589;BANK OF INDIA Short Term Income Fund-Regular Plan- Monthly IDCW;INF761K01595;INF761K01587;14.1978;;;18-Mar-2026
111590;BANK OF INDIA Short Term Income Fund-Regular Plan- Quarterly IDCW;INF761K01611;INF761K01603;13.9913;;;18-Mar-2026

Baroda BNP Paribas Mutual Fund
119400;Baroda BNP Paribas Short Duration Fund - Direct Plan - Growth Option;INF955L01BD5;;32.9515;;;18-Mar-2026
119399;Baroda BNP Paribas Short Duration Fund - Direct Plan - Monthly IDCW Option;INF955L01BB9;;10.4449;;;18-Mar-2026
140463;Baroda BNP Paribas Short Duration Fund - Direct Plan - Quarterly IDCW;INF955L01GU8;;11.2720;;;18-Mar-2026
113036;Baroda BNP Paribas Short Duration Fund - Regular Plan - Growth Option;INF955L01153;;30.2223;;;18-Mar-2026
113037;Baroda BNP Paribas Short Duration Fund - Regular Plan - Monthly IDCW Option;INF955L01138;INF955L01146;10.1821;;;18-Mar-2026
140465;Baroda BNP Paribas Short Duration Fund - Regular Plan - Quarterly IDCW;INF955L01GS2;;10.6759;;;18-Mar-2026

Franklin Templeton Mutual Fund
148313;Franklin India Short Tem Income Plan - Segregated Portfolio 3 (9.50% Yes Bank Ltd CO 23Dec21) - Direct Retail Plan Growth Option;INF090I01VS3;;0.0000;;;18-Mar-2026
148314;Franklin India Short Term Income Plan - Segregated Portfolio 3 (9.50% Yes Bank Ltd CO 23Dec21) - Institutional Plan Growth Option;INF090I01VR5;;0.0000;;;18-Mar-2026
148318;Franklin India Short Term Income Plan - Segregated Portfolio 3 (9.50% Yes Bank Ltd CO 23Dec21) - Retail Plan Growth Option;INF090I01VN4;;0.0000;;;18-Mar-2026
148312;Franklin India Short term Income Plan- Retail Plan-Segregated Portfolio 3 (9.50% Yes Bank Ltd CO 23Dec21) - Direct Monthly - IDCW;INF090I01VU9;;0.0000;;;18-Mar-2026
148311;Franklin India Short term Income Plan- Retail Plan-Segregated Portfolio 3 (9.50% Yes Bank Ltd CO 23Dec21) - Direct Quarterly - IDCW;INF090I01VT1;;0.0000;;;18-Mar-2026
148319;Franklin India Short Term Income Plan- Retail Plan-Segregated Portfolio 3 (9.50% Yes Bank Ltd CO 23Dec21) - Monthly - IDCW;INF090I01VP9;;0.0000;;;18-Mar-2026
148317;Franklin India Short term Income Plan- Retail Plan-Segregated Portfolio 3 (9.50% Yes Bank Ltd CO 23Dec21) - Quarterly - IDCW;INF090I01VO2;;0.0000;;;18-Mar-2026
148315;Franklin India Short-term Income Plan- Retail Plan-Segregated Portfolio 3 (9.50% Yes Bank Ltd CO 23Dec21) - Weekly - IDCW;INF090I01VQ7;;0.0000;;;18-Mar-2026
148316;Franklin India Short-term Income Plan-Retail Plan-Segregated Portfolio 3 (9.50% Yes Bank Ltd CO 23Dec21) - Direct Weekly - IDCW;INF090I01VV7;;0.0000;;;18-Mar-2026

Groww Mutual Fund
123708;Groww Short Duration Fund (formerly known as Indiabulls Short Term Fund )- Regular Plan - Growth Option;INF666M01AJ5;;2150.4149;;;18-Mar-2026
123704;Groww Short Duration Fund (formerly known as Indiabulls Short Term Fund) - Direct Plan - Growth Option;INF666M01AC0;;2481.0847;;;18-Mar-2026
123706;Groww Short Duration Fund (formerly known as Indiabulls Short Term Fund)- Direct Plan- Fortnightly - Income Distribution cum capital withdrawal Option (Payout & Reinvestment);INF666M01AH9;INF666M01AE6;1018.069;;;18-Mar-2026
123707;Groww Short Duration Fund (formerly known as Indiabulls Short Term Fund)- Direct Plan- Monthly - Income Distribution cum capital withdrawal Option (Payout & Reinvestment);INF666M01AI7;INF666M01AF3;1018.4628;;;18-Mar-2026
123705;Groww Short Duration Fund (formerly known as Indiabulls Short Term Fund)- Direct Plan- Weekly - Income Distribution cum capital withdrawal Option (Payout & Reinvestment);INF666M01AG1;INF666M01AD8;1018.4019;;;18-Mar-2026
123710;Groww Short Duration Fund (formerly known as Indiabulls Short Term Fund)- Regular Plan- Fortnightly - Income Distribution cum capital withdrawal Option (Payout & Reinvestment);INF666M01AO5;INF666M01AL1;1017.8542;;;18-Mar-2026
123711;Groww Short Duration Fund (formerly known as Indiabulls Short Term Fund)- Regular Plan- Monthly - Income Distribution cum capital withdrawal Option (Payout & Reinvestment);INF666M01AP2;INF666M01AM9;1024.3783;;;18-Mar-2026
123709;Groww Short Duration Fund (formerly known as Indiabulls Short Term Fund)- Regular Plan- Weekly - Income Distribution cum capital withdrawal Option (Payout & Reinvestment);INF666M01AN7;INF666M01AK3;1018.1089;;;18-Mar-2026

HDFC Mutual Fund
119015;HDFC Short Term  Debt Fund - Fortnightly IDCW - Direct Plan;;;10.3004;;;18-Mar-2026
113048;HDFC Short Term  Debt Fund - Fortnightly IDCW Option;INF179K01CV4;INF179K01CW2;10.1934;;;18-Mar-2026
113047;HDFC Short Term  Debt Fund - Growth Option;INF179K01CU6;;33.2696;;;18-Mar-2026
119016;HDFC Short Term  Debt Fund - Growth Option - Direct Plan;INF179K01YM7;;34.4151;;;18-Mar-2026
133367;HDFC Short Term  Debt Fund - Normal IDCW - Direct Plan;INF179KA1Q53;;20.3905;;;18-Mar-2026
133368;HDFC Short Term  Debt Fund - Normal IDCW Option;INF179KA1Q79;;19.7702;;;18-Mar-2026

HSBC Mutual Fund
151063;HSBC Short Duration Fund -  Regular Plan - Monthly IDCW;INF917K01CH6;INF917K01CI4;11.0528;;;18-Mar-2026
151062;HSBC Short Duration Fund - Bonus;INF917K01CM6;;27.4298;;;18-Mar-2026
151070;HSBC Short Duration Fund - Direct Annual IDCW;INF917K01VR5;INF917K01VQ7;12.9213;;;18-Mar-2026
151067;HSBC Short Duration Fund - Direct Growth;INF917K01IQ4;;29.1494;;;18-Mar-2026
151068;HSBC Short Duration Fund - Direct Plan -  Monthly IDCW;INF917K01IP6;INF917K01IO9;11.7207;;;18-Mar-2026
151069;HSBC Short Duration Fund - Direct Quarterly IDCW;INF917K01IS0;INF917K01IR2;11.3967;;;18-Mar-2026
151071;HSBC Short Duration Fund - Regular Annual IDCW;INF917K01VT1;INF917K01VS3;12.3131;;;18-Mar-2026
151065;HSBC Short Duration Fund - Regular Growth;INF917K01CL8;;27.4308;;;18-Mar-2026
151064;HSBC Short Duration Fund - Regular Quarterly IDCW;INF917K01CJ2;INF917K01CK0;10.5317;;;18-Mar-2026

ICICI Prudential Mutual Fund
120754;ICICI Prudential Short Term Fund - Direct Plan - Growth Option;INF109K013N3;;68.5798;;;18-Mar-2026
120755;ICICI Prudential Short Term Fund - Direct Plan - Monthly IDCW;INF109K014N1;INF109K015N8;12.6778;;;18-Mar-2026
101758;ICICI Prudential Short Term Fund - Growth Option;INF109K01654;;62.6140;;;18-Mar-2026
101165;ICICI Prudential Short Term Fund - Monthly IDCW;INF109K01WL0;INF109K01647;12.0619;;;18-Mar-2026

Jio BlackRock Mutual Fund
154079;JioBlackRock Short Duration Fund - Direct Plan - Growth Option;INF22M001143;;1008.1679;;;18-Mar-2026

JM Financial Mutual Fund
150545;JM Short Duration Fund (Direct) - Growth;INF192K01MP8;;12.7796;;;18-Mar-2026
150544;JM Short Duration Fund (Direct) - IDCW;INF192K01MQ6;INF192K01MR4;12.78;;;18-Mar-2026
150542;JM Short Duration Fund (Regular) - Growth;INF192K01MM5;;12.4253;;;18-Mar-2026
150543;JM Short Duration Fund (Regular) - IDCW;INF192K01MN3;INF192K01MO1;12.4259;;;18-Mar-2026

Kotak Mahindra Mutual Fund
135500;Kotak Bond Short Term Plan - Direct - Standard Income Distribution cum capital withdrawal option;INF174K01Z14;INF174K01Z22;15.8328;;;18-Mar-2026
135501;Kotak Bond Short Term Plan - Regular Plan - Normal Dividend;INF174K01Y98;INF174K01Z06;11.9748;;;18-Mar-2026
101373;Kotak Bond Short Term Plan-(Growth);INF174K01ES7;;53.9374;;;18-Mar-2026
119739;Kotak Bond Short Term Plan-(Growth) - Direct;INF174K01JI7;;59.6799;;;18-Mar-2026

LIC Mutual Fund
145954;LIC MF Short Duration Fund-Direct Plan-Growth;INF767K01PW6;;16.1795;;;18-Mar-2026
145953;LIC MF Short Duration Fund-Direct Plan-IDCW;INF767K01PX4;INF767K01PY2;16.1795;;;18-Mar-2026
151959;LIC MF Short Duration Fund-Direct Plan-Monthly IDCW;INF397L01BH1;INF397L01BI9;16.1775;;;18-Mar-2026
151960;LIC MF Short Duration Fund-Direct Plan-Weekly IDCW;INF397L01BK5;INF397L01BL3;16.1779;;;18-Mar-2026
145952;LIC MF Short Duration Fund-Regular Plan-Growth;INF767K01PT2;;15.0471;;;18-Mar-2026
145951;LIC MF Short Duration Fund-Regular Plan-IDCW;INF767K01PU0;INF767K01PV8;15.0471;;;18-Mar-2026
151955;LIC MF Short Duration Fund-Regular Plan-Monthly IDCW;INF397L01406;INF397L01414;15.0476;;;18-Mar-2026
151956;LIC MF Short Duration Fund-Regular Plan-Weekly IDCW;INF397L01430;INF397L01448;12.7886;;;18-Mar-2026

Mahindra Manulife Mutual Fund
148730;Mahindra Manulife Short Duration Fund - Direct Plan - IDCW;INF174V01AO1;INF174V01AN3;11.8360;;;18-Mar-2026
148729;Mahindra Manulife Short Duration Fund - Direct Plan -Growth;INF174V01AM5;;13.8460;;;18-Mar-2026
148727;Mahindra Manulife Short Duration Fund - Regular Plan - Growth;INF174V01AJ1;;13.1871;;;18-Mar-2026
148728;Mahindra Manulife Short Duration Fund - Regular Plan - IDCW;INF174V01AL7;INF174V01AK9;11.2060;;;18-Mar-2026

Trust Mutual Fund
149076;TRUSTMF Short Duration Fund-Direct Plan-Growth;INF0GCD01370;;1323.4781;;;18-Mar-2026
149078;TRUSTMF Short Duration Fund-Direct Plan-Monthly Income Distribution Cum Capital Withdrawal;INF0GCD01396;INF0GCD01404;1148.6709;;;18-Mar-2026
149079;TRUSTMF Short Duration Fund-Direct Plan-Quarterly Income Distribution Cum Capital Withdrawal;INF0GCD01412;INF0GCD01420;1167.9101;;;18-Mar-2026
149077;TRUSTMF Short Duration Fund-Direct Plan-Weekly Income Distribution Cum Capital Withdrawal;;INF0GCD01388;1123.6689;;;18-Mar-2026
149073;TRUSTMF Short Duration Fund-Regular Plan-Growth;INF0GCD01313;;1293.2370;;;18-Mar-2026
149080;TRUSTMF Short Duration Fund-Regular Plan-Monthly Income Distribution Cum Capital Withdrawal;INF0GCD01339;INF0GCD01347;1130.5656;;;18-Mar-2026
149075;TRUSTMF Short Duration Fund-Regular Plan-Quarterly Income Distribution Cum Capital Withdrawal;INF0GCD01354;INF0GCD01362;1139.4044;;;18-Mar-2026
149074;TRUSTMF Short Duration Fund-Regular Plan-Weekly Income Distribution Cum Capital Withdrawal;;INF0GCD01321;1105.7625;;;18-Mar-2026

UTI Mutual Fund
135497;UTI Short Duration Fund - Direct Plan - Annual IDCW;INF789FA1R33;INF789FA1R41;13.297;;;18-Mar-2026
124962;UTI Short Duration Fund - Direct Plan - Flexi IDCW;INF789FB1T70;INF789FB1T62;19.369;;;18-Mar-2026
120718;UTI Short Duration Fund - Direct Plan - Growth Option;INF789F01XY0;;35.0673;;;18-Mar-2026
131425;UTI Short Duration Fund - Direct Plan - Half Yearly Dividend Option;INF789FA1R17;INF789FA1R25;14.3553;;;18-Mar-2026
131548;UTI Short Duration Fund - Direct Plan - Monthly IDCW;INF789F01XZ7;INF789F01YA8;10.6529;;;18-Mar-2026
120719;UTI Short Duration Fund - Direct Plan - Quarterly IDCW;INF789FA1R66;INF789FA1R74;19.8281;;;18-Mar-2026
106383;UTI Short Duration Fund - Discontinued Regular Option - Dividend Sub Option;INF789F01AH3;INF789F01AI1;24.4461;;;18-Mar-2026
106384;UTI Short Duration Fund - Discontinued Regular Option -Growth Sub Option;INF789F01AJ9;;46.2426;;;18-Mar-2026
134517;UTI Short Duration Fund - Regular Plan - Annual IDCW;INF789FA1Q91;INF789FA1R09;14.5275;;;18-Mar-2026
125045;UTI Short Duration Fund - Regular Plan - Flexi IDCW;INF789FB1T54;INF789FB1T47;18.7579;;;18-Mar-2026
106624;UTI Short Duration Fund - Regular Plan - Growth Option;INF789F01QA4;;32.8506;;;18-Mar-2026
131424;UTI Short Duration Fund - Regular Plan - Half-Yearly IDCW;INF789FA1Q75;INF789FA1Q83;14.0717;;;18-Mar-2026
131547;UTI Short Duration Fund - Regular Plan - Monthly IDCW;INF789F01QB2;INF789F01QC0;11.9631;;;18-Mar-2026
106980;UTI Short Duration Fund - Regular Plan - Quarterly IDCW;INF789FC1GD5;INF789FA1R58;16.9992;;;18-Mar-2026

Open Ended Schemes ( Debt Scheme - Medium Duration Fund )


Axis Mutual Fund
120475;Axis Strategic Bond Fund - Direct Plan - Growth Option;INF846K01DT0;;32.2420;;;18-Mar-2026
120474;Axis Strategic Bond Fund - Direct Plan - Half Yearly IDCW;INF846K01DU8;INF846K01DV6;12.1158;;;18-Mar-2026
120476;Axis Strategic Bond Fund - Direct Plan - Quarterly IDCW;INF846K01DW4;INF846K01DX2;10.5288;;;18-Mar-2026
116894;Axis Strategic Bond Fund - Regular Plan - Growth Option;INF846K01BP2;;29.2147;;;18-Mar-2026
116896;Axis Strategic Bond Fund - Regular Plan - Half Yearly IDCW;INF846K01BR8;INF846K01BT4;10.6831;;;18-Mar-2026
116895;Axis Strategic Bond Fund - Regular Plan - Quarterly IDCW;INF846K01BQ0;INF846K01BS6;10.2469;;;18-Mar-2026

Bandhan Mutual Fund
118399;Bandhan Medium Duration Fund - Direct Plan - Bi Monthly IDCW;INF194K01T59;INF194K01T42;10.6558;;;18-Mar-2026
118400;Bandhan Medium Duration Fund - Direct Plan - Daily IDCW;;INF194K01S68;10.4246;;;18-Mar-2026
118401;Bandhan Medium Duration Fund - Direct Plan - Growth;INF194K01S50;;51.4751;;;18-Mar-2026
118402;Bandhan Medium Duration Fund - Direct Plan - Monthly IDCW;INF194K01T26;INF194K01T18;10.4674;;;18-Mar-2026
131384;Bandhan Medium Duration Fund - Direct Plan - Periodic IDCW;INF194KA1TD2;INF194KA1TE0;13.4379;;;18-Mar-2026
118403;Bandhan Medium Duration Fund - Direct Plan - Quarterly IDCW;INF194K01S92;INF194K01S84;11.3846;;;18-Mar-2026
108730;Bandhan Medium Duration Fund - Regular Plan - Bi-Monthly IDCW;INF194K01KF9;INF194K01KE2;10.3245;;;18-Mar-2026
108731;Bandhan Medium Duration Fund - Regular Plan - Daily IDCW;INF194K01JW6;INF194K01JV8;10.2872;;;18-Mar-2026
108729;Bandhan Medium Duration Fund - Regular Plan - Fortnightly IDCW;INF194K01KI3;INF194K01KH5;10.2651;;;18-Mar-2026
108728;Bandhan Medium Duration Fund - Regular Plan - Growth;INF194K01JU0;;46.9947;;;18-Mar-2026
108727;Bandhan Medium Duration Fund - Regular Plan - Monthly IDCW;INF194K01KC6;INF194K01KB8;10.2319;;;18-Mar-2026
131385;Bandhan Medium Duration Fund - Regular Plan - Periodic IDCW;INF194KA1TA8;INF194KA1TB6;14.8040;;;18-Mar-2026
113169;Bandhan Medium Duration Fund - Regular Plan - Quarterly IDCW;INF194K01JZ9;INF194K01JY2;11.1758;;;18-Mar-2026

HDFC Mutual Fund
101990;HDFC Medium Term Debt Fund - Fornightly IDCW Option;INF179K01897;INF179K01905;10.0907;;;18-Mar-2026
119080;HDFC Medium Term Debt Fund - Fortnightly IDCW Opt - Direct Plan;INF179KA1NP8;INF179KA1NO1;10.0922;;;18-Mar-2026
101989;HDFC Medium Term Debt Fund - Growth Option;INF179K01913;;58.4579;;;18-Mar-2026
119081;HDFC Medium Term Debt Fund - Growth Option - Direct Plan;INF179K01WI9;;63.7373;;;18-Mar-2026
132852;HDFC Medium Term Debt Fund - IDCW Option;INF179KA1E16;INF179KA1E08;19.7271;;;18-Mar-2026
132853;HDFC Medium Term Debt Fund - IDCW Option - Direct Plan;INF179KA1D90;INF179KA1D82;21.2971;;;18-Mar-2026

HSBC Mutual Fund
151150;HSBC Medium Duration Fund - Direct Annual IDCW;INF917K01WF8;INF917K01WC5;12.3787;;;18-Mar-2026
151146;HSBC Medium Duration Fund - Direct Growth;INF917K01TK4;;23.2138;;;18-Mar-2026
151148;HSBC Medium Duration Fund - Direct IDCW;INF917K01TM0;INF917K01TL2;11.5771;;;18-Mar-2026
151151;HSBC Medium Duration Fund - Regular Annual IDCW;INF917K01WE1;INF917K01WD3;11.255;;;18-Mar-2026
151149;HSBC Medium Duration Fund - Regular Growth;INF917K01TH0;;21.1743;;;18-Mar-2026
151147;HSBC Medium Duration Fund - Regular IDCW;INF917K01TJ6;INF917K01TI8;10.5579;;;18-Mar-2026

ICICI Prudential Mutual Fund
120670;ICICI Prudential Medium Term Bond Fund - Direct Plan - Growth;INF109K015A5;;51.6796;;;18-Mar-2026
120671;ICICI Prudential Medium Term Bond Fund - Direct Plan - Quarterly IDCW;INF109K018A9;INF109K019A7;11.3914;;;18-Mar-2026
102741;ICICI Prudential Medium Term Bond Fund - Growth;INF109K01AH4;;46.8579;;;18-Mar-2026
113137;ICICI Prudential Medium Term Bond Fund - Quarterly IDCW;INF109K01UF6;INF109K01IO3;10.8011;;;18-Mar-2026

Kotak Mahindra Mutual Fund
128079;Kotak Medium Term Fund - Direct - Standard Income Distribution cum capital withdrawal option;INF174K01VS1;INF174K01VU7;26.5968;;;18-Mar-2026
128006;Kotak Medium Term Fund - Direct Growth;INF174K01VQ5;;26.5944;;;18-Mar-2026
128009;Kotak Medium Term Fund - Growth;INF174K01VL6;;23.7625;;;18-Mar-2026
128078;Kotak Medium Term Fund - Standard Income Distribution cum capital withdrawal option;INF174K01VN2;INF174K01VP7;14.5851;;;18-Mar-2026

UTI Mutual Fund
148248;UTI - Medium Term Fund (Segregated - 06032020) - Direct Plan - Annual Dividend Option;INF789F1ASC5;INF789F1ASD3;0;;;18-Mar-2026
148249;UTI - Medium Term Fund (Segregated - 06032020) - Direct Plan - Flexi Dividend Option;INF789F1ASG6;INF789F1ASH4;0;;;18-Mar-2026
148257;UTI - Medium Term Fund (Segregated - 06032020) - Direct Plan - Growth Option;INF789F1ASB7;;0;;;18-Mar-2026
148256;UTI - Medium Term Fund (Segregated - 06032020) - Direct Plan - Half Yearly Dividend Option;INF789F1ASE1;INF789F1ASF8;0;;;18-Mar-2026
148250;UTI - Medium Term Fund (Segregated - 06032020) - Direct Plan - Monthly Dividend Option;INF789F1ASI2;INF789F1ASJ0;0;;;18-Mar-2026
148255;UTI - Medium Term Fund (Segregated - 06032020) - Direct Plan - Quarterly Dividend Option;INF789F1ARZ8;INF789F1ASA9;0;;;18-Mar-2026
148247;UTI - Medium Term Fund (Segregated - 06032020) - Regular Plan - Annual Dividend Option;INF789F1ASN2;INF789F1ASO0;0;;;18-Mar-2026
148254;UTI - Medium Term Fund (Segregated - 06032020) - Regular Plan - Flexi Dividend Option;INF789F1ASR3;INF789F1ASS1;0;;;18-Mar-2026
148252;UTI - Medium Term Fund (Segregated - 06032020) - Regular Plan - Growth Option;INF789F1ASM4;;0;;;18-Mar-2026
148251;UTI - Medium Term Fund (Segregated - 06032020) - Regular Plan - Half Yearly Dividend Option;INF789F1ASP7;INF789F1ASQ5;0;;;18-Mar-2026
148246;UTI - Medium Term Fund (Segregated - 06032020) - Regular Plan - Monthly Dividend Option;INF789F1AST9;INF789F1ASU7;0;;;18-Mar-2026
148253;UTI - Medium Term Fund (Segregated - 06032020) - Regular Plan - Quarterly Dividend Option;INF789F1ASK8;INF789F1ASL6;0;;;18-Mar-2026
134505;UTI Medium Duration Fund - Direct Plan - Annual IDCW;INF789FB1KL1;INF789FB1KM9;14.9991;;;18-Mar-2026
134506;UTI Medium Duration Fund - Direct Plan - Flexi IDCW;INF789FB1KO5;INF789FB1KN7;15.7438;;;18-Mar-2026
134503;UTI Medium Duration Fund - Direct Plan - Growth Option;INF789FB1KE6;;20.2505;;;18-Mar-2026
134504;UTI Medium Duration Fund - Direct Plan - Half-Yearly IDCW;INF789FB1KJ5;INF789FB1KK3;15.168;;;18-Mar-2026
134501;UTI Medium Duration Fund - Direct Plan - Monthly IDCW;INF789FB1KF3;INF789FB1KG1;10.5001;;;18-Mar-2026
134502;UTI Medium Duration Fund - Direct Plan - Quarterly IDCW;INF789FB1KH9;INF789FB1KI7;15.1518;;;18-Mar-2026
134500;UTI Medium Duration Fund - Regular Plan - Annual IDCW;INF789FB1KA4;INF789FB1KB2;13.7852;;;18-Mar-2026
134498;UTI Medium Duration Fund - Regular Plan - Flexi IDCW;INF789FB1KC0;INF789FB1KD8;13.885;;;18-Mar-2026
134499;UTI Medium Duration Fund - Regular Plan - Growth Option;INF789FB1JU4;;18.7949;;;18-Mar-2026
134495;UTI Medium Duration Fund - Regular Plan - Monthly IDCW;INF789FB1JV2;INF789FB1KP2;13.5544;;;18-Mar-2026

Open Ended Schemes ( Debt Scheme - Medium to Long Duration Fund )


Bandhan Mutual Fund
118393;Bandhan Medium to Long Duration Fund - Direct Plan - Annual IDCW;INF194K01R77;INF194K01R69;16.3637;;;18-Mar-2026
118394;Bandhan Medium to Long Duration Fund - Direct Plan - Growth;INF194K01R51;;72.1372;;;18-Mar-2026
118395;Bandhan Medium to Long Duration Fund - Direct Plan - Half Yearly IDCW;INF194K01S01;INF194K01R93;12.8948;;;18-Mar-2026
131386;Bandhan Medium to Long Duration Fund - Direct Plan - Periodic IDCW;INF194KA1SX2;INF194KA1SY0;17.5365;;;18-Mar-2026
118396;Bandhan Medium to Long Duration Fund - Direct Plan - Quarterly IDCW;INF194K01S35;INF194K01S27;12.6969;;;18-Mar-2026
108766;Bandhan Medium to Long Duration Fund - Regular Plan - Annual IDCW;INF194K01IN7;INF194K01IM9;11.8914;;;18-Mar-2026
108765;Bandhan Medium to Long Duration Fund - Regular Plan - Growth;INF194K01IL1;;65.6238;;;18-Mar-2026
108763;Bandhan Medium to Long Duration Fund - Regular Plan - Half-yearly IDCW;INF194K01IQ0;INF194K01IP2;11.9615;;;18-Mar-2026
131387;Bandhan Medium to Long Duration Fund - Regular Plan - Periodic IDCW;INF194KA1SU8;INF194KA1SV6;14.0843;;;18-Mar-2026
108764;Bandhan Medium to Long Duration Fund - Regular Plan - Quarterly IDCW;INF194K01IT4;INF194K01IS6;12.1035;;;18-Mar-2026
108768;Bandhan Short Duration Fund - Regular Plan - Growth;INF194K01HF5;;59.1787;;;18-Mar-2026
108767;Bandhan Short Duration Fund - Regular Plan - Monthly IDCW;INF194K01HH1;INF194K01HG3;10.3635;;;18-Mar-2026

Bank of India Mutual Fund
119395;BANK OF INDIA Conservative Hybrid  Fund-Direct Plan-Quarterly IDCW;INF761K01850;INF761K01843;18.2482;;;18-Mar-2026
119393;BANK OF INDIA Conservative Hybrid Fund Fund-Direct Plan-Growth;INF761K01819;;37.1400;;;18-Mar-2026
119396;BANK OF INDIA Conservative Hybrid Fund-Direct Plan-Annual IDCW;INF761K01793;INF761K01801;16.9240;;;18-Mar-2026
119394;BANK OF INDIA Conservative Hybrid Fund-Direct Plan-Monthly IDCW;INF761K01835;INF761K01827;16.5444;;;18-Mar-2026
111715;BANK OF INDIA Conservative Hybrid Fund-ECO Plan-Growth;INF761K01397;;35.7975;;;18-Mar-2026
111717;BANK OF INDIA Conservative Hybrid Fund-ECO Plan-Monthly IDCW;INF761K01413;INF761K01405;27.1148;;;18-Mar-2026
111714;BANK OF INDIA Conservative Hybrid Fund-Regular Plan-Annual IDCW;INF761K01454;INF761K01447;16.7511;;;18-Mar-2026
111712;BANK OF INDIA Conservative Hybrid Fund-Regular Plan-Growth;INF761K01462;;34.5073;;;18-Mar-2026
111716;BANK OF INDIA Conservative Hybrid Fund-Regular Plan-Monthly IDCW;INF761K01488;INF761K01470;17.7658;;;18-Mar-2026
111713;BANK OF INDIA Conservative Hybrid Fund-Regular Plan-Quarterly IDCW;INF761K01504;INF761K01496;18.4136;;;18-Mar-2026

Franklin Templeton Mutual Fund
152852;Franklin India Medium to Long Duration Fund - Direct - IDCW;INF090I01XH2;INF090I01XI0;10.6317;;;18-Mar-2026
152851;Franklin India Medium to Long Duration Fund - Direct Growth;INF090I01XG4;;11.0090;;;18-Mar-2026
152853;Franklin India Medium to Long Duration Fund - Growth;INF090I01XD1;;10.9255;;;18-Mar-2026
152854;Franklin India Medium to Long Duration Fund - IDCW;INF090I01XE9;INF090I01XF6;10.5593;;;18-Mar-2026

HDFC Mutual Fund
100124;HDFC Income Fund - Growth Option;INF179K01962;;59.1196;;;18-Mar-2026
119069;HDFC Income Fund - Growth Option - Direct Plan;INF179K01WL3;;65.6769;;;18-Mar-2026
133365;HDFC Income Fund - Normal IDCW - Direct Plan;INF179KA1Q12;;20.7699;;;18-Mar-2026
133366;HDFC Income Fund - Normal IDCW Option;INF179KA1Q38;;18.644;;;18-Mar-2026
100123;HDFC Income Fund - Quarterly IDCW Option;INF179K01947;INF179K01954;11.4462;;;18-Mar-2026
119068;HDFC Income Fund - Quarterly IDCW- Direct Plan;INF179K01WJ7;INF179K01WK5;12.8648;;;18-Mar-2026

HSBC Mutual Fund
120059;HSBC Medium to Long Duration Fund - Direct Growth;INF336L01DE2;;47.8722;;;18-Mar-2026
120101;HSBC Medium to Long Duration Fund - Direct Quarterly IDCW;INF336L01EO9;INF336L01EP6;10.5552;;;18-Mar-2026
101685;HSBC Medium to Long Duration Fund - Regular Growth;INF336L01776;;42.8364;;;18-Mar-2026
101686;HSBC Medium to Long Duration Fund - Regular Quarterly IDCW;INF336L01784;INF336L01792;10.5708;;;18-Mar-2026

ICICI Prudential Mutual Fund
120619;ICICI Prudential Bond Fund - Direct Plan - Growth;INF109K01V83;;43.6979;;;18-Mar-2026
131480;ICICI Prudential Bond Fund - Direct Plan - Half Yearly IDCW;INF109KA1X77;INF109KA1X69;10.7171;;;18-Mar-2026
120617;ICICI Prudential Bond Fund - Direct Plan - IDCW Monthly;INF109K01V59;INF109K01V67;11.4784;;;18-Mar-2026
120618;ICICI Prudential Bond Fund - Direct Plan - IDCW Quarterly;INF109K01V75;INF109K01V91;11.7092;;;18-Mar-2026
109740;ICICI Prudential Bond Fund - Growth;INF109K01BO8;;41.1441;;;18-Mar-2026
131481;ICICI Prudential Bond Fund - Half Yearly IDCW;INF109KA1X51;INF109KA1X44;11.0438;;;18-Mar-2026
109741;ICICI Prudential Bond Fund - IDCW Monthly;INF109K01EU9;INF109K01BP5;11.2692;;;18-Mar-2026
109743;ICICI Prudential Bond Fund - IDCW Quarterly;INF109K01EV7;INF109K01BS9;11.3317;;;18-Mar-2026

JM Financial Mutual Fund
120430;JM Medium to Long Duration Fund (Direct) - Growth Option;INF192K01CW5;;70.9551;;;18-Mar-2026
120431;JM Medium to Long Duration Fund (Direct) - Quarterly IDCW;INF192K01CU9;INF192K01CV7;25.0724;;;18-Mar-2026
100223;JM Medium to Long Duration Fund (Regular) - Growth Option;INF192K01AB3;;63.4626;;;18-Mar-2026
100222;JM Medium to Long Duration Fund (Regular) - Quarterly IDCW;INF192K01999;INF192K01AA5;21.5777;;;18-Mar-2026
101181;JM Medium to Long Duration Fund (Regular) - Bonus Option- Principal Units;INF192K01AC1;;25.9644;;;18-Mar-2026

Kotak Mahindra Mutual Fund
119734;Kotak Bond Fund - Direct Plan - Standard IDCW option;INF174K01JD8;;29.2772;;;18-Mar-2026
119735;Kotak Bond Fund - Growth - Direct;INF174K01JC0;;87.9638;;;18-Mar-2026
100300;Kotak Bond Fund - Regular Plan - Standard IDCW Option;INF174K01EQ1;INF174K01EP3;47.6678;;;18-Mar-2026
100299;Kotak Bond Fund - Regular Plan Growth;INF174K01EM0;;77.8034;;;18-Mar-2026

LIC Mutual Fund
151990;LIC MF Medium to Long Duration Fund-Direct Plan-Annual IDCW;INF397L01GD9;;19.3475;;;18-Mar-2026
120279;LIC MF Medium to Long Duration Fund-Direct Plan-Growth;INF767K01EW0;;80.0788;;;18-Mar-2026
120278;LIC MF Medium to Long Duration Fund-Direct Plan-IDCW;INF767K01EV2;INF767K01EX8;19.3475;;;18-Mar-2026
151988;LIC MF Medium to Long Duration Fund-Direct Plan-Quarterly IDCW;INF397L01GA5;;19.3477;;;18-Mar-2026
151989;LIC MF Medium to Long Duration Fund-Regular Plan-Annual IDCW;INF397L01FX9;;16.1886;;;18-Mar-2026
100315;LIC MF Medium to Long Duration Fund-Regular Plan-Growth;INF767K01923;;73.8552;;;18-Mar-2026
100314;LIC MF Medium to Long Duration Fund-Regular Plan-IDCW;INF767K01907;INF767K01915;16.1888;;;18-Mar-2026
151986;LIC MF Medium to Long Duration Fund-Regular Plan-Quarterly IDCW;INF397L01FU5;;16.1886;;;18-Mar-2026

UTI Mutual Fund
139339;UTI Medium to Long Duration Fund - Direct Plan - Annual IDCW;INF789FA1T80;;13.0654;;;18-Mar-2026
133280;UTI Medium to Long Duration Fund - Direct Plan - Flexi IDCW;INF789FA1U04;INF789FA1U12;15.835;;;18-Mar-2026
134998;UTI Medium to Long Duration Fund - Direct Plan - Half-Yearly IDCW;INF789FA1T64;INF789FA1T72;15.2399;;;18-Mar-2026
120690;UTI Medium to Long Duration Fund - Direct Plan - Quarterly IDCW;INF789F01SO1;INF789F01SP8;25.6859;;;18-Mar-2026
133869;UTI Medium to Long Duration Fund - Regular Plan - Annual IDCW;INF789FA1T23;INF789FA1T31;12.849;;;18-Mar-2026
133872;UTI Medium to Long Duration Fund - Regular Plan - Flexi IDCW;INF789FA1T49;INF789FA1T56;14.4871;;;18-Mar-2026
135581;UTI Medium to Long Duration Fund - Regular Plan - Half-Yearly IDCW;INF789FA1T07;INF789FA1T15;14.7196;;;18-Mar-2026
100742;UTI Medium to Long Duration Fund - Regular Plan - Quarterly IDCW;INF789F01380;INF789F01398;19.1356;;;18-Mar-2026
100741;UTI Medium to Long Duration Fund- Regular Plan - Growth;INF789F01406;;74.5049;;;18-Mar-2026
120689;UTI Medium to Long Duration Fund-Growth - Direct;INF789F01SQ6;;81.3917;;;18-Mar-2026

Open Ended Schemes ( Debt Scheme - Long Duration Fund )


Axis Mutual Fund
151205;Axis Long Duration Fund - Direct Plan - Annual IDCW;INF846K017M4;INF846K019M0;1225.0713;;;18-Mar-2026
151179;Axis Long Duration Fund - Direct Plan - Growth;INF846K014L3;;1233.4263;;;18-Mar-2026
151202;Axis Long Duration Fund - Direct Plan - Monthly IDCW;INF846K019L2;INF846K011M7;1011.6298;;;18-Mar-2026
151204;Axis Long Duration Fund - Direct Plan - Quarterly IDCW;INF846K013M3;INF846K015M8;1201.1834;;;18-Mar-2026
151176;Axis Long Duration Fund - Direct Plan -Daily IDCW;;INF846K017L6;992.7774;;;18-Mar-2026
151206;Axis Long Duration Fund - Regular Plan - Annual IDCW;INF846K016M6;INF846K018M2;1207.3964;;;18-Mar-2026
151177;Axis Long Duration Fund - Regular Plan - Daily IDCW;;INF846K016L8;990.5205;;;18-Mar-2026
151178;Axis Long Duration Fund - Regular Plan - Growth;INF846K015L0;;1215.5864;;;18-Mar-2026
151201;Axis Long Duration Fund - Regular Plan - Monthly IDCW;INF846K018L4;INF846K010M9;1012.3474;;;18-Mar-2026
151203;Axis Long Duration Fund - Regular Plan - Quarterly IDCW;INF846K012M5;INF846K014M1;1183.5614;;;18-Mar-2026

Bandhan Mutual Fund
152520;Bandhan Long Duration Fund - Direct Plan - Growth;INF194KB1HY2;;11.1305;;;18-Mar-2026
152519;Bandhan Long Duration Fund - Direct Plan - IDCW;INF194KB1HZ9;INF194KB1IA0;11.1286;;;18-Mar-2026
152518;Bandhan Long Duration Fund - Regular Plan - Growth;INF194KB1HV8;;11.0403;;;18-Mar-2026
152517;Bandhan Long Duration Fund - Regular Plan - IDCW;INF194KB1HW6;INF194KB1HX4;11.0404;;;18-Mar-2026

Franklin Templeton Mutual Fund
153102;Franklin India Long Duration Fund - Direct - Growth;INF090I01XY7;;10.6706;;;18-Mar-2026
153103;Franklin India Long Duration Fund - Direct - IDCW;INF090I01YA5;INF090I01XZ4;10.4766;;;18-Mar-2026
153104;Franklin India Long Duration Fund - Growth;INF090I01XV3;;10.6040;;;18-Mar-2026
153101;Franklin India Long Duration Fund - IDCW;INF090I01XX9;INF090I01XW1;10.4309;;;18-Mar-2026

HDFC Mutual Fund
151314;HDFC Long Duration Debt Fund - Growth Option;INF179KC1EW1;;12.1318;;;18-Mar-2026
151313;HDFC Long Duration Debt Fund - Growth Option - Direct Plan;INF179KC1ET7;;12.2664;;;18-Mar-2026
151311;HDFC Long Duration Debt Fund - IDCW Option;INF179KC1EX9;INF179KC1EY7;10.5122;;;18-Mar-2026
151312;HDFC Long Duration Debt Fund - IDCW Option - Direct Plan;INF179KC1EU5;INF179KC1EV3;10.2787;;;18-Mar-2026

ICICI Prudential Mutual Fund
120743;ICICI Prudential Long Term Bond Fund - Direct Plan - Growth;INF109K017L8;;98.9353;;;18-Mar-2026
120747;ICICI Prudential Long Term Bond Fund - Direct Plan - Quarterly IDCW;INF109K010M1;INF109K011M9;12.7355;;;18-Mar-2026
100365;ICICI Prudential Long Term Bond Fund - Growth;INF109K01365;;90.0791;;;18-Mar-2026
100367;ICICI Prudential Long Term Bond Fund - Quarterly IDCW;INF109K01EZ8;INF109K01399;12.3406;;;18-Mar-2026

Kotak Mahindra Mutual Fund
152491;Kotak Long Duration Fund - Direct Plan - Growth;INF174KA1RF5;;10.9606;;;18-Mar-2026
152492;Kotak Long Duration Fund - Direct Plan - IDCW;INF174KA1RG3;INF174KA1RH1;10.9609;;;18-Mar-2026
152489;Kotak Long Duration Fund - Regular Plan - Growth;INF174KA1RC2;;10.8965;;;18-Mar-2026
152490;Kotak Long Duration Fund - Regular Plan - IDCW;INF174KA1RD0;INF174KA1RE8;10.8967;;;18-Mar-2026

UTI Mutual Fund
151525;UTI Long Duration Fund - Direct Plan - Annual IDCW Option;INF789F1AYG4;INF789F1AYH2;11.153;;;18-Mar-2026
151526;UTI Long Duration Fund - Direct Plan - Flexi IDCW Option;INF789F1AYI0;INF789F1AYJ8;11.944;;;18-Mar-2026
151523;UTI Long Duration Fund - Direct Plan - Growth Option;INF789F1AYB5;;12.0972;;;18-Mar-2026
151530;UTI Long Duration Fund - Direct Plan - Half Yearly IDCW Option;INF789F1AYE9;INF789F1AYF6;12.0972;;;18-Mar-2026
151524;UTI Long duration Fund - Direct Plan - Quarterly IDCW Option;INF789F1AYC3;INF789F1AYD1;12.0972;;;18-Mar-2026
151531;UTI Long Duration Fund - Regular Plan - Annual IDCW Option;INF789F1AXX1;INF789F1AXY9;10.8319;;;18-Mar-2026
151532;UTI Long Duration Fund - Regular Plan - Flexi IDCW Option;INF789F1AXZ6;INF789F1AYA7;11.7634;;;18-Mar-2026
151527;UTI Long Duration Fund - Regular Plan - Growth Option;INF789F1AXS1;;11.7632;;;18-Mar-2026
151529;UTI Long Duration Fund - Regular Plan - Half Yearly IDCW Option;INF789F1AXV5;INF789F1AXW3;11.7632;;;18-Mar-2026
151528;UTI Long Duration Fund - Regular Plan - Quarterly IDCW Option;INF789F1AXT9;INF789F1AXU7;11.7632;;;18-Mar-2026

Open Ended Schemes ( Debt Scheme - Dynamic Bond )


Axis Mutual Fund
120451;Axis Dynamic Bond Fund - Direct Plan - Growth Option;INF846K01DI3;;33.6210;;;18-Mar-2026
120450;Axis Dynamic Bond Fund - Direct Plan - Half Yearly IDCW;INF846K01DJ1;INF846K01DK9;12.9639;;;18-Mar-2026
120452;Axis Dynamic Bond Fund - Direct Plan - Quarterly IDCW;INF846K01DL7;INF846K01DM5;11.3655;;;18-Mar-2026
115068;Axis Dynamic Bond Fund - Regular Plan - Growth Option;INF846K01917;;30.5476;;;18-Mar-2026
115131;Axis Dynamic Bond Fund - Regular Plan - Half Yearly IDCW;INF846K01941;INF846K01958;11.8161;;;18-Mar-2026
115069;Axis Dynamic Bond Fund - Regular Plan - Quarterly IDCW;INF846K01925;INF846K01933;11.3933;;;18-Mar-2026

Bandhan Mutual Fund
108561;BANDHAN Dynamic Bond Fund - Regular Plan B - Quarterly IDCW;INF194K01QI0;INF194K01QH2;11.5215;;;18-Mar-2026
108675;BANDHAN Dynamic Bond Fund - Regular Plan B - Annual IDCW;INF194K01QL4;INF194K01QK6;11.3459;;;18-Mar-2026
111524;BANDHAN Dynamic Bond Fund - Regular Plan B - Growth;INF194K01QG4;;34.3116;;;18-Mar-2026
122868;BANDHAN Dynamic Bond Fund - Regular Plan B - Half Yearly IDCW;INF194K018R9;INF194K019R7;10.9157;;;18-Mar-2026
111523;BANDHAN Dynamic Bond Fund - Regular Plan B - IDCW;INF194K01QO8;INF194K01QN0;13.1195;;;18-Mar-2026
131397;BANDHAN Dynamic Bond Fund - Regular Plan B - Periodic IDCW;INF194KA1TM3;INF194KA1TN1;13.6346;;;18-Mar-2026
118415;BANDHAN Dynamic Bond Fund-Direct Plan-Annual IDCW;INF194K01O13;INF194K01O05;11.9368;;;18-Mar-2026
118416;BANDHAN Dynamic Bond Fund-Direct Plan-Growth;INF194K01N63;;38.3703;;;18-Mar-2026
122618;BANDHAN Dynamic Bond Fund-Direct Plan-Half Yearly IDCW;INF194K011P8;INF194K012P6;11.1600;;;18-Mar-2026
118417;BANDHAN Dynamic Bond Fund-Direct Plan-IDCW;INF194K01O47;INF194K01O39;16.4734;;;18-Mar-2026
131396;BANDHAN Dynamic Bond Fund-Direct Plan-Periodic IDCW;INF194KA1TP6;INF194KA1TQ4;13.4540;;;18-Mar-2026
118418;BANDHAN Dynamic Bond Fund-Direct Plan-Quarterly IDCW;INF194K01N89;INF194K01N71;13.5179;;;18-Mar-2026

Baroda BNP Paribas Mutual Fund
150179;Baroda BNP Paribas Dynamic Bond Fund - Direct Plan - Daily IDCW Option;;INF251K01GX8;10.0571;;;18-Mar-2026
150180;Baroda BNP Paribas Dynamic Bond Fund - Direct Plan - Growth Option;INF251K01GW0;;51.3197;;;18-Mar-2026
150182;Baroda BNP Paribas Dynamic Bond Fund - Direct Plan - Monthly IDCW Option;INF251K01GZ3;INF251K01HA4;10.4427;;;18-Mar-2026
150183;Baroda BNP Paribas Dynamic Bond Fund - Direct Plan - Quarterly IDCW Option;INF251K01HB2;INF251K01HC0;10.4750;;;18-Mar-2026
150184;Baroda BNP Paribas Dynamic Bond Fund - Direct Plan - Weekly IDCW Option;;INF251K01GY6;10.0391;;;18-Mar-2026
150174;Baroda BNP Paribas Dynamic Bond Fund - Regular Plan - Daily IDCW Option;;INF251K01DX5;9.9808;;;18-Mar-2026
150173;Baroda BNP Paribas Dynamic Bond Fund - Regular Plan - Growth Option;INF251K01DW7;;45.7689;;;18-Mar-2026
150178;Baroda BNP Paribas Dynamic Bond Fund - Regular Plan - Half Yearly IDCW Option;INF251K01ED5;INF251K01EE3;10.0437;;;18-Mar-2026
150176;Baroda BNP Paribas Dynamic Bond Fund - Regular Plan - Monthly IDCW Option;INF251K01DZ0;INF251K01EA1;10.0635;;;18-Mar-2026
150177;Baroda BNP Paribas Dynamic Bond Fund - Regular Plan - Quarterly IDCW Option;INF251K01EB9;INF251K01EC7;10.0090;;;18-Mar-2026
150175;Baroda BNP Paribas Dynamic Bond Fund - Regular Plan - Weekly IDCW Option;;INF251K01DY3;9.9613;;;18-Mar-2026
150172;Baroda BNP Paribas Dynamic Bond Fund-Defunct Plan - Growth Option;INF251K01EF0;;32.2312;;;18-Mar-2026

Franklin Templeton Mutual Fund
148308;Franklin India Dynamic Accrual Fund - Segregated Portfolio 3 (9.50% Yes Bank Ltd CO 23Dec21) - Direct Growth Plan;INF090I01WD3;;0.0000;;;18-Mar-2026
148307;Franklin India Dynamic Accrual Fund - Segregated Portfolio 3 (9.50% Yes Bank Ltd CO 23Dec21) - Growth Plan;INF090I01WB7;;0.0000;;;18-Mar-2026
148309;Franklin India Dynamic Accrual Fund- Segregated Portfolio 3 (9.50% Yes Bank Ltd CO 23Dec21) - IDCW;INF090I01WA9;;0.0000;;;18-Mar-2026
148310;Franklin India Dynamic Accrual Fund-Segregated Portfolio 3 (9.50% Yes Bank Ltd CO 23Dec21) - Direct IDCW;INF090I01WC5;;0.0000;;;18-Mar-2026

Groww Mutual Fund
145589;Groww Dynamic Bond Fund (formerly known as Indiabulls Dynamic Bond Fund) - Direct Plan - Growth option;INF666M01EK5;;1544.458;;;18-Mar-2026
145590;Groww Dynamic Bond Fund (formerly known as Indiabulls Dynamic Bond Fund) - Regular Plan - Growth option;INF666M01ES8;;1471.3596;;;18-Mar-2026
145596;Groww Dynamic Bond Fund (formerly known as Indiabulls Dynamic Bond Fund)- Direct Plan- - Income Distribution cum capital withdrawal Option ( Reinvestment);;INF666M01EL3;1017.2731;;;18-Mar-2026
145595;Groww Dynamic Bond Fund (formerly known as Indiabulls Dynamic Bond Fund)- Direct Plan- Fortnightly - Income Distribution cum capital withdrawal Option (Payout & Reinvestment);INF666M01EO7;INF666M01EP4;1019.7233;;;18-Mar-2026
145591;Groww Dynamic Bond Fund (formerly known as Indiabulls Dynamic Bond Fund)- Direct Plan- Monthly - Income Distribution cum capital withdrawal Option (Payout & Reinvestment);INF666M01EQ2;INF666M01ER0;1011.0697;;;18-Mar-2026
145597;Groww Dynamic Bond Fund (formerly known as Indiabulls Dynamic Bond Fund)- Direct Plan- Weekly - Income Distribution cum capital withdrawal Option (Payout & Reinvestment);INF666M01EM1;INF666M01EN9;1015.929;;;18-Mar-2026
145593;Groww Dynamic Bond Fund (formerly known as Indiabulls Dynamic Bond Fund)- Regular Plan- - Income Distribution cum capital withdrawal Option ( Reinvestment);;INF666M01ET6;1013.4081;;;18-Mar-2026
145598;Groww Dynamic Bond Fund (formerly known as Indiabulls Dynamic Bond Fund)- Regular Plan- Fortnightly - Income Distribution cum capital withdrawal Option (Payout & Reinvestment);INF666M01EW0;INF666M01EX8;1010.8372;;;18-Mar-2026
145592;Groww Dynamic Bond Fund (formerly known as Indiabulls Dynamic Bond Fund)- Regular Plan- Monthly - Income Distribution cum capital withdrawal Option (Payout & Reinvestment);INF666M01EY6;INF666M01EZ3;1005.096;;;18-Mar-2026
145594;Groww Dynamic Bond Fund (formerly known as Indiabulls Dynamic Bond Fund)- Regular Plan- Weekly - Income Distribution cum capital withdrawal Option (Payout & Reinvestment);INF666M01EU4;INF666M01EV2;1010.6022;;;18-Mar-2026

HDFC Mutual Fund
101872;HDFC Dynamic Debt Fund - Growth Option;INF179K01848;;90.7087;;;18-Mar-2026
119075;HDFC Dynamic Debt Fund - Growth Option - Direct Plan;INF179K01WB4;;100.6159;;;18-Mar-2026
119072;HDFC Dynamic Debt Fund - Half Yearly IDCW - Direct Plan;INF179K01WC2;INF179K01WD0;13.8059;;;18-Mar-2026
101874;HDFC Dynamic Debt Fund - Half Yearly IDCW Option;INF179K01855;INF179K01863;11.759;;;18-Mar-2026
133369;HDFC Dynamic Debt Fund - Normal IDCW - Direct Plan;INF179KA1Q95;;21.1853;;;18-Mar-2026
133370;HDFC Dynamic Debt Fund - Normal IDCW Option;INF179KA1R11;;19.4332;;;18-Mar-2026
119073;HDFC Dynamic Debt Fund - Quarterly IDCW - Direct Plan;INF179K01WE8;INF179K01WF5;14.1593;;;18-Mar-2026
101873;HDFC Dynamic Debt Fund - Quarterly IDCW Option;INF179K01871;INF179K01889;12.6378;;;18-Mar-2026
119074;HDFC Dynamic Debt Fund - Yearly IDCW - Direct Plan;INF179K01WG3;INF179K01WH1;15.4855;;;18-Mar-2026
101875;HDFC Dynamic Debt Fund - Yearly IDCW Option;INF179K01921;INF179K01939;13.859;;;18-Mar-2026

HSBC Mutual Fund
151088;HSBC Dynamic Bond Fund - Direct Annual IDCW;INF917K01VN4;INF917K01VM6;11.4577;;;18-Mar-2026
151087;HSBC Dynamic Bond Fund - Direct Growth;INF917K01HA0;;32.7147;;;18-Mar-2026
151086;HSBC Dynamic Bond Fund - Direct Monthly IDCW;INF917K01GZ9;INF917K01GY2;12.7089;;;18-Mar-2026
151089;HSBC Dynamic Bond Fund - Regular Annual IDCW;INF917K01VP9;INF917K01VO2;10.7541;;;18-Mar-2026
151084;HSBC Dynamic Bond Fund - Regular Growth;INF677K01916;;30.0975;;;18-Mar-2026
151085;HSBC Dynamic Bond Fund - Regular Monthly IDCW;INF677K01924;INF677K01932;10.6696;;;18-Mar-2026

ICICI Prudential Mutual Fund
113218;ICICI Prudential All Seasons Bond Fund - Annual IDCW;INF109K01GO7;INF109K01GP4;11.2140;;;18-Mar-2026
120601;ICICI Prudential All Seasons Bond Fund - Direct Plan - Annual IDCW;INF109K012E4;INF109K013E2;11.2207;;;18-Mar-2026
120603;ICICI Prudential All Seasons Bond Fund - Direct Plan - Growth;INF109K016E5;;41.3382;;;18-Mar-2026
120600;ICICI Prudential All Seasons Bond Fund - Direct Plan - IDCW;INF109K014E0;INF109K015E7;26.8256;;;18-Mar-2026
120602;ICICI Prudential All Seasons Bond Fund - Direct Plan - Quarterly IDCW;INF109K017E3;INF109K018E1;12.0300;;;18-Mar-2026
120604;ICICI Prudential All Seasons Bond Fund - Direct Plan - Weekly IDCW;INF109K019E9;INF109K010F5;10.5411;;;18-Mar-2026
112096;ICICI Prudential All Seasons Bond Fund - Growth;INF109K01GN9;;38.0830;;;18-Mar-2026
112097;ICICI Prudential All Seasons Bond Fund - IDCW;INF109K01GK5;INF109K01GL3;23.6821;;;18-Mar-2026
113403;ICICI Prudential All Seasons Bond Fund - Quarterly IDCW;INF109K01GE8;INF109K01GF5;11.7288;;;18-Mar-2026
101351;ICICI Prudential All Seasons Bond Fund - Weekly IDCW;INF109K01FD2;INF109K01704;10.9519;;;18-Mar-2026

ITI Mutual Fund
149030;ITI Dynamic Bond Fund - Direct Plan - Annually IDCW Option;INF00XX01BK7;INF00XX01BG5;13.3599;;;18-Mar-2026
149029;ITI Dynamic Bond Fund - Direct Plan - Growth Option;INF00XX01BC4;;13.3601;;;18-Mar-2026
149028;ITI Dynamic Bond Fund - Direct Plan - Half Yearly IDCW Option;INF00XX01BJ9;INF00XX01BF7;11.1065;;;18-Mar-2026
149023;ITI Dynamic Bond Fund - Direct Plan - Monthly IDCWOption;INF00XX01BH3;INF00XX01BD2;10.1707;;;18-Mar-2026
149025;ITI Dynamic Bond Fund - Direct Plan - Quarterly IDCW Option;INF00XX01BI1;INF00XX01BE0;13.3884;;;18-Mar-2026
149027;ITI Dynamic Bond Fund - Regular Plan - Annually IDCWOption;INF00XX01BB6;INF00XX01AX2;12.7149;;;18-Mar-2026
149021;ITI Dynamic Bond Fund - Regular Plan - Growth Option;INF00XX01AT0;;12.7138;;;18-Mar-2026
149026;ITI Dynamic Bond Fund - Regular Plan - Half Yearly IDCW Option;INF00XX01BA8;INF00XX01AW4;12.7171;;;18-Mar-2026
149022;ITI Dynamic Bond Fund - Regular Plan - Monthly IDCW Option;INF00XX01AY0;INF00XX01AU8;10.0279;;;18-Mar-2026
149024;ITI Dynamic Bond Fund - Regular Plan - Quarterly IDCW Option;INF00XX01AZ7;INF00XX01AV6;12.7172;;;18-Mar-2026

JM Financial Mutual Fund
120432;JM Dynamic Bond Fund (Direct) - Daily IDCW;;INF192K01CZ8;10.0923;;;18-Mar-2026
120434;JM Dynamic Bond Fund (Direct) - IDCW;INF192K01DB7;INF192K01DC5;45.7956;;;18-Mar-2026
133414;JM Dynamic Bond Fund (Direct) - Monthly IDCW;INF192K01IL5;INF192K01IM3;46.1473;;;18-Mar-2026
120433;JM Dynamic Bond Fund (Direct) - Weekly IDCW;;INF192K01DA9;10.5446;;;18-Mar-2026
105639;JM Dynamic Bond Fund (Regular) - Daily IDCW;;INF192K01668;10.0368;;;18-Mar-2026
101806;JM Dynamic Bond Fund (Regular) - Growth Option;INF192K01700;;42.5379;;;18-Mar-2026
101805;JM Dynamic Bond Fund (Regular) - IDCW;INF192K01684;INF192K01692;42.6713;;;18-Mar-2026
133390;JM Dynamic Bond Fund (Regular) - Monthly IDCW;INF192K01IJ9;INF192K01IK7;42.8738;;;18-Mar-2026
105637;JM Dynamic Bond Fund (Regular) - Weekly IDCW;;INF192K01676;10.5347;;;18-Mar-2026
120435;JM Dynamic Bond Fund - (Direct) - Growth Option;INF192K01DD3;;45.5508;;;18-Mar-2026

Kotak Mahindra Mutual Fund
119753;Kotak Dynamic Bond Fund - Direct Plan - Standard Income Distribution cum capital withdrawal option;INF174K01JX6;;14.7155;;;18-Mar-2026
119755;Kotak Dynamic Bond Fund - Growth - Direct;INF174K01JU2;;41.9297;;;18-Mar-2026
117998;Kotak Dynamic Bond Fund Regular Plan - Standard Income Distribution cum capital withdrawal option;INF174K01IY6;INF174K01IZ3;14.4046;;;18-Mar-2026
108511;Kotak Dynamic Bond Fund Regular Plan Growth;INF174K01FA2;;38.2343;;;18-Mar-2026

Mahindra Manulife Mutual Fund
144403;Mahindra Manulife Dynamic Bond Fund - Direct Plan - Growth;INF174V01580;;15.8585;;;18-Mar-2026
144406;Mahindra Manulife Dynamic Bond Fund - Direct Plan - IDCW;INF174V01606;INF174V01598;12.4880;;;18-Mar-2026
144404;Mahindra Manulife Dynamic Bond Fund - Direct Plan - Quarterly IDCW;INF174V01622;INF174V01614;11.2893;;;18-Mar-2026
144401;Mahindra Manulife Dynamic Bond Fund - Regular Plan - Growth;INF174V01531;;14.5630;;;18-Mar-2026
144405;Mahindra Manulife Dynamic Bond Fund - Regular Plan - IDCW;INF174V01556;INF174V01549;11.2867;;;18-Mar-2026
144402;Mahindra Manulife Dynamic Bond Fund - Regular Plan - Quarterly IDCW;INF174V01572;INF174V01564;10.1714;;;18-Mar-2026

Quantum Mutual Fund
134494;Quantum Dynamic Bond Fund - Direct Plan Growth Option;INF082J01176;;22.2354;;;18-Mar-2026
134493;Quantum Dynamic Bond Fund - Direct Plan Monthly IDCW;INF082J01184;INF082J01192;10.2626;;;18-Mar-2026
141061;Quantum Dynamic Bond Fund - Regular Plan Growth Option;INF082J01218;;21.8057;;;18-Mar-2026
141060;Quantum Dynamic Bond Fund - Regular Plan Monthly IDCW;INF082J01226;INF082J01234;10.3184;;;18-Mar-2026

UTI Mutual Fund
135536;UTI Dynamic Bond Fund - Direct Plan - Annual IDCW;INF789FA1S65;INF789FA1S73;14.7171;;;18-Mar-2026
133180;UTI Dynamic Bond Fund - Direct Plan - Flexi IDCW;INF789FA1S81;INF789FA1S99;17.4091;;;18-Mar-2026
120762;UTI Dynamic Bond Fund - Direct Plan - Growth Option;INF789F01XD4;;34.6901;;;18-Mar-2026
134788;UTI Dynamic Bond Fund - Direct Plan - Half-Yearly IDCW;INF789FA1S40;INF789FA1S57;17.0759;;;18-Mar-2026
120763;UTI Dynamic Bond Fund - Direct Plan - Quarterly IDCW;INF789F01XB8;INF789F01XC6;26.6954;;;18-Mar-2026
133852;UTI Dynamic Bond Fund - Regular Plan - Annual IDCW;INF789FA1S08;INF789FA1S16;13.6138;;;18-Mar-2026
135336;UTI Dynamic Bond Fund - Regular Plan - Flexi IDCW;INF789FA1S24;INF789FA1S32;16.8172;;;18-Mar-2026
113077;UTI Dynamic Bond Fund - Regular Plan - Growth Option;INF789F01JQ5;;31.7281;;;18-Mar-2026
139181;UTI Dynamic Bond Fund - Regular Plan - Half-Yearly IDCW;INF789FA1R82;INF789FA1R90;15.6348;;;18-Mar-2026
113078;UTI Dynamic Bond Fund - Regular Plan - Quarterly IDCW;INF789F01JO0;INF789F01JP7;17.2757;;;18-Mar-2026

Open Ended Schemes ( Debt Scheme - Corporate Bond Fund )


Axis Mutual Fund
141586;Axis Corporate Bond Fund - Direct Plan - Daily IDCW;INF846K01ZN6;;10.2255;;;18-Mar-2026
141590;Axis Corporate Bond Fund - Direct Plan - Monthly IDCW;INF846K01ZQ9;INF846K01ZR7;10.1909;;;18-Mar-2026
141591;Axis Corporate Bond Fund - Direct Plan - Regular IDCW;INF846K01ZS5;INF846K01ZT3;14.6713;;;18-Mar-2026
141587;Axis Corporate Bond Fund - Direct Plan - Weekly IDCW;INF846K01ZO4;INF846K01ZP1;10.3547;;;18-Mar-2026
141588;Axis Corporate Bond Fund - Direct Plan Growth;INF846K01ZM8;;18.8056;;;18-Mar-2026
141589;Axis Corporate Bond Fund - Regular Plan - Daily IDCW;INF846K01ZV9;;10.2227;;;18-Mar-2026
141594;Axis Corporate Bond Fund - Regular Plan - Monthly IDCW;INF846K01ZY3;INF846K01ZZ0;10.1847;;;18-Mar-2026
141595;Axis Corporate Bond Fund - Regular Plan - Regular IDCW;INF846K01A03;INF846K01A11;13.6710;;;18-Mar-2026
141592;Axis Corporate Bond Fund - Regular Plan - Weekly IDCW;INF846K01ZW7;INF846K01ZX5;10.2341;;;18-Mar-2026
141593;Axis Corporate Bond Fund - Regular Plan Growth;INF846K01ZU1;;17.6943;;;18-Mar-2026

Bandhan Mutual Fund
139201;BANDHAN Corporate Bond Fund - Direct Annual IDCW;INF194KA1T34;INF194KA1T42;10.8950;;;18-Mar-2026
135916;BANDHAN Corporate Bond Fund - Direct Growth;INF194KA1M23;;20.5296;;;18-Mar-2026
139200;BANDHAN Corporate Bond Fund - Direct Half Yearly IDCW;INF194KA1T00;INF194KA1T18;11.7699;;;18-Mar-2026
139198;BANDHAN Corporate Bond Fund - Direct Monthly IDCW;INF194KA1S43;INF194KA1S50;10.3482;;;18-Mar-2026
135917;BANDHAN Corporate Bond Fund - Direct Periodic IDCW;INF194KA1M31;INF194KA1M49;13.6202;;;18-Mar-2026
139199;BANDHAN Corporate Bond Fund - Direct Quarterly IDCW;INF194KA1S76;INF194KA1S84;10.7047;;;18-Mar-2026
139204;BANDHAN Corporate Bond Fund - Regular Annual IDCW;INF194KA1S19;INF194KA1S27;10.8539;;;18-Mar-2026
135914;BANDHAN Corporate Bond Fund - Regular Growth;INF194KA1L81;;19.8914;;;18-Mar-2026
139203;BANDHAN Corporate Bond Fund - Regular Half Yearly IDCW;INF194KA1R85;INF194KA1R93;11.1290;;;18-Mar-2026
139202;BANDHAN Corporate Bond Fund - Regular Monthly IDCW;INF194KA1R28;INF194KA1R36;10.6001;;;18-Mar-2026
135915;BANDHAN Corporate Bond Fund - Regular Periodic IDCW;INF194KA1L99;INF194KA1M07;13.4094;;;18-Mar-2026
139205;BANDHAN Corporate Bond Fund - Regular Quarterly IDCW;INF194KA1R51;INF194KA1R69;10.7328;;;18-Mar-2026

Baroda BNP Paribas Mutual Fund
150230;BARODA BNP PARIBAS Corporate Bond Fund - Defunct Plan - Annual-IDCW Option;INF251K01EN4;INF251K01EO2;11.8782;;;18-Mar-2026
150229;BARODA BNP PARIBAS Corporate Bond Fund - Defunct Plan - Growth Option;INF251K01EI4;;32.9983;;;18-Mar-2026
150231;BARODA BNP PARIBAS Corporate Bond Fund - Defunct Plan - Monthly-IDCW Option;INF251K01EJ2;INF251K01EK0;10.3106;;;18-Mar-2026
150228;BARODA BNP PARIBAS Corporate Bond Fund - Defunct Plan - Quarterly-IDCW Option;INF251K01EL8;INF251K01EM6;10.4245;;;18-Mar-2026
150236;BARODA BNP PARIBAS Corporate Bond Fund - Direct Plan - Annual IDCW Option;INF251K01GU4;INF251K01GV2;12.1599;;;18-Mar-2026
150237;BARODA BNP PARIBAS Corporate Bond Fund - Direct Plan - Growth Option;INF251K01GP4;;30.3365;;;18-Mar-2026
150238;BARODA BNP PARIBAS Corporate Bond Fund - Direct Plan - Monthly IDCW Option;INF251K01GQ2;INF251K01GR0;10.5110;;;18-Mar-2026
150239;BARODA BNP PARIBAS Corporate Bond Fund - Direct Plan - Quarterly IDCW Option;INF251K01GS8;INF251K01GT6;10.6705;;;18-Mar-2026
150233;BARODA BNP PARIBAS CORPORATE BOND FUND - Regular Plan - ANNUAL IDCW OPTION;INF251K01EU9;INF251K01EV7;11.8013;;;18-Mar-2026
150235;BARODA BNP PARIBAS CORPORATE BOND FUND - Regular Plan - GROWTH OPTION;INF251K01EP9;;28.5102;;;18-Mar-2026
150234;BARODA BNP PARIBAS CORPORATE BOND FUND - Regular Plan - MONTHLY IDCW OPTION;INF251K01EQ7;INF251K01ER5;10.3541;;;18-Mar-2026
150232;BARODA BNP PARIBAS CORPORATE BOND FUND - Regular Plan - QUARTERLY IDCW OPTION;INF251K01ES3;INF251K01ET1;10.4364;;;18-Mar-2026

Franklin Templeton Mutual Fund
118569;Franklin India Corporate Debt Fund - Direct - GROWTH;INF090I01FW8;;112.8819;;;18-Mar-2026
100528;Franklin India Corporate Debt Fund - Growth;INF090I01DG6;;103.8421;;;18-Mar-2026
100527;Franklin India Corporate Debt Fund - Plan A - Annual - IDCW;INF090I01DH4;INF090I01DI2;17.7270;;;18-Mar-2026
118570;Franklin India Corporate Debt Fund - Plan A - Direct - Annual - IDCW;INF090I01FX6;INF090I01FY4;19.9807;;;18-Mar-2026
118573;Franklin India Corporate Debt Fund - Plan A - Direct - Half yearly - IDCW;INF090I01FU2;INF090I01FV0;15.1664;;;18-Mar-2026
118571;Franklin India Corporate Debt Fund - Plan A - Direct - Monthly - IDCW;INF090I01FQ0;INF090I01FR8;17.0948;;;18-Mar-2026
118572;Franklin India Corporate Debt Fund - Plan A - Direct - Quarterly - IDCW;INF090I01FS6;INF090I01FT4;13.8190;;;18-Mar-2026
100531;Franklin India Corporate Debt Fund - Plan B - Half yearly - IDCW;INF090I01DN2;INF090I01DO0;12.8346;;;18-Mar-2026
100529;Franklin India Corporate Debt Fund - Plan B - Monthly - IDCW;INF090I01DJ0;INF090I01DK8;15.2747;;;18-Mar-2026
100530;Franklin India Corporate Debt Fund - Plan B - Quarterly - IDCW;INF090I01DL6;INF090I01DM4;12.1485;;;18-Mar-2026

HDFC Mutual Fund
113070;HDFC Corporate Bond Fund - Growth Option;INF179K01DC2;;33.5657;;;18-Mar-2026
118987;HDFC Corporate Bond Fund - Growth Option - Direct Plan;INF179K01XD8;;34.3612;;;18-Mar-2026
132848;HDFC Corporate Bond Fund - IDCW Option;INF179KA1D33;INF179KA1D25;20.3196;;;18-Mar-2026
132849;HDFC Corporate Bond Fund - IDCW Option - Direct Plan;INF179KA1D17;;21.0541;;;18-Mar-2026
113071;HDFC Corporate Bond Fund - Quarterly IDCW Option;INF179K01DD0;INF179K01DE8;10.566;;;18-Mar-2026
118986;HDFC Corporate Bond Fund - Quarterly IDCW Option - Direct Plan;INF179K01XB2;INF179K01XC0;10.4739;;;18-Mar-2026

HSBC Mutual Fund
151000;HSBC Corporate Bond Fund - Direct Annual IDCW;INF917K01VZ8;INF917K01VY1;12.4466;;;18-Mar-2026
150996;HSBC Corporate Bond Fund - Direct Growth;INF917K01HN3;;80.915;;;18-Mar-2026
150998;HSBC Corporate Bond Fund - Direct Quarterly IDCW;INF917K01HP8;INF917K01HO1;11.4346;;;18-Mar-2026
150997;HSBC Corporate Bond Fund - Direct Semi Annual IDCW;INF917K01HR4;INF917K01HQ6;20.3401;;;18-Mar-2026
151001;HSBC Corporate Bond Fund - Regular Annual IDCW;INF917K01WB7;INF917K01WA9;12.156;;;18-Mar-2026
150992;HSBC Corporate Bond Fund - Regular Growth;INF917K01AH0;;75.817;;;18-Mar-2026
150993;HSBC Corporate Bond Fund - Regular Quarterly IDCW;INF917K01AF4;INF917K01AG2;11.0164;;;18-Mar-2026
150994;HSBC Corporate Bond Fund - Regular Semi Annual IDCW;INF917K01AI8;INF917K01AJ6;16.9746;;;18-Mar-2026
150995;HSBC Corporate Bond Fund -Regular Plan - Bonus;INF917K01AK4;;28.7993;;;18-Mar-2026

ICICI Prudential Mutual Fund
120692;ICICI Prudential Corporate Bond Fund - Direct Plan - Growth;INF109K016B1;;32.5630;;;18-Mar-2026
120697;ICICI Prudential Corporate Bond Fund - Direct Plan - Monthly IDCW;INF109K017B9;INF109K018B7;10.2189;;;18-Mar-2026
120694;ICICI Prudential Corporate Bond Fund - Direct Plan - Quarterly IDCW;INF109K019B5;INF109K012C8;15.3994;;;18-Mar-2026
111987;ICICI Prudential Corporate Bond Fund - Growth;INF109K01CQ1;;31.0390;;;18-Mar-2026
111991;ICICI Prudential Corporate Bond Fund - Monthly IDCW;INF109K01SK0;INF109K01CT5;10.3725;;;18-Mar-2026
111992;ICICI Prudential Corporate Bond Fund -Quarterly IDCW;INF109K01SN4;INF109K01SO2;11.1321;;;18-Mar-2026

Kotak Mahindra Mutual Fund
133791;Kotak Corporate Bond Fund- Direct Plan- Growth Option;INF178L01BY0;;4093.291;;;18-Mar-2026
133792;Kotak Corporate Bond Fund- Direct Plan- Monthly Payout of Income Distribution cum capital withdrawal option;INF178L01BZ7;;1071.0429;;;18-Mar-2026
133782;Kotak Corporate Bond Fund- Regular Plan-Growth Option;INF178L01BO1;;3910.991;;;18-Mar-2026
133787;Kotak Corporate Bond Fund- Regular Plan-Monthly Dividend Option;INF178L01BQ6;INF178L01BP8;1274.0516;;;18-Mar-2026

Trust Mutual Fund
151320;TRUSTMF CORPORATE BOND FUND-DIRECT PLAN-GROWTH;INF0GCD01560;;1241.8880;;;18-Mar-2026
151321;TRUSTMF CORPORATE BOND FUND-DIRECT PLAN-MONTHLY IDCW;INF0GCD01586;INF0GCD01578;1171.6356;;;18-Mar-2026
151322;TRUSTMF CORPORATE BOND FUND-REGULAR PLAN-GROWTH;INF0GCD01537;;1226.2130;;;18-Mar-2026
151319;TRUSTMF CORPORATE BOND FUND-REGULAR PLAN-MONTHLY IDCW;INF0GCD01552;INF0GCD01545;1154.1672;;;18-Mar-2026

UTI Mutual Fund
144344;UTI Corporate Bond Fund - Direct Plan - Annual IDCW;INF789F1A587;INF789F1A595;13.5254;;;18-Mar-2026
144341;UTI Corporate Bond Fund - Direct Plan - Flexi IDCW;INF789F1A603;INF789F1A611;15.3183;;;18-Mar-2026
144339;UTI Corporate Bond Fund - Direct Plan - Growth Option;INF789F1A538;;17.3799;;;18-Mar-2026
144340;UTI Corporate Bond Fund - Direct Plan - Half-Yearly IDCW;INF789F1A561;INF789F1A579;14.8506;;;18-Mar-2026
144346;UTI Corporate Bond Fund - Direct Plan - Quarterly IDCW;INF789F1A546;INF789F1A553;15.2005;;;18-Mar-2026
144337;UTI Corporate Bond Fund - Regular Plan - Annual IDCW;INF789F1A496;INF789F1A504;13.1593;;;18-Mar-2026
144338;UTI Corporate Bond Fund - Regular Plan - Flexi IDCW;INF789F1A512;INF789F1A520;14.9446;;;18-Mar-2026
144345;UTI Corporate Bond Fund - Regular Plan - Growth Option;INF789F1A447;;16.9719;;;18-Mar-2026
144343;UTI Corporate Bond Fund - Regular Plan - Half-Yearly IDCW;INF789F1A470;INF789F1A488;14.3399;;;18-Mar-2026
144342;UTI Corporate Bond Fund - Regular Plan - Quarterly IDCW;INF789F1A454;INF789F1A462;14.7581;;;18-Mar-2026

Open Ended Schemes ( Debt Scheme - Credit Risk Fund )


Axis Mutual Fund
130314;Axis Credit Risk Fund - Direct Plan - Growth;INF846K01PJ5;;25.3070;;;18-Mar-2026
130312;Axis Credit Risk Fund - Direct Plan - Monthly IDCW;INF846K01PM9;INF846K01PN7;10.2082;;;18-Mar-2026
130311;Axis Credit Risk Fund - Direct Plan - Weekly IDCW;INF846K01PK3;INF846K01PL1;10.2856;;;18-Mar-2026
130309;Axis Credit Risk Fund - Regular Plan - Growth;INF846K01PO5;;22.5056;;;18-Mar-2026
130313;Axis Credit Risk Fund - Regular Plan - Monthly IDCW;INF846K01PR8;INF846K01PS6;10.1348;;;18-Mar-2026
130310;Axis Credit Risk Fund - Regular Plan - Weekly IDCW;INF846K01PP2;INF846K01PQ0;10.1544;;;18-Mar-2026

Bandhan Mutual Fund
140608;BANDHAN Credit Risk Fund - Regular Plan Annual IDCW;INF194KA1W05;INF194KA1W13;10.7136;;;18-Mar-2026
140609;BANDHAN Credit Risk Fund - Regular Plan Growth;INF194KA1W39;;16.8679;;;18-Mar-2026
140611;BANDHAN Credit Risk Fund - Regular Plan Half Yearly IDCW;INF194KA1V71;INF194KA1V89;10.3379;;;18-Mar-2026
140612;BANDHAN Credit Risk Fund - Regular Plan Periodic IDCW;INF194KA1V14;INF194KA1V22;13.0987;;;18-Mar-2026
140607;BANDHAN Credit Risk Fund - Regular Plan Quarterly IDCW;INF194KA1V48;INF194KA1V55;10.5847;;;18-Mar-2026
140610;BANDHAN Credit Risk Fund-Direct Plan-Annual IDCW;INF194KA1X38;INF194KA1X46;10.8848;;;18-Mar-2026
140603;BANDHAN Credit Risk Fund-Direct Plan-Growth;INF194KA1X61;;18.4405;;;18-Mar-2026
140606;BANDHAN Credit Risk Fund-Direct Plan-Periodic IDCW;INF194KA1W47;INF194KA1W54;13.6344;;;18-Mar-2026
140604;BANDHAN Credit Risk Fund-Direct Plan-Quarterly IDCW;INF194KA1W70;INF194KA1W88;10.8018;;;18-Mar-2026

Bank of India Mutual Fund
133868;BANK OF INDIA Credit Risk  Fund - Direct Plan;INF761K01DG8;;13.6709;;;18-Mar-2026
133867;BANK OF INDIA Credit Risk Fund - Regular Plan;INF761K01DH6;;13.3060;;;18-Mar-2026

Baroda BNP Paribas Mutual Fund
152903;Baroda BNP Paribas Credit Risk fund - Regular-Quarterly- IDCW option -Seg. Portfolio 2 (erstwhile BBNPP Medium Duration Fund Regular-Quarterly IDCW option Seg. Portfolio 1);INF955L01IZ3;INF955L01JA4;0.0000;;;18-Mar-2026
152905;Baroda BNP Paribas Credit Risk fund - Regular-Weekly-IDCW option -Seg. Portfolio 2 (erstwhile BBNPP Medium Duration Fund Regular-Weekly IDCW option Seg. Portfolio 1);;INF955L01JE6;0.0000;;;18-Mar-2026
152892;Baroda BNP Paribas Credit risk fund -Defunct -Growth option -Seg-Portfolio 2 (erstwhile BBNPP Medium Duration Fund-Defunct Growth Option Seg.Portfolio1);INF955L01JM9;;0.0000;;;18-Mar-2026
152899;Baroda BNP Paribas Credit Risk fund -Defunct -Monthly IDCW option -Seg. Portfolio 2 (erstwhile BBNPP Medium Duration Fund Defunct-Monthly IDCW option Seg. Portfolio 1);INF955L01JP2;INF955L01JQ0;0.0000;;;18-Mar-2026
152894;Baroda BNP Paribas Credit Risk fund -Defunct -Weekly IDCW option -Seg. Portfolio 2 (erstwhile BBNPP Medium Duration Fund Defunct-Weekly IDCW option Seg. Portfolio 1);;INF955L01JO5;0.0000;;;18-Mar-2026
152898;Baroda BNP Paribas Credit Risk fund -Direct - Growth option -Seg. Portfolio 2 (erstwhile BBNPP Medium Duration Fund Direct-Growth option Seg. Portfolio 1);INF955L01JF3;;0.0000;;;18-Mar-2026
152897;Baroda BNP Paribas Credit Risk fund -Direct -Monthly IDCW option -Seg. Portfolio 2 (erstwhile BBNPP Medium Duration Fund Direct-Monthly IDCW option Seg. Portfolio 1);;INF955L01JJ5;0.0000;;;18-Mar-2026
152896;Baroda BNP Paribas Credit Risk fund -Direct -Quarterly IDCW option -Seg. Portfolio 2 (erstwhile BBNPP Medium Duration Fund Direct-Quarterly IDCW option Seg. Portfolio 1);INF955L01JG1;INF955L01JH9;0.0000;;;18-Mar-2026
152895;Baroda BNP Paribas Credit Risk fund -Direct -Weekly IDCW option -Seg. Portfolio 2 (erstwhile BBNPP Medium Duration Fund Direct-weekly IDCW option Seg. Portfolio 1);;INF955L01JL1;0.0000;;;18-Mar-2026
133520;Baroda BNP Paribas Credit Risk Fund -Direct- Monthly IDCW;INF955L01FZ9;;14.3089;;;18-Mar-2026
133524;Baroda BNP Paribas Credit Risk Fund -Direct- Quarterly IDCW;INF955L01GA0;;12.8224;;;18-Mar-2026
152900;Baroda BNP Paribas Credit Risk fund -Direct-Daily IDCW option -Seg. Portfolio 2 (erstwhile BBNPP Medium Duration Fund Direct-daily-IDCW option Seg. Portfolio 1);INF955L01JI7;INF955L01JK3;0.0000;;;18-Mar-2026
133488;Baroda BNP Paribas Credit Risk Fund -Direct-Growth Option;INF955L01FR6;;25.6542;;;18-Mar-2026
152901;Baroda BNP Paribas Credit Risk fund -Regular -Daily-IDCW option -Seg. Portfolio 2 (erstwhile BBNPP Medium Duration Fund Regular-Daily-IDCW option Seg. Portfolio 1);;INF955L01JD8;0.0000;;;18-Mar-2026
152902;Baroda BNP Paribas Credit Risk fund -Regular -Monthly IDCW option -Seg. Portfolio 2 (erstwhile BBNPP Medium Duration Fund Regular-Monthly IDCW option Seg. Portfolio 1);INF955L01JB2;INF955L01JC0;0.0000;;;18-Mar-2026
152904;Baroda BNP Paribas Credit Risk fund -Regular-Growth -Seg. Portfolio 2 (erstwhile BBNPP Medium Duration Fund Regular Growth Seg. Portfolio 1);INF955L01IY6;;0.0000;;;18-Mar-2026
133486;Baroda BNP Paribas Credit Risk Fund -Regular-Growth Option;INF955L01FP0;;23.1821;;;18-Mar-2026
133517;Baroda BNP Paribas Credit Risk Fund -Regular-Monthly IDCW;INF955L01FU0;;11.2214;;;18-Mar-2026
133518;Baroda BNP Paribas Credit Risk Fund -Regular-Quarterly IDCW;INF955L01FV8;;11.7578;;;18-Mar-2026
148333;Baroda BNP Paribas Credit Risk Fund- Direct- Growth Option- Segregated Portfolio- 1;INF955L01IT6;;0.0000;;;18-Mar-2026
148334;Baroda BNP Paribas Credit Risk Fund- Direct- Monthly IDCW Option- Segregated Portfolio- 1;INF955L01IW0;INF955L01IX8;0.0000;;;18-Mar-2026
148330;Baroda BNP Paribas Credit Risk Fund- Regular- Growth Option- Segregated Portfolio- 1;INF955L01IO7;;0.0000;;;18-Mar-2026
148331;Baroda BNP Paribas Credit Risk Fund- Regular- Monthly IDCW Option- Segregated Portfolio- 1;INF955L01IR0;INF955L01IS8;0.0000;;;18-Mar-2026
148332;Baroda BNP Paribas Credit Risk Fund- Regular- Quarterly IDCW Option- Segregated Portfolio- 1;INF955L01IP4;INF955L01IQ2;0.0000;;;18-Mar-2026
152893;Baroda BNP Paribas Credit Risk Fund-Defunct -Daily IDCW option - seg Portfolio 2 (erstwhile BBNPP Medium Duration fund Defunct Daily IDCW daily option Seg Portfolio 1);;INF955L01JN7;0.0000;;;18-Mar-2026
148335;Baroda BNP Paribas Credit Risk Fund-Direct- Quarterly IDCW Option- Segregated Portfolio- 1;INF955L01IU4;INF955L01IV2;0.0000;;;18-Mar-2026

Franklin Templeton Mutual Fund
148304;Franklin India Credit Risk Fund - Segregated Portfolio 3 (9.50% Yes bank Ltd CO 23Dec21) - Direct Growth Plan;INF090I01VZ8;;0.0000;;;18-Mar-2026
148303;Franklin India Credit Risk Fund - Segregated Portfolio 3 (9.50% Yes Bank Ltd CO 23Dec21) - Growth Plan;INF090I01VX3;;0.0000;;;18-Mar-2026
148305;Franklin India Credit Risk Fund- Segregated Portfolio 3 (9.50% Yes Bank Ltd CO 23Dec21) - IDCW;INF090I01VW5;;0.0000;;;18-Mar-2026
148306;Franklin India Credit Risk Fund-Segregated Portfolio 3 (9.50% Yes Bank Ltd CO 23Dec21) - Direct IDCW;INF090I01VY1;;0.0000;;;18-Mar-2026

HDFC Mutual Fund
128053;HDFC Credit Risk Debt Fund - Growth Option;INF179KA1GC0;;25.1383;;;18-Mar-2026
128051;HDFC Credit Risk Debt Fund - Growth Option - Direct Plan;INF179KA1FZ3;;27.2729;;;18-Mar-2026
133148;HDFC Credit Risk Debt Fund - IDCW Option;INF179KA1I87;INF179KA1I79;23.1482;;;18-Mar-2026
133147;HDFC Credit Risk Debt Fund - IDCW Option - Direct Plan;INF179KA1I61;INF179KA1I53;23.9075;;;18-Mar-2026
128050;HDFC Credit Risk Debt Fund - Quarterly IDCW - Direct Plan;INF179KA1GA4;INF179KA1GB2;10.8824;;;18-Mar-2026
128052;HDFC Credit Risk Debt Fund - Quarterly IDCW Option;INF179KA1GD8;INF179KA1GE6;10.5185;;;18-Mar-2026

HSBC Mutual Fund
151047;HSBC Credit Risk Fund - Direct Annual IDCW;INF917K01UL0;INF917K01UK2;14.3972;;;18-Mar-2026
151045;HSBC Credit Risk Fund - Direct Growth;INF917K01UH8;;36.5203;;;18-Mar-2026
151044;HSBC Credit Risk Fund - Direct IDCW;INF917K01E29;INF917K01UI6;12.3454;;;18-Mar-2026
151046;HSBC Credit Risk Fund - Regular Annual IDCW;INF917K01UN6;INF917K01UM8;13.2576;;;18-Mar-2026
151043;HSBC Credit Risk Fund - Regular Growth;INF917K01130;;33.5214;;;18-Mar-2026
151042;HSBC Credit Risk Fund - Regular IDCW;INF917K01114;INF917K01122;11.279;;;18-Mar-2026
151041;HSBC Credit Risk Fund- Regular Plan - Bonus;;INF917K01CU9;32.9918;;;18-Mar-2026

ICICI Prudential Mutual Fund
120711;ICICI Prudential Credit Risk Fund - Direct Plan - Growth;INF109K01V00;;37.0740;;;18-Mar-2026
120709;ICICI Prudential Credit Risk Fund - Direct Plan - Quarterly IDCW;INF109K01V34;INF109K01V42;11.8141;;;18-Mar-2026
114239;ICICI Prudential Credit Risk Fund - Growth;INF109K01GU4;;33.4907;;;18-Mar-2026
114240;ICICI Prudential Credit Risk Fund - Quarterly IDCW;INF109K01GV2;INF109K01GW0;11.1329;;;18-Mar-2026

Kotak Mahindra Mutual Fund
119740;Kotak Credit Risk Fund - Direct Plan - Standard Income Distribution cum capital withdrawal option;INF174K01MG5;;26.2807;;;18-Mar-2026
117716;Kotak Credit Risk Fund - Growth;INF174K01DY7;;30.9029;;;18-Mar-2026
119741;Kotak Credit Risk Fund - Growth - Direct;INF174K01LZ7;;34.9898;;;18-Mar-2026
117715;Kotak Credit Risk Fund - Regular Plan - Standard Income Distribution cum capital withdrawal option;INF174K01EG2;INF174K01EF4;13.4393;;;18-Mar-2026

UTI Mutual Fund
148239;UTI - Credit Risk Fund (Segregated - 06032020) - Direct Plan - Annual Dividend Option;INF789F1ARG8;INF789F1ARH6;0;;;18-Mar-2026
148241;UTI - Credit Risk Fund (Segregated - 06032020) - Direct Plan - Flexi Dividend Option;INF789F1ARK0;INF789F1ARL8;0;;;18-Mar-2026
148242;UTI - Credit Risk Fund (Segregated - 06032020) - Direct Plan - Growth Option;INF789F1ARF0;;0;;;18-Mar-2026
148238;UTI - Credit Risk Fund (Segregated - 06032020) - Direct Plan - Half Yearly Dividend Option;INF789F1ARI4;INF789F1ARJ2;0;;;18-Mar-2026
148240;UTI - Credit Risk Fund (Segregated - 06032020) - Direct Plan - Monthly Dividend Option;INF789F1ARM6;INF789F1ARN4;0;;;18-Mar-2026
148245;UTI - Credit Risk Fund (Segregated - 06032020) - Direct Plan - Quarterly Dividend Option;INF789F1ARD5;INF789F1ARE3;0;;;18-Mar-2026
148234;UTI - Credit Risk Fund (Segregated - 06032020) - Regular Plan - Annual Dividend Option;INF789F1ARR5;INF789F1ARS3;0;;;18-Mar-2026
148236;UTI - Credit Risk Fund (Segregated - 06032020) - Regular Plan - Flexi Dividend Option;INF789F1ARV7;INF789F1ARW5;0;;;18-Mar-2026
148237;UTI - Credit Risk Fund (Segregated - 06032020) - Regular Plan - Growth Option;INF789F1ARQ7;;0;;;18-Mar-2026
148235;UTI - Credit Risk Fund (Segregated - 06032020) - Regular Plan - Half Yearly Dividend Option;INF789F1ART1;INF789F1ARU9;0;;;18-Mar-2026
148244;UTI - Credit Risk Fund (Segregated - 06032020) - Regular Plan - Monthly Dividend Option;INF789F1ARX3;INF789F1ARY1;0;;;18-Mar-2026
148243;UTI - Credit Risk Fund (Segregated - 06032020) - Regular Plan - Quarterly Dividend Option;INF789F1ARO2;INF789F1ARP9;0;;;18-Mar-2026
117981;UTI Credit Risk Fund  - Regular Plan - Growth Option;INF789F01QZ1;;17.7878;;;18-Mar-2026
135290;UTI Credit Risk Fund - Direct Plan - Annual IDCW;INF789FB1U28;INF789FB1U36;12.815;;;18-Mar-2026
136302;UTI Credit Risk Fund - Direct Plan - Flexi IDCW;INF789FB1U44;INF789FB1U51;12.8195;;;18-Mar-2026
120764;UTI Credit Risk Fund - Direct Plan - Growth Option;INF789F01YB6;;20.1989;;;18-Mar-2026
135418;UTI Credit Risk Fund - Direct Plan - Half-Yearly IDCW;INF789FA1W02;INF789FA1W10;12.8673;;;18-Mar-2026
131419;UTI Credit Risk Fund - Direct Plan - Monthly IDCW;INF789FB1U02;INF789FB1U10;11.2523;;;18-Mar-2026
120765;UTI Credit Risk Fund - Direct Plan - Quarterly IDCW;INF789F01YC4;INF789F01YD2;14.2534;;;18-Mar-2026
133344;UTI Credit Risk Fund - Regular Plan - Annual IDCW;INF789FA1V60;INF789FA1V78;11.8695;;;18-Mar-2026
135051;UTI Credit Risk Fund - Regular Plan - Flexi IDCW;INF789FA1V86;INF789FA1V94;11.5472;;;18-Mar-2026
135419;UTI Credit Risk Fund - Regular Plan - Half-Yearly IDCW;INF789FA1V45;INF789FA1V52;11.9328;;;18-Mar-2026
131418;UTI Credit Risk Fund - Regular Plan - Monthly IDCW;INF789FB1T88;INF789FB1T96;10.6818;;;18-Mar-2026
117982;UTI Credit Risk Fund - Regular Plan - Quarterly IDCW;INF789F01RA2;INF789F01RB0;12.635;;;18-Mar-2026

Open Ended Schemes ( Debt Scheme - Banking and PSU Fund )


Axis Mutual Fund
120437;Axis Banking & PSU Debt Fund - Direct Plan - Daily IDCW;;INF846K01CU0;1038.2081;;;18-Mar-2026
120438;Axis Banking & PSU Debt Fund - Direct Plan - Growth Option;INF846K01CR6;;2818.9900;;;18-Mar-2026
120439;Axis Banking & PSU Debt Fund - Direct Plan - Monthly IDCW;INF846K01CT2;INF846K01CS4;1032.9670;;;18-Mar-2026
120436;Axis Banking & PSU Debt Fund - Direct Plan - Weekly IDCW;INF846K01CV8;INF846K01CW6;1037.3800;;;18-Mar-2026
117447;Axis Banking & PSU Debt Fund - Regular Plan - Daily IDCW;;INF846K01CC8;1038.1513;;;18-Mar-2026
117446;Axis Banking & PSU Debt Fund - Regular Plan - Growth option;INF846K01CB0;;2728.2759;;;18-Mar-2026
117449;Axis Banking & PSU Debt Fund - Regular Plan - Monthly IDCW;INF846K01CF1;INF846K01CG9;1032.7921;;;18-Mar-2026
117448;Axis Banking & PSU Debt Fund - Regular Plan - Weekly IDCW;INF846K01CD6;INF846K01CE4;1037.2497;;;18-Mar-2026

Bajaj Finserv Mutual Fund
152164;Bajaj Finserv Banking and PSU Fund-  Direct Plan-Monthly- IDCW;INF0QA701649;INF0QA701631;10.9834;;;18-Mar-2026
152163;Bajaj Finserv Banking and PSU Fund- Direct Plan- IDCW;INF0QA701615;INF0QA701623;11.9163;;;18-Mar-2026
152165;Bajaj Finserv Banking and PSU Fund- Regular Plan- Growth;INF0QA701557;;11.7635;;;18-Mar-2026
152166;Bajaj Finserv Banking and PSU Fund- Regular Plan- IDCW;INF0QA701565;INF0QA701573;11.7635;;;18-Mar-2026
152162;Bajaj Finserv Banking and PSU Fund-Direct Plan- Growth;INF0QA701607;;11.9163;;;18-Mar-2026
152167;Bajaj Finserv Banking and PSU Fund-Regular Plan-Monthly-IDCW;INF0QA701599;INF0QA701581;10.9095;;;18-Mar-2026

Bandhan Mutual Fund
121936;Bandhan Banking and PSU Fund - Direct Annual IDCW;INF194K019M8;;12.7939;;;18-Mar-2026
127471;Bandhan Banking and PSU Fund - Direct Daily IDCW;;INF194KA1JD3;10.4736;;;18-Mar-2026
121934;Bandhan Banking and PSU Fund - Direct Fortnightly IDCW;;INF194K010N5;10.4550;;;18-Mar-2026
121279;Bandhan Banking and PSU Fund - Direct Growth;INF194K015G8;;26.2553;;;18-Mar-2026
121281;Bandhan Banking and PSU Fund - Direct IDCW;INF194K016G6;INF194K017G4;13.8109;;;18-Mar-2026
121935;Bandhan Banking and PSU Fund - Direct Monthly IDCW;;INF194K011N3;10.4308;;;18-Mar-2026
121938;Bandhan Banking and PSU Fund - Direct Quarterly IDCW;INF194K018M0;;11.0268;;;18-Mar-2026
121933;Bandhan Banking and PSU Fund - Regular Annual IDCW;INF194K015M6;;11.7285;;;18-Mar-2026
127470;Bandhan Banking and PSU Fund - Regular Daily IDCW;;INF194KA1JC5;10.8748;;;18-Mar-2026
121931;Bandhan Banking and PSU Fund - Regular Fortnightly IDCW;;INF194K016M4;10.6099;;;18-Mar-2026
121280;Bandhan Banking and PSU Fund - Regular Growth;INF194K01SN6;;25.4567;;;18-Mar-2026
121282;Bandhan Banking and PSU Fund - Regular IDCW;INF194K01SO4;INF194K012D2;13.7465;;;18-Mar-2026
121932;Bandhan Banking and PSU Fund - Regular Monthly IDCW;;INF194K017M2;10.6732;;;18-Mar-2026
121937;Bandhan Banking and PSU Fund - Regular Quarterly IDCW;INF194K014M9;;10.9185;;;18-Mar-2026

Franklin Templeton Mutual Fund
129008;Franklin India Banking & PSU Debt Fund - Direct - Growth;INF090I01KR8;;24.5388;;;18-Mar-2026
129006;Franklin India Banking & PSU Debt Fund - Growth;INF090I01KO5;;23.4369;;;18-Mar-2026
129009;Franklin India Banking and PSU Debt Fund - Direct - IDCW ;INF090I01KS6;INF090I01KT4;11.6228;;;18-Mar-2026
129007;Franklin India Banking and PSU Debt Fund - IDCW ;INF090I01KP2;INF090I01KQ0;10.9884;;;18-Mar-2026

HDFC Mutual Fund
128628;HDFC Banking and PSU Debt Fund - Growth Option;INF179KA1JC4;;23.777;;;18-Mar-2026
128629;HDFC Banking and PSU Debt Fund - Growth Option - Direct Plan;INF179KA1IZ7;;24.8244;;;18-Mar-2026
128627;HDFC Banking and PSU Debt Fund - IDCW Option;INF179KA1JD2;INF179KA1JE0;10.1218;;;18-Mar-2026
128626;HDFC Banking and PSU Debt Fund - IDCW Option - Direct Plan;INF179KA1JA8;INF179KA1JB6;10.0134;;;18-Mar-2026

HSBC Mutual Fund
151108;HSBC Banking and PSU Debt Fund - Direct Daily IDCW;;INF917K01HL7;11.178;;;18-Mar-2026
151107;HSBC Banking and PSU Debt Fund - Direct Growth;INF917K01HH5;;26.4939;;;18-Mar-2026
151106;HSBC Banking and PSU Debt Fund - Direct Monthly IDCW;INF917K01HJ1;INF917K01HI3;11.2147;;;18-Mar-2026
151109;HSBC Banking and PSU Debt Fund - Direct Weekly IDCW;;INF917K01HK9;10.3402;;;18-Mar-2026
151102;HSBC Banking and PSU Debt Fund - Regular Daily IDCW;;INF677K01AF4;11.1017;;;18-Mar-2026
151104;HSBC Banking and PSU Debt Fund - Regular Growth;INF677K01AE7;;25.0945;;;18-Mar-2026
151105;HSBC Banking and PSU Debt Fund - Regular Monthly IDCW;INF677K01AI8;INF677K01AJ6;10.4365;;;18-Mar-2026
151103;HSBC Banking and PSU Debt Fund - Regular Weekly IDCW;;INF917K01HM5;10.3124;;;18-Mar-2026

ICICI Prudential Mutual Fund
120256;ICICI Prudential Banking and PSU Debt Fund - Direct Plan -  Growth;INF109K010A6;;35.4649;;;18-Mar-2026
120258;ICICI Prudential Banking and PSU Debt Fund - Direct Plan -  Quarterly IDCW;INF109K011A4;INF109K012A2;12.9262;;;18-Mar-2026
112342;ICICI Prudential Banking and PSU Debt Fund - Growth;INF109K01RT3;;33.9401;;;18-Mar-2026
116174;ICICI Prudential Banking and PSU Debt Fund - Quarterly IDCW;INF109K01YE1;INF109K01YD3;10.9426;;;18-Mar-2026

ITI Mutual Fund
148534;ITI Banking & PSU Debt Fund - Direct Plan - Growth Option;INF00XX01861;;13.8689;;;18-Mar-2026
148536;ITI Banking & PSU Debt Fund - Direct Plan - IDCW Option;INF00XX01879;INF00XX01887;13.8673;;;18-Mar-2026
148535;ITI Banking & PSU Debt Fund - Regular Plan - Growth Option;INF00XX01838;;13.4624;;;18-Mar-2026
148533;ITI Banking & PSU Debt Fund - Regular Plan - IDCW Option;INF00XX01846;INF00XX01853;13.4636;;;18-Mar-2026

Kotak Mahindra Mutual Fund
123690;Kotak Banking and PSU Debt - Growth;INF174K01FO3;;67.8822;;;18-Mar-2026
123691;Kotak Banking and PSU Debt - Monthly Payout of Income Distribution cum capital withdrawal option;INF174K01FQ8;INF174K01FP0;12.7535;;;18-Mar-2026
123693;Kotak Banking and PSU Debt Direct - Growth;INF174K01KH7;;70.9048;;;18-Mar-2026
123692;Kotak Banking and PSU Debt Direct - Monthly Payout of Income Distribution cum capital withdrawal option;INF174K01KK1;INF174K01KL9;10.2475;;;18-Mar-2026

LIC Mutual Fund
120337;LIC MF Banking & PSU Fund-Direct Plan-Daily IDCW;INF767K01GJ2;INF767K01GM6;14.3021;;;18-Mar-2026
120338;LIC MF Banking & PSU Fund-Direct Plan-Growth;INF767K01GI4;;38.8924;;;18-Mar-2026
120339;LIC MF Banking & PSU Fund-Direct Plan-Monthly IDCW;INF767K01GK0;INF767K01GN4;14.6474;;;18-Mar-2026
120336;LIC MF Banking & PSU Fund-Direct Plan-Weekly IDCW;INF767K01GL8;INF767K01GO2;10.0459;;;18-Mar-2026
105822;LIC MF Banking & PSU Fund-Regular Plan-Daily IDCW;INF767K01519;INF767K01527;11.5306;;;18-Mar-2026
105823;LIC MF Banking & PSU Fund-Regular Plan-Growth;INF767K01535;;35.9391;;;18-Mar-2026
105856;LIC MF Banking & PSU Fund-Regular Plan-Monthly IDCW;INF767K01543;INF767K01550;13.4507;;;18-Mar-2026
105857;LIC MF Banking & PSU Fund-Regular Plan-Weekly IDCW;INF767K01568;INF767K01576;10.3775;;;18-Mar-2026

UTI Mutual Fund
140135;UTI Banking & PSU Fund - Direct Plan - Annual IDCW;INF789FA1V03;INF789FA1V11;13.3073;;;18-Mar-2026
133972;UTI Banking & PSU Fund - Direct Plan - Flexi IDCW;INF789FA1V29;INF789FA1V37;20.0248;;;18-Mar-2026
126940;UTI Banking & PSU Fund - Direct Plan - Growth Option;INF789F015Z6;;23.2378;;;18-Mar-2026
141375;UTI Banking & PSU Fund - Direct Plan - Half-Yearly IDCW;INF789FA1U87;INF789FA1U95;15.4201;;;18-Mar-2026
134026;UTI Banking & PSU Fund - Direct Plan - Monthly IDCW;INF789FC1HE1;INF789FC1HF8;13.5666;;;18-Mar-2026
126942;UTI Banking & PSU Fund - Direct Plan - Quarterly IDCW;INF789F016Z4;INF789F017Z2;17.2956;;;18-Mar-2026
140116;UTI Banking & PSU Fund - Regular Plan - Annual IDCW;INF789FA1U46;INF789FA1U53;13.0313;;;18-Mar-2026
133971;UTI Banking & PSU Fund - Regular Plan - Flexi IDCW;INF789FA1U61;INF789FA1U79;15.2944;;;18-Mar-2026
139407;UTI Banking & PSU Fund - Regular Plan - Half-Yearly IDCW;INF789FA1U20;INF789FA1U38;15.2303;;;18-Mar-2026
136110;UTI Banking & PSU Fund - Regular Plan - Monthly IDCW;INF789FC1HC5;INF789FC1HD3;13.311;;;18-Mar-2026
126941;UTI Banking & PSU Fund - Regular Plan - Quarterly IDCW;INF789F012Z3;INF789F013Z1;15.6511;;;18-Mar-2026
126939;UTI Banking & PSU Fund- Regular Plan - Growth Option;INF789F014Z9;;22.8067;;;18-Mar-2026

Open Ended Schemes ( Debt Scheme - Gilt Fund )


Axis Mutual Fund
120447;Axis Gilt Fund - Direct Plan - Growth Option;INF846K01DD4;;27.7834;;;18-Mar-2026
120448;Axis Gilt Fund - Direct Plan - Half Yearly IDCW;INF846K01DF9;INF846K01DE2;12.3923;;;18-Mar-2026
120449;Axis Gilt Fund - Direct Plan - Regular IDCW;INF846K01DG7;INF846K01DH5;10.0165;;;18-Mar-2026
116471;Axis Gilt Fund - Regular Plan - Growth Option;INF846K01AX8;;26.0053;;;18-Mar-2026
116472;Axis Gilt Fund - Regular Plan - Half Yearly IDCW;INF846K01AZ3;INF846K01BB2;11.8717;;;18-Mar-2026
116470;Axis Gilt Fund - Regular Plan - Regular IDCW;INF846K01CK1;INF846K01CL9;10.0123;;;18-Mar-2026

Bajaj Finserv Mutual Fund
153206;Bajaj Finserv Gilt Fund - Direct - Growth;INF0QA701AP9;;1038.6987;;;18-Mar-2026
153207;Bajaj Finserv Gilt Fund - Direct - IDCW;INF0QA701AQ7;INF0QA701AR5;1038.6987;;;18-Mar-2026
153211;Bajaj Finserv Gilt Fund - Regular - Growth;INF0QA701AM6;;1028.9697;;;18-Mar-2026
153209;Bajaj Finserv Gilt Fund - Regular - IDCW;INF0QA701AN4;INF0QA701AO2;1028.9697;;;18-Mar-2026

Bandhan Mutual Fund
108557;Bandhan Gilt Fund - Regular Plan - Quarterly IDCW;INF194K01EH8;INF194K01EG0;11.8650;;;18-Mar-2026
118467;Bandhan Gilt Fund - Direct Plan - Annual IDCW;INF194K01Q78;INF194K01Q60;12.4952;;;18-Mar-2026
118464;Bandhan Gilt Fund - Direct Plan - Growth;INF194K01Q29;;38.8909;;;18-Mar-2026
118465;Bandhan Gilt Fund - Direct Plan - Half Yearly IDCW;INF194K01Q45;INF194K01Q37;12.3738;;;18-Mar-2026
118463;Bandhan Gilt Fund - Direct Plan - IDCW;INF194K01R36;INF194K01R28;14.9951;;;18-Mar-2026
131394;Bandhan Gilt Fund - Direct Plan - Periodic IDCW;INF194KA1RZ9;INF194KA1SA0;18.4080;;;18-Mar-2026
118466;Bandhan Gilt Fund - Direct Plan - Quarterly IDCW;INF194K01R02;INF194K01Q94;11.5765;;;18-Mar-2026
111525;Bandhan Gilt Fund - Regular Plan - Growth;INF194K01DZ2;;35.8165;;;18-Mar-2026
111527;Bandhan Gilt Fund - Regular Plan - IDCW;INF194K01EK2;INF194K01EJ4;13.4976;;;18-Mar-2026
131395;Bandhan Gilt Fund - Regular Plan B - Periodic IDCW;INF194KA1RW6;INF194KA1RX4;16.8244;;;18-Mar-2026
108559;Bandhan Gilt Fund - Regular Plan - Annual IDCW;INF194K01EE5;INF194K01ED7;11.3435;;;18-Mar-2026
108558;Bandhan Gilt Fund - Regular - Plan B - Half Yearly IDCW;INF194K01EB1;INF194K01EA3;11.3836;;;18-Mar-2026

Baroda BNP Paribas Mutual Fund
119341;Baroda BNP Paribas GILT FUND - Direct Plan - Growth Option;INF955L01AD7;;47.3430;;;18-Mar-2026
119340;Baroda BNP Paribas GILT FUND - Direct Plan - IDCW Option;INF955L01AB1;INF955L01AC9;34.7546;;;18-Mar-2026
101187;Baroda BNP Paribas GILT FUND - Regular Plan - Growth Option;INF955L01450;;43.0523;;;18-Mar-2026
101188;Baroda BNP Paribas GILT FUND - Regular Plan - IDCW Option;INF955L01435;INF955L01443;25.5537;;;18-Mar-2026

Franklin Templeton Mutual Fund
118498;Franklin India Government Securities Fund - Direct - Growth;INF090I01HS2;;66.0614;;;18-Mar-2026
118497;Franklin India Government Securities Fund - Direct - IDCW ;INF090I01HQ6;INF090I01HR4;11.9700;;;18-Mar-2026
100493;Franklin India Government Securities Fund - Growth;INF090I01CU9;;60.0515;;;18-Mar-2026
100494;Franklin India Government Securities Fund - IDCW ;INF090I01CS3;INF090I01CT1;10.7409;;;18-Mar-2026

Groww Mutual Fund
153477;Groww Gilt Fund - Direct - Growth;INF666M01KK2;;9.904;;;18-Mar-2026
153502;Groww Gilt Fund - Direct - IDCW;INF666M01KL0;INF666M01KM8;9.9025;;;18-Mar-2026
153503;Groww Gilt Fund - Regular - Growth;INF666M01KN6;;9.8193;;;18-Mar-2026
153504;Groww Gilt Fund - Regular - IDCW;INF666M01KO4;INF666M01KP1;9.8195;;;18-Mar-2026

HDFC Mutual Fund
119116;HDFC Gilt Fund - Growth Option - Direct Plan;INF179K01VS0;;59.1438;;;18-Mar-2026
101083;HDFC Gilt Fund - Growth Plan;INF179K01756;;56.0097;;;18-Mar-2026
119115;HDFC Gilt Fund - IDCW Option - Direct Plan;INF179K01VR2;INF179K01VT8;13.009;;;18-Mar-2026
101084;HDFC Gilt Fund - IDCW Plan;INF179K01772;INF179K01764;12.1524;;;18-Mar-2026

HSBC Mutual Fund
151014;HSBC Gilt Fund - Direct Growth;INF917K01FI7;;76.0074;;;18-Mar-2026
151015;HSBC Gilt Fund - Direct Quarterly IDCW;INF917K01FK3;INF917K01FJ5;12.1932;;;18-Mar-2026
151013;HSBC Gilt Fund - Regular Growth;INF917K01BP1;;65.7654;;;18-Mar-2026
151012;HSBC Gilt Fund - Regular Quarterly IDCW;INF917K01BN6;INF917K01BO4;10.4546;;;18-Mar-2026

ICICI Prudential Mutual Fund
120590;ICICI Prudential Gilt Fund - Direct Plan - Growth;INF109K018C5;;113.6831;;;18-Mar-2026
120589;ICICI Prudential Gilt Fund - Direct Plan - IDCW;INF109K016C9;INF109K017C7;18.1419;;;18-Mar-2026
100369;ICICI Prudential Gilt Fund - Growth;INF109K01JR4;;105.1259;;;18-Mar-2026
100368;ICICI Prudential Gilt Fund - IDCW;INF109K01JQ6;INF109K01JP8;17.2220;;;18-Mar-2026

Kotak Mahindra Mutual Fund
100281;Kotak Gilt-Investment  Provident Fund and Trust-Growth;INF174K01FL9;;97.1733;;;18-Mar-2026
119757;Kotak Gilt-Investment  Provident Fund and Trust-Growth - Direct;INF174K01KM7;;111.2044;;;18-Mar-2026
100280;Kotak Gilt-Investment  Provident Fund and Trust-Payout of Income Distribution cum capital withdrawal option;INF174K01FM7;;11.7054;;;18-Mar-2026
100265;Kotak Gilt-Investment Regular-Growth;INF174K01FI5;;94.982;;;18-Mar-2026
119759;Kotak Gilt-Investment Regular-Growth - Direct;INF174K01KE4;;108.5732;;;18-Mar-2026
100264;Kotak Gilt-Investment Regular-Payout of Income Distribution cum capital withdrawal option;INF174K01FK1;INF174K01FJ3;18.5597;;;18-Mar-2026
119758;Kotak Gilt-Investment Regular-Payout of Income Distribution cum capital withdrawal option - Direct;INF174K01KF1;;23.8917;;;18-Mar-2026

LIC Mutual Fund
120282;LIC MF Gilt Fund-Direct Plan-Growth;INF767K01EZ3;;65.2004;;;18-Mar-2026
120283;LIC MF Gilt Fund-Direct Plan-IDCW;INF767K01EY6;INF767K01FA3;18.7834;;;18-Mar-2026
100319;LIC MF Gilt Fund-PF Plan-Growth;INF767K01733;;34.0138;;;18-Mar-2026
100318;LIC MF Gilt Fund-PF Plan-IDCW;INF767K01717;INF767K01725;22.0104;;;18-Mar-2026
100317;LIC MF Gilt Fund-Regular Plan-Growth;INF767K01709;;58.8917;;;18-Mar-2026
100316;LIC MF Gilt Fund-Regular Plan-IDCW;INF767K01683;INF767K01691;16.9756;;;18-Mar-2026

UTI Mutual Fund
120792;UTI - GILT FUND - Direct Plan - Growth Option;INF789F01TL5;;66.7042;;;18-Mar-2026
102512;UTI - GILT FUND - Discontinued PF Plan - Growth Option;INF789F01PT6;;47.7888;;;18-Mar-2026
102514;UTI - GILT FUND - Discontinued PF Plan Prescribed Date Auto Redemption Option;INF789F01PU4;;47.8153;;;18-Mar-2026
102510;UTI - GILT FUND - Regular Plan - Growth Option;INF789F01661;;64.2726;;;18-Mar-2026
102511;UTI - GILT FUND -Discontinued PF Plan -Dividend Option;INF789F01PR0;INF789F01PS8;26.303;;;18-Mar-2026
120791;UTI Gilt Fund - Direct Plan - IDCW;INF789F01TJ9;INF789F01TK7;30.8698;;;18-Mar-2026
102509;UTI Gilt Fund - Regular Plan - IDCW;INF789F01646;INF789F01653;38.5312;;;18-Mar-2026

Open Ended Schemes ( Debt Scheme - Gilt Fund with 10 year constant duration )


Bandhan Mutual Fund
118387;Bandhan Gilt Fund with 10 year constant duration Fund - Direct Plan - Growth;INF194K01P38;;48.0134;;;18-Mar-2026
118390;Bandhan Gilt Fund with 10 year constant duration Fund - Direct Plan - Monthly IDCW;INF194K01P53;INF194K01P46;10.4348;;;18-Mar-2026
131390;Bandhan Gilt Fund with 10 year constant duration Fund - Direct Plan - Periodic IDCW;INF194KA1SL7;INF194KA1SM5;14.3022;;;18-Mar-2026
118388;Bandhan Gilt Fund with 10 year constant duration Fund - Direct Plan - Quarterly IDCW;INF194K01P87;INF194K01P79;11.9345;;;18-Mar-2026
118389;Bandhan Gilt Fund with 10 year constant duration Fund - Direct Plan - Weekly IDCW;;INF194K01Q03;17.8868;;;18-Mar-2026
108644;Bandhan Gilt Fund with 10 year constant duration Fund - Regular Plan - Monthly IDCW;INF194K01FC6;INF194K01FB8;10.3944;;;18-Mar-2026
131391;Bandhan Gilt Fund with 10 year constant duration Fund - Regular Plan - Periodic IDCW;INF194KA1SI3;INF194KA1SJ1;16.8786;;;18-Mar-2026
108753;Bandhan Gilt Fund with 10 year constant duration Fund - Regular Plan - Growth;INF194K01FA0;;47.1501;;;18-Mar-2026
111343;Bandhan Gilt Fund with 10 year constant duration Fund - Regular Plan - Weekly IDCW;INF194K01FI3;INF194K01FH5;10.2799;;;18-Mar-2026
108646;Bandhan Gilt Fund with 10 year constant duration Fund - Regular Plan - Quarterly IDCW;INF194K01FF9;INF194K01FE2;11.6304;;;18-Mar-2026

ICICI Prudential Mutual Fund
131061;ICICI Prudential Constant Maturity Gilt Fund - Direct Plan - Growth;INF109KA1O37;;26.0405;;;18-Mar-2026
131054;ICICI Prudential Constant Maturity Gilt Fund - Direct Plan - Quarterly IDCW;INF109KA1O52;INF109KA1O94;11.5926;;;18-Mar-2026
131051;ICICI Prudential Constant Maturity Gilt Fund - Growth;INF109KA1N46;;25.4455;;;18-Mar-2026
131057;ICICI Prudential Constant Maturity Gilt Fund - quarterly IDCW;INF109KA1N61;INF109KA1O03;11.3334;;;18-Mar-2026

UTI Mutual Fund
150423;UTI Gilt Fund with 10 year Constant Duration - Direct Plan - Annual IDCW Option;INF789F1AVW7;INF789F1AVX5;11.4346;;;18-Mar-2026
150424;UTI Gilt Fund with 10 year Constant Duration - Direct Plan - Flexi IDCW Option;INF789F1AVY3;INF789F1AVZ0;13.1159;;;18-Mar-2026
150410;UTI Gilt Fund with 10 year Constant Duration - Direct Plan - Growth Option;INF789F1AVR7;;13.1158;;;18-Mar-2026
150415;UTI Gilt Fund with 10 year Constant Duration - Direct Plan - Half Yearly IDCW Option;INF789F1AVU1;INF789F1AVV9;12.9864;;;18-Mar-2026
150412;UTI Gilt Fund with 10 year Constant Duration - Direct Plan - Quarterly IDCW Option;INF789F1AVS5;INF789F1AVT3;13.116;;;18-Mar-2026
150419;UTI Gilt Fund with 10 year Constant Duration - Regular Plan - Annual IDCW Option;INF789F1AVN6;INF789F1AVO4;11.2179;;;18-Mar-2026
150420;UTI Gilt Fund with 10 year Constant Duration - Regular Plan - Flexi IDCW Option;INF789F1AVP1;INF789F1AVQ9;12.8877;;;18-Mar-2026
150409;UTI Gilt Fund with 10 year Constant Duration - Regular Plan - Growth Option;INF789F1AVI6;;12.8882;;;18-Mar-2026
150416;UTI Gilt Fund with 10 year Constant Duration - Regular Plan - Half Yearly IDCW Option;INF789F1AVL0;INF789F1AVM8;12.8879;;;18-Mar-2026
150411;UTI Gilt Fund with 10 year Constant Duration - Regular Plan - Quarterly IDCW Option;INF789F1AVJ4;INF789F1AVK2;12.8882;;;18-Mar-2026

Open Ended Schemes ( Debt Scheme - Floater Fund )


Axis Mutual Fund
149055;Axis Floater Fund - Direct Plan - Annual IDCW;INF846K016A1;INF846K015A3;1339.9448;;;18-Mar-2026
149050;Axis Floater Fund - Direct Plan - Daily IDCW;;INF846K011B0;999.7476;;;18-Mar-2026
149049;Axis Floater Fund - Direct Plan - Growth;INF846K014A6;;1370.8770;;;18-Mar-2026
149051;Axis Floater Fund - Direct Plan - Monthly IDCW;INF846K018A7;INF846K017A9;1007.4546;;;18-Mar-2026
149052;Axis Floater Fund - Direct Plan - Quarterly IDCW;INF846K019A5;INF846K010B2;1298.9413;;;18-Mar-2026
149047;Axis Floater Fund - Regular Plan - Annual IDCW;INF846K014B4;INF846K013B6;1319.2815;;;18-Mar-2026
149054;Axis Floater Fund - Regular Plan - Daily IDCW;;INF846K019B3;1010.0968;;;18-Mar-2026
149048;Axis Floater Fund - Regular Plan - Growth;INF846K012B8;;1348.0424;;;18-Mar-2026
149053;Axis Floater Fund - Regular Plan - Monthly IDCW;INF846K016B9;INF846K015B1;1006.7321;;;18-Mar-2026
149046;Axis Floater Fund - Regular Plan - Quarterly IDCW;INF846K018B5;INF846K017B7;1278.6198;;;18-Mar-2026

Bandhan Mutual Fund
148714;BANDHAN FLOATER FUND  - DIRECT PLAN DAILY IDCW;;INF194KB1BB3;10.1312;;;18-Mar-2026
148711;BANDHAN FLOATER FUND  - DIRECT PLAN GROWTH;INF194KB1BA5;;13.7288;;;18-Mar-2026
148713;BANDHAN FLOATER FUND  - DIRECT PLAN MONTHLY IDCW;INF194KB1BD9;INF194KB1BE7;10.1398;;;18-Mar-2026
148715;BANDHAN FLOATER FUND  - DIRECT PLAN PERIODIC IDCW;INF194KB1BH0;INF194KB1BI8;13.4280;;;18-Mar-2026
148712;BANDHAN FLOATER FUND  - DIRECT PLAN QUARTERLY IDCW;INF194KB1BF4;INF194KB1BG2;10.4560;;;18-Mar-2026
148716;BANDHAN FLOATER FUND  - DIRECT PLAN WEEKLY IDCW;;INF194KB1BC1;10.1317;;;18-Mar-2026
148718;BANDHAN FLOATER FUND  - REGULAR PLAN ANNUAL IDCW;INF194KB1AY7;INF194KB1AZ4;10.7892;;;18-Mar-2026
148710;BANDHAN FLOATER FUND  - REGULAR PLAN DAILY IDCW;;INF194KB1AQ3;10.1300;;;18-Mar-2026
148705;BANDHAN FLOATER FUND  - REGULAR PLAN GROWTH;INF194KB1AP5;;13.3793;;;18-Mar-2026
148707;BANDHAN FLOATER FUND  - REGULAR PLAN MONTHLY IDCW;INF194KB1AS9;INF194KB1AT7;10.1362;;;18-Mar-2026
148709;BANDHAN FLOATER FUND  - REGULAR PLAN PERIODIC IDCW;INF194KB1AW1;INF194KB1AX9;13.3808;;;18-Mar-2026
148706;BANDHAN FLOATER FUND  - REGULAR PLAN QUARTERLY IDCW;INF194KB1AU5;INF194KB1AV3;10.4218;;;18-Mar-2026
148708;BANDHAN FLOATER FUND  - REGULAR PLAN WEEKLY IDCW;;INF194KB1AR1;10.1306;;;18-Mar-2026
148717;BANDHAN FLOATER FUND- DIRECT PLAN ANNUAL IDCW;INF194KB1BJ6;INF194KB1BK4;10.8615;;;18-Mar-2026

Franklin Templeton Mutual Fund
118508;Franklin India Floating Rate Fund - Direct - Growth;INF090I01LK1;;46.7743;;;18-Mar-2026
118507;Franklin India Floating Rate Fund - Direct - IDCW ;INF090I01LL9;;10.1250;;;18-Mar-2026
101048;Franklin India Floating Rate Fund - Growth Plan;INF090I01LM7;;42.6303;;;18-Mar-2026
101044;Franklin India Floating Rate Fund - IDCW ;INF090I01LN5;;10.2237;;;18-Mar-2026

HDFC Mutual Fund
106838;HDFC Floating Rate Debt Fund - Daily IDCW Option;;INF179K01699;10.0738;;;18-Mar-2026
118959;HDFC Floating Rate Debt Fund - Direct Plan - Daily IDCW;;INF179KC1IU6;10.0743;;;18-Mar-2026
118961;HDFC Floating Rate Debt Fund - Direct Plan - Growth Option;INF179K01VQ4;;53.269;;;18-Mar-2026
118960;HDFC Floating Rate Debt Fund - Direct Plan - Monthly IDCW;INF179K01VO9;INF179K01VP6;10.169;;;18-Mar-2026
118962;HDFC Floating Rate Debt Fund - Direct Plan - Weekly IDCW;INF179KC1IW2;;10.0443;;;18-Mar-2026
106841;HDFC Floating Rate Debt Fund - Growth Option;INF179K01707;;52.1338;;;18-Mar-2026
106839;HDFC Floating Rate Debt Fund - Monthly IDCW Option;INF179K01715;INF179K01723;10.1673;;;18-Mar-2026
106840;HDFC Floating Rate Debt Fund - Weekly IDCW Option;INF179K01731;INF179KC1IV4;10.0431;;;18-Mar-2026

ICICI Prudential Mutual Fund
101804;ICICI Prudential Floating Interest Fund - Daily IDCW;INF109K01AW3;;100.8450;;;18-Mar-2026
120423;ICICI Prudential Floating Interest Fund - Direct Plan - Daily IDCW;;INF109K01P24;100.4584;;;18-Mar-2026
120425;ICICI Prudential Floating Interest Fund - Direct Plan - Growth;INF109K01P57;;486.6358;;;18-Mar-2026
120426;ICICI Prudential Floating Interest Fund - Direct Plan - IDCW Others;INF109K01P65;INF109K01P32;208.0534;;;18-Mar-2026
120424;ICICI Prudential Floating Interest Fund - Direct Plan - Weekly IDCW;INF109K01P73;INF109K01P81;102.2799;;;18-Mar-2026
101802;ICICI Prudential Floating Interest Fund - Growth;INF109K01AX1;;443.6256;;;18-Mar-2026
115510;ICICI Prudential Floating Interest Fund - IDCW Others;INF109K01WQ9;INF109K01WP1;195.8281;;;18-Mar-2026
111545;ICICI Prudential Floating Interest Fund - Weekly IDCW;INF109K01EN4;INF109K01AY9;102.2765;;;18-Mar-2026

Kotak Mahindra Mutual Fund
147269;KOTAK FLOATING RATE FUND-DIRECT PLAN-GROWTH OPTION;INF174KA1EC0;;1620.3167;;;18-Mar-2026
147267;KOTAK FLOATING RATE FUND-DIRECT PLAN-Standard Reinvestment of Income Distribution cum capital withdrawal option;;INF174KA1EF3;1411.5479;;;18-Mar-2026
147266;KOTAK FLOATING RATE FUND-REGULAR PLAN-GROWTH OPTION;INF174KA1DY6;;1578.484;;;18-Mar-2026
147265;KOTAK FLOATING RATE FUND-REGULAR PLAN-STANDARD Reinvestment of Income Distribution cum capital withdrawal option;;INF174KA1EB2;1406.7681;;;18-Mar-2026

UTI Mutual Fund
145295;UTI - Floater Fund - Direct Plan - Growth Option;INF789F1ACX5;;1632.4031;;;18-Mar-2026
145287;UTI - Floater Fund - Regular Plan  - Growth Option;INF789F1ACO4;;1555.2183;;;18-Mar-2026
145293;UTI Floater Fund - Direct Plan - Annual IDCW;INF789F1ADA1;INF789F1ADB9;1494.333;;;18-Mar-2026
145291;UTI Floater Fund - Direct Plan - Flexi IDCW;INF789F1ADE3;INF789F1ADF0;1537.8479;;;18-Mar-2026
145296;UTI Floater Fund - Direct Plan - Half-Yearly IDCW;INF789F1ADC7;INF789F1ADD5;1487.9365;;;18-Mar-2026
145290;UTI Floater Fund - Direct Plan - Quarterly IDCW;INF789F1ACY3;INF789F1ACZ0;1395.0909;;;18-Mar-2026
145289;UTI Floater Fund - Regular Plan - Annual IDCW;INF789F1ACR7;INF789F1ACS5;1476.9769;;;18-Mar-2026
145292;UTI Floater Fund - Regular Plan - Flexi IDCW;INF789F1ACV9;INF789F1ACW7;1421.7445;;;18-Mar-2026
145288;UTI Floater Fund - Regular Plan - Half-Yearly IDCW;INF789F1ACT3;INF789F1ACU1;1373.4955;;;18-Mar-2026
145294;UTI Floater Fund - Regular Plan - Quarterly IDCW;INF789F1ACP1;INF789F1ACQ9;1264.7426;;;18-Mar-2026

Open Ended Schemes ( Hybrid Scheme - Conservative Hybrid Fund )


Axis Mutual Fund
120477;Axis Conservative Hybrid Fund - Direct Plan - Annual IDCW;INF846K01DY0;INF846K01DZ7;16.6854;;;18-Mar-2026
120480;Axis Conservative Hybrid Fund - Direct Plan - Growth Option;INF846K01EA8;;35.5186;;;18-Mar-2026
120478;Axis Conservative Hybrid Fund - Direct Plan - Half Yearly;INF846K01EB6;INF846K01EC4;13.5759;;;18-Mar-2026
120479;Axis Conservative Hybrid Fund - Direct Plan - Quarterly;INF846K01ED2;INF846K01EE0;12.9992;;;18-Mar-2026
112927;Axis Conservative Hybrid Fund - Regular Plan - Annual IDCW;INF846K01743;INF846K01750;14.0523;;;18-Mar-2026
112924;Axis Conservative Hybrid Fund - Regular Plan - Growth Option;INF846K01693;;30.1312;;;18-Mar-2026
112926;Axis Conservative Hybrid Fund - Regular Plan - Half Yearly IDCW;INF846K01727;INF846K01735;12.8521;;;18-Mar-2026
112925;Axis Conservative Hybrid Fund - Regular Plan - Quarterly IDCW;INF846K01701;INF846K01719;10.5728;;;18-Mar-2026

Bandhan Mutual Fund
112353;BANDHAN Conservative Hybrid Fund - Regular Plan - Growth;INF194K01RW9;;32.1047;;;18-Mar-2026
112352;BANDHAN Conservative Hybrid Fund - Regular Plan - IDCW;INF194K01RY5;INF194K01RX7;11.1556;;;18-Mar-2026
113361;BANDHAN Conservative Hybrid Fund - Regular Plan - Quarterly IDCW;INF194K01SB1;INF194K01SA3;13.6049;;;18-Mar-2026
118491;BANDHAN Conservative Hybrid Fund-Direct Plan-Growth;INF194K015B9;;36.1704;;;18-Mar-2026
118490;BANDHAN Conservative Hybrid Fund-Direct Plan-IDCW;INF194K017B5;INF194K016B7;13.1319;;;18-Mar-2026
118492;BANDHAN Conservative Hybrid Fund-Direct Plan-Quarterly IDCW;INF194K010C8;INF194K019B1;16.2891;;;18-Mar-2026

Baroda BNP Paribas Mutual Fund
150206;BARODA BNP PARIBAS Conservative Hybrid Fund - Direct Plan - Growth Option;INF251K01HR8;;55.3786;;;18-Mar-2026
150207;BARODA BNP PARIBAS Conservative Hybrid Fund - Direct Plan - Monthly IDCW Option;INF251K01HS6;INF251K01HT4;12.9960;;;18-Mar-2026
150208;BARODA BNP PARIBAS Conservative Hybrid Fund - Direct Plan - Quarterly IDCW Option;INF251K01HU2;INF251K01HV0;12.6983;;;18-Mar-2026
150203;BARODA BNP PARIBAS Conservative Hybrid Fund-Regular Plan-Growth Option;INF251K01845;;44.9834;;;18-Mar-2026
150204;BARODA BNP PARIBAS Conservative hybrid Fund-Regular Plan-Monthly IDCW Option;INF251K01852;INF251K01860;10.5905;;;18-Mar-2026
150205;BARODA BNP PARIBAS Conservative Hybrid Fund-Regular Plan-Quarterly IDCW Option;INF251K01878;INF251K01886;10.8354;;;18-Mar-2026

Franklin Templeton Mutual Fund
118574;Franklin India Conservative Hybrid Fund - Direct - GROWTH;INF090I01GF1;;100.0535;;;18-Mar-2026
100948;Franklin India Conservative Hybrid Fund - Growth;INF090I01EA7;;90.6416;;;18-Mar-2026
118575;Franklin India Conservative Hybrid Fund - Plan A - Direct - Monthly - IDCW;INF090I01GG9;INF090I01GH7;14.4374;;;18-Mar-2026
118576;Franklin India Conservative Hybrid Fund - Plan A - Direct - Quarterly - IDCW;INF090I01GI5;INF090I01GJ3;13.7008;;;18-Mar-2026
100949;Franklin India Conservative Hybrid Fund - Plan A - Monthly - IDCW;INF090I01EB5;INF090I01EC3;12.6628;;;18-Mar-2026
100950;Franklin India Conservative Hybrid Fund - Plan A - Quarterly - IDCW;INF090I01ED1;INF090I01EE9;11.8331;;;18-Mar-2026

HDFC Mutual Fund
119118;HDFC Hybrid Debt Fund - Growth Option - Direct Plan;INF179K01XE6;;88.2048;;;18-Mar-2026
102147;HDFC Hybrid Debt Fund - Growth Plan;INF179K01AE4;;82.5884;;;18-Mar-2026
102148;HDFC Hybrid Debt Fund - IDCW Monthly;INF179K01AA2;INF179K01AB0;13.6719;;;18-Mar-2026
119119;HDFC Hybrid Debt Fund - IDCW Monthly - Direct Plan;INF179K01XF3;INF179K01XG1;15.3561;;;18-Mar-2026
102149;HDFC Hybrid Debt Fund - IDCW Quarterly;INF179K01AC8;INF179K01AD6;14.5591;;;18-Mar-2026
119120;HDFC Hybrid Debt Fund - IDCW Quarterly - Direct Plan;INF179K01XH9;INF179K01XI7;16.3356;;;18-Mar-2026

HSBC Mutual Fund
120073;HSBC Conservative Hybrid Fund - Direct Growth;INF336L01DW4;;68.8736;;;18-Mar-2026
120074;HSBC Conservative Hybrid Fund - Direct Monthly IDCW;INF336L01DX2;INF336L01DY0;17.1128;;;18-Mar-2026
120075;HSBC Conservative Hybrid Fund - Direct Quarterly IDCW;INF336L01DZ7;INF336L01EA8;14.9388;;;18-Mar-2026
102262;HSBC Conservative Hybrid Fund - Regular Growth;INF336L01099;;61.1541;;;18-Mar-2026
102260;HSBC Conservative Hybrid Fund - Regular Monthly IDCW;INF336L01107;INF336L01115;12.7491;;;18-Mar-2026
102261;HSBC Conservative Hybrid Fund - Regular Quarterly IDCW;INF336L01123;INF336L01131;16.9289;;;18-Mar-2026

ICICI Prudential Mutual Fund
120616;ICICI Prudential Regular Savings Fund - Direct Plan - Growth;INF109K01S39;;85.0594;;;18-Mar-2026
120613;ICICI Prudential Regular Savings Fund - Direct Plan - Half Yearly IDCW;INF109K01S47;INF109K01S54;16.3626;;;18-Mar-2026
120615;ICICI Prudential Regular Savings Fund - Direct Plan - Monthly IDCW;INF109K01S62;INF109K01S70;16.0929;;;18-Mar-2026
120614;ICICI Prudential Regular Savings Fund - Direct Plan - Quarterly IDCW;INF109K01S88;INF109K01S96;14.6980;;;18-Mar-2026
102330;ICICI Prudential Regular Savings Fund - Plan - Growth;INF109K01902;;76.9263;;;18-Mar-2026
113098;ICICI Prudential Regular Savings Fund - Plan - Half Yearly IDCW;INF109K01IW6;INF109K01WX5;12.7734;;;18-Mar-2026
102331;ICICI Prudential Regular Savings Fund - Plan - Monthly IDCW;INF109K01ER5;INF109K01894;13.5801;;;18-Mar-2026
113097;ICICI Prudential Regular Savings Fund - Plan - Quarterly IDCW;INF109K01IX4;INF109K01WY3;11.9003;;;18-Mar-2026

Kotak Mahindra Mutual Fund
114859;Kotak Debt Hybrid - Growth;INF174K01393;;58.4812;;;18-Mar-2026
120154;Kotak Debt Hybrid - Growth - Direct;INF174K01JZ1;;68.0622;;;18-Mar-2026
114858;Kotak Debt Hybrid - Monthly Payout of Income Distribution cum capital withdrawal option;INF174K01419;INF174K01401;12.2791;;;18-Mar-2026
120155;Kotak Debt Hybrid - Monthly Payout of Income Distribution cum capital withdrawal option - Direct;INF174K01KA2;INF174K01KB0;13.4733;;;18-Mar-2026

LIC Mutual Fund
120276;LIC MF Conservative Hybrid Fund-Direct Plan-Growth;INF767K01EO7;;92.3806;;;18-Mar-2026
120277;LIC MF Conservative Hybrid Fund-Direct Plan-Monthly IDCW;INF767K01EP4;INF767K01ES8;13.2357;;;18-Mar-2026
120274;LIC MF Conservative Hybrid Fund-Direct Plan-Quarterly IDCW;INF767K01EQ2;INF767K01ET6;18.4189;;;18-Mar-2026
120275;LIC MF Conservative Hybrid Fund-Direct Plan-Yearly IDCW;INF767K01ER0;INF767K01EU4;14.829;;;18-Mar-2026
101869;LIC MF Conservative Hybrid Fund-Regular Plan-Growth;INF767K01808;;82.7792;;;18-Mar-2026
101866;LIC MF Conservative Hybrid Fund-Regular Plan-Monthly IDCW;INF767K01816;INF767K01824;12.8054;;;18-Mar-2026
101867;LIC MF Conservative Hybrid Fund-Regular Plan-Quarterly IDCW;INF767K01832;INF767K01840;14.5406;;;18-Mar-2026
101868;LIC MF Conservative Hybrid Fund-Regular Plan-Yearly IDCW;INF767K01857;INF767K01865;12.4272;;;18-Mar-2026

UTI Mutual Fund
102533;UTI Conservative Hybrd Fund - Regular Plan - Monthly Payment Option;INF789F01927;;69.2648;;;18-Mar-2026
120789;UTI Conservative Hybrid Fund - Direct Plan - Flexi IDCW;INF789F01UH1;INF789F01UI9;48.868;;;18-Mar-2026
120779;UTI Conservative Hybrid Fund - Direct Plan - Growth Option;INF789F01UJ7;;75.2264;;;18-Mar-2026
120778;UTI Conservative Hybrid Fund - Direct Plan - Monthly IDCW;INF789F01UK5;INF789F01UL3;19.1584;;;18-Mar-2026
120790;UTI Conservative Hybrid Fund - Direct Plan - Monthly Payment Option;INF789F01UM1;;74.0004;;;18-Mar-2026
102534;UTI Conservative Hybrid Fund - Regular Plan - Flexi IDCW;INF789F01877;INF789F01885;43.789;;;18-Mar-2026
102535;UTI Conservative Hybrid Fund - Regular Plan - Growth Option;INF789F01893;;69.2294;;;18-Mar-2026
102536;UTI Conservative Hybrid Fund - Regular Plan - Monthly IDCW;INF789F01901;INF789F01919;16.8879;;;18-Mar-2026

Open Ended Schemes ( Hybrid Scheme - Balanced Hybrid Fund )


WhiteOak Capital Mutual Fund
152132;WhiteOak Capital Balanced Hybrid Fund Direct Plan Growth;INF03VN01829;;13.056;;;18-Mar-2026
152133;WhiteOak Capital Balanced Hybrid Fund Regular Plan Growth;INF03VN01811;;12.596;;;18-Mar-2026

Open Ended Schemes ( Hybrid Scheme - Aggressive Hybrid Fund )


Axis Mutual Fund
144394;Axis Aggressive Hybrid Fund - Direct Plan - Growth Option;INF846K01E25;;21.91;;;18-Mar-2026
144397;Axis Aggressive Hybrid Fund - Direct Plan - Monthly IDCW;INF846K01E33;INF846K01E41;15.25;;;18-Mar-2026
144398;Axis Aggressive Hybrid Fund - Direct Plan - Quarterly IDCW;INF846K01E58;INF846K01E66;14.67;;;18-Mar-2026
144395;Axis Aggressive Hybrid Fund - Direct Plan - Regular IDCW;INF846K01E09;INF846K01E17;14.77;;;18-Mar-2026
144393;Axis Aggressive Hybrid Fund - Regular Plan - Growth Option;INF846K01E90;;19.84;;;18-Mar-2026
144399;Axis Aggressive Hybrid Fund - Regular Plan - Monthly IDCW;INF846K01F08;INF846K01F16;12.44;;;18-Mar-2026
144400;Axis Aggressive Hybrid Fund - Regular Plan - Quarterly IDCW;INF846K01F24;INF846K01F32;12.83;;;18-Mar-2026
144396;Axis Aggressive Hybrid Fund - Regular Plan - Regular IDCW;INF846K01E74;INF846K01E82;13.33;;;18-Mar-2026

Bandhan Mutual Fund
140382;Bandhan Aggressive Hybrid Fund-Direct Plan Growth;INF194KA1U56;;29.304;;;18-Mar-2026
140383;Bandhan Aggressive Hybrid Fund-Direct Plan IDCW;INF194KA1U64;INF194KA1U72;20.940;;;18-Mar-2026
140381;Bandhan Aggressive Hybrid Fund-Regular Plan Growth;INF194KA1U15;;25.699;;;18-Mar-2026
140384;Bandhan Aggressive Hybrid Fund-Regular Plan IDCW;INF194KA1U23;INF194KA1U31;18.385;;;18-Mar-2026

Bank of India Mutual Fund
139527;BANK OF INDIA MID & SMALL CAP EQUITY & DEBT FUND - DIRECT PLAN GROWTH;INF761K01DM6;;40.71;;;18-Mar-2026
139530;BANK OF INDIA MID & SMALL CAP EQUITY & DEBT FUND - DIRECT PLAN IDCW;INF761K01DN4;INF761K01DO2;32.73;;;18-Mar-2026
139529;BANK OF INDIA MID & SMALL CAP EQUITY & DEBT FUND - REGULAR  PLAN  GROWTH;INF761K01DP9;;37.02;;;18-Mar-2026
139528;BANK OF INDIA MID & SMALL CAP EQUITY & DEBT FUND - REGULAR  PLAN IDCW;INF761K01DQ7;INF761K01DR5;30.91;;;18-Mar-2026

Baroda BNP Paribas Mutual Fund
150259;Baroda BNP Paribas Aggressive Hybrid Fund -DIRECT PLAN- IDCW OPTION;INF251K01PB5;INF251K01PA7;17.7055;;;18-Mar-2026
150260;Baroda BNP Paribas Aggressive Hybrid Fund- DIRECT PLAN - GROWTH OPTION;INF251K01OZ7;;31.0345;;;18-Mar-2026
150261;Baroda BNP Paribas Aggressive Hybrid Fund- REGULAR PLAN- IDCW OPTION;INF251K01OY0;INF251K01OX2;15.3402;;;18-Mar-2026
150258;Baroda BNP Paribas Aggressive Hybrid Fund- REGULAT PLAN -GROWTH OPTION;INF251K01OW4;;26.8621;;;18-Mar-2026

Franklin Templeton Mutual Fund
118546;Franklin India Aggressive Hybrid Fund - Direct - Growth;INF090I01FZ1;;297.9715;;;18-Mar-2026
118547;Franklin India Aggressive Hybrid Fund - Direct - IDCW;INF090I01GA2;INF090I01GB0;33.2067;;;18-Mar-2026
100550;Franklin India Aggressive Hybrid Fund - Growth Plan;INF090I01817;;258.7527;;;18-Mar-2026
100549;Franklin India Aggressive Hybrid Fund - IDCW;INF090I01825;INF090I01833;27.7821;;;18-Mar-2026

Groww Mutual Fund
145599;Groww Aggressive Hybrid Fund (formerly known as Indiabulls Equity Hybrid Fund) - Direct Plan - Growth option;INF666M01FA3;;22.4486;;;18-Mar-2026
145605;Groww Aggressive Hybrid Fund (formerly known as Indiabulls Equity Hybrid Fund) - Regular Plan - Growth option;INF666M01FJ4;;19.9458;;;18-Mar-2026
145600;Groww Aggressive Hybrid Fund (formerly known as Indiabulls Equity Hybrid Fund)- Direct Plan- - Income Distribution cum capital withdrawal Option (Payout & Reinvestment);INF666M01FB1;INF666M01FC9;22.2578;;;18-Mar-2026
145602;Groww Aggressive Hybrid Fund (formerly known as Indiabulls Equity Hybrid Fund)- Direct Plan- Half Yearly - Income Distribution cum capital withdrawal Option (Payout & Reinvestment);INF666M01FH8;INF666M01FI6;21.5858;;;18-Mar-2026
145606;Groww Aggressive Hybrid Fund (formerly known as Indiabulls Equity Hybrid Fund)- Direct Plan- Monthly - Income Distribution cum capital withdrawal Option (Payout & Reinvestment);INF666M01FD7;INF666M01FE5;22.2225;;;18-Mar-2026
145601;Groww Aggressive Hybrid Fund (formerly known as Indiabulls Equity Hybrid Fund)- Direct Plan- Quarterly - Income Distribution cum capital withdrawal Option (Payout & Reinvestment);INF666M01FF2;INF666M01FG0;21.9939;;;18-Mar-2026
145603;Groww Aggressive Hybrid Fund (formerly known as Indiabulls Equity Hybrid Fund)- Regular Plan- - Income Distribution cum capital withdrawal Option (Payout & Reinvestment);INF666M01FK2;INF666M01FL0;19.9429;;;18-Mar-2026
145608;Groww Aggressive Hybrid Fund (formerly known as Indiabulls Equity Hybrid Fund)- Regular Plan- Half Yearly - Income Distribution cum capital withdrawal Option (Payout & Reinvestment);INF666M01FQ9;INF666M01FR7;19.8989;;;18-Mar-2026
145604;Groww Aggressive Hybrid Fund (formerly known as Indiabulls Equity Hybrid Fund)- Regular Plan- Monthly - Income Distribution cum capital withdrawal Option (Payout & Reinvestment.;INF666M01FM8;INF666M01FN6;19.9441;;;18-Mar-2026
145607;Groww Aggressive Hybrid Fund (formerly known as Indiabulls Equity Hybrid Fund)- Regular Plan- Quarterly - Income Distribution cum capital withdrawal Option (Payout & Reinvestment);INF666M01FO4;INF666M01FP1;21.1413;;;18-Mar-2026

HDFC Mutual Fund
119062;HDFC Hybrid Equity Fund - Growth Option - Direct Plan;INF179K01XZ1;;121.792;;;18-Mar-2026
102948;HDFC Hybrid Equity Fund - Growth Plan;INF179K01AS4;;111.853;;;18-Mar-2026
119061;HDFC Hybrid Equity Fund - IDCW Option - Direct Plan;INF179K01XX6;INF179K01XY4;17.81;;;18-Mar-2026
102947;HDFC Hybrid Equity Fund - IDCW Plan;INF179K01AQ8;INF179K01AR6;15.394;;;18-Mar-2026

HSBC Mutual Fund
151125;HSBC Aggressive Hybrid Fund - Direct Annual IDCW;INF917K01TY5;INF917K01TX7;17.7759;;;18-Mar-2026
151122;HSBC Aggressive Hybrid Fund - Direct Growth;INF917K01LE4;;61.6245;;;18-Mar-2026
151123;HSBC Aggressive Hybrid Fund - Direct IDCW;INF917K01E45;INF917K01LD6;31.5722;;;18-Mar-2026
151124;HSBC Aggressive Hybrid Fund - Regular Annual IDCW;INF917K01TW9;INF917K01TV1;15.728;;;18-Mar-2026
151120;HSBC Aggressive Hybrid Fund - Regular Growth;INF917K01LB0;;53.8659;;;18-Mar-2026
151121;HSBC Aggressive Hybrid Fund - Regular IDCW;INF917K01KZ1;INF917K01LA2;26.3236;;;18-Mar-2026

ICICI Prudential Mutual Fund
136113;ICICI Prudential Equity & Debt Fund - Annual IDCW;INF109KB1QK6;INF109KB1QJ8;24.93;;;18-Mar-2026
136114;ICICI Prudential Equity & Debt Fund - Direct Plan - Annual IDCW;INF109KB1QM2;INF109KB1QL4;27.89;;;18-Mar-2026
120251;ICICI Prudential Equity & Debt Fund - Direct Plan - Growth;INF109K01Y07;;436.27;;;18-Mar-2026
131453;ICICI Prudential Equity & Debt Fund - Direct Plan - Half Yearly IDCW;INF109KA1Y19;INF109KA1Y01;28.27;;;18-Mar-2026
120252;ICICI Prudential Equity & Debt Fund - Direct Plan - Monthly IDCW;INF109K01X81;INF109K01X99;68.82;;;18-Mar-2026
100356;ICICI Prudential Equity & Debt Fund - Growth;INF109K01480;;391.65;;;18-Mar-2026
131452;ICICI Prudential Equity & Debt Fund - Half Yearly IDCW;INF109KA1X93;INF109KA1X85;24.79;;;18-Mar-2026
100355;ICICI Prudential Equity & Debt Fund - Monthly IDCW;INF109K01DX5;INF109K01498;42.42;;;18-Mar-2026

JM Financial Mutual Fund
130904;JM Aggressive Hybrid Fund (Direct) - Annual Bonus Option;INF192K01HB8;;128.9361;;;18-Mar-2026
131477;JM Aggressive Hybrid Fund (Direct) - Annual IDCW;INF192K01HJ1;INF192K01HK9;43.4338;;;18-Mar-2026
120484;JM Aggressive Hybrid Fund (Direct) - Growth Option;INF192K01BQ9;;128.7253;;;18-Mar-2026
133402;JM Aggressive Hybrid Fund (Direct) - Half Yearly IDCW;INF192K01HH5;INF192K01HI3;92.6264;;;18-Mar-2026
120483;JM Aggressive Hybrid Fund (Direct) - IDCW;INF192K01BO4;INF192K01BP1;70.9691;;;18-Mar-2026
133412;JM Aggressive Hybrid Fund (Direct) - Monthly IDCW;INF192K01HN3;INF192K01HO1;92.5993;;;18-Mar-2026
133406;JM Aggressive Hybrid Fund (Direct) - Quarterly IDCW;INF192K01HR4;INF192K01HS2;32.5693;;;18-Mar-2026
131476;JM Aggressive Hybrid Fund (Regular) - Annual IDCW;INF192K01HF9;INF192K01HG7;30.9619;;;18-Mar-2026
133408;JM Aggressive Hybrid Fund (Regular) - Half Yearly IDCW;INF192K01HD4;INF192K01HE2;81.3764;;;18-Mar-2026
100220;JM Aggressive Hybrid Fund (Regular) - IDCW;INF192K01528;INF192K01536;31.1834;;;18-Mar-2026
133404;JM Aggressive Hybrid Fund (Regular) - Monthly IDCW;INF192K01HL7;INF192K01HM5;80.7293;;;18-Mar-2026
133405;JM Aggressive Hybrid Fund (Regular) - Quarterly IDCW;INF192K01HP8;INF192K01HQ6;28.8141;;;18-Mar-2026
100221;JM Aggressive Hybrid Fund (Regular) -Growth Option;INF192K01544;;111.4924;;;18-Mar-2026

Kotak Mahindra Mutual Fund
119767;Kotak Aggressive Hybrid Fund - Direct Plan - IDCW - Payout & Reinvestment of Income Distribution cum  capital withdrawal option;INF174K01LL7;INF174K01LM5;44.184;;;18-Mar-2026
133035;Kotak Aggressive Hybrid Fund - Direct Plan -Growth;INF174K01F00;;72.077;;;18-Mar-2026
100286;Kotak Aggressive Hybrid Fund - Regular Plan - IDCW - Payout & Reinvestment of Income Distribution cum capital withdrawal option;INF174K01450;INF174K01443;35.764;;;18-Mar-2026
133036;Kotak Aggressive Hybrid Fund - Regular Plan -Growth;INF174K01E92;;60.855;;;18-Mar-2026

LIC Mutual Fund
120261;LIC MF Aggressive Hybrid Fund-Direct Plan-Growth;INF767K01ED0;;214.1162;;;18-Mar-2026
120260;LIC MF Aggressive Hybrid Fund-Direct Plan-IDCW;INF767K01EC2;INF767K01EE8;20.8518;;;18-Mar-2026
100323;LIC MF Aggressive Hybrid Fund-Regular Plan-Growth;INF767K01030;;187.2504;;;18-Mar-2026
100321;LIC MF Aggressive Hybrid Fund-Regular Plan-IDCW;INF767K01022;INF767K01014;14.6401;;;18-Mar-2026

Mahindra Manulife Mutual Fund
147448;Mahindra Manulife Aggressive Hybrid Fund - Direct Plan - Monthly IDCW;INF174V01804;INF174V01796;21.0337;;;18-Mar-2026
147446;Mahindra Manulife Aggressive Hybrid Fund - Direct Plan -Growth;INF174V01788;;29.3846;;;18-Mar-2026
147447;Mahindra Manulife Aggressive Hybrid Fund - Regular Plan - Growth;INF174V01754;;26.1026;;;18-Mar-2026
147449;Mahindra Manulife Aggressive Hybrid Fund - Regular Plan - Monthly IDCW;INF174V01770;INF174V01762;18.1485;;;18-Mar-2026

Navi Mutual Fund
143163;Navi Aggressive Hybrid Fund - Direct Plan - Growth;INF959L01CX3;;22.7706;;;18-Mar-2026
143195;Navi Aggressive Hybrid Fund - Direct Plan Annual IDCW;INF959L01DG6;INF959L01DH4;22.6721;;;18-Mar-2026
143186;Navi Aggressive Hybrid Fund - Direct Plan Half Yearly IDCW;INF959L01DE1;INF959L01DF8;22.6469;;;18-Mar-2026
143192;Navi Aggressive Hybrid Fund - Direct Plan Monthly IDCW;INF959L01DA9;INF959L01DB7;22.6678;;;18-Mar-2026
143167;Navi Aggressive Hybrid Fund - Direct Plan Normal IDCW;INF959L01CY1;INF959L01CZ8;22.6689;;;18-Mar-2026
143185;Navi Aggressive Hybrid Fund - Direct Plan Quarterly IDCW;INF959L01DC5;INF959L01DD3;22.6531;;;18-Mar-2026
143162;Navi Aggressive Hybrid Fund - Regular Plan - Growth;INF959L01DI2;;19.7641;;;18-Mar-2026
143198;Navi Aggressive Hybrid Fund - Regular Plan Annual IDCW;INF959L01DR3;INF959L01DS1;19.7618;;;18-Mar-2026
143189;Navi Aggressive Hybrid Fund - Regular Plan Half Yearly IDCW;INF959L01DP7;INF959L01DQ5;19.7764;;;18-Mar-2026
143197;Navi Aggressive Hybrid Fund - Regular Plan Monthly IDCW;INF959L01DL6;INF959L01DM4;19.7636;;;18-Mar-2026
143166;Navi Aggressive Hybrid Fund - Regular Plan Normal IDCW;INF959L01DJ0;INF959L01DK8;19.7652;;;18-Mar-2026
143199;Navi Aggressive Hybrid Fund - Regular Plan Quarterly IDCW;INF959L01DN2;INF959L01DO0;19.7642;;;18-Mar-2026

Shriram Mutual Fund
125711;Shriram Aggressive Hybrid Fund- Direct Growth;INF680P01042;;35.3982;;;18-Mar-2026
125712;Shriram Aggressive Hybrid Fund- Direct- IDCW;INF680P01059;INF680P01067;27.8995;;;18-Mar-2026
125713;Shriram Aggressive Hybrid Fund- Regular Growth;INF680P01018;;30.5901;;;18-Mar-2026
125714;Shriram Aggressive Hybrid Fund- Regular-IDCW;INF680P01026;INF680P01034;24.4588;;;18-Mar-2026

UTI Mutual Fund
120673;UTI Aggressive Hybrid Fund - Direct Plan - IDCW;INF789F01SI3;INF789F01SJ1;44.7557;;;18-Mar-2026
100684;UTI Aggressive Hybrid Fund - Regular Plan - Growth;INF789F01323;;395.1881;;;18-Mar-2026
100685;UTI Aggressive Hybrid Fund - Regular Plan - IDCW;INF789F01307;INF789F01315;39.5917;;;18-Mar-2026
120674;UTI Aggressive Hybrid Fund -Direct Plan - Growth;INF789F01SK9;;426.8657;;;18-Mar-2026

Open Ended Schemes ( Hybrid Scheme - Dynamic Asset Allocation or Balanced Advantage )


Axis Mutual Fund
141642;Axis Balanced Advantage Fund - Direct Plan - Growth;INF846K01A29;;23.33;;;18-Mar-2026
141643;Axis Balanced Advantage Fund - Direct Plan - IDCW;INF846K01A37;INF846K01A45;13.60;;;18-Mar-2026
141644;Axis Balanced Advantage Fund - Regular Plan - Growth;INF846K01A52;;20.78;;;18-Mar-2026
141645;Axis Balanced Advantage Fund - Regular Plan - IDCW;INF846K01A60;INF846K01A78;12.51;;;18-Mar-2026

Bajaj Finserv Mutual Fund
152194;Bajaj Finserv Balanced Advantage Fund-Direct Plan-Growth;INF0QA701656;;11.439;;;18-Mar-2026
152195;Bajaj Finserv Balanced Advantage Fund-Direct Plan-IDCW;INF0QA701664;INF0QA701672;11.439;;;18-Mar-2026
152196;Bajaj Finserv Balanced Advantage Fund-Regular Plan-Growth;INF0QA701680;;11.048;;;18-Mar-2026
152197;Bajaj Finserv Balanced Advantage Fund-Regular Plan-IDCW;INF0QA701698;INF0QA701706;11.048;;;18-Mar-2026

Bandhan Mutual Fund
131355;BANDHAN Balanced Advantage Fund Direct Plan Growth;INF194KA1UH1;;27.779;;;18-Mar-2026
131356;BANDHAN Balanced Advantage Fund Direct Plan IDCW;INF194KA1UI9;INF194KA1UJ7;16.398;;;18-Mar-2026
131357;BANDHAN Balanced Advantage Fund Regular Plan Growth;INF194KA1UE8;;23.825;;;18-Mar-2026
131354;BANDHAN Balanced Advantage Fund Regular Plan IDCW;INF194KA1UF5;INF194KA1UG3;14.154;;;18-Mar-2026

Bank of India Mutual Fund
127852;BANK OF INDIA BALANCED ADVANTAGE FUND  DIRECT PLAN IDCW;INF761K01BM0;INF761K01BN8;16.6830;;;18-Mar-2026
127851;BANK OF INDIA BALANCED ADVANTAGE FUND  REGULAR PLAN IDCW;INF761K01BP3;INF761K01BQ1;17.7133;;;18-Mar-2026
127850;BANK OF INDIA BALANCED ADVANTAGE FUND DIRECT PLAN  GROWTH;INF761K01BO6;;27.6448;;;18-Mar-2026
127849;BANK OF INDIA BALANCED ADVANTAGE FUND REGULAR PLAN  GROWTH;INF761K01BR9;;25.3887;;;18-Mar-2026

Baroda BNP Paribas Mutual Fund
145396;Baroda BNP Paribas Balanced Advantage Fund-Direct Plan-Growth Option;INF955L01HF7;;26.5349;;;18-Mar-2026
145397;Baroda BNP Paribas Balanced Advantage Fund-Direct Plan-IDCW Option;INF955L01HG5;INF955L01HH3;17.3193;;;18-Mar-2026
145387;Baroda BNP Paribas Balanced Advantage Fund-Regular Plan -Growth Option;INF955L01HC4;;24.1027;;;18-Mar-2026
145389;Baroda BNP Paribas Balanced Advantage Fund-Regular Plan-IDCW Option;INF955L01HD2;INF955L01HE0;15.6865;;;18-Mar-2026

Franklin Templeton Mutual Fund
150480;Franklin India Balanced Advantage Fund- Growth;INF090I01WN2;;13.9763;;;18-Mar-2026
150481;Franklin India Balanced Advantage Fund- Growth- Direct;INF090I01WQ5;;14.8039;;;18-Mar-2026
150478;Franklin India Balanced Advantage Fund- IDCW;INF090I01WO0;INF090I01WP7;12.9986;;;18-Mar-2026
150479;Franklin India Balanced Advantage Fund- IDCW- Direct;INF090I01WR3;INF090I01WS1;13.2151;;;18-Mar-2026

HDFC Mutual Fund
100119;HDFC Balanced Advantage Fund - Growth Plan;INF179K01830;;506.526;;;18-Mar-2026
118968;HDFC Balanced Advantage Fund - Growth Plan - Direct Plan;INF179K01WA6;;549.631;;;18-Mar-2026
100120;HDFC Balanced Advantage Fund - IDCW Plan;INF179K01814;INF179K01822;36.362;;;18-Mar-2026
118969;HDFC Balanced Advantage Fund - IDCW Plan - Direct Plan;INF179K01VY8;INF179K01VZ5;42.944;;;18-Mar-2026

Helios Mutual Fund
152509;Helios Balanced Advantage Fund- Direct Plan- Growth Option;INF0R8701145;;11.40;;;18-Mar-2026
152511;Helios Balanced Advantage Fund- Direct Plan-IDCW Option;INF0R8701152;INF0R8701160;11.40;;;18-Mar-2026
152512;Helios Balanced Advantage Fund- Regular Plan- Growth Option;INF0R8701111;;11.05;;;18-Mar-2026
152510;Helios Balanced Advantage Fund- Regular Plan-IDCW Option;INF0R8701129;INF0R8701137;11.05;;;18-Mar-2026

HSBC Mutual Fund
151129;HSBC Balanced Advantage Fund - Direct Growth;INF917K01IN1;;49.5196;;;18-Mar-2026
151128;HSBC Balanced Advantage Fund - Direct IDCW;INF917K01IM3;INF917K01IL5;21.8049;;;18-Mar-2026
151127;HSBC Balanced Advantage Fund - Regular Growth;INF917K01KY4;;42.379;;;18-Mar-2026
151126;HSBC Balanced Advantage Fund - Regular IDCW;INF917K01KW8;INF917K01KX6;18.2123;;;18-Mar-2026

ICICI Prudential Mutual Fund
120377;ICICI Prudential Balanced Advantage Fund - Direct Plan -  Growth;INF109K012B0;;83.54;;;18-Mar-2026
120376;ICICI Prudential Balanced Advantage Fund - Direct Plan -  IDCW;INF109K010B4;INF109K011B2;28.36;;;18-Mar-2026
122236;ICICI Prudential Balanced Advantage Fund - Direct Plan - Monthly IDCW;INF109K016W7;INF109K015W9;26.29;;;18-Mar-2026
104685;ICICI Prudential Balanced Advantage Fund - Growth;INF109K01BH2;;74.60;;;18-Mar-2026
104686;ICICI Prudential Balanced Advantage Fund - IDCW;INF109K01EG8;INF109K01BG4;17.41;;;18-Mar-2026
122168;ICICI Prudential Balanced Advantage Fund - Monthly IDCW;INF109K018W3;INF109K017W5;21.86;;;18-Mar-2026

ITI Mutual Fund
147789;ITI Balanced Advantage Fund - Direct Plan - Growth Option;INF00XX01689;;15.7122;;;18-Mar-2026
147788;ITI Balanced Advantage Fund - Direct Plan - IDCW Option;INF00XX01697;INF00XX01705;13.4977;;;18-Mar-2026
147787;ITI Balanced Advantage Fund - Regular Plan - Growth Option;INF00XX01655;;13.9196;;;18-Mar-2026
147786;ITI Balanced Advantage Fund - Regular Plan - IDCW Option;INF00XX01663;INF00XX01671;11.7552;;;18-Mar-2026

Kotak Mahindra Mutual Fund
144335;Kotak Balanced Advantage Fund  - Direct Plan -Growth Option;INF174KA1210;;22.012;;;18-Mar-2026
144336;Kotak Balanced Advantage Fund - Regular Plan - Payout of Income Distribution cum capital withdrawal option Option;INF174KA1160;INF174KA1178;20.143;;;18-Mar-2026
144334;Kotak Balanced Advantage Fund -Direct Plan  -Payout of Income Distribution cum capital withdrawal option;INF174KA1194;INF174KA1202;22.012;;;18-Mar-2026
144333;Kotak Balanced Advantage Fund -Regular Plan - Growth Option;INF174KA1186;;20.142;;;18-Mar-2026

LIC Mutual Fund
149261;LIC MF Balanced Advantage Fund-Direct Plan-Growth;INF767K01QY0;;14.0349;;;18-Mar-2026
149260;LIC MF Balanced Advantage Fund-Direct Plan-IDCW;INF767K01QZ7;INF767K01RA8;12.556;;;18-Mar-2026
149259;LIC MF Balanced Advantage Fund-Regular Plan-Growth;INF767K01QV6;;13.0637;;;18-Mar-2026
149258;LIC MF Balanced Advantage Fund-Regular Plan-IDCW;INF767K01QW4;INF767K01QX2;11.8407;;;18-Mar-2026

Mahindra Manulife Mutual Fund
149406;Mahindra Manulife Balanced Advantage Fund - Direct Plan - Growth;INF174V01BE0;;15.0538;;;18-Mar-2026
149407;Mahindra Manulife Balanced Advantage Fund - Direct Plan - IDCW;INF174V01BF7;INF174V01BG5;12.0900;;;18-Mar-2026
149404;Mahindra Manulife Balanced Advantage Fund - Regular Plan - Growth;INF174V01BB6;;13.9764;;;18-Mar-2026
149405;Mahindra Manulife Balanced Advantage Fund - Regular Plan - IDCW;INF174V01BC4;INF174V01BD2;11.0681;;;18-Mar-2026

NJ Mutual Fund
149264;NJ Balanced Advantage Fund - Direct Plan - Growth Option;INF0J8L01040;;13.77;;;18-Mar-2026
149265;NJ Balanced Advantage Fund - Direct Plan - IDCW Payout Option;INF0J8L01032;;13.77;;;18-Mar-2026
149266;NJ Balanced Advantage Fund - Regular Plan - Growth Option;INF0J8L01024;;13.00;;;18-Mar-2026
149263;NJ Balanced Advantage Fund - Regular Plan - IDCW Payout Option;INF0J8L01016;;13.00;;;18-Mar-2026

Samco Mutual Fund
152188;Samco Dynamic Asset Allocation Fund - Direct Plan - Growth Option;INF0K1H01131;;10.29;;;18-Mar-2026
152186;Samco Dynamic Asset Allocation Fund - Direct Plan - IDCW Option;INF0K1H01149;INF0K1H01156;10.28;;;18-Mar-2026
152187;Samco Dynamic Asset Allocation Fund - Regular Plan - Growth Option;INF0K1H01099;;9.93;;;18-Mar-2026
152185;Samco Dynamic Asset Allocation Fund - Regular Plan - IDCW Option;INF0K1H01107;INF0K1H01115;9.93;;;18-Mar-2026

Shriram Mutual Fund
147406;Shriram Balanced Advantage Fund - Direct Growth;INF680P01208;;18.4024;;;18-Mar-2026
147403;Shriram Balanced Advantage Fund - Direct- IDCW;INF680P01216;INF680P01224;18.2517;;;18-Mar-2026
147405;Shriram Balanced Advantage Fund - Regular Growth;INF680P01174;;16.2471;;;18-Mar-2026
147404;Shriram Balanced Advantage Fund - Regular-IDCW;INF680P01182;INF680P01190;16.2694;;;18-Mar-2026

The Wealth Company Mutual Fund
154185;The Wealth Company Balanced Advantage Fund - Direct Growth;INF2F0001479;;9.7359;;;18-Mar-2026
154186;The Wealth Company Balanced Advantage Fund - Direct IDCW;INF2F0001487;INF2F0001495;9.7358;;;18-Mar-2026
154183;The Wealth Company Balanced Advantage Fund - Regular Growth;INF2F0001446;;9.7196;;;18-Mar-2026
154184;The Wealth Company Balanced Advantage Fund - Regular IDCW;INF2F0001453;INF2F0001461;9.7195;;;18-Mar-2026

Unifi Mutual Fund
153376;Unifi Dynamic Asset Allocation Fund - Direct Growth;INF1MIY01015;;10.8382;;;18-Mar-2026
153377;Unifi Dynamic Asset Allocation Fund - Regular Growth;INF1MIY01023;;10.7733;;;18-Mar-2026

UTI Mutual Fund
100646;UTI - Unit Linked Insurance Plan;;;40.3139;;;18-Mar-2026
120784;UTI - Unit Linked Insurance Plan- Direct;;;43.7884;;;18-Mar-2026
151885;UTI Balanced Advantage Fund - Direct Plan - Growth Option;INF789F1AYV3;;12.688;;;18-Mar-2026
151883;UTI Balanced Advantage Fund - Direct Plan - Payout of IDCW Option;INF789F1AYW1;;12.688;;;18-Mar-2026
151882;UTI Balanced Advantage Fund - Regular Plan - Growth Option;INF789F1AYT7;;12.2383;;;18-Mar-2026
151884;UTI Balanced Advantage Fund - Regular Plan - Payout of IDCW Option;INF789F1AYU5;;12.2384;;;18-Mar-2026

WhiteOak Capital Mutual Fund
151267;WhiteOak Capital Balanced Advantage Fund Direct Plan Growth;INF03VN01738;;14.561;;;18-Mar-2026
151268;WhiteOak Capital Balanced Advantage Fund Regular Plan Growth;INF03VN01720;;13.864;;;18-Mar-2026

Open Ended Schemes ( Hybrid Scheme - Multi Asset Allocation )


Bajaj Finserv Mutual Fund
152639;Bajaj Finserv Multi Asset Allocation Fund - Direct Growth;INF0QA701821;;12.3172;;;18-Mar-2026
152641;Bajaj Finserv Multi Asset Allocation Fund - Direct IDCW;INF0QA701839;INF0QA701847;12.3172;;;18-Mar-2026
152642;Bajaj Finserv Multi Asset Allocation Fund - Regular Growth;INF0QA701797;;11.9884;;;18-Mar-2026
152640;Bajaj Finserv Multi Asset Allocation Fund - Regular IDCW;INF0QA701805;INF0QA701813;11.9884;;;18-Mar-2026

Bank of India Mutual Fund
152396;Bank of India Multi Asset Allocation Fund-Direct Plan-Growth;INF761K01FZ3;;12.3740;;;18-Mar-2026
152399;Bank of India Multi Asset Allocation Fund-Direct Plan-IDCW;INF761K01GA4;INF761K01GB2;12.3706;;;18-Mar-2026
152398;Bank of India Multi Asset Allocation Fund-Regular Plan-Growth;INF761K01FW0;;12.1172;;;18-Mar-2026
152395;Bank of India Multi Asset Allocation Fund-Regular Plan-IDCW;INF761K01FX8;INF761K01FY6;12.1183;;;18-Mar-2026

Baroda BNP Paribas Mutual Fund
150865;Baroda BNP Paribas Multi Asset Fund - Direct Plan - Growth Option;INF251K01RF2;;16.3188;;;18-Mar-2026
150866;Baroda BNP Paribas Multi Asset Fund - Direct Plan - IDCW Option;INF251K01RG0;INF251K01RH8;15.8550;;;18-Mar-2026
150863;Baroda BNP Paribas Multi Asset Fund - Regular Plan - Growth Option;INF251K01RC9;;15.6013;;;18-Mar-2026
150864;Baroda BNP Paribas Multi Asset Fund - Regular Plan - IDCW Option;INF251K01RD7;INF251K01RE5;14.8967;;;18-Mar-2026

Edelweiss Mutual Fund
151792;Edelweiss Multi Asset Allocation Fund - Direct Plan - Growth;INF754K01RS8;;12.2745;;;18-Mar-2026
151793;Edelweiss Multi Asset Allocation Fund - Direct Plan - IDCW Option;INF754K01RT6;INF754K01RU4;12.2745;;;18-Mar-2026
151795;Edelweiss Multi Asset Allocation Fund - Regular Plan - Growth;INF754K01RO7;;12.1670;;;18-Mar-2026
151794;Edelweiss Multi Asset Allocation Fund - Regular Plan - IDCW Option;INF754K01RP4;INF754K01RQ2;12.1670;;;18-Mar-2026

Franklin Templeton Mutual Fund
153732;Franklin India Multi Asset Allocation Fund- Direct- IDCW;INF090I01YJ6;INF090I01YI8;10.7946;;;18-Mar-2026
153731;Franklin India Multi Asset Allocation Fund- Direct-Growth;INF090I01YH0;;10.7946;;;18-Mar-2026
153733;Franklin India Multi Asset Allocation Fund- Growth;INF090I01YM0;;10.6810;;;18-Mar-2026
153730;Franklin India Multi Asset Allocation Fund- IDCW;INF090I01YL2;INF090I01YK4;10.6810;;;18-Mar-2026

Groww Mutual Fund
153821;Groww Multi Asset Allocation Fund Direct Growth;INF666M01MA9;;10.0915;;;18-Mar-2026
153852;Groww Multi Asset Allocation Fund Direct IDCW;INF666M01MB7;INF666M01MC5;10.0887;;;18-Mar-2026
153851;Groww Multi Asset Allocation Fund Regular Growth;INF666M01MD3;;10.0058;;;18-Mar-2026
153850;Groww Multi Asset Allocation Fund Regular IDCW;INF666M01ME1;INF666M01MF8;10.0061;;;18-Mar-2026

HDFC Mutual Fund
103131;HDFC Multi-Asset Fund - Growth Option;INF179K01AP0;;73.82;;;18-Mar-2026
119131;HDFC Multi-Asset Fund - Growth Option - Direct Plan;INF179K01XW8;;82.963;;;18-Mar-2026
103130;HDFC Multi-Asset Fund - IDCW Option;INF179K01AN5;INF179K01AO3;16.8;;;18-Mar-2026
119130;HDFC Multi-Asset Fund - IDCW Option - Direct Plan;INF179K01XU2;INF179K01XV0;21.141;;;18-Mar-2026

HSBC Mutual Fund
152380;HSBC Multi Asset Allocation Fund - Direct - Growth;INF336L01RI3;;13.435;;;18-Mar-2026
152381;HSBC Multi Asset Allocation Fund - Direct - IDCW;INF336L01RJ1;INF336L01RK9;13.0953;;;18-Mar-2026
152378;HSBC Multi Asset Allocation Fund - Regular - Growth;INF336L01RF9;;13.0644;;;18-Mar-2026
152379;HSBC Multi Asset Allocation Fund - Regular - IDCW;INF336L01RG7;INF336L01RH5;11.9268;;;18-Mar-2026

Kotak Mahindra Mutual Fund
152064;Kotak Multi Asset Allocation Fund - Direct Plan - Growth Option;INF174KA1PD4;;15.96;;;18-Mar-2026
152063;Kotak Multi Asset Allocation Fund - Direct Plan - IDCW Option;INF174KA1PE2;INF174KA1PF9;15.646;;;18-Mar-2026
152065;Kotak Multi Asset Allocation Fund - Regular Plan - Growth Option;INF174KA1PA0;;15.424;;;18-Mar-2026
152066;Kotak Multi Asset Allocation Fund - Regular Plan - IDCW Option;INF174KA1PB8;INF174KA1PC6;15.121;;;18-Mar-2026

LIC Mutual Fund
153246;LIC MF Multi Asset Allocation Fund-Direct Plan-Growth;INF767K01RZ5;;11.847;;;18-Mar-2026
153247;LIC MF Multi Asset Allocation Fund-Direct Plan-IDCW;INF767K01RY8;INF767K01RX0;11.847;;;18-Mar-2026
153248;LIC MF Multi Asset Allocation Fund-Regular Plan-Growth;INF767K01RW2;;11.6413;;;18-Mar-2026
153249;LIC MF Multi Asset Allocation Fund-Regular Plan-IDCW;INF767K01RV4;INF767K01RU6;11.6413;;;18-Mar-2026

Mahindra Manulife Mutual Fund
152445;Mahindra Manulife Multi Asset Allocation Fund - Direct Plan - IDCW;INF174V01BX0;INF174V01BY8;12.8172;;;18-Mar-2026
152444;Mahindra Manulife Multi Asset allocation Fund - Regular Plan - IDCW;INF174V01BU6;INF174V01BV4;12.3828;;;18-Mar-2026
152443;Mahindra Manulife Multi Asset Allocation Fund- Direct Plan - Growth;INF174V01BW2;;13.6224;;;18-Mar-2026
152441;Mahindra Manulife Multi Asset Allocation Fund- Regular Plan - Growth;INF174V01BT8;;13.1827;;;18-Mar-2026

Quantum Mutual Fund
152474;Quantum Multi Asset Allocation Fund - Direct Plan Growth Option;INF082J01457;;12.23;;;18-Mar-2026
152475;Quantum Multi Asset Allocation Fund - Regular Plan Growth Option;INF082J01465;;11.84;;;18-Mar-2026

Samco Mutual Fund
153092;Samco Multi Asset Allocation Fund - Direct Plan - Growth;INF0K1H01230;;12.10;;;18-Mar-2026
153093;Samco Multi Asset Allocation Fund - Regular Plan - Growth;INF0K1H01248;;11.86;;;18-Mar-2026

Shriram Mutual Fund
152051;Shriram Multi Asset Allocation Fund - Direct Growth;INF680P01406;;13.4923;;;18-Mar-2026
152052;Shriram Multi Asset Allocation Fund - Regular Growth;INF680P01414;;12.8818;;;18-Mar-2026

The Wealth Company Mutual Fund
153999;The Wealth Company Multi Asset Allocation Fund - Direct Growth;INF2F0001347;;10.2665;;;18-Mar-2026
154000;The Wealth Company Multi Asset Allocation Fund - Direct IDCW;INF2F0001354;INF2F0001362;10.2657;;;18-Mar-2026
154002;The Wealth Company Multi Asset Allocation Fund - Regular Growth;INF2F0001313;;10.2209;;;18-Mar-2026
154001;The Wealth Company Multi Asset Allocation Fund - Regular IDCW;INF2F0001321;INF2F0001339;10.2134;;;18-Mar-2026

UTI Mutual Fund
120760;UTI Multi Asset Allocation Fund - Direct Plan - Growth Option;INF789F01VE6;;85.0949;;;18-Mar-2026
120761;UTI Multi Asset Allocation Fund - Direct Plan - IDCW;INF789F01VC0;INF789F01VD8;33.9017;;;18-Mar-2026
111599;UTI Multi Asset Allocation Fund - Regular Plan - Growth Option;INF789F01AP6;;76.181;;;18-Mar-2026
111602;UTI Multi Asset Allocation Fund - Regular Plan - IDCW;INF789F01AN1;INF789F01AO9;28.9971;;;18-Mar-2026

Open Ended Schemes ( Hybrid Scheme - Arbitrage Fund )


Axis Mutual Fund
130773;Axis Arbitrage Fund - Direct Plan - Growth;INF846K01PZ1;;21.2595;;;18-Mar-2026
130774;Axis Arbitrage Fund - Direct Plan - Monthly IDCW;INF846K01QA2;INF846K01QB0;12.3274;;;18-Mar-2026
130771;Axis Arbitrage Fund - Regular Plan - Growth;INF846K01QC8;;19.4771;;;18-Mar-2026
130776;Axis Arbitrage Fund - Regular Plan - Monthly IDCW;INF846K01QD6;INF846K01QE4;11.1834;;;18-Mar-2026

Bajaj Finserv Mutual Fund
152080;Bajaj Finserv Arbitrage Fund- Direct Plan-IDCW;INF0QA701532;INF0QA701540;11.897;;;18-Mar-2026
152078;Bajaj Finserv Arbitrage Fund- Regular Plan-Growth;INF0QA701490;;11.690;;;18-Mar-2026
152077;Bajaj Finserv Arbitrage Fund-Direct Plan-Growth;INF0QA701524;;11.897;;;18-Mar-2026
152079;Bajaj Finserv Arbitrage Fund-Regular Plan-IDCW;INF0QA701508;INF0QA701516;11.690;;;18-Mar-2026

Bandhan Mutual Fund
133680;BANDHAN Arbitrage Fund - Regular Plan - Annual IDCW;INF194KA1YD2;INF194KA1YE0;11.3427;;;18-Mar-2026
108845;BANDHAN Arbitrage Fund - Regular Plan - Growth;INF194K01649;;33.7570;;;18-Mar-2026
108847;BANDHAN Arbitrage Fund - Regular Plan - Monthly IDCW;INF194K01656;INF194K01664;10.5909;;;18-Mar-2026
118474;BANDHAN Arbitrage Fund-Direct Plan- Growth;INF194K01Y60;;36.7236;;;18-Mar-2026
133679;BANDHAN Arbitrage Fund-Direct Plan-Annual IDCW;INF194KA1YG5;INF194KA1YH3;13.1250;;;18-Mar-2026
118475;BANDHAN Arbitrage Fund-Direct Plan-Monthly IDCW;INF194K01Y78;INF194K01Y86;10.6331;;;18-Mar-2026

Bank of India Mutual Fund
143613;BANK OF INDIA Arbitrage Fund Direct Plan Annual IDCW;INF761K01EI2;INF761K01EJ0;13.5870;;;18-Mar-2026
143614;BANK OF INDIA Arbitrage Fund Direct Plan Growth;INF761K01ED3;;15.0314;;;18-Mar-2026
143615;BANK OF INDIA Arbitrage Fund Direct Plan Monthly IDCW;INF761K01EE1;INF761K01EF8;13.5451;;;18-Mar-2026
143616;BANK OF INDIA Arbitrage Fund Direct Plan Quarterly IDCW;INF761K01EG6;INF761K01EH4;14.2806;;;18-Mar-2026
143620;BANK OF INDIA Arbitrage Fund Regular Growth;INF761K01DW5;;14.3522;;;18-Mar-2026
143617;BANK OF INDIA Arbitrage Fund Regular Plan IDCW Annual IDCW;INF761K01EB7;INF761K01EC5;13.2622;;;18-Mar-2026
143618;BANK OF INDIA Arbitrage Fund Regular Plan IDCW Monthly IDCW;INF761K01DX3;INF761K01DY1;13.0070;;;18-Mar-2026
143619;BANK OF INDIA Arbitrage Fund Regular Plan IDCW Quarterly IDCW;INF761K01DZ8;INF761K01EA9;13.7313;;;18-Mar-2026

Baroda BNP Paribas Mutual Fund
150252;BARODA BNP PARIBAS ARBITRAGE FUND -DIRECT PLAN - ADHOC IDCW OPTION;INF251K01OV6;INF251K01OU8;12.1002;;;18-Mar-2026
150255;BARODA BNP PARIBAS ARBITRAGE FUND DIRECT PLAN MONTHLY IDCW Option;INF251K01PF6;INF251K01PE9;10.8318;;;18-Mar-2026
150256;BARODA BNP PARIBAS ARBITRAGE FUND DIRECT PLAN QUARTERLY IDCW Option;INF251K01PJ8;INF251K01PI0;10.9953;;;18-Mar-2026
150254;BARODA BNP PARIBAS ARBITRAGE FUND REGULAR PLAN MONTHLY IDCW Option;INF251K01PD1;INF251K01PC3;10.4663;;;18-Mar-2026
150257;BARODA BNP PARIBAS ARBITRAGE FUND REGULAR PLAN QUARTERLY IDCW Option;INF251K01PH2;INF251K01PG4;10.7589;;;18-Mar-2026
150250;BARODA BNP PARIBAS ARBITRAGE FUND- REGULAR PLAN- GROWTH OPTION;INF251K01ON3;;16.7080;;;18-Mar-2026
150251;BARODA BNP PARIBAS ARBITRAGE FUND-DIRECT PLAN-GROWTH OPTION;INF251K01OT0;;17.7495;;;18-Mar-2026
150253;BARODA BNP PARIBAS ARBITRAGE FUND-REGULAR PLAN- ADHOC IDCW OPTION;INF251K01OP8;INF251K01OO1;11.6329;;;18-Mar-2026

Franklin Templeton Mutual Fund
153043;Franklin India Arbitrage Fund - Direct - Growth;INF090I01XS9;;10.9627;;;18-Mar-2026
153041;Franklin India Arbitrage Fund - Direct - IDCW;INF090I01XU5;INF090I01XT7;10.9627;;;18-Mar-2026
153042;Franklin India Arbitrage Fund - Growth;INF090I01XP5;;10.8585;;;18-Mar-2026
153044;Franklin India Arbitrage Fund - IDCW;INF090I01XR1;INF090I01XQ3;10.8585;;;18-Mar-2026

HDFC Mutual Fund
118931;HDFC ARBITRAGE FUND - Growth Option - Direct Plan;INF179K01UU8;;33.457;;;18-Mar-2026
118930;HDFC ARBITRAGE FUND - Quarterly IDCW Option - Direct Plan;INF179K01UV6;INF179K01UW4;25.354;;;18-Mar-2026
106796;HDFC ARBITRAGE FUND - Retail Growth Option;INF179K01319;;30.967;;;18-Mar-2026
106799;HDFC ARBITRAGE FUND - Retail IDCW Option;;;23.078;;;18-Mar-2026
106797;HDFC ARBITRAGE FUND - Retail Quarterly IDCW Option;INF179K01327;;22.075;;;18-Mar-2026
106793;HDFC ARBITRAGE FUND - Wholesale Growth Option;INF179K01343;;31.942;;;18-Mar-2026
129052;HDFC ARBITRAGE FUND - Wholesale Growth Option - Direct Plan;INF179KA1KT6;;21.107;;;18-Mar-2026
106795;HDFC ARBITRAGE FUND - Wholesale IDCW Option;INF179KA1KM1;INF179KA1KL3;10.966;;;18-Mar-2026
129053;HDFC ARBITRAGE FUND - Wholesale IDCW Option - Direct Plan;INF179KA1KQ2;INF179KA1KP4;11.705;;;18-Mar-2026
129054;HDFC ARBITRAGE FUND - Wholesale Monthly IDCW - Direct Plan;INF179KA1KS8;INF179KA1KR0;11.309;;;18-Mar-2026
129051;HDFC ARBITRAGE FUND - Wholesale Monthly IDCW Option  ;INF179KA1KO7;INF179KA1KN9;11.43;;;18-Mar-2026

HSBC Mutual Fund
151138;HSBC Arbitrage Fund - Direct Growth;INF917K01QR5;;21.2678;;;18-Mar-2026
151135;HSBC Arbitrage Fund - Direct Monthly IDCW;INF917K01QT1;INF917K01QS3;10.3;;;18-Mar-2026
151136;HSBC Arbitrage Fund - Direct Quarterly IDCW;INF917K01QV7;INF917K01QU9;11.0657;;;18-Mar-2026
151134;HSBC Arbitrage Fund - Regular Growth;INF917K01QL8;;19.785;;;18-Mar-2026
151140;HSBC Arbitrage Fund - Regular Monthly IDCW;INF917K01QN4;INF917K01QM6;10.353;;;18-Mar-2026
151137;HSBC Arbitrage Fund - Regular Quarterly IDCW;INF917K01QP9;INF917K01QO2;10.8958;;;18-Mar-2026

ICICI Prudential Mutual Fund
120364;ICICI Prudential Equity Arbitrage Fund - Direct Plan - Growth;INF109K016O4;;38.5016;;;18-Mar-2026
120365;ICICI Prudential Equity Arbitrage Fund - Direct Plan - IDCW;INF109K017O2;INF109K015O6;17.6477;;;18-Mar-2026
104683;ICICI Prudential Equity Arbitrage Fund - Growth;INF109K01BF6;;35.7715;;;18-Mar-2026
104681;ICICI Prudential Equity Arbitrage Fund - IDCW;INF109K01EF0;INF109K01BE9;15.3131;;;18-Mar-2026

ITI Mutual Fund
147617;ITI Arbitrage Fund - Direct Plan - Growth Option;INF00XX01440;;14.1941;;;18-Mar-2026
147615;ITI Arbitrage Fund - Direct Plan - IDCW Option;INF00XX01457;INF00XX01465;14.1941;;;18-Mar-2026
147618;ITI Arbitrage Fund - Regular Plan - Growth Option;INF00XX01416;;13.5218;;;18-Mar-2026
147616;ITI Arbitrage Fund - Regular Plan - IDCW Option;INF00XX01424;INF00XX01432;13.5218;;;18-Mar-2026

Jio BlackRock Mutual Fund
154076;JioBlackRock Arbitrage Fund - Direct Plan - Growth Option;INF22M001101;;10.1926;;;18-Mar-2026

JM Financial Mutual Fund
133395;JM Arbitrage Fund (Direct) - Annual Bonus Option - Principal Units;INF192K01GX4;;18.6712;;;18-Mar-2026
135173;JM Arbitrage Fund (Direct) - Annual IDCW;INF192K01KY4;INF192K01KZ1;16.5419;;;18-Mar-2026
130604;JM Arbitrage Fund (Direct) - Bonus Option - Principal Units;INF192K01GL9;;19.4532;;;18-Mar-2026
120482;JM Arbitrage Fund (Direct) - Growth Option;INF192K01BN6;;36.3509;;;18-Mar-2026
135171;JM Arbitrage Fund (Direct) - Half Yearly IDCW;INF192K01KU2;INF192K01KV0;16.8129;;;18-Mar-2026
135172;JM Arbitrage Fund (Direct) - Monthly IDCW;INF192K01KM9;INF192K01KN7;14.6788;;;18-Mar-2026
135174;JM Arbitrage Fund (Direct) - Quarterly IDCW;INF192K01KQ0;INF192K01KR8;17.2734;;;18-Mar-2026
120481;JM Arbitrage Fund (Direct)- IDCW;INF192K01BL0;INF192K01BM8;17.1299;;;18-Mar-2026
135167;JM Arbitrage Fund (Regular) - Annual IDCW;INF192K01KW8;INF192K01KX6;14.9867;;;18-Mar-2026
130603;JM Arbitrage Fund (Regular) - Bonus Option - Principal Units;INF192K01GJ3;;18.4417;;;18-Mar-2026
103780;JM Arbitrage Fund (Regular) - Growth Option;INF192K01510;;33.922;;;18-Mar-2026
135170;JM Arbitrage Fund (Regular) - Half Yearly IDCW;INF192K01KS6;INF192K01KT4;15.0954;;;18-Mar-2026
103781;JM Arbitrage Fund (Regular) - IDCW ;INF192K01494;INF192K01502;15.7445;;;18-Mar-2026
135168;JM Arbitrage Fund (Regular) - Monthly IDCW;INF192K01KK3;INF192K01KL1;13.3368;;;18-Mar-2026
135169;JM Arbitrage Fund (Regular) - Quarterly IDCW;INF192K01KO5;INF192K01KP2;15.3192;;;18-Mar-2026

Kotak Mahindra Mutual Fund
119770;Kotak  Arbitrage Fund - Direct Plan - IDCW -Payout &  Reinvestment of Income Distribution cum capital withdrawal option;INF174K01LE2;INF174K01LD4;11.2494;;;18-Mar-2026
119771;Kotak Arbitrage Fund - Direct Plan - Growth;INF174K01LC6;;41.9299;;;18-Mar-2026
105968;Kotak Arbitrage Fund - Regular Plan - Growth;INF174K01302;;39.0692;;;18-Mar-2026
105967;Kotak Arbitrage Fund - Regular Plan - IDCW - Payout & Re-investment of Income Distribution cum capital withdrawal option;INF174K01328;INF174K01310;10.7614;;;18-Mar-2026

LIC Mutual Fund
145895;LIC MF Arbitrage Fund-Direct Plan-Growth;INF767K01PP0;;15.1109;;;18-Mar-2026
145894;LIC MF Arbitrage Fund-Direct Plan-Monthly IDCW;INF767K01PR6;INF767K01PS4;13.7381;;;18-Mar-2026
145891;LIC MF Arbitrage Fund-Direct Plan-Weekly IDCW;;INF767K01PQ8;14.1996;;;18-Mar-2026
145890;LIC MF Arbitrage Fund-Regular Plan-Growth;INF767K01PL9;;14.384;;;18-Mar-2026
145892;LIC MF Arbitrage Fund-Regular Plan-Monthly IDCW;INF767K01PN5;INF767K01PO3;14.0533;;;18-Mar-2026
145893;LIC MF Arbitrage Fund-Regular Plan-Weekly IDCW;;INF767K01PM7;13.9637;;;18-Mar-2026

Mahindra Manulife Mutual Fund
148470;Mahindra Manulife Arbitrage Fund - Direct Plan - IDCW;INF174V01AC6;INF174V01AB8;13.4106;;;18-Mar-2026
148468;Mahindra Manulife Arbitrage Fund - Direct Plan -Growth;INF174V01AA0;;13.4106;;;18-Mar-2026
148467;Mahindra Manulife Arbitrage Fund - Regular Plan - Growth;INF174V01978;;12.8146;;;18-Mar-2026
148469;Mahindra Manulife Arbitrage Fund - Regular Plan - IDCW;INF174V01994;INF174V01986;12.8146;;;18-Mar-2026

NJ Mutual Fund
150367;NJ Arbitrage Fund - Direct Plan - Growth Option;INF0J8L01065;;12.7784;;;18-Mar-2026
150366;NJ Arbitrage Fund - Regular Plan - Growth Option;INF0J8L01057;;12.4556;;;18-Mar-2026

Old Bridge Mutual Fund
153981;Old Bridge Arbitrage Fund - Direct - IDCW;INF0S5R01075;INF0S5R01083;10.2365;;;18-Mar-2026
153979;Old Bridge Arbitrage Fund Direct Growth;INF0S5R01125;;10.2365;;;18-Mar-2026
153977;Old Bridge Arbitrage Fund Regular Growth;INF0S5R01091;;10.2063;;;18-Mar-2026
153980;Old Bridge Arbitrage Fund Regular IDCW;INF0S5R01109;INF0S5R01117;10.2063;;;18-Mar-2026

Samco Mutual Fund
153090;Samco Arbitrage Fund - Direct Plan - Growth;INF0K1H01214;;10.72;;;18-Mar-2026
153091;Samco Arbitrage Fund - Regular Plan - Growth;INF0K1H01222;;10.57;;;18-Mar-2026

The Wealth Company Mutual Fund
153891;THE WEALTH COMPANY ARBITRAGE FUND DIRECT GROWTH;INF2F0001271;;10.2866;;;18-Mar-2026
153893;THE WEALTH COMPANY ARBITRAGE FUND DIRECT IDCW;INF2F0001263;INF2F0001255;10.2859;;;18-Mar-2026
153892;THE WEALTH COMPANY ARBITRAGE FUND REGULAR GROWTH;INF2F0001305;;10.2585;;;18-Mar-2026
153894;THE WEALTH COMPANY ARITRAGE FUND REGULAR IDCW;INF2F0001289;INF2F0001297;10.2584;;;18-Mar-2026

Trust Mutual Fund
153804;TRUSTMF ARBITRAGE FUND -DIRECT PLAN-GROWTH;INF0GCD01859;;10.3607;;;18-Mar-2026
153805;TRUSTMF ARBITRAGE FUND -REGULAR PLAN-GROWTH;INF0GCD01867;;10.3146;;;18-Mar-2026

UTI Mutual Fund
120795;UTI Arbitrage Fund - Direct Plan - Growth Option;INF789FB1RG6;;39.0386;;;18-Mar-2026
120796;UTI Arbitrage Fund - Direct Plan - IDCW;INF789FB1RE1;INF789FB1RF8;22.8359;;;18-Mar-2026
104075;UTI Arbitrage Fund - Regular Plan - Growth Option;INF789FB1RJ0;;36.5536;;;18-Mar-2026
104074;UTI Arbitrage Fund - Regular Plan - IDCW;INF789FB1RH4;INF789FB1RI2;20.6501;;;18-Mar-2026

WhiteOak Capital Mutual Fund
152849;WhiteOak Capital Arbitrage Fund Direct Plan Growth;INF03VN01910;;11.140;;;18-Mar-2026
152850;WhiteOak Capital Arbitrage Fund Regular Plan Growth;INF03VN01928;;11.014;;;18-Mar-2026

Open Ended Schemes ( Hybrid Scheme - Equity Savings )


Axis Mutual Fund
135120;Axis Equity Savings Fund - Direct Plan - Growth;INF846K01VJ3;;25.33;;;18-Mar-2026
135121;Axis Equity Savings Fund - Direct Plan - Monthly IDCW;INF846K01VK1;INF846K01VL9;13.30;;;18-Mar-2026
135124;Axis Equity Savings Fund - Direct Plan - Quarterly IDCW;INF846K01VM7;INF846K01VN5;13.76;;;18-Mar-2026
139520;Axis Equity Savings Fund - Direct Plan - Regular IDCW;INF846K01XP6;INF846K01XQ4;12.58;;;18-Mar-2026
135122;Axis Equity Savings Fund - Regular Plan - Growth;INF846K01VO3;;22.20;;;18-Mar-2026
135123;Axis Equity Savings Fund - Regular Plan - Monthly IDCW;INF846K01VP0;INF846K01VQ8;11.14;;;18-Mar-2026
135125;Axis Equity Savings Fund - Regular Plan - Quarterly IDCW;INF846K01VR6;INF846K01VS4;11.73;;;18-Mar-2026
139521;Axis Equity Savings Fund - Regular Plan - Regular IDCW;INF846K01XR2;INF846K01XS0;11.75;;;18-Mar-2026

Bajaj Finserv Mutual Fund
153770;BAJAJ FINSERV EQUITY SAVINGS FUND -  DIRECT - IDCW;INF0QA701BU7;INF0QA701BV5;10.236;;;18-Mar-2026
153758;BAJAJ FINSERV EQUITY SAVINGS FUND - DIRECT - GROWTH;INF0QA701BT9;;10.236;;;18-Mar-2026
153769;BAJAJ FINSERV EQUITY SAVINGS FUND - REGULAR - GROWTH;INF0QA701BQ5;;10.177;;;18-Mar-2026
153771;BAJAJ FINSERV EQUITY SAVINGS FUND - REGULAR - IDCW;INF0QA701BR3;INF0QA701BS1;10.177;;;18-Mar-2026

Bandhan Mutual Fund
108995;BANDHAN Equity Savings Fund - Regular Plan - Growth;INF194K01581;;31.611;;;18-Mar-2026
108992;BANDHAN Equity Savings Fund - Regular Plan - Monthly IDCW;INF194K01599;INF194K01607;10.857;;;18-Mar-2026
133682;BANDHAN Equity Savings Fund - Regular Plan -Annual IDCW;INF194KA1XX2;INF194KA1XY0;13.043;;;18-Mar-2026
143259;BANDHAN Equity Savings Fund- Regular Plan -Quarterly IDCW;INF194KA16J0;INF194KA17J8;12.776;;;18-Mar-2026
143258;BANDHAN Equity Savings Fund-Direct Plan -Quarterly IDCW;INF194KA19J4;INF194KA10K1;13.349;;;18-Mar-2026
133681;BANDHAN Equity Savings Fund-Direct Plan-Annual IDCW;INF194KA1YA8;INF194KA1YB6;14.475;;;18-Mar-2026
118477;BANDHAN Equity Savings Fund-Direct Plan-Growth;INF194K01Z02;;35.305;;;18-Mar-2026
118476;BANDHAN Equity Savings Fund-Direct Plan-Monthly IDCW;INF194K01Z10;INF194K01Z28;11.474;;;18-Mar-2026

Baroda BNP Paribas Mutual Fund
147496;Baroda BNP Paribas Equity Savings Fund - Direct Plan - Growth;INF955L01IL3;;17.9089;;;18-Mar-2026
147498;Baroda BNP Paribas Equity Savings Fund - Direct Plan - IDCW;;INF955L01IN9;14.3999;;;18-Mar-2026
147494;Baroda BNP Paribas Equity Savings Fund - Regular Plan - Growth;INF955L01II9;;16.6593;;;18-Mar-2026
147495;Baroda BNP Paribas Equity Savings Fund - Regular Plan - IDCW;;INF955L01IK5;13.3981;;;18-Mar-2026

Edelweiss Mutual Fund
140350;Edelweiss Equity Savings Fund - Direct Plan - Bonus Option;INF843K01KD6;;28.6090;;;18-Mar-2026
140347;Edelweiss Equity Savings Fund - Direct Plan - Growth Option;INF843K01KC8;;28.5975;;;18-Mar-2026
140348;Edelweiss Equity Savings Fund - Direct Plan - IDCW Option;INF843K01KE4;INF843K01KF1;20.7881;;;18-Mar-2026
141933;Edelweiss Equity Savings Fund - Direct Plan - Monthly - IDCW Option;INF754K01IN8;INF754K01IO6;16.1799;;;18-Mar-2026
140351;Edelweiss Equity Savings Fund - Regular Plan - Growth Option;INF843K01KG9;;25.7393;;;18-Mar-2026
140349;Edelweiss Equity Savings Fund - Regular Plan - IDCW Option;INF843K01KI5;INF843K01KJ3;17.7895;;;18-Mar-2026
141934;Edelweiss Equity Savings Fund - Regular Plan - Monthly - IDCW Option;INF754K01IP3;INF754K01IQ1;14.1118;;;18-Mar-2026

Franklin Templeton Mutual Fund
144462;Franklin India Equity Savings Fund - Direct - IDCW ;INF090I01PC9;INF090I01PB1;14.9509;;;18-Mar-2026
144465;Franklin India Equity Savings Fund - Direct - Monthly - IDCW;INF090I01PH8;INF090I01PG0;13.7934;;;18-Mar-2026
144467;Franklin India Equity Savings Fund - Direct - Quarterly - IDCW;INF090I01PL0;INF090I01PK2;13.8243;;;18-Mar-2026
144468;Franklin India Equity Savings Fund - IDCW ;INF090I01OZ3;INF090I01OY6;13.6621;;;18-Mar-2026
144464;Franklin India Equity Savings Fund - Monthly - IDCW;INF090I01PF2;INF090I01PE5;13.2389;;;18-Mar-2026
144463;Franklin India Equity Savings Fund - Quarterly - IDCW;INF090I01PJ4;INF090I01PI6;12.2389;;;18-Mar-2026
144461;Franklin India Equity Savings Fund- Growth;INF090I01PA3;;16.6693;;;18-Mar-2026
144466;Franklin India Equity Savings Fund- Growth Direct;INF090I01PD7;;18.3157;;;18-Mar-2026

HDFC Mutual Fund
119128;HDFC Equity Savings Fund - Growth Option - Direct Plan;INF179K01XT4;;74.748;;;18-Mar-2026
101585;HDFC Equity Savings Fund - GROWTH PLAN;INF179K01AM7;;66.354;;;18-Mar-2026
119129;HDFC Equity Savings Fund - IDCW Option - Direct Plan;INF179K01XR8;INF179K01XS6;15.154;;;18-Mar-2026
101586;HDFC Equity Savings Fund - IDCW PLAN;INF179K01AK1;INF179K01AL9;12.553;;;18-Mar-2026

HSBC Mutual Fund
151060;HSBC Equity Savings Fund - Direct Growth;INF917K01GE4;;38.2391;;;18-Mar-2026
151061;HSBC Equity Savings Fund - Direct Monthly IDCW;INF917K01E37;INF917K01GA2;16.9352;;;18-Mar-2026
151059;HSBC Equity Savings Fund - Direct Quarterly IDCW;INF917K01GD6;INF917K01GC8;17.7683;;;18-Mar-2026
151058;HSBC Equity Savings Fund - Regular Growth;INF917K01AA5;;34.2761;;;18-Mar-2026
151056;HSBC Equity Savings Fund - Regular Monthly IDCW;INF917K01965;INF917K01973;14.8877;;;18-Mar-2026
151057;HSBC Equity Savings Fund - Regular Quarterly IDCW;INF917K01981;INF917K01999;16.0015;;;18-Mar-2026

ICICI Prudential Mutual Fund
133051;ICICI Prudential Equity Savings Fund - Cumulative option;INF109KA14I5;;22.91;;;18-Mar-2026
133054;ICICI Prudential Equity Savings Fund - Direct Plan - Cumulative option;INF109KA11J9;;24.67;;;18-Mar-2026
133052;ICICI Prudential Equity Savings Fund - Direct Plan - Quarterly IDCW;INF109KA13J5;INF109KA16J8;15.60;;;18-Mar-2026
133053;ICICI Prudential Equity Savings Fund - Quarterly IDCW;INF109KA16I0;INF109KA19I4;13.13;;;18-Mar-2026

Kotak Mahindra Mutual Fund
131373;Kotak Equity Savings Fund - Direct - Growth;INF174K01D28;;29.3394;;;18-Mar-2026
131375;Kotak Equity Savings Fund - Direct - Monthly Payout of Income Distribution cum capital withdrawal option;INF174K01D36;INF174K01D51;21.0628;;;18-Mar-2026
131372;Kotak Equity Savings Fund - Regular - Growth;INF174K01C78;;26.52;;;18-Mar-2026
131374;Kotak Equity Savings Fund - Regular - Monthly Payout of Income Distribution cum capital withdrawal option;INF174K01C86;INF174K01D02;19.417;;;18-Mar-2026

LIC Mutual Fund
151952;LIC MF Equity Savings Fund-Direct Plan-Growth;INF397L01AZ5;;30.9251;;;18-Mar-2026
151953;LIC MF Equity Savings Fund-Direct Plan-Monthly IDCW;INF397L01BA6;INF397L01BB4;20.8878;;;18-Mar-2026
151954;LIC MF Equity Savings Fund-Direct Plan-Quarterly IDCW;INF397L01BD0;INF397L01BE8;17.2273;;;18-Mar-2026
151950;LIC MF Equity Savings Fund-Regular Plan-Growth;INF397L01315;;27.2031;;;18-Mar-2026
151949;LIC MF Equity Savings Fund-Regular Plan-Monthly IDCW;INF397L01257;INF397L01265;21.4323;;;18-Mar-2026
151951;LIC MF Equity Savings Fund-Regular Plan-Quarterly IDCW;INF397L01281;INF397L01299;20.2632;;;18-Mar-2026

Mahindra Manulife Mutual Fund
140444;Mahindra Manulife Equity Savings Fund - Direct Plan -Growth;INF174V01184;;24.5246;;;18-Mar-2026
140447;Mahindra Manulife Equity Savings Fund - Regular Plan - Growth;INF174V01150;;20.7870;;;18-Mar-2026
140442;Mahindra Manulife Equity Savings Fund -Direct Plan -Quarterly IDCW;INF174V01192;INF174V01200;17.0933;;;18-Mar-2026
140446;Mahindra Manulife Equity Savings Fund -Regular Plan -Quarterly IDCW;INF174V01168;INF174V01176;13.8070;;;18-Mar-2026

UTI Mutual Fund
144490;UTI Equity Savings Fund - Direct Plan - Growth Option;INF789F1A777;;19.9109;;;18-Mar-2026
144491;UTI Equity Savings Fund - Direct Plan - IDCW;INF789F1A769;INF789F1A751;19.9108;;;18-Mar-2026
144489;UTI Equity Savings Fund - Direct Plan - Monthly IDCW;INF789F1A819;INF789F1A801;19.9119;;;18-Mar-2026
144488;UTI Equity Savings Fund - Direct Plan - Quarterly IDCW;INF789F1A850;INF789F1A843;19.9108;;;18-Mar-2026
144484;UTI Equity Savings Fund - Regular Plan - Growth Option;INF789F1A744;;18.5924;;;18-Mar-2026
144485;UTI Equity Savings Fund - Regular Plan - IDCW;INF789F1A736;INF789F1A728;18.5924;;;18-Mar-2026
144486;UTI Equity Savings Fund - Regular Plan - Monthly IDCW;INF789F1A793;INF789F1A785;18.5925;;;18-Mar-2026
144487;UTI Equity Savings Fund - Regular Plan - Quarterly IDCW;INF789F1A835;INF789F1A827;18.5924;;;18-Mar-2026

WhiteOak Capital Mutual Fund
153355;WhiteOak Capital Equity Savings Fund Direct Plan Growth;INF03VN01AB7;;11.265;;;18-Mar-2026
153356;WhiteOak Capital Equity Savings Fund Regular Plan Growth;INF03VN01AC5;;11.095;;;18-Mar-2026

Open Ended Schemes ( Solution Oriented Scheme - Retirement Fund )


Axis Mutual Fund
147825;Axis Retirement Fund - Aggressive Plan - Direct Growth;INF846K01S86;;19.26;;;18-Mar-2026
147822;Axis Retirement Fund - Aggressive Plan - Direct Plan - IDCW;INF846K01S94;;19.21;;;18-Mar-2026
147823;Axis Retirement Fund - Aggressive Plan - Regular Growth;INF846K01T02;;17.53;;;18-Mar-2026
147824;Axis Retirement Fund - Aggressive Plan - Regular Plan - IDCW;INF846K01T10;;17.53;;;18-Mar-2026
147830;Axis Retirement Fund - Conservative Plan - Direct Growth;INF846K01T69;;17.3661;;;18-Mar-2026
147831;Axis Retirement Fund - Conservative Plan - Direct Plan - IDCW;INF846K01T77;;17.1764;;;18-Mar-2026
147832;Axis Retirement Fund - Conservative Plan - Regular Growth;INF846K01T85;;15.7862;;;18-Mar-2026
147833;Axis Retirement Fund - Conservative Plan - Regular Plan - IDCW;INF846K01T93;;15.7852;;;18-Mar-2026
147826;Axis Retirement Fund - Dynamic Plan - Direct Growth;INF846K01T28;;20.31;;;18-Mar-2026
147827;Axis Retirement Fund - Dynamic Plan - Direct Plan - IDCW;INF846K01T36;;20.09;;;18-Mar-2026
147828;Axis Retirement Fund - Dynamic Plan - Regular Growth;INF846K01T44;;18.40;;;18-Mar-2026
147829;Axis Retirement Fund - Dynamic Plan - Regular Plan - IDCW;INF846K01T51;;18.40;;;18-Mar-2026

Bandhan Mutual Fund
152102;Bandhan Retirement Fund - Direct Plan - Growth;INF194KB1GU2;;12.684;;;18-Mar-2026
152104;Bandhan Retirement Fund - Direct Plan - IDCW;INF194KB1GV0;INF194KB1GW8;12.676;;;18-Mar-2026
152103;Bandhan Retirement Fund - Regular Plan - Growth;INF194KB1GN7;;12.183;;;18-Mar-2026
152105;Bandhan Retirement Fund - Regular Plan - IDCW;INF194KB1GO5;INF194KB1GP2;12.184;;;18-Mar-2026

Baroda BNP Paribas Mutual Fund
152628;Baroda BNP Paribas Retirement Fund - Direct plan - Growth option;INF251K01TJ0;;11.1992;;;18-Mar-2026
152626;Baroda BNP Paribas Retirement Fund - Direct plan - IDCW option;INF251K01TK8;;11.1992;;;18-Mar-2026
152625;Baroda BNP Paribas Retirement Fund - Regular plan - Growth option;INF251K01TH4;;10.8606;;;18-Mar-2026
152627;Baroda BNP Paribas Retirement Fund - Regular plan - IDCW option;INF251K01TI2;;10.8606;;;18-Mar-2026

Franklin Templeton Mutual Fund
118548;Franklin India Retirement Fund - Direct - Growth;INF090I01JZ3;;236.2326;;;18-Mar-2026
118549;Franklin India Retirement Fund - Direct - IDCW;INF090I01KA4;INF090I01KB2;17.9711;;;18-Mar-2026
100536;Franklin India Retirement Fund - Growth;INF090I01510;;214.4404;;;18-Mar-2026
100535;Franklin India Retirement Fund - IDCW;INF090I01528;INF090I01536;16.2818;;;18-Mar-2026

HDFC Mutual Fund
136090;HDFC Retirement Savings Fund - Equity Plan - Growth Option;INF179KB1MG8;;47.435;;;18-Mar-2026
136094;HDFC Retirement Savings Fund - Equity Plan - Growth Option - Direct Plan;INF179KB1MF0;;54.091;;;18-Mar-2026
136466;HDFC Retirement Savings Fund - Hybrid-Debt Plan - Growth Option;INF179KB1MK0;;21.5609;;;18-Mar-2026
136465;HDFC Retirement Savings Fund - Hybrid-Debt Plan - Growth Option - Direct Plan;INF179KB1MJ2;;24.4967;;;18-Mar-2026
136463;HDFC Retirement Savings Fund - Hybrid-Equity Plan - Growth Option;INF179KB1MI4;;36.655;;;18-Mar-2026
136464;HDFC Retirement Savings Fund - Hybrid-Equity Plan - Growth Option - Direct Plan;INF179KB1MH6;;41.917;;;18-Mar-2026

ICICI Prudential Mutual Fund
146721;ICICI Prudential Retirement Fund - Hybrid Aggressive - Direct Plan - Growth Option;INF109KC1TW4;;28.90;;;18-Mar-2026
146720;ICICI Prudential Retirement Fund - Hybrid Aggressive - Direct Plan - IDCW Option;INF109KC1TX2;;28.90;;;18-Mar-2026
146722;ICICI Prudential Retirement Fund - Hybrid Aggressive - Growth Option;INF109KC1TU8;;25.92;;;18-Mar-2026
146723;ICICI Prudential Retirement Fund - Hybrid Aggressive - IDCW Option;INF109KC1TV6;;25.92;;;18-Mar-2026
146716;ICICI Prudential Retirement Fund - Hybrid Conservative - Direct Plan - Growth Option;INF109KC1UA8;;19.4994;;;18-Mar-2026
146718;ICICI Prudential Retirement Fund - Hybrid Conservative - Direct Plan - IDCW Option;INF109KC1UB6;;19.4990;;;18-Mar-2026
146717;ICICI Prudential Retirement Fund - Hybrid Conservative - Growth Option;INF109KC1TY0;;17.7597;;;18-Mar-2026
146719;ICICI Prudential Retirement Fund - Hybrid Conservative - IDCW Option;INF109KC1TZ7;;17.7596;;;18-Mar-2026
146727;ICICI Prudential Retirement Fund - Pure Debt - Direct Plan - Growth Option;INF109KC1UE0;;16.7943;;;18-Mar-2026
146725;ICICI Prudential Retirement Fund - Pure Debt - Direct Plan - IDCW Option;INF109KC1UF7;;16.7942;;;18-Mar-2026
146726;ICICI Prudential Retirement Fund - Pure Debt - Growth Option;INF109KC1UC4;;15.3781;;;18-Mar-2026
146724;ICICI Prudential Retirement Fund - Pure Debt - IDCW Option;INF109KC1UD2;;15.3783;;;18-Mar-2026
146349;ICICI Prudential Retirement Fund - Pure Equity - Direct Plan - Growth Option;INF109KC1TS2;;36.18;;;18-Mar-2026
146348;ICICI Prudential Retirement Fund - Pure Equity - Direct Plan - IDCW Option;INF109KC1TT0;;36.17;;;18-Mar-2026
146346;ICICI Prudential Retirement Fund - Pure Equity - Growth Option;INF109KC1TQ6;;32.53;;;18-Mar-2026
146347;ICICI Prudential Retirement Fund - Pure Equity - IDCW Option;INF109KC1TR4;;32.53;;;18-Mar-2026

UTI Mutual Fund
100682;UTI Retirement Fund - Regular Plan;;;49.4386;;;18-Mar-2026
120766;UTI Retirement Fund- Direct Plan;;;53.5545;;;18-Mar-2026

Open Ended Schemes ( Solution Oriented Scheme - Children’s Fund )


Axis Mutual Fund
135762;Axis Children's Fund - Lock in - Direct Growth;INF846K01WO1;;28.7206;;;18-Mar-2026
135765;Axis Children's Fund - Lock in - Direct Plan - IDCW;INF846K01WP8;;28.6963;;;18-Mar-2026
135759;Axis Children's Fund - Lock in - Regular Growth;INF846K01WJ1;;25.1245;;;18-Mar-2026
135760;Axis Children's Fund - Lock in - Regular Plan - IDCW;INF846K01WK9;;25.1382;;;18-Mar-2026
135764;Axis Children's Fund - No Lock in - Direct Growth;INF846K01WR4;;29.2699;;;18-Mar-2026
135763;Axis Children's Fund - No Lock in - Direct Plan - IDCW;INF846K01WS2;INF846K01WQ6;28.7558;;;18-Mar-2026
135766;Axis Children's Fund - No Lock in - Regular Plan - Growth;INF846K01WM5;;25.1214;;;18-Mar-2026
135761;Axis Children's Fund - No Lock in - Regular Plan - IDCW;INF846K01WN3;INF846K01WL7;25.1173;;;18-Mar-2026

Baroda BNP Paribas Mutual Fund
153171;Baroda BNP Paribas Children's Fund - Direct Plan - Growth Option;INF251K01UE9;;10.7010;;;18-Mar-2026
153170;Baroda BNP Paribas Children's Fund - Regular Plan - Growth Option;INF251K01UC3;;10.4473;;;18-Mar-2026
153169;Baroda BNP Paribas Children's Fund - Regular Plan - IDCW Option;INF251K01UD1;;10.4473;;;18-Mar-2026

HDFC Mutual Fund
119066;HDFC Childrens Fund - Direct Plan;INF179KC1IX0;;308.92;;;18-Mar-2026
100900;HDFC Childrens Fund - Growth Plan;INF179KC1IY8;;277.033;;;18-Mar-2026

ICICI Prudential Mutual Fund
120579;ICICI Prudential Children's Fund - Direct Plan;INF109K01Y49;;343.78;;;18-Mar-2026
101127;ICICI Prudential Children's Fund - Regular Plan;INF109K01605;;311.15;;;18-Mar-2026

LIC Mutual Fund
120285;LIC MF Children's Fund-Direct Plan-Growth;INF767K01FB1;;33.8187;;;18-Mar-2026
101271;LIC MF Children's Fund-Regular Plan-Growth;INF767K01048;;30.1737;;;18-Mar-2026

UTI Mutual Fund
120724;UTI Children's Equity Fund - Direct Plan - Growth Option;;;87.1949;;;18-Mar-2026
120725;UTI Children's Equity Fund - Direct Plan - IDCW;;;87.3455;;;18-Mar-2026
102267;UTI Children's Equity Fund - Regular Plan - Growth Option;;;77.9607;;;18-Mar-2026
102266;UTI Children's Equity Fund - Regular Plan - IDCW;;;77.9655;;;18-Mar-2026
120771;UTI Children's Hybrid Fund - Direct Plan;;;40.3268;;;18-Mar-2026
100678;UTI Children's Hybrid Fund - Regular Plan;;;39.3968;;;18-Mar-2026

Open Ended Schemes ( Other Scheme - Index Funds )


Angel One Mutual Fund
153529;ANGEL ONE NIFTY 50 INDEX FUND-DIRECT-GROWTH;INF1J2R01072;;9.7318;;;18-Mar-2026
153530;ANGEL ONE NIFTY 50 INDEX FUND-REGULAR-GROWTH;INF1J2R01080;;9.6917;;;18-Mar-2026
153330;ANGEL ONE NIFTY TOTAL MARKET INDEX FUND DIRECT PLAN GROWTH OPTION;INF1J2R01023;;11.0612;;;18-Mar-2026
153331;ANGEL ONE NIFTY TOTAL MARKET INDEX FUND REGULAR PLAN GROWTH OPTION;INF1J2R01031;;10.9743;;;18-Mar-2026
153956;ANGEL ONE NIFTY TOTAL MARKET MOMENTUM QUALITY 50 INDEX FUND - DIRECT GROWTH;INF1J2R01122;;9.351;;;18-Mar-2026
153955;ANGEL ONE NIFTY TOTAL MARKET MOMENTUM QUALITY 50 INDEX FUND - REGULAR GROWTH;INF1J2R01130;;9.3298;;;18-Mar-2026

Axis Mutual Fund
154171;Axis BSE India Sectors Leaders Index Fund- Direct Plan- Growth Option;INF846KA1424;;9.1148;;;18-Mar-2026
154170;Axis BSE India Sectors Leaders Index Fund- Regular Plan- Growth Option;INF846KA1416;;9.1072;;;18-Mar-2026
152422;Axis BSE Sensex Index Fund - Direct Plan - Growth;INF846K012V6;;10.7169;;;18-Mar-2026
152424;Axis BSE Sensex Index Fund - Direct Plan - IDCW;INF846K013V4;INF846K015V9;10.7169;;;18-Mar-2026
152421;Axis BSE Sensex Index Fund - Regular Plan - Growth;INF846K014V2;;10.5922;;;18-Mar-2026
152423;Axis BSE Sensex Index Fund - Regular Plan - IDCW;INF846K010V0;INF846K011V8;10.5922;;;18-Mar-2026
151300;Axis CRISIL IBX 50:50 Gilt Plus SDL June 2028 Index Fund - Direct Plan - Growth;INF846K010N7;;12.6557;;;18-Mar-2026
151299;Axis CRISIL IBX 50:50 Gilt Plus SDL June 2028 Index Fund - Direct Plan - IDCW;INF846K011N5;INF846K012N3;12.6594;;;18-Mar-2026
151297;Axis CRISIL IBX 50:50 Gilt Plus SDL June 2028 Index Fund - Regular Plan - Growth;INF846K013N1;;12.5804;;;18-Mar-2026
151298;Axis CRISIL IBX 50:50 Gilt Plus SDL June 2028 Index Fund - Regular Plan - IDCW;INF846K014N9;INF846K015N6;12.5805;;;18-Mar-2026
151436;AXIS CRISIL IBX 50:50 Gilt Plus SDL September 2027 Index Fund- DIRECT PLAN- IDCW;INF846K013O9;INF846K014O7;12.6161;;;18-Mar-2026
151435;AXIS CRISIL IBX 50:50 Gilt Plus SDL September 2027 Index Fund- DIRECT PLAN-GROWTH;INF846K012O1;;12.6163;;;18-Mar-2026
151433;AXIS CRISIL IBX 50:50 Gilt Plus SDL September 2027 Index Fund- REGULAR PLAN-GROWTH;INF846K015O4;;12.5372;;;18-Mar-2026
151434;AXIS CRISIL IBX 50:50 Gilt Plus SDL September 2027 Index Fund- REGULAR PLAN-IDCW;INF846K016O2;INF846K017O0;12.5370;;;18-Mar-2026
149873;Axis CRISIL IBX SDL May 2027 Index Fund - Direct Plan - Growth;INF846K017G6;;12.8799;;;18-Mar-2026
149874;Axis CRISIL IBX SDL May 2027 Index Fund - Direct Plan - IDCW;INF846K018G4;INF846K019G2;12.8795;;;18-Mar-2026
149872;Axis CRISIL IBX SDL May 2027 Index Fund - Regular Plan - Growth;INF846K010H9;;12.8063;;;18-Mar-2026
149875;Axis CRISIL IBX SDL May 2027 Index Fund - Regular Plan - IDCW;INF846K011H7;INF846K012H5;12.8064;;;18-Mar-2026
153051;Axis CRISIL-IBX AAA Bond Financial Services - Sep 2027 Index Fund - Direct Plan - Growth Option;INF846K015Y3;;11.0230;;;18-Mar-2026
153052;Axis CRISIL-IBX AAA Bond Financial Services - Sep 2027 Index Fund - Direct Plan - IDCW Option;INF846K017Y9;INF846K019Y5;11.0230;;;18-Mar-2026
153050;Axis CRISIL-IBX AAA Bond Financial Services - Sep 2027 Index Fund - Regular Plan - Growth Option;INF846K014Y6;;11.0085;;;18-Mar-2026
153053;Axis CRISIL-IBX AAA Bond Financial Services - Sep 2027 Index Fund - Regular Plan - IDCW Option;INF846K016Y1;INF846K018Y7;11.0085;;;18-Mar-2026
152887;Axis CRISIL-IBX AAA Bond NBFC - Jun 2027 Index Fund - Direct Plan - Growth Option;INF846K017X1;;11.1929;;;18-Mar-2026
152888;Axis CRISIL-IBX AAA Bond NBFC - Jun 2027 Index Fund - Direct Plan - IDCW Option;INF846K019X7;INF846K011Y2;11.1928;;;18-Mar-2026
152886;Axis CRISIL-IBX AAA Bond NBFC - Jun 2027 Index Fund - Regular Plan - Growth Option;INF846K016X3;;11.1390;;;18-Mar-2026
152885;Axis CRISIL-IBX AAA Bond NBFC - Jun 2027 Index Fund - Regular Plan - IDCW Option;INF846K018X9;INF846K010Y4;11.1390;;;18-Mar-2026
153172;Axis CRISIL-IBX AAA Bond NBFC-HFC - Jun 2027 Index Fund - Direct Plan - Growth option;INF846KA1028;;10.9778;;;18-Mar-2026
153173;Axis CRISIL-IBX AAA Bond NBFC-HFC - Jun 2027 Index Fund - Direct Plan - IDCW option;INF846K018Z4;INF846KA1010;10.9864;;;18-Mar-2026
153174;Axis CRISIL-IBX AAA Bond NBFC-HFC - Jun 2027 Index Fund - Regular Plan - Growth option;INF846K016Z8;;10.9572;;;18-Mar-2026
153175;Axis CRISIL-IBX AAA Bond NBFC-HFC - Jun 2027 Index Fund - Regular Plan - IDCW option;INF846K017Z6;INF846K019Z2;10.9572;;;18-Mar-2026
153879;Axis CRISIL-IBX Financial Services 3-6 Months Debt Index Fund - Direct Plan - Growth option;INF846KA1226;;10.2843;;;18-Mar-2026
153882;Axis CRISIL-IBX Financial Services 3-6 Months Debt Index Fund - Direct Plan - IDCW option;INF846KA1242;INF846KA1267;10.2843;;;18-Mar-2026
153880;Axis CRISIL-IBX Financial Services 3-6 Months Debt Index Fund - Regular Plan - Growth option;INF846KA1218;;10.2772;;;18-Mar-2026
153881;Axis CRISIL-IBX Financial Services 3-6 Months Debt Index Fund - Regular Plan - IDCW option;INF846KA1234;INF846KA1259;10.2768;;;18-Mar-2026
147666;Axis Nifty 100 Index Fund - Direct Plan - Growth Option;INF846K01S29;;21.7919;;;18-Mar-2026
147668;Axis Nifty 100 Index Fund - Direct Plan - IDCW;INF846K01S37;INF846K01S45;20.7030;;;18-Mar-2026
147665;Axis Nifty 100 Index Fund - Regular Plan - Growth Option;INF846K01S52;;20.7452;;;18-Mar-2026
147667;Axis Nifty 100 Index Fund - Regular Plan - IDCW;INF846K01S60;INF846K01S78;19.6765;;;18-Mar-2026
149373;Axis Nifty 50 Index Fund - Direct Plan - Growth;INF846K013D2;;14.3649;;;18-Mar-2026
149374;Axis Nifty 50 Index Fund - Direct Plan - IDCW;INF846K014D0;INF846K015D7;13.6248;;;18-Mar-2026
149371;Axis Nifty 50 Index Fund - Regular Plan - Growth Option;INF846K016D5;;14.1874;;;18-Mar-2026
149372;Axis Nifty 50 Index Fund - Regular Plan - IDCW;INF846K017D3;INF846K018D1;13.4574;;;18-Mar-2026
152731;Axis Nifty 500 Index Fund - Direct Plan - Growth Option;INF846K019W9;;9.6034;;;18-Mar-2026
152730;Axis Nifty 500 Index Fund - Regular Plan - Growth Option;INF846K018W1;;9.4591;;;18-Mar-2026
152629;Axis Nifty Bank Index Fund - Direct Plan - Growth Option;INF846K015W7;;11.3874;;;18-Mar-2026
152631;Axis Nifty Bank Index Fund - Direct Plan - IDCW Option;INF846K016W5;INF846K017W3;11.3873;;;18-Mar-2026
152632;Axis Nifty Bank Index Fund - Regular Plan - Growth Option;INF846K012W4;;11.2124;;;18-Mar-2026
152630;Axis Nifty Bank Index Fund - Regular Plan - IDCW Option;INF846K013W2;INF846K014W0;11.2124;;;18-Mar-2026
151785;Axis Nifty IT Index Fund - Direct Plan - Growth;INF846K017R3;;10.3282;;;18-Mar-2026
151786;Axis Nifty IT Index Fund - Direct Plan - IDCW;INF846K018R1;INF846K019R9;10.3282;;;18-Mar-2026
151787;Axis Nifty IT Index Fund - Regular Plan - Growth;INF846K010S6;;10.1410;;;18-Mar-2026
151784;Axis Nifty IT Index Fund - Regular Plan - IDCW;INF846K011S4;INF846K012S2;10.1410;;;18-Mar-2026
149936;Axis Nifty Midcap 50 Index Fund - Direct Plan - Growth Option;INF846K019H0;;19.4358;;;18-Mar-2026
149935;Axis Nifty Midcap 50 Index Fund - Direct Plan - IDCW Option;INF846K010I7;INF846K011I5;19.4351;;;18-Mar-2026
149938;Axis Nifty Midcap 50 Index Fund - Regular Plan - Growth Option;INF846K012I3;;18.8712;;;18-Mar-2026
149937;Axis Nifty Midcap 50 Index Fund - Regular Plan - IDCW Option;INF846K013I1;INF846K014I9;18.8711;;;18-Mar-2026
149466;Axis Nifty Next 50 Index Fund - Direct Plan - Growth;INF846K019E7;;16.2435;;;18-Mar-2026
149469;Axis Nifty Next 50 Index Fund - Direct Plan - IDCW;INF846K010F3;INF846K011F1;15.4133;;;18-Mar-2026
149467;Axis Nifty Next 50 Index Fund - Regular Plan - Growth;INF846K012F9;;15.7971;;;18-Mar-2026
149468;Axis Nifty Next 50 Index Fund - Regular Plan - IDCW;INF846K013F7;INF846K014F5;14.9871;;;18-Mar-2026
150854;Axis Nifty SDL September 2026 Debt Index Fund - Direct Plan - Growth;INF846K018K6;;12.6867;;;18-Mar-2026
150852;Axis Nifty SDL September 2026 Debt Index Fund - Direct Plan - IDCW;INF846K019K4;INF846K010L1;12.6868;;;18-Mar-2026
150853;Axis Nifty SDL September 2026 Debt Index Fund - Regular Plan -  IDCW;INF846K012L7;INF846K013L5;12.6320;;;18-Mar-2026
150851;Axis Nifty SDL September 2026 Debt Index Fund - Regular Plan - Growth;INF846K011L9;;12.6320;;;18-Mar-2026
149894;Axis Nifty Smallcap 50 Index Fund - Direct Plan - Growth Option;INF846K013H3;;16.8878;;;18-Mar-2026
149895;Axis Nifty Smallcap 50 Index Fund - Direct Plan - IDCW;INF846K014H1;INF846K015H8;16.8877;;;18-Mar-2026
149896;Axis Nifty Smallcap 50 Index Fund - Regular Plan - Growth Option;INF846K016H6;;16.3962;;;18-Mar-2026
149897;Axis Nifty Smallcap 50 Index Fund - Regular Plan - IDCW;INF846K017H4;INF846K018H2;16.3962;;;18-Mar-2026
153244;Axis Nifty500 Momentum 50 Index Fund - Direct Plan - Growth Option;INF846KA1044;;10.2082;;;18-Mar-2026
153245;Axis Nifty500 Momentum 50 Index Fund - Regular Plan - Growth Option;INF846KA1036;;10.1089;;;18-Mar-2026
153829;Axis Nifty500 Quality 50 Index Fund - Direct Plan - Growth Option;INF846KA1200;;9.2206;;;18-Mar-2026
153830;Axis Nifty500 Quality 50 Index Fund - Regular Plan - Growth Option;INF846KA1192;;9.1775;;;18-Mar-2026
152949;Axis Nifty500 Value 50 Index Fund - Direct Plan - Growth Option;INF846K013Y8;;11.1786;;;18-Mar-2026
152950;Axis Nifty500 Value 50 Index Fund - Regular Plan - Growth Option;INF846K012Y0;;11.0418;;;18-Mar-2026

Bajaj Finserv Mutual Fund
153506;Bajaj Finserv Nifty 50 Index Fund - Direct - Growth;INF0QA701BA9;;9.6219;;;18-Mar-2026
153505;Bajaj Finserv Nifty 50 Index Fund - Direct - IDCW;INF0QA701BB7;INF0QA701BC5;9.6219;;;18-Mar-2026
153508;Bajaj Finserv Nifty 50 Index Fund - Regular - Growth;INF0QA701AY1;;9.5692;;;18-Mar-2026
153507;Bajaj Finserv Nifty 50 Index Fund - Regular - IDCW;INF0QA701BJ0;INF0QA701AZ8;9.5692;;;18-Mar-2026
153479;Bajaj Finserv Nifty Next 50 Index Fund - Direct - Growth;INF0QA701BG6;;10.4408;;;18-Mar-2026
153478;Bajaj Finserv Nifty Next 50 Index Fund - Direct - IDCW;INF0QA701BH4;INF0QA701BI2;10.4408;;;18-Mar-2026
153480;Bajaj Finserv Nifty Next 50 Index Fund - Regular - Growth;INF0QA701BD3;;10.3832;;;18-Mar-2026
153481;Bajaj Finserv Nifty Next 50 Index Fund - Regular - IDCW;INF0QA701BE1;INF0QA701BF8;10.3832;;;18-Mar-2026

Bandhan Mutual Fund
152844;Bandhan BSE Healthcare Index Fund Direct Plan - Growth;INF194KB1IS2;;9.8491;;;18-Mar-2026
152843;Bandhan BSE Healthcare Index Fund Regular Plan - Growth;INF194KB1IR4;;9.7291;;;18-Mar-2026
153838;Bandhan BSE India Sector Leaders Index Fund - Direct Plan - Growth;INF194KB1KB4;;9.1949;;;18-Mar-2026
153839;Bandhan BSE India Sector Leaders Index Fund - Regular Plan - Growth;INF194KB1KA6;;9.1616;;;18-Mar-2026
150871;BANDHAN CRISIL IBX 90:10 SDL PLUS GILT APRIL 2032 INDEX FUND - DIRECT GROWTH;INF194KB1EN2;;12.9303;;;18-Mar-2026
150872;BANDHAN CRISIL IBX 90:10 SDL PLUS GILT APRIL 2032 INDEX FUND - DIRECT IDCW;INF194KB1EO0;INF194KB1EP7;10.9140;;;18-Mar-2026
150873;BANDHAN CRISIL IBX 90:10 SDL PLUS GILT APRIL 2032 INDEX FUND - REGULAR GROWTH;INF194KB1EQ5;;12.8565;;;18-Mar-2026
150874;BANDHAN CRISIL IBX 90:10 SDL PLUS GILT APRIL 2032 INDEX FUND - REGULAR IDCW;INF194KB1ER3;INF194KB1ES1;10.8446;;;18-Mar-2026
150868;BANDHAN CRISIL IBX 90:10 SDL PLUS GILT - NOV 2026 INDEX FUND - DIRECT GROWTH;INF194KB1ET9;;12.7293;;;18-Mar-2026
150867;BANDHAN CRISIL IBX 90:10 SDL PLUS GILT - NOV 2026 INDEX FUND - DIRECT IDCW;INF194KB1EU7;INF194KB1EV5;10.6368;;;18-Mar-2026
150869;BANDHAN CRISIL IBX 90:10 SDL PLUS GILT - NOV 2026 INDEX FUND - REGULAR GROWTH;INF194KB1EW3;;12.6233;;;18-Mar-2026
150870;BANDHAN CRISIL IBX 90:10 SDL PLUS GILT - NOV 2026 INDEX FUND - REGULAR IDCW;INF194KB1EX1;INF194KB1EY9;10.4871;;;18-Mar-2026
150888;BANDHAN CRISIL IBX 90:10 SDL PLUS GILT - SEP27 INDEX FUND - DIRECT GROWTH;INF194KB1EZ6;;12.8096;;;18-Mar-2026
150889;BANDHAN CRISIL IBX 90:10 SDL PLUS GILT SEP27 INDEX FUND - DIRECT IDCW;INF194KB1FA6;INF194KB1FB4;10.5666;;;18-Mar-2026
150890;BANDHAN CRISIL IBX 90:10 SDL PLUS GILT SEP27 INDEX FUND - REGULAR GROWTH;INF194KB1FC2;;12.7039;;;18-Mar-2026
150891;BANDHAN CRISIL IBX 90:10 SDL PLUS GILT SEP27 INDEX FUND - REGULAR IDCW;INF194KB1FD0;INF194KB1FE8;10.5533;;;18-Mar-2026
150746;BANDHAN CRISIL IBX GILT APRIL 2026 INDEX FUND - DIRECT PLAN - GROWTH;INF194KB1EH4;;12.6887;;;18-Mar-2026
150747;BANDHAN CRISIL IBX GILT APRIL 2026 INDEX FUND - DIRECT PLAN - IDCW;INF194KB1EI2;INF194KB1EJ0;10.6550;;;18-Mar-2026
150744;BANDHAN CRISIL IBX GILT APRIL 2026 INDEX FUND - REGULAR PLAN - GROWTH;INF194KB1EK8;;12.5807;;;18-Mar-2026
150745;BANDHAN CRISIL IBX GILT APRIL 2026 INDEX FUND - REGULAR PLAN - IDCW;INF194KB1EL6;INF194KB1EM4;10.5531;;;18-Mar-2026
148792;BANDHAN CRISIL IBX Gilt April 2028 Index Fund Direct Plan-Growth;INF194KB1BV1;;13.6518;;;18-Mar-2026
148791;BANDHAN CRISIL IBX Gilt April 2028 Index Fund Direct Plan-IDCW;INF194KB1BW9;INF194KB1BX7;10.4331;;;18-Mar-2026
148790;BANDHAN CRISIL IBX Gilt April 2028 Index Fund Regular Plan-Growth;INF194KB1BS7;;13.4825;;;18-Mar-2026
148793;BANDHAN CRISIL IBX Gilt April 2028 Index Fund Regular Plan-IDCW;INF194KB1BT5;INF194KB1BU3;10.4274;;;18-Mar-2026
151408;BANDHAN CRISIL IBX GILT APRIL 2032 INDEX FUND - DIRECT GROWTH;INF194KB1FF5;;12.8022;;;18-Mar-2026
151411;BANDHAN CRISIL IBX GILT APRIL 2032 INDEX FUND - DIRECT IDCW;INF194KB1FG3;INF194KB1FH1;11.1392;;;18-Mar-2026
151409;BANDHAN CRISIL IBX GILT APRIL 2032 INDEX FUND - REGULAR GROWTH;INF194KB1FI9;;12.7025;;;18-Mar-2026
151410;BANDHAN CRISIL IBX GILT APRIL 2032 INDEX FUND - REGULAR IDCW;INF194KB1FJ7;INF194KB1FK5;10.9594;;;18-Mar-2026
148789;BANDHAN CRISIL IBX Gilt June 2027 Index Fund Direct Plan-Growth;INF194KB1BP3;;13.5684;;;18-Mar-2026
148788;BANDHAN CRISIL IBX Gilt June 2027 Index Fund Direct Plan-IDCW;INF194KB1BQ1;INF194KB1BR9;10.4180;;;18-Mar-2026
148786;BANDHAN CRISIL IBX Gilt June 2027 Index Fund Regular Plan-Growth;INF194KB1BL2;;13.4002;;;18-Mar-2026
148787;BANDHAN CRISIL IBX Gilt June 2027 Index Fund Regular Plan-IDCW;INF194KB1BM0;INF194KB1BO6;10.4045;;;18-Mar-2026
153389;Bandhan CRISIL-IBX 10:90 Gilt Plus SDL Index - Dec 2029 Fund-Direct Plan-Growth;INF194KB1JL5;;10.7681;;;18-Mar-2026
153390;Bandhan CRISIL-IBX 10:90 Gilt Plus SDL Index - Dec 2029 Fund-Direct Plan-IDCW;INF194KB1JM3;INF194KB1JN1;10.7681;;;18-Mar-2026
153391;Bandhan CRISIL-IBX 10:90 Gilt Plus SDL Index - Dec 2029 Fund-Regular Plan-Growth;INF194KB1JO9;;10.7378;;;18-Mar-2026
153392;Bandhan CRISIL-IBX 10:90 Gilt Plus SDL Index - Dec 2029 Fund-Regular Plan-IDCW;INF194KB1JP6;INF194KB1JQ4;10.7378;;;18-Mar-2026
153407;Bandhan CRISIL-IBX Financial Services 3-6 Months Debt Index Fund - Direct Plan - Growth;INF194KB1JR2;;10.6961;;;18-Mar-2026
153408;Bandhan CRISIL-IBX Financial Services 3-6 Months Debt Index Fund - Regular Plan - Growth;INF194KB1JS0;;10.6336;;;18-Mar-2026
149832;BANDHAN NIFTY 100 INDEX FUND - DIRECT PLAN - GROWTH;INF194KB1CR7;;14.5941;;;18-Mar-2026
149835;BANDHAN NIFTY 100 INDEX FUND - DIRECT PLAN - IDCW;INF194KB1CS5;INF194KB1CT3;14.5910;;;18-Mar-2026
149833;BANDHAN NIFTY 100 INDEX FUND - REGULAR PLAN - GROWTH;INF194KB1CO4;;14.3043;;;18-Mar-2026
149834;BANDHAN NIFTY 100 INDEX FUND - REGULAR PLAN - IDCW;INF194KB1CP1;INF194KB1CQ9;14.3066;;;18-Mar-2026
153114;Bandhan Nifty 200 Quality 30 Index Fund - Direct Plan - Growth;INF194KB1JA8;;9.0986;;;18-Mar-2026
153113;Bandhan Nifty 200 Quality 30 Index Fund - Regular Plan - Growth;INF194KB1IZ7;;9.0229;;;18-Mar-2026
112877;BANDHAN Nifty 50 Index Fund - Regular Plan - Growth;INF194K01920;;51.2012;;;18-Mar-2026
112878;BANDHAN Nifty 50 Index Fund - Regular Plan - IDCW;INF194K01938;INF194K01946;46.4712;;;18-Mar-2026
118482;BANDHAN Nifty 50 Index Fund-Direct Plan-Growth;INF194K012A8;;52.8935;;;18-Mar-2026
118483;BANDHAN Nifty 50 Index Fund-Direct Plan-IDCW;INF194K013A6;INF194K014A4;48.0743;;;18-Mar-2026
153003;Bandhan Nifty 500 Momentum 50 Index Fund Direct Plan-Growth;INF194KB1IY0;;8.2728;;;18-Mar-2026
153002;Bandhan Nifty 500 Momentum 50 Index Fund Regular Plan-Growth;INF194KB1IX2;;8.1987;;;18-Mar-2026
152990;Bandhan Nifty 500 Value 50 Index Fund Direct Plan - Growth;INF194KB1IW4;;11.0796;;;18-Mar-2026
152991;Bandhan Nifty 500 Value 50 Index Fund Regular Plan - Growth;INF194KB1IV6;;10.9802;;;18-Mar-2026
152177;Bandhan Nifty Alpha 50 Index Fund - Direct Plan - Growth;INF194KB1HA2;;12.7081;;;18-Mar-2026
152178;Bandhan Nifty Alpha 50 Index Fund - Direct Plan - IDCW;INF194KB1HB0;INF194KB1HC8;12.7005;;;18-Mar-2026
152179;Bandhan Nifty Alpha 50 Index Fund - Regular Plan - Growth;INF194KB1GX6;;12.5073;;;18-Mar-2026
152180;Bandhan Nifty Alpha 50 Index Fund - Regular Plan - IDCW;INF194KB1GY4;INF194KB1GZ1;12.5071;;;18-Mar-2026
153213;Bandhan Nifty Alpha Low Volatility 30 Index Fund - Direct Plan - Growth;INF194KB1JC4;;9.7301;;;18-Mar-2026
153212;Bandhan Nifty Alpha Low Volatility 30 Index Fund - Regular Plan - Growth;INF194KB1JB6;;9.6465;;;18-Mar-2026
152793;Bandhan Nifty Bank Index Fund - Direct Plan - Growth;INF194KB1IO1;;10.8330;;;18-Mar-2026
152792;Bandhan Nifty Bank Index Fund - Regular Plan - Growth;INF194KB1IN3;;10.6987;;;18-Mar-2026
152041;Bandhan Nifty IT Index Fund - Direct Plan - Growth;INF194KB1GK3;;10.0112;;;18-Mar-2026
152042;Bandhan Nifty IT Index Fund - Direct Plan - IDCW;INF194KB1GL1;INF194KB1GM9;10.0144;;;18-Mar-2026
152043;Bandhan Nifty IT Index Fund - Regular Plan - Growth;INF194KB1GH9;;9.8473;;;18-Mar-2026
152044;Bandhan Nifty IT Index Fund - Regular Plan - IDCW;INF194KB1GI7;INF194KB1GJ5;9.8464;;;18-Mar-2026
152855;Bandhan Nifty Midcap 150 Index Fund-Direct Plan-Growth;INF194KB1IT0;;9.4478;;;18-Mar-2026
152856;Bandhan Nifty Midcap 150 Index Fund-Regular Plan-Growth;INF194KB1IU8;;9.3493;;;18-Mar-2026
153350;Bandhan Nifty Next 50 Index Fund - Direct Plan - Growth;INF194KB1JK7;;11.5435;;;18-Mar-2026
153349;Bandhan Nifty Next 50 Index Fund - Regular Plan - Growth;INF194KB1JJ9;;11.4491;;;18-Mar-2026
152264;BANDHAN Nifty Smallcap 250 Index Fund - Direct Plan - Growth;INF194KB1HG9;;10.9853;;;18-Mar-2026
152263;BANDHAN Nifty Smallcap 250 Index Fund - Direct Plan - IDCW;INF194KB1HH7;INF194KB1HI5;10.9854;;;18-Mar-2026
152266;BANDHAN Nifty Smallcap 250 Index Fund - Regular Plan - Growth;INF194KB1HD6;;10.8165;;;18-Mar-2026
152265;BANDHAN Nifty Smallcap 250 Index Fund - Regular Plan - IDCW;INF194KB1HE4;INF194KB1HF1;10.8169;;;18-Mar-2026
152716;Bandhan Nifty Total Market Index Fund - Direct Plan - Growth;INF194KB1IK9;;9.5655;;;18-Mar-2026
152717;Bandhan Nifty Total Market Index Fund - Regular Plan - Growth;INF194KB1IH5;;9.4606;;;18-Mar-2026
150636;BANDHAN NIFTY100 LOW VOLATILITY 30 INDEX FUND - GROWTH - DIRECT PLAN;INF194KB1DV7;;15.1279;;;18-Mar-2026
150633;BANDHAN NIFTY100 LOW VOLATILITY 30 INDEX FUND - GROWTH - REGULAR PLAN;INF194KB1DY1;;14.7554;;;18-Mar-2026
150634;BANDHAN NIFTY100 LOW VOLATILITY 30 INDEX FUND - IDCW - DIRECT PLAN;INF194KB1DW5;INF194KB1DX3;15.0537;;;18-Mar-2026
150635;BANDHAN NIFTY100 LOW VOLATILITY 30 INDEX FUND - IDCW - REGULAR PLAN;INF194KB1DZ8;INF194KB1EA9;14.7550;;;18-Mar-2026
150591;BANDHAN NIFTY200 MOMENTUM 30 INDEX FUND - GROWTH - DIRECT PLAN;INF194KB1DP9;;15.0071;;;18-Mar-2026
150592;BANDHAN NIFTY200 MOMENTUM 30 INDEX FUND - GROWTH - REGULAR PLAN;INF194KB1DS3;;14.6800;;;18-Mar-2026
150590;BANDHAN NIFTY200 MOMENTUM 30 INDEX FUND - IDCW - DIRECT PLAN;INF194KB1DQ7;INF194KB1DR5;14.9840;;;18-Mar-2026
150593;BANDHAN NIFTY200 MOMENTUM 30 INDEX FUND - IDCW - REGULAR PLAN;INF194KB1DT1;INF194KB1DU9;14.6794;;;18-Mar-2026

Baroda BNP Paribas Mutual Fund
152329;Baroda BNP Paribas Nifty 50 Index Fund - Direct Plan - Growth option;INF251K01SY1;;11.1566;;;18-Mar-2026
152330;Baroda BNP Paribas Nifty 50 Index Fund - Direct Plan - IDCW option;INF251K01SZ8;INF251K01TA9;11.1566;;;18-Mar-2026
152331;Baroda BNP Paribas Nifty 50 Index Fund - Regular Plan - Growth option;INF251K01SV7;;11.0622;;;18-Mar-2026
152328;Baroda BNP Paribas Nifty 50 Index Fund - Regular Plan - IDCW option;INF251K01SW5;INF251K01SX3;11.0622;;;18-Mar-2026
153000;Baroda BNP Paribas Nifty Midcap 150 Index Fund - Direct Plan - Growth Option;INF251K01UA7;;9.9958;;;18-Mar-2026
153001;Baroda BNP Paribas Nifty Midcap 150 Index Fund - Regular Plan - Growth Option;INF251K01UB5;;9.9018;;;18-Mar-2026
151283;Baroda BNP Paribas Nifty SDL December 2026 Index Fund - Direct Plan - Growth Option;INF251K01RL0;;12.5722;;;18-Mar-2026
151279;Baroda BNP Paribas Nifty SDL December 2026 Index Fund - Regular Plan - Growth Option;INF251K01RI6;;12.4541;;;18-Mar-2026
151280;Baroda BNP Paribas Nifty SDL December 2026 Index Fund - Regular Plan - IDCW Option;INF251K01RJ4;;12.4542;;;18-Mar-2026
151574;Baroda BNP Paribas NIFTY SDL December 2028 Index Fund - Direct Plan - Growth Option;INF251K01RR7;;12.6653;;;18-Mar-2026
151575;Baroda BNP Paribas NIFTY SDL December 2028 Index Fund - Direct Plan - IDCW Option;INF251K01RS5;INF251K01RT3;11.8844;;;18-Mar-2026
151576;Baroda BNP Paribas NIFTY SDL December 2028 Index Fund - Regular Plan - Growth Option;INF251K01RO4;;12.5523;;;18-Mar-2026
151573;Baroda BNP Paribas NIFTY SDL December 2028 Index Fund - Regular Plan - IDCW Option;INF251K01RP1;INF251K01RQ9;11.7041;;;18-Mar-2026
152931;Baroda BNP Paribas Nifty200 Momentum 30 Index Fund - Direct Plan - Growth Option;INF251K01TY9;;7.7722;;;18-Mar-2026
152930;Baroda BNP Paribas Nifty200 Momentum 30 Index Fund - Regular Plan - Growth Option;INF251K01TZ6;;7.7036;;;18-Mar-2026

Franklin Templeton Mutual Fund
118580;Franklin India INDEX FUND- NSE Nifty 50 Index Fund - Direct - IDCW;INF090I01GQ8;INF090I01GR6;183.9085;;;18-Mar-2026
100484;Franklin India Index Fund- NSE Nifty 50 Index Fund - Growth;INF090I01890;;191.8603;;;18-Mar-2026
105067;Franklin India INDEX FUND- NSE NIFTY 50 INDEX FUND - IDCW;INF090I01874;INF090I01882;173.8199;;;18-Mar-2026
118581;Franklin India INDEX FUND- NSE NIFTY 50 INDEX FUND- Direct - Growth;INF090I01GS4;;202.0417;;;18-Mar-2026

Groww Mutual Fund
153704;Groww Nifty 50 Index Fund Direct Growth;INF666M01KT3;;9.4864;;;18-Mar-2026
153709;Groww Nifty 50 Index Fund Direct IDCW;INF666M01KU1;INF666M01KV9;9.4864;;;18-Mar-2026
153710;Groww Nifty 50 Index Fund Regular Growth;INF666M01KW7;;9.4426;;;18-Mar-2026
153711;Groww Nifty 50 Index Fund Regular IDCW;INF666M01LJ2;INF666M01LK0;9.4427;;;18-Mar-2026
153230;Groww Nifty India Railways PSU Index Fund - Direct Plan - Growth;INF666M01JK4;;8.2429;;;18-Mar-2026
153231;Groww Nifty India Railways PSU Index Fund - Direct Plan - IDCW;INF666M01JL2;INF666M01JM0;8.2426;;;18-Mar-2026
153232;Groww Nifty India Railways PSU Index Fund - Regular Plan - Growth;INF666M01JN8;;8.1904;;;18-Mar-2026
153233;Groww Nifty India Railways PSU Index Fund - Regular Plan - IDCW;INF666M01JO6;INF666M01JP3;8.1877;;;18-Mar-2026
153939;Groww Nifty Midcap 150 Index Fund Direct Growth;INF666M01MP7;;9.2932;;;18-Mar-2026
153952;Groww Nifty Midcap 150 Index fund Direct IDCW;INF666M01MQ5;INF666M01MR3;9.2931;;;18-Mar-2026
153953;Groww Nifty Midcap 150 Index Fund Regular Growth;INF666M01MS1;;9.272;;;18-Mar-2026
153954;Groww Nifty Midcap 150 Index Fund Regular IDCW;INF666M01MT9;INF666M01MU7;9.272;;;18-Mar-2026
153786;Groww Nifty Next 50 Index Fund Direct Growth;INF666M01LT1;;9.7;;;18-Mar-2026
153797;Groww Nifty Next 50 Index Fund Direct IDCW;INF666M01LU9;INF666M01LV7;9.7;;;18-Mar-2026
153798;Groww Nifty Next 50 Index Fund Regular Growth;INF666M01LW5;;9.6618;;;18-Mar-2026
153799;Groww Nifty Next 50 Index Fund Regular IDCW;INF666M01LX3;INF666M01LY1;9.6618;;;18-Mar-2026
152636;Groww Nifty Non-Cyclical Consumer Index Fund - Direct Plan - IDCW;INF666M01IF6;INF666M01IG4;9.6563;;;18-Mar-2026
152637;Groww Nifty Non-Cyclical Consumer Index Fund - Direct Plan Growth;INF666M01IE9;;9.6563;;;18-Mar-2026
152635;Groww Nifty Non-Cyclical Consumer Index Fund - IDCW;INF666M01IC3;INF666M01ID1;9.5511;;;18-Mar-2026
152633;Groww Nifty Non-Cyclical Consumer Index Fund - Regular Plan - Growth;INF666M01IB5;;9.5522;;;18-Mar-2026
152431;Groww Nifty Smallcap 250 Index Fund - Direct Plan - Growth;INF666M01HY9;;10.0988;;;18-Mar-2026
152436;Groww Nifty Smallcap 250 Index Fund - Direct Plan - IDCW;INF666M01HZ6;INF666M01IA7;10.103;;;18-Mar-2026
152433;Groww Nifty Smallcap 250 Index Fund - Regular Plan - Growth;INF666M01HV5;;9.9875;;;18-Mar-2026
152434;Groww Nifty Smallcap 250 Index Fund - Regular Plan - Regular Plan - IDCW;INF666M01HW3;INF666M01HX1;9.9755;;;18-Mar-2026
152092;Groww Nifty Total Market Index Fund - Direct Plan - Growth;INF666M01HM4;;13.0774;;;18-Mar-2026
152125;Groww Nifty Total Market Index Fund - Direct Plan - IDCW;INF666M01HN2;INF666M01HO0;13.0771;;;18-Mar-2026
152127;Groww Nifty Total Market Index Fund - Regular Plan - Growth;INF666M01HJ0;;12.857;;;18-Mar-2026
152126;Groww Nifty Total Market Index Fund - Regular Plan - IDCW;INF666M01HK8;INF666M01HL6;12.8577;;;18-Mar-2026

HDFC Mutual Fund
151728;HDFC BSE 500 Index Fund - Growth Option - Direct Plan;INF179KC1GG9;;14.7772;;;18-Mar-2026
151729;HDFC BSE 500 Index Fund - Regular Plan - Growth Option;INF179KC1GH7;;14.5321;;;18-Mar-2026
153958;HDFC BSE India Sector Leaders Index Fund - Regular Plan - Growth Option;INF179KC1JX8;;8.9988;;;18-Mar-2026
153959;HDFC BSE India Sector Leaders India Fund - Direct Plan - Growth Option;INF179KC1JY6;;9.0124;;;18-Mar-2026
119065;HDFC BSE Sensex Index Fund - Direct Plan;INF179K01WN9;;729.5641;;;18-Mar-2026
101281;HDFC BSE Sensex Index Fund - Growth Plan;INF179K01LA9;;711.5678;;;18-Mar-2026
153517;HDFC CRISIL-IBX Financial Services 3-6 Months Debt Index Fund - Direct Growth Plan;INF179KC1JK5;;10.5739;;;18-Mar-2026
153518;HDFC CRISIL-IBX Financial Services 3-6 Months Debt Index Fund - Regular Growth Plan;INF179KC1JJ7;;10.5583;;;18-Mar-2026
149870;HDFC Nifty 100 Equal Weight Index Fund - Direct Plan - Growth Option;INF179KC1CA1;;16.2089;;;18-Mar-2026
149871;HDFC Nifty 100 Equal Weight Index Fund - Growth Option;INF179KC1CB9;;15.8998;;;18-Mar-2026
149868;HDFC NIFTY 100 Index Fund - Direct Plan - Growth Option;INF179KC1BY3;;14.5188;;;18-Mar-2026
149869;HDFC NIFTY 100 Index Fund - Growth Option;INF179KC1BZ0;;14.2299;;;18-Mar-2026
119063;HDFC Nifty 50 Index Fund - Direct Plan;INF179K01WM1;;231.1958;;;18-Mar-2026
101525;HDFC Nifty 50 Index Fund - Growth Plan;INF179K01KZ8;;225.9215;;;18-Mar-2026
151496;HDFC Nifty G-Sec Apr 2029 Index Fund - Growth Option;INF179KC1FR8;;12.6747;;;18-Mar-2026
151495;HDFC Nifty G-Sec Apr 2029 Index Fund - Growth Option - Direct Plan;INF179KC1FQ0;;12.7365;;;18-Mar-2026
150844;HDFC Nifty G-Sec Dec 2026 Index Fund - Growth Option;INF179KC1EG4;;12.6504;;;18-Mar-2026
150845;HDFC Nifty G-Sec Dec 2026 Index Fund - Growth Option - Direct Plan;INF179KC1EE9;;12.7149;;;18-Mar-2026
150846;HDFC Nifty G-Sec July 2031 Index Fund - Growth Option;INF179KC1EI0;;12.962;;;18-Mar-2026
150847;HDFC Nifty G-Sec July 2031 Index Fund - Growth Option - Direct Plan;INF179KC1EH2;;13.0324;;;18-Mar-2026
151180;HDFC Nifty G-Sec Jun 2027 Index Fund - Growth Option;INF179KC1EK6;;12.6322;;;18-Mar-2026
151181;HDFC Nifty G-Sec Jun 2027 Index Fund - Growth Option - Direct Plan;INF179KC1EJ8;;12.6959;;;18-Mar-2026
151490;HDFC Nifty G-Sec Jun 2036 Index Fund - Growth Option;INF179KC1FT4;;12.7958;;;18-Mar-2026
151489;HDFC Nifty G-Sec Jun 2036 Index Fund - Growth Option - Direct Plan;INF179KC1FS6;;12.868;;;18-Mar-2026
151182;HDFC Nifty G-Sec Sep 2032 Index Fund - Growth Option;INF179KC1EM2;;12.8644;;;18-Mar-2026
151183;HDFC Nifty G-Sec Sep 2032 Index Fund - Growth Option - Direct Plan;INF179KC1EL4;;12.9368;;;18-Mar-2026
154180;HDFC Nifty India Consumption Index  Fund - Regular Growth Plan;INF179KC1JZ3;;9.176;;;18-Mar-2026
154179;HDFC Nifty India Consumption Index Fund - Direct Growth Plan;INF179KC1KA4;;9.179;;;18-Mar-2026
153097;HDFC Nifty India Digital Index Fund - Growth Option - Direct;INF179KC1JB4;;7.6801;;;18-Mar-2026
153096;HDFC Nifty India Digital Index Fund - Growth Option - Regular;INF179KC1JA6;;7.6333;;;18-Mar-2026
152890;HDFC NIFTY LargeMidcap 250 Index Fund - Growth Option;INF179KC1IP6;;9.4306;;;18-Mar-2026
152889;HDFC NIFTY LargeMidcap 250 Index Fund - Growth Option - Direct;INF179KC1IQ4;;9.4957;;;18-Mar-2026
151725;HDFC NIFTY Midcap 150 Index Fund - Growth Option;INF179KC1GD6;;17.4167;;;18-Mar-2026
151724;HDFC NIFTY Midcap 150 Index Fund - Growth Option - Direct Plan;INF179KC1GC8;;17.7082;;;18-Mar-2026
149288;HDFC NIFTY Next 50 Index Fund - Direct Plan - Growth Option;INF179KC1BQ9;;15.4865;;;18-Mar-2026
149287;HDFC NIFTY Next 50 Index Fund - Growth Option;INF179KC1BR7;;15.1967;;;18-Mar-2026
152522;HDFC NIFTY Reality Index Fund - Regular Plan;INF179KC1ID2;;8.131;;;18-Mar-2026
152521;HDFC NIFTY Realty Index Fund - Direct Plan;INF179KC1IE0;;8.2083;;;18-Mar-2026
151455;HDFC Nifty SDL Oct 2026 Index Fund - Growth Option;INF179KC1FJ5;;12.4725;;;18-Mar-2026
151456;HDFC Nifty SDL Oct 2026 Index Fund - Growth Option - Direct Plan;INF179KC1FI7;;12.5324;;;18-Mar-2026
151571;HDFC NIFTY SDL Plus G-Sec Jun 2027 40:60 Index Fund - Growth Option;INF179KC1GB0;;12.4196;;;18-Mar-2026
151570;HDFC NIFTY SDL Plus G-Sec Jun 2027 40:60 Index Fund - Growth Option - Direct Plan;INF179KC1GA2;;12.4743;;;18-Mar-2026
151726;HDFC NIFTY Smallcap 250 Index Fund - Growth Option;INF179KC1GF1;;16.2433;;;18-Mar-2026
151727;HDFC NIFTY Smallcap 250 Index Fund - Growth Option - Direct Plan;INF179KC1GE4;;16.5088;;;18-Mar-2026
153405;HDFC Nifty Top 20 Equal Weight Index Fund - Direct;INF179KC1JI9;;9.8979;;;18-Mar-2026
153404;HDFC Nifty Top 20 Equal Weight Index Fund - Regular Growth;INF179KC1JH1;;9.8463;;;18-Mar-2026
152713;HDFC NIFTY100 Low Volatility 30 Index Fund - Direct Plan;INF179KC1IM3;HDFCNIVODG;9.9586;;;18-Mar-2026
152714;HDFC NIFTY100 Low Volatility 30 Index Fund - Regular Plan;INF179KC1IL5;;9.8739;;;18-Mar-2026
153264;HDFC Nifty100 Quality 30 Index Fund - Direct Plan;INF179KC1JF5;;10.245;;;18-Mar-2026
153265;HDFC Nifty100 Quality 30 Index Fund - Regular Plan;INF179KC1JE8;;10.1932;;;18-Mar-2026
152430;HDFC NIFTY200 Momentum 30 Index Fund - Direct Plan;INF179KC1IC4;;9.8473;;;18-Mar-2026
152429;HDFC NIFTY200 Momentum 30 Index Fund - Regular Plan;INF179KC1IB6;;9.749;;;18-Mar-2026
149107;HDFC NIFTY50 Equal weight Index Fund - Direct Plan - Growth Option;INF179KC1BM8;;17.6395;;;18-Mar-2026
149106;HDFC NIFTY50 Equal weight Index Fund - Growth Option;INF179KC1BN6;;17.2281;;;18-Mar-2026
152778;HDFC NIFTY500 Multicap 50:25:25 Index Fund - Direct Plan;INF179KC1IO9;;9.2726;;;18-Mar-2026
152779;HDFC NIFTY500 Multicap 50:25:25 index Fund - Regular Plan;INF179KC1IN1;;9.203;;;18-Mar-2026

HSBC Mutual Fund
149966;HSBC CRISIL IBX 50:50 Gilt Plus SDL Apr 2028 Index Fund - Direct - Growth;INF336L01QH7;;13.0417;;;18-Mar-2026
149962;HSBC CRISIL IBX 50:50 Gilt Plus SDL Apr 2028 Index Fund - Direct - Payout of IDCW;INF336L01QI5;INF336L01QJ3;13.0417;;;18-Mar-2026
149963;HSBC CRISIL IBX 50:50 Gilt Plus SDL Apr 2028 Index Fund - Regular - Growth;INF336L01QK1;;12.945;;;18-Mar-2026
149964;HSBC CRISIL IBX 50:50 Gilt Plus SDL Apr 2028 Index Fund - Regular - payout of IDCW;INF336L01QL9;INF336L01QM7;12.9449;;;18-Mar-2026
151479;HSBC CRISIL IBX Gilt June 2027 Index Fund - Direct - Growth;INF336L01QT2;;12.4713;;;18-Mar-2026
151482;HSBC CRISIL IBX Gilt June 2027 Index Fund - Direct - IDCW;INF336L01QU0;INF336L01QV8;12.4715;;;18-Mar-2026
151480;HSBC CRISIL IBX Gilt June 2027 Index Fund - Regular - Growth;INF336L01QW6;;12.3749;;;18-Mar-2026
151481;HSBC CRISIL IBX Gilt June 2027 Index Fund - Regular - IDCW;INF336L01QX4;INF336L01QY2;12.375;;;18-Mar-2026
151157;HSBC NIFTY 50 INDEX FUND - Direct Growth;INF917K01D12;;27.9704;;;18-Mar-2026
151156;HSBC NIFTY 50 INDEX FUND - Direct IDCW;INF917K01C96;INF917K01D04;27.9703;;;18-Mar-2026
151158;HSBC NIFTY 50 INDEX FUND - Regular Growth;INF917K01D38;;27.4651;;;18-Mar-2026
151159;HSBC NIFTY 50 INDEX FUND - Regular IDCW;INF917K01D20;INF917K01D46;27.4651;;;18-Mar-2026
151160;HSBC NIFTY NEXT 50 INDEX FUND - Direct Growth;INF917K01D79;;28.7883;;;18-Mar-2026
151163;HSBC NIFTY NEXT 50 INDEX FUND - Direct IDCW;INF917K01D53;INF917K01D61;28.7883;;;18-Mar-2026
151162;HSBC NIFTY NEXT 50 INDEX FUND - Regular Growth;INF917K01D95;;28.0474;;;18-Mar-2026
151161;HSBC NIFTY NEXT 50 INDEX FUND - Regular IDCW;INF917K01D87;INF917K01E03;28.0476;;;18-Mar-2026

ICICI Prudential Mutual Fund
141839;ICICI Prudential BSE Sensex Index Fund - Cumulative Option;INF109KB17W7;;25.1195;;;18-Mar-2026
141841;ICICI Prudential BSE Sensex Index Fund - Direct Plan - Cumulative Option;INF109KB10X0;;25.4553;;;18-Mar-2026
141842;ICICI Prudential BSE Sensex Index Fund - Direct Plan - IDCW Option;INF109KB12X6;;25.4550;;;18-Mar-2026
141840;ICICI Prudential BSE Sensex Index Fund - IDCW Option;INF109KB19W3;;25.1202;;;18-Mar-2026
153412;ICICI Prudential CRISIL-IBX Financial Services 3-6 Months Debt Index Fund - Annual IDCW;INF109K1A054;INF109K1A047;10.6729;;;18-Mar-2026
153410;ICICI Prudential CRISIL-IBX Financial Services 3-6 Months Debt Index Fund - Direct Plan - Annual IDCW;INF109K1A070;INF109K1A088;10.6887;;;18-Mar-2026
153411;ICICI Prudential CRISIL-IBX Financial Services 3-6 Months Debt Index Fund - Direct Plan - Growth;INF109K1A062;;10.6887;;;18-Mar-2026
153409;ICICI Prudential CRISIL-IBX Financial Services 3-6 Months Debt Index Fund - Growth;INF109K1A039;;10.6729;;;18-Mar-2026
150452;ICICI Prudential Nifty 200 Momentum 30 Index Fund - Direct Plan - Growth;INF109KC11D8;;15.9809;;;18-Mar-2026
150453;ICICI Prudential Nifty 200 Momentum 30 Index Fund - Direct Plan - IDCW;INF109KC12D6;INF109KC13D4;15.9784;;;18-Mar-2026
150454;ICICI Prudential Nifty 200 Momentum 30 Index Fund - Growth;INF109KC18C5;;15.6247;;;18-Mar-2026
150451;ICICI Prudential Nifty 200 Momentum 30 Index Fund - IDCW;INF109KC19C3;INF109KC10D0;15.6241;;;18-Mar-2026
101349;ICICI Prudential Nifty 50 Index Fund - Cumulative Option;INF109K01PI0;;239.6103;;;18-Mar-2026
120620;ICICI Prudential Nifty 50 Index Fund - Direct Plan Cumulative Option;INF109K012M7;;249.9388;;;18-Mar-2026
135391;ICICI Prudential Nifty 50 Index Fund - Direct Plan IDCW Option;INF109KB1NL1;INF109KB1NM9;33.6112;;;18-Mar-2026
135390;ICICI Prudential Nifty 50 Index Fund - IDCW Option;INF109KB1NN7;INF109KB1NO5;31.9216;;;18-Mar-2026
153161;ICICI Prudential Nifty 500 Index Fund - Direct Plan - Growth;INF109KC16Y3;;9.8819;;;18-Mar-2026
153159;ICICI Prudential Nifty 500 Index Fund - Direct Plan - IDCW;INF109KC18Y9;INF109KC17Y1;9.8817;;;18-Mar-2026
153162;ICICI Prudential Nifty 500 Index Fund - Growth;INF109KC13Y0;;9.8106;;;18-Mar-2026
153160;ICICI Prudential Nifty 500 Index Fund - IDCW;INF109KC15Y5;INF109KC14Y8;9.8107;;;18-Mar-2026
150643;ICICI Prudential Nifty Auto Index Fund - Direct Plan - Growth;INF109KC16J4;;20.5574;;;18-Mar-2026
150644;ICICI Prudential Nifty Auto Index Fund - Direct Plan - IDCW;INF109KC17J2;INF109KC18J0;20.5574;;;18-Mar-2026
150645;ICICI Prudential Nifty Auto Index Fund - Growth;INF109KC13J1;;20.1804;;;18-Mar-2026
150646;ICICI Prudential Nifty Auto Index Fund - IDCW;INF109KC14J9;INF109KC15J6;20.1808;;;18-Mar-2026
149858;ICICI Prudential Nifty Bank Index Fund - Direct Plan Growth;INF109KC11A4;;15.8976;;;18-Mar-2026
149861;ICICI Prudential Nifty Bank Index Fund - Direct Plan IDCW;INF109KC12A2;INF109KC13A0;15.8975;;;18-Mar-2026
149859;ICICI Prudential Nifty Bank Index Fund - Growth;INF109KC1Z89;;15.4812;;;18-Mar-2026
149860;ICICI Prudential Nifty Bank Index Fund - IDCW;INF109KC1Z97;INF109KC10A6;15.4811;;;18-Mar-2026
150734;ICICI Prudential Nifty G-Sec Dec 2030 Index Fund - Annual IDCW;INF109KC16K2;INF109KC17K0;13.0508;;;18-Mar-2026
150735;ICICI Prudential Nifty G-Sec Dec 2030 Index Fund - Direct Plan - Annual IDCW;INF109KC19K6;INF109KC10L3;13.1352;;;18-Mar-2026
150733;ICICI Prudential Nifty G-Sec Dec 2030 Index Fund - Direct Plan - Growth;INF109KC18K8;;13.1359;;;18-Mar-2026
150732;ICICI Prudential Nifty G-Sec Dec 2030 Index Fund - Growth;INF109KC15K4;;13.0507;;;18-Mar-2026
150468;ICICI Prudential Nifty IT Index Fund - Direct Plan - Growth;INF109KC13E2;;10.4306;;;18-Mar-2026
150469;ICICI Prudential Nifty IT Index Fund - Direct Plan - IDCW;INF109KC14E0;INF109KC15E7;10.4357;;;18-Mar-2026
150466;ICICI Prudential Nifty IT Index Fund - Growth;INF109KC10E8;;10.2348;;;18-Mar-2026
150467;ICICI Prudential Nifty IT Index Fund - IDCW;INF109KC11E6;INF109KC12E4;10.2349;;;18-Mar-2026
152482;ICICI Prudential Nifty LargeMidcap 250 Index Fund - Direct Plan - Growth;INF109KC12U0;;11.6681;;;18-Mar-2026
152483;ICICI Prudential Nifty LargeMidcap 250 Index Fund - Direct Plan - IDCW;INF109KC13U8;INF109KC14U6;11.6681;;;18-Mar-2026
152481;ICICI Prudential Nifty LargeMidcap 250 Index Fund - Growth;INF109KC15U3;;11.5414;;;18-Mar-2026
152484;ICICI Prudential Nifty LargeMidcap 250 Index Fund - IDCW;INF109KC16U1;INF109KC17U9;11.5414;;;18-Mar-2026
149389;ICICI Prudential Nifty Midcap 150 Index Fund - Direct Plan - Growth;INF109KC1W58;;18.5380;;;18-Mar-2026
149391;ICICI Prudential Nifty Midcap 150 Index Fund - Direct Plan - IDCW;INF109KC1W66;INF109KC1W74;18.5377;;;18-Mar-2026
149390;ICICI Prudential Nifty Midcap 150 Index Fund - Growth;INF109KC1W25;;18.0001;;;18-Mar-2026
149388;ICICI Prudential Nifty Midcap 150 Index Fund - IDCW;INF109KC1W33;INF109KC1W41;17.9998;;;18-Mar-2026
120684;ICICI Prudential Nifty Next 50 Index Fund - Direct Plan -  Growth;INF109K01Y80;;60.9288;;;18-Mar-2026
120683;ICICI Prudential Nifty Next 50 Index Fund - Direct Plan -  IDCW;INF109K01Y64;INF109K01Y72;60.9060;;;18-Mar-2026
112957;ICICI Prudential Nifty Next 50 Index Fund - Growth;INF109K01IF1;;57.6717;;;18-Mar-2026
112958;ICICI Prudential Nifty Next 50 Index Fund -IDCW;INF109K01PR1;INF109K01IE4;57.6710;;;18-Mar-2026
150930;ICICI Prudential Nifty Pharma Index Fund - Direct Plan - Growth;INF109KC11M9;;17.5064;;;18-Mar-2026
150928;ICICI Prudential Nifty Pharma Index Fund - Direct Plan - IDCW;INF109KC12M7;INF109KC13M5;17.5073;;;18-Mar-2026
150929;ICICI Prudential Nifty Pharma Index Fund - Growth;INF109KC18L6;;17.1494;;;18-Mar-2026
150931;ICICI Prudential Nifty Pharma Index Fund - IDCW;INF109KC19L4;INF109KC10M1;17.1495;;;18-Mar-2026
153679;ICICI Prudential Nifty Private Bank Index Fund - Direct Plan - Growth;INF109K1A369;;9.4285;;;18-Mar-2026
153676;ICICI Prudential Nifty Private Bank Index Fund - Growth;INF109K1A351;;9.3934;;;18-Mar-2026
149224;ICICI Prudential Nifty PSU Bond Plus SDL Sep 2027 40:60 Index Fund - Annual - IDCW;INF109KC1S62;INF109KC1S70;12.8993;;;18-Mar-2026
149227;ICICI Prudential Nifty PSU Bond Plus SDL Sep 2027 40:60 Index Fund - Direct Plan Annual - IDCW;INF109KC1T46;INF109KC1T53;13.0105;;;18-Mar-2026
149210;ICICI Prudential Nifty PSU Bond Plus SDL Sep 2027 40:60 Index Fund - Direct Plan Growth;INF109KC1S88;;13.0105;;;18-Mar-2026
149208;ICICI Prudential Nifty PSU Bond Plus SDL Sep 2027 40:60 Index Fund - Growth;INF109KC1S13;;12.8994;;;18-Mar-2026
150731;ICICI Prudential Nifty SDL Dec 2028 Index Fund - Annual IDCW;INF109KC12L9;INF109KC13L7;13.0593;;;18-Mar-2026
150730;ICICI Prudential Nifty SDL Dec 2028 Index Fund - Direct Plan - Annual IDCW;INF109KC15L2;INF109KC16L0;13.1401;;;18-Mar-2026
150729;ICICI Prudential Nifty SDL Dec 2028 Index Fund - Direct Plan - Growth;INF109KC14L5;;13.1398;;;18-Mar-2026
150728;ICICI Prudential Nifty SDL Dec 2028 Index Fund - Growth;INF109KC11L1;;13.0593;;;18-Mar-2026
151209;ICICI Prudential Nifty SDL Sep 2026 Index Fund - Annual IDCW;INF109KC11P2;INF109KC12P0;12.5018;;;18-Mar-2026
151210;ICICI Prudential Nifty SDL Sep 2026 Index Fund - Direct Plan - Annual IDCW;INF109KC14P6;INF109KC15P3;12.5833;;;18-Mar-2026
151211;ICICI Prudential Nifty SDL Sep 2026 Index Fund - Direct Plan - Growth;INF109KC13P8;;12.5833;;;18-Mar-2026
151208;ICICI Prudential Nifty SDL Sep 2026 Index Fund - Growth;INF109KC10P4;;12.5019;;;18-Mar-2026
149996;ICICI Prudential Nifty SDL Sep 2027 Index Fund - Annual IDCW;INF109KC12B0;INF109KC13B8;12.8433;;;18-Mar-2026
149997;ICICI Prudential Nifty SDL Sep 2027 Index Fund - Direct Plan - Annual IDCW;INF109KC15B3;INF109KC16B1;12.9204;;;18-Mar-2026
149999;ICICI Prudential Nifty SDL Sep 2027 Index Fund - Direct Plan - Growth;INF109KC14B6;;12.9204;;;18-Mar-2026
149998;ICICI Prudential Nifty SDL Sep 2027 Index Fund - Growth;INF109KC11B2;;12.8433;;;18-Mar-2026
149283;ICICI Prudential Nifty Smallcap 250 Index Fund - Direct Plan - Growth;INF109KC1V18;;15.5514;;;18-Mar-2026
149284;ICICI Prudential Nifty Smallcap 250 Index Fund - Direct Plan - IDCW;INF109KC1V26;INF109KC1V34;15.5509;;;18-Mar-2026
149281;ICICI Prudential Nifty Smallcap 250 Index Fund - Growth;INF109KC1U84;;15.1459;;;18-Mar-2026
149282;ICICI Prudential Nifty Smallcap 250 Index Fund - IDCW;INF109KC1U92;INF109KC1V00;15.1465;;;18-Mar-2026
153614;ICICI Prudential Nifty Top 15 Equal Weight Index Fund - Direct Plan - Growth;INF109K1A310;;9.2958;;;18-Mar-2026
153616;ICICI Prudential Nifty Top 15 Equal Weight Index Fund - Direct Plan - IDCW;INF109K1A336;INF109K1A328;9.2963;;;18-Mar-2026
153613;ICICI Prudential Nifty Top 15 Equal Weight Index Fund - Growth;INF109K1A286;;9.2566;;;18-Mar-2026
153615;ICICI Prudential Nifty Top 15 Equal Weight Index Fund - IDCW;INF109K1A302;INF109K1A294;9.2567;;;18-Mar-2026
153546;ICICI Prudential Nifty200 Quality 30 Index Fund - Direct Plan - Growth;INF109K1A252;;9.3192;;;18-Mar-2026
153547;ICICI Prudential Nifty200 Quality 30 Index Fund - Direct Plan - IDCW;INF109K1A278;INF109K1A260;9.3189;;;18-Mar-2026
153544;ICICI Prudential Nifty200 Quality 30 Index Fund - Growth;INF109K1A229;;9.2838;;;18-Mar-2026
153545;ICICI Prudential Nifty200 Quality 30 Index Fund - IDCW;INF109K1A245;INF109K1A237;9.2835;;;18-Mar-2026
152936;ICICI Prudential Nifty200 Value 30 Index Fund - Direct Plan - Growth;INF109KC13X2;;10.9984;;;18-Mar-2026
152933;ICICI Prudential Nifty200 Value 30 Index Fund - Direct Plan - IDCW;INF109KC15X7;INF109KC14X0;10.9983;;;18-Mar-2026
152934;ICICI Prudential Nifty200 Value 30 Index Fund - Growth;INF109KC10X8;;10.9090;;;18-Mar-2026
152935;ICICI Prudential Nifty200 Value 30 Index Fund - IDCW;INF109KC12X4;INF109KC11X6;10.9090;;;18-Mar-2026
150639;ICICI Prudential Nifty50 Equal Weight Index Fund- Direct Plan - Growth;INF109KC10J7;;16.2301;;;18-Mar-2026
150640;ICICI Prudential Nifty50 Equal Weight Index Fund- Direct Plan - IDCW;INF109KC11J5;INF109KC12J3;16.2298;;;18-Mar-2026
150637;ICICI Prudential Nifty50 Equal Weight Index Fund- Growth;INF109KC17I4;;15.8997;;;18-Mar-2026
150638;ICICI Prudential Nifty50 Equal Weight Index Fund- IDCW;INF109KC18I2;INF109KC19I0;15.8996;;;18-Mar-2026
152365;ICICI Prudential Nifty50 Value 20 Index Fund - Direct Plan - Growth;INF109KC16T3;;10.3225;;;18-Mar-2026
152367;ICICI Prudential Nifty50 Value 20 Index Fund - Direct Plan - IDCW;INF109KC17T1;INF109KC18T9;10.3224;;;18-Mar-2026
152366;ICICI Prudential Nifty50 Value 20 Index Fund - Growth;INF109KC19T7;;10.2234;;;18-Mar-2026
152364;ICICI Prudential Nifty50 Value 20 Index Fund - IDCW;INF109KC10U4;INF109KC11U2;10.2234;;;18-Mar-2026

Jio BlackRock Mutual Fund
153787;JioBlackRock Nifty 50 Index Fund - Direct Plan - Growth Option;INF22M001044;;9.5685;;;18-Mar-2026
153791;JioBlackRock Nifty 8-13 yr G-Sec Index Fund - Direct Plan - Growth Option;INF22M001069;;10.2420;;;18-Mar-2026
153788;JioBlackRock Nifty Midcap 150 Index Fund - Direct Plan - Growth Option;INF22M001077;;9.7570;;;18-Mar-2026
153789;JioBlackRock Nifty Next 50 Index Fund - Direct Plan - Growth Option;INF22M001085;;9.7512;;;18-Mar-2026
153790;JioBlackRock Nifty Smallcap 250 Index Fund - Direct Plan - Growth Option;INF22M001051;;8.9685;;;18-Mar-2026

Kotak Mahindra Mutual Fund
152038;Kotak  BSE Housing Index Fund - Regular Plan - Growth Option;INF174KA1OU1;;11.943;;;18-Mar-2026
152040;Kotak  BSE Housing Index Fund - Regular Plan - IDCW Option;INF174KA1OV9;INF174KA1OW7;11.943;;;18-Mar-2026
152039;Kotak BSE Housing Index Fund - Direct Plan - Growth Option;INF174KA1OX5;;12.108;;;18-Mar-2026
152037;Kotak BSE Housing Index Fund - Direct Plan - IDCW Option;INF174KA1OY3;INF174KA1OZ0;12.107;;;18-Mar-2026
152755;Kotak BSE PSU Index Fund - Direct Plan - Growth;INF174KA1SL1;;9.539;;;18-Mar-2026
152754;Kotak BSE PSU Index Fund - Direct Plan - IDCW Payout and Reinvestment;INF174KA1SM9;INF174KA1SN7;9.54;;;18-Mar-2026
152752;Kotak BSE PSU Index Fund - Regular Plan - Growth;INF174KA1SI7;;9.439;;;18-Mar-2026
152753;Kotak BSE PSU Index Fund - Regular Plan - IDCW Payout and Reinvestment;INF174KA1SJ5;INF174KA1SK3;9.439;;;18-Mar-2026
153284;Kotak BSE Sensex Index Fund - Regular - Growth;INF174KA1US2;;10.168;;;18-Mar-2026
153285;Kotak BSE Sensex Index Fund - Regular - IDCW;INF174KA1UT0;INF174KA1UU8;10.168;;;18-Mar-2026
153286;Kotak BSE Sensex Index Fund- Direct - Growth;INF174KA1UV6;;10.187;;;18-Mar-2026
153287;Kotak BSE Sensex Index Fund- Direct - IDCW;INF174KA1UQ6;INF174KA1UR4;10.187;;;18-Mar-2026
153313;Kotak CRISIL - IBX AAA Bond Financial Services Index Dec 2026 Fund - Direct - Growth;INF174KA1UX2;;10.8075;;;18-Mar-2026
153312;Kotak CRISIL - IBX AAA Bond Financial Services Index Dec 2026 Fund - Direct - IDCW;INF174KA1UY0;INF174KA1UZ7;10.8074;;;18-Mar-2026
153311;Kotak CRISIL - IBX AAA Bond Financial Services Index Dec 2026 Fund - Regular - Growth;INF174KA1VA8;;10.7844;;;18-Mar-2026
153310;Kotak CRISIL - IBX AAA Bond Financial Services Index Dec 2026 Fund - Regular - IDCW;INF174KA1VB6;INF174KA1VC4;10.7843;;;18-Mar-2026
152869;Kotak CRISIL -IBX AAA Financial Services Index Sep-2027 Fund-DIRECT PLAN-GROWTH Option;INF174KA1TF1;;11.2269;;;18-Mar-2026
152868;Kotak CRISIL -IBX AAA Financial Services Index Sep-2027 Fund-DIRECT PLAN-IDCW;INF174KA1SU2;INF174KA1SV0;11.2253;;;18-Mar-2026
152866;Kotak CRISIL -IBX AAA Financial Services Index Sep-2027 Fund-REGULAR PLAN-GROWTH;INF174KA1SW8;;11.1912;;;18-Mar-2026
152867;Kotak CRISIL-IBX AAA Financial Services Index Sep-2027 Fund-REGULAR PLAN-IDCW;INF174KA1SX6;INF174KA1SY4;11.1911;;;18-Mar-2026
153372;Kotak CRISIL-IBX Financial Services 3-6 Months Debt Index Fund-Direct-Growth;INF174KA1VK7;;10.7002;;;18-Mar-2026
153373;Kotak CRISIL-IBX Financial Services 3-6 Months Debt Index Fund-Direct-IDCW;INF174KA1VL5;INF174KA1VM3;10.7006;;;18-Mar-2026
153375;Kotak CRISIL-IBX Financial Services 3-6 Months Debt Index Fund-Regular-Growth;INF174KA1VN1;;10.6747;;;18-Mar-2026
153374;Kotak CRISIL-IBX Financial Services 3-6 Months Debt Index Fund-Regular-IDCW;INF174KA1VO9;INF174KA1VP6;10.6747;;;18-Mar-2026
153875;Kotak CRISIL-IBX Financial Services 9 to 12 Months Debt Index Fund - Direct - Growth;INF174KA1XM9;;10.2641;;;18-Mar-2026
153876;Kotak CRISIL-IBX Financial Services 9 to 12 Months Debt Index Fund - Direct - IDCW;INF174KA1XN7;INF174KA1XO5;10.2642;;;18-Mar-2026
153877;Kotak CRISIL-IBX Financial Services 9 to 12 Months Debt Index Fund - Regular - Growth;INF174KA1XP2;;10.2542;;;18-Mar-2026
153878;Kotak CRISIL-IBX Financial Services 9 to 12 Months Debt Index Fund - Regular - IDCW;INF174KA1XQ0;INF174KA1XR8;10.2522;;;18-Mar-2026
153146;Kotak Nifty 100 Equal Weight Index Fund - Direct Plan - Growth;INF174KA1TY2;;10.221;;;18-Mar-2026
153143;Kotak Nifty 100 Equal Weight index Fund - Direct Plan - IDCW Option;INF174KA1TZ9;INF174KA1UA0;10.221;;;18-Mar-2026
153145;Kotak Nifty 100 Equal Weight Index Fund - Regular Plan - Growth;INF174KA1UB8;;10.159;;;18-Mar-2026
153144;Kotak Nifty 100 Equal Weight Index Fund - Regular Plan - IDCW Option;INF174KA1UC6;INF174KA1UD4;10.159;;;18-Mar-2026
152663;Kotak NIFTY 100 Low Volatility 30 Index Fund - Direct plan - Growth option;INF174KA1RZ3;;10.373;;;18-Mar-2026
152665;Kotak NIFTY 100 Low Volatility 30 Index Fund - Direct plan - IDCW option;INF174KA1SA4;INF174KA1SB2;10.373;;;18-Mar-2026
152664;Kotak NIFTY 100 Low Volatility 30 Index Fund - Regular plan - Growth option;INF174KA1RW0;;10.2576;;;18-Mar-2026
152666;Kotak NIFTY 100 Low Volatility 30 Index Fund - Regular plan - IDCW option;INF174KA1RX8;INF174KA1RY6;10.2577;;;18-Mar-2026
151781;Kotak Nifty 200 Momentum 30 Index Fund - Direct Plan - Growth Option;INF174KA1OB1;;14.024;;;18-Mar-2026
151782;Kotak Nifty 200 Momentum 30 Index Fund - Direct Plan - IDCW Payout;INF174KA1OC9;INF174KA1OD7;14.024;;;18-Mar-2026
151783;Kotak Nifty 200 Momentum 30 Index Fund - Regular Plan - Growth Option;INF174KA1NY5;;13.836;;;18-Mar-2026
151780;Kotak Nifty 200 Momentum 30 Index Fund - Regular Plan - IDCW Payout;INF174KA1NZ2;INF174KA1OA3;13.836;;;18-Mar-2026
153660;KOTAK NIFTY 200 QUALITY 30 INDEX FUND - DIRECT PLAN - GROWTH;INF174KA1WN9;;9.334;;;18-Mar-2026
153658;KOTAK NIFTY 200 QUALITY 30 INDEX FUND - DIRECT PLAN - IDCW - PAYOUT AND REINVESTMENT;INF174KA1WO7;INF174KA1WP4;9.334;;;18-Mar-2026
153659;KOTAK NIFTY 200 QUALITY 30 INDEX FUND - REGULAR PLAN - GROWTH;INF174KA1WQ2;;9.31;;;18-Mar-2026
153661;KOTAK NIFTY 200 QUALITY 30 INDEX FUND - REGULAR PLAN - IDCW - PAYOUT AND REINVESTMENT;INF174KA1WR0;INF174KA1WS8;9.31;;;18-Mar-2026
153150;Kotak Nifty 50 Equal Weight Index Fund - Direct Plan - Growth;INF174KA1UE2;;10.619;;;18-Mar-2026
153147;Kotak Nifty 50 Equal Weight Index Fund - Direct Plan - IDCW Option;INF174KA1UF9;INF174KA1UG7;10.62;;;18-Mar-2026
153148;Kotak Nifty 50 Equal Weight Index Fund - Regular Plan - Growth;INF174KA1UH5;;10.553;;;18-Mar-2026
153149;Kotak Nifty 50 Equal Weight Index Fund - Regular Plan - IDCW Option;INF174KA1UI3;INF174KA1UJ1;10.553;;;18-Mar-2026
148978;Kotak Nifty 50 Index Fund - Direct Plan-Growth;INF174KA1HA7;;15.696;;;18-Mar-2026
148976;Kotak Nifty 50 Index Fund - Direct Plan-IDCW Payout;INF174KA1HB5;INF174KA1HC3;15.693;;;18-Mar-2026
148974;Kotak Nifty 50 Index Fund - Regular Plan-Growth;INF174KA1GX1;;15.467;;;18-Mar-2026
148979;Kotak Nifty 50 Index Fund - Regular Plan-IDCW Payout;INF174KA1GY9;INF174KA1GZ6;15.466;;;18-Mar-2026
153680;Kotak Nifty AAA Bond Financial Services Mar 2028 Index Fund - Direct Plan - Growth;INF174KA1WY6;;10.3721;;;18-Mar-2026
153681;Kotak Nifty AAA Bond Financial Services Mar 2028 Index Fund - Direct Plan - IDCW - Payout & Reinvestment;INF174KA1WZ3;INF174KA1WU4;10.372;;;18-Mar-2026
153683;Kotak Nifty AAA Bond Financial Services Mar 2028 Index Fund - Regular Plan - Growth;INF174KA1WV2;;10.3572;;;18-Mar-2026
153682;Kotak Nifty AAA Bond Financial Services Mar 2028 Index Fund - Regular Plan - IDCW - Payout & Reinvestment;INF174KA1WW0;INF174KA1WX8;10.3572;;;18-Mar-2026
153781;Kotak Nifty Alpha 50 Index Fund - Direct Plan - Growth;INF174KA1XG1;;9.364;;;18-Mar-2026
153782;Kotak Nifty Alpha 50 Index Fund - Direct Plan - IDCW - Payout & Reinvestment;INF174KA1XH9;INF174KA1XI7;9.364;;;18-Mar-2026
153784;Kotak Nifty Alpha 50 Index Fund - Regular Plan - Growth;INF174KA1XJ5;;9.332;;;18-Mar-2026
153783;Kotak Nifty Alpha 50 Index Fund - Regular Plan - IDCW - Payout & Reinvestment;INF174KA1XK3;INF174KA1XL1;9.332;;;18-Mar-2026
153353;Kotak Nifty Commodities Index Fund-Direct Growth;INF174KA1VE0;;11.863;;;18-Mar-2026
153354;KOTAK NIFTY COMMODITIES INDEX FUND-DIRECT-IDCW-PAYOUT & REINVESTMENT;INF174KA1VF7;INF174KA1VG5;11.863;;;18-Mar-2026
153351;KOTAK NIFTY COMMODITIES INDEX FUND-REGULAR GROWTH;INF174KA1VH3;;11.831;;;18-Mar-2026
153352;KOTAK NIFTY COMMODITIES INDEX FUND-REGULAR-IDCW-PAYOUT & REINVESTMENT;INF174KA1VI1;INF174KA1VJ9;11.831;;;18-Mar-2026
151911;Kotak Nifty Financial Services Ex-Bank Index Fund - Direct Plan - Growth option;INF174KA1OR7;;15.586;;;18-Mar-2026
151912;Kotak Nifty Financial Services Ex-Bank Index Fund - Direct Plan - IDCW option;INF174KA1OS5;INF174KA1OT3;15.586;;;18-Mar-2026
151909;Kotak Nifty Financial Services Ex-Bank Index Fund - Regular Plan - Growth option;INF174KA1OO4;;15.366;;;18-Mar-2026
151910;Kotak Nifty Financial Services Ex-Bank Index Fund - Regular Plan - IDCW option;INF174KA1OP1;INF174KA1OQ9;15.366;;;18-Mar-2026
152098;Kotak Nifty G-Sec July 2033 Index Fund - Direct Plan - Growth;INF174KA1PJ1;;12.2124;;;18-Mar-2026
152099;Kotak Nifty G-Sec July 2033 Index Fund - Direct Plan - IDCW Payout;INF174KA1PK9;INF174KA1PL7;12.2125;;;18-Mar-2026
152100;Kotak Nifty G-Sec July 2033 Index Fund - Regular Plan - Growth;INF174KA1PG7;;12.1384;;;18-Mar-2026
152101;Kotak Nifty G-Sec July 2033 Index Fund - Regular Plan - IDCW Payout;INF174KA1PH5;INF174KA1PI3;12.1383;;;18-Mar-2026
152873;Kotak Nifty India Tourism Index Fund-Direct Plan-IDCW Option;INF174KA1TA2;INF174KA1TB0;7.772;;;18-Mar-2026
152870;Kotak Nifty India Tourism Index Fund-Direct-Growth Option;INF174KA1SZ1;;7.771;;;18-Mar-2026
152872;Kotak Nifty India Tourism Index Fund-Regular plan-Growth;INF174KA1TC8;;7.697;;;18-Mar-2026
152871;Kotak Nifty India Tourism Index Fund-Regular Plan-IDCW Option;INF174KA1TD6;INF174KA1TE4;7.697;;;18-Mar-2026
153401;KOTAK NIFTY MIDCAP 150 INDEX FUND-DIRECT PLAN-GROWTH;INF174KA1VQ4;;10.655;;;18-Mar-2026
153402;KOTAK NIFTY MIDCAP 150 INDEX FUND-DIRECT PLAN-IDCW-PAYOUT AND REINVESTMENT;INF174KA1VR2;INF174KA1VS0;10.654;;;18-Mar-2026
153399;KOTAK NIFTY MIDCAP 150 INDEX FUND-REGULAR PLAN-GROWTH;INF174KA1VT8;;10.603;;;18-Mar-2026
153400;KOTAK NIFTY MIDCAP 150 INDEX FUND-REGULAR PLAN-IDCW PAYOUT AND REINVESTMENT;INF174KA1VU6;INF174KA1VV4;10.603;;;18-Mar-2026
152916;Kotak Nifty Midcap 150 Momentum 50 Index Fund-Direct Plan-Growth;INF174KA1TM7;;8.844;;;18-Mar-2026
152917;Kotak Nifty Midcap 150 Momentum 50 Index Fund-Direct Plan-IDCW option;INF174KA1TN5;INF174KA1TO3;8.844;;;18-Mar-2026
152918;Kotak Nifty Midcap 150 Momentum 50 Index Fund-Regular Plan-Growth;INF174KA1TP0;;8.761;;;18-Mar-2026
152919;Kotak Nifty Midcap 150 Momentum 50 Index Fund-Regular plan-IDCW option;INF174KA1TQ8;INF174KA1TR6;8.761;;;18-Mar-2026
152767;KOTAK NIFTY MIDCAP 50 INDEX FUND-DIRECT PLAN- GROWTH;INF174KA1SR8;;9.828;;;18-Mar-2026
152768;KOTAK NIFTY MIDCAP 50 INDEX FUND-DIRECT PLAN-IDCW PAYOUT AND REINVESTMENT;INF174KA1SS6;INF174KA1ST4;9.828;;;18-Mar-2026
152765;KOTAK NIFTY MIDCAP 50 INDEX FUND-REGULAR PLAN-GROWTH;INF174KA1SO5;;9.733;;;18-Mar-2026
152766;KOTAK NIFTY MIDCAP 50 INDEX FUND-REGULAR PLAN-IDCW PAYOUT AND REINVESTMENT;INF174KA1SP2;INF174KA1SQ0;9.733;;;18-Mar-2026
148745;Kotak Nifty Next 50 Index Fund - Direct Plan - Growth Option;INF174KA1GA9;;19.1778;;;18-Mar-2026
148746;Kotak Nifty Next 50 Index Fund - Direct Plan -Payout of Income Distribution cum capital withdrawal option;INF174KA1FZ8;INF174KA1GB7;19.1776;;;18-Mar-2026
148743;Kotak Nifty Next 50 Index Fund - Regular Plan - Growth Option;INF174KA1FX3;;18.6994;;;18-Mar-2026
148744;Kotak Nifty Next 50 Index Fund - Regular Plan - Payout of Income Distribution cum capital withdrawal option;INF174KA1FW5;INF174KA1FY1;18.6999;;;18-Mar-2026
149855;Kotak Nifty SDL Apr  2027 Top 12 Equal Weight Index Fund-Direct Plan-Growth;INF174KA1IL2;;12.9051;;;18-Mar-2026
149852;Kotak Nifty SDL Apr  2027 Top 12 Equal Weight Index Fund-Regular Plan- Growth;INF174KA1II8;;12.8238;;;18-Mar-2026
149853;Kotak Nifty SDL Apr  2027 Top 12 Equal Weight Index Fund-Regular Plan-IDCW Option;INF174KA1IJ6;INF174KA1IK4;12.8241;;;18-Mar-2026
149854;Kotak Nifty SDL Apr 2027 Top 12 Equal Weight Index Fund-Direct Plan-IDCW Option;INF174KA1IM0;INF174KA1IN8;12.9044;;;18-Mar-2026
149865;Kotak Nifty SDL Apr 2032 Top 12 Equal Weight Index Fund-Direct Plan- Growth;INF174KA1IR9;;13.2163;;;18-Mar-2026
149864;Kotak Nifty SDL Apr 2032 Top 12 Equal Weight Index Fund-Direct Plan-IDCW Option;INF174KA1IS7;INF174KA1IT5;13.2148;;;18-Mar-2026
149862;Kotak Nifty SDL Apr 2032 Top 12 Equal Weight Index Fund-Regular Plan-Growth;INF174KA1IO6;;13.1246;;;18-Mar-2026
149866;Kotak Nifty SDL Apr 2032 Top 12 Equal Weight Index Fund-Regular Plan-IDCW Option;INF174KA1IP3;INF174KA1IQ1;13.1287;;;18-Mar-2026
151218;Kotak Nifty SDL Jul 2026 Index Fund Direct Plan Growth;INF174KA1LC5;;12.5587;;;18-Mar-2026
151219;Kotak Nifty SDL Jul 2026 Index Fund Direct Plan IDCW;INF174KA1LD3;INF174KA1LE1;12.121;;;18-Mar-2026
151216;Kotak Nifty SDL Jul 2026 Index Fund Regular Plan Growth;INF174KA1KZ8;;12.4741;;;18-Mar-2026
151217;Kotak Nifty SDL Jul 2026 Index Fund Regular Plan IDCW;INF174KA1LA9;INF174KA1LB7;12.4743;;;18-Mar-2026
151420;Kotak Nifty SDL Jul 2033 Index Fund Direct Plan Growth Option;INF174KA1MJ8;;12.6282;;;18-Mar-2026
151418;Kotak Nifty SDL Jul 2033 Index Fund Direct Plan IDCW;INF174KA1MK6;INF174KA1ML4;12.2568;;;18-Mar-2026
151417;Kotak Nifty SDL Jul 2033 Index Fund Regular Plan Growth Option;INF174KA1MG4;;12.5364;;;18-Mar-2026
151419;Kotak Nifty SDL Jul 2033 Index Fund Regular Plan IDCW;INF174KA1MH2;INF174KA1MI0;12.5364;;;18-Mar-2026
150725;Kotak Nifty SDL Plus AAA PSU Bond Jul 2028 60:40 Index Fund Direct Plan - Growth;INF174KA1JT3;;12.9486;;;18-Mar-2026
150726;Kotak Nifty SDL Plus AAA PSU Bond Jul 2028 60:40 Index Fund Direct Plan - IDCW;INF174KA1JU1;INF174KA1JV9;12.9487;;;18-Mar-2026
150723;Kotak Nifty SDL Plus AAA PSU Bond Jul 2028 60:40 Index Fund Regular Plan - Growth;INF174KA1JQ9;;12.8628;;;18-Mar-2026
150724;Kotak Nifty SDL Plus AAA PSU Bond Jul 2028 60:40 Index Fund Regular Plan - IDCW;INF174KA1JR7;INF174KA1JS5;12.8587;;;18-Mar-2026
153220;Kotak Nifty SmallCap 250 Index Fund - Direct - IDCW;INF174KA1UL7;INF174KA1UM5;9.84;;;18-Mar-2026
153223;Kotak Nifty SmallCap 250 Index Fund- Direct - Growth;INF174KA1UK9;;9.84;;;18-Mar-2026
153221;Kotak Nifty SmallCap 250 Index Fund- Regular - Growth;INF174KA1UN3;;9.786;;;18-Mar-2026
153222;Kotak Nifty SmallCap 250 Index Fund- Regular - IDCW;INF174KA1UO1;INF174KA1UP8;9.786;;;18-Mar-2026
151649;Kotak Nifty Smallcap 50 Index Fund - Direct Plan - Growth;INF174KA1NB3;;18.587;;;18-Mar-2026
151650;Kotak Nifty Smallcap 50 Index Fund - Direct Plan - IDCW;INF174KA1NC1;INF174KA1ND9;18.598;;;18-Mar-2026
151647;Kotak Nifty Smallcap 50 Index Fund - Regular Plan - Growth;INF174KA1MY7;;18.243;;;18-Mar-2026
151648;Kotak Nifty Smallcap 50 Index Fund - Regular Plan - IDCW;INF174KA1MZ4;INF174KA1NA5;18.243;;;18-Mar-2026
153461;Kotak Nifty Top 10 Equal Weight Index Fund-Direct Plan-Growth;INF174KA1WD0;;9.155;;;18-Mar-2026
153462;Kotak Nifty Top 10 Equal Weight Index Fund-Direct Plan-IDCW-Payout and Reinvestment;INF174KA1WE8;INF174KA1WF5;9.155;;;18-Mar-2026
153463;Kotak Nifty Top 10 Equal Weight Index Fund-Regular Plan-Growth;INF174KA1WG3;;9.098;;;18-Mar-2026
153464;Kotak Nifty Top 10 Equal Weight Index Fund-Regular Plan-IDCW Payout and Reinvestment;INF174KA1WH1;INF174KA1WI9;9.098;;;18-Mar-2026
154145;Kotak Nifty200 Value 30 Index Fund - Direct - Growth;INF174KA1YP0;;9.627;;;18-Mar-2026
154146;Kotak Nifty200 Value 30 Index Fund - Direct - IDCW;INF174KA1YQ8;INF174KA1YR6;9.627;;;18-Mar-2026
154148;Kotak Nifty200 Value 30 Index Fund - Regular - Growth;INF174KA1YS4;;9.623;;;18-Mar-2026
154147;Kotak Nifty200 Value 30 Index Fund - Regular - IDCW;INF174KA1YT2;INF174KA1YU0;9.623;;;18-Mar-2026
154032;Kotak Nifty500 Momentum 50 Index Fund - Direct Plan - Growth;INF174KA1YC8;;9.341;;;18-Mar-2026
154029;Kotak Nifty500 Momentum 50 Index Fund - Direct Plan - IDCW - Payout & Investment;INF174KA1YD6;INF174KA1YE4;9.341;;;18-Mar-2026
154030;Kotak Nifty500 Momentum 50 Index Fund - Regular Plan - Growth;INF174KA1YF1;;9.332;;;18-Mar-2026
154031;Kotak Nifty500 Momentum 50 Index Fund - Regular Plan - IDCW - Payout & Reinvestment;INF174KA1YG9;INF174KA1YH7;9.332;;;18-Mar-2026

LIC Mutual Fund
120308;LIC MF BSE Sensex Index Fund-Direct Plan-Growth;INF767K01FJ4;;153.8499;;;18-Mar-2026
120312;LIC MF BSE Sensex Index Fund-Direct Plan-IDCW;INF767K01FI6;INF767K01FK2;51.5787;;;18-Mar-2026
101199;LIC MF BSE Sensex Index Fund-Regular Plan-Growth;INF767K01139;;143.0471;;;18-Mar-2026
101198;LIC MF BSE Sensex Index Fund-Regular Plan-IDCW;INF767K01121;INF767K01113;49.0304;;;18-Mar-2026
120307;LIC MF Nifty 50 Index Fund-Direct Plan-Growth;INF767K01FF2;;141.7285;;;18-Mar-2026
120309;LIC MF Nifty 50 Index Fund-Direct Plan-IDCW;INF767K01FG0;INF767K01FH8;52.2208;;;18-Mar-2026
101201;LIC MF Nifty 50 Index Fund-Regular Plan-Growth;INF767K01162;;131.0617;;;18-Mar-2026
101200;LIC MF Nifty 50 Index Fund-Regular Plan-IDCW;INF767K01154;INF767K01147;48.3483;;;18-Mar-2026
151937;LIC MF Nifty Next 50 Index Fund-Direct Plan-Growth;INF397L01AW2;;53.5553;;;18-Mar-2026
151938;LIC MF Nifty Next 50 Index Fund-Direct Plan-IDCW;INF397L01AY8;INF397L01AX0;53.5552;;;18-Mar-2026
151935;LIC MF Nifty Next 50 Index Fund-Regular Plan-Growth;INF397L01174;;48.6461;;;18-Mar-2026
151936;LIC MF Nifty Next 50 Index Fund-Regular Plan-IDCW;INF397L01166;INF397L01182;48.6461;;;18-Mar-2026

Navi Mutual Fund
152062;NAVI BSE SENSEX INDEX FUND - DIRECT PLAN - GROWTH;INF959L01HK9;;11.8959;;;18-Mar-2026
152061;NAVI BSE SENSEX INDEX FUND - REGULAR PLAN - GROWTH;INF959L01HJ1;;11.6902;;;18-Mar-2026
149039;Navi Nifty 50 Index Fund-Direct Plan-Growth;INF959L01FP2;;15.5918;;;18-Mar-2026
149040;Navi Nifty 50 Index Fund-Regular Plan-Growth;INF959L01FQ0;;15.4441;;;18-Mar-2026
152751;NAVI NIFTY 500 MULTICAP 50-25-25 DIRECT PLAN;INF959L01HO1;;9.3481;;;18-Mar-2026
152750;NAVI NIFTY 500 MULTICAP 50-25-25 REGULAR PLAN;INF959L01HN3;;9.2434;;;18-Mar-2026
149804;Navi Nifty Bank Index Fund- Direct Plan- Growth;INF959L01FT4;;14.5296;;;18-Mar-2026
149805;Navi Nifty Bank Index Fund- Regular Plan- Growth;INF959L01FU2;;14.1036;;;18-Mar-2026
150515;Navi Nifty India Manufacturing Index Fund- Direct Plan- Growth;INF959L01GD6;;18.082;;;18-Mar-2026
150516;Navi Nifty India Manufacturing Index Fund- Regular Plan- Growth;INF959L01GE4;;17.5862;;;18-Mar-2026
149892;Navi Nifty Midcap 150 Index Fund Direct Plan- Growth;INF959L01FX6;;19.6321;;;18-Mar-2026
149893;Navi Nifty Midcap 150 Index Fund Regular Plan- Growth;INF959L01FY4;;18.9709;;;18-Mar-2026
154026;Navi Nifty Midsmall 400 Index Fund - Regular - Growth;INF959L01HS2;;9.4669;;;18-Mar-2026
154027;Navi Nifty midsmallcap 400 Index Fund- Direct - Growth;INF959L01HR4;;9.4873;;;18-Mar-2026
149447;Navi Nifty Next 50 Index Fund- Direct Plan- Growth;INF959L01FR8;;15.6058;;;18-Mar-2026
149448;Navi Nifty Next 50 Index Fund- Regular Plan- Growth;INF959L01FS6;;15.26;;;18-Mar-2026
153362;Navi Nifty Smallcap 250 Momentum quality index fund- Direct Plan;INF959L01HQ6;;10.0874;;;18-Mar-2026
153363;Navi Nifty Smallcap 250 Momentum quality index fund- Regular Plan;INF959L01HP8;;10.0171;;;18-Mar-2026
152535;Navi NiftyIT Index Fund - Direct Plan- Growth;INF959L01HM5;;8.7805;;;18-Mar-2026
152536;Navi NiftyIT Index Fund - Regular Plan -Growth;INF959L01HL7;;8.6552;;;18-Mar-2026

Taurus Mutual Fund
118881;Taurus Nifty 50 Index Fund - Direct Plan - Growth;INF044D01CQ5;;48.1694;;;18-Mar-2026
118882;Taurus Nifty 50 Index Fund - Direct Plan - Payout of Income Distribution cum Capital Withdrawal option;INF044D01CR3;INF044D01CS1;45.0811;;;18-Mar-2026
112948;Taurus Nifty 50 Index Fund - Regular Plan - Growth;INF044D01948;;45.1386;;;18-Mar-2026
112949;Taurus Nifty 50 Index Fund - Regular Plan - Payout of Income Distribution cum Capital Withdrawal option;INF044D01914;INF044D01922;28.7796;;;18-Mar-2026

UTI Mutual Fund
143341;UTI Nifty Next 50 Index Fund - Direct Plan - Growth Option;INF789FC12T1;;24.2951;;;18-Mar-2026
143340;UTI Nifty Next 50 Index Fund - Regular Plan - Growth Option;INF789FC11T3;;23.37;;;18-Mar-2026
151764;UTI BSE Housing Index Fund - Direct Plan - Growth Option;INF789F1AYR1;;12.9962;;;18-Mar-2026
151763;UTI BSE Housing Index Fund - Regular Plan - Growth Option;INF789F1AYS9;;12.8356;;;18-Mar-2026
149881;UTI BSE Low Volatility Index Fund - Direct Plan  - Growth Option;INF789F1AVF2;;16.0806;;;18-Mar-2026
149880;UTI BSE Low Volatility Index Fund - Regular Plan - Growth Option;INF789F1AVE5;;15.7797;;;18-Mar-2026
149803;UTI BSE Sensex Index Fund - Direct Plan - Growth Option;INF789F1AVD7;;13.7819;;;18-Mar-2026
149802;UTI BSE Sensex Index Fund - Regular Plan  -Growth Option;INF789F1AVC9;;13.7265;;;18-Mar-2026
151185;UTI CRISIL SDL Maturity April 2033 Index Fund - Direct Plan - Growth Option;INF789F1AWX3;;12.717;;;18-Mar-2026
151184;UTI CRISIL SDL Maturity April 2033 Index Fund - Regular Plan - Growth Option;INF789F1AWW5;;12.6125;;;18-Mar-2026
151239;UTI CRISIL SDL Maturity June 2027 Index Fund - Direct Plan - Growth Option;INF789F1AWZ8;;12.6461;;;18-Mar-2026
151238;UTI CRISIL SDL Maturity June 2027 Index Fund - Regular Plan - Growth Option;INF789F1AWY1;;12.5468;;;18-Mar-2026
148703;UTI Nifty 200 Momentum 30 Index Fund - Direct Plan - Growth Option;INF789F1AUT5;;20.3446;;;18-Mar-2026
148704;UTI Nifty 200 Momentum 30 Index Fund - Regular Plan - Growth Option;INF789F1AUS7;;19.8484;;;18-Mar-2026
152859;UTI Nifty 200 Quality 30 Index Fund - Direct Plan - Growth Option;INF789F1AZH9;;8.4313;;;18-Mar-2026
152858;UTI Nifty 200 Quality 30 Index Fund - Regular Plan - Growth Option;INF789F1AZG1;;8.3656;;;18-Mar-2026
120717;UTI Nifty 50 Index Fund - Direct Plan - IDCW;INF789F01WY2;INF789F01WZ9;83.757;;;18-Mar-2026
120716;UTI Nifty 50 Index Fund - Growth Option- Direct;INF789F01XA0;;166.2457;;;18-Mar-2026
100822;UTI Nifty 50 Index Fund - Regular Plan - Growth Option;INF789F01JN2;;163.8081;;;18-Mar-2026
100823;UTI Nifty 50 Index Fund - Regular Plan - IDCW;INF789F01JL6;INF789F01JM4;82.5263;;;18-Mar-2026
151739;UTI Nifty 500 Value 50 Index Fund - Direct Plan - Growth Option;INF789F1AYN0;;21.7634;;;18-Mar-2026
151738;UTI Nifty 500 Value 50 Index Fund - Regular Plan - Growth Option;INF789F1AYO8;;21.4685;;;18-Mar-2026
153086;UTI Nifty Alpha Low-Volatility 30 Index Fund - Direct Plan - Growth Option;INF789F1AZM9;;9.2823;;;18-Mar-2026
153087;UTI Nifty Alpha Low-Volatility 30 Index Fund - Regular Plan - Growth Option;INF789F1AZL1;;9.2211;;;18-Mar-2026
153270;UTI Nifty India Manufacturing Index Fund - Direct Plan - Growth Option;INF789F1AB48;;11.5737;;;18-Mar-2026
153271;UTI Nifty India Manufacturing Index Fund - Regular Plan - Growth Option;INF789F1AB30;;11.5138;;;18-Mar-2026
153089;UTI Nifty Midcap 150 Index Fund - Direct Plan - Growth Option;INF789F1AZO5;;9.9459;;;18-Mar-2026
153088;UTI Nifty Midcap 150 Index Fund - Regular Plan - Growth Option;INF789F1AZN7;;9.8803;;;18-Mar-2026
150313;UTI Nifty Midcap 150 Quality 50 Index Fund - Direct Plan - Growth Option;INF789F1AVH8;;13.043;;;18-Mar-2026
150312;UTI Nifty Midcap 150 Quality 50 Index Fund - Regular Plan - Growth Option;INF789F1AVG0;;12.8098;;;18-Mar-2026
153272;UTI Nifty Midsmallcap 400 Momentum Quality 100 Index Fund - Direct Plan - Growth Option;INF789F1AB22;;10.4044;;;18-Mar-2026
153273;UTI Nifty Midsmallcap 400 Momentum Quality 100 Index Fund - Regular Plan - Growth Option;INF789F1AB06;;10.3458;;;18-Mar-2026
152864;UTI Nifty Private Bank Index Fund - Direct Plan - Growth Option;INF789F1AZJ5;;9.7378;;;18-Mar-2026
152865;UTI Nifty Private Bank Index Fund - Regular Plan - Growth Option;INF789F1AZI7;;9.6625;;;18-Mar-2026
151364;UTI NIFTY SDL Plus AAA PSU Bond Apr 2026 75:25 Index Fund - Direct Plan - Growth Option;INF789F1AXL6;;12.4537;;;18-Mar-2026
151363;UTI NIFTY SDL Plus AAA PSU Bond Apr 2026 75:25 Index Fund - Regular Plan - Growth Option;INF789F1AXK8;;12.3586;;;18-Mar-2026
151487;UTI NIFTY SDL Plus AAA PSU Bond Apr 2028- 75:25 Index Fund - Direct Plan - Growth Option;INF789F1AXR3;;12.6397;;;18-Mar-2026
151488;UTI NIFTY SDL Plus AAA PSU Bond Apr 2028- 75:25 Index Fund - Regular Plan - Growth Option;INF789F1AXQ5;;12.5553;;;18-Mar-2026
151762;UTI Nifty50 Equal Weight Index Fund - Direct Plan - Growth Option;INF789F1AYP5;;14.3978;;;18-Mar-2026
151761;UTI Nifty50 Equal Weight Index Fund - Regular Plan - Growth Option;INF789F1AYQ3;;14.2179;;;18-Mar-2026
154197;UTI Nifty500 Shariah Index Fund - Direct Plan Growth Option;;;9.4399;;;18-Mar-2026
154198;UTI Nifty500 Shariah Index Fund - Regular Plan Growth Option;;;9.4369;;;18-Mar-2026

Zerodha Mutual Fund
153932;Zerodha BSE SENSEX Index Fund;INF0R8F01174;;9.2014;;;18-Mar-2026
152157;Zerodha ELSS Tax Saver Nifty LargeMidcap 250 Index Fund - Direct Plan - Growth option;INF0R8F01026;;13.4019;;;18-Mar-2026
153906;Zerodha Nifty 50 Index Fund - Direct Plan - Growth;INF0R8F01158;;9.4496;;;18-Mar-2026
152156;Zerodha Nifty LargeMidcap 250 Index Fund - Direct Plan - Growth option;INF0R8F01018;;13.3815;;;18-Mar-2026
154109;Zerodha Nifty Short Duration G-Sec Index Fund - Direct Plan - Growth Option;INF0R8F01182;;1006.6334;;;18-Mar-2026

Open Ended Schemes ( Other Scheme - Gold ETF )


Angel One Mutual Fund
153826;ANGEL ONE GOLD ETF;INF1J2R01114;;14.3868;;;18-Mar-2026

Axis Mutual Fund
113434;Axis Gold ETF;INF846K01W80;;128.6219;;;18-Mar-2026

Bandhan Mutual Fund
153930;Bandhan Gold ETF;INF194KB1KJ7;;153.8703;;;18-Mar-2026

Baroda BNP Paribas Mutual Fund
152231;Baroda BNP Paribas Gold ETF;INF251K01SU9;;149.2491;;;18-Mar-2026

Choice Mutual Fund
153933;Choice Gold ETF;INF2KCX01012;;153.0020;;;18-Mar-2026

Edelweiss Mutual Fund
152193;Edelweiss Gold ETF;INF754K01SE6;;153.9688;;;18-Mar-2026

Groww Mutual Fund
152957;Groww Gold ETF;INF666M01OE7;;15.0692;;;18-Mar-2026

HDFC Mutual Fund
113049;HDFC Gold ETF - Growth Option;INF179KC1981;;131.7393;;;18-Mar-2026

ICICI Prudential Mutual Fund
113076;ICICI Prudential Gold ETF;INF109KC1NT3;;131.9845;;;18-Mar-2026

Kotak Mahindra Mutual Fund
106193;KOTAK GOLD ETF;INF174KA1HJ8;;128.658;;;18-Mar-2026

LIC Mutual Fund
151961;LIC MF Gold Exchange Traded Fund;INF767K01SM1;;139.5353;;;18-Mar-2026

Quantum Mutual Fund
107693;Quantum Gold Fund;INF082J01408;;127.7635;;;18-Mar-2026

The Wealth Company Mutual Fund
154092;The Wealth Company Gold ETF;INF2F0001370;;153.0968;;;18-Mar-2026

UTI Mutual Fund
105463;UTI GOLD Exchange Traded Fund;INF789F1AUX7;;131.0491;;;18-Mar-2026

Open Ended Schemes ( Other Scheme - Other  ETFs )


Angel One Mutual Fund
153451;ANGEL ONE NIFTY 1D RATE LIQUID ETF - GROWTH;INF1J2R01056;;1051.1802;;;18-Mar-2026
153531;ANGEL ONE NIFTY 50 ETF;INF1J2R01064;;9.7542;;;18-Mar-2026
153332;ANGEL ONE NIFTY TOTAL MARKET ETF;INF1J2R01015;;11.0719;;;18-Mar-2026
153957;ANGEL ONE NIFTY TOTAL MARKET MOMENTUM QUALITY 50 ETF;INF1J2R01148;;9.3557;;;18-Mar-2026
154206;ANGEL ONE SILVER ETF FOF -DIRECT GROWTH;INF1J2R01155;;8.6024;;;18-Mar-2026
154207;ANGEL ONE SILVER ETF FOF -REGULAR GROWTH;INF1J2R01163;;8.6003;;;18-Mar-2026

Axis Mutual Fund
151585;Axis BSE Sensex ETF;INF846K010Q0;;79.0611;;;18-Mar-2026
141545;Axis Nifty 50 ETF;INF846K01W98;;261.3973;;;18-Mar-2026
148926;Axis Nifty AAA Bond Plus SDL Apr 2026 50:50 ETF;INF846K01Z04;;13.2978;;;18-Mar-2026
148559;Axis NIFTY Bank ETF;INF846K01X63;;568.2812;;;18-Mar-2026
148934;Axis NIFTY Healthcare ETF;INF846K01Z12;;147.1430;;;18-Mar-2026
149156;Axis NIFTY India Consumption ETF;INF846K016C7;;112.3160;;;18-Mar-2026
148799;Axis IT ETF;INF846K01Y96;;323.5613;;;18-Mar-2026
153414;Axis Nifty500 Value 50 ETF;INF846KA1119;;32.0366;;;18-Mar-2026
150610;Axis Silver ETF;INF846K011K1;;245.5594;;;18-Mar-2026

Bajaj Finserv Mutual Fund
152638;Bajaj Finserv Nifty 1D Rate Liquid ETF;INF0QA701854;;1073.2582;;;18-Mar-2026
152356;Bajaj Finserv Nifty 50 ETF;INF0QA701722;;243.0835;;;18-Mar-2026
152357;Bajaj Finserv Nifty Bank ETF;INF0QA701714;;56.0075;;;18-Mar-2026

Bandhan Mutual Fund
139840;BANDHAN BSE Sensex ETF;INF194KA1T91;;829.7569;;;18-Mar-2026
139839;BANDHAN Nifty 50 ETF;INF194KA1U07;;261.0062;;;18-Mar-2026
153929;Bandhan Silver ETF;INF194KB1KI9;;247.3953;;;18-Mar-2026

Baroda BNP Paribas Mutual Fund
152683;Baroda BNP Paribas Nifty Bank ETF;INF251K01TL6;;55.5805;;;18-Mar-2026

Edelweiss Mutual Fund
152212;Edelweiss Silver ETF;INF754K01SF3;;246.7331;;;18-Mar-2026

Groww Mutual Fund
154199;Groww BSE Hospitals ETF;INF666M01OD9;;45.9895;;;18-Mar-2026
153744;Groww BSE Power ETF;INF666M01LM6;;10.5046;;;18-Mar-2026
152891;Groww Nifty 1D Rate Liquid ETF;INF666M01IP5;;108.2577;;;18-Mar-2026
153329;Groww Nifty 200 ETF;INF666M01JV1;;10.8024;;;18-Mar-2026
153699;Groww Nifty 50 ETF;INF666M01LL8;;9.5495;;;18-Mar-2026
153583;Groww Nifty 500 Low Volatility 50 ETF;INF666M01LB9;;10.0676;;;18-Mar-2026
153452;Groww Nifty 500 Momentum 50 ETF;INF666M01KJ4;;9.8999;;;18-Mar-2026
153907;Groww Nifty Capital Markets ETF;INF666M01MM4;;9.7967;;;18-Mar-2026
154111;Groww Nifty Chemicals ETF;INF666M01NP5;;26.6946;;;18-Mar-2026
152764;GROWW NIFTY EV & NEW AGE AUTOMOTIVE ETF;INF666M01IH2;;28.2702;;;18-Mar-2026
152845;Groww Nifty India Defence ETF;INF666M01IO8;;80.921;;;18-Mar-2026
153625;Groww Nifty India Internet ETF;INF666M01LI4;;8.581;;;18-Mar-2026
153229;Groww Nifty India Railways PSU ETF;INF666M01JJ6;;30.2979;;;18-Mar-2026
154034;Groww Nifty Metal ETF;INF666M01NI0;;11.0263;;;18-Mar-2026
153940;Groww Nifty Midcap 150 ETF;INF666M01MV5;;207.8365;;;18-Mar-2026
153785;Groww Nifty Next 50 ETF;INF666M01LZ8;;65.7194;;;18-Mar-2026
154163;Groww Nifty PSE ETF;INF666M01NQ3;;100.8059;;;18-Mar-2026
153899;Groww Nifty Realty ETF;INF666M01MN2;;8.1809;;;18-Mar-2026
153923;Groww Nifty Smallcap250 ETF;INF666M01MO0;;8.7391;;;18-Mar-2026
153524;Groww Silver ETF;INF666M01OF4;;24.2399;;;18-Mar-2026

HDFC Mutual Fund
151376;HDFC BSE 500 ETF - Growth Option;INF179KC1EZ4;;35.1146;;;18-Mar-2026
135854;HDFC BSE Sensex ETF - Growth Plan;INF179KC1HX2;;86.4293;;;18-Mar-2026
150476;HDFC NIFTY 100 ETF - Growth Option;INF179KC1HR4;;25.1483;;;18-Mar-2026
153403;HDFC NIFTY 1D RATE LIQUID ETF GROWTH;INF179KC1JG3;;1052.3775;;;18-Mar-2026
135853;HDFC NIFTY 50 ETF - Growth Plan;INF179KC1965;;266.1493;;;18-Mar-2026
148461;HDFC NIFTY Bank ETF - GROWTH;INF179KC1HY0;;56.7268;;;18-Mar-2026
150621;HDFC NIFTY GROWTH SECTORS 15 ETF - Growth Option;INF179KC1DJ0;;112.9425;;;18-Mar-2026
150801;HDFC NIFTY IT ETF - Growth option;INF179KC1IA8;;31.3453;;;18-Mar-2026
151374;HDFC NIFTY Midcap 150 ETF - Growth Option;INF179KC1HT0;;20.9754;;;18-Mar-2026
150477;HDFC NIFTY NEXT 50 ETF - Growth Option;INF179KC1HS2;;66.8547;;;18-Mar-2026
150802;HDFC NIFTY Private Bank ETF - Growth Option;INF179KC1HZ7;;26.7019;;;18-Mar-2026
152350;HDFC NIFTY PSU BANK ETF;INF179KC1HW4;;87.2454;;;18-Mar-2026
151375;HDFC NIFTY Smallcap 250 ETF - Growth Option;INF179KC1FB2;;152.5703;;;18-Mar-2026
150658;HDFC NIFTY100 Low Volatility 30 ETF - Growth Option;INF179KC1HU8;;19.6921;;;18-Mar-2026
150620;HDFC NIFTY100 QUALITY 30 ETF - Growth Option;INF179KC1DL6;;55.0656;;;18-Mar-2026
150657;HDFC NIFTY200 MOMENTUM 30 ETF - Growth Option;INF179KC1HV6;;29.6195;;;18-Mar-2026
150619;HDFC NIFTY 50 VALUE 20 ETF - Growth Option;INF179KC1DK8;;128.0493;;;18-Mar-2026
150556;HDFC Silver ETF - Growth Option;INF179KC1DI2;;236.6334;;;18-Mar-2026

ICICI Prudential Mutual Fund
141957;BHARAT 22 ETF;INF109KB15Y7;;119.2222;;;18-Mar-2026
143247;ICICI Prudential BSE 500 ETF;INF109KC1V59;;36.9629;;;18-Mar-2026
153378;ICICI Prudential BSE Liquid Rate ETF - Growth;INF109K1A021;;1053.8439;;;18-Mar-2026
144947;ICICI Prudential BSE Liquid Rate ETF - IDCW;INF109KC1KT9;;1000.0000;;;18-Mar-2026
139519;ICICI Prudential BSE Midcap Select ETF;INF109KC10W0;;16.5877;;;18-Mar-2026
101705;ICICI Prudential BSE Sensex ETF;INF346A01034;;875.9346;;;18-Mar-2026
151196;ICICI Prudential Nifty 10 yr Benchmark G-sec ETF;INF109KC18O0;;260.0136;;;18-Mar-2026
123004;ICICI Prudential Nifty 100 ETF;INF109KC16V9;;27.1670;;;18-Mar-2026
141596;ICICI Prudential Nifty 100 Low Volatility 30 ETF;INF109KC19U5;;21.1608;;;18-Mar-2026
150455;ICICI Prudential Nifty 200 Momentum 30 ETF;INF109KC17C7;;29.8879;;;18-Mar-2026
151907;ICICI Prudential Nifty 200 Quality 30 ETF;INF109KC18V5;;19.8756;;;18-Mar-2026
149928;ICICI Prudential Nifty 5 yr Benchmark G-SEC ETF;INF109KC14A8;;64.4585;;;18-Mar-2026
121366;ICICI Prudential Nifty 50 ETF;INF109K012R6;;267.6512;;;18-Mar-2026
148456;ICICI Prudential Nifty Alpha Low- Volatility 30 ETF;INF109KC17V7;;26.2887;;;18-Mar-2026
149463;ICICI Prudential Nifty Auto ETF;INF109KC10V2;;26.3339;;;18-Mar-2026
147483;ICICI Prudential Nifty Bank ETF;INF109KC15I8;;56.5823;;;18-Mar-2026
151207;ICICI Prudential Nifty Commodities ETF;INF109KC19O8;;96.6639;;;18-Mar-2026
153397;ICICI Prudential Nifty EV & New Age Automotive ETF;INF109K1A153;;28.3363;;;18-Mar-2026
150879;ICICI Prudential Nifty Financial Services Ex-BaNk ETF;INF109KC17L8;;30.5514;;;18-Mar-2026
149072;ICICI Prudential Nifty FMCG ETF;INF109KC19V3;;51.4161;;;18-Mar-2026
148957;ICICI Prudential Nifty Healthcare ETF;INF109KC1Q72;;148.2204;;;18-Mar-2026
149285;ICICI Prudential Nifty India Consumption ETF;INF109KC1V42;;112.9720;;;18-Mar-2026
150526;ICICI Prudential Nifty Infrastructure ETF;INF109KC16E5;;92.0654;;;18-Mar-2026
148466;ICICI Prudential Nifty IT ETF;INF109KC16I6;;32.5998;;;18-Mar-2026
152769;ICICI Prudential Nifty Metal ETF;INF109KC19W1;;11.6654;;;18-Mar-2026
147921;ICICI Prudential Nifty Midcap 150 ETF;INF109KC11W8;;21.4235;;;18-Mar-2026
144587;ICICI Prudential Nifty Next 50 ETF;INF109KC1NS5;;69.0409;;;18-Mar-2026
152748;ICICI Prudential Nifty Oil & Gas ETF;INF109KC18W3;;11.3575;;;18-Mar-2026
147530;ICICI Prudential Nifty Private Bank ETF;INF109KC18U7;;26.4701;;;18-Mar-2026
151572;ICICI Prudential Nifty PSU Bank ETF;INF109KC10S8;;87.4912;;;18-Mar-2026
153617;ICICI Prudential Nifty Top 15 Equal Weight ETF;INF109K1A344;;9.7557;;;18-Mar-2026
152932;ICICI Prudential Nifty200 Value 30 ETF;INF109KC16X5;;15.1782;;;18-Mar-2026
139455;ICICI Prudential Nifty50 Value 20 ETF;INF109KC11V0;;13.8724;;;18-Mar-2026
149464;ICICI PRUDENTIAL SILVER ETF;INF109KC1Y56;;246.7909;;;18-Mar-2026

Kotak Mahindra Mutual Fund
109010;Kotak BSE Sensex ETF;INF174KA1JD7;;83.6279;;;18-Mar-2026
153314;Kotak MSCI India ETF;INF174KA1VD2;;28.6;;;18-Mar-2026
153315;Kotak Nifty 100 Equal Weight ETF;INF174KA1UW4;;32.182;;;18-Mar-2026
150000;Kotak Nifty 100 Low Volatility 30 ETF;INF174KA1IY5;;20.1263;;;18-Mar-2026
151358;Kotak Nifty 1D Rate Liquid ETF;INF174KA1LV5;;1095.7215;;;18-Mar-2026
153904;Kotak Nifty 200 Momentum 30 ETF;INF174KA1XS6;;29.369;;;18-Mar-2026
112351;Kotak Nifty 50 ETF;INF174K014P6;;262.0136;;;18-Mar-2026
135744;Kotak Nifty 50 Value 20 ETF - Payout of Income Distribution cum capital withdrawal option;INF174KA1ZE1;;14.2154;;;18-Mar-2026
149397;Kotak Nifty Alpha 50 ETF;INF174KA1IA5;;46.1897;;;18-Mar-2026
133122;Kotak Nifty Bank ETF;INF174KA1ZB7;;57.1858;;;18-Mar-2026
153934;Kotak Nifty Chemicals ETF;INF174KA1XV0;;26.712;;;18-Mar-2026
150492;Kotak Nifty India Consumption ETF;INF174KA1ZF8;;11.2073;;;18-Mar-2026
148763;Kotak Nifty IT ETF;INF174KA1GC5;;32.5299;;;18-Mar-2026
153398;Kotak Nifty Midcap 150 ETF;INF174KA1VW2;;21.042;;;18-Mar-2026
149757;Kotak Nifty Midcap 50 ETF;INF174KA1ZC5;;16.3087;;;18-Mar-2026
150531;Kotak Nifty MNC ETF;INF174KA1JF2;;30.229;;;18-Mar-2026
154101;Kotak Nifty Next 50 ETF;INF174KA1YO3;;65.872;;;18-Mar-2026
106929;Kotak Nifty PSU Bank ETF;INF373I01023;;863.8245;;;18-Mar-2026
153657;Kotak Nifty200 Quality 30 ETF;INF174KA1WT6;;19.458;;;18-Mar-2026
150948;Kotak Silver ETF;INF174KA1ZD3;;23.9752;;;18-Mar-2026

LIC Mutual Fund
135672;LIC MF BSE Sensex ETF;INF767K01OT5;;860.68;;;18-Mar-2026
136473;LIC MF Nifty 100 ETF;INF767K01PC8;;266.4577;;;18-Mar-2026
135607;LIC MF Nifty 50 ETF;INF767K01OS7;;265.0431;;;18-Mar-2026
133307;LIC MF Nifty 8-13 yr G-Sec ETF;INF767K01MV5;;28.9203;;;18-Mar-2026
152404;LIC MF Nifty Midcap 100 ETF;INF767K01RN1;;56.5847;;;18-Mar-2026

Quantum Mutual Fund
108479;Quantum Nifty 50 ETF;INF082J01499;;259.9877;;;18-Mar-2026

Shriram Mutual Fund
152741;Shriram Nifty 1D Rate Liquid ETF - Growth;INF680P01422;;1096.2377;;;18-Mar-2026

UTI Mutual Fund
146388;UTI - BSE Sensex Next 50 Exchange Traded Fund;INF789F1AUU3;;86.1458;;;18-Mar-2026
141665;UTI Nifty Next 50 Exchange Traded Fund;INF789F1AUW9;;70.5432;;;18-Mar-2026
135321;UTI BSE Sensex ETF;INF789FB1X58;;844.0736;;;18-Mar-2026
152369;UTI Nifty 10 yr Benchmark G-Sec ETF;INF789F1AZF3;;26.2099;;;18-Mar-2026
152368;UTI Nifty 5 yr Benchmark G-Sec ETF;INF789F1AZE6;;64.4984;;;18-Mar-2026
135320;UTI Nifty 50 ETF;INF789F1AZC0;;261.8214;;;18-Mar-2026
148173;UTI Nifty Bank ETF;INF789F1AUV1;;57;;;18-Mar-2026
152355;UTI Nifty IT ETF;INF789F1AZD8;;308.5607;;;18-Mar-2026
152050;UTI Nifty Midcap 150 Exchange Traded Fund;INF789F1AYX9;;209.2827;;;18-Mar-2026
151730;UTI Silver Exchange Traded Fund;INF789F1AYK6;;239.6835;;;18-Mar-2026

Zerodha Mutual Fund
152667;Zerodha Nifty 100 ETF;INF0R8F01067;;10.2001;;;18-Mar-2026
152327;Zerodha Nifty 1D Rate Liquid ETF - Growth Option;INF0R8F01034;;113.1886;;;18-Mar-2026
153905;Zerodha Nifty 50 ETF;INF0R8F01166;;9.4709;;;18-Mar-2026
153811;Zerodha Nifty 8-13 Yr G-Sec ETF;INF0R8F01133;;29.9268;;;18-Mar-2026
152668;Zerodha Nifty Midcap 150 ETF;INF0R8F01059;;10.3893;;;18-Mar-2026
153837;Zerodha Nifty Smallcap 100 ETF;INF0R8F01141;;9.1545;;;18-Mar-2026

Open Ended Schemes ( Other Scheme - FoF Domestic )


Angel One Mutual Fund
153828;ANGEL ONE GOLD ETF FOF - REGULAR GROWTH;INF1J2R01106;;13.9842;;;18-Mar-2026
153827;ANGEL ONE GOLD ETF FOF- DIRECT GROWTH;INF1J2R01098;;14.0206;;;18-Mar-2026

Axis Mutual Fund
154078;Axis Gold and Silver Passive FOF - Direct Plan - Growth;INF846KA1408;;11.4446;;;18-Mar-2026
154077;Axis Gold and Silver Passive FOF - Regular Plan - Growth;INF846KA1390;;11.4337;;;18-Mar-2026
120473;Axis Gold Fund - Direct Plan - Growth option;INF846K01DS2;;48.7431;;;18-Mar-2026
120472;Axis Gold Fund - Direct Plan - IDCW;INF846K01DQ6;INF846K01DR4;48.7885;;;18-Mar-2026
115897;Axis Gold Fund - Regular Plan - Growth Option;INF846K01AL3;;44.7318;;;18-Mar-2026
115898;Axis Gold Fund - Regular Plan - IDCW;INF846K01AM1;INF846K01AN9;44.7876;;;18-Mar-2026
149847;Axis Multi Factor Passive FoF - Direct Plan - Growth Option;INF846K011G9;;15.0495;;;18-Mar-2026
149846;Axis Multi Factor Passive FoF - Direct Plan - IDCW;INF846K012G7;INF846K013G5;15.0492;;;18-Mar-2026
149844;Axis Multi Factor Passive FoF - Regular Plan - Growth Option;INF846K014G3;;14.8677;;;18-Mar-2026
149845;Axis Multi Factor Passive FoF - Regular Plan - IDCW;INF846K015G0;INF846K016G8;14.8677;;;18-Mar-2026
149243;Axis Nifty AAA Bond Plus SDL Apr 2026 50:50 ETF FOF - Direct Plan - Growth Option;INF846K017C5;;12.7060;;;18-Mar-2026
149242;Axis Nifty AAA Bond Plus SDL Apr 2026 50:50 ETF FOF - Regular Plan - Growth Option;INF846K010D8;;12.6342;;;18-Mar-2026
149245;Axis Nifty AAA Bond Plus SDL Apr 2026 50:50 ETF FOF - Regular Plan - IDCW Option;INF846K011D6;INF846K012D4;12.6341;;;18-Mar-2026
149244;Axis Nifty AAA Bond Plus SDL April 2026 50:50 ETF FOF - Direct Plan - IDCW Option;INF846K018C3;INF846K019C1;12.7060;;;18-Mar-2026
150618;Axis Silver Fund of Fund - Regular Plan - IDCW Option;INF846K019J6;INF846K010K3;41.7780;;;18-Mar-2026
150617;Axis Silver Fund of Fund -Regular Plan- Growth Option;INF846K018J8;;41.7784;;;18-Mar-2026
150616;Axis Silver Fund of Fund- Direct Plan - IDCW Option;INF846K016J2;INF846K017J0;42.5343;;;18-Mar-2026
150615;Axis Silver Fund of Fund- Direct Plan-Growth Option;INF846K015J4;;42.5349;;;18-Mar-2026

Bandhan Mutual Fund
118485;Bandhan Aggressive Hybrid Passive FOF - Direct Plan - Growth;INF194K012B6;;49.5153;;;18-Mar-2026
118484;Bandhan Aggressive Hybrid Passive FOF - Direct Plan - IDCW;INF194K013B4;INF194K014B2;34.0903;;;18-Mar-2026
112332;Bandhan Aggressive Hybrid Passive FOF - Regular Plan - Growth;INF194K01953;;45.6275;;;18-Mar-2026
112331;Bandhan Aggressive Hybrid Passive FOF - Regular Plan - IDCW;INF194K01961;INF194K01979;24.9009;;;18-Mar-2026
118486;Bandhan Conservative Hybrid Passive FOF - Direct Plan - Growth;INF194K016A9;;36.7470;;;18-Mar-2026
118487;Bandhan Conservative Hybrid Passive FOF - Direct Plan - IDCW;INF194K017A7;INF194K018A5;18.4910;;;18-Mar-2026
112327;Bandhan Conservative Hybrid Passive FOF - Regular Plan - Growth;INF194K01987;;34.1867;;;18-Mar-2026
112328;Bandhan Conservative Hybrid Passive FOF - Regular Plan - IDCW;INF194K01995;INF194K01AA1;17.6522;;;18-Mar-2026
154129;Bandhan Gold ETF FOF-Direct-Growth;INF194KB1KL3;;10.0806;;;18-Mar-2026
154130;Bandhan Gold ETF FOF-Regular-Growth;INF194KB1KK5;;10.0732;;;18-Mar-2026
118408;Bandhan Income Plus Arbitrage Active FOF - Direct Plan - Annual IDCW;INF194K01U98;INF194K01U80;15.6294;;;18-Mar-2026
118409;Bandhan Income Plus Arbitrage Active FOF - Direct Plan - Daily IDCW;;INF194K01V63;12.4404;;;18-Mar-2026
118414;Bandhan Income Plus Arbitrage Active FOF - Direct Plan - Fortnightly IDCW;INF194K01V55;INF194K01V48;12.3902;;;18-Mar-2026
118410;Bandhan Income Plus Arbitrage Active FOF - Direct Plan - Growth;INF194K01U72;;47.8013;;;18-Mar-2026
118411;Bandhan Income Plus Arbitrage Active FOF - Direct Plan - Half Yearly IDCW;INF194K01V14;INF194K01V06;15.9579;;;18-Mar-2026
131398;Bandhan Income Plus Arbitrage Active FOF - Direct Plan - Periodic IDCW;INF194KA1TV4;INF194KA1TW2;16.4301;;;18-Mar-2026
118413;Bandhan Income Plus Arbitrage Active FOF - Direct Plan - Quarterly IDCW;INF194K01V30;INF194K01V22;12.9830;;;18-Mar-2026
118412;Bandhan Income Plus Arbitrage Active FOF - Direct Plan - Weekly IDCW;;INF194K01V71;12.4512;;;18-Mar-2026
108547;Bandhan Income Plus Arbitrage Active FOF - Regular Plan - Annual IDCW;INF194K01SG0;INF194K01SF2;15.3011;;;18-Mar-2026
117868;Bandhan Income Plus Arbitrage Active FOF - Regular Plan - Daily IDCW;;INF194K01F55;12.3727;;;18-Mar-2026
115874;Bandhan Income Plus Arbitrage Active FOF - Regular Plan - Fortnightly IDCW;INF194K01SM8;INF194K01SL0;12.1516;;;18-Mar-2026
108545;Bandhan Income Plus Arbitrage Active FOF - Regular Plan - Growth;INF194K01SE5;;45.3811;;;18-Mar-2026
108546;Bandhan Income Plus Arbitrage Active FOF - Regular Plan - Half Yearly IDCW;INF194K01SI6;INF194K01SH8;13.1593;;;18-Mar-2026
131399;Bandhan Income Plus Arbitrage Active FOF - Regular Plan - Periodic IDCW;INF194KA1TS0;INF194KA1TT8;15.8698;;;18-Mar-2026
108544;Bandhan Income Plus Arbitrage Active FOF - Regular Plan - Quarterly IDCW;INF194K01SK2;INF194K01SJ4;12.8774;;;18-Mar-2026
117867;Bandhan Income Plus Arbitrage Active FOF - Regular Plan - Weekly IDCW;;INF194K01F63;12.3857;;;18-Mar-2026
118489;Bandhan Multi-Asset Passive FOF - Direct Plan - Growth;INF194K019A3;;44.6107;;;18-Mar-2026
118488;Bandhan Multi-Asset Passive FOF - Direct Plan - IDCW;INF194K010B0;INF194K011B8;22.8486;;;18-Mar-2026
112329;Bandhan Multi-Asset Passive FOF - Regular Plan - Growth;INF194K01AB9;;41.5395;;;18-Mar-2026
112330;Bandhan Multi-Asset Passive FOF - Regular Plan - IDCW;INF194K01AC7;INF194K01AD5;21.7030;;;18-Mar-2026
154136;Bandhan Silver ETF FOF-Direct-Growth;INF194KB1KN9;;8.1250;;;18-Mar-2026
154135;Bandhan Silver ETF FOF-Regular-Growth;INF194KB1KM1;;8.1190;;;18-Mar-2026

Baroda BNP Paribas Mutual Fund
153795;Baroda BNP Paribas Gold ETF Fund of Funds Direct Growth;INF251K01VF4;;15.4148;;;18-Mar-2026
153794;Baroda BNP Paribas Gold ETF Fund of Funds Regular Growth;INF251K01VE7;;15.3943;;;18-Mar-2026
153536;Baroda BNP Paribas Income Plus Arbitrage Active FOF Direct Growth;INF251K01UT7;;10.4339;;;18-Mar-2026
153540;Baroda BNP Paribas Income Plus Arbitrage Active FOF Direct IDCW Payout;INF251K01UU5;INF251K01UV3;10.4339;;;18-Mar-2026
153541;Baroda BNP Paribas Income Plus Arbitrage Active FOF Regular Growth;INF251K01UR1;;10.4168;;;18-Mar-2026
153538;Baroda BNP Paribas Income Plus Arbitrage Active FOF Regular IDCW Payout;INF251K01UX9;INF251K01US9;10.4168;;;18-Mar-2026
153552;Baroda BNP Paribas Multi Asset Active FOF Direct Growth;INF251K01UO8;;11.2462;;;18-Mar-2026
153550;Baroda BNP Paribas Multi Asset Active FOF Direct IDCW Payout;INF251K01UP5;INF251K01UQ3;11.2462;;;18-Mar-2026
153548;Baroda BNP Paribas Multi Asset Active FOF Regular Growth;INF251K01UM2;;11.1660;;;18-Mar-2026
153549;Baroda BNP Paribas Multi Asset Active FOF Regular ICDW Payout;INF251K01UN0;INF251K01UW1;11.1660;;;18-Mar-2026

Groww Mutual Fund
154200;Groww BSE Hospitals ETF FOF Direct Growth;INF666M01NX9;;9.6322;;;18-Mar-2026
154221;Groww BSE Hospitals ETF FOF Direct IDCW;INF666M01NY7;INF666M01NZ4;9.6322;;;18-Mar-2026
154223;Groww BSE Hospitals ETF FOF Regular Growth;INF666M01OA5;;9.6306;;;18-Mar-2026
154222;Groww BSE Hospitals ETF FOF Regular IDCW;INF666M01OB3;INF666M01OC1;9.6306;;;18-Mar-2026
153745;Groww BSE Power ETF FOF Direct Growth;INF666M01LN4;;10.7305;;;18-Mar-2026
153746;Groww BSE Power ETF FOF Direct IDCW;INF666M01LO2;INF666M01LP9;10.7305;;;18-Mar-2026
153748;Groww BSE Power ETF FOF Regular Growth;INF666M01LQ7;;10.7002;;;18-Mar-2026
153747;Groww BSE Power ETF FOF Regular IDCW;INF666M01LR5;INF666M01LS3;10.7002;;;18-Mar-2026
152980;Groww Gold ETF FOF - DIRECT - GROWTH;INF666M01IX9;;18.9626;;;18-Mar-2026
153004;Groww Gold ETF FOF - DIRECT - IDCW;INF666M01IY7;INF666M01IZ4;18.9626;;;18-Mar-2026
153006;Groww Gold ETF FOF - REGULAR - GROWTH;INF666M01JA5;;18.8782;;;18-Mar-2026
153005;Groww Gold ETF FOF - REGULAR - IDCW;INF666M01JB3;INF666M01JC1;18.8786;;;18-Mar-2026
153328;Groww Nifty 200 ETF FOF - Direct - Growth;INF666M01JQ1;;11.1702;;;18-Mar-2026
153343;Groww Nifty 200 ETF FOF - Direct - IDCW;INF666M01JR9;INF666M01JS7;11.1701;;;18-Mar-2026
153342;Groww Nifty 200 ETF FOF - Regular - Growth;INF666M01JT5;;11.1057;;;18-Mar-2026
153344;Groww Nifty 200 ETF FOF - Regular - IDCW;INF666M01JU3;INF666M01JW9;11.1057;;;18-Mar-2026
153453;Groww Nifty 500 Momentum 50 ETF FOF - Direct Plan - Growth;INF666M01JX7;;9.7929;;;18-Mar-2026
153454;Groww Nifty 500 Momentum 50 ETF FOF - Direct Plan - IDCW;INF666M01JY5;INF666M01KB1;9.8037;;;18-Mar-2026
153455;Groww Nifty 500 Momentum 50 ETF FOF - Regular Plan - IDCW;INF666M01KH8;INF666M01KI6;9.7533;;;18-Mar-2026
153456;Groww Nifty 500 Momentum 50 ETF FOF - Regular Plan- Growth;INF666M01KC9;;9.7533;;;18-Mar-2026
153908;Groww Nifty Capital Markets ETF FOF Direct Growth;INF666M01MG6;;9.9468;;;18-Mar-2026
153917;Groww Nifty Capital Markets ETF FOF Direct IDCW;INF666M01MH4;INF666M01MI2;9.9468;;;18-Mar-2026
153918;Groww Nifty Capital Markets ETF FOF Regular Growth;INF666M01MJ0;;9.9316;;;18-Mar-2026
153919;Groww Nifty Capital Markets ETF FOF Regular IDCW;INF666M01MK8;INF666M01ML6;9.9317;;;18-Mar-2026
152771;Groww Nifty EV & New Age Automotive ETF FOF - Direct Plan - IDCW;INF666M01IM2;INF666M01IN0;8.6767;;;18-Mar-2026
152773;Groww Nifty EV & New Age Automotive ETF FOF - Regular Plan - Growth;INF666M01II0;;8.6166;;;18-Mar-2026
152772;Groww Nifty EV & New Age Automotive ETF FOF - Regular Plan - IDCW;INF666M01IJ8;INF666M01IK6;8.6167;;;18-Mar-2026
152770;Groww Nifty EV & New Age Automotive ETF FOF- Direct Plan - Growth;INF666M01IL4;;8.6763;;;18-Mar-2026
152926;Groww Nifty India Defence ETF FOF - Direct - IDCW;INF666M01IR1;INF666M01IS9;11.9699;;;18-Mar-2026
152925;Groww Nifty India Defence ETF FOF - Direct Growth;INF666M01IQ3;;11.9697;;;18-Mar-2026
152927;Groww Nifty India Defence ETF FOF - Regular - Growth;INF666M01IT7;;11.8995;;;18-Mar-2026
152928;Groww Nifty India Defence ETF FOF - Regular - IDCW;INF666M01IU5;INF666M01IV3;11.8982;;;18-Mar-2026
153626;Groww Nifty India Internet ETF FOF - Direct - Growth;INF666M01LC7;;8.5896;;;18-Mar-2026
153632;Groww Nifty India Internet ETF FOF - Direct - IDCW;INF666M01LD5;INF666M01LE3;8.5896;;;18-Mar-2026
153633;Groww Nifty India Internet ETF FOF - Regular - Growth;INF666M01LF0;;8.5617;;;18-Mar-2026
153631;Groww Nifty India Internet ETF FOF - Regular - IDCW;INF666M01LG8;INF666M01LH6;8.5616;;;18-Mar-2026
154164;Groww Nifty PSE ETF FOF Direct Growth;INF666M01NR1;;9.7597;;;18-Mar-2026
154172;Groww Nifty PSE ETF FOF Direct IDCW;INF666M01NS9;INF666M01NT7;9.7597;;;18-Mar-2026
154173;Groww Nifty PSE ETF FOF Regular Growth;INF666M01NU5;;9.7568;;;18-Mar-2026
154174;Groww Nifty PSE ETF FOF Regular IDCW;INF666M01NV3;INF666M01NW1;9.7568;;;18-Mar-2026
153525;Groww Silver ETF FOF - Direct - Growth;INF666M01KQ9;;24.0161;;;18-Mar-2026
153526;Groww Silver ETF FOF - Direct - IDCW;INF666M01KR7;INF666M01KS5;24.0211;;;18-Mar-2026
153527;Groww Silver ETF FOF - Regular - Growth;INF666M01KX5;;23.9314;;;18-Mar-2026
153528;Groww Silver ETF FOF - Regular - IDCW;INF666M01KY3;INF666M01KZ0;23.9313;;;18-Mar-2026

HDFC Mutual Fund
153860;HDFC Diversified Equity All Cap Active FOF - Direct Plan - Growth Plan;INF179KC1JU4;;9.5647;;;18-Mar-2026
153862;HDFC Diversified Equity All Cap Active FOF - IDCW - Direct Plan;INF179KC1JV2;INF179KC1JW0;9.5647;;;18-Mar-2026
153863;HDFC Diversified Equity All Cap Active FOF - IDCW - Regular Plan;INF179KC1JS8;INF179KC1JT6;9.5181;;;18-Mar-2026
153861;HDFC Diversified Equity All Cap Active FOF - Regular Plan - Growth Plan;INF179KC1JR0;;9.5181;;;18-Mar-2026
119132;HDFC Gold ETF Fund of Fund - Direct Plan;INF179K01VX0;;48.217;;;18-Mar-2026
115934;HDFC Gold ETF Fund of Fund - Growth Option;INF179K01LC5;;45.9554;;;18-Mar-2026
130533;HDFC Income Plus Arbitrage Active FOF - Growth Option;INF179KA1SF8;;40.2717;;;18-Mar-2026
130543;HDFC Income Plus Arbitrage Active FOF - Growth Option - Direct Plan;INF179KA1SC5;;44.4926;;;18-Mar-2026
130540;HDFC Income Plus Arbitrage Active FOF - IDCW Option;INF179KA1SG6;;35.2894;;;18-Mar-2026
130547;HDFC Income Plus Arbitrage Active FOF - IDCW Option - Direct Plan;INF179KA1SD3;;39.0823;;;18-Mar-2026
154262;HDFC INCOME PLUS ARBITRAGE OMNI FOF - GROWTH OPTION - DIRECT PLAN;INF179KC1KE6;;10.0039;;;18-Mar-2026
154261;HDFC INCOME PLUS ARBITRAGE OMNI FOF - GROWTH OPTION -REGULAR PLAN;INF179KC1KB2;;10.0035;;;18-Mar-2026
154263;HDFC INCOME PLUS ARBITRAGE OMNI FOF - IDCW OPTION - DIRECT PLAN;INF179KC1KF3;INF179KC1KG1;10.0039;;;18-Mar-2026
154264;HDFC INCOME PLUS ARBITRAGE OMNI FOF - IDCW OPTION - REGULAR PLAN;INF179KC1KC0;INF179KC1KD8;10.0035;;;18-Mar-2026
148901;HDFC Multi-Asset Active FOF - Growth Option;INF179KC1BD7;;18.841;;;18-Mar-2026
148903;HDFC Multi-Asset Active FOF - Growth Option -Direct Plan;INF179KC1BA3;;19.933;;;18-Mar-2026
148900;HDFC Multi-Asset Active FOF - IDCW Option;INF179KC1BE5;;18.841;;;18-Mar-2026
148902;HDFC Multi-Asset Active FOF - IDCW Option - Direct Plan;INF179KC1BB1;;19.933;;;18-Mar-2026
150736;HDFC Silver ETF Fund of Fund - Growth Option;INF179KC1DV5;;40.4956;;;18-Mar-2026
150737;HDFC Silver ETF Fund of Fund - Growth Option - Direct Plan;INF179KC1DU7;;41.0113;;;18-Mar-2026

ICICI Prudential Mutual Fund
143904;ICICI Prudential BHARAT 22 FOF - Cumulative Option;INF109KC1FW3;;34.9070;;;18-Mar-2026
143903;ICICI Prudential BHARAT 22 FOF - Direct Plan Cumulative Option;INF109KC1FX1;;34.9180;;;18-Mar-2026
149331;ICICI Prudential BSE 500 ETF FOF - Direct Plan - Growth;INF109KC1V91;;15.0114;;;18-Mar-2026
149333;ICICI Prudential BSE 500 ETF FOF - Direct Plan - IDCW;INF109KC1W09;INF109KC1W17;15.0111;;;18-Mar-2026
149334;ICICI Prudential BSE 500 ETF FOF - Growth;INF109KC1V67;;14.7082;;;18-Mar-2026
149332;ICICI Prudential BSE 500 ETF FOF - IDCW;INF109KC1V75;INF109KC1V83;14.7081;;;18-Mar-2026
120702;ICICI Prudential Diversified Debt Strategy Active FOF  - Direct Plan - Growth;INF109K01X73;;48.4545;;;18-Mar-2026
120703;ICICI Prudential Diversified Debt Strategy Active FOF - Direct Plan -  IDCW;INF109K01X57;INF109K01X65;42.6591;;;18-Mar-2026
102141;ICICI Prudential Diversified Debt Strategy Active FOF - Growth;INF109K01878;;46.5045;;;18-Mar-2026
102143;ICICI Prudential Diversified Debt Strategy Active FOF - IDCW;INF109K01FS0;INF109K01886;40.5639;;;18-Mar-2026
120685;ICICI Prudential Gold ETF FOF - Direct Plan - Growth;INF109K01U92;;49.3591;;;18-Mar-2026
120686;ICICI Prudential Gold ETF FOF - Direct Plan - IDCW;INF109K01U76;INF109K01U84;49.3638;;;18-Mar-2026
115833;ICICI Prudential Gold ETF FOF - Growth;INF109K01TK8;;47.5877;;;18-Mar-2026
115834;ICICI Prudential Gold ETF FOF - IDCW;INF109K01TM4;INF109K01TL6;47.5887;;;18-Mar-2026
120313;ICICI Prudential Income plus Arbitrage Omni FOF - Direct Plan - Growth;INF109K01W82;;69.8454;;;18-Mar-2026
120314;ICICI Prudential Income plus Arbitrage Omni FOF - Direct Plan - IDCW;INF109K01W66;INF109K01W74;54.0105;;;18-Mar-2026
102139;ICICI Prudential Income Plus Arbitrage Omni FOF - Growth;INF109K01811;;64.9519;;;18-Mar-2026
102140;ICICI Prudential Income plus Arbitrage Omni FOF - IDCW;INF109K01EB9;INF109K01829;49.8401;;;18-Mar-2026
120243;ICICI Prudential Multi Sector Passive FOF - Direct Plan -  IDCW;INF109K01W33;INF109K01W41;131.2584;;;18-Mar-2026
120242;ICICI Prudential Multi Sector Passive FOF - Direct Plan - Growth;INF109K01W58;;166.6883;;;18-Mar-2026
102133;ICICI Prudential Multi Sector Passive FOF - Growth;INF109K01795;;159.0915;;;18-Mar-2026
102134;ICICI Prudential Multi Sector Passive FOF - IDCW;INF109K01DW7;INF109K01803;123.9523;;;18-Mar-2026
148822;ICICI Prudential Nifty 100 Low Volatility 30 ETF FOF - Direct Plan - Growth;INF109KC1P81;;17.6624;;;18-Mar-2026
148823;ICICI Prudential Nifty 100 Low Volatility 30 ETF FOF - Direct Plan - IDCW;INF109KC1Q07;INF109KC1P99;17.6624;;;18-Mar-2026
148821;ICICI Prudential Nifty 100 Low Volatility 30 ETF FOF - Growth;INF109KC1P57;;17.2847;;;18-Mar-2026
148824;ICICI Prudential Nifty 100 Low Volatility 30 ETF FOF - IDCW;INF109KC1P73;INF109KC1P65;17.2847;;;18-Mar-2026
149158;ICICI Prudential Nifty Alpha Low - Volatility 30 ETF FOF - Direct Plan - Growth;INF109KC1R89;;14.3245;;;18-Mar-2026
149160;ICICI Prudential Nifty Alpha Low - Volatility 30 ETF FOF - Direct Plan - IDCW;INF109KC1S05;INF109KC1R97;14.3241;;;18-Mar-2026
149157;ICICI Prudential Nifty Alpha Low - Volatility 30 ETF FOF - Growth;INF109KC1R55;;14.0358;;;18-Mar-2026
149159;ICICI Prudential Nifty Alpha Low - Volatility 30 ETF FOF - IDCW;INF109KC1R71;INF109KC1R63;14.0357;;;18-Mar-2026
153394;ICICI Prudential Nifty EV & New Age Automotive ETF FOF - Direct Plan - Growth;INF109K1A120;;10.7016;;;18-Mar-2026
153395;ICICI Prudential Nifty EV & New Age Automotive ETF FOF - Direct Plan - IDCW;INF109K1A146;INF109K1A138;10.7017;;;18-Mar-2026
153396;ICICI Prudential Nifty EV & New Age Automotive ETF FOF - Growth;INF109K1A096;;10.6611;;;18-Mar-2026
153393;ICICI Prudential Nifty EV & New Age Automotive ETF FOF - IDCW;INF109K1A112;INF109K1A104;10.6611;;;18-Mar-2026
149775;ICICI Prudential Silver ETF FOF - Direct Plan - Growth;INF109KC1Y98;;37.9435;;;18-Mar-2026
149776;ICICI Prudential Silver ETF FOF - Direct Plan - IDCW;INF109KC1Z06;INF109KC1Z14;37.9439;;;18-Mar-2026
149777;ICICI Prudential Silver ETF FOF - Growth;INF109KC1Y64;;37.1758;;;18-Mar-2026
149778;ICICI Prudential Silver ETF FOF - IDCW;INF109KC1Y72;INF109KC1Y80;37.1751;;;18-Mar-2026

Kotak Mahindra Mutual Fund
114758;Kotak Gold Fund Growth;INF174K01AT3;;59.1301;;;18-Mar-2026
119781;Kotak Gold Fund Growth - Direct;INF174K01MP6;;62.4333;;;18-Mar-2026
114757;Kotak Gold Fund Payout of Income Distribution cum capital withdrawal option;INF174K01AU1;INF174K01AV9;59.1289;;;18-Mar-2026
119780;Kotak Gold Fund Payout of Income Distribution cum capital withdrawal option- Direct;INF174K01MQ4;INF174K01MR2;62.4328;;;18-Mar-2026
153921;Kotak Gold Silver Passive FOF - Direct Plan - Growth;INF174KA1XT4;;15.953;;;18-Mar-2026
153922;Kotak Gold Silver Passive FOF - Regular Plan - Growth;INF174KA1XU2;;15.936;;;18-Mar-2026
150820;Kotak Income Plus Arbitrage Omni  FOF-Regular Plan-Growth;INF174KA1KG8;;12.8163;;;18-Mar-2026
150822;Kotak Income Plus Arbitrage Omni FOF-Direct Plan-Growth;INF174KA1KJ2;;12.8761;;;18-Mar-2026
150823;Kotak Income Plus Arbitrage Omni FOF-Direct Plan-IDCW;INF174KA1KK0;INF174KA1KL8;12.8764;;;18-Mar-2026
150821;Kotak Income Plus Arbitrage Omni FOF-Regular Plan-IDCW;INF174KA1KH6;INF174KA1KI4;12.8161;;;18-Mar-2026
151603;Kotak Silver ETF Fund of Fund - Direct Plan - Growth Option;INF174KA1MQ3;;33.035;;;18-Mar-2026
151602;Kotak Silver ETF Fund of Fund - Regular Plan - Growth Option;INF174KA1MR1;;32.5924;;;18-Mar-2026

LIC Mutual Fund
151974;LIC MF Gold ETF Fund of Fund-Direct Plan-Growth;INF397L01BU4;;42.1152;;;18-Mar-2026
151973;LIC MF Gold ETF Fund of Fund-Regular Plan-Growth;INF397L01992;;39.8579;;;18-Mar-2026

Mahindra Manulife Mutual Fund
154007;Mahindra Manulife Income Plus Arbitrage Active FOF  - Direct - Growth;INF174V01CU4;;10.1442;;;18-Mar-2026
154008;Mahindra Manulife Income Plus Arbitrage Active FOF - Direct - IDCW;INF174V01CV2;INF174V01CW0;10.1442;;;18-Mar-2026
154006;Mahindra Manulife Income Plus Arbitrage Active FOF - Regular - Growth;INF174V01CR0;;10.1282;;;18-Mar-2026
154005;Mahindra Manulife Income Plus Arbitrage Active FOF - Regular - IDCW;INF174V01CS8;INF174V01CT6;10.1282;;;18-Mar-2026

Quantum Mutual Fund
115132;Quantum Gold Savings Fund - Direct Plan Growth Option;INF082J01150;;59.1564;;;18-Mar-2026
141064;Quantum Gold Savings Fund - Regular Plan Growth Option;INF082J01358;;58.3193;;;18-Mar-2026

The Wealth Company Mutual Fund
154131;THE WEALTH COMPANY GOLD ETF FOF DIRECT GROWTH;INF2F0001412;;9.7512;;;18-Mar-2026
154132;THE WEALTH COMPANY GOLD ETF FOF DIRECT IDCW;INF2F0001420;INF2F0001438;9.7511;;;18-Mar-2026
154133;THE WEALTH COMPANY GOLD ETF FOF REGULAR GROWTH;INF2F0001388;;9.7456;;;18-Mar-2026
154134;THE WEALTH COMPANY GOLD ETF FOF REGULAR IDCW;INF2F0001396;INF2F0001404;9.7456;;;18-Mar-2026

UTI Mutual Fund
150714;UTI Gold ETF Fund of Fund - Direct Plan - Growth Option;INF789F1AWB9;;29.7155;;;18-Mar-2026
150715;UTI Gold ETF Fund of Fund - Regular Plan - Growth Opton;INF789F1AWA1;;29.2844;;;18-Mar-2026
153442;UTI Income Plus Arbitrage Active Fund of Fund - Direct Plan - Growth Option;INF789F1AB55;;10.5916;;;18-Mar-2026
153441;UTI Income Plus Arbitrage Active Fund of Fund - Regular Plan - Growth Option;INF789F1AB63;;10.5547;;;18-Mar-2026
151731;UTI Silver ETF Fund of Fund - Direct Plan - Growth Option;INF789F1AYL4;;31.6524;;;18-Mar-2026
151732;UTI Silver ETF Fund of Fund - Regular Plan - Growth Option;INF789F1AYM2;;31.317;;;18-Mar-2026

Zerodha Mutual Fund
153011;Zerodha Gold ETF FoF-Direct Plan - Growth Option;INF0R8F01083;;20.2094;;;18-Mar-2026
153757;Zerodha Multi Asset Passive FoF - Direct - Growth;INF0R8F01117;;11.1046;;;18-Mar-2026
153656;Zerodha Silver ETF FoF - Direct Growth;INF0R8F01109;;22.6247;;;18-Mar-2026

Open Ended Schemes ( Equity Scheme - Flexi Cap Fund )


Abakkus Mutual Fund
154043;Abakkus Flexi Cap Fund - Direct - Growth;INF2JJD01136;;9.6490;;;18-Mar-2026
154045;Abakkus Flexi Cap Fund - Direct - IDCW;INF2JJD01128;INF2JJD01110;9.6530;;;18-Mar-2026
154041;Abakkus Flexi Cap Fund - Regular - Growth;INF2JJD01169;;9.6170;;;18-Mar-2026
154042;Abakkus Flexi Cap Fund - Regular - IDCW;INF2JJD01151;INF2JJD01144;9.6180;;;18-Mar-2026

Axis Mutual Fund
141925;Axis Flexi Cap Fund - Direct Plan - Growth;INF846K01B28;;27.81;;;18-Mar-2026
141926;Axis Flexi Cap fund - Direct Plan - IDCW;INF846K01B02;INF846K01B10;17.21;;;18-Mar-2026
141927;Axis Flexi Cap Fund - Regular Plan - Growth;INF846K01B51;;25.02;;;18-Mar-2026
141928;Axis Flexi Cap Fund - Regular Plan - IDCW;INF846K01B36;INF846K01B44;15.63;;;18-Mar-2026

Bajaj Finserv Mutual Fund
151898;Bajaj Finserv Flexi Cap Fund -Regular Plan-Growth;INF0QA701383;;13.897;;;18-Mar-2026
151895;Bajaj Finserv Flexi Cap Fund-Direct Plan-Growth;INF0QA701342;;14.411;;;18-Mar-2026
151896;Bajaj Finserv Flexi Cap Fund-Direct Plan-IDCW;INF0QA701359;INF0QA701367;14.411;;;18-Mar-2026
151897;Bajaj Finserv Flexi Cap Fund-Regular Plan-IDCW;INF0QA701409;INF0QA701417;13.897;;;18-Mar-2026

Bandhan Mutual Fund
108594;BANDHAN Flexi Cap Fund - Regular Plan - Growth;INF194K01391;;199.128;;;18-Mar-2026
108595;BANDHAN Flexi Cap Fund - Regular Plan - IDCW;INF194K01409;INF194K01417;47.553;;;18-Mar-2026
118424;BANDHAN Flexi Cap Fund-Direct Plan-Growth;INF194K01W62;;218.762;;;18-Mar-2026
118423;BANDHAN Flexi Cap Fund-Direct Plan-IDCW;INF194K01W70;INF194K01W88;52.050;;;18-Mar-2026

Bank of India Mutual Fund
148404;BANK OF INDIA Flexi Cap Fund Direct Plan -Growth;INF761K01FF5;;36.64;;;18-Mar-2026
148406;BANK OF INDIA Flexi Cap Fund Direct Plan -IDCW;INF761K01FE8;INF761K01FG3;31.31;;;18-Mar-2026
148405;BANK OF INDIA Flexi Cap Fund Regular Plan -Growth;INF761K01FI9;;33.52;;;18-Mar-2026
148407;BANK OF INDIA Flexi Cap Fund Regular Plan -IDCW;INF761K01FH1;INF761K01FJ7;30.45;;;18-Mar-2026

Baroda BNP Paribas Mutual Fund
150387;Baroda BNP Paribas Flexi Cap Fund - Direct Plan - Growth Option;INF251K01QZ2;;15.4192;;;18-Mar-2026
150388;Baroda BNP Paribas Flexi Cap Fund - Direct Plan - IDCW Option;INF251K01RA3;INF251K01RB1;14.0662;;;18-Mar-2026
150385;Baroda BNP Paribas Flexi Cap Fund - Regular Plan - Growth Option;INF251K01QW9;;14.6708;;;18-Mar-2026
150386;Baroda BNP Paribas Flexi Cap Fund - Regular Plan - IDCW Option;INF251K01QX7;INF251K01QY5;13.3850;;;18-Mar-2026

Franklin Templeton Mutual Fund
118535;Franklin India Flexi Cap Fund - Direct - Growth;INF090I01FK3;;1722.8559;;;18-Mar-2026
118534;Franklin India Flexi Cap Fund - Direct - IDCW ;INF090I01FL1;INF090I01FM9;66.6174;;;18-Mar-2026
100520;Franklin India Flexi Cap Fund - Growth;INF090I01239;;1539.4091;;;18-Mar-2026
100519;Franklin India Flexi Cap Fund - IDCW ;INF090I01213;INF090I01221;59.5641;;;18-Mar-2026

HDFC Mutual Fund
118955;HDFC Flexi Cap Fund - Growth Option - Direct Plan;INF179K01UT0;;2119.292;;;18-Mar-2026
101762;HDFC Flexi Cap Fund - Growth Plan;INF179K01608;;1929.904;;;18-Mar-2026
118954;HDFC Flexi Cap Fund - IDCW Option - Direct Plan;INF179K01VL5;INF179K01VM3;85.692;;;18-Mar-2026
101763;HDFC Flexi Cap Fund - IDCW Plan;INF179K01582;INF179K01590;69.738;;;18-Mar-2026

Helios Mutual Fund
152135;Helios Flexi Cap Fund - Direct Plan - Growth Option;INF0R8701046;;14.27;;;18-Mar-2026
152138;Helios Flexi Cap Fund - Direct Plan - IDCW Option;INF0R8701053;INF0R8701061;14.27;;;18-Mar-2026
152136;Helios Flexi Cap Fund - Regular Plan - Growth Option;INF0R8701012;;13.79;;;18-Mar-2026
152137;Helios Flexi Cap Fund - Regular Plan - IDCW Option;INF0R8701020;INF0R8701038;13.79;;;18-Mar-2026

HSBC Mutual Fund
120046;HSBC Flexi Cap Fund - Direct Growth;INF336L01DH5;;230.3243;;;18-Mar-2026
120045;HSBC Flexi Cap Fund - Direct IDCW;INF336L01DF9;INF336L01DG7;41.953;;;18-Mar-2026
102252;HSBC Flexi Cap Fund - Regular Growth;INF336L01AF5;;205.4926;;;18-Mar-2026
102251;HSBC Flexi Cap Fund - Regular IDCW;INF336L01AE8;INF336L01AD0;38.4036;;;18-Mar-2026

ICICI Prudential Mutual Fund
148990;ICICI Prudential Flexicap Fund - Direct Plan - Growth;INF109KC1R14;;19.05;;;18-Mar-2026
148991;ICICI Prudential Flexicap Fund - Direct Plan - IDCW;INF109KC1R22;INF109KC1R30;16.12;;;18-Mar-2026
148989;ICICI Prudential Flexicap Fund - Growth;INF109KC1Q80;;18.06;;;18-Mar-2026
148988;ICICI Prudential Flexicap Fund - IDCW;INF109KC1Q98;INF109KC1R06;15.13;;;18-Mar-2026

ITI Mutual Fund
151379;ITI Flexi Cap Fund- Direct Plan- Growth;INF00XX01CO7;;18.0106;;;18-Mar-2026
151380;ITI Flexi Cap Fund- Direct Plan- IDCW;INF00XX01CP4;INF00XX01CQ2;17.4450;;;18-Mar-2026
151377;ITI Flexi Cap Fund- Regular Plan- Growth;INF00XX01CL3;;17.0755;;;18-Mar-2026
151378;ITI Flexi Cap Fund- Regular Plan- IDCW;INF00XX01CM1;INF00XX01CN9;16.5109;;;18-Mar-2026

Jio BlackRock Mutual Fund
153859;JioBlackRock Flexi Cap Fund - Direct Plan - Growth Option;INF22M001093;;9.46;;;18-Mar-2026

JM Financial Mutual Fund
120492;JM Flexicap Fund (Direct) - Growth Option;INF192K01CC7;;102.2458;;;18-Mar-2026
120491;JM Flexicap Fund (Direct) - IDCW;INF192K01CA1;INF192K01CB9;92.9364;;;18-Mar-2026
109522;JM Flexicap Fund (Regular) - Growth option;INF192K01635;;89.1247;;;18-Mar-2026
109523;JM Flexicap Fund (Regular) - IDCW;INF192K01619;INF192K01627;68.6775;;;18-Mar-2026

Kotak Mahindra Mutual Fund
112090;Kotak Flexicap Fund - Growth;INF174K01336;;82.173;;;18-Mar-2026
120166;Kotak Flexicap Fund - Growth - Direct;INF174K01LS2;;93.091;;;18-Mar-2026
112089;Kotak Flexicap Fund - Payout of Income Distribution cum capital withdrawal option;INF174K01351;INF174K01344;49.62;;;18-Mar-2026
120165;Kotak Flexicap Fund - Payout of Income Distribution cum capital withdrawal option- Direct;INF174K01LQ6;INF174K01LR4;56.852;;;18-Mar-2026

LIC Mutual Fund
120264;LIC MF Flexi Cap Fund-Direct Plan-Growth;INF767K01EG3;;102.3408;;;18-Mar-2026
120263;LIC MF Flexi Cap Fund-Direct Plan-IDCW;INF767K01EF5;INF767K01EH1;34.435;;;18-Mar-2026
100313;LIC MF Flexi Cap Fund-Regular Plan-Growth;INF767K01071;;92.3488;;;18-Mar-2026
100312;LIC MF Flexi Cap Fund-Regular Plan-IDCW;INF767K01063;INF767K01055;29.1417;;;18-Mar-2026

Mahindra Manulife Mutual Fund
149104;Mahindra Manulife Flexi Cap Fund - Direct Plan -Growth;INF174V01AS2;;16.4476;;;18-Mar-2026
149103;Mahindra Manulife Flexi Cap Fund - Direct Plan -IDCW;INF174V01AU8;INF174V01AT0;13.2416;;;18-Mar-2026
149101;Mahindra Manulife Flexi Cap Fund - Regular Plan -Growth;INF174V01AP8;;15.1439;;;18-Mar-2026
149102;Mahindra Manulife Flexi Cap Fund - Regular Plan -IDCW;INF174V01AR4;INF174V01AQ6;11.9882;;;18-Mar-2026

Navi Mutual Fund
143793;Navi Flexi Cap Fund - Direct Plan - Growth;INF959L01DT9;;25.8693;;;18-Mar-2026
143798;NAVI FLEXI CAP FUND - DIRECT PLAN ANNUAL IDCW PAYOUT;INF959L01EC3;INF959L01ED1;25.6714;;;18-Mar-2026
143797;NAVI FLEXI CAP FUND - DIRECT PLAN HALF YEARLY IDCW PAYOUT;INF959L01EA7;INF959L01EB5;25.6721;;;18-Mar-2026
143796;NAVI FLEXI CAP FUND - DIRECT PLAN MONTHLY IDCW PAYOUT;INF959L01DW3;INF959L01DX1;25.6667;;;18-Mar-2026
143792;NAVI FLEXI CAP FUND - DIRECT PLAN NORMAL IDCW PAYOUT;INF959L01DU7;INF959L01DV5;25.6387;;;18-Mar-2026
143791;NAVI FLEXI CAP FUND - DIRECT PLAN QUARTERLY IDCW PAYOUT;INF959L01DY9;INF959L01DZ6;25.6924;;;18-Mar-2026
143787;Navi Flexi Cap Fund - Regular Plan - Growth;INF959L01EE9;;22.2652;;;18-Mar-2026
143795;NAVI FLEXI CAP FUND - REGULAR PLAN ANNUAL IDCW PAYOUT;INF959L01EN0;INF959L01EO8;22.2659;;;18-Mar-2026
143794;NAVI FLEXI CAP FUND - REGULAR PLAN HALF YEARLY IDCW PAYOUT;INF959L01EL4;INF959L01EM2;22.2688;;;18-Mar-2026
143790;NAVI FLEXI CAP FUND - REGULAR PLAN MONTHLY IDCW PAYOUT;INF959L01EH2;INF959L01EI0;22.2741;;;18-Mar-2026
143789;NAVI FLEXI CAP FUND - REGULAR PLAN NORMAL IDCW PAYOUT;INF959L01EF6;INF959L01EG4;22.2685;;;18-Mar-2026
143788;NAVI FLEXI CAP FUND - REGULAR PLAN QUARTERLY IDCW PAYOUT;INF959L01EJ8;INF959L01EK6;22.2628;;;18-Mar-2026

NJ Mutual Fund
151917;NJ Flexi Cap Fund - Direct Plan - Growth Option;INF0J8L01156;;12.72;;;18-Mar-2026
151918;NJ Flexi Cap Fund - Direct Plan - IDCW Option;INF0J8L01164;;12.72;;;18-Mar-2026
151920;NJ Flexi Cap Fund - Regular Plan - Growth Option;INF0J8L01131;;12.22;;;18-Mar-2026
151919;NJ Flexi Cap Fund - Regular Plan - IDCW Option;INF0J8L01149;;12.22;;;18-Mar-2026

Old Bridge Mutual Fund
154225;Old Bridge Flexi Cap Fund Direct Growth;INF0S5R01133;;10.03;;;18-Mar-2026
154228;Old Bridge Flexi Cap Fund Direct IDCW;INF0S5R01141;INF0S5R01158;10.03;;;18-Mar-2026
154226;Old Bridge Flexi Cap Fund Regular Growth;INF0S5R01166;;10.02;;;18-Mar-2026
154227;Old Bridge Flexi Cap Fund Regular IDCW;INF0S5R01174;INF0S5R01182;10.02;;;18-Mar-2026

Samco Mutual Fund
149450;Samco Flexi Cap Fund - Direct Plan - Growth Option;INF0K1H01024;;9.84;;;18-Mar-2026
149449;Samco Flexi Cap Fund - Regular Plan - Growth Option;INF0K1H01016;;9.27;;;18-Mar-2026

Shriram Mutual Fund
144905;Shriram Flexi Cap Fund - Direct Growth;INF680P01109;;21.494;;;18-Mar-2026
144906;Shriram Flexi Cap Fund - Direct-IDCW;INF680P01117;INF680P01125;21.2805;;;18-Mar-2026
144902;Shriram Flexi Cap Fund - Regular Growth;INF680P01075;;18.8407;;;18-Mar-2026
144903;Shriram Flexi Cap Fund - Regular-IDCW;INF680P01083;INF680P01091;18.834;;;18-Mar-2026

Taurus Mutual Fund
118884;Taurus Flexi Cap Fund - Direct Plan -  Payout of Income Distribution cum Capital Withdrawal option;INF044D01BV7;INF044D01BW5;110.64;;;18-Mar-2026
118883;Taurus Flexi Cap Fund - Direct Plan - Growth;INF044D01BU9;;219.31;;;18-Mar-2026
100476;Taurus Flexi Cap Fund - Regular Plan - Growth ;INF044D01989;;210.70;;;18-Mar-2026
111640;Taurus Flexi Cap Fund - Regular Plan - Payout of Income Distribution cum Capital Withdrawal option;INF044D01955;INF044D01963;102.25;;;18-Mar-2026

The Wealth Company Mutual Fund
153872;THE WEALTH COMPANY FLEXI CAP FUND - DIRECT GROWTH;INF2F0001040;;9.435;;;18-Mar-2026
153873;THE WEALTH COMPANY FLEXI CAP FUND - DIRECT IDCW;INF2F0001057;INF2F0001065;9.4345;;;18-Mar-2026
153870;THE WEALTH COMPANY FLEXI CAP FUND - REGULAR GROWTH;INF2F0001016;;9.3561;;;18-Mar-2026
153871;THE WEALTH COMPANY FLEXI CAP FUND - REGULAR IDCW;INF2F0001024;INF2F0001032;9.356;;;18-Mar-2026

Trust Mutual Fund
152584;TRUSTMF Flexi Cap Fund-Direct Plan- Growth;INF0GCD01743;;11.04;;;18-Mar-2026
152585;TRUSTMF Flexi Cap Fund-Direct Plan- IDCW;INF0GCD01750;INF0GCD01768;11.04;;;18-Mar-2026
152582;TRUSTMF Flexi Cap Fund-Regular Plan- Growth;INF0GCD01719;;10.70;;;18-Mar-2026
152583;TRUSTMF Flexi Cap Fund-Regular Plan- IDCW;INF0GCD01727;INF0GCD01735;10.70;;;18-Mar-2026

Unifi Mutual Fund
153543;Unifi Flexi Cap Fund - Direct Growth;INF1MIY01031;;9.6647;;;18-Mar-2026
153542;Unifi Flexi Cap Fund - Regular Growth;INF1MIY01049;;9.5667;;;18-Mar-2026

UTI Mutual Fund
100669;UTI - Flexi Cap Fund-Growth Option;INF789F01513;;283.7993;;;18-Mar-2026
120662;UTI - Flexi Cap Fund-Growth Option - Direct;INF789F01TC4;;305.6744;;;18-Mar-2026
120663;UTI Flexi Cap Fund - Direct Plan - IDCW;INF789F01TA8;INF789F01TB6;203.4214;;;18-Mar-2026
100668;UTI Flexi Cap Fund - Regular Plan - IDCW;INF189A01053;INF789F01505;187.6301;;;18-Mar-2026

WhiteOak Capital Mutual Fund
150349;WhiteOak Capital Flexi Cap Fund Direct Plan IDCW;INF03VN01555;INF03VN01548;17.148;;;18-Mar-2026
150346;WhiteOak Capital Flexi Cap Fund Direct Plan-Growth;INF03VN01530;;17.148;;;18-Mar-2026
150348;WhiteOak Capital Flexi Cap Fund Regular Plan IDCW;INF03VN01522;INF03VN01514;16.261;;;18-Mar-2026
150347;WhiteOak Capital Flexi Cap Fund Regular Plan-Growth;INF03VN01506;;16.261;;;18-Mar-2026

Close Ended Schemes ( Income )


Axis Mutual Fund
154240;Axis Fixed Maturity Plan - Series 129 (108 Days) - Direct Plan - Growth;INF846KA1440;;10.0380;;;18-Mar-2026
154243;Axis Fixed Maturity Plan - Series 129 (108 Days) - Direct Plan - IDCW;INF846KA1465;;10.0380;;;18-Mar-2026
154241;Axis Fixed Maturity Plan - Series 129 (108 Days) - Regular Plan - Growth;INF846KA1432;;10.0370;;;18-Mar-2026
154242;Axis Fixed Maturity Plan - Series 129 (108 Days) - Regular Plan - IDCW;INF846KA1457;;10.0370;;;18-Mar-2026
154292;Axis Fixed Maturity Plan - Series 130 (92 Days) - Direct Plan - Growth;INF846KA1481;;10.0132;;;18-Mar-2026
154293;Axis Fixed Maturity Plan - Series 130 (92 Days) - Direct Plan - IDCW;INF846KA1507;;10.0132;;;18-Mar-2026
154290;Axis Fixed Maturity Plan - Series 130 (92 Days) - Regular Plan - Growth;INF846KA1473;;10.0129;;;18-Mar-2026
154291;Axis Fixed Maturity Plan - Series 130 (92 Days) - Regular Plan - IDCW;INF846KA1499;;10.0129;;;18-Mar-2026
151501;Axis Fixed Term Plan - Series 112 (1143 Days) - Direct Plan - Growth;INF846K018O8;;12.4713;;;18-Mar-2026
151506;Axis Fixed Term Plan - Series 112 (1143 Days) - Regular  Plan - Growth;INF846K011P0;;12.3938;;;18-Mar-2026
151504;Axis Fixed Term Plan - Series 112 (1143 Days) - Regular Plan -  Half Yearly IDCW Payout;INF846K013P6;;12.3938;;;18-Mar-2026
151503;Axis Fixed Term Plan - Series 112 (1143 Days) - Regular Plan - Quarterly IDCW Payout;INF846K012P8;;12.3943;;;18-Mar-2026
151586;Axis Fixed Term Plan - Series 113 (1228 Days) - Direct Plan - Growth;INF846K011Q8;;12.4026;;;18-Mar-2026
151587;Axis Fixed Term Plan - Series 113 (1228 Days) - Direct Plan - Quarterly IDCW;INF846K012Q6;;12.4026;;;18-Mar-2026
151588;Axis Fixed Term Plan - Series 113 (1228 Days) - Regular Plan - Growth;INF846K014Q2;;12.3169;;;18-Mar-2026
151629;Axis Fixed Term Plan - Series 113 (1228 Days) - Regular Plan - Half Yearly IDCW;INF846K016Q7;;12.3169;;;18-Mar-2026
151589;Axis Fixed Term Plan - Series 113 (1228 Days) - Regular Plan - Quarterly IDCW;INF846K015Q9;;12.3251;;;18-Mar-2026

Bandhan Mutual Fund
146699;BANDHAN Fixed Term Plan Series 179 DIRECT PLAN HALF YEARLY-IDCW (3652 days);INF194KB1793;;11.6736;;;18-Mar-2026
146701;BANDHAN Fixed Term Plan Series 179 DIRECT PLAN-GROWTH (3652 days);INF194KB1777;;17.7550;;;18-Mar-2026
146702;BANDHAN Fixed Term Plan Series 179 REGULAR PLAN PERIODIC-IDCW (3652 days);INF194KB1769;;15.0296;;;18-Mar-2026
146695;BANDHAN Fixed Term Plan Series 179 REGULAR PLAN-GROWTH (3652 days);INF194KB1736;;17.4462;;;18-Mar-2026

HDFC Mutual Fund
151865;HDFC Charity Fund for Cancer Cure - IDCW Option - 50% IDCW Donation Option;INF179KC1HC6;;10.2887;;;18-Mar-2026
151863;HDFC Charity Fund for Cancer Cure - IDCW Option - 75% IDCW Donation Option;INF179KC1HD4;;10.2887;;;18-Mar-2026
151862;HDFC Charity Fund for Cancer Cure - IDCW Option - Direct Plan - 50% IDCW Donation Option;INF179KC1HA0;;10.2887;;;18-Mar-2026
151864;HDFC Charity Fund for Cancer Cure - IDCW Option - Direct Plan - 75% IDCW Donation Option;INF179KC1HB8;;10.2887;;;18-Mar-2026
151224;HDFC FMP 1204D December - Growth Option;INF179KC1EQ3;;12.3881;;;18-Mar-2026
151225;HDFC FMP 1204D December - Growth Option - Direct Plan;INF179KC1EN0;;12.4878;;;18-Mar-2026
151220;HDFC FMP 1204D December - IDCW Option;INF179KC1ER1;;12.3881;;;18-Mar-2026
151221;HDFC FMP 1204D December - IDCW Option - Direct Plan;INF179KC1EO8;;12.4878;;;18-Mar-2026
151222;HDFC FMP 1204D December - Quarterly IDCW Option;INF179KC1ES9;;10.5319;;;18-Mar-2026
151223;HDFC FMP 1204D December - Quarterly IDCW Option - Direct Plan;INF179KC1EP5;;10.5383;;;18-Mar-2026
151564;HDFC FMP 1269D March 2023 - Growth Option;;;12.2822;;;18-Mar-2026
151565;HDFC FMP 1269D March 2023 - Growth Option - Direct Plan;;;12.3746;;;18-Mar-2026
151566;HDFC FMP 1269D March 2023 - IDCW Option;;;12.2822;;;18-Mar-2026
151567;HDFC FMP 1269D March 2023 - IDCW Option - Direct Plan;;;12.3746;;;18-Mar-2026
151568;HDFC FMP 1269D March 2023 - Quarterly IDCW Option;;;10.1835;;;18-Mar-2026
151569;HDFC FMP 1269D March 2023 - Quarterly IDCW Option - Direct Plan;;;10.1898;;;18-Mar-2026
150651;HDFC FMP 1359D September - Growth Option;;;12.6939;;;18-Mar-2026
150655;HDFC FMP 1359D September - Growth Option - Direct Plan;;;12.8029;;;18-Mar-2026
150652;HDFC FMP 1359D September - IDCW Option;;;12.6939;;;18-Mar-2026
150653;HDFC FMP 1359D September - IDCW Option - Direct Plan;;;12.8029;;;18-Mar-2026
150656;HDFC FMP 1359D September - Quarterly IDCW Option;;;10.1616;;;18-Mar-2026
150654;HDFC FMP 1359D September - Quarterly IDCW Option - Direct Plan;;;10.167;;;18-Mar-2026
150546;HDFC FMP 1406D August 2022 - Growth Option;INF179KC1DF8;;12.6755;;;18-Mar-2026
150547;HDFC FMP 1406D August 2022 - Growth Option - Direct Plan;INF179KC1DC5;;12.7924;;;18-Mar-2026
150550;HDFC FMP 1406D August 2022 - IDCW Option;INF179KC1DG6;;12.6755;;;18-Mar-2026
150548;HDFC FMP 1406D August 2022 - IDCW Option - Direct Plan;INF179KC1DD3;;12.7924;;;18-Mar-2026
150551;HDFC FMP 1406D August 2022 - Quarterly IDCW Option;INF179KC1DH4;;10.1296;;;18-Mar-2026
150549;HDFC FMP 1406D August 2022 - Quarterly IDCW Option - Direct Plan;INF179KC1DE1;;10.1353;;;18-Mar-2026
149922;HDFC FMP 1861D March 2022 - Growth Option;INF179KC1CF0;;12.9272;;;18-Mar-2026
149924;HDFC FMP 1861D March 2022 - Growth Option - Direct Plan;INF179KC1CC7;;13.0129;;;18-Mar-2026
149925;HDFC FMP 1861D March 2022 - IDCW Option;INF179KC1CG8;;12.9272;;;18-Mar-2026
149926;HDFC FMP 1861D March 2022 - IDCW Option - Direct Plan;INF179KC1CD5;;13.0129;;;18-Mar-2026
149927;HDFC FMP 1861D March 2022 - Quarterly Dividend Option;INF179KC1CH6;;10.1386;;;18-Mar-2026
149923;HDFC FMP 1861D March 2022 - Quarterly Dividend Option - Direct Plan;INF179KC1CE3;;10.142;;;18-Mar-2026
150001;HDFC FMP 1876D March 2022 - Growth Option;INF179KC1CR5;;12.8935;;;18-Mar-2026
150002;HDFC FMP 1876D March 2022 - Growth Option - Direct Plan;INF179KC1CO2;;12.968;;;18-Mar-2026
150004;HDFC FMP 1876D March 2022 - IDCW Option;INF179KC1CS3;;12.8935;;;18-Mar-2026
150003;HDFC FMP 1876D March 2022 - IDCW Option - Direct Plan;INF179KC1CP9;;12.968;;;18-Mar-2026
150005;HDFC FMP 1876D March 2022 - Quarterly Dividend Option;INF179KC1CT1;;10.1381;;;18-Mar-2026
150006;HDFC FMP 1876D March 2022 - Quarterly Dividend Option - Direct Plan;INF179KC1CQ7;;10.1406;;;18-Mar-2026
151465;HDFC FMP 2638D February 2023 - Growth Option;;;12.8097;;;18-Mar-2026
151470;HDFC FMP 2638D February 2023 - Growth Option - Direct Plan;;;12.9093;;;18-Mar-2026
151468;HDFC FMP 2638D February 2023 - IDCW Option;;;12.8097;;;18-Mar-2026
151467;HDFC FMP 2638D February 2023 - Quarterly IDCW Option;;;10.2516;;;18-Mar-2026
151469;HDFC FMP 2638D February 2023 - Quarterly IDCW Option - Direct Plan;;;10.258;;;18-Mar-2026

ICICI Prudential Mutual Fund
146797;ICICI Prudential Fixed Maturity Plan - Series 85 - 10 Years Plan I - Cumulative Option;INF109KC1VQ2;;17.4509;;;18-Mar-2026
146795;ICICI Prudential Fixed Maturity Plan - Series 85 - 10 Years Plan I - Direct Plan Cumulative Option;INF109KC1VT6;;17.6872;;;18-Mar-2026
146800;ICICI Prudential Fixed Maturity Plan - Series 85 - 10 Years Plan I - Quarterly IDCW Option;INF109KC1VR0;;17.1926;;;18-Mar-2026
150950;ICICI Prudential Fixed Maturity Plan - Series 88 - 1226 Days Plan F - Direct Plan - Growth;INF109KC17M6;;12.5422;;;18-Mar-2026
150953;ICICI Prudential Fixed Maturity Plan - Series 88 - 1226 Days Plan F - Direct Plan - Half Yearly IDCW;INF109KC19M2;;12.3366;;;18-Mar-2026
150952;ICICI Prudential Fixed Maturity Plan - Series 88 - 1226 Days Plan F - Direct Plan - Quarterly IDCW;INF109KC18M4;;12.2819;;;18-Mar-2026
150949;ICICI Prudential Fixed Maturity Plan - Series 88 - 1226 Days Plan F - Growth;INF109KC14M3;;12.4549;;;18-Mar-2026
150954;ICICI Prudential Fixed Maturity Plan - Series 88 - 1226 Days Plan F - Half Yearly IDCW;INF109KC16M8;;12.2496;;;18-Mar-2026
150951;ICICI Prudential Fixed Maturity Plan - Series 88 - 1226 Days Plan F - Quarterly IDCW;INF109KC15M0;;12.1975;;;18-Mar-2026
151493;ICICI Prudential Fixed Maturity Plan - Series 88 - 1303 Days Plan S - Direct Plan - Growth;INF109KC14R2;;12.5019;;;18-Mar-2026
151492;ICICI Prudential Fixed Maturity Plan - Series 88 - 1303 Days Plan S - Direct Plan - IDCW;INF109KC15R9;;12.5021;;;18-Mar-2026
151491;ICICI Prudential Fixed Maturity Plan - Series 88 - 1303 Days Plan S - Growth;INF109KC12R6;;12.4081;;;18-Mar-2026
151494;ICICI Prudential Fixed Maturity Plan - Series 88 - 1303 Days Plan S - IDCW;INF109KC13R4;;12.4081;;;18-Mar-2026

Kotak Mahindra Mutual Fund
149139;Kotak FMP Series 292 - Direct Plan - Growth;INF174KA1HM2;;13.2013;;;18-Mar-2026
149138;Kotak FMP Series 292 - Direct Plan - IDCW Payout;INF174KA1HN0;;13.2013;;;18-Mar-2026
149136;Kotak FMP Series 292 - Regular Plan - Growth;INF174KA1HK6;;13.0205;;;18-Mar-2026
149137;Kotak FMP Series 292 - Regular Plan - IDCW Payout;INF174KA1HL4;;13.0205;;;18-Mar-2026
151174;Kotak FMP Series 300 - Direct Plan - Growth;INF174KA1KX3;;12.5261;;;18-Mar-2026
151175;Kotak FMP Series 300 - Direct Plan - IDCW Payout;INF174KA1KY1;;12.5262;;;18-Mar-2026
151172;Kotak FMP Series 300 - Regular Plan - Growth;INF174KA1KV7;;12.4851;;;18-Mar-2026
151173;Kotak FMP Series 300 - Regular Plan - IDCW Payout;INF174KA1KW5;;12.4856;;;18-Mar-2026
151286;Kotak FMP Series 304-Direct Plan-Growth Option;INF174KA1LP7;;12.948;;;18-Mar-2026
151287;Kotak FMP Series 304-Direct Plan-Payout of IDCW;INF174KA1LQ5;;12.9468;;;18-Mar-2026
151285;Kotak FMP Series 304-Regular Plan-Growth Option;INF174KA1LN2;;12.9345;;;18-Mar-2026
151288;Kotak FMP Series 304-Regular Plan-Payout of IDCW;INF174KA1LO0;;12.9345;;;18-Mar-2026
151316;Kotak FMP Series 305 - Direct Plan - Growth;INF174KA1LT9;;12.4469;;;18-Mar-2026
151317;Kotak FMP Series 305 - Direct Plan - IDCW;INF174KA1LU7;;12.4469;;;18-Mar-2026
151315;Kotak FMP Series 305 - Regular Plan - Growth;INF174KA1LR3;;12.388;;;18-Mar-2026
151318;Kotak FMP Series 305 - Regular Plan - IDCW;INF174KA1LS1;;12.388;;;18-Mar-2026
151681;Kotak FMP Series 308 - Direct Plan - Growth;INF174KA1NG2;;12.5746;;;18-Mar-2026
151682;Kotak FMP Series 308 - Direct Plan - IDCW Payout;INF174KA1NH0;;12.5735;;;18-Mar-2026
151679;Kotak FMP Series 308 - Regular Plan - Growth;INF174KA1NE7;;12.4561;;;18-Mar-2026
151680;Kotak FMP Series 308 - Regular Plan - IDCW Payout;INF174KA1NF4;;12.4561;;;18-Mar-2026
151686;Kotak FMP Series 310 - Direct Plan - Growth Option;INF174KA1NO6;;12.3061;;;18-Mar-2026
151683;Kotak FMP Series 310 - Regular Plan - Growth Option;INF174KA1NM0;;12.2136;;;18-Mar-2026
151685;Kotak FMP Series 310 - Regular Plan - IDCW Payout option;INF174KA1NN8;;12.2133;;;18-Mar-2026

Trust Mutual Fund
151620;TRUSTMF FIXED MATURITY PLAN -SERIES II (1196 DAYS)-DIRECT PLAN -GROWTH;INF0GCD01651;;1271.5917;;;18-Mar-2026
151617;TRUSTMF FIXED MATURITY PLAN -SERIES II (1196 DAYS)-REGULAR PLAN -GROWTH;INF0GCD01636;;1267.6177;;;18-Mar-2026
151618;TRUSTMF FIXED MATURITY PLAN -SERIES II (1196 DAYS)-REGULAR PLAN -IDCW PAYOUT;INF0GCD01644;;1267.6171;;;18-Mar-2026

UTI Mutual Fund
106185;UTI Annual Interval Fund - I - ( Instn Growth Option );INF789F01FJ8;;37.0628;;;18-Mar-2026
123663;UTI Annual Interval Fund - I - Direct Plan - Dividend Option;INF789F01VU2;INF789F01VV0;11.2118;;;18-Mar-2026
123646;UTI Annual Interval Fund - I - Direct Plan - Growth Option;INF789F01VW8;;36.0825;;;18-Mar-2026
106183;UTI Annual Interval Fund - I - Regular Plan - Growth Option;INF789F01FG4;;35.6301;;;18-Mar-2026
106186;UTI Annual Interval Fund - I - Regular Plan - IDCW;INF789F01FE9;INF789F01FF6;10.8408;;;18-Mar-2026
150835;UTI Fixed Term Income Fund - Series XXXV-I (1260 Days) - Direct Plan - Annual IDCW Option;INF789F1AWI4;;11.19;;;18-Mar-2026
150833;UTI Fixed Term Income Fund - Series XXXV-I (1260 Days) - Direct Plan - Growth Option;INF789F1AWK0;;12.6597;;;18-Mar-2026
150837;UTI Fixed Term Income Fund - Series XXXV-I (1260 Days) - Direct Plan - Maturity IDCW Option;INF789F1AWJ2;;12.6597;;;18-Mar-2026
150834;UTI Fixed Term Income Fund - Series XXXV-I (1260 Days) - Direct Plan - Quarterly IDCW Option;INF789F1AWH6;;12.6597;;;18-Mar-2026
150831;UTI Fixed Term Income Fund - Series XXXV-I (1260 days) - Regular Plan - Annual IDCW Option;INF789F1AWD5;;10.9044;;;18-Mar-2026
150832;UTI Fixed Term Income Fund - Series XXXV-I (1260 Days) - Regular Plan - Flexi IDCW Option;INF789F1AWG8;;12.4987;;;18-Mar-2026
150828;UTI Fixed Term Income Fund - Series XXXV-I (1260 Days) - Regular Plan - Growth Option;INF789F1AWF0;;12.4999;;;18-Mar-2026
150829;UTI Fixed Term Income Fund - Series XXXV-I (1260 Days) - Regular Plan - Maturity IDCW Option;INF789F1AWE3;;12.4999;;;18-Mar-2026
150830;UTI Fixed Term Income Fund - Series XXXV-I (1260 Days) - Regular Plan - Quarterly IDCW Option;INF789F1AWC7;;12.4999;;;18-Mar-2026
150965;UTI Fixed Term Income Fund - Series XXXV-II (1223 Days) - Direct Plan - Annual IDCW Option;INF789F1AWS3;;11.0205;;;18-Mar-2026
150970;UTI Fixed Term Income Fund - Series XXXV-II (1223 Days) - Direct Plan - Flexi IDCW Option;INF789F1AWV7;;12.5479;;;18-Mar-2026
150963;UTI Fixed Term Income Fund - Series XXXV-II (1223 Days) - Direct Plan - Growth Option;INF789F1AWU9;;12.5309;;;18-Mar-2026
150966;UTI Fixed Term Income Fund - Series XXXV-II (1223 Days) - Direct Plan - Maturity IDCW Option;INF789F1AWT1;;12.5308;;;18-Mar-2026
150964;UTI Fixed Term Income Fund - Series XXXV-II (1223 Days) - Direct Plan - Quarterly IDCW Option;INF789F1AWR5;;12.5323;;;18-Mar-2026
150967;UTI Fixed Term Income Fund - Series XXXV-II (1223 Days) - Regular Plan - Annual IDCW Option;INF789F1AWN4;;10.8765;;;18-Mar-2026
150968;UTI Fixed Term Income Fund - Series XXXV-II (1223 Days) - Regular Plan - Flexi IDCW Option;INF789F1AWQ7;;12.3813;;;18-Mar-2026
150971;UTI Fixed Term Income Fund - Series XXXV-II (1223 Days) - Regular Plan - Growth Option;INF789F1AWP9;;12.3801;;;18-Mar-2026
150969;UTI Fixed Term Income Fund - Series XXXV-II (1223 Days) - Regular Plan - Maturity IDCW Option;INF789F1AWO2;;12.3791;;;18-Mar-2026
150972;UTI Fixed Term Income Fund - Series XXXV-II (1223 Days) - Regular Plan - Quarterly IDCW Option;INF789F1AWM6;;12.38;;;18-Mar-2026
151334;UTI Fixed Term Income Fund - Series XXXV-III (1176 Days) - Direct Plan - Annual IDCW Option;INF789F1AXF8;;10.9533;;;18-Mar-2026
151341;UTI Fixed Term Income Fund - Series XXXV-III (1176 Days) - Direct Plan - Growth Option;INF789F1AXH4;;12.4305;;;18-Mar-2026
151335;UTI Fixed Term Income Fund - Series XXXV-III (1176 Days) - Direct Plan - Maturity IDCW Option;INF789F1AXG6;;12.4306;;;18-Mar-2026
151333;UTI Fixed Term Income Fund - Series XXXV-III (1176 Days) - Direct Plan - Quarterly IDCW Option;INF789F1AXE1;;12.4331;;;18-Mar-2026
151339;UTI Fixed Term Income Fund - Series XXXV-III (1176 Days) - Regular Plan - Annual IDCW Option;INF789F1AXJ0;;10.8186;;;18-Mar-2026
151332;UTI Fixed Term Income Fund - Series XXXV-III (1176 Days) - Regular Plan - Flexi IDCW Option;INF789F1AXD3;;12.2889;;;18-Mar-2026
151338;UTI Fixed Term Income Fund - Series XXXV-III (1176 Days) - Regular Plan - Growth Option;INF789F1AXC5;;12.2888;;;18-Mar-2026
151331;UTI Fixed Term Income Fund - Series XXXV-III (1176 Days) - Regular Plan - Quarterly IDCW Option;INF789F1AXA9;;12.2909;;;18-Mar-2026
151485;UTI Fixed Term Income Fund Series XXXVI - I (1574 Days) - Direct Plan - Growth Option;INF789F1AXP7;;12.6955;;;18-Mar-2026
151484;UTI Fixed Term Income Fund Series XXXVI - I (1574 Days) - Direct Plan - Payout of IDCW Option;INF789F1AXO0;;12.1415;;;18-Mar-2026
151483;UTI Fixed Term Income Fund Series XXXVI - I (1574 Days) - Regular Plan - Growth Option;INF789F1AXN2;;12.5409;;;18-Mar-2026
151486;UTI Fixed Term Income Fund Series XXXVI - I (1574 Days) - Regular Plan - Payout of IDCW Option;INF789F1AXM4;;11.9913;;;18-Mar-2026

Close Ended Schemes ( ELSS )


Bank of India Mutual Fund
141950;BANK OF INDIA Mid Cap Tax Fund Series 1 Direct Plan Growth;INF761K01DS3;;26.41;;;18-Mar-2026
141949;BANK OF INDIA Mid Cap Tax Fund Series 1 Direct Plan IDCW;INF761K01DT1;;26.41;;;18-Mar-2026
141952;BANK OF INDIA Mid Cap Tax Fund Series 1 Regular Plan Growth;INF761K01DU9;;25.48;;;18-Mar-2026
141951;BANK OF INDIA Mid Cap Tax Fund Series 1 Regular Plan IDCW;INF761K01DV7;;25.48;;;18-Mar-2026
144315;BANK OF INDIA Midcap Tax Fund Series 2 Direct Plan Growth;INF761K01EL6;;31.08;;;18-Mar-2026
144309;BANK OF INDIA Midcap Tax Fund Series 2 Direct Plan IDCW;INF761K01EK8;;31.08;;;18-Mar-2026
144314;BANK OF INDIA Midcap Tax Fund Series 2 Regular Plan Growth;INF761K01EN2;;29.87;;;18-Mar-2026
144316;BANK OF INDIA Midcap Tax Fund Series 2 Regular Plan IDCW;INF761K01EM4;;29.89;;;18-Mar-2026

ICICI Prudential Mutual Fund
142136;ICICI Prudential Long Term Wealth Enhancement Fund - Cumulative Option;INF109KC1077;;27.22;;;18-Mar-2026
142134;ICICI Prudential Long Term Wealth Enhancement Fund - Direct Plan Cumulative Option;INF109KC1093;;28.46;;;18-Mar-2026
142133;ICICI Prudential Long Term Wealth Enhancement Fund - Direct Plan IDCW Option;INF109KC1101;;28.46;;;18-Mar-2026
142135;ICICI Prudential Long Term Wealth Enhancement Fund - IDCW Option;INF109KC1085;;27.22;;;18-Mar-2026

UTI Mutual Fund
101834;UTI - Master Equity Plan Unit Scheme;;;213.9955;;;18-Mar-2026
