Scheme Code;Scheme Name;ISIN Div Payout/ISIN Growth;ISIN Div Reinvestment;Net Asset Value;Repurchase Price;Sale Price;Date

Open Ended Schemes ( Money Market )


Taurus Mutual Fund
139619;Taurus Investor Education Pool - Unclaimed Dividend - Growth;;;10.0000;;;20-May-2025
139618;Taurus Investor Education Pool - Unclaimed Redemption - Growth;;;10.0000;;;20-May-2025
139617;Taurus Unclaimed Redemption - Growth;;;16.8508;;;20-May-2025

Open Ended Schemes ( Equity Scheme - Multi Cap Fund )


Bank of India Mutual Fund
151443;Bank of India Multi Cap Fund Direct Plan - Growth;INF761K01FR0;;17.33;;;20-May-2025
151444;Bank of India Multi Cap Fund Direct Plan - IDCW;INF761K01FQ2;INF761K01FS8;17.31;;;20-May-2025
151445;Bank of India Multi Cap Fund Regular Plan - Growth;INF761K01FU4;;16.93;;;20-May-2025
151446;Bank of India Multi Cap Fund Regular Plan - IDCW;INF761K01FT6;INF761K01FV2;16.92;;;20-May-2025

Canara Robeco Mutual Fund
151824;Canara Robeco Multi Cap Fund - Direct Plan - Growth Option;INF760K01KO9;;14.2700;;;20-May-2025
151822;Canara Robeco Multi Cap Fund - Direct Plan - IDCW Option;INF760K01KQ4;INF760K01KP6;14.1300;;;20-May-2025
151821;Canara Robeco Multi Cap Fund - Regular Plan - Growth Option;INF760K01KR2;;13.9000;;;20-May-2025
151823;Canara Robeco Multi Cap Fund - Regular Plan - IDCW Option;INF760K01KT8;INF760K01KS0;13.7500;;;20-May-2025

Groww Mutual Fund
153034;Groww Multicap Fund - Direct - Growth;INF666M01JD9;;9.7203;;;20-May-2025
153098;Groww Multicap Fund - Direct - IDCW;INF666M01JE7;INF666M01JF4;9.7203;;;20-May-2025
153100;Groww Multicap Fund - Regular - Growth;INF666M01JG2;;9.6444;;;20-May-2025
153099;Groww Multicap Fund - Regular - IDCW;INF666M01JH0;INF666M01JI8;9.6438;;;20-May-2025

quant Mutual Fund
100631;quant Active Fund-GROWTH OPTION - Regular Plan;INF966L01234;;618.6861;;;20-May-2025
120823;quant Active Fund-GROWTH OPTION-Direct Plan;INF966L01614;;673.0851;;;20-May-2025
120822;quant Active Fund-IDCW Option - Direct Plan;INF966L01598;INF966L01606;77.9513;;;20-May-2025
100630;quant Active Fund-IDCW Option - Regular Plan;INF966L01218;INF966L01226;70.7553;;;20-May-2025

Samco Mutual Fund
152847;Samco Multi Cap Fund - Direct Plan - Growth;INF0K1H01198;;9.39;;;20-May-2025
152848;Samco Multi Cap Fund - Regular Plan - Growth;INF0K1H01206;;9.31;;;20-May-2025

Sundaram Mutual Fund
149668;Sundaram Multi Cap Fund (Formerly Known as Principal Multi Cap Growth Fund) - Direct Plan -Half Yearly Income Distribution CUM Capital Withdrawal Option;INF173K01FN7;INF173K01FO5;86.8593;;;20-May-2025
149666;Sundaram Multi Cap Fund (Formerly Known as Principal Multi Cap Growth Fund)- Half Yearly Income Distribution CUM Capital Withdrawal Option;INF173K01957;INF173K01965;64.5207;;;20-May-2025
149669;Sundaram Multi Cap Fund (Formerly Known as Principal Multi Cap Growth Fund)-Direct Plan - Growth Option;INF173K01FQ0;;407.5031;;;20-May-2025
149667;Sundaram Multi Cap Fund (Formerly Known as Principal Multi Cap Growth Fund)-Growth Option;INF173K01940;;366.6882;;;20-May-2025

Open Ended Schemes ( Equity Scheme - Large Cap Fund )


Bank of India Mutual Fund
148980;BANK OF INDIA Bluechip Fund Direct Plan Growth;INF761K01FL3;;16.22;;;20-May-2025
148981;BANK OF INDIA Bluechip Fund Direct Plan IDCW;INF761K01FK5;INF761K01FM1;16.19;;;20-May-2025
148982;BANK OF INDIA Bluechip Fund Regular Plan Growth;INF761K01FO7;;15.45;;;20-May-2025
148983;BANK OF INDIA Bluechip Fund Regular Plan IDCW;INF761K01FN9;INF761K01FP4;15.45;;;20-May-2025

Canara Robeco Mutual Fund
118269;CANARA ROBECO BLUE CHIP EQUITY FUND - DIRECT PLAN - GROWTH OPTION;INF760K01FR2;;71.4300;;;20-May-2025
118270;CANARA ROBECO BLUE CHIP EQUITY FUND - DIRECT PLAN - IDCW (Payout/Reinvestment);INF760K01FP6;INF760K01FQ4;54.7800;;;20-May-2025
113221;CANARA ROBECO BLUE CHIP EQUITY FUND - REGULAR PLAN - GROWTH OPTION;INF760K01AR3;;61.9500;;;20-May-2025
113222;CANARA ROBECO BLUE CHIP EQUITY FUND - REGULAR PLAN - IDCW (Payout/Reinvestment);INF760K01AS1;INF760K01AT9;30.1000;;;20-May-2025

Groww Mutual Fund
119133;Groww Largecap Fund (formerly known as Indiabulls Blue Chip Fund) - Direct Plan - Growth Option;INF666M01600;;49.49;;;20-May-2025
116547;Groww Largecap Fund (formerly known as Indiabulls Blue Chip Fund) - Regular Plan- Growth Option;INF666M01162;;41.35;;;20-May-2025
119134;Groww Largecap Fund (formerly known as Indiabulls Bluechip Fund)- Direct Plan- - Income Distribution cum capital withdrawal Option (Payout & Reinvestment);INF666M01626;INF666M01618;28.69;;;20-May-2025
140814;Groww Largecap Fund (formerly known as Indiabulls Bluechip Fund)- Direct Plan- Half Yearly -Income Distribution cum capital withdrawal Option (Payout & Reinvestment);INF666M01CQ6;INF666M01CR4;27.84;;;20-May-2025
140809;Groww Largecap Fund (formerly known as Indiabulls Bluechip Fund)- Direct Plan- Monthly - Income Distribution cum capital withdrawal Option (Payout & Reinvestment);INF666M01CM5;INF666M01CN3;22.12;;;20-May-2025
140811;Groww Largecap Fund (formerly known as Indiabulls Bluechip Fund)- Direct Plan- Quarterly - Income Distribution cum capital withdrawal Option (Payout & Reinvestment);INF666M01CO1;INF666M01CP8;27.63;;;20-May-2025
116548;Groww Largecap Fund (formerly known as Indiabulls Bluechip Fund)- Regular Plan- - Income Distribution cum capital withdrawal Option (Payout & Reinvestment);INF666M01188;INF666M01170;23.3;;;20-May-2025
140813;Groww Largecap Fund (formerly known as Indiabulls Bluechip Fund)- Regular Plan- Half Yearly - Income Distribution cum capital withdrawal Option (Payout & Reinvestment);INF666M01CW4;INF666M01CX2;24.83;;;20-May-2025
140810;Groww Largecap Fund (formerly known as Indiabulls Bluechip Fund)- Regular Plan- Monthly - Income Distribution cum capital withdrawal Option (Payout & Reinvestment);INF666M01CS2;INF666M01CT0;23.81;;;20-May-2025
140812;Groww Largecap Fund (formerly known as Indiabulls Bluechip Fund)- Regular Plan- Quarterly - Income Distribution cum capital withdrawal Option (Payout & Reinvestment);INF666M01CU8;INF666M01CV6;24.69;;;20-May-2025

quant Mutual Fund
150440;quant Large Cap Fund - Growth Option - Direct Plan;INF966L01AT0;;15.0781;;;20-May-2025
150441;quant Large Cap Fund - Growth Option - Regular Plan;INF966L01AW4;;14.4197;;;20-May-2025
150439;quant Large Cap Fund - IDCW Option - Direct Plan;INF966L01AU8;INF966L01AV6;15.1413;;;20-May-2025
150442;quant Large Cap Fund - IDCW Option - Regular Plan;INF966L01AX2;INF966L01AY0;14.3376;;;20-May-2025

Samco Mutual Fund
153239;Samco Large Cap Fund - Direct Plan - Growth Option;INF0K1H01255;;9.85;;;20-May-2025
153238;Samco Large Cap Fund - Regular Plan - Growth Option;INF0K1H01263;;9.82;;;20-May-2025

Sundaram Mutual Fund
148509;Sundaram Large Cap Fund (Formerly Known as Sundaram Blue Chip  Fund)  Direct Plan - Reinvestment of Income Distribution cum Capital Withdrawal (IDCW);INF903JA1JE6;;17.3804;;;20-May-2025
148505;Sundaram Large Cap Fund (Formerly Known as Sundaram Blue Chip Fund)  Regular Plan - Payout of Income Distribution cum Capital Withdrawal (IDCW);INF903JA1JA4;;16.2068;;;20-May-2025
148508;Sundaram Large Cap Fund (Formerly Known as Sundaram Blue Chip Fund) Direct Plan - Payout of Income Distribution cum Capital Withdrawal (IDCW);INF903JA1JD8;;17.3804;;;20-May-2025
148506;Sundaram Large Cap Fund (Formerly Known as Sundaram Blue Chip Fund) Regular Plan - Reinvestment of Income Distribution cum Capital Withdrawal (IDCW);INF903JA1JB2;;16.2068;;;20-May-2025
148507;Sundaram Large Cap Fund (Formerly Known as Sundaram Blue Chip Fund)Direct Plan - Growth;INF903JA1JC0;;22.3163;;;20-May-2025
148504;Sundaram Large Cap Fund(Formerly Known as Sundaram Blue Chip Fund) Regular Plan - Growth;INF903JA1IZ3;;20.8297;;;20-May-2025

Taurus Mutual Fund
118870;Taurus Large Cap Fund - Direct Plan - Growth;INF044D01BX3;;162.16;;;20-May-2025
118871;Taurus Large Cap Fund - Direct Plan - Payout of Income Distribution cum Capital Withdrawal option;INF044D01BY1;INF044D01BZ8;71.43;;;20-May-2025
101209;Taurus Large Cap Fund - Regular Plan - Growth;INF044D01773;;153.32;;;20-May-2025
108403;Taurus Large Cap Fund - Regular Plan - Payout of Income Distribution cum Capital Withdrawal option;INF044D01740;INF044D01757;67.16;;;20-May-2025

Open Ended Schemes ( Equity Scheme - Large & Mid Cap Fund )


Bank of India Mutual Fund
110598;BANK OF INDIA Large & Mid Cap  Equity Fund Regular Plan- Quarterly IDCW;INF761K01116;INF761K01124;30.80;;;20-May-2025
119349;BANK OF INDIA Large & Mid Cap Equity Fund Direct  Plan- Quarterly IDCW;INF761K01678;INF761K01660;26.93;;;20-May-2025
119300;BANK OF INDIA Large & Mid Cap Equity Fund Direct Plan- Bonus;INF761K01629;;50.06;;;20-May-2025
119350;BANK OF INDIA Large & Mid Cap Equity Fund Direct Plan-Growth;INF761K01652;;96.93;;;20-May-2025
119346;BANK OF INDIA Large & Mid Cap Equity Fund Direct Plan-Regular IDCW;INF761K01645;INF761K01637;26.52;;;20-May-2025
110599;BANK OF INDIA Large & Mid Cap Equity Fund Eco Plan- Growth;INF761K01041;;92.89;;;20-May-2025
110601;BANK OF INDIA Large & Mid Cap Equity Fund Eco Plan-Bonus;INF761K01017;;92.89;;;20-May-2025
110604;BANK OF INDIA Large & Mid Cap Equity Fund Eco Plan-Quarterly IDCW;INF761K01058;INF761K01066;26.20;;;20-May-2025
110608;BANK OF INDIA Large & Mid Cap Equity Fund Eco Plan-Regular IDCW;INF761K01025;INF761K01033;26.01;;;20-May-2025
110603;BANK OF INDIA Large & Mid Cap Equity Fund Regular Plan- Growth;INF761K01108;;84.59;;;20-May-2025
110607;BANK OF INDIA Large & Mid Cap Equity Fund Regular Plan- Regular IDCW;INF761K01082;INF761K01090;25.25;;;20-May-2025
110606;BANK OF INDIA Large & Mid Cap Equity Fund Regular Plan-Bonus;INF761K01074;;84.58;;;20-May-2025

Canara Robeco Mutual Fund
118278;CANARA ROBECO EMERGING EQUITIES - DIRECT PLAN - GROWTH OPTION;INF760K01EI4;;285.0400;;;20-May-2025
118277;CANARA ROBECO EMERGING EQUITIES - DIRECT PLAN - IDCW (Payout/Reinvestment);INF760K01EG8;INF760K01EH6;129.4700;;;20-May-2025
102920;CANARA ROBECO EMERGING EQUITIES - REGULAR PLAN - GROWTH OPTION;INF760K01167;;249.3600;;;20-May-2025
102921;CANARA ROBECO EMERGING EQUITIES - REGULAR PLAN - IDCW (Payout/Reinvestment);INF760K01175;INF760K01183;85.2500;;;20-May-2025

Helios Mutual Fund
152941;Helios Large & Mid Cap Fund - Direct Plan - Growth Option;INF0R8701269;;10.00;;;20-May-2025
152942;Helios Large & Mid Cap Fund - Direct Plan - IDCW Option;INF0R8701277;INF0R8701285;10.00;;;20-May-2025
152943;Helios Large & Mid Cap Fund - Regular Plan - Growth Option;INF0R8701236;;9.91;;;20-May-2025
152944;Helios Large & Mid Cap Fund - Regular Plan - IDCW Option;INF0R8701244;INF0R8701251;9.91;;;20-May-2025

Navi Mutual Fund
141414;Navi Large & Midcap Fund - Direct Annual IDCW Payout;INF959L01CR5;INF959L01CS3;40.5308;;;20-May-2025
141415;Navi Large & Midcap Fund - Direct Half Yearly IDCW Payout;INF959L01CP9;INF959L01CQ7;40.5665;;;20-May-2025
135679;Navi Large & Midcap Fund - Direct Normal IDCW Payout;INF959L01CI4;INF959L01CJ2;40.6673;;;20-May-2025
141411;Navi Large & Midcap Fund - Regular Annual IDCW payout;INF959L01CV7;INF959L01CW5;35.5112;;;20-May-2025
141410;NAVI Large & Midcap Fund - Regular Half Yearly IDCW Payout;INF959L01CT1;INF959L01CU9;34.5359;;;20-May-2025
135680;Navi Large & Midcap Fund - Regular Normal IDCW Payout;INF959L01CL8;INF959L01CM6;34.5231;;;20-May-2025
135677;Navi Large & Midcap Fund- Direct Plan- Growth Option;INF959L01CH6;;41.1643;;;20-May-2025
135678;Navi Large & Midcap Fund- Regular Plan- Growth Option;INF959L01CK0;;34.5271;;;20-May-2025

quant Mutual Fund
104515;quant Large & Mid Cap Fund - Bonus Option - Regular Plan;INF966L01424;;113.9494;;;20-May-2025
120824;quant Large & Mid Cap Fund - Bonus Option-Direct Plan;INF966L01655;;113.9494;;;20-May-2025
104513;quant Large & Mid Cap Fund - Growth Option;INF966L01341;;113.6964;;;20-May-2025
120826;quant Large & Mid Cap Fund - Growth Option-Direct Plan;INF966L01648;;124.2068;;;20-May-2025
120825;quant Large & Mid Cap Fund - IDCW Option - Direct Plan;INF966L01622;INF966L01630;57.8487;;;20-May-2025
104514;quant Large & Mid Cap Fund - IDCW Option - Regular Plan;INF966L01325;INF966L01333;69.4004;;;20-May-2025

Sundaram Mutual Fund
119565;Sundaram Large and Midcap Direct Plan - Income Distribution cum Capital Withdrawal (IDCW);INF903J01PP3;INF903J01PQ1;34.0409;;;20-May-2025
119566;Sundaram Large and Midcap Fund Direct Plan - Growth;INF903J01PR9;;92.0900;;;20-May-2025
105001;Sundaram Large and Midcap Fund Regular Plan - Growth;INF903J01DT1;;82.0169;;;20-May-2025
105000;Sundaram Large and Midcap Regular Plan - Income Distribution cum Capital Withdrawal (IDCW);INF903J01DU9;INF903J01DV7;29.6758;;;20-May-2025

Open Ended Schemes ( Equity Scheme - Mid Cap Fund )


Canara Robeco Mutual Fund
150817;Canara Robeco Mid Cap Fund- Direct Plan- Growth Option;INF760K01KI1;;16.6700;;;20-May-2025
150818;Canara Robeco Mid Cap Fund- Direct Plan- IDCW;INF760K01KK7;INF760K01KJ9;16.1700;;;20-May-2025
150816;Canara Robeco Mid Cap Fund- Regular Plan- Growth Option;INF760K01KL5;;16.0900;;;20-May-2025
150819;Canara Robeco Mid Cap Fund- Regular Plan- IDCW;INF760K01KN1;INF760K01KM3;15.5900;;;20-May-2025

Helios Mutual Fund
153326;Helios Mid Cap Fund - Direct Plan - Growth Option;INF0R8701327;;11.12;;;20-May-2025
153324;Helios Mid Cap Fund - Direct Plan - IDCW Option;INF0R8701335;INF0R8701343;11.12;;;20-May-2025
153327;Helios Mid Cap Fund - Regular Plan - Growth Plan;INF0R8701293;;11.09;;;20-May-2025
153325;Helios Mid Cap Fund - Regular Plan - IDCW Option;INF0R8701301;INF0R8701319;11.09;;;20-May-2025

quant Mutual Fund
120841;quant Mid Cap Fund - Growth Option - Direct Plan;INF966L01887;;241.4405;;;20-May-2025
101065;quant Mid Cap Fund - Growth Option - Regular Plan;INF966L01176;;215.6078;;;20-May-2025
120840;quant Mid Cap Fund - IDCW Option - Direct Plan;INF966L01861;INF966L01879;84.8056;;;20-May-2025
101066;quant Mid Cap Fund - IDCW Option - Regular Plan;INF966L01150;INF966L01168;76.6493;;;20-May-2025

Sundaram Mutual Fund
119581;Sundaram Mid Cap Fund Direct Plan - Growth;INF903J01MJ3;;1437.4145;;;20-May-2025
119582;Sundaram Mid Cap Fund Direct Plan - Income Distribution cum Capital Withdrawal (IDCW);INF903J01MH7;INF903J01MI5;72.3866;;;20-May-2025
101539;Sundaram Mid Cap Fund Regular Plan - Growth;INF903J01173;;1318.2006;;;20-May-2025
101538;Sundaram Mid Cap Fund Regular Plan - Income Distribution cum Capital Withdrawal (IDCW);INF903J01181;INF903J01199;65.4527;;;20-May-2025

Taurus Mutual Fund
118872;Taurus Mid Cap Fund - Direct Plan - Growth;INF044D01CA9;;123.13;;;20-May-2025
118873;Taurus Mid Cap Fund - Direct Plan - Payout of Income Distribution cum Capital Withdrawal option;INF044D01CB7;INF044D01CC5;109.38;;;20-May-2025
100477;Taurus Mid Cap Fund - Regular Plan - Growth;INF044D01815;;116.72;;;20-May-2025
111642;Taurus Mid Cap Fund - Regular Plan - Payout of Income Distribution cum Capital Withdrawal option;INF044D01781;INF044D01799;104.04;;;20-May-2025

Open Ended Schemes ( Equity Scheme - Small Cap Fund )


Bank of India Mutual Fund
145678;BANK OF INDIA Small Cap Fund Direct Plan Growth;INF761K01EP7;;49.44;;;20-May-2025
145675;BANK OF INDIA Small Cap Fund Direct Plan IDCW;INF761K01EO0;INF761K01ES1;37.02;;;20-May-2025
145677;BANK OF INDIA Small Cap Fund Regular Plan Growth;INF761K01ER3;;44.42;;;20-May-2025
145676;BANK OF INDIA Small Cap Fund Regular Plan IDCW;INF761K01EQ5;INF761K01ET9;32.39;;;20-May-2025

Canara Robeco Mutual Fund
146130;CANARA ROBECO SMALL CAP FUND - DIRECT PLAN - GROWTH OPTION;INF760K01JC6;;41.0500;;;20-May-2025
146131;CANARA ROBECO SMALL CAP FUND - DIRECT PLAN - IDCW (Payout/Reinvestment);INF760K01JD4;INF760K01JE2;37.4600;;;20-May-2025
146127;CANARA ROBECO SMALL CAP FUND - REGULAR PLAN - GROWTH OPTION;INF760K01JF9;;37.2300;;;20-May-2025
146128;CANARA ROBECO SMALL CAP FUND - REGULAR PLAN - IDCW (Payout/Reinvestment);INF760K01JG7;INF760K01JH5;33.5700;;;20-May-2025

quant Mutual Fund
100177;quant Small Cap Fund - Growth - Regular Plan;INF966L01AA0;;249.4803;;;20-May-2025
120828;quant Small Cap Fund - Growth Option - Direct Plan;INF966L01689;;270.6372;;;20-May-2025
120827;quant Small Cap Fund - IDCW Option - Direct Plan;INF966L01663;INF966L01671;211.5567;;;20-May-2025
100176;quant Small Cap Fund - IDCW Option - Regular Plan;INF206A01022;INF966L01044;198.4003;;;20-May-2025

Quantum Mutual Fund
152107;QUANTUM SMALL CAP FUND - DIRECT PLAN GROWTH OPTION;INF082J01432;;12.16;;;20-May-2025
152108;QUANTUM SMALL CAP FUND - REGULAR PLAN GROWTH OPTION;INF082J01440;;11.88;;;20-May-2025

Sundaram Mutual Fund
119589;Sundaram Small Cap Fund Direct Plan - Growth;INF903J01NK9;;274.4714;;;20-May-2025
119588;Sundaram Small Cap Fund Direct Plan - Income Distribution cum Capital Withdrawal (IDCW);INF903J01NI3;INF903J01NJ1;38.5938;;;20-May-2025
100795;Sundaram Small Cap Fund Regular Plan - Growth;INF903J01470;;248.3730;;;20-May-2025
100794;Sundaram Small Cap Fund Regular Plan - Income Distribution cum Capital Withdrawal (IDCW);INF903J01454;INF903J01462;33.9858;;;20-May-2025

Trust Mutual Fund
152939;TRUSTMF SMALL CAP FUND -DIRECT PLAN-GROWTH;INF0GCD01800;;9.7;;;20-May-2025
152937;TRUSTMF SMALL CAP FUND -DIRECT PLAN-IDCW;INF0GCD01826;INF0GCD01818;9.7;;;20-May-2025
152938;TRUSTMF SMALL CAP FUND -REGULAR PLAN- IDCW;INF0GCD01792;INF0GCD01784;9.61;;;20-May-2025
152940;TRUSTMF SMALL CAP FUND -REGULAR PLAN-GROWTH;INF0GCD01776;;9.61;;;20-May-2025

Open Ended Schemes ( Equity Scheme - Dividend Yield Fund )


Sundaram Mutual Fund
149700;Sundaram Dividend Yield Fund (Formerly Known as Principal Dividend Yield Fund) - Direct Plan - Growth Option;INF173K01EV3;;145.1272;;;20-May-2025
149699;Sundaram Dividend Yield Fund (Formerly Known as Principal Dividend Yield Fund)- Direct Plan - Half Yearly Income Distribution CUM Capital Withdrawal Option;INF173K01ES9;INF173K01ET7;64.7340;;;20-May-2025
149698;Sundaram Dividend Yield Fund (Formerly Known as Principal Dividend Yield Fund)- Half Yearly Income Distribution CUM Capital Withdrawal Plan;INF173K01AD9;INF173K01AE7;38.7494;;;20-May-2025
149697;Sundaram Dividend Yield Fund (Formerly Known as Principal Dividend Yield Fund)-Growth Plan;INF173K01AC1;;133.2533;;;20-May-2025

Open Ended Schemes ( Equity Scheme - Value Fund )


Canara Robeco Mutual Fund
149085;Canara Robeco Value Fund - Direct Plan - Growth Option;INF760K01JW4;;19.0300;;;20-May-2025
149086;Canara Robeco Value Fund - Direct Plan - IDCW (Payout/Reinvestment);INF760K01JY0;INF760K01JX2;18.8300;;;20-May-2025
149088;Canara Robeco Value Fund - Regular Plan - Growth Option;INF760K01JZ7;;17.9400;;;20-May-2025
149087;Canara Robeco Value Fund - Regular Plan - IDCW (Payout/Reinvestment);INF760K01KB6;INF760K01KA8;17.7600;;;20-May-2025

Groww Mutual Fund
135341;Groww Value Fund (formerly known as Indiabulls Value Fund) - Direct Plan - Growth Option;INF666M01BE4;;31.2596;;;20-May-2025
135343;Groww Value Fund (formerly known as Indiabulls Value Fund) - Regular Plan - Growth Option;INF666M01BH7;;26.283;;;20-May-2025
135342;Groww Value Fund (formerly known as Indiabulls Value Fund)- Direct Plan- - Income Distribution cum capital withdrawal Option (Payout & Reinvestment);INF666M01BF1;INF666M01BG9;31.1444;;;20-May-2025
140819;Groww Value Fund (formerly known as Indiabulls Value Fund)- Direct Plan- Half Yearly - Income Distribution cum capital withdrawal Option (Payout & Reinvestment);INF666M01DC4;INF666M01DD2;25.0294;;;20-May-2025
140815;Groww Value Fund (formerly known as Indiabulls Value Fund)- Direct Plan- Monthly - Income Distribution cum capital withdrawal Option (Payout & Reinvestment);INF666M01CY0;INF666M01CZ7;22.9259;;;20-May-2025
140817;Groww Value Fund (formerly known as Indiabulls Value Fund)- Direct Plan- Quarterly - Income Distribution cum capital withdrawal Option (Payout & Reinvestment);INF666M01DA8;INF666M01DB6;25.0096;;;20-May-2025
135344;Groww Value Fund (formerly known as Indiabulls Value Fund)- Regular Plan - Income Distribution cum capital withdrawal Option (Payout & Reinvestment);INF666M01BI5;INF666M01BJ3;26.274;;;20-May-2025
140820;Groww Value Fund (formerly known as Indiabulls Value Fund)- Regular Plan- Half Yearly -Income Distribution cum capital withdrawal Option (Payout & Reinvestment);INF666M01DI1;INF666M01DJ9;21.5287;;;20-May-2025
140816;Groww Value Fund (formerly known as Indiabulls Value Fund)- Regular Plan- Monthly - Income Distribution cum capital withdrawal Option (Payout & Reinvestment.;INF666M01DE0;INF666M01DF7;20.3965;;;20-May-2025
140818;Groww Value Fund (formerly known as Indiabulls Value Fund)- Regular Plan- Quarterly - Income Distribution cum capital withdrawal Option (Payout & Reinvestment);INF666M01DG5;INF666M01DH3;19.8773;;;20-May-2025

quant Mutual Fund
149335;Quant Value Fund - Growth Option  - Direct Plan;INF966L01AN3;;20.1268;;;20-May-2025
149337;Quant Value Fund - Growth Option - Regular Plan;INF966L01AQ6;;18.9952;;;20-May-2025
149338;Quant Value Fund - IDCW Option - Direct Plan;INF966L01AO1;INF966L01AP8;19.1234;;;20-May-2025
149336;Quant Value Fund - IDCW Option- Regular Plan;INF966L01AR4;INF966L01AS2;19.0993;;;20-May-2025

Quantum Mutual Fund
103490;Quantum Value Fund - Direct Plan Growth Option;INF082J01036;;128.59;;;20-May-2025
103491;Quantum Value Fund - Direct Plan IDCW;INF082J01044;INF082J01051;129.69;;;20-May-2025
141068;Quantum Value Fund - Regular Plan Growth Option;INF082J01242;;123.36;;;20-May-2025
141069;Quantum Value Fund - Regular Plan IDCW;INF082J01259;INF082J01267;124.06;;;20-May-2025

Open Ended Schemes ( Equity Scheme - Focused Fund )


360 ONE Mutual Fund
131581;360 ONE Focused Equity Fund - Direct Plan - Dividend;INF579M01910;INF579M01928;51.2904;;;20-May-2025
131579;360 ONE Focused Equity Fund - Regular Plan - Dividend;INF579M01886;INF579M01894;40.5060;;;20-May-2025
131578;360 ONE Focused Equity Fund -Regular Plan - Growth;INF579M01878;;45.7799;;;20-May-2025
131580;360 ONE Focused Equity Fund-Direct Plan-Growth;INF579M01902;;51.8190;;;20-May-2025

Canara Robeco Mutual Fund
148883;Canara Robeco Focused Equity Fund - Direct Plan - Growth Option;INF760K01JQ6;;20.4000;;;20-May-2025
148882;Canara Robeco Focused Equity Fund - Direct Plan - IDCW (Payout/Reinvestment);INF760K01JS2;INF760K01JR4;19.2000;;;20-May-2025
148884;Canara Robeco Focused Equity Fund - Regular Plan - Growth Option;INF760K01JT0;;19.1400;;;20-May-2025
148885;Canara Robeco Focused Equity Fund - Regular Plan - IDCW (Payout/Reinvestment);INF760K01JV6;INF760K01JU8;17.9500;;;20-May-2025

Old Bridge Mutual Fund
152358;Old Bridge Focused Equity Fund - Direct Growth;INF0S5R01042;;11.99;;;20-May-2025
152359;Old Bridge Focused Equity Fund - Direct IDCW;INF0S5R01059;INF0S5R01067;11.99;;;20-May-2025
152361;Old Bridge Focused Equity Fund - Regular Growth;INF0S5R01034;;11.83;;;20-May-2025
152363;Old Bridge Focused Equity Fund - Regular IDCW;INF0S5R01018;INF0S5R01026;11.83;;;20-May-2025

quant Mutual Fund
109275;quant Focused Fund - Growth Option - Regular Plan;INF966L01374;;83.5017;;;20-May-2025
120834;quant Focused Fund - Growth Option-Direct Plan;INF966L01853;;92.406;;;20-May-2025
120835;quant Focused Fund - IDCW Option - Direct Plan;INF966L01838;INF966L01846;54.0191;;;20-May-2025
109274;quant Focused Fund - IDCW Option - Regular Plan;INF966L01358;INF966L01366;62.0871;;;20-May-2025

Sundaram Mutual Fund
149533;Sundaram Focused Fund (Formerly Known as Principal Focused Multicap Fund)- Direct Plan - Growth Option;INF173K01EK6;;171.0941;;;20-May-2025
149534;Sundaram Focused Fund (Formerly Known as Principal Focused Multicap Fund)- Direct Plan - Half Yearly Income Distribution CUM Capital Withdrawal Option;INF173K01EM2;INF173K01EL4;43.5066;;;20-May-2025
149532;Sundaram Focused Fund (Formerly Known as Principal Focused Multicap Fund)-Growth Option;INF173K01189;;154.7454;;;20-May-2025
149531;Sundaram Focused Fund (Formerly Known as Principal Focused Multicap Fund)-Half Yearly Income Distribution CUM Capital Withdrawal Option;INF173K01197;INF173K01205;40.0736;;;20-May-2025

Open Ended Schemes ( Equity Scheme - Sectoral/ Thematic )


360 ONE Mutual Fund
149318;360 ONE QUANT FUND DIRECT GROWTH;INF579M01AI2;;19.6648;;;20-May-2025
149319;360 ONE QUANT FUND DIRECT INCOME DISTRIBUTION CUM CAPITAL WITHDRAWAL;INF579M01AJ0;INF579M01AK8;19.6648;;;20-May-2025
149317;360 ONE QUANT FUND REGULAR GROWTH;INF579M01AF8;;18.8461;;;20-May-2025
149316;360 ONE QUANT FUND REGULAR INCOME DISTRIBUTION CUM CAPITAL WITHDRAWAL;INF579M01AG6;INF579M01AH4;18.8461;;;20-May-2025

Bank of India Mutual Fund
152788;Bank of India Business Cycle Fund - Direct Plan - Dividend;INF761K01GG1;INF761K01GH9;9.02;;;20-May-2025
152789;Bank of India Business Cycle Fund - Direct Plan - Growth;INF761K01GF3;;9.02;;;20-May-2025
152791;Bank of India Business Cycle Fund - Regular Plan - Dividend;INF761K01GD8;INF761K01GE6;8.95;;;20-May-2025
152790;Bank of India Business Cycle Fund - Regular Plan - Growth;INF761K01GC0;;8.95;;;20-May-2025
153139;Bank of India Consumption Fund - Direct - Growth;INF761K01GI7;;10.29;;;20-May-2025
153142;Bank of India Consumption Fund - Direct - IDCW;INF761K01GJ5;INF761K01GK3;10.29;;;20-May-2025
153140;Bank of India Consumption Fund - Regular - Growth;INF761K01GL1;;10.24;;;20-May-2025
153141;Bank of India Consumption Fund - Regular - IDCW;INF761K01GM9;INF761K01GN7;10.24;;;20-May-2025
119364;BANK OF INDIA Manufacturing & Infrastructure Fund-Direct Plan-Growth;INF761K01702;;62.33;;;20-May-2025
119365;BANK OF INDIA Manufacturing & Infrastructure Fund-Direct Plan-Quarterly IDCW;INF761K01728;INF761K01710;61.27;;;20-May-2025
119363;BANK OF INDIA Manufacturing & Infrastructure Fund-Direct Plan-Regular IDCW;INF761K01694;INF761K01686;58.81;;;20-May-2025
112359;BANK OF INDIA Manufacturing & Infrastructure Fund-Growth;INF761K01199;;53.40;;;20-May-2025
112360;BANK OF INDIA Manufacturing & Infrastructure Fund-Quarterly IDCW;INF761K01231;INF761K01223;34.67;;;20-May-2025
112361;BANK OF INDIA Manufacturing & Infrastructure Fund-Regular IDCW;INF761K01215;INF761K01207;34.04;;;20-May-2025

Canara Robeco Mutual Fund
118273;CANARA ROBECO CONSUMER TRENDS FUND - DIRECT PLAN - GROWTH OPTION;INF760K01DU1;;123.0300;;;20-May-2025
118274;CANARA ROBECO CONSUMER TRENDS FUND - DIRECT PLAN - IDCW (Payout/Reinvestment);INF760K01DS5;INF760K01DT3;88.3500;;;20-May-2025
112152;CANARA ROBECO CONSUMER TRENDS FUND - REGULAR PLAN - GROWTH OPTION;INF760K01241;;107.2400;;;20-May-2025
112153;CANARA ROBECO CONSUMER TRENDS FUND - REGULAR PLAN - IDCW (Payout/Reinvestment);INF760K01225;INF760K01233;48.4800;;;20-May-2025
118267;CANARA ROBECO INFRASTRUCTURE FUND - DIRECT PLAN - GROWTH OPTION;INF760K01FO9;;173.0600;;;20-May-2025
118268;CANARA ROBECO INFRASTRUCTURE FUND - DIRECT PLAN - IDCW (Payout/Reinvestment);INF760K01FM3;INF760K01FN1;87.0500;;;20-May-2025
103390;CANARA ROBECO INFRASTRUCTURE FUND - REGULAR PLAN - GROWTH OPTION;INF760K01274;;154.2600;;;20-May-2025
103389;CANARA ROBECO INFRASTRUCTURE FUND - REGULAR PLAN - IDCW (Payout/Reinvestment);INF760K01258;INF760K01266;62.3800;;;20-May-2025
152450;Canara Robeco Manufacturing Fund - Direct Plan - Growth Option;INF760K01KZ5;;12.0300;;;20-May-2025
152449;Canara Robeco Manufacturing Fund - Direct Plan - IDWC Option;INF760K01KY8;INF760K01KX0;12.0300;;;20-May-2025
152447;Canara Robeco Manufacturing Fund - Regular Plan - Growth Option;INF760K01KU6;;11.8200;;;20-May-2025
152448;Canara Robeco Manufacturing Fund -Regular Plan - IDWC Option;INF760K01KW2;INF760K01KV4;11.8100;;;20-May-2025

Groww Mutual Fund
152254;Groww Banking & Financial Services Fund - Direct Plan - Growth;INF666M01HS1;;11.4856;;;20-May-2025
152274;Groww Banking & Financial Services Fund - Regular - Growth;INF666M01HP7;;11.2029;;;20-May-2025
152276;Groww Banking & Financial Services Fund - Regular Plan - IDCW;INF666M01HQ5;INF666M01HR3;11.2029;;;20-May-2025
152273;Groww Banking & Financial Services Fund-IDCW;INF666M01HT9;INF666M01HU7;11.4848;;;20-May-2025

Helios Mutual Fund
152679;Helios Financial Services Fund - Direct Plan - Growth Option;INF0R8701202;;11.14;;;20-May-2025
152680;Helios Financial Services Fund - Direct Plan - IDCW Option;INF0R8701210;INF0R8701228;11.14;;;20-May-2025
152682;Helios Financial Services Fund - Regular Plan - Growth Option;INF0R8701178;;10.97;;;20-May-2025
152681;Helios Financial Services Fund - Regular Plan - IDCW Option;INF0R8701186;INF0R8701194;10.98;;;20-May-2025

quant Mutual Fund
151791;quant BFSI Fund - Growth Option - Direct Plan;INF966L01BX0;;16.3144;;;20-May-2025
151788;quant BFSI Fund - Growth Option - Regular Plan;INF966L01CA6;;15.8121;;;20-May-2025
151790;quant BFSI Fund - IDCW Option - Direct Plan;INF966L01BY8;INF966L01BZ5;16.3333;;;20-May-2025
151789;quant BFSI Fund - IDCW Option - Regular Plan;INF966L01CB4;INF966L01CC2;15.8109;;;20-May-2025
151757;quant Business Cycle Fund - Growth Option - Direct Plan;INF966L01BR2;;16.3594;;;20-May-2025
151758;quant Business Cycle Fund - Growth Option - Regular Plan;INF966L01BU6;;15.8626;;;20-May-2025
151759;quant Business Cycle Fund - IDCW Option - Direct Plan;INF966L01BS0;INF966L01BT8;16.3484;;;20-May-2025
151760;quant Business Cycle Fund - IDCW Option - Regular Plan;INF966L01BV4;INF966L01BW2;15.8779;;;20-May-2025
152255;quant Commodities Fund - Growth Option - Direct Plan;INF966L01DF3;;13.1361;;;20-May-2025
152256;quant Commodities Fund - Growth Option - Regular Plan;INF966L01DC0;;12.8562;;;20-May-2025
152257;quant Commodities Fund - IDCW Option - Direct Plan;INF966L01DG1;INF966L01DH9;13.1324;;;20-May-2025
152258;quant Commodities Fund - IDCW Option - Regular Plan;INF966L01DD8;INF966L01DE6;12.8542;;;20-May-2025
152336;quant Consumption Fund - Growth Option - Direct Plan;INF966L01DN7;;10.6101;;;20-May-2025
152338;quant Consumption Fund - Growth Option - Regular Plan;INF966L01DI7;;10.3909;;;20-May-2025
152339;quant Consumption Fund - IDCW Option - Direct Plan;INF966L01DO5;INF966L01DP2;10.6154;;;20-May-2025
152337;quant Consumption Fund - IDCW Option - Regular Plan;INF966L01DL1;INF966L01DM9;10.3951;;;20-May-2025
148564;quant ESG Equity Fund - Growth Option - Direct Plan;INF966L01AD4;;34.8282;;;20-May-2025
148560;quant ESG Equity Fund - Growth Option - Regular Plan;INF966L01AB8;;32.4612;;;20-May-2025
148563;quant ESG Equity Fund - IDCW Option - Direct Plan;INF966L01AE2;INF966L01AG7;34.7866;;;20-May-2025
148561;quant ESG Equity Fund - IDCW Option - Regular Plan;INF966L01AC6;INF966L01AF9;32.3037;;;20-May-2025
151853;quant Healthcare Fund - Growth Option - Direct Plan;INF966L01CD0;;15.7402;;;20-May-2025
151855;quant Healthcare Fund - Growth Option - Regular Plan;INF966L01CG3;;15.27;;;20-May-2025
151854;quant Healthcare Fund - IDCW Option - Direct Plan;INF966L01CE8;INF966L01CF5;15.7392;;;20-May-2025
151856;quant Healthcare Fund - IDCW Option - Regular Plan;INF966L01CH1;INF966L01CI9;15.2698;;;20-May-2025
106170;quant Infrastructure Fund - Growth Option;INF966L01523;;36.7443;;;20-May-2025
120833;quant Infrastructure Fund - Growth Option-Direct Plan;INF966L01721;;40.2409;;;20-May-2025
120832;quant Infrastructure Fund - IDCW Option - Direct Plan;INF966L01705;INF966L01713;40.2095;;;20-May-2025
106169;quant Infrastructure Fund - IDCW Option - Regular Plan;INF966L01507;INF966L01515;36.6615;;;20-May-2025
151916;quant Manufacturing Fund - Growth Option - Direct Plan;INF966L01CJ7;;14.9906;;;20-May-2025
151913;quant Manufacturing Fund - Growth Option - Regular Plan;INF966L01CN9;;14.5754;;;20-May-2025
151914;quant Manufacturing Fund - IDCW Option - Direct Plan;INF966L01CK5;INF966L01CL3;14.9884;;;20-May-2025
151915;quant Manufacturing Fund - IDCW Option - Regular Plan;INF966L01CO7;INF966L01CP4;14.6867;;;20-May-2025
152189;quant Momentum Fund - Growth Option - Direct Plan;INF966L01CZ3;;14.4317;;;20-May-2025
152190;quant Momentum Fund - Growth Option - Regular Plan;INF966L01CW0;;14.1419;;;20-May-2025
152192;quant Momentum Fund - IDCW Option - Direct Plan;INF966L01DA4;INF966L01DB2;14.4178;;;20-May-2025
152191;quant Momentum Fund - IDCW Option - Regular Plan;INF966L01CX8;INF966L01CY6;14.0969;;;20-May-2025
152415;quant PSU Fund - Growth Option - Direct Plan;INF966L01DT4;;10.4248;;;20-May-2025
152413;quant PSU Fund - Growth Option - Regular Plan;INF966L01DQ0;;10.2376;;;20-May-2025
152416;quant PSU Fund - IDCW Option - Direct Plan;INF966L01DU2;INF966L01DV0;10.4315;;;20-May-2025
152414;quant PSU Fund - IDCW Option - Regular Plan;INF966L01DR8;INF966L01DS6;10.2372;;;20-May-2025
148925;quant Quantamental Fund - Growth Option - Direct Plan;INF966L01AK9;;23.6648;;;20-May-2025
148923;quant Quantamental Fund - Growth Option - Regular Plan;INF966L01AH5;;22.2022;;;20-May-2025
148924;quant Quantamental Fund - IDCW Option - Direct Plan;INF966L01AL7;INF966L01AM5;23.796;;;20-May-2025
148922;quant Quantamental Fund - IDCW Option - Regular Plan;INF966L01AI3;INF966L01AJ1;22.228;;;20-May-2025
152067;quant Teck Fund - Growth Option - Direct Plan;INF966L01CT6;;12.7694;;;20-May-2025
152070;quant Teck Fund - Growth Option - Regular Plan;INF966L01CQ2;;12.427;;;20-May-2025
152068;quant Teck Fund - IDCW Option - Direct Plan;INF966L01CU4;INF966L01CV2;12.7634;;;20-May-2025
152069;quant Teck Fund - IDCW Option - Regular Plan;INF966L01CR0;INF966L01CS8;12.429;;;20-May-2025

Quantum Mutual Fund
147372;QUANTUM ESG BEST IN CLASS STRATEGY FUND - DIRECT PLAN - GROWTH OPTION;INF082J01382;;24.72;;;20-May-2025
147371;QUANTUM ESG BEST IN CLASS STRATEGY FUND - REGULAR PLAN - GROWTH OPTION;INF082J01390;;23.49;;;20-May-2025
153094;Quantum Ethical Fund - Direct Plan Growth Option;INF082J01473;;9.74;;;20-May-2025
153095;Quantum Ethical Fund - Regular Plan Growth Option;INF082J01481;;9.69;;;20-May-2025

Samco Mutual Fund
151753;Samco Active Momentum Fund - Direct Plan - Growth Option;INF0K1H01081;;13.80;;;20-May-2025
151752;Samco Active Momentum Fund - Regular Plan - Growth Option;INF0K1H01073;;13.44;;;20-May-2025
152586;Samco Special Opportunities Fund - Direct Plan - Growth;INF0K1H01180;;8.31;;;20-May-2025
152587;Samco Special Opportunities Fund - Regular Plan - Growth;INF0K1H01172;;8.17;;;20-May-2025

Sundaram Mutual Fund
152677;Sundaram Business Cycle Fund Direct Plan Growth;INF903JA1LQ6;;10.7587;;;20-May-2025
152676;Sundaram Business Cycle Fund Direct Plan IDCW Payout;INF903JA1LR4;;10.7587;;;20-May-2025
152673;Sundaram Business Cycle Fund Direct Plan IDCW Reinvestment;;INF903JA1LS2;10.7587;;;20-May-2025
152678;Sundaram Business Cycle Fund Regular Plan Growth;INF903JA1LN3;;10.6040;;;20-May-2025
152674;Sundaram Business Cycle Fund Regular Plan IDCW Payout;INF903JA1LO1;;10.6040;;;20-May-2025
152675;Sundaram Business Cycle Fund Regular Plan IDCW Reinvestment;;INF903JA1LP8;10.6040;;;20-May-2025
119595;Sundaram Consumption Fund (Formerly Known as Sundaram Rural and Consumption Fund Direct Plan - Growth);INF903J01NH5;;104.5572;;;20-May-2025
103743;Sundaram Consumption Fund (Formerly Known as Sundaram Rural and Consumption Fund Regular Plan - Income Distribution cum Capital Withdrawal (IDCW);INF903J01546;INF903J01553;29.0020;;;20-May-2025
119594;Sundaram Consumption Fund (Formerly Known asSundaram Rural and Consumption Fund Direct Plan - Income Distribution cum Capital Withdrawal (IDCW);INF903J01NF9;INF903J01NG7;32.2835;;;20-May-2025
102142;Sundaram Consumption Fund(Formerly Known as Sundaram Rural and Consumption Fund Regular Plan - Growth);INF903J01561;;95.5123;;;20-May-2025
119597;Sundaram Financial Services Opportunities Fund Direct Plan - Growth;INF903J01NB8;;115.2537;;;20-May-2025
119596;Sundaram Financial Services Opportunities Fund Direct Plan - Income Distribution cum Capital Withdrawal (IDCW);INF903J01MZ9;INF903J01NA0;36.3226;;;20-May-2025
109059;Sundaram Financial Services Opportunities Fund Regular Plan - Growth;INF903J01629;;102.3597;;;20-May-2025
109058;Sundaram Financial Services Opportunities Fund Regular Plan - Income Distribution cum Capital Withdrawal (IDCW);INF903J01603;INF903J01611;31.7327;;;20-May-2025
129212;Sundaram Infrastructure Advantage Fund Direct Plan - Growth;INF903J01F92;;97.6021;;;20-May-2025
129211;Sundaram Infrastructure Advantage Fund Direct Plan - Income Distribution cum Capital Withdrawal (IDCW);INF903J01G00;INF903J01G18;60.1362;;;20-May-2025
129213;Sundaram Infrastructure Advantage Fund Regular Plan - Growth;INF903J01F68;;91.4164;;;20-May-2025
129210;Sundaram Infrastructure Advantage Fund Regular Plan - Income Distribution cum Capital Withdrawal (IDCW);INF903J01F76;INF903J01F84;56.0366;;;20-May-2025

Taurus Mutual Fund
118868;Taurus Banking & Financial Services Fund - Direct Plan - Growth;INF044D01CN2;;59.16;;;20-May-2025
118869;Taurus Banking & Financial Services Fund - Direct Plan - Payout of Income Distribution cum Capital Withdrawal option;INF044D01CO0;INF044D01CP7;58.47;;;20-May-2025
117312;Taurus Banking & Financial Services Fund - Regular Plan - Growth;INF044D01BI4;;53.01;;;20-May-2025
117313;Taurus Banking & Financial Services Fund - Regular Plan - Payout of Income Distribution cum Capital Withdrawal option;INF044D01BJ2;INF044D01BK0;47.45;;;20-May-2025
111903;Taurus Ethical Fund -  Regular Plan - Bonus Option;INF044D01823;;123.61;;;20-May-2025
118876;Taurus Ethical Fund - Direct Plan - Growth;INF044D01CJ0;;138.91;;;20-May-2025
118877;Taurus Ethical Fund - Direct Plan - Payout of Income Distribution cum Capital Withdrawal option;INF044D01CK8;INF044D01CL6;93.24;;;20-May-2025
111787;Taurus Ethical Fund - Regular Plan - Growth;INF044D01864;;123.63;;;20-May-2025
111788;Taurus Ethical Fund - Regular Plan - Payout of Income Distribution cum Capital Withdrawal option;INF044D01831;INF044D01849;83.57;;;20-May-2025
118878;Taurus Ethical Fund-Direct Plan-Bonus Option #;INF044D01CM4;;45.52;;;20-May-2025
118879;Taurus Infrastructure Fund - Direct Plan - Growth ;INF044D01CD3;;70.11;;;20-May-2025
118880;Taurus Infrastructure Fund - Direct Plan - Payout of Income Distribution cum Capital Withdrawal option;INF044D01CE1;INF044D01CF8;65.30;;;20-May-2025
105417;Taurus Infrastructure Fund - Regular Plan - Growth;INF044D01906;;65.40;;;20-May-2025
105418;Taurus Infrastructure Fund - Regular Plan - Payout of Income Distribution cum Capital Withdrawal option;INF044D01872;INF044D01880;61.43;;;20-May-2025

Open Ended Schemes ( Equity Scheme - ELSS )


360 ONE Mutual Fund
151165;360 ONE ELSS Tax Saver Nifty 50 Index Fund - Direct Plan - Growth;INF579M01AN2;;13.8221;;;20-May-2025
151166;360 ONE ELSS Tax Saver Nifty 50 Index Fund - Direct Plan - IDCW Payout;INF579M01AO0;;13.8221;;;20-May-2025
151164;360 ONE ELSS Tax Saver Nifty 50 Index Fund - Regular Plan - Growth;INF579M01AL6;;13.7396;;;20-May-2025
151167;360 ONE ELSS Tax Saver Nifty 50 Index Fund - Regular Plan - IDCW Payout;INF579M01AM4;;13.7396;;;20-May-2025

Bank of India Mutual Fund
119351;BANK OF INDIA ELSS Tax Saver -Direct Plan- Growth;INF761K01884;;182.60;;;20-May-2025
119352;BANK OF INDIA ELSS Tax Saver -Direct Plan-IDCW;INF761K01876;INF761K01868;72.92;;;20-May-2025
111709;BANK OF INDIA ELSS Tax Saver -ECO Plan-Growth;INF761K01157;;169.88;;;20-May-2025
111711;BANK OF INDIA ELSS Tax Saver -ECO Plan-IDCW;INF761K01132;INF761K01140;28.20;;;20-May-2025
111710;BANK OF INDIA ELSS Tax Saver -Regular Plan- Growth;INF761K01181;;157.12;;;20-May-2025
111708;BANK OF INDIA ELSS Tax Saver -Regular Plan-IDCW;INF761K01165;INF761K01173;30.27;;;20-May-2025

Canara Robeco Mutual Fund
118285;CANARA ROBECO ELSS TAX SAVER - DIRECT PLAN - GROWTH OPTION;INF760K01EL8;;190.8200;;;20-May-2025
118286;CANARA ROBECO ELSS TAX SAVER - DIRECT PLAN - IDCW (Payout);INF760K01EJ2;INF760K01EK0;77.8300;;;20-May-2025
111722;CANARA ROBECO ELSS TAX SAVER - REGULAR PLAN - GROWTH OPTION;INF760K01100;;171.0800;;;20-May-2025
100593;CANARA ROBECO ELSS TAX SAVER - REGULAR PLAN -IDCW (Payout);INF760K01084;INF760K01092;48.1400;;;20-May-2025

Groww Mutual Fund
141807;Groww ELSS Tax Saver Fund (formerly known as Indiabulls Tax Savings Fund)- Direct Plan- Dividend Option;INF666M01DL5;;21.6;;;20-May-2025
141808;Groww ELSS Tax Saver Fund (formerly known as Indiabulls Tax Savings Fund)- Direct Plan- Growth Option;INF666M01DK7;;21.63;;;20-May-2025
141810;Groww ELSS Tax Saver Fund (formerly known as Indiabulls Tax Savings Fund)- Regular Plan- - Income Distribution cum capital withdrawal Option (Payout);INF666M01DO9;;19.12;;;20-May-2025
141862;Groww ELSS Tax Saver Fund (formerly known as Indiabulls Tax Savings Fund)-Regular Plan-Growth Option;INF666M01DN1;;19.11;;;20-May-2025

Navi Mutual Fund
135653;Navi ELSS Tax Saver Fund - Direct Plan IDCW Payout;INF959L01CE3;;33.0155;;;20-May-2025
135652;Navi ELSS Tax Saver Fund - Regular Plan IDCW Payout;INF959L01CG8;;28.2838;;;20-May-2025
135654;Navi ELSS Tax Saver Fund- Direct Plan- Growth Option;INF959L01CD5;;33.4293;;;20-May-2025
135655;Navi ELSS Tax Saver Fund- Regular Plan- Growth Option;INF959L01CF0;;28.2865;;;20-May-2025
151471;NAVI ELSS TAX SAVER NIFTY 50 INDEX FUND - DIRECT PLAN GROWTH;INF959L01GR6;;14.7933;;;20-May-2025
151473;NAVI ELSS TAX SAVER NIFTY 50 INDEX FUND - DIRECT PLAN IDCW PAYOUT;INF959L01GT2;;14.8002;;;20-May-2025
151472;NAVI ELSS TAX SAVER NIFTY 50 INDEX FUND - REGULAR PLAN GROWTH;INF959L01GS4;;14.4698;;;20-May-2025
151474;NAVI ELSS TAX SAVER NIFTY 50 INDEX FUND - REGULAR PLAN IDCW PAYOUT;INF959L01GU0;;14.527;;;20-May-2025

quant Mutual Fund
120847;quant ELSS Tax Saver Fund - Growth Option - Direct Plan;INF966L01986;;393.9912;;;20-May-2025
100175;quant ELSS Tax Saver Fund - Growth Option - Regular Plan;INF966L01135;;352.817;;;20-May-2025
120846;quant ELSS Tax Saver Fund - IDCW Option - Direct Plan;INF966L01960;INF966L01127;52.5213;;;20-May-2025
100174;quant ELSS Tax Saver Fund - IDCW Option - Regular Plan;INF966L01119;;48.9928;;;20-May-2025

Quantum Mutual Fund
111549;Quantum ELSS Tax Saver Fund - Direct Plan Growth Option;INF082J01069;;128.06;;;20-May-2025
111550;Quantum ELSS Tax Saver Fund - Direct Plan IDCW;INF082J01077;INF082J01085;128.06;;;20-May-2025
141070;Quantum ELSS Tax Saver Fund - Regular Plan Growth Option;INF082J01366;;122.41;;;20-May-2025
141071;Quantum ELSS Tax Saver Fund - Regular Plan IDCW;INF082J01374;;122.41;;;20-May-2025

Samco Mutual Fund
150838;Samco ELSS Tax Saver Fund - Direct Plan - Growth Option;INF0K1H01065;;13.46;;;20-May-2025
150839;Samco ELSS Tax Saver Fund - Regular Plan - Growth Option;INF0K1H01057;;13.00;;;20-May-2025

Sundaram Mutual Fund
119549;Sundaram Diversified Equity (ELSS) Direct Plan - Growth;INF903J01NN3;;226.3335;;;20-May-2025
119548;Sundaram Diversified Equity (ELSS) Direct Plan - Income Distribution cum Capital Withdrawal (IDCW);INF903J01NL7;INF903J01NM5;20.1240;;;20-May-2025
101853;Sundaram Diversified Equity (ELSS) Regular Plan - Growth;INF903J01538;;213.8493;;;20-May-2025
100614;Sundaram Diversified Equity (ELSS) Regular Plan - Income Distribution cum Capital Withdrawal (IDCW);INF903J01512;INF903J01520;16.5765;;;20-May-2025
149571;Sundaram ELSS Tax Saver Fund Direct Plan - Half Yearly Income Distribution CUM Capital Withdrawal Option;INF173K01NN1;;526.5490;;;20-May-2025
149570;Sundaram ELSS Tax Saver Fund Direct Plan Growth;INF173K01HZ7;;527.0797;;;20-May-2025
149569;Sundaram ELSS Tax Saver Fund Regular Growth;INF173K01361;;493.4552;;;20-May-2025
149572;Sundaram ELSS Tax Saver Fund Regular Plan - Half Yearly Income Distribution CUM Capital Withdrawal Option;INF173K01NM3;;395.7262;;;20-May-2025

Taurus Mutual Fund
118866;Taurus ELSS Tax Saver Fund - Direct Plan - Growth;INF044D01CG6;INF044D01AA3;197.56;;;20-May-2025
118867;Taurus ELSS Tax Saver Fund - Direct Plan - Payout of Income Distribution cum Capital Withdrawal option;INF044D01CH4;INF044D01CI2;91.05;;;20-May-2025
100480;Taurus ELSS Tax Saver Fund - Regular Plan - Growth;INF044D01AC9;;181.46;;;20-May-2025
108402;Taurus ELSS Tax Saver Fund - Regular Plan - Payout of Income Distribution cum Capital Withdrawal option;INF044D01997;;85.01;;;20-May-2025

Open Ended Schemes ( Debt Scheme - Overnight Fund )


Bank of India Mutual Fund
147951;BANK OF INDIA Overnight Fund Direct Plan Growth;INF761K01EU7;;1306.1441;;;20-May-2025
147952;BANK OF INDIA Overnight Fund Direct Plan- Daily IDCW;;INF761K01EV5;1000.0000;;;20-May-2025
147948;BANK OF INDIA Overnight Fund Direct Plan- Monthly IDCW;INF761K01EY9;INF761K01EX1;1003.5288;;;20-May-2025
147936;BANK OF INDIA Overnight Fund Regular Plan Growth;INF761K01EZ6;;1302.6066;;;20-May-2025
147953;BANK OF INDIA Overnight Fund Regular Plan- Daily IDCW;;INF761K01FA6;1000.0000;;;20-May-2025
147949;BANK OF INDIA Overnight Fund Regular Plan- Monthly IDCW;INF761K01FD0;INF761K01FC2;1003.5123;;;20-May-2025
147947;BANK OF INDIA Overnight Fund Regular Plan- Weekly IDCW;;INF761K01FB4;1000.2017;;;20-May-2025
149412;BANK OF INDIA Overnight Fund Unclaimed IDCW Plan - Greater than 3 Years;;;1000.0000;;;20-May-2025
149414;BANK OF INDIA Overnight Fund Unclaimed IDCW Plan - Up to 3 Years;;;1228.0932;;;20-May-2025
149415;BANK OF INDIA Overnight Fund Unclaimed Redemption Plan - Greater than 3 Years;;;1000.0000;;;20-May-2025
149413;BANK OF INDIA Overnight Fund Unclaimed Redemption Plan - Upto 3 Years;;;1228.3854;;;20-May-2025

Canara Robeco Mutual Fund
147532;CANARA ROBECO OVERNIGHT FUND - DIRECT PLAN - DAILY IDCW (Reinvestment);;INF760K01JN3;1001.0012;;;20-May-2025
147531;CANARA ROBECO OVERNIGHT FUND - DIRECT PLAN - GROWTH OPTION;INF760K01JM5;;1329.3180;;;20-May-2025
147533;CANARA ROBECO OVERNIGHT FUND - REGULAR PLAN - DAILY IDCW (Reinvestment);;INF760K01JP8;1001.0000;;;20-May-2025
147534;CANARA ROBECO OVERNIGHT FUND - REGULAR PLAN - GROWTH OPTION;INF760K01JO1;;1328.0416;;;20-May-2025

Groww Mutual Fund
147458;Groww Overnight Fund (formerly known as Indiabulls Overnight Fund)- Direct Plan- - Income Distribution cum capital withdrawal Option ( Reinvestment);;INF666M01GM6;1001.1421;;;20-May-2025
147452;Groww Overnight Fund (formerly known as Indiabulls Overnight Fund)- Direct Plan- Fortnightly - Income Distribution cum capital withdrawal Option (Payout & Reinvestment);INF666M01GP9;INF666M01GQ7;1216.0425;;;20-May-2025
147450;Groww Overnight Fund (formerly known as Indiabulls Overnight Fund)- Direct Plan- Growth Option;INF666M01GL8;;1327.1736;;;20-May-2025
147453;Groww Overnight Fund (formerly known as Indiabulls Overnight Fund)- Direct Plan- Monthly - Income Distribution cum capital withdrawal Option (Payout & Reinvestment);INF666M01GR5;INF666M01GS3;1004.2946;;;20-May-2025
147451;Groww Overnight Fund (formerly known as Indiabulls Overnight Fund)- Direct Plan- Weekly - Income Distribution cum capital withdrawal Option (Payout & Reinvestment);INF666M01GN4;INF666M01GO2;1001.9893;;;20-May-2025
147455;Groww Overnight Fund (formerly known as Indiabulls Overnight Fund)- Regular Plan- - Income Distribution cum capital withdrawal Option ( Reinvestment);;INF666M01GU9;1001.0289;;;20-May-2025
147457;Groww Overnight Fund (formerly known as Indiabulls Overnight Fund)- Regular Plan- Fortnightly - Income Distribution cum capital withdrawal Option (Payout & Reinvestment);INF666M01GX3;INF666M01GY1;1001.9296;;;20-May-2025
147454;Groww Overnight Fund (formerly known as Indiabulls Overnight Fund)- Regular Plan- Growth Option;INF666M01GT1;;1319.9894;;;20-May-2025
147459;Groww Overnight Fund (formerly known as Indiabulls Overnight Fund)- Regular Plan- Monthly - Income Distribution cum capital withdrawal Option (Payout & Reinvestment);INF666M01GZ8;INF666M01HA9;1004.3222;;;20-May-2025
147456;Groww Overnight Fund (formerly known as Indiabulls Overnight Fund)- Regular Plan- Weekly - Income Distribution cum capital withdrawal Option (Payout & Reinvestment);INF666M01GV7;INF666M01GW5;1001.1004;;;20-May-2025
149394;Groww Overnight Fund (formerly known as Indiabulls Overnight Fund)- Unclaimed Dividend < 3 years;;;1221.6547;;;20-May-2025
149396;Groww Overnight Fund (formerly known as Indiabulls Overnight Fund)- Unclaimed Redemption < 3 Years;;;1216.4709;;;20-May-2025

Helios Mutual Fund
152151;Helios Overnight Fund - Direct Plan - Daily IDCW Option;INF0R8701087;;1000.0000;;;20-May-2025
152152;Helios Overnight Fund - Direct Plan - Growth Option;INF0R8701079;;1105.4806;;;20-May-2025
152154;Helios Overnight Fund - Regular Plan - Daily IDCW Option;INF0R8701103;;1000.0000;;;20-May-2025
152153;Helios Overnight Fund - Regular Plan - Growth Option;INF0R8701095;;1104.6112;;;20-May-2025

quant Mutual Fund
151190;quant Overnight Fund - Growth Option - Direct Plan;INF966L01AZ7;;11.7808;;;20-May-2025
151195;quant Overnight Fund - Growth Option - Regular Plan;INF966L01BC4;;11.7494;;;20-May-2025
151193;quant Overnight Fund - IDCW Option - Direct Plan;INF966L01BA8;INF966L01BB6;11.7849;;;20-May-2025
151191;quant Overnight Fund - IDCW Option - Regular Plan;INF966L01BD2;INF966L01BE0;11.7376;;;20-May-2025

Samco Mutual Fund
150631;Samco Overnight Fund - Direct Plan - Growth Option;INF0K1H01040;;1178.2049;;;20-May-2025
150632;Samco Overnight Fund - Regular Plan - Growth Option;INF0K1H01032;;1171.4210;;;20-May-2025
153021;Samco Overnight Fund - Unclaimed Redemption Upto 3 years;;;1030.5000;;;20-May-2025

Sundaram Mutual Fund
146963;Sundaram Overnight Fund Direct Plan - Growth;INF903JA1HG5;;1367.5066;;;20-May-2025
146962;Sundaram Overnight Fund Direct Plan - Monthly Payout of Income Distribution cum Capital Withdrawal (IDCW);INF903JA1HH3;;1042.5635;;;20-May-2025
146957;Sundaram Overnight Fund Direct Plan - Monthly Reinvestment of Income Distribution cum Capital Withdrawal (IDCW);INF903JA1HM3;;1042.5635;;;20-May-2025
146959;Sundaram Overnight Fund Regular Plan - Growth;INF903JA1GZ7;;1359.2667;;;20-May-2025
146960;Sundaram Overnight Fund Regular Plan - Monthly Payout of Income Distribution cum Capital Withdrawal (IDCW);INF903JA1HA8;;1038.7482;;;20-May-2025
146961;Sundaram Overnight Fund Regular Plan - Monthly Reinvestment of Income Distribution cum Capital Withdrawal (IDCW);INF903JA1HF7;;1038.7482;;;20-May-2025

Trust Mutual Fund
149796;TRUST MF OVERNIGHT FUND-DIRECT PLAN-DAILY IDCW REINVESTMENT;;INF0GCD01461;1201.7642;;;20-May-2025
149797;TRUST MF OVERNIGHT FUND-DIRECT PLAN-GROWTH;INF0GCD01453;;1218.2014;;;20-May-2025
149798;TRUST MF OVERNIGHT FUND-REGULAR PLAN-DAILY IDCW REINVESTMENT;;INF0GCD01446;1201.1903;;;20-May-2025
149795;TRUST MF OVERNIGHT FUND-REGULAR-GROWTH;INF0GCD01438;;1216.189;;;20-May-2025

Zerodha Mutual Fund
153436;Zerodha Overnight Fund - Direct Plan - Growth Option;INF0R8F01075;;10.0846;;;20-May-2025

Open Ended Schemes ( Debt Scheme - Liquid Fund )


360 ONE Mutual Fund
125349;360 ONE LIQUID FUND DIRECT PLAN  DAILY DIVIDEND REINVESTMENT;;INF579M01688;1000.4734;;;20-May-2025
125345;360 ONE LIQUID FUND DIRECT PLAN  GROWTH;INF579M01621;;2008.5178;;;20-May-2025
125343;360 ONE LIQUID FUND DIRECT PLAN  WEEKLY DIVIDEND;INF579M01639;INF579M01696;1005.0000;;;20-May-2025
125342;360 ONE LIQUID FUND REGULAR PLAN  DAILY DIVIDEND REINVESTMENT;;INF579M01563;1000.4734;;;20-May-2025
125259;360 ONE LIQUID FUND REGULAR PLAN  GROWTH;INF579M01506;;1996.6770;;;20-May-2025
125337;360 ONE LIQUID FUND REGULAR PLAN  WEEKLY DIVIDEND;INF579M01514;INF579M01571;1005.0000;;;20-May-2025

Bank of India Mutual Fund
119368;BANK OF INDIA Liquid Fund- Direct Plan- Daily IDCW;;INF761K01CL0;1002.6483;;;20-May-2025
119369;BANK OF INDIA Liquid Fund- Direct Plan- Growth;INF761K01785;;3015.1477;;;20-May-2025
119370;BANK OF INDIA Liquid Fund- Direct Plan- Weekly IDCW;;INF761K01CM8;1061.7594;;;20-May-2025
111971;BANK OF INDIA Liquid Fund- Regular Plan- Daily IDCW;;INF761K01CO4;1002.1069;;;20-May-2025
109254;BANK OF INDIA Liquid Fund- Regular Plan- Growth;INF761K01306;;2985.5254;;;20-May-2025
109255;BANK OF INDIA Liquid Fund- Regular Plan- Weekly IDCW;;INF761K01CP1;1001.5070;;;20-May-2025

Canara Robeco Mutual Fund
118307;CANARA ROBECO LIQUID FUND - DIRECT PLAN - DAILY IDCW (Reinvestment);;INF760K01FS0;1005.5000;;;20-May-2025
118305;CANARA ROBECO LIQUID FUND - DIRECT PLAN - GROWTH OPTION;INF760K01FU6;;3138.1471;;;20-May-2025
118304;CANARA ROBECO LIQUID FUND - DIRECT PLAN - IDCW (Payout/Reinvestment);INF760K01FT8;;2245.8086;;;20-May-2025
118306;CANARA ROBECO LIQUID FUND - DIRECT PLAN - MONTHLY IDCW (Payout/Reinvestment);INF760K01FV4;INF760K01FW2;1004.4378;;;20-May-2025
118308;CANARA ROBECO LIQUID FUND - DIRECT PLAN - WEEKLY IDCW (Payout/Reinvestment);INF760K01FY8;INF760K01FX0;1001.7214;;;20-May-2025
109349;CANARA ROBECO LIQUID FUND - REGULAR PLAN - DAILY IDCW (Reinvestment);;INF760K01CU3;1005.5000;;;20-May-2025
109353;CANARA ROBECO LIQUID FUND - REGULAR PLAN - GROWTH OPTION;INF760K01CW9;;3120.9591;;;20-May-2025
109351;CANARA ROBECO LIQUID FUND - REGULAR PLAN - MONTHLY IDCW (Payout/Reinvestment);INF760K01CX7;INF760K01CY5;1004.3897;;;20-May-2025
109350;CANARA ROBECO LIQUID FUND - REGULAR PLAN - WEEKLY IDCW (Payout/Reinvestment);INF760K01BZ4;INF760K01CZ2;1001.7015;;;20-May-2025
139235;Canara Robeco Liquid Fund -Unclaimed Redemption and Dividend Plan -Direct Growth Option;INF760K01IC8;;1712.0156;;;20-May-2025

Groww Mutual Fund
119135;Groww Liquid Fund ( formerly known as Indiabulls Liquid )Fund - Direct Plan - Growth Option;INF666M01451;;2537.8936;;;20-May-2025
119136;Groww Liquid Fund (formerly known as Indiabulls Liquid Fund) - Direct Plan- - Income Distribution cum capital withdrawal Option ( Reinvestment);;INF666M01469;1002.0907;;;20-May-2025
115991;Groww Liquid Fund (formerly known as Indiabulls Liquid Fund) - Regular Plan - Growth Option;INF666M01014;;2507.5702;;;20-May-2025
119138;Groww Liquid Fund (formerly known as Indiabulls Liquid Fund)- Direct Plan- Fortnightly - Income Distribution cum capital withdrawal Option (Payout & Reinvestment);INF666M01501;INF666M01485;1003.0789;;;20-May-2025
119139;Groww Liquid Fund (formerly known as Indiabulls Liquid Fund)- Direct Plan- Monthly - Income Distribution cum capital withdrawal Option (Payout & Reinvestment);INF666M01519;INF666M01493;1032.6722;;;20-May-2025
119137;Groww Liquid Fund (formerly known as Indiabulls Liquid Fund)- Direct Plan- Weekly - Income Distribution cum capital withdrawal Option (Payout & Reinvestment);INF666M01527;INF666M01477;1001.9836;;;20-May-2025
115992;Groww Liquid Fund (formerly known as Indiabulls Liquid Fund)- Regular Plan- - Income Distribution cum capital withdrawal Option (Reinvestment);;INF666M01022;1002.0893;;;20-May-2025
115995;Groww Liquid Fund (formerly known as Indiabulls Liquid Fund)- Regular Plan- Monthly - Income Distribution cum capital withdrawal Option (Payout & Reinvestment);INF666M01071;INF666M01055;1004.8859;;;20-May-2025
115993;Groww Liquid Fund (formerly known as Indiabulls Liquid Fund)- Regular Plan- Weekly - Income Distribution cum capital withdrawal Option (Payout & Reinvestment);INF666M01089;INF666M01030;1001.9816;;;20-May-2025
115994;Groww Liquid Fund (formerly known as Indiabulls Liquid) Fund- Regular Plan- Fortnightly - Income Distribution cum capital withdrawal Option (Payout & Reinvestment);INF666M01063;INF666M01048;1003.0658;;;20-May-2025

Navi Mutual Fund
119163;Navi Liquid Fund - Direct Plan Daily IDCW - ReInvestment;;INF959L01GK1;10.0129;;;20-May-2025
119161;Navi Liquid Fund - Direct Plan Monthly IDCW - Payout;INF959L01GG9;INF959L01GH7;10.0533;;;20-May-2025
119162;Navi Liquid Fund - Direct Plan Weekly IDCW - Payout;INF959L01GI5;INF959L01GJ3;10.006;;;20-May-2025
112645;Navi Liquid Fund - Regular Plan Daily IDCW;;INF959L01GM7;10.0129;;;20-May-2025
112647;Navi Liquid Fund - Regular Plan Monthly IDCW;INF959L01GN5;INF959L01GO3;10.0529;;;20-May-2025
112646;Navi Liquid Fund - Regular Plan Weekly IDCW;INF959L01GP0;INF959L01GQ8;10.0063;;;20-May-2025
119164;Navi Liquid Fund-Direct Plan-Growth Option;INF959L01GF1;;28.4451;;;20-May-2025
112636;Navi Liquid Fund-Regular Plan-Growth Option;INF959L01GL9;;28.1957;;;20-May-2025
140437;Navi Liquid Fund-Unclaimed Redemption and Dividend Plan greater than 3 years;INF959L01CO2;;10;;;20-May-2025
139386;Navi Liquid Fund-Unclaimed Redemption and Dividend Plan less than 3 years;INF959L01CN4;;28.3496;;;20-May-2025

quant Mutual Fund
120837;quant Liquid Fund - Growth Option - Direct Plan;INF966L01820;;42.0722;;;20-May-2025
103225;quant Liquid Fund - Growth Option - Regular Plan;INF966L01317;;41.0092;;;20-May-2025
120838;quant Liquid Fund - Monthly IDCW Option - Direct Plan;INF966L01796;INF966L01812;15.7263;;;20-May-2025
103228;quant Liquid Fund - Monthly IDCW Option - Regular Plan;INF966L01291;INF966L01309;15.2075;;;20-May-2025
120839;quant Liquid Fund - Weekly IDCW Option - Direct Plan;INF966L01788;INF966L01804;14.5968;;;20-May-2025
103227;quant Liquid Fund - Weekly IDCW Option - Regular Plan;INF966L01499;INF966L01283;14.4654;;;20-May-2025
120836;quant Liquid Fund-Daily IDCW Option - Direct Plan;;INF966L01770;13.2979;;;20-May-2025
103226;quant Liquid Fund-Daily IDCW Option - Regular Plan;;INF966L01275;12.8346;;;20-May-2025
148513;quant Liquid Fund-Unclaimed Dividend Investor Education Plan-Growth Option;;;13.0823;;;20-May-2025
148510;quant Liquid Fund-Unclaimed Dividend-Growth Option;;;13.0818;;;20-May-2025
148511;quant Liquid Fund-Unclaimed Redemption Investor Education Plan-Growth Option;;;13.0823;;;20-May-2025
148512;quant Liquid Fund-Unclaimed Redemption Plan-Growth Option;;;12.9436;;;20-May-2025

Quantum Mutual Fund
103736;Quantum Liquid Fund - Direct Plan Daily IDCW;;INF082J01135;10.0105;;;20-May-2025
103734;Quantum Liquid Fund - Direct Plan Growth Option;INF082J01127;;34.9993;;;20-May-2025
103735;Quantum Liquid Fund - Direct Plan Monthly IDCW;INF082J01143;INF082J01200;10.0592;;;20-May-2025
141065;Quantum Liquid Fund - Regular Plan Daily IDCW;;INF082J01317;10.0002;;;20-May-2025
141066;Quantum Liquid Fund - Regular Plan Growth Option;INF082J01309;;34.7589;;;20-May-2025
141067;Quantum Liquid Fund - Regular Plan Monthly IDCW;INF082J01325;INF082J01333;10.0562;;;20-May-2025
152299;Quantum Liquid Fund - Unclaimed IDCW Plan Above 3 years;;;10.0000;;;20-May-2025
152298;Quantum Liquid Fund - Unclaimed IDCW Plan Below 3 years;;;11.0042;;;20-May-2025
152301;Quantum Liquid Fund - Unclaimed Redemption Plan Above 3 years;;;10.0000;;;20-May-2025
152300;Quantum Liquid Fund - Unclaimed Redemption Plan Below 3 years;;;10.5812;;;20-May-2025

Sundaram Mutual Fund
149744;Sundaram  Liquid Fund (Formerly Known as Principal Cash Management Fund) Direct Quarterly IDCW;;INF903JA1JK3;1162.3278;;;20-May-2025
149742;Sundaram Liquid Fund (Formerly Known as  Principal Cash Management Fund) Regular Plan Principal Units;;INF903JA1JI7;1266.0462;;;20-May-2025
149664;Sundaram Liquid Fund (Formerly Known as Principal Cash Management Fund) - Direct Plan - Growth Option;INF173K01GU0;;2313.4606;;;20-May-2025
149660;Sundaram Liquid Fund (Formerly Known as Principal Cash Management Fund) - Monthly Income Distribution CUM Capital Withdrawal Option;INF173K01DD3;INF173K01DE1;1027.1908;;;20-May-2025
149662;Sundaram Liquid Fund (Formerly Known as Principal Cash Management Fund) -Direct Plan - Income Distribution CUM Capital Withdrawal Option - Monthly;INF173K01GV8;INF173K01GW6;1027.8570;;;20-May-2025
149661;Sundaram Liquid Fund (Formerly Known as Principal Cash Management Fund) -Growth Option;INF173K01DA9;;2287.2212;;;20-May-2025
149737;Sundaram Liquid Fund (Formerly Known as Principal Cash Management Fund) Direct Principal Units;;INF903JA1JH9;1272.1791;;;20-May-2025
149740;Sundaram Liquid Fund (Formerly Known as Principal Cash Management Fund) Regular Quarterly IDCW;;INF903JA1JG1;1156.9106;;;20-May-2025

Trust Mutual Fund
148842;TRUSTMF Liquid Fund-Direct Plan-Daily Income Distribution cum Capital Withdrawal;;INF0GCD01263;1219.1806;;;20-May-2025
148841;TRUSTMF Liquid Fund-Direct Plan-Growth;INF0GCD01255;;1268.0036;;;20-May-2025
148839;TRUSTMF Liquid Fund-Direct Plan-Monthly Income Distribution cum Capital Withdrawal;INF0GCD01305;INF0GCD01297;1160.1185;;;20-May-2025
148837;TRUSTMF Liquid Fund-Direct Plan-Weekly Income Distribution cum Capital Withdrawal;INF0GCD01271;INF0GCD01289;1186.2432;;;20-May-2025
148834;TRUSTMF Liquid Fund-Regular Plan-Daily Income Distribution cum Capital Withdrawal;;INF0GCD01206;1163.9263;;;20-May-2025
148833;TRUSTMF Liquid Fund-Regular Plan-Growth;INF0GCD01198;;1260.201;;;20-May-2025
148843;TRUSTMF Liquid Fund-Regular Plan-Monthly Income Distribution cum Capital Withdrawal;INF0GCD01248;INF0GCD01230;1153.3091;;;20-May-2025
148836;TRUSTMF Liquid Fund-Regular Plan-Weekly Income Distribution cum Capital Withdrawal;INF0GCD01214;INF0GCD01222;1139.5539;;;20-May-2025

Open Ended Schemes ( Debt Scheme - Ultra Short Duration Fund )


Bank of India Mutual Fund
119380;BANK OF INDIA Ultra Short Duration Fund- Direct Plan- Daily IDCW;;INF761K01CT3;1011.9280;;;20-May-2025
119379;BANK OF INDIA Ultra Short Duration Fund- Direct Plan- Growth;INF761K01892;;3247.9150;;;20-May-2025
119381;BANK OF INDIA Ultra Short Duration Fund- Direct Plan- Weekly IDCW;;INF761K01CU1;1007.2476;;;20-May-2025
126389;BANK OF INDIA Ultra Short Duration Fund- Direct Plan-Bonus;INF761K01CS5;;3232.4517;;;20-May-2025
111970;BANK OF INDIA Ultra Short Duration Fund- Regular Plan- Daily IDCW;;INF761K01CW7;1007.4498;;;20-May-2025
109269;BANK OF INDIA Ultra Short Duration Fund- Regular Plan- Growth;INF761K01298;;3140.6694;;;20-May-2025
109264;BANK OF INDIA Ultra Short Duration Fund- Regular Plan- Weekly IDCW;;INF761K01CX5;1007.7864;;;20-May-2025

Canara Robeco Mutual Fund
118315;CANARA ROBECO ULTRA SHORT TERM FUND - DIRECT PLAN - DAILY IDCW (Reinvestment);;INF760K01GL3;1240.7100;;;20-May-2025
118317;CANARA ROBECO ULTRA SHORT TERM FUND - DIRECT PLAN - GROWTH OPTION;INF760K01GM1;;4011.0846;;;20-May-2025
118319;CANARA ROBECO ULTRA SHORT TERM FUND - DIRECT PLAN - IDCW (Payout/Reinvestment);INF760K01GN9;;2295.6545;;;20-May-2025
118318;CANARA ROBECO ULTRA SHORT TERM FUND - DIRECT PLAN - MONTHLY IDCW (Payout/Reinvestment);INF760K01GP4;INF760K01GO7;1008.0278;;;20-May-2025
118316;CANARA ROBECO ULTRA SHORT TERM FUND - DIRECT PLAN - WEEKLY IDCW (Payout/Reinvestment);INF760K01GQ2;INF760K01GR0;1242.6370;;;20-May-2025
109372;CANARA ROBECO ULTRA SHORT TERM FUND - REGULAR PLAN - DAILY IDCW (Reinvestment);;INF760K01DA3;1240.7100;;;20-May-2025
109371;CANARA ROBECO ULTRA SHORT TERM FUND - REGULAR PLAN - GROWTH OPTION;INF760K01DC9;;3774.1376;;;20-May-2025
109370;CANARA ROBECO ULTRA SHORT TERM FUND - REGULAR PLAN - MONTHLY IDCW (Payout/Reinvestment);INF760K01CA5;INF760K01DD7;1007.7234;;;20-May-2025
109366;CANARA ROBECO ULTRA SHORT TERM FUND - REGULAR PLAN - WEEKLY IDCW (Payout/Reinvestment);INF760K01DE5;INF760K01DF2;1242.5144;;;20-May-2025
140530;CANARA ROBECO ULTRA SHORT TERM FUND- REGULAR PLAN - IDCW (Payout);INF760K01IL9;;1550.4583;;;20-May-2025

Sundaram Mutual Fund
149724;Sundaram Ultra Short Duration Fund (Formerly Known as Principal Ultra Short Term Fund) Direct Plan Quarterly IDCW;INF903JA1JQ0;INF903JA1JP2;1217.6664;;;20-May-2025
149540;Sundaram Ultra Short Duration Fund (Formerly Known as Principal Ultra Short Term Fund)- Direct Plan - Income Distribution CUM Capital Withdrawal Option - Monthly;INF173K01HK9;INF173K01HJ1;1067.8023;;;20-May-2025
149539;Sundaram Ultra Short Duration Fund (Formerly Known as Principal Ultra Short Term Fund)- Direct Plan -Growth Option;INF173K01HI3;;2907.4014;;;20-May-2025
149535;Sundaram Ultra Short Duration Fund (Formerly Known as Principal Ultra Short Term Fund)-Growth Option;INF173K01CU9;;2669.3961;;;20-May-2025
149537;Sundaram Ultra Short Duration Fund (Formerly Known as Principal Ultra Short Term Fund)-Monthly Income Distribution CUM Capital Withdrawal Option;INF173K01CX3;INF173K01CY1;1063.9925;;;20-May-2025
149723;Sundaram Ultra Short Duration Fund (Formerly Known as Prinicpal Ultra Short Term Fund) Regular Plan Quarterly IDCW;INF903JA1JN7;INF903JA1JM9;1165.7598;;;20-May-2025

Open Ended Schemes ( Debt Scheme - Low Duration Fund )


Canara Robeco Mutual Fund
118293;CANARA ROBECO SAVINGS FUND - DIRECT PLAN - DAILY IDCW (Reinvestment);;INF760K01EM6;10.2600;;;20-May-2025
118291;CANARA ROBECO SAVINGS FUND - DIRECT PLAN - GROWTH OPTION;INF760K01ET1;;43.0421;;;20-May-2025
118292;CANARA ROBECO SAVINGS FUND - DIRECT PLAN - IDCW (Payout/Reinvestment);INF760K01EP9;INF760K01EQ7;38.4569;;;20-May-2025
118295;CANARA ROBECO SAVINGS FUND - DIRECT PLAN - MONTHLY IDCW (Payout/Reinvestment);INF760K01EN4;INF760K01EO2;10.3149;;;20-May-2025
118294;CANARA ROBECO SAVINGS FUND - DIRECT PLAN - WEEKLY IDCW (Payout/Reinvestment);INF760K01ER5;INF760K01ES3;10.2828;;;20-May-2025
104559;CANARA ROBECO SAVINGS FUND - REGULAR PLAN - DAILY IDCW (Reinvestment);;INF760K01803;10.2600;;;20-May-2025
102913;CANARA ROBECO SAVINGS FUND - REGULAR PLAN - GROWTH OPTION;INF760K01795;;41.8983;;;20-May-2025
102914;CANARA ROBECO SAVINGS FUND - REGULAR PLAN - IDCW (Payout/Reinvestment);INF760K01779;INF760K01787;37.5321;;;20-May-2025
113144;CANARA ROBECO SAVINGS FUND - REGULAR PLAN - MONTHLY IDCW (Payout/Reinvestment);INF760K01AM4;INF760K01AN2;10.3133;;;20-May-2025
102915;CANARA ROBECO SAVINGS FUND - REGULAR PLAN - WEEKLY IDCW (Payout/Reinvestment);INF760K01CB3;INF760K01811;10.2824;;;20-May-2025

Sundaram Mutual Fund
149747;Sundaram Low Duration Fund (Formerly Know as Principal Low Duation Fund) Regular Principal Units;;INF903JA1JW8;1333.1528;;;20-May-2025
149526;Sundaram Low Duration Fund (Formerly Known as Principal Low Duration Fund) - Direct Plan - Growth Option;INF173K01FS6;;3687.8698;;;20-May-2025
149525;Sundaram Low Duration Fund (Formerly Known as Principal Low Duration Fund) - Direct Plan - Monthly Income Distribution CUM Capital Withdrawal Option;INF173K01FT4;INF173K01FU2;1103.9410;;;20-May-2025
149752;Sundaram Low Duration Fund (Formerly Known as Principal Low Duration Fund) Regular Quarterly IDCW;INF903JA1JT4;INF903JA1JS6;1223.4193;;;20-May-2025
149519;Sundaram Low Duration Fund (Formerly Known as Principal Low Duration Fund)- Growth Option;INF173K01DG6;;3442.4273;;;20-May-2025
149521;Sundaram Low Duration Fund (Formerly Known as Principal Low Duration Fund)- Monthly Income Distribution CUM Capital Withdrawal Option;INF173K01DJ0;INF173K01DK8;1091.9651;;;20-May-2025
149750;Sundaram Low Duration Fund(Formerly Known as Principal Low Duration Fund) Direct Quarterly IDCW;INF903JA1JZ1;INF903JA1JY4;1267.8465;;;20-May-2025

Open Ended Schemes ( Debt Scheme - Money Market Fund )


Bank of India Mutual Fund
153294;Bank of India Money Market Fund - Direct - Growth;INF761K01GO5;;10.2722;;;20-May-2025
153295;Bank of India Money Market Fund - Direct - Monthly IDCW;INF761K01GR8;INF761K01GX6;10.2709;;;20-May-2025
153298;Bank of India Money Market Fund - Regular - Daily IDCW;;INF761K01GT4;10.2561;;;20-May-2025
153293;Bank of India Money Market Fund - Regular - Growth;INF761K01GS6;;10.2560;;;20-May-2025
153299;Bank of India Money Market Fund - Regular - Monthly IDCW;INF761K01GW8;INF761K01GV0;10.2561;;;20-May-2025
153301;Bank of India Money Market Fund - Regular - Weekly IDCW;;INF761K01GU2;10.2565;;;20-May-2025

Sundaram Mutual Fund
145050;Sundaram Money Market Fund Direct Plan - Growth;INF903JA1FR6;;14.9970;;;20-May-2025
145051;Sundaram Money Market Fund Direct Plan - Monthly Payout of Income Distribution cum Capital Withdrawal (IDCW);INF903JA1FS4;;11.2546;;;20-May-2025
145056;Sundaram Money Market Fund Direct Plan - Monthly Reinvestment of Income Distribution cum Capital Withdrawal (IDCW);;INF903JA1FX4;11.2546;;;20-May-2025
145052;Sundaram Money Market Fund Direct Plan - Quarterly Payout of Income Distribution cum Capital Withdrawal (IDCW);INF903JA1FT2;;12.8285;;;20-May-2025
145057;Sundaram Money Market Fund Direct Plan - Quarterly Reinvestment of Income Distribution cum Capital Withdrawal (IDCW);;INF903JA1FY2;12.8285;;;20-May-2025
145042;Sundaram Money Market Fund Regular Plan - Growth;INF903JA1FJ3;;14.8992;;;20-May-2025
145044;Sundaram Money Market Fund Regular Plan - Monthly Payout of Income Distribution cum Capital Withdrawal (IDCW);INF903JA1FK1;;11.2284;;;20-May-2025
145049;Sundaram Money Market Fund Regular Plan - Monthly Reinvestment of Income Distribution cum Capital Withdrawal (IDCW);;INF903JA1FP0;11.2284;;;20-May-2025
145045;Sundaram Money Market Fund Regular Plan - Quarterly Payout of Income Distribution cum Capital Withdrawal (IDCW);INF903JA1FL9;;12.7429;;;20-May-2025
145046;Sundaram Money Market Fund Regular Plan - Quarterly Reinvestment of Income Distribution cum Capital Withdrawal (IDCW);;INF903JA1FQ8;12.7429;;;20-May-2025

Trust Mutual Fund
150513;TRUSTMF MONEY MARKET FUND-DIRECT PLAN-GROWTH;INF0GCD01503;;1217.2553;;;20-May-2025
150514;TRUSTMF MONEY MARKET FUND-DIRECT PLAN-MONTHLY IDCW;INF0GCD01529;INF0GCD01511;1122.0444;;;20-May-2025
150511;TRUSTMF MONEY MARKET FUND-REGULAR PLAN-GROWTH;INF0GCD01479;;1211.5955;;;20-May-2025
150512;TRUSTMF MONEY MARKET FUND-REGULAR PLAN-MONTHLY IDCW;INF0GCD01495;INF0GCD01487;1116.6684;;;20-May-2025

Open Ended Schemes ( Debt Scheme - Short Duration Fund )


Bank of India Mutual Fund
119382;BANK OF INDIA Short Term Income Fund-Direct Plan- Growth;INF761K01736;;28.9949;;;20-May-2025
119383;BANK OF INDIA Short Term Income Fund-Direct Plan- Monthly IDCW;INF761K01751;INF761K01744;14.0977;;;20-May-2025
119384;BANK OF INDIA Short Term Income Fund-Direct Plan- Quarterly IDCW;INF761K01777;INF761K01769;13.3671;;;20-May-2025
111585;BANK OF INDIA Short Term Income Fund-Regular Plan- Growth;INF761K01579;;26.6877;;;20-May-2025
111589;BANK OF INDIA Short Term Income Fund-Regular Plan- Monthly IDCW;INF761K01595;INF761K01587;13.6947;;;20-May-2025
111590;BANK OF INDIA Short Term Income Fund-Regular Plan- Quarterly IDCW;INF761K01611;INF761K01603;13.4955;;;20-May-2025

Canara Robeco Mutual Fund
118320;CANARA ROBECO SHORT DURATION FUND - DIRECT PLAN - GROWTH OPTION;INF760K01DX5;;27.6545;;;20-May-2025
118321;CANARA ROBECO SHORT DURATION FUND - DIRECT PLAN - MONTHLY IDCW (Payout/Reinvestment);INF760K01DV9;INF760K01DW7;18.2059;;;20-May-2025
118322;CANARA ROBECO SHORT DURATION FUND - DIRECT PLAN - QUARTERLY IDCW (Payout/Reinvestment);INF760K01DY3;INF760K01DZ0;17.2937;;;20-May-2025
115077;CANARA ROBECO SHORT DURATION FUND - REGULAR PLAN - GROWTH OPTION;INF760K01BM2;;25.3707;;;20-May-2025
115078;CANARA ROBECO SHORT DURATION FUND - REGULAR PLAN - MONTHLY IDCW (Payout/Reinvestment);INF760K01BO8;INF760K01BN0;15.8104;;;20-May-2025
115079;CANARA ROBECO SHORT DURATION FUND - REGULAR PLAN - QUARTERLY IDCW (Payout/Reinvestment);INF760K01BQ3;INF760K01BP5;15.5548;;;20-May-2025

Groww Mutual Fund
123708;Groww Short Duration Fund (formerly known as Indiabulls Short Term Fund )- Regular Plan - Growth Option;INF666M01AJ5;;2079.6392;;;20-May-2025
123704;Groww Short Duration Fund (formerly known as Indiabulls Short Term Fund) - Direct Plan - Growth Option;INF666M01AC0;;2385.4295;;;20-May-2025
123706;Groww Short Duration Fund (formerly known as Indiabulls Short Term Fund)- Direct Plan- Fortnightly - Income Distribution cum capital withdrawal Option (Payout & Reinvestment);INF666M01AH9;INF666M01AE6;1019.4434;;;20-May-2025
123707;Groww Short Duration Fund (formerly known as Indiabulls Short Term Fund)- Direct Plan- Monthly - Income Distribution cum capital withdrawal Option (Payout & Reinvestment);INF666M01AI7;INF666M01AF3;1023.5115;;;20-May-2025
123705;Groww Short Duration Fund (formerly known as Indiabulls Short Term Fund)- Direct Plan- Weekly - Income Distribution cum capital withdrawal Option (Payout & Reinvestment);INF666M01AG1;INF666M01AD8;1017.3218;;;20-May-2025
123710;Groww Short Duration Fund (formerly known as Indiabulls Short Term Fund)- Regular Plan- Fortnightly - Income Distribution cum capital withdrawal Option (Payout & Reinvestment);INF666M01AO5;INF666M01AL1;1021.3284;;;20-May-2025
123711;Groww Short Duration Fund (formerly known as Indiabulls Short Term Fund)- Regular Plan- Monthly - Income Distribution cum capital withdrawal Option (Payout & Reinvestment);INF666M01AP2;INF666M01AM9;1029.1652;;;20-May-2025
123709;Groww Short Duration Fund (formerly known as Indiabulls Short Term Fund)- Regular Plan- Weekly - Income Distribution cum capital withdrawal Option (Payout & Reinvestment);INF666M01AN7;INF666M01AK3;1017.3149;;;20-May-2025

Sundaram Mutual Fund
149588;Sundaram Short Duration Fund (Formerly Known as Principal Short Term Debt Fund) - Direct Plan - Income Distribution CUM Capital Withdrawal Plan - Monthly;INF173K01GQ8;INF173K01GR6;13.1053;;;20-May-2025
149726;Sundaram Short Duration Fund (Formerly Known as Principal Short Term Debt Fund) Direct Plan Annual IDCW;INF903JA1KR6;;15.2854;;;20-May-2025
149733;Sundaram Short Duration Fund (Formerly Known as Principal Short Term Debt Fund) Direct Plan Halfyearly IDCW;INF903JA1KN5;;14.7522;;;20-May-2025
149728;Sundaram Short Duration Fund (Formerly Known as Principal Short Term Debt Fund) Direct Plan Quarterly IDCW;INF903JA1KM7;;15.3069;;;20-May-2025
149730;Sundaram Short Duration Fund (Formerly Known as Principal Short Term Debt Fund) Regular Halfyearly IDCW;INF903JA1KF1;;14.4147;;;20-May-2025
149735;Sundaram Short Duration Fund (Formerly Known as Principal Short Term Debt Fund) Regular Plan Annual IDCW;INF903JA1KJ3;;14.9346;;;20-May-2025
149736;Sundaram Short Duration Fund (Formerly Known as Principal Short Term Debt Fund) Regular Principal Units;;INF903JA1KI5;15.9777;;;20-May-2025
149731;Sundaram Short Duration Fund (Formerly Known as Principal Short Term Debt Fund) Regular Quarterly IDCW;INF903JA1KE4;;14.9565;;;20-May-2025
149587;Sundaram Short Duration Fund (Formerly Known as Principal Short Term Debt Fund)- Direct Plan - Growth Option;INF173K01GP0;;47.8363;;;20-May-2025
149585;Sundaram Short Duration Fund (Formerly Known as Principal Short Term Debt Fund)- Growth Plan;INF173K01BA3;;44.2319;;;20-May-2025
149586;Sundaram Short Duration Fund (Formerly Known as Principal Short Term Debt Fund)- Income Distribution CUM Capital Withdrawal Option - Monthly;INF173K01BB1;INF173K01BC9;13.0467;;;20-May-2025

Trust Mutual Fund
149076;TRUSTMF Short Duration Fund-Direct Plan-Growth;INF0GCD01370;;1273.0363;;;20-May-2025
149078;TRUSTMF Short Duration Fund-Direct Plan-Monthly Income Distribution Cum Capital Withdrawal;INF0GCD01396;INF0GCD01404;1134.218;;;20-May-2025
149079;TRUSTMF Short Duration Fund-Direct Plan-Quarterly Income Distribution Cum Capital Withdrawal;INF0GCD01412;INF0GCD01420;1149.9148;;;20-May-2025
149077;TRUSTMF Short Duration Fund-Direct Plan-Weekly Income Distribution Cum Capital Withdrawal;;INF0GCD01388;1113.7388;;;20-May-2025
149073;TRUSTMF Short Duration Fund-Regular Plan-Growth;INF0GCD01313;;1249.1376;;;20-May-2025
149080;TRUSTMF Short Duration Fund-Regular Plan-Monthly Income Distribution Cum Capital Withdrawal;INF0GCD01339;INF0GCD01347;1120.9282;;;20-May-2025
149075;TRUSTMF Short Duration Fund-Regular Plan-Quarterly Income Distribution Cum Capital Withdrawal;INF0GCD01354;INF0GCD01362;1127.0887;;;20-May-2025
149074;TRUSTMF Short Duration Fund-Regular Plan-Weekly Income Distribution Cum Capital Withdrawal;;INF0GCD01321;1101.4332;;;20-May-2025

Open Ended Schemes ( Debt Scheme - Medium Duration Fund )


Sundaram Mutual Fund
119676;Sundaram Medium Duration Fund (Formerly Known as Sundaram Medium Term Bond Fund) Direct Plan - Annual Income Distribution cum Capital Withdrawal (IDCW);INF903J01PH0;INF903J01PM0;15.5929;;;20-May-2025
119675;Sundaram Medium Duration Fund (Formerly Known as Sundaram Medium Term Bond Fund) Direct Plan - Growth;INF903J01PO6;;77.1745;;;20-May-2025
119672;Sundaram Medium Duration Fund (Formerly Known as Sundaram Medium Term Bond Fund) Direct Plan - Quarterly Income Distribution cum Capital Withdrawal (IDCW);INF903J01PK4;INF903J01PL2;27.5454;;;20-May-2025
100610;Sundaram Medium Duration Fund (Formerly Known as Sundaram Medium Term Bond Fund) Regular Plan - Annual Income Distribution cum Capital Withdrawal (IDCW);INF903J01FT6;INF903J01FW0;13.7438;;;20-May-2025
100604;Sundaram Medium Duration Fund (Formerly Known as Sundaram Medium Term Bond Fund) Regular Plan - Bonus;INF903J01FX8;;23.6262;;;20-May-2025
100603;Sundaram Medium Duration Fund (Formerly Known as Sundaram Medium Term Bond Fund) Regular Plan - Growth;INF903J01FQ2;;69.1726;;;20-May-2025
100609;Sundaram Medium Duration Fund (Formerly Known as Sundaram Medium Term Bond Fund) Regular Plan- Half Yearly Income Distribution cum Capital Withdrawal (IDCW);INF903J01FS8;INF903J01FV2;13.5938;;;20-May-2025
100602;Sundaram Medium Duration Fund (Formerly Known as Sundaram Medium Term Bond Fund) Regular Plan- Quarterly Income Distribution cum Capital Withdrawal (IDCW);INF903J01FR0;INF903J01FU4;13.5536;;;20-May-2025

Open Ended Schemes ( Debt Scheme - Medium to Long Duration Fund )


Bank of India Mutual Fund
119395;BANK OF INDIA Conservative Hybrid  Fund-Direct Plan-Quarterly IDCW;INF761K01850;INF761K01843;17.7849;;;20-May-2025
119393;BANK OF INDIA Conservative Hybrid Fund Fund-Direct Plan-Growth;INF761K01819;;36.1924;;;20-May-2025
119396;BANK OF INDIA Conservative Hybrid Fund-Direct Plan-Annual IDCW;INF761K01793;INF761K01801;16.4940;;;20-May-2025
119394;BANK OF INDIA Conservative Hybrid Fund-Direct Plan-Monthly IDCW;INF761K01835;INF761K01827;16.1243;;;20-May-2025
111715;BANK OF INDIA Conservative Hybrid Fund-ECO Plan-Growth;INF761K01397;;35.0412;;;20-May-2025
111717;BANK OF INDIA Conservative Hybrid Fund-ECO Plan-Monthly IDCW;INF761K01413;INF761K01405;26.5397;;;20-May-2025
111714;BANK OF INDIA Conservative Hybrid Fund-Regular Plan-Annual IDCW;INF761K01454;INF761K01447;16.4398;;;20-May-2025
111712;BANK OF INDIA Conservative Hybrid Fund-Regular Plan-Growth;INF761K01462;;33.8662;;;20-May-2025
111716;BANK OF INDIA Conservative Hybrid Fund-Regular Plan-Monthly IDCW;INF761K01488;INF761K01470;17.4357;;;20-May-2025
111713;BANK OF INDIA Conservative Hybrid Fund-Regular Plan-Quarterly IDCW;INF761K01504;INF761K01496;18.0715;;;20-May-2025

Canara Robeco Mutual Fund
118282;CANARA ROBECO INCOME FUND - DIRECT PLAN - GROWTH OPTION;INF760K01FI1;;62.4560;;;20-May-2025
118281;CANARA ROBECO INCOME FUND - DIRECT PLAN - QUARTERLY IDCW (Payout/Reinvestment);INF760K01FG5;INF760K01FH3;17.3811;;;20-May-2025
101588;CANARA ROBECO INCOME FUND - REGULAR PLAN - GROWTH OPTION;INF760K01324;;55.7696;;;20-May-2025
101587;CANARA ROBECO INCOME FUND - REGULAR PLAN - QUARTERLY IDCW (Payout/Reinvestment);INF760K01340;INF760K01357;15.2847;;;20-May-2025

Open Ended Schemes ( Debt Scheme - Dynamic Bond )


360 ONE Mutual Fund
122612;360 ONE Dynamic Bond Fund - Regular Plan - Growth Option;INF579M01183;;22.6707;;;20-May-2025
122715;360 ONE Dynamic Bond Fund Direct Plan Growth;INF579M01266;;23.9109;;;20-May-2025
122721;360 ONE Dynamic Bond Fund Direct Plan Monthly Dividend;INF579M01282;INF579M01316;14.0444;;;20-May-2025
122717;360 ONE Dynamic Bond Fund Direct Plan Quarterly Dividend;INF579M01290;INF579M01324;22.0631;;;20-May-2025
122711;360 ONE Dynamic Bond Fund Regular Plan Bonus;INF579M01191;;22.6707;;;20-May-2025
122720;360 ONE Dynamic Bond Fund Regular Plan Half Yearly Dividend;INF579M01225;INF579M01258;21.8772;;;20-May-2025
122719;360 ONE Dynamic Bond Fund Regular Plan Monthly Dividend;INF579M01209;INF579M01233;13.0340;;;20-May-2025
122712;360 ONE Dynamic Bond Fund Regular Plan Quarterly Dividend;INF579M01217;INF579M01241;21.8773;;;20-May-2025

Canara Robeco Mutual Fund
118284;CANARA ROBECO DYNAMIC BOND FUND - DIRECT PLAN - GROWTH OPTION;INF760K01EC7;;32.9073;;;20-May-2025
118283;CANARA ROBECO DYNAMIC BOND FUND - DIRECT PLAN - IDCW (Payout/Reinvestment);INF760K01EA1;INF760K01EB9;16.0285;;;20-May-2025
111962;CANARA ROBECO DYNAMIC BOND FUND - REGULAR PLAN - GROWTH OPTION;INF760K01449;;29.8718;;;20-May-2025
111963;CANARA ROBECO DYNAMIC BOND FUND - REGULAR PLAN - IDCW (Payout/Reinvestment);INF760K01423;INF760K01431;14.3849;;;20-May-2025

Groww Mutual Fund
145589;Groww Dynamic Bond Fund (formerly known as Indiabulls Dynamic Bond Fund) - Direct Plan - Growth option;INF666M01EK5;;1545.221;;;20-May-2025
145590;Groww Dynamic Bond Fund (formerly known as Indiabulls Dynamic Bond Fund) - Regular Plan - Growth option;INF666M01ES8;;1482.0214;;;20-May-2025
145596;Groww Dynamic Bond Fund (formerly known as Indiabulls Dynamic Bond Fund)- Direct Plan- - Income Distribution cum capital withdrawal Option ( Reinvestment);;INF666M01EL3;1018.6339;;;20-May-2025
145595;Groww Dynamic Bond Fund (formerly known as Indiabulls Dynamic Bond Fund)- Direct Plan- Fortnightly - Income Distribution cum capital withdrawal Option (Payout & Reinvestment);INF666M01EO7;INF666M01EP4;1023.4546;;;20-May-2025
145591;Groww Dynamic Bond Fund (formerly known as Indiabulls Dynamic Bond Fund)- Direct Plan- Monthly - Income Distribution cum capital withdrawal Option (Payout & Reinvestment);INF666M01EQ2;INF666M01ER0;1017.9124;;;20-May-2025
145597;Groww Dynamic Bond Fund (formerly known as Indiabulls Dynamic Bond Fund)- Direct Plan- Weekly - Income Distribution cum capital withdrawal Option (Payout & Reinvestment);INF666M01EM1;INF666M01EN9;1019.0158;;;20-May-2025
145593;Groww Dynamic Bond Fund (formerly known as Indiabulls Dynamic Bond Fund)- Regular Plan- - Income Distribution cum capital withdrawal Option ( Reinvestment);;INF666M01ET6;1021.8139;;;20-May-2025
145598;Groww Dynamic Bond Fund (formerly known as Indiabulls Dynamic Bond Fund)- Regular Plan- Fortnightly - Income Distribution cum capital withdrawal Option (Payout & Reinvestment);INF666M01EW0;INF666M01EX8;1018.9497;;;20-May-2025
145592;Groww Dynamic Bond Fund (formerly known as Indiabulls Dynamic Bond Fund)- Regular Plan- Monthly - Income Distribution cum capital withdrawal Option (Payout & Reinvestment);INF666M01EY6;INF666M01EZ3;1017.5033;;;20-May-2025
145594;Groww Dynamic Bond Fund (formerly known as Indiabulls Dynamic Bond Fund)- Regular Plan- Weekly - Income Distribution cum capital withdrawal Option (Payout & Reinvestment);INF666M01EU4;INF666M01EV2;1019.0447;;;20-May-2025

Quantum Mutual Fund
134494;Quantum Dynamic Bond Fund - Direct Plan Growth Option;INF082J01176;;22.0063;;;20-May-2025
134493;Quantum Dynamic Bond Fund - Direct Plan Monthly IDCW;INF082J01184;INF082J01192;10.6441;;;20-May-2025
141061;Quantum Dynamic Bond Fund - Regular Plan Growth Option;INF082J01218;;21.6707;;;20-May-2025
141060;Quantum Dynamic Bond Fund - Regular Plan Monthly IDCW;INF082J01226;INF082J01234;10.7070;;;20-May-2025

Open Ended Schemes ( Debt Scheme - Corporate Bond Fund )


Canara Robeco Mutual Fund
126685;CANARA ROBECO CORPORATE BOND FUND - DIRECT PLAN - GROWTH OPTION;INF760K01HB2;;23.2774;;;20-May-2025
126686;CANARA ROBECO CORPORATE BOND FUND - DIRECT PLAN - IDCW (Payout/Reinvestment);INF760K01HC0;INF760K01HD8;12.7155;;;20-May-2025
126687;CANARA ROBECO CORPORATE BOND FUND - REGULAR PLAN - GROWTH OPTION;INF760K01GY6;;21.7424;;;20-May-2025
126688;CANARA ROBECO CORPORATE BOND FUND - REGULAR PLAN - IDCW (Payout/Reinvestment);INF760K01GZ3;INF760K01HA4;11.8940;;;20-May-2025

Sundaram Mutual Fund
119631;Sundaram Corporate Bond Fund Direct Plan - Annual Income Distribution cum Capital Withdrawal (IDCW);INF903J01OX0;INF903J01OZ5;18.4783;;;20-May-2025
119621;Sundaram Corporate Bond Fund Direct Plan - Growth;INF903J01NR4;;41.5310;;;20-May-2025
119624;Sundaram Corporate Bond Fund Direct Plan - Half yearly Income Distribution cum Capital Withdrawal (IDCW);INF903J01OW2;INF903J01OY8;17.7215;;;20-May-2025
119622;Sundaram Corporate Bond Fund Direct Plan - Monthly Income Distribution cum Capital Withdrawal (IDCW);INF903J01NS2;INF903J01NT0;18.0202;;;20-May-2025
119630;Sundaram Corporate Bond Fund Direct Plan - Quarterly Income Distribution cum Capital Withdrawal (IDCW);INF903J01NU8;INF903J01NV6;20.2283;;;20-May-2025
100788;Sundaram Corporate Bond Fund Regular Plan - Annual Income Distribution cum Capital Withdrawal (IDCW);INF903J01IA0;INF903J01IE2;17.9104;;;20-May-2025
100787;Sundaram Corporate Bond Fund Regular Plan - Half yearly Income Distribution cum Capital Withdrawal (IDCW);INF903J01HZ9;INF903J01ID4;17.5853;;;20-May-2025
100785;Sundaram Corporate Bond Fund Regular Plan - Monthly Income Distribution cum Capital Withdrawal (IDCW);INF903J01HX4;INF903J01IB8;17.0084;;;20-May-2025
100786;Sundaram Corporate Bond Fund Regular Plan - Quarterly Income Distribution cum Capital Withdrawal (IDCW);INF903J01HY2;INF903J01IC6;19.6019;;;20-May-2025
100789;Sundaram Corporate Bond Fund Regular Plan- Growth;INF903J01HW6;;40.1707;;;20-May-2025

Trust Mutual Fund
151320;TRUSTMF CORPORATE BOND FUND-DIRECT PLAN-GROWTH;INF0GCD01560;;1201.4263;;;20-May-2025
151321;TRUSTMF CORPORATE BOND FUND-DIRECT PLAN-MONTHLY IDCW;INF0GCD01586;INF0GCD01578;1160.8785;;;20-May-2025
151322;TRUSTMF CORPORATE BOND FUND-REGULAR PLAN-GROWTH;INF0GCD01537;;1190.275;;;20-May-2025
151319;TRUSTMF CORPORATE BOND FUND-REGULAR PLAN-MONTHLY IDCW;INF0GCD01552;INF0GCD01545;1148.1424;;;20-May-2025

Open Ended Schemes ( Debt Scheme - Credit Risk Fund )


Bank of India Mutual Fund
133868;BANK OF INDIA Credit Risk  Fund - Direct Plan;INF761K01DG8;;12.4217;;;20-May-2025
133867;BANK OF INDIA Credit Risk Fund - Regular Plan;INF761K01DH6;;12.1303;;;20-May-2025

Open Ended Schemes ( Debt Scheme - Banking and PSU Fund )


Canara Robeco Mutual Fund
150505;Canara Robeco Banking and PSU Debt Fund- Direct Plan- Growth Option;INF760K01KC4;;12.1554;;;20-May-2025
150507;Canara Robeco Banking and PSU Debt Fund- Direct Plan- IDCW Payout;INF760K01KE0;INF760K01KD2;10.9888;;;20-May-2025
150503;Canara Robeco Banking and PSU Debt Fund- Regular Plan- Growth Option;INF760K01KF7;;12.0566;;;20-May-2025
150504;Canara Robeco Banking and PSU Debt Fund- Regular Plan- IDCW (Payout/ Reinvestment);INF760K01KH3;INF760K01KG5;10.9056;;;20-May-2025

Sundaram Mutual Fund
119629;Sundaram Banking & PSU Fund (Formerly Known as Sundaram Banking and PSU Debt Fund) Direct Plan - Bonus;INF903J01RI4;;21.8321;;;20-May-2025
119625;Sundaram Banking & PSU Fund (Formerly Known as Sundaram Banking and PSU Debt Fund) Direct Plan - Growth;INF903J01PA5;;43.6407;;;20-May-2025
119626;Sundaram Banking & PSU Fund (Formerly Known as Sundaram Banking and PSU Debt Fund) Direct Plan - Monthly Income Distribution cum Capital Withdrawal (IDCW);INF903J01PB3;INF903J01PE7;11.7226;;;20-May-2025
118326;Sundaram Banking & PSU Fund (Formerly Known as Sundaram Banking and PSU Debt Fund) Regular Plan - Bonus;INF903J01LY4;;21.7020;;;20-May-2025
100784;Sundaram Banking & PSU Fund (Formerly Known as Sundaram Banking and PSU Debt Fund) Regular Plan - Growth;INF903J01IN3;;43.0364;;;20-May-2025
100793;Sundaram Banking & PSU Fund (Formerly Known as Sundaram Banking and PSU Debt Fund) Regular Plan - Monthly Income Distribution cum Capital Withdrawal (IDCW);INF903J01IO1;INF903J01IR4;11.7699;;;20-May-2025

Trust Mutual Fund
148656;TRUSTMF BANKING & PSU FUND - DIRECT GROWTH;INF0GCD01107;;1294.586;;;20-May-2025
148655;TRUSTMF BANKING & PSU FUND - REGULAR GROWTH;INF0GCD01016;;1267.0484;;;20-May-2025
148672;TRUSTMF BANKING & PSU FUND DIRECT PLAN ANNUAL INCOME DISTRIBUTION CUM CAPITAL WITHDRAWAL OPTION;INF0GCD01180;INF0GCD01172;1135.5284;;;20-May-2025
148678;TRUSTMF BANKING & PSU FUND DIRECT PLAN DAILY INCOME DISTRIBUTION CUM CAPITAL WITHDRAWAL;;INF0GCD01115;1294.5342;;;20-May-2025
148681;TRUSTMF BANKING & PSU FUND DIRECT PLAN MONTHLY INCOME DISTRIBUTION CUM CAPITAL WITHDRAWAL OPTION;INF0GCD01149;INF0GCD01131;1140.1403;;;20-May-2025
148670;TRUSTMF BANKING & PSU FUND DIRECT PLAN QUARTERLY INCOME DISTRIBUTION CUM CAPITAL WITHDRAWAL;INF0GCD01164;INF0GCD01156;1159.9426;;;20-May-2025
148675;TRUSTMF BANKING & PSU FUND DIRECT PLAN WEEKLY INCOME DISTRIBUTION CUM CAPITAL WITHDRAWAL;;INF0GCD01123;1120.1032;;;20-May-2025
148669;TRUSTMF BANKING & PSU FUND REGULAR PLAN ANNUAL INCOME DISTRIBUTION CUM CAPITAL WITHDRAWAL;INF0GCD01099;INF0GCD01081;1109.2787;;;20-May-2025
148667;TRUSTMF BANKING & PSU FUND REGULAR PLAN DAILY INCOME DISTRIBUTION CUM CAPITAL WITHDRAWAL;;INF0GCD01024;1224.5163;;;20-May-2025
148674;TRUSTMF BANKING & PSU FUND REGULAR PLAN MONTHLY INCOME DISTRIBUTION CUM CAPITAL WITHDRAWAL;INF0GCD01057;INF0GCD01040;1121.0266;;;20-May-2025
148668;TRUSTMF BANKING & PSU FUND REGULAR PLAN QUARTERLY INCOME DISTRIBUTION CUM CAPITAL WITHDRAWAL;INF0GCD01073;INF0GCD01065;1135.3695;;;20-May-2025
148679;TRUSTMF BANKING & PSU FUND REGULAR PLAN WEEKLY INCOME DISTRIBUTION CUM CAPITAL WITHDRAWAL;;INF0GCD01032;1103.4153;;;20-May-2025

Open Ended Schemes ( Debt Scheme - Gilt Fund )


Canara Robeco Mutual Fund
118299;CANARA ROBECO GILT FUND - DIRECT PLAN - GROWTH OPTION;INF760K01FC4;;82.6758;;;20-May-2025
118298;CANARA ROBECO GILT FUND - DIRECT PLAN - IDCW (Payout/Reinvestment);INF760K01FA8;INF760K01FB6;17.3436;;;20-May-2025
100597;CANARA ROBECO GILT FUND - REGULAR PLAN - GROWTH OPTION;INF760K01AE1;;76.8346;;;20-May-2025
100596;CANARA ROBECO GILT FUND - REGULAR PLAN - IDCW (Payout/Reinvestment);INF760K01AB7;INF760K01AC5;15.9240;;;20-May-2025

Groww Mutual Fund
153477;Groww Gilt Fund - Direct - Growth;INF666M01KK2;;10.0921;;;20-May-2025
153502;Groww Gilt Fund - Direct - IDCW;INF666M01KL0;INF666M01KM8;10.092;;;20-May-2025
153503;Groww Gilt Fund - Regular - Growth;INF666M01KN6;;10.0888;;;20-May-2025
153504;Groww Gilt Fund - Regular - IDCW;INF666M01KO4;INF666M01KP1;10.089;;;20-May-2025

quant Mutual Fund
151228;quant Gilt Fund - Growth Option - Direct Plan;INF966L01BF7;;12.2017;;;20-May-2025
151230;quant Gilt Fund - Growth Option - Regular Plan;INF966L01BI1;;11.9382;;;20-May-2025
151229;quant Gilt Fund - IDCW Option - Direct Plan;INF966L01BG5;INF966L01BH3;12.1993;;;20-May-2025
151231;quant Gilt Fund - IDCW Option - Regular Plan;INF966L01BJ9;INF966L01BK7;11.9468;;;20-May-2025

Open Ended Schemes ( Hybrid Scheme - Conservative Hybrid Fund )


Canara Robeco Mutual Fund
118309;CANARA ROBECO CONSERVATIVE HYBRID FUND - DIRECT PLAN - GROWTH OPTION;INF760K01GB4;;110.2973;;;20-May-2025
118311;CANARA ROBECO CONSERVATIVE HYBRID FUND - DIRECT PLAN - MONTHLY IDCW (Payout/Reinvestment);INF760K01FZ5;INF760K01GA6;16.7776;;;20-May-2025
118310;CANARA ROBECO CONSERVATIVE HYBRID FUND - DIRECT PLAN - QUARTERLY IDCW (Payout/Reinvestment);INF760K01GC2;INF760K01GD0;16.8698;;;20-May-2025
100601;CANARA ROBECO CONSERVATIVE HYBRID FUND - REGULAR PLAN - GROWTH OPTION;INF760K01282;;96.2914;;;20-May-2025
100600;CANARA ROBECO CONSERVATIVE HYBRID FUND - REGULAR PLAN - MONTHLY IDCW (Payout/Reinvestment);INF760K01308;INF760K01316;13.3969;;;20-May-2025
112378;CANARA ROBECO CONSERVATIVE HYBRID FUND - REGULAR PLAN - QUARTERLY IDCW (Payout/Reinvestment);INF760K01AP7;INF760K01AQ5;14.2377;;;20-May-2025

Sundaram Mutual Fund
119635;Sundaram Conservative Hybrid Fund (Formerly Known as Sundaram Debt Oriented Hybrid Fund) Direct Plan - Growth;INF903J01OP6;;32.7362;;;20-May-2025
119638;Sundaram Conservative Hybrid Fund (Formerly Known as Sundaram Debt Oriented Hybrid Fund) Direct Plan - Half yearly Income Distribution cum Capital Withdrawal (IDCW);INF903J01OS0;INF903J01OV4;21.4532;;;20-May-2025
119636;Sundaram Conservative Hybrid Fund (Formerly Known as Sundaram Debt Oriented Hybrid Fund) Direct Plan - Monthly Income Distribution cum Capital Withdrawal (IDCW);INF903J01OQ4;INF903J01OT8;13.7142;;;20-May-2025
119637;Sundaram Conservative Hybrid Fund (Formerly Known as Sundaram Debt Oriented Hybrid Fund) Direct Plan - Quarterly Income Distribution cum Capital Withdrawal (IDCW);INF903J01OR2;INF903J01OU6;21.5488;;;20-May-2025
112868;Sundaram Conservative Hybrid Fund (Formerly Known as Sundaram Debt Oriented Hybrid Fund) Regular Plan - Growth;INF903J01HB0;;29.7347;;;20-May-2025
112869;Sundaram Conservative Hybrid Fund (Formerly Known as Sundaram Debt Oriented Hybrid Fund) Regular Plan - Half yearly Income Distribution cum Capital Withdrawal (IDCW);INF903J01HE4;INF903J01HH7;19.2899;;;20-May-2025
112867;Sundaram Conservative Hybrid Fund (Formerly Known as Sundaram Debt Oriented Hybrid Fund) Regular Plan - Monthly Income Distribution cum Capital Withdrawal (IDCW);INF903J01HC8;INF903J01HF1;13.5637;;;20-May-2025
112870;Sundaram Conservative Hybrid Fund (Formerly Known as Sundaram Debt Oriented Hybrid Fund) Regular Plan - Quarterly Income Distribution cum Capital Withdrawal (IDCW);INF903J01HD6;INF903J01HG9;19.4585;;;20-May-2025

Open Ended Schemes ( Hybrid Scheme - Balanced Hybrid Fund )


360 ONE Mutual Fund
152073;360 ONE Balanced Hybrid Fund - Direct Plan - IDCW;INF579M01AZ6;INF579M01BA7;12.8225;;;20-May-2025
152075;360 ONE Balanced Hybrid Fund - Regular Plan - Growth;INF579M01AV5;;12.5113;;;20-May-2025
152076;360 ONE Balanced Hybrid Fund- Direct Plan - Growth;INF579M01AY9;;12.8225;;;20-May-2025
152074;360 ONE Balanced Hyrbrid fund - Regular Plan - IDCW;INF579M01AW3;INF579M01AX1;12.5113;;;20-May-2025

Open Ended Schemes ( Hybrid Scheme - Aggressive Hybrid Fund )


Bank of India Mutual Fund
139527;BANK OF INDIA MID & SMALL CAP EQUITY & DEBT FUND - DIRECT PLAN GROWTH;INF761K01DM6;;40.41;;;20-May-2025
139530;BANK OF INDIA MID & SMALL CAP EQUITY & DEBT FUND - DIRECT PLAN IDCW;INF761K01DN4;INF761K01DO2;32.97;;;20-May-2025
139529;BANK OF INDIA MID & SMALL CAP EQUITY & DEBT FUND - REGULAR  PLAN  GROWTH;INF761K01DP9;;37.16;;;20-May-2025
139528;BANK OF INDIA MID & SMALL CAP EQUITY & DEBT FUND - REGULAR  PLAN IDCW;INF761K01DQ7;INF761K01DR5;31.49;;;20-May-2025

Canara Robeco Mutual Fund
118272;CANARA ROBECO EQUITY HYBRID FUND - DIRECT PLAN - GROWTH OPTION;INF760K01EZ8;;397.3400;;;20-May-2025
118271;CANARA ROBECO EQUITY HYBRID FUND - DIRECT PLAN - MONTHLY IDCW (Payout/Reinvestment);INF760K01EX3;INF760K01EY1;132.0900;;;20-May-2025
106166;CANARA ROBECO EQUITY HYBRID FUND - REGULAR PLAN - GROWTH OPTION;INF760K01050;;351.8900;;;20-May-2025
106167;CANARA ROBECO EQUITY HYBRID FUND - REGULAR PLAN - MONTHLY IDCW (Payout/Reinvestment);INF760K01068;INF760K01076;98.0600;;;20-May-2025

Groww Mutual Fund
145599;Groww Aggressive Hybrid Fund (formerly known as Indiabulls Equity Hybrid Fund) - Direct Plan - Growth option;INF666M01FA3;;22.6324;;;20-May-2025
145605;Groww Aggressive Hybrid Fund (formerly known as Indiabulls Equity Hybrid Fund) - Regular Plan - Growth option;INF666M01FJ4;;20.2887;;;20-May-2025
145600;Groww Aggressive Hybrid Fund (formerly known as Indiabulls Equity Hybrid Fund)- Direct Plan- - Income Distribution cum capital withdrawal Option (Payout & Reinvestment);INF666M01FB1;INF666M01FC9;22.4538;;;20-May-2025
145602;Groww Aggressive Hybrid Fund (formerly known as Indiabulls Equity Hybrid Fund)- Direct Plan- Half Yearly - Income Distribution cum capital withdrawal Option (Payout & Reinvestment);INF666M01FH8;INF666M01FI6;21.7759;;;20-May-2025
145606;Groww Aggressive Hybrid Fund (formerly known as Indiabulls Equity Hybrid Fund)- Direct Plan- Monthly - Income Distribution cum capital withdrawal Option (Payout & Reinvestment);INF666M01FD7;INF666M01FE5;22.4183;;;20-May-2025
145601;Groww Aggressive Hybrid Fund (formerly known as Indiabulls Equity Hybrid Fund)- Direct Plan- Quarterly - Income Distribution cum capital withdrawal Option (Payout & Reinvestment);INF666M01FF2;INF666M01FG0;22.1876;;;20-May-2025
145603;Groww Aggressive Hybrid Fund (formerly known as Indiabulls Equity Hybrid Fund)- Regular Plan- - Income Distribution cum capital withdrawal Option (Payout & Reinvestment);INF666M01FK2;INF666M01FL0;20.2857;;;20-May-2025
145608;Groww Aggressive Hybrid Fund (formerly known as Indiabulls Equity Hybrid Fund)- Regular Plan- Half Yearly - Income Distribution cum capital withdrawal Option (Payout & Reinvestment);INF666M01FQ9;INF666M01FR7;20.2409;;;20-May-2025
145604;Groww Aggressive Hybrid Fund (formerly known as Indiabulls Equity Hybrid Fund)- Regular Plan- Monthly - Income Distribution cum capital withdrawal Option (Payout & Reinvestment.;INF666M01FM8;INF666M01FN6;20.2869;;;20-May-2025
145607;Groww Aggressive Hybrid Fund (formerly known as Indiabulls Equity Hybrid Fund)- Regular Plan- Quarterly - Income Distribution cum capital withdrawal Option (Payout & Reinvestment);INF666M01FO4;INF666M01FP1;21.5047;;;20-May-2025

Navi Mutual Fund
143163;Navi Aggressive Hybrid Fund - Direct Plan - Growth;INF959L01CX3;;22.4655;;;20-May-2025
143195;Navi Aggressive Hybrid Fund - Direct Plan Annual IDCW;INF959L01DG6;INF959L01DH4;22.3723;;;20-May-2025
143186;Navi Aggressive Hybrid Fund - Direct Plan Half Yearly IDCW;INF959L01DE1;INF959L01DF8;22.3691;;;20-May-2025
143192;Navi Aggressive Hybrid Fund - Direct Plan Monthly IDCW;INF959L01DA9;INF959L01DB7;22.3677;;;20-May-2025
143167;Navi Aggressive Hybrid Fund - Direct Plan Normal IDCW;INF959L01CY1;INF959L01CZ8;22.3685;;;20-May-2025
143185;Navi Aggressive Hybrid Fund - Direct Plan Quarterly IDCW;INF959L01DC5;INF959L01DD3;22.3681;;;20-May-2025
143162;Navi Aggressive Hybrid Fund - Regular Plan - Growth;INF959L01DI2;;19.7835;;;20-May-2025
143198;Navi Aggressive Hybrid Fund - Regular Plan Annual IDCW;INF959L01DR3;INF959L01DS1;19.7811;;;20-May-2025
143189;Navi Aggressive Hybrid Fund - Regular Plan Half Yearly IDCW;INF959L01DP7;INF959L01DQ5;19.7958;;;20-May-2025
143197;Navi Aggressive Hybrid Fund - Regular Plan Monthly IDCW;INF959L01DL6;INF959L01DM4;19.783;;;20-May-2025
143166;Navi Aggressive Hybrid Fund - Regular Plan Normal IDCW;INF959L01DJ0;INF959L01DK8;19.7846;;;20-May-2025
143199;Navi Aggressive Hybrid Fund - Regular Plan Quarterly IDCW;INF959L01DN2;INF959L01DO0;19.7836;;;20-May-2025

quant Mutual Fund
101070;quant Absolute Fund - Growth Option - Regular Plan;INF966L01267;;411.0979;;;20-May-2025
120819;quant Absolute Fund-Growth Option-Direct Plan;INF966L01556;;446.8424;;;20-May-2025
101069;quant Absolute Fund-IDCW Option - Regular Plan;INF966L01242;INF966L01259;56.7019;;;20-May-2025
120818;quant Absolute Fund-IDCW Option-Direct Plan;INF966L01531;INF966L01549;61.8912;;;20-May-2025

Sundaram Mutual Fund
149601;Sundaram Aggressive Hybrid Fund (Formerly Known as Principal Hybrid Equity Fund)- Direct Plan - Growth Option;INF173K01FE6;;182.0044;;;20-May-2025
149600;Sundaram Aggressive Hybrid Fund (Formerly Known as Principal Hybrid Equity Fund)- Monthly Income Distribution CUM Capital Withdrawal;INF173K01CI4;INF173K01CJ2;27.9973;;;20-May-2025
149599;Sundaram Aggressive Hybrid Fund (Formerly Known as Principal Hybrid Equity Fund)-Growth;INF173K01CL8;;159.0755;;;20-May-2025
149602;Sundaram Aggressive Hybrid Fund(Formerly Known as Principal Hybrid Equity Fund)-Direct Plan - Monthly Income Distribution CUM Capital Withdrawal Option;INF173K01FB2;INF173K01FC0;42.9352;;;20-May-2025

Open Ended Schemes ( Hybrid Scheme - Dynamic Asset Allocation or Balanced Advantage )


Bank of India Mutual Fund
127852;BANK OF INDIA BALANCED ADVANTAGE FUND  DIRECT PLAN IDCW;INF761K01BM0;INF761K01BN8;15.8935;;;20-May-2025
127851;BANK OF INDIA BALANCED ADVANTAGE FUND  REGULAR PLAN IDCW;INF761K01BP3;INF761K01BQ1;17.0416;;;20-May-2025
127850;BANK OF INDIA BALANCED ADVANTAGE FUND DIRECT PLAN  GROWTH;INF761K01BO6;;26.3258;;;20-May-2025
127849;BANK OF INDIA BALANCED ADVANTAGE FUND REGULAR PLAN  GROWTH;INF761K01BR9;;24.4260;;;20-May-2025

Canara Robeco Mutual Fund
152688;Canara Robeco Balanced Advantage Fund - Direct Plan - Growth Option;INF760K01LD0;;10.2200;;;20-May-2025
152689;Canara Robeco Balanced Advantage Fund - Direct Plan - IDCW Option;INF760K01LE8;INF760K01LF5;10.2200;;;20-May-2025
152690;Canara Robeco Balanced Advantage Fund - Regular Plan - Growth Option;INF760K01LA6;;10.1000;;;20-May-2025
152691;Canara Robeco Balanced Advantage Fund - Regular Plan - IDCW Option;INF760K01LB4;INF760K01LC2;10.1000;;;20-May-2025

Helios Mutual Fund
152509;Helios Balanced Advantage Fund- Direct Plan- Growth Option;INF0R8701145;;11.08;;;20-May-2025
152511;Helios Balanced Advantage Fund- Direct Plan-IDCW Option;INF0R8701152;INF0R8701160;11.09;;;20-May-2025
152512;Helios Balanced Advantage Fund- Regular Plan- Growth Option;INF0R8701111;;10.88;;;20-May-2025
152510;Helios Balanced Advantage Fund- Regular Plan-IDCW Option;INF0R8701129;INF0R8701137;10.88;;;20-May-2025

quant Mutual Fund
151713;quant Dynamic Asset Allocation Fund - Growth Option - Direct Plan;INF966L01BL5;;16.7688;;;20-May-2025
151714;quant Dynamic Asset Allocation Fund - Growth Option - Regular Plan;INF966L01BO9;;16.2324;;;20-May-2025
151712;quant Dynamic Asset Allocation Fund - IDCW Option - Direct Plan;INF966L01BM3;INF966L01BN1;16.764;;;20-May-2025
151715;quant Dynamic Asset Allocation Fund - IDCW Option - Regular Plan;INF966L01BP6;INF966L01BQ4;16.2339;;;20-May-2025

Samco Mutual Fund
152188;Samco Dynamic Asset Allocation Fund - Direct Plan - Growth Option;INF0K1H01131;;10.35;;;20-May-2025
152186;Samco Dynamic Asset Allocation Fund - Direct Plan - IDCW Option;INF0K1H01149;INF0K1H01156;10.35;;;20-May-2025
152187;Samco Dynamic Asset Allocation Fund - Regular Plan - Growth Option;INF0K1H01099;;10.11;;;20-May-2025
152185;Samco Dynamic Asset Allocation Fund - Regular Plan - IDCW Option;INF0K1H01107;INF0K1H01115;10.11;;;20-May-2025

Sundaram Mutual Fund
149717;Sundaram Balanced Advantage Fund ( Formerly Known as Principal Balanced Advantage Fund) - Direct Plan - Growth Option;INF173K01FI7;;40.6512;;;20-May-2025
149718;Sundaram Balanced Advantage Fund (Formerly Known as Principal Balanced Advantage Fund) - Direct Plan - Monthly Income Distribution CUM Capital Withdrawal Option;INF173K01FF3;INF173K01FG1;19.0789;;;20-May-2025
149715;Sundaram Balanced Advantage Fund (Formerly Known as Principal Balanced Advantage Fund) - Growth Option;INF173K01585;;34.7352;;;20-May-2025
149716;Sundaram Balanced Advantage Fund (Formerly Known as Principal Balanced Advantage Fund) - Monthly Income Distribution CUM Capital Withdrawal Option;INF173K01551;INF173K01569;15.6445;;;20-May-2025

Unifi Mutual Fund
153376;Unifi Dynamic Asset Allocation Fund - Direct Growth;INF1MIY01015;;10.1938;;;20-May-2025
153377;Unifi Dynamic Asset Allocation Fund - Regular Growth;INF1MIY01023;;10.1824;;;20-May-2025

Open Ended Schemes ( Hybrid Scheme - Multi Asset Allocation )


Bank of India Mutual Fund
152396;Bank of India Multi Asset Allocation Fund-Direct Plan-Growth;INF761K01FZ3;;11.2511;;;20-May-2025
152399;Bank of India Multi Asset Allocation Fund-Direct Plan-IDCW;INF761K01GA4;INF761K01GB2;11.2518;;;20-May-2025
152398;Bank of India Multi Asset Allocation Fund-Regular Plan-Growth;INF761K01FW0;;11.1175;;;20-May-2025
152395;Bank of India Multi Asset Allocation Fund-Regular Plan-IDCW;INF761K01FX8;INF761K01FY6;11.1185;;;20-May-2025

quant Mutual Fund
120820;quant Multi Asset Fund - IDCW Option - Direct Plan;INF966L01564;INF966L01572;135.2518;;;20-May-2025
101071;quant Multi Asset Fund - IDCW Option - Regular Plan;INF966L01184;INF966L01192;125.6458;;;20-May-2025
101072;quant Multi Asset Fund-GROWTH OPTION - Regular Plan;INF966L01200;;137.0632;;;20-May-2025
120821;quant Multi Asset Fund-GROWTH OPTION-Direct Plan;INF966L01580;;146.7561;;;20-May-2025

Quantum Mutual Fund
152474;Quantum Multi Asset Allocation Fund - Direct Plan Growth Option;INF082J01457;;11.60;;;20-May-2025
152475;Quantum Multi Asset Allocation Fund - Regular Plan Growth Option;INF082J01465;;11.38;;;20-May-2025

Sundaram Mutual Fund
152314;Sundaram Multi Asset Allocation Fund Direct Plan Growth;INF903JA1LK9;;12.2345;;;20-May-2025
152316;Sundaram Multi Asset Allocation Fund Direct Plan IDCW Payout;INF903JA1LL7;;12.2345;;;20-May-2025
152312;Sundaram Multi Asset Allocation Fund Direct Plan IDCW Reinvestment;;INF903JA1LM5;12.2345;;;20-May-2025
152311;Sundaram Multi Asset Allocation Fund Regular Plan Growth;INF903JA1LH5;;11.9808;;;20-May-2025
152315;Sundaram Multi Asset Allocation Fund Regular Plan IDCW Payout;INF903JA1LI3;;11.9808;;;20-May-2025
152313;Sundaram Multi Asset Allocation Fund Regular Plan IDCW Reinvestment;;INF903JA1LJ1;11.9808;;;20-May-2025

Open Ended Schemes ( Hybrid Scheme - Arbitrage Fund )


Bank of India Mutual Fund
143613;BANK OF INDIA Arbitrage Fund Direct Plan Annual IDCW;INF761K01EI2;INF761K01EJ0;12.9180;;;20-May-2025
143614;BANK OF INDIA Arbitrage Fund Direct Plan Growth;INF761K01ED3;;14.2846;;;20-May-2025
143615;BANK OF INDIA Arbitrage Fund Direct Plan Monthly IDCW;INF761K01EE1;INF761K01EF8;12.8783;;;20-May-2025
143616;BANK OF INDIA Arbitrage Fund Direct Plan Quarterly IDCW;INF761K01EG6;INF761K01EH4;13.5764;;;20-May-2025
143620;BANK OF INDIA Arbitrage Fund Regular Growth;INF761K01DW5;;13.6986;;;20-May-2025
143617;BANK OF INDIA Arbitrage Fund Regular Plan IDCW Annual IDCW;INF761K01EB7;INF761K01EC5;12.6576;;;20-May-2025
143618;BANK OF INDIA Arbitrage Fund Regular Plan IDCW Monthly IDCW;INF761K01DX3;INF761K01DY1;12.4142;;;20-May-2025
143619;BANK OF INDIA Arbitrage Fund Regular Plan IDCW Quarterly IDCW;INF761K01DZ8;INF761K01EA9;13.1055;;;20-May-2025

quant Mutual Fund
153426;quant Arbitrage Fund - Growth Option - Direct Plan;INF966L01DW8;;10.078;;;20-May-2025
153428;quant Arbitrage Fund - Growth Option - Regular Plan;INF966L01DZ1;;10.0714;;;20-May-2025
153427;quant Arbitrage Fund - IDCW Option - Direct Plan;INF966L01DX6;INF966L01DY4;10.0781;;;20-May-2025
153429;quant Arbitrage Fund - IDCW Option - Regular Plan;INF966L01EA2;INF966L01EB0;10.0717;;;20-May-2025

Samco Mutual Fund
153090;Samco Arbitrage Fund - Direct Plan - Growth;INF0K1H01214;;10.25;;;20-May-2025
153091;Samco Arbitrage Fund - Regular Plan - Growth;INF0K1H01222;;10.22;;;20-May-2025

Sundaram Mutual Fund
149552;Sundaram Arbitrage Fund (Formerly Know as Principal Arbitrage Fund) - Regular Plan - Growth;INF173K01NB6;;14.3281;;;20-May-2025
149551;Sundaram Arbitrage Fund (Formerly Known as Principal Arbitrage Fund)- Regular Plan - Monthly Income Distribution CUM Capital Withdrawal;INF173K01MY0;INF173K01NA8;12.5974;;;20-May-2025
149550;Sundaram Arbitrage Fund (Formerly Known as Prinicpal Arbitrage Fund) - Direct Plan - Growth;INF173K01NF7;;15.1004;;;20-May-2025
149549;Sundaram Arbitrage Fund( Formerly Known as Principal Arbitrage Fund) - Direct Plan- Monthly Income Distribution CUM Capital Withdrawal;INF173K01NC4;INF173K01NE0;13.0566;;;20-May-2025

Open Ended Schemes ( Hybrid Scheme - Equity Savings )


Sundaram Mutual Fund
149677;Sundaram Equity Savings Fund (Formerly Known as  Principal Equity Savings Fund) - Direct Plan - Income Distribution CUM Capital Withdrawal Option - Half Yearly;INF173K01HC6;INF173K01HD4;16.5788;;;20-May-2025
149679;Sundaram Equity Savings Fund (Formerly Known as Principal Equity Savings Fund) - Direct Plan - Growth Option;INF173K01GZ9;;80.2830;;;20-May-2025
149674;Sundaram Equity Savings Fund (Formerly Known as Principal Equity Savings Fund) - Growth Option;INF173K01213;;69.3300;;;20-May-2025
149676;Sundaram Equity Savings Fund (Formerly Known as Principal Equity Savings Fund) -Quarterly Income Distribution CUM Capital Withdrawal;INF173K01262;INF173K01270;17.0172;;;20-May-2025
149678;Sundaram Equity Savings Fund (Formerly Known as Principal Equity Savings Fund)- Direct Plan - Income Distribution CUM Capital Withdrawal Option - Quarterly;INF173K01HF9;INF173K01HG7;24.7801;;;20-May-2025
149675;Sundaram Equity Savings Fund (Formerly Known as Principal Equity Savings Fund)- Half Yearly Income Distribution CUM Capital Withdrawal;INF173K01247;INF173K01254;15.4903;;;20-May-2025

Open Ended Schemes ( Other Scheme - Index Funds )


Angel One Mutual Fund
153330;ANGEL ONE NIFTY TOTAL MARKET INDEX FUND DIRECT PLAN GROWTH OPTION;INF1J2R01023;;11.3671;;;20-May-2025
153331;ANGEL ONE NIFTY TOTAL MARKET INDEX FUND REGULAR PLAN GROWTH OPTION;INF1J2R01031;;11.3479;;;20-May-2025

Groww Mutual Fund
153230;Groww Nifty India Railways PSU Index Fund - Direct Plan - Growth;INF666M01JK4;;10.3592;;;20-May-2025
153231;Groww Nifty India Railways PSU Index Fund - Direct Plan - IDCW;INF666M01JL2;INF666M01JM0;10.3592;;;20-May-2025
153232;Groww Nifty India Railways PSU Index Fund - Regular Plan - Growth;INF666M01JN8;;10.3412;;;20-May-2025
153233;Groww Nifty India Railways PSU Index Fund - Regular Plan - IDCW;INF666M01JO6;INF666M01JP3;10.341;;;20-May-2025
152636;Groww Nifty Non-Cyclical Consumer Index Fund - Direct Plan - IDCW;INF666M01IF6;INF666M01IG4;10.6918;;;20-May-2025
152637;Groww Nifty Non-Cyclical Consumer Index Fund - Direct Plan Growth;INF666M01IE9;;10.6919;;;20-May-2025
152635;Groww Nifty Non-Cyclical Consumer Index Fund - IDCW;INF666M01IC3;INF666M01ID1;10.628;;;20-May-2025
152633;Groww Nifty Non-Cyclical Consumer Index Fund - Regular Plan - Growth;INF666M01IB5;;10.6292;;;20-May-2025
152431;Groww Nifty Smallcap 250 Index Fund - Direct Plan - Growth;INF666M01HY9;;10.8877;;;20-May-2025
152436;Groww Nifty Smallcap 250 Index Fund - Direct Plan - IDCW;INF666M01HZ6;INF666M01IA7;10.8922;;;20-May-2025
152433;Groww Nifty Smallcap 250 Index Fund - Regular Plan - Growth;INF666M01HV5;;10.8213;;;20-May-2025
152434;Groww Nifty Smallcap 250 Index Fund - Regular Plan - Regular Plan - IDCW;INF666M01HW3;INF666M01HX1;10.8083;;;20-May-2025
152092;Groww Nifty Total Market Index Fund - Direct Plan - Growth;INF666M01HM4;;13.4556;;;20-May-2025
152125;Groww Nifty Total Market Index Fund - Direct Plan - IDCW;INF666M01HN2;INF666M01HO0;13.4552;;;20-May-2025
152127;Groww Nifty Total Market Index Fund - Regular Plan - Growth;INF666M01HJ0;;13.3001;;;20-May-2025
152126;Groww Nifty Total Market Index Fund - Regular Plan - IDCW;INF666M01HK8;INF666M01HL6;13.3008;;;20-May-2025

Navi Mutual Fund
152062;NAVI BSE SENSEX INDEX FUND - DIRECT PLAN - GROWTH;INF959L01HK9;;12.4873;;;20-May-2025
152061;NAVI BSE SENSEX INDEX FUND - REGULAR PLAN - GROWTH;INF959L01HJ1;;12.3259;;;20-May-2025
149039;Navi Nifty 50 Index Fund-Direct Plan-Growth;INF959L01FP2;;16.0338;;;20-May-2025
149040;Navi Nifty 50 Index Fund-Regular Plan-Growth;INF959L01FQ0;;15.9085;;;20-May-2025
152751;NAVI NIFTY 500 MULTICAP 50-25-25 DIRECT PLAN;INF959L01HO1;;9.6091;;;20-May-2025
152750;NAVI NIFTY 500 MULTICAP 50-25-25 REGULAR PLAN;INF959L01HN3;;9.5522;;;20-May-2025
149804;Navi Nifty Bank Index Fund- Direct Plan- Growth;INF959L01FT4;;14.3565;;;20-May-2025
149805;Navi Nifty Bank Index Fund- Regular Plan- Growth;INF959L01FU2;;14.0244;;;20-May-2025
150515;Navi Nifty India Manufacturing Index Fund- Direct Plan- Growth;INF959L01GD6;;16.9584;;;20-May-2025
150516;Navi Nifty India Manufacturing Index Fund- Regular Plan- Growth;INF959L01GE4;;16.5768;;;20-May-2025
149892;Navi Nifty Midcap 150 Index Fund Direct Plan- Growth;INF959L01FX6;;19.5135;;;20-May-2025
149893;Navi Nifty Midcap 150 Index Fund Regular Plan- Growth;INF959L01FY4;;18.974;;;20-May-2025
149447;Navi Nifty Next 50 Index Fund- Direct Plan- Growth;INF959L01FR8;;15.6365;;;20-May-2025
149448;Navi Nifty Next 50 Index Fund- Regular Plan- Growth;INF959L01FS6;;15.3845;;;20-May-2025
153362;Navi Nifty Smallcap 250 Momentum quality index fund- Direct Plan;INF959L01HQ6;;11.2768;;;20-May-2025
153363;Navi Nifty Smallcap 250 Momentum quality index fund- Regular Plan;INF959L01HP8;;11.2628;;;20-May-2025
152535;Navi NiftyIT Index Fund - Direct Plan- Growth;INF959L01HM5;;10.8518;;;20-May-2025
152536;Navi NiftyIT Index Fund - Regular Plan -Growth;INF959L01HL7;;10.7549;;;20-May-2025

Sundaram Mutual Fund
149483;Sundaram Nifty 100 Equal Weight Fund (Formerly Known as Principal Nifty 100 Equal Weight Fund) - Direct Plan - Growth Option;INF173K01EZ4;;177.8640;;;20-May-2025
149482;Sundaram Nifty 100 Equal Weight Fund (Formerly Known as Principal Nifty 100 Equal Weight Fund)- Direct Plan - Income Distribution CUM Capital Withdrawal Option;INF173K01EW1;INF173K01EX9;83.8574;;;20-May-2025
149481;Sundaram Nifty 100 Equal Weight Fund (Formerly Known as Principal Nifty 100 Equal Weight Fund)-Growth;INF173K01AG2;;168.9883;;;20-May-2025
149480;Sundaram Nifty 100 Equal Weight Fund (Formerly Known as Principal Nifty 100 Equal Weight Fund-Income Distribution CUM Capital Withdrawal;INF173K01AH0;INF173K01AI8;79.6761;;;20-May-2025

Taurus Mutual Fund
118881;Taurus Nifty 50 Index Fund - Direct Plan - Growth;INF044D01CQ5;;49.8136;;;20-May-2025
118882;Taurus Nifty 50 Index Fund - Direct Plan - Payout of Income Distribution cum Capital Withdrawal option;INF044D01CR3;INF044D01CS1;46.6200;;;20-May-2025
112948;Taurus Nifty 50 Index Fund - Regular Plan - Growth;INF044D01948;;46.7902;;;20-May-2025
112949;Taurus Nifty 50 Index Fund - Regular Plan - Payout of Income Distribution cum Capital Withdrawal option;INF044D01914;INF044D01922;29.8326;;;20-May-2025

Zerodha Mutual Fund
152157;Zerodha ELSS Tax Saver Nifty LargeMidcap 250 Index Fund - Direct Plan - Growth option;INF0R8F01026;;13.4572;;;20-May-2025
152156;Zerodha Nifty LargeMidcap 250 Index Fund - Direct Plan - Growth option;INF0R8F01018;;13.4427;;;20-May-2025

Open Ended Schemes ( Other Scheme - Gold ETF )


360 ONE Mutual Fund
153357;360 ONE Gold ETF;INF579M01BB5;;92.4850;;;20-May-2025

Groww Mutual Fund
152957;Groww Gold ETF;INF666M01IW1;;92.3503;;;20-May-2025

LIC Mutual Fund
151961;LIC MF Gold Exchange Traded Fund;INF397L01554;;8483.8118;;;20-May-2025

Quantum Mutual Fund
107693;Quantum Gold Fund;INF082J01408;;77.2518;;;20-May-2025

Zerodha Mutual Fund
152476;Zerodha Gold ETF;INF0R8F01042;;14.8043;;;20-May-2025

Open Ended Schemes ( Other Scheme - Other  ETFs )


360 ONE Mutual Fund
153415;360 ONE Silver ETF;INF579M01BC3;;95.4669;;;20-May-2025

Angel One Mutual Fund
153451;ANGEL ONE NIFTY 1D RATE LIQUID ETF - GROWTH;INF1J2R01056;;1008.7983;;;20-May-2025
153332;ANGEL ONE NIFTY TOTAL MARKET ETF;INF1J2R01015;;11.3716;;;20-May-2025

Groww Mutual Fund
152891;Groww Nifty 1D Rate Liquid ETF;INF666M01IP5;;104.0782;;;20-May-2025
153329;Groww Nifty 200 ETF;INF666M01JV1;;11.0207;;;20-May-2025
153452;Groww Nifty 500 Momentum 50 ETF;INF666M01KJ4;;10.3861;;;20-May-2025
152764;GROWW NIFTY EV & NEW AGE AUTOMOTIVE ETF;INF666M01IH2;;28.9302;;;20-May-2025
152845;Groww Nifty India Defence ETF;INF666M01IO8;;80.0227;;;20-May-2025
153229;Groww Nifty India Railways PSU ETF;INF666M01JJ6;;37.99;;;20-May-2025

Quantum Mutual Fund
108479;Quantum Nifty 50 ETF;INF082J01028;;2673.2955;;;20-May-2025

Zerodha Mutual Fund
152667;Zerodha Nifty 100 ETF;INF0R8F01067;;10.4403;;;20-May-2025
152327;Zerodha Nifty 1D Rate Liquid ETF - Growth Option;INF0R8F01034;;108.6315;;;20-May-2025
152668;Zerodha Nifty Midcap 150 ETF;INF0R8F01059;;10.2479;;;20-May-2025
153413;Zerodha Silver ETF;INF0R8F01091;;9.8373;;;20-May-2025

Open Ended Schemes ( Other Scheme - FoF Domestic )


Groww Mutual Fund
152980;Groww Gold ETF FOF - DIRECT - GROWTH;INF666M01IX9;;11.7619;;;20-May-2025
153004;Groww Gold ETF FOF - DIRECT - IDCW;INF666M01IY7;INF666M01IZ4;11.7618;;;20-May-2025
153006;Groww Gold ETF FOF - REGULAR - GROWTH;INF666M01JA5;;11.7416;;;20-May-2025
153005;Groww Gold ETF FOF - REGULAR - IDCW;INF666M01JB3;INF666M01JC1;11.7416;;;20-May-2025
153328;Groww Nifty 200 ETF FOF - Direct - Growth;INF666M01JQ1;;11.4057;;;20-May-2025
153343;Groww Nifty 200 ETF FOF - Direct - IDCW;INF666M01JR9;INF666M01JS7;11.4056;;;20-May-2025
153342;Groww Nifty 200 ETF FOF - Regular - Growth;INF666M01JT5;;11.3915;;;20-May-2025
153344;Groww Nifty 200 ETF FOF - Regular - IDCW;INF666M01JU3;INF666M01JW9;11.3916;;;20-May-2025
153453;Groww Nifty 500 Momentum 50 ETF FOF - Direct Plan - Growth;INF666M01JX7;;10.3729;;;20-May-2025
153454;Groww Nifty 500 Momentum 50 ETF FOF - Direct Plan - IDCW;INF666M01JY5;INF666M01KB1;10.3843;;;20-May-2025
153455;Groww Nifty 500 Momentum 50 ETF FOF - Regular Plan - IDCW;INF666M01KH8;INF666M01KI6;10.3694;;;20-May-2025
153456;Groww Nifty 500 Momentum 50 ETF FOF - Regular Plan- Growth;INF666M01KC9;;10.3694;;;20-May-2025
152771;Groww Nifty EV & New Age Automotive ETF FOF - Direct Plan - IDCW;INF666M01IM2;INF666M01IN0;8.8987;;;20-May-2025
152773;Groww Nifty EV & New Age Automotive ETF FOF - Regular Plan - Growth;INF666M01II0;;8.8686;;;20-May-2025
152772;Groww Nifty EV & New Age Automotive ETF FOF - Regular Plan - IDCW;INF666M01IJ8;INF666M01IK6;8.8687;;;20-May-2025
152770;Groww Nifty EV & New Age Automotive ETF FOF- Direct Plan - Growth;INF666M01IL4;;8.8983;;;20-May-2025
152926;Groww Nifty India Defence ETF FOF - Direct - IDCW;INF666M01IR1;INF666M01IS9;11.8127;;;20-May-2025
152925;Groww Nifty India Defence ETF FOF - Direct Growth;INF666M01IQ3;;11.8122;;;20-May-2025
152927;Groww Nifty India Defence ETF FOF - Regular - Growth;INF666M01IT7;;11.7848;;;20-May-2025
152928;Groww Nifty India Defence ETF FOF - Regular - IDCW;INF666M01IU5;INF666M01IV3;11.7824;;;20-May-2025

Quantum Mutual Fund
115132;Quantum Gold Savings Fund - Direct Plan Growth Option;INF082J01150;;36.1612;;;20-May-2025
141064;Quantum Gold Savings Fund - Regular Plan Growth Option;INF082J01358;;35.7705;;;20-May-2025

Zerodha Mutual Fund
153011;Zerodha Gold ETF FoF-Direct Plan - Growth Option;INF0R8F01083;;12.3675;;;20-May-2025

Open Ended Schemes ( Equity Scheme - Flexi Cap Fund )


360 ONE Mutual Fund
151796;360 ONE FLEXICAP FUND-DIRECT PLAN- GROWTH;INF579M01AS1;;15.1092;;;20-May-2025
151798;360 ONE FLEXICAP FUND-DIRECT PLAN- IDCW;INF579M01AT9;INF579M01AU7;15.1092;;;20-May-2025
151799;360 ONE FLEXICAP FUND-REGULAR PLAN- GROWTH;INF579M01AP7;;14.6612;;;20-May-2025
151797;360 ONE FLEXICAP FUND-REGULAR PLAN- IDCW;INF579M01AQ5;INF579M01AR3;14.6612;;;20-May-2025

Bank of India Mutual Fund
148404;BANK OF INDIA Flexi Cap Fund Direct Plan -Growth;INF761K01FF5;;35.67;;;20-May-2025
148406;BANK OF INDIA Flexi Cap Fund Direct Plan -IDCW;INF761K01FE8;INF761K01FG3;30.49;;;20-May-2025
148405;BANK OF INDIA Flexi Cap Fund Regular Plan -Growth;INF761K01FI9;;33.02;;;20-May-2025
148407;BANK OF INDIA Flexi Cap Fund Regular Plan -IDCW;INF761K01FH1;INF761K01FJ7;30.00;;;20-May-2025

Canara Robeco Mutual Fund
118275;CANARA ROBECO FLEXICAP FUND - DIRECT PLAN - GROWTH OPTION;INF760K01EF0;;366.9200;;;20-May-2025
118276;CANARA ROBECO FLEXICAP FUND - DIRECT PLAN - IDCW (Payout/Reinvestment);INF760K01ED5;INF760K01EE3;91.1800;;;20-May-2025
101922;CANARA ROBECO FLEXICAP FUND - REGULAR PLAN - GROWTH OPTION;INF760K01019;;327.8100;;;20-May-2025
101923;CANARA ROBECO FLEXICAP FUND - REGULAR PLAN - IDCW (Payout/Reinvestment);INF760K01027;INF760K01035;60.0900;;;20-May-2025

Helios Mutual Fund
152135;Helios Flexi Cap Fund - Direct Plan - Growth Option;INF0R8701046;;13.89;;;20-May-2025
152138;Helios Flexi Cap Fund - Direct Plan - IDCW Option;INF0R8701053;INF0R8701061;13.88;;;20-May-2025
152136;Helios Flexi Cap Fund - Regular Plan - Growth Option;INF0R8701012;;13.57;;;20-May-2025
152137;Helios Flexi Cap Fund - Regular Plan - IDCW Option;INF0R8701020;INF0R8701038;13.58;;;20-May-2025

Navi Mutual Fund
143793;Navi Flexi Cap Fund - Direct Plan - Growth;INF959L01DT9;;25.0782;;;20-May-2025
143798;NAVI FLEXI CAP FUND - DIRECT PLAN ANNUAL IDCW PAYOUT;INF959L01EC3;INF959L01ED1;24.8887;;;20-May-2025
143797;NAVI FLEXI CAP FUND - DIRECT PLAN HALF YEARLY IDCW PAYOUT;INF959L01EA7;INF959L01EB5;24.8895;;;20-May-2025
143796;NAVI FLEXI CAP FUND - DIRECT PLAN MONTHLY IDCW PAYOUT;INF959L01DW3;INF959L01DX1;24.884;;;20-May-2025
143792;NAVI FLEXI CAP FUND - DIRECT PLAN NORMAL IDCW PAYOUT;INF959L01DU7;INF959L01DV5;24.8578;;;20-May-2025
143791;NAVI FLEXI CAP FUND - DIRECT PLAN QUARTERLY IDCW PAYOUT;INF959L01DY9;INF959L01DZ6;24.9083;;;20-May-2025
143787;Navi Flexi Cap Fund - Regular Plan - Growth;INF959L01EE9;;21.8919;;;20-May-2025
143795;NAVI FLEXI CAP FUND - REGULAR PLAN ANNUAL IDCW PAYOUT;INF959L01EN0;INF959L01EO8;21.8925;;;20-May-2025
143794;NAVI FLEXI CAP FUND - REGULAR PLAN HALF YEARLY IDCW PAYOUT;INF959L01EL4;INF959L01EM2;21.8953;;;20-May-2025
143790;NAVI FLEXI CAP FUND - REGULAR PLAN MONTHLY IDCW PAYOUT;INF959L01EH2;INF959L01EI0;21.9005;;;20-May-2025
143789;NAVI FLEXI CAP FUND - REGULAR PLAN NORMAL IDCW PAYOUT;INF959L01EF6;INF959L01EG4;21.8951;;;20-May-2025
143788;NAVI FLEXI CAP FUND - REGULAR PLAN QUARTERLY IDCW PAYOUT;INF959L01EJ8;INF959L01EK6;21.8895;;;20-May-2025

quant Mutual Fund
109830;quant Flexi Cap Fund - Growth Option - Regular Plan;INF966L01457;;96.0387;;;20-May-2025
120843;quant Flexi Cap Fund - Growth Option-Direct Plan;INF966L01911;;106.5376;;;20-May-2025
120842;quant Flexi Cap Fund - IDCW Option - Direct Plan;INF966L01895;INF966L01903;72.4183;;;20-May-2025
109831;quant Flexi Cap Fund - IDCW Option - Regular Plan;INF966L01432;INF966L01440;68.6407;;;20-May-2025

Samco Mutual Fund
149450;Samco Flexi Cap Fund - Direct Plan - Growth Option;INF0K1H01024;;10.72;;;20-May-2025
149449;Samco Flexi Cap Fund - Regular Plan - Growth Option;INF0K1H01016;;10.22;;;20-May-2025

Sundaram Mutual Fund
150571;Sundaram Flexicap Fund Direct Growth;INF903JA1LE2;;14.9014;;;20-May-2025
150573;Sundaram Flexicap Fund Direct Plan IDCW Payout;INF903JA1LF9;;14.1344;;;20-May-2025
150572;Sundaram Flexicap Fund Direct Plan IDCW Reinvestment;;INF903JA1LG7;14.1344;;;20-May-2025
150568;Sundaram Flexicap Fund Regular Growth;INF903JA1LB8;;14.2774;;;20-May-2025
150569;Sundaram Flexicap Fund Regular Plan IDCW Payout;INF903JA1LC6;;13.5428;;;20-May-2025
150570;Sundaram Flexicap Fund Regular Plan IDCW Reinvestment;;INF903JA1LD4;13.5428;;;20-May-2025

Taurus Mutual Fund
118884;Taurus Flexi Cap Fund - Direct Plan -  Payout of Income Distribution cum Capital Withdrawal option;INF044D01BV7;INF044D01BW5;115.94;;;20-May-2025
118883;Taurus Flexi Cap Fund - Direct Plan - Growth;INF044D01BU9;;229.81;;;20-May-2025
100476;Taurus Flexi Cap Fund - Regular Plan - Growth ;INF044D01989;;220.93;;;20-May-2025
111640;Taurus Flexi Cap Fund - Regular Plan - Payout of Income Distribution cum Capital Withdrawal option;INF044D01955;INF044D01963;107.21;;;20-May-2025

Trust Mutual Fund
152584;TRUSTMF Flexi Cap Fund-Direct Plan- Growth;INF0GCD01743;;11.24;;;20-May-2025
152585;TRUSTMF Flexi Cap Fund-Direct Plan- IDCW;INF0GCD01750;INF0GCD01768;11.24;;;20-May-2025
152582;TRUSTMF Flexi Cap Fund-Regular Plan- Growth;INF0GCD01719;;11.03;;;20-May-2025
152583;TRUSTMF Flexi Cap Fund-Regular Plan- IDCW;INF0GCD01727;INF0GCD01735;11.03;;;20-May-2025

Close Ended Schemes ( Income )


Trust Mutual Fund
151620;TRUSTMF FIXED MATURITY PLAN -SERIES II (1196 DAYS)-DIRECT PLAN -GROWTH;INF0GCD01651;;1201.6513;;;20-May-2025
151617;TRUSTMF FIXED MATURITY PLAN -SERIES II (1196 DAYS)-REGULAR PLAN -GROWTH;INF0GCD01636;;1198.8115;;;20-May-2025
151618;TRUSTMF FIXED MATURITY PLAN -SERIES II (1196 DAYS)-REGULAR PLAN -IDCW PAYOUT;INF0GCD01644;;1198.8113;;;20-May-2025

Close Ended Schemes ( ELSS )


Bank of India Mutual Fund
141950;BANK OF INDIA Mid Cap Tax Fund Series 1 Direct Plan Growth;INF761K01DS3;;26.46;;;20-May-2025
141949;BANK OF INDIA Mid Cap Tax Fund Series 1 Direct Plan IDCW;INF761K01DT1;;26.46;;;20-May-2025
141952;BANK OF INDIA Mid Cap Tax Fund Series 1 Regular Plan Growth;INF761K01DU9;;25.59;;;20-May-2025
141951;BANK OF INDIA Mid Cap Tax Fund Series 1 Regular Plan IDCW;INF761K01DV7;;25.59;;;20-May-2025
144315;BANK OF INDIA Midcap Tax Fund Series 2 Direct Plan Growth;INF761K01EL6;;31.83;;;20-May-2025
144309;BANK OF INDIA Midcap Tax Fund Series 2 Direct Plan IDCW;INF761K01EK8;;31.83;;;20-May-2025
144314;BANK OF INDIA Midcap Tax Fund Series 2 Regular Plan Growth;INF761K01EN2;;30.65;;;20-May-2025
144316;BANK OF INDIA Midcap Tax Fund Series 2 Regular Plan IDCW;INF761K01EM4;;30.66;;;20-May-2025

Sundaram Mutual Fund
139711;Sundaram Long Term Micro Cap Tax Advantage Fund Series III Direct Plan - Growth;INF903JA1443;;32.4736;;;20-May-2025
139710;Sundaram Long Term Micro Cap Tax Advantage Fund Series III Direct Plan - Payout of Income Distribution cum Capital Withdrawal (IDCW);INF903JA1450;;28.4782;;;20-May-2025
139709;Sundaram Long Term Micro Cap Tax Advantage Fund Series III Regular Plan - Growth;INF903JA1427;;31.5405;;;20-May-2025
139712;Sundaram Long Term Micro Cap Tax Advantage Fund Series III Regular Plan - Payout of Income Distribution cum Capital Withdrawal (IDCW);INF903JA1435;;27.5956;;;20-May-2025
139990;Sundaram Long Term Micro Cap Tax Advantage Fund Series IV Direct Plan - Growth;INF903JA1526;;28.0483;;;20-May-2025
139989;Sundaram Long Term Micro Cap Tax Advantage Fund Series IV Direct Plan - Payout of Income Distribution cum Capital Withdrawal (IDCW);INF903JA1534;;26.6963;;;20-May-2025
139992;Sundaram Long Term Micro Cap Tax Advantage Fund Series IV Regular Plan - Growth;INF903JA1500;;27.4354;;;20-May-2025
139991;Sundaram Long Term Micro Cap Tax Advantage Fund Series IV Regular Plan - Payout of Income Distribution cum Capital Withdrawal (IDCW);INF903JA1518;;26.0853;;;20-May-2025
141564;Sundaram Long Term Micro Cap Tax Advantage Fund Series VI Direct Plan - Growth;INF903JA1AZ0;;26.5981;;;20-May-2025
141567;Sundaram Long Term Micro Cap Tax Advantage Fund Series VI Direct Plan - Payout of Income Distribution cum Capital Withdrawal (IDCW);INF903JA1BA1;;25.7433;;;20-May-2025
141565;Sundaram Long Term Micro Cap Tax Advantage Fund Series VI Regular Plan - Growth;INF903JA1AX5;;25.3812;;;20-May-2025
141566;Sundaram Long Term Micro Cap Tax Advantage Fund Series VI Regular Plan - Payout of Income Distribution cum Capital Withdrawal (IDCW);INF903JA1AY3;;24.5293;;;20-May-2025
141141;Sundaram Long Term Micro Cap Tax Advantage Fund Series V Direct Plan - Growth;INF903JA1955;;27.3271;;;20-May-2025
141142;Sundaram Long Term Micro Cap Tax Advantage Fund Series V Direct Plan - Payout of Income Distribution cum Capital Withdrawal (IDCW);INF903JA1963;;26.0168;;;20-May-2025
141139;Sundaram Long Term Micro Cap Tax Advantage Fund Series V Regular Plan - Growth;INF903JA1930;;26.5796;;;20-May-2025
141140;Sundaram Long Term Micro Cap Tax Advantage Fund Series V Regular Plan - Payout of Income Distribution cum Capital Withdrawal (IDCW);INF903JA1948;;25.2735;;;20-May-2025
142153;Sundaram Long Term Tax Advantage Fund Series III Direct Plan - Growth;INF903JA1BT1;;27.6278;;;20-May-2025
142154;Sundaram Long Term Tax Advantage Fund Series III Direct Plan - Payout of Income Distribution cum Capital Withdrawal (IDCW);INF903JA1BU9;;26.3017;;;20-May-2025
142151;Sundaram Long Term Tax Advantage Fund Series III Regular Plan - Growth;INF903JA1BR5;;26.7766;;;20-May-2025
142152;Sundaram Long Term Tax Advantage Fund Series III Regular Plan - Payout of Income Distribution cum Capital Withdrawal (IDCW);INF903JA1BS3;;25.4549;;;20-May-2025
143079;Sundaram Long Term Tax Advantage Fund Series IV Direct Plan - Growth;INF903JA1CZ6;;31.6978;;;20-May-2025
143080;Sundaram Long Term Tax Advantage Fund Series IV Direct Plan - Payout of Income Distribution cum Capital Withdrawal (IDCW);INF903JA1DA7;;29.1232;;;20-May-2025
143077;Sundaram Long Term Tax Advantage Fund Series IV Regular Plan - Growth;INF903JA1CX1;;31.0933;;;20-May-2025
143078;Sundaram Long Term Tax Advantage Fund Series IV Regular Plan - Payout of Income Distribution cum Capital Withdrawal (IDCW);INF903JA1CY9;;28.5331;;;20-May-2025
135682;Sundaram Long Term Tax Advantage Fund Series II Direct Plan - Growth;INF903J011W9;;36.5661;;;20-May-2025
135681;Sundaram Long Term Tax Advantage Fund Series II Direct Plan - Payout of Income Distribution cum Capital Withdrawal (IDCW);INF903J012W7;;28.2505;;;20-May-2025
135684;Sundaram Long Term Tax Advantage Fund Series II Regular Plan - Growth;INF903J019V4;;35.4770;;;20-May-2025
135683;Sundaram Long Term Tax Advantage Fund Series II Regular Plan - Payout of Income Distribution cum Capital Withdrawal (IDCW);INF903J010W1;;27.2621;;;20-May-2025
