Scheme Code;Scheme Name;Plan;Option;ISIN Div Payout/ISIN Growth;ISIN Div Reinvestment;Net Asset Value;Date

Open Ended Schemes ( Money Market )


Taurus Mutual Fund
139619;Taurus Investor Education Pool (Greater than 3 yrs);;;;;10.0000;19-Aug-2026
139618;Taurus Investor Education Pool (Greater than 3 yrs);;;;;10.0000;19-Aug-2026
139617;Taurus Unclaimed Dividend & Redemption Liability (Less than 3 yrs);;;;;17.7418;19-Aug-2026

Open Ended Schemes ( Equity Scheme - Multi Cap Fund )


Canara Robeco Mutual Fund
151824;Canara Robeco Multi Cap Fund;Direct Plan;Growth Option;INF760K01KO9;;15.8400;19-Aug-2026
151822;Canara Robeco Multi Cap Fund;Direct Plan;IDCW Option;INF760K01KQ4;INF760K01KP6;14.1600;19-Aug-2026
151821;Canara Robeco Multi Cap Fund;Regular Plan;Growth Option;INF760K01KR2;;15.1700;19-Aug-2026
151823;Canara Robeco Multi Cap Fund;Regular Plan;IDCW Option;INF760K01KT8;INF760K01KS0;13.5500;19-Aug-2026

quant Mutual Fund
100631;Quant Multi Cap Fund;Regular Plan;Growth Option;INF966L01234;;656.7007;19-Aug-2026
120823;Quant Multi Cap Fund;Direct Plan;Growth Option;INF966L01614;;724.4967;19-Aug-2026
120822;Quant Multi Cap Fund;Direct Plan;IDCW Option;INF966L01598;INF966L01606;83.9032;19-Aug-2026
100630;Quant Multi Cap Fund;Regular Plan;IDCW Option;INF966L01218;INF966L01226;75.102;19-Aug-2026

Sundaram Mutual Fund
149668;Sundaram Multi Cap Fund (Formerly Known as Principal Multi Cap Growth Fund);Direct Plan;IDCW (Income Distribution CUM Capital Withdrawal);INF173K01FN7;INF173K01FO5;88.2760;19-Aug-2026
149666;Sundaram Multi Cap Fund (Formerly Known as Principal Multi Cap Growth Fund);Regular Plan;IDCW (Income Distribution CUM Capital Withdrawal);INF173K01957;INF173K01965;64.6799;19-Aug-2026
149669;Sundaram Multi Cap Fund (Formerly Known as Principal Multi Cap Growth Fund);Direct Plan;GROWTH;INF173K01FQ0;;444.9671;19-Aug-2026
149667;Sundaram Multi Cap Fund (Formerly Known as Principal Multi Cap Growth Fund);Regular Plan;GROWTH;INF173K01940;;395.1431;19-Aug-2026

Open Ended Schemes ( Equity Scheme - Large Cap Fund )


Canara Robeco Mutual Fund
118269;Canara Robeco Large Cap Fund;Direct Plan;GROWTH OPTION;INF760K01FR2;;72.6800;19-Aug-2026
118270;Canara Robeco Large Cap Fund;Direct Plan;IDCW (Payout/Reinvestment);INF760K01FP6;INF760K01FQ4;52.9700;19-Aug-2026
113221;Canara Robeco Large Cap Fund;Regular Plan;GROWTH OPTION;INF760K01AR3;;62.1200;19-Aug-2026
113222;Canara Robeco Large Cap Fund;Regular Plan;IDCW (Payout/Reinvestment);INF760K01AS1;INF760K01AT9;28.6900;19-Aug-2026

JM Financial Mutual Fund
134958;JM Large Cap Fund;Direct Plan;Annual IDCW Option;INF192K01JU4;INF192K01JV2;74.334;19-Aug-2026
120490;JM Large Cap Fund;Direct Plan;Growth Option;INF192K01BZ0;;180.4581;19-Aug-2026
134957;JM Large Cap Fund;Direct Plan;Half Yearly IDCW Option;INF192K01JR0;INF192K01JZ3;73.8144;19-Aug-2026
120489;JM Large Cap Fund;Direct Plan;IDCW Option;INF192K01BX5;INF192K01BY3;72.4518;19-Aug-2026
134956;JM Large Cap Fund;Direct Plan;Monthly IDCW Option;INF192K01JJ7;INF192K01JK5;73.6604;19-Aug-2026
134960;JM Large Cap Fund;Direct Plan;Quarterly IDCW Option;INF192K01JN9;INF192K01JO7;74.3472;19-Aug-2026
134961;JM Large Cap Fund;Regular Plan;Annual IDCW Option;INF192K01JS8;INF192K01JT6;30.9645;19-Aug-2026
100219;JM Large Cap Fund;Regular Plan;Growth Option;INF192K01601;;155.1154;19-Aug-2026
134955;JM Large Cap Fund;Regular Plan;Half Yearly IDCW Option;INF192K01JP4;INF192K01JQ2;25.4283;19-Aug-2026
100218;JM Large Cap Fund;Regular Plan;IDCW Option;INF192K01585;INF192K01593;30.1116;19-Aug-2026
134959;JM Large Cap Fund;Regular Plan;Monthly IDCW Option;INF192K01JH1;INF192K01JI9;24.102;19-Aug-2026
134954;JM Large Cap Fund;Regular Plan;Quarterly IDCW Option;INF192K01JL3;INF192K01JM1;35.0053;19-Aug-2026

quant Mutual Fund
150440;quant Large Cap Fund;Direct Plan;Growth Option;INF966L01AT0;;16.8842;19-Aug-2026
150441;quant Large Cap Fund;Regular Plan;Growth Option;INF966L01AW4;;15.8533;19-Aug-2026
150439;quant Large Cap Fund;Direct Plan;IDCW Option;INF966L01AU8;INF966L01AV6;16.9539;19-Aug-2026
150442;quant Large Cap Fund;Regular Plan;IDCW Option;INF966L01AX2;INF966L01AY0;15.7655;19-Aug-2026

Sundaram Mutual Fund
148509;Sundaram Large Cap Fund ( Formerly Know as Sundaram Blue Chip Fund);Direct Plan;IDCW (Income Distribution CUM Capital Withdrawal);;INF903JA1JE6;16.6135;19-Aug-2026
148505;Sundaram Large Cap Fund ( Formerly Know as Sundaram Blue Chip Fund);Regular Plan;IDCW (Income Distribution CUM Capital Withdrawal);INF903JA1JA4;;15.2418;19-Aug-2026
148508;Sundaram Large Cap Fund ( Formerly Know as Sundaram Blue Chip Fund);Direct Plan;IDCW (Income Distribution CUM Capital Withdrawal);INF903JA1JD8;;16.6135;19-Aug-2026
148506;Sundaram Large Cap Fund ( Formerly Know as Sundaram Blue Chip Fund);Regular Plan;IDCW (Income Distribution CUM Capital Withdrawal);;INF903JA1JB2;15.2418;19-Aug-2026
148507;Sundaram Large Cap Fund ( Formerly Know as Sundaram Blue Chip Fund);Direct Plan;GROWTH;INF903JA1JC0;;22.8816;19-Aug-2026
148504;Sundaram Large Cap Fund ( Formerly Know as Sundaram Blue Chip Fund);Regular Plan;GROWTH;INF903JA1IZ3;;21.0259;19-Aug-2026

Taurus Mutual Fund
118870;Taurus Large Cap Fund;;;INF044D01BX3;;175.62;19-Aug-2026
118871;Taurus Large Cap Fund;;;INF044D01BY1;INF044D01BZ8;77.35;19-Aug-2026
101209;Taurus Large Cap Fund;;;INF044D01773;;165.63;19-Aug-2026
108403;Taurus Large Cap Fund;;;INF044D01740;INF044D01757;72.56;19-Aug-2026

Open Ended Schemes ( Equity Scheme - Large & Mid Cap Fund )


Abakkus Mutual Fund
154477;Abakkus Large & Mid Cap Fund;Direct Plan;Growth;INF2JJD01193;;10.0060;19-Aug-2026
154478;Abakkus Large & Mid Cap Fund;Regular Plan;Growth;INF2JJD01201;;9.9990;19-Aug-2026

Canara Robeco Mutual Fund
118278;Canara Robeco Large and Mid Cap Fund;Direct Plan;GROWTH OPTION;INF760K01EI4;;301.6400;19-Aug-2026
118277;Canara Robeco Large and Mid Cap Fund;Direct Plan;IDCW (Payout/Reinvestment);INF760K01EG8;INF760K01EH6;130.1700;19-Aug-2026
102920;Canara Robeco Large and Mid Cap Fund;Regular Plan;GROWTH OPTION;INF760K01167;;260.5200;19-Aug-2026
102921;Canara Robeco Large and Mid Cap Fund;Regular Plan;IDCW (Payout/Reinvestment);INF760K01175;INF760K01183;84.6200;19-Aug-2026

JM Financial Mutual Fund
153629;JM Large & Mid Cap Fund;Direct Plan;Growth Option;INF192K01NK7;;10.9557;19-Aug-2026
153630;JM Large & Mid Cap Fund;Direct Plan;IDCW Option;INF192K01NP6;INF192K01NL5;10.9557;19-Aug-2026
153627;JM Large & Mid Cap Fund;Regular Plan;Growth Option;INF192K01NM3;;10.7572;19-Aug-2026
153628;JM Large & Mid Cap Fund;Regular Plan;IDCW Option;INF192K01NO9;INF192K01NN1;10.7572;19-Aug-2026

Navi Mutual Fund
141414;Navi Large & Midcap Fund;Direct Plan;Annual IDCW Payout;INF959L01CR5;INF959L01CS3;44.5579;19-Aug-2026
141415;Navi Large & Midcap Fund;Direct Plan;Half Yearly IDCW Payout;INF959L01CP9;INF959L01CQ7;44.5972;19-Aug-2026
135679;Navi Large & Midcap Fund;Direct Plan;IDCW Payout;INF959L01CI4;INF959L01CJ2;44.7112;19-Aug-2026
141411;Navi Large & Midcap Fund;Regular Plan;Annual IDCW payout;INF959L01CV7;INF959L01CW5;38.1697;19-Aug-2026
141410;Navi Large & Midcap Fund;Regular Plan;Half Yearly IDCW Payout	;INF959L01CT1;INF959L01CU9;37.1213;19-Aug-2026
135680;Navi Large & Midcap Fund;Regular Plan;Normal IDCW Payout;INF959L01CL8;INF959L01CM6;37.1076;19-Aug-2026
135677;Navi Large & Midcap Fund;Direct Plan;Growth;INF959L01CH6;;45.257;19-Aug-2026
135678;Navi Large & Midcap Fund;Regular Plan;Growth;INF959L01CK0;;37.112;19-Aug-2026

quant Mutual Fund
104513;Quant Large & Mid Cap Fund;Regular Plan;Growth Option;INF966L01341;;125.3514;19-Aug-2026
120826;Quant Large & Mid Cap Fund;Direct Plan;Growth Option;INF966L01648;;139.0615;19-Aug-2026
120825;Quant Large & Mid Cap Fund;Direct Plan;IDCW Option;INF966L01622;INF966L01630;64.75;19-Aug-2026
104514;Quant Large & Mid Cap Fund;Regular Plan;IDCW Option;INF966L01325;INF966L01333;76.5143;19-Aug-2026

Sundaram Mutual Fund
119565;Sundaram Large and Midcap Fund;Direct Plan;IDCW (Income Distribution CUM Capital Withdrawal);INF903J01PP3;INF903J01PQ1;37.2624;19-Aug-2026
119566;Sundaram Large and Midcap Fund;Direct Plan;GROWTH;INF903J01PR9;;108.0172;19-Aug-2026
105001;Sundaram Large and Midcap Fund;Regular Plan;GROWTH;INF903J01DT1;;94.9395;19-Aug-2026
105000;Sundaram Large and Midcap Fund;Regular Plan;IDCW (Income Distribution CUM Capital Withdrawal);INF903J01DU9;INF903J01DV7;32.0417;19-Aug-2026

The Wealth Company Mutual Fund
154381;The Wealth Company Large & Mid Cap Fund;Direct Plan;Growth;INF2F0001594;;10.4669;19-Aug-2026
154380;The Wealth Company Large & Mid Cap Fund;Direct Plan;IDCW;INF2F0001602;INF2F0001610;10.4663;19-Aug-2026
154382;The Wealth Company Large & Mid Cap Fund;Regular Plan;Growth;INF2F0001560;;10.4259;19-Aug-2026
154379;The Wealth Company Large & Mid Cap Fund;Regular Plan;IDCW;INF2F0001578;INF2F0001586;10.426;19-Aug-2026

Open Ended Schemes ( Equity Scheme - Mid Cap Fund )


Canara Robeco Mutual Fund
150817;Canara Robeco Mid Cap Fund;Direct Plan;Growth Option;INF760K01KI1;;19.5700;19-Aug-2026
150818;Canara Robeco Mid Cap Fund;Direct Plan;IDCW;INF760K01KK7;INF760K01KJ9;18.0200;19-Aug-2026
150816;Canara Robeco Mid Cap Fund;Regular Plan;Growth Option;INF760K01KL5;;18.5900;19-Aug-2026
150819;Canara Robeco Mid Cap Fund;Regular Plan;IDCW;INF760K01KN1;INF760K01KM3;17.1000;19-Aug-2026

JM Financial Mutual Fund
150815;JM Midcap Fund;Direct Plan;Growth Option;INF192K01MV6;;22.8496;19-Aug-2026
150814;JM Midcap Fund;Direct Plan;IDCW Option;INF192K01MW4;INF192K01MX2;22.8495;19-Aug-2026
150812;JM Midcap Fund;Regular Plan;Growth Option;INF192K01MS2;;21.4245;19-Aug-2026
150813;JM Midcap Fund;Regular Plan;IDCW Option;INF192K01MT0;INF192K01MU8;21.4245;19-Aug-2026

quant Mutual Fund
120841;Quant Mid Cap Fund;Direct Plan;Growth Option;INF966L01887;;250.7135;19-Aug-2026
101065;Quant Mid Cap Fund;Regular Plan;Growth Option;INF966L01176;;220.9771;19-Aug-2026
120840;Quant Mid Cap Fund;Direct Plan;IDCW Option;INF966L01861;INF966L01879;88.0606;19-Aug-2026
101066;Quant Mid Cap Fund;Regular Plan;IDCW Option;INF966L01150;INF966L01168;78.5581;19-Aug-2026

Sundaram Mutual Fund
119581;Sundaram Mid Cap Fund;Direct Plan;GROWTH;INF903J01MJ3;;1677.9317;19-Aug-2026
119582;Sundaram Mid Cap Fund;Direct Plan;IDCW (Income Distribution CUM Capital Withdrawal);INF903J01MH7;INF903J01MI5;73.4829;19-Aug-2026
101539;Sundaram Mid Cap Fund;Regular Plan;GROWTH;INF903J01173;;1522.8920;19-Aug-2026
101538;Sundaram Mid Cap Fund;Regular Plan;IDCW (Income Distribution CUM Capital Withdrawal);INF903J01181;INF903J01199;65.7256;19-Aug-2026

Taurus Mutual Fund
118872;Taurus Mid Cap Fund;;;INF044D01CA9;;135.88;19-Aug-2026
118873;Taurus Mid Cap Fund;;;INF044D01CB7;INF044D01CC5;120.71;19-Aug-2026
100477;Taurus Mid Cap Fund;;;INF044D01815;;128.07;19-Aug-2026
111642;Taurus Mid Cap Fund;;;INF044D01781;INF044D01799;114.16;19-Aug-2026

Open Ended Schemes ( Equity Scheme - Small Cap Fund )


Abakkus Mutual Fund
154215;Abakkus Small Cap Fund;Direct Plan;Growth;INF2JJD01177;;12.5300;19-Aug-2026
154214;Abakkus Small Cap Fund;Regular Plan;Growth;INF2JJD01185;;12.4580;19-Aug-2026

Canara Robeco Mutual Fund
146130;Canara Robeco Small Cap Fund;Direct Plan;GROWTH OPTION;INF760K01JC6;;46.2100;19-Aug-2026
146131;Canara Robeco Small Cap Fund;Direct Plan;IDCW (Payout/Reinvestment);INF760K01JD4;INF760K01JE2;40.0200;19-Aug-2026
146127;Canara Robeco Small Cap Fund;Regular Plan;GROWTH OPTION;INF760K01JF9;;41.2900;19-Aug-2026
146128;Canara Robeco Small Cap Fund;Regular Plan;IDCW (Payout/Reinvestment);INF760K01JG7;INF760K01JH5;35.3500;19-Aug-2026

JM Financial Mutual Fund
152614;JM Small Cap Fund;Direct Plan;Growth Option;INF192K01NH3;;12.0008;19-Aug-2026
152615;JM Small Cap Fund;Direct Plan;IDCW Option;INF192K01NI1;INF192K01NJ9;12.001;19-Aug-2026
152612;JM Small Cap Fund;Regular Plan;Growth Option;INF192K01NE0;;11.5751;19-Aug-2026
152613;JM Small Cap Fund;Regular Plan;IDCW Option;INF192K01NF7;INF192K01NG5;11.5752;19-Aug-2026

quant Mutual Fund
100177;Quant Small Cap Fund;Regular Plan;Growth Option;INF966L01AA0;;285.9106;19-Aug-2026
120828;Quant Small Cap Fund;Direct Plan;Growth Option;INF966L01689;;313.538;19-Aug-2026
120827;Quant Small Cap Fund;Direct Plan;IDCW Option;INF966L01663;INF966L01671;245.0895;19-Aug-2026
100176;Quant Small Cap Fund;Regular Plan;IDCW Option;INF206A01022;INF966L01044;227.3713;19-Aug-2026

Sundaram Mutual Fund
119589;Sundaram Small Cap Fund;Direct Plan;GROWTH;INF903J01NK9;;333.1133;19-Aug-2026
119588;Sundaram Small Cap Fund;Direct Plan;GROWTH;INF903J01NI3;INF903J01NJ1;41.0538;19-Aug-2026
100795;Sundaram Small Cap Fund;Regular Plan;IDCW (Income Distribution CUM Capital Withdrawal);INF903J01470;;297.3965;19-Aug-2026
100794;Sundaram Small Cap Fund;Regular Plan;GROWTH;INF903J01454;INF903J01462;35.6470;19-Aug-2026

The Wealth Company Mutual Fund
154269;The Wealth Company Small Cap Fund;Direct Plan;Growth;INF2F0001537;;11.8876;19-Aug-2026
154270;The Wealth Company Small Cap Fund;Direct Plan;IDCW;INF2F0001545;INF2F0001552;11.8891;19-Aug-2026
154268;The Wealth Company Small Cap Fund;Regular Plan;Growth;INF2F0001503;;11.7979;19-Aug-2026
154267;The Wealth Company Small Cap Fund;Regular Plan;IDCW;INF2F0001511;INF2F0001529;11.7972;19-Aug-2026

Open Ended Schemes ( Equity Scheme - Dividend Yield Fund )


Sundaram Mutual Fund
149700;Sundaram Dividend Yield Fund (Formerly Known as Principal Dividend Yield Fund);Direct Plan;GROWTH;INF173K01EV3;;145.1554;19-Aug-2026
149699;Sundaram Dividend Yield Fund (Formerly Known as Principal Dividend Yield Fund);Direct Plan;IDCW (Income Distribution CUM Capital Withdrawal);INF173K01ES9;INF173K01ET7;60.5873;19-Aug-2026
149698;Sundaram Dividend Yield Fund (Formerly Known as Principal Dividend Yield Fund);Regular Plan;IDCW (Income Distribution CUM Capital Withdrawal);INF173K01AD9;INF173K01AE7;35.6993;19-Aug-2026
149697;Sundaram Dividend Yield Fund (Formerly Known as Principal Dividend Yield Fund);Regular Plan;GROWTH;INF173K01AC1;;131.2923;19-Aug-2026

Open Ended Schemes ( Equity Scheme - Value Fund )


Canara Robeco Mutual Fund
149085;Canara Robeco Value Fund;Direct Plan;Growth Option;INF760K01JW4;;19.6200;19-Aug-2026
149086;Canara Robeco Value Fund;Direct Plan;IDCW (Payout/Reinvestment);INF760K01JY0;INF760K01JX2;17.5200;19-Aug-2026
149088;Canara Robeco Value Fund;Regular Plan;Growth Option;INF760K01JZ7;;18.1600;19-Aug-2026
149087;Canara Robeco Value Fund;Regular Plan;IDCW (Payout/Reinvestment);INF760K01KB6;INF760K01KA8;16.2200;19-Aug-2026

JM Financial Mutual Fund
120486;JM Value Fund;Direct Plan;Growth Option;INF192K01BT3;;110.444;19-Aug-2026
120485;JM Value Fund;Direct Plan;IDCW Option;INF192K01BR7;INF192K01BS5;75.2499;19-Aug-2026
100254;JM Value Fund;Regular Plan;Growth Option;INF137A01037;;97.0824;19-Aug-2026
106168;JM Value Fund;Regular Plan;IDCW Option;INF137A01011;INF137A01029;67.7915;19-Aug-2026

quant Mutual Fund
149335;Quant Value Fund;Direct Plan;Growth Option;INF966L01AN3;;23.882;19-Aug-2026
149337;Quant Value Fund;Regular Plan;Growth Option;INF966L01AQ6;;22.1076;19-Aug-2026
149338;Quant Value Fund;Direct Plan;IDCW Option;INF966L01AO1;INF966L01AP8;22.6908;19-Aug-2026
149336;Quant Value Fund;Regular Plan;IDCW Option;INF966L01AR4;INF966L01AS2;22.2287;19-Aug-2026

Sundaram Mutual Fund
119549;Sundaram Value Fund;Direct Plan;GROWTH;INF903J01NN3;;225.3134;19-Aug-2026
119548;Sundaram Value Fund;Direct Plan;IDCW (Income Distribution CUM Capital Withdrawal);INF903J01NL7;INF903J01NM5;18.4343;19-Aug-2026
101853;Sundaram Value Fund;Regular Plan;GROWTH;INF903J01538;;211.4669;19-Aug-2026
100614;Sundaram Value Fund;Regular Plan;IDCW (Income Distribution CUM Capital Withdrawal);INF903J01512;INF903J01520;15.0777;19-Aug-2026

Open Ended Schemes ( Equity Scheme - Focused Fund )


Canara Robeco Mutual Fund
148883;Canara Robeco Focused Fund;Direct Plan;Growth Option;INF760K01JQ6;;21.6400;19-Aug-2026
148882;Canara Robeco Focused Fund;Direct Plan;IDCW (Payout/Reinvestment);INF760K01JS2;INF760K01JR4;18.4000;19-Aug-2026
148884;Canara Robeco Focused Fund;Regular Plan;Growth Option;INF760K01JT0;;19.9600;19-Aug-2026
148885;Canara Robeco Focused Fund;Regular Plan;IDCW (Payout/Reinvestment);INF760K01JV6;INF760K01JU8;16.9000;19-Aug-2026

JM Financial Mutual Fund
120488;JM Focused Fund;Direct Plan;Growth Option;INF192K01BW7;;24.5468;19-Aug-2026
120487;JM Focused Fund;Direct Plan;IDCW Option;INF192K01BU1;INF192K01BV9;24.0565;19-Aug-2026
107410;JM Focused Fund;Regular Plan;Growth Option;INF192K01577;;20.669;19-Aug-2026
107409;JM Focused Fund;Regular Plan;IDCW Option;INF192K01551;INF192K01569;20.6682;19-Aug-2026

Old Bridge Mutual Fund
152358;Old Bridge Focused Fund;Direct Plan;Direct Growth;INF0S5R01042;;14.15;19-Aug-2026
152359;Old Bridge Focused Fund;Direct Plan;Direct - IDCW;INF0S5R01059;INF0S5R01067;14.15;19-Aug-2026
152361;Old Bridge Focused Fund;Regular Plan;Regular Growth;INF0S5R01034;;13.77;19-Aug-2026
152363;Old Bridge Focused Fund;Regular Plan;Regular IDCW;INF0S5R01018;INF0S5R01026;13.77;19-Aug-2026

quant Mutual Fund
109275;Quant Focused Fund;Regular Plan;Growth Option;INF966L01374;;93.1236;19-Aug-2026
120834;Quant Focused Fund;Direct Plan;Growth Option;INF966L01853;;104.9724;19-Aug-2026
120835;Quant Focused Fund;Direct Plan;IDCW Option;INF966L01838;INF966L01846;61.3632;19-Aug-2026
109274;Quant Focused Fund;Regular Plan;IDCW Option;INF966L01358;INF966L01366;69.242;19-Aug-2026

Sundaram Mutual Fund
149533;Sundaram Focused Fund (Formerly Known as Principal Focused Multicap Fund);Direct Plan;GROWTH;INF173K01EK6;;189.3060;19-Aug-2026
149534;Sundaram Focused Fund (Formerly Known as Principal Focused Multicap Fund);Direct Plan;IDCW (Income Distribution CUM Capital Withdrawal);INF173K01EM2;INF173K01EL4;44.3656;19-Aug-2026
149531;Sundaram Focused Fund (Formerly Known as Principal Focused Multicap Fund);Regular Plan;IDCW (Income Distribution CUM Capital Withdrawal);INF173K01197;INF173K01205;40.3353;19-Aug-2026
149532;Sundaram Focused Fund (Formerly Known as Principal Focused Multicap Fund);Regular Plan;GROWTH;INF173K01189;;169.1223;19-Aug-2026

Open Ended Schemes ( Equity Scheme - Sectoral/ Thematic )


Canara Robeco Mutual Fund
154250;Canara Robeco Banking and Financial Services Fund;Direct Plan;Growth;INF760K01LN9;;11.0800;19-Aug-2026
154251;Canara Robeco Banking and Financial Services Fund;Direct Plan;IDCW;INF760K01LP4;INF760K01LR0;11.0800;19-Aug-2026
154248;Canara Robeco Banking and Financial Services Fund;Regular Plan;Growth;INF760K01LM1;;11.0000;19-Aug-2026
154249;Canara Robeco Banking and Financial Services Fund;Regular Plan;IDCW;INF760K01LO7;INF760K01LQ2;11.0000;19-Aug-2026
118273;Canara Robeco Consumption Fund;Direct Plan;GROWTH OPTION;INF760K01DU1;;127.6500;19-Aug-2026
118274;Canara Robeco Consumption Fund;Direct Plan;IDCW (Payout/Reinvestment);INF760K01DS5;INF760K01DT3;82.8500;19-Aug-2026
112152;Canara Robeco Consumption Fund;Regular Plan;GROWTH OPTION;INF760K01241;;109.5300;19-Aug-2026
112153;Canara Robeco Consumption Fund;Regular Plan;IDCW (Payout/Reinvestment);INF760K01225;INF760K01233;44.7500;19-Aug-2026
118267;Canara Robeco Infrastructure;Direct Plan;GROWTH OPTION;INF760K01FO9;;192.2400;19-Aug-2026
118268;Canara Robeco Infrastructure;Direct Plan;IDCW (Payout/Reinvestment);INF760K01FM3;INF760K01FN1;91.7900;19-Aug-2026
103390;Canara Robeco Infrastructure;Regular Plan;GROWTH OPTION;INF760K01274;;168.6600;19-Aug-2026
103389;Canara Robeco Infrastructure;Regular Plan;IDCW (Payout/Reinvestment);INF760K01258;INF760K01266;64.7400;19-Aug-2026
152450;Canara Robeco Manufacturing Fund;Direct Plan;Growth Option;INF760K01KZ5;;14.6900;19-Aug-2026
152449;Canara Robeco Manufacturing Fund;Direct Plan;IDWC Option;INF760K01KY8;INF760K01KX0;14.6900;19-Aug-2026
152447;Canara Robeco Manufacturing Fund;Regular Plan;Growth Option;INF760K01KU6;;14.2100;19-Aug-2026
152448;Canara Robeco Manufacturing Fund;Regular Plan;IDWC Option;INF760K01KW2;INF760K01KV4;14.2000;19-Aug-2026

quant Mutual Fund
151791;quant BFSI Fund;Direct Plan;Growth Option;INF966L01BX0;;21.2506;19-Aug-2026
151788;quant BFSI Fund;Regular Plan;Growth Option;INF966L01CA6;;20.1965;19-Aug-2026
151790;quant BFSI Fund;Direct Plan;IDCW Option;INF966L01BY8;INF966L01BZ5;21.2742;19-Aug-2026
151789;quant BFSI Fund;Regular Plan;IDCW Option;INF966L01CB4;INF966L01CC2;20.195;19-Aug-2026
151757;quant Business Cycle Fund;Direct Plan;Growth Option;INF966L01BR2;;17.0622;19-Aug-2026
151758;quant Business Cycle Fund;Regular Plan;Growth Option;INF966L01BU6;;16.2305;19-Aug-2026
151759;quant Business Cycle Fund;Direct Plan;IDCW Option;INF966L01BS0;INF966L01BT8;17.0496;19-Aug-2026
151760;quant Business Cycle Fund;Regular Plan;IDCW Option;INF966L01BV4;INF966L01BW2;16.2461;19-Aug-2026
152255;quant Commodities Fund;Direct Plan;Growth Option;INF966L01DF3;;15.2521;19-Aug-2026
152256;quant Commodities Fund;Regular Plan;Growth Option;INF966L01DC0;;14.657;19-Aug-2026
152257;quant Commodities Fund;Direct Plan;IDCW Option;INF966L01DG1;INF966L01DH9;15.2472;19-Aug-2026
152258;quant Commodities Fund;Regular Plan;IDCW Option;INF966L01DD8;INF966L01DE6;14.6547;19-Aug-2026
152336;quant Consumption Fund;Direct Plan;Growth Option;INF966L01DN7;;10.474;19-Aug-2026
152338;quant Consumption Fund;Regular Plan;Growth Option;INF966L01DI7;;10.0672;19-Aug-2026
152339;quant Consumption Fund;Direct Plan;IDCW Option;INF966L01DO5;INF966L01DP2;10.4787;19-Aug-2026
152337;quant Consumption Fund;Regular Plan;IDCW Option;INF966L01DL1;INF966L01DM9;10.0711;19-Aug-2026
148564;quant ESG Integration Strategy Fund;Direct Plan;Growth Option;INF966L01AD4;;42.4707;19-Aug-2026
148560;quant ESG Integration Strategy Fund;Regular Plan;Growth Option;INF966L01AB8;;38.8408;19-Aug-2026
148563;quant ESG Integration Strategy Fund;Direct Plan;IDCW Option;INF966L01AE2;INF966L01AG7;42.4165;19-Aug-2026
148561;quant ESG Integration Strategy Fund;Regular Plan;IDCW Option;INF966L01AC6;INF966L01AF9;38.6522;19-Aug-2026
151853;quant Healthcare Fund;Direct Plan;Growth Option;INF966L01CD0;;19.0241;19-Aug-2026
151855;quant Healthcare Fund;Regular Plan;Growth Option;INF966L01CG3;;18.0878;19-Aug-2026
151854;quant Healthcare Fund;Direct Plan;IDCW Option;INF966L01CE8;INF966L01CF5;19.0221;19-Aug-2026
151856;quant Healthcare Fund;Regular Plan;IDCW Option;INF966L01CH1;INF966L01CI9;18.0869;19-Aug-2026
106170;Quant Infrastructure Fund;Regular Plan;Growth Option;INF966L01523;;41.4255;19-Aug-2026
120833;Quant Infrastructure Fund;Direct Plan;Growth Option;INF966L01721;;46.061;19-Aug-2026
120832;Quant Infrastructure Fund;Direct Plan;IDCW Option;INF966L01705;INF966L01713;46.0237;19-Aug-2026
106169;Quant Infrastructure Fund;Regular Plan;IDCW Option;INF966L01507;INF966L01515;41.3327;19-Aug-2026
151916;quant Manufacturing Fund;Direct Plan;Growth Option;INF966L01CJ7;;17.4158;19-Aug-2026
151913;quant Manufacturing Fund;Regular Plan;Growth Option;INF966L01CN9;;16.6336;19-Aug-2026
151914;quant Manufacturing Fund;Direct Plan;IDCW Option;INF966L01CK5;INF966L01CL3;17.411;19-Aug-2026
151915;quant Manufacturing Fund;Regular Plan;IDCW Option;INF966L01CO7;INF966L01CP4;16.7605;19-Aug-2026
152189;quant Momentum Fund;Direct Plan;Growth Option;INF966L01CZ3;;15.7267;19-Aug-2026
152190;quant Momentum Fund;Regular Plan;Growth Option;INF966L01CW0;;15.1853;19-Aug-2026
152192;quant Momentum Fund;Direct Plan;IDCW Option;INF966L01DA4;INF966L01DB2;15.7107;19-Aug-2026
152191;quant Momentum Fund;Regular Plan;IDCW Option;INF966L01CX8;INF966L01CY6;15.1371;19-Aug-2026
152415;quant PSU Fund;Direct Plan;Growth Option;INF966L01DT4;;10.8311;19-Aug-2026
152413;quant PSU Fund;Regular Plan;Growth Option;INF966L01DQ0;;10.4572;19-Aug-2026
152416;quant PSU Fund;Direct Plan;IDCW Option;INF966L01DU2;INF966L01DV0;10.8373;19-Aug-2026
152414;quant PSU Fund;Regular Plan;IDCW Option;INF966L01DR8;INF966L01DS6;10.4569;19-Aug-2026
148925;quant Quantamental Fund;Direct Plan;Growth Option;INF966L01AK9;;26.8272;19-Aug-2026
148923;quant Quantamental Fund;Regular Plan;Growth Option;INF966L01AH5;;24.7565;19-Aug-2026
148924;quant Quantamental Fund;Direct Plan;IDCW Option;INF966L01AL7;INF966L01AM5;26.9746;19-Aug-2026
148922;quant Quantamental Fund;Regular Plan;IDCW Option;INF966L01AI3;INF966L01AJ1;24.7853;19-Aug-2026
152067;quant Teck Fund;Direct Plan;Growth Option;INF966L01CT6;;11.795;19-Aug-2026
152070;quant Teck Fund;Regular Plan;Growth Option;INF966L01CQ2;;11.2572;19-Aug-2026
152068;quant Teck Fund;Direct Plan;IDCW Option;INF966L01CU4;INF966L01CV2;11.7886;19-Aug-2026
152069;quant Teck Fund;Regular Plan;IDCW Option;INF966L01CR0;INF966L01CS8;11.2588;19-Aug-2026

Sundaram Mutual Fund
152677;Sundaram Business Cycle Fund;Direct Plan;GROWTH;INF903JA1LQ6;;11.9521;19-Aug-2026
152676;Sundaram Business Cycle Fund;Direct Plan;IDCW (Income Distribution CUM Capital Withdrawal);INF903JA1LR4;;11.9521;19-Aug-2026
152673;Sundaram Business Cycle Fund;Direct Plan;IDCW (Income Distribution CUM Capital Withdrawal);;INF903JA1LS2;11.9521;19-Aug-2026
152678;Sundaram Business Cycle Fund;Regular Plan;GROWTH;INF903JA1LN3;;11.5595;19-Aug-2026
152674;Sundaram Business Cycle Fund;Regular Plan;IDCW (Income Distribution CUM Capital Withdrawal);INF903JA1LO1;;11.5595;19-Aug-2026
152675;Sundaram Business Cycle Fund;Regular Plan;IDCW (Income Distribution CUM Capital Withdrawal);;INF903JA1LP8;11.5595;19-Aug-2026
119595;Sundaram Consumption Fund (Formerly Known as Sundaram Rural and Consumption Fund);Direct Plan;GROWTH;INF903J01NH5;;107.7135;19-Aug-2026
103743;Sundaram Consumption Fund (Formerly Known as Sundaram Rural and Consumption Fund);Regular Plan;IDCW (Income Distribution CUM Capital Withdrawal);INF903J01546;INF903J01553;25.4328;19-Aug-2026
119594;Sundaram Consumption Fund (Formerly Known as Sundaram Rural and Consumption Fund);Direct Plan;IDCW (Income Distribution CUM Capital Withdrawal);INF903J01NF9;INF903J01NG7;28.6440;19-Aug-2026
102142;Sundaram Consumption Fund (Formerly Known as Sundaram Rural and Consumption Fund);Regular Plan;GROWTH;INF903J01561;;97.3099;19-Aug-2026
119597;Sundaram Financial Services Opportunities Fund;Direct Plan;GROWTH;INF903J01NB8;;124.0429;19-Aug-2026
119596;Sundaram Financial Services Opportunities Fund;Direct Plan;IDCW (Income Distribution CUM Capital Withdrawal);INF903J01MZ9;INF903J01NA0;33.8264;19-Aug-2026
109059;Sundaram Financial Services Opportunities Fund;Regular Plan;GROWTH;INF903J01629;;108.3680;19-Aug-2026
109058;Sundaram Financial Services Opportunities Fund;Regular Plan;IDCW (Income Distribution CUM Capital Withdrawal);INF903J01603;INF903J01611;29.0423;19-Aug-2026
129212;Sundaram Infrastructure Advantage Fund (Erstwhile Sundaram Capex Opportunities);Direct Plan;GROWTH;INF903J01F92;;109.4309;19-Aug-2026
129211;Sundaram Infrastructure Advantage Fund (Erstwhile Sundaram Capex Opportunities);Direct Plan;IDCW (Income Distribution CUM Capital Withdrawal);INF903J01G00;INF903J01G18;63.0071;19-Aug-2026
129213;Sundaram Infrastructure Advantage Fund (Erstwhile Sundaram Capex Opportunities);Regular Plan;GROWTH;INF903J01F68;;101.7534;19-Aug-2026
129210;Sundaram Infrastructure Advantage Fund (Erstwhile Sundaram Capex Opportunities);Regular Plan;IDCW (Income Distribution CUM Capital Withdrawal);INF903J01F76;INF903J01F84;58.2732;19-Aug-2026
153669;Sundaram Multi-Factor Fund;Direct Plan;GROWTH;INF903JA1LV6;;9.9426;19-Aug-2026
153670;Sundaram Multi-Factor Fund;Direct Plan;IDCW (Income Distribution CUM Capital Withdrawal);INF903JA1LU8;;9.9426;19-Aug-2026
153666;Sundaram Multi-Factor Fund;Direct Plan;IDCW (Income Distribution CUM Capital Withdrawal);;INF903JA1LT0;9.9426;19-Aug-2026
153667;Sundaram Multi-Factor Fund;Regular Plan;GROWTH;INF903JA1LY0;;9.7727;19-Aug-2026
153671;Sundaram Multi-Factor Fund;Regular Plan;IDCW (Income Distribution CUM Capital Withdrawal);INF903JA1LX2;;9.7727;19-Aug-2026
153668;Sundaram Multi-Factor Fund;Regular Plan;IDCW (Income Distribution CUM Capital Withdrawal);;INF903JA1LW4;9.7727;19-Aug-2026

Taurus Mutual Fund
118868;Taurus Banking & Financial Services Fund;;;INF044D01CN2;;59.29;19-Aug-2026
118869;Taurus Banking & Financial Services Fund;;;INF044D01CO0;INF044D01CP7;58.61;19-Aug-2026
117312;Taurus Banking & Financial Services Fund;;;INF044D01BI4;;52.63;19-Aug-2026
117313;Taurus Banking & Financial Services Fund;;;INF044D01BJ2;INF044D01BK0;47.11;19-Aug-2026
111903;Taurus Ethical Fund;;;INF044D01823;;128.86;19-Aug-2026
118876;Taurus Ethical Fund;;;INF044D01CJ0;;147.44;19-Aug-2026
118877;Taurus Ethical Fund;;;INF044D01CK8;INF044D01CL6;98.97;19-Aug-2026
111787;Taurus Ethical Fund;;;INF044D01864;;128.88;19-Aug-2026
111788;Taurus Ethical Fund;;;INF044D01831;INF044D01849;87.12;19-Aug-2026
118878;Taurus Ethical Fund;;;INF044D01CM4;;48.32;19-Aug-2026
118879;Taurus Infrastructure Fund;;;INF044D01CD3;;68.17;19-Aug-2026
118880;Taurus Infrastructure Fund;;;INF044D01CE1;INF044D01CF8;63.49;19-Aug-2026
105417;Taurus Infrastructure Fund;;;INF044D01906;;63.15;19-Aug-2026
105418;Taurus Infrastructure Fund;;;INF044D01872;INF044D01880;59.32;19-Aug-2026

The Wealth Company Mutual Fund
153895;THE WEALTH COMPANY ETHICAL FUND;Direct Plan;Growth;INF2F0001214;;9.9963;19-Aug-2026
153898;THE WEALTH COMPANY ETHICAL FUND;Direct Plan;IDCW;INF2F0001206;INF2F0001198;9.9969;19-Aug-2026
153897;THE WEALTH COMPANY ETHICAL FUND;Regular Plan;Growth;INF2F0001248;;9.8683;19-Aug-2026
153896;THE WEALTH COMPANY ETHICAL FUND;Regular Plan;IDCW;INF2F0001230;INF2F0001222;9.8677;19-Aug-2026

Open Ended Schemes ( Equity Scheme - ELSS )


Canara Robeco Mutual Fund
118285;Canara Robeco ELSS Tax Saver;Direct Plan;GROWTH OPTION;INF760K01EL8;;203.8800;19-Aug-2026
118286;Canara Robeco ELSS Tax Saver;Direct Plan;IDCW (Payout);INF760K01EJ2;INF760K01EK0;79.0500;19-Aug-2026
111722;Canara Robeco ELSS Tax Saver;Regular Plan;GROWTH OPTION;INF760K01100;;180.2100;19-Aug-2026
100593;Canara Robeco ELSS Tax Saver;Regular Plan;IDCW (Payout);INF760K01084;INF760K01092;48.2000;19-Aug-2026

JM Financial Mutual Fund
120494;JM ELSS Tax Saver Fund;Direct Plan;Growth Option;INF192K01CE3;;60.7969;19-Aug-2026
120493;JM ELSS Tax Saver Fund;Direct Plan;IDCW Option;INF192K01CD5;;59.2979;19-Aug-2026
107288;JM ELSS Tax Saver Fund;Regular Plan;Growth Option;INF192K01650;;52.4729;19-Aug-2026
107287;JM ELSS Tax Saver Fund;Regular Plan;IDCW Option;INF192K01643;;52.4721;19-Aug-2026

Navi Mutual Fund
151471;NAVI ELSS TAX SAVER NIFTY50 INDEX FUND;Direct Plan;GROWTH;INF959L01GR6;;14.6536;19-Aug-2026
151473;NAVI ELSS TAX SAVER NIFTY50 INDEX FUND;Direct Plan;IDCW PAYOUT;INF959L01GT2;;14.6601;19-Aug-2026
151472;NAVI ELSS TAX SAVER NIFTY50 INDEX FUND;Regular Plan;GROWTH;INF959L01GS4;;14.1892;19-Aug-2026
151474;NAVI ELSS TAX SAVER NIFTY50 INDEX FUND;Regular Plan;IDCW PAYOUT;INF959L01GU0;;14.2453;19-Aug-2026

quant Mutual Fund
120847;Quant ELSS Tax Saver Fund;Direct Plan;Growth Option;INF966L01986;;463.9239;19-Aug-2026
100175;Quant ELSS Tax Saver Fund;Regular Plan;Growth Option;INF966L01135;;410.1567;19-Aug-2026
120846;Quant ELSS Tax Saver Fund;Direct Plan;IDCW Option;INF966L01960;INF966L01127;61.8431;19-Aug-2026
100174;Quant ELSS Tax Saver Fund;Regular Plan;IDCW Option;INF966L01119;;56.9549;19-Aug-2026

Sundaram Mutual Fund
149571;Sundaram ELSS Tax Saver Fund;Direct Plan;IDCW (Income Distribution CUM Capital Withdrawal);INF173K01NN1;;513.6400;19-Aug-2026
149570;Sundaram ELSS Tax Saver Fund;Direct Plan;GROWTH;INF173K01HZ7;;536.3648;19-Aug-2026
149569;Sundaram ELSS Tax Saver Fund;Regular Plan;GROWTH;INF173K01361;;498.7069;19-Aug-2026
149572;Sundaram ELSS Tax Saver Fund;Regular Plan;IDCW (Income Distribution CUM Capital Withdrawal);INF173K01NM3;;383.3618;19-Aug-2026

Taurus Mutual Fund
118866;Taurus ELSS Tax Saver Fund;;;INF044D01CG6;INF044D01AA3;199.68;19-Aug-2026
118867;Taurus ELSS Tax Saver Fund;;;INF044D01CH4;INF044D01CI2;92.03;19-Aug-2026
100480;Taurus ELSS Tax Saver Fund;;;INF044D01AC9;;181.95;19-Aug-2026
108402;Taurus ELSS Tax Saver Fund;;;INF044D01997;;85.24;19-Aug-2026

Open Ended Schemes ( Debt Scheme - Overnight Fund )


Canara Robeco Mutual Fund
147532;Canara Robeco Overnight Fund;Direct Plan;DAILY IDCW (Reinvestment);;INF760K01JN3;1001.0012;19-Aug-2026
147531;Canara Robeco Overnight Fund;Direct Plan;GROWTH OPTION;INF760K01JM5;;1418.0261;19-Aug-2026
147533;Canara Robeco Overnight Fund;Regular Plan;DAILY IDCW (Reinvestment);;INF760K01JP8;1001.0000;19-Aug-2026
147534;Canara Robeco Overnight Fund;Regular Plan;GROWTH OPTION;INF760K01JO1;;1416.4118;19-Aug-2026

JM Financial Mutual Fund
147838;JM Overnight Fund;Direct Plan;Daily IDCW Option;;INF192K01LY2;1000;19-Aug-2026
147835;JM Overnight Fund;Direct Plan;Weekly IDCW Option;INF192K01LZ9;INF192K01MA0;1000.1273;19-Aug-2026
147839;JM Overnight Fund;Regular Plan;Daily IDCW Option;;INF192K01LU0;1000;19-Aug-2026
147836;JM Overnight Fund;Regular Plan;Growth Option;INF192K01LX4;;1384.8386;19-Aug-2026
147834;JM Overnight Fund;Regular Plan;Weekly IDCW Option;INF192K01LV8;INF192K01LW6;1000.1231;19-Aug-2026
147837;JM Overnight Fund;Direct Plan;Growth Option;INF192K01MB8;;1391.3395;19-Aug-2026
149828;JM Overnight Fund;Direct Plan;Unclaimed IDCW - Growth Plan;INF192K01MJ1;;1396.52;19-Aug-2026
149827;JM Overnight Fund;Direct Plan;Unclaimed IDCW I.E.F - Growth Plan;INF192K01ML7;;1073.9936;19-Aug-2026
149829;JM Overnight Fund;Direct Plan;Unclaimed Redemption - Growth Plan;INF192K01MI3;;1391.36;19-Aug-2026
149826;JM Overnight Fund;Direct Plan;Unclaimed Redemption I.E.F - Growth Plan;INF192K01MK9;;1073.9936;19-Aug-2026

quant Mutual Fund
151190;quant Overnight Fund;Direct Plan;Growth Option;INF966L01AZ7;;12.5471;19-Aug-2026
151195;quant Overnight Fund;Regular Plan;Growth Option;INF966L01BC4;;12.5006;19-Aug-2026
151193;quant Overnight Fund;Direct Plan;IDCW Option;INF966L01BA8;INF966L01BB6;12.5522;19-Aug-2026
151191;quant Overnight Fund;Regular Plan;IDCW Option;INF966L01BD2;INF966L01BE0;12.4891;19-Aug-2026
154083;quant Overnight Fund;Direct Plan;Unclaimed IDCW Greater than 3 years;;;10;19-Aug-2026
154086;quant Overnight Fund;Direct Plan;Unclaimed IDCW Less than 3 years;;;10.3387;19-Aug-2026
154085;quant Overnight Fund;Direct Plan;Unclaimed Redemption Greater than 3 years;;;10;19-Aug-2026
154084;quant Overnight Fund;Direct Plan;Unclaimed Redemption Less than 3 years;;;10.3343;19-Aug-2026

Sundaram Mutual Fund
146963;Sundaram Overnight Fund;Direct Plan;GROWTH;INF903JA1HG5;;1458.9170;19-Aug-2026
146962;Sundaram Overnight Fund;Direct Plan;IDCW (Income Distribution CUM Capital Withdrawal);INF903JA1HH3;;1054.4191;19-Aug-2026
146957;Sundaram Overnight Fund;Direct Plan;IDCW (Income Distribution CUM Capital Withdrawal);;INF903JA1HM3;1054.4191;19-Aug-2026
146959;Sundaram Overnight Fund;Regular Plan;GROWTH;INF903JA1GZ7;;1448.4222;19-Aug-2026
146960;Sundaram Overnight Fund;Regular Plan;IDCW (Income Distribution CUM Capital Withdrawal);INF903JA1HA8;;1049.0662;19-Aug-2026
146961;Sundaram Overnight Fund;Regular Plan;IDCW (Income Distribution CUM Capital Withdrawal);;INF903JA1HF7;1049.0662;19-Aug-2026

Open Ended Schemes ( Debt Scheme - Liquid Fund )


Canara Robeco Mutual Fund
118307;Canara Robeco Liquid Fund;Direct Plan;DAILY IDCW (Reinvestment);;INF760K01FS0;1005.5000;19-Aug-2026
118305;Canara Robeco Liquid Fund;Direct Plan;GROWTH OPTION;INF760K01FU6;;3390.6686;19-Aug-2026
118304;Canara Robeco Liquid Fund;Direct Plan;IDCW (Payout/Reinvestment);INF760K01FT8;;2256.7934;19-Aug-2026
118306;Canara Robeco Liquid Fund;Direct Plan;MONTHLY IDCW (Payout/Reinvestment);INF760K01FV4;INF760K01FW2;1004.3435;19-Aug-2026
118308;Canara Robeco Liquid Fund;Direct Plan;WEEKLY IDCW (Payout/Reinvestment);INF760K01FY8;INF760K01FX0;1000.4273;19-Aug-2026
109349;Canara Robeco Liquid Fund;Regular Plan;DAILY IDCW (Reinvestment);;INF760K01CU3;1005.5000;19-Aug-2026
109353;Canara Robeco Liquid Fund;Regular Plan;GROWTH OPTION;INF760K01CW9;;3368.2709;19-Aug-2026
109351;Canara Robeco Liquid Fund;Regular Plan;MONTHLY IDCW (Payout/Reinvestment);INF760K01CX7;INF760K01CY5;1004.1040;19-Aug-2026
109350;Canara Robeco Liquid Fund;Regular Plan;WEEKLY IDCW (Payout/Reinvestment);INF760K01BZ4;INF760K01CZ2;1000.4273;19-Aug-2026
139235;Canara Robeco Liquid Fund;Direct Plan;Unclaimed Redemption and Dividend Plan-Growth Option;INF760K01IC8;;1850.4680;19-Aug-2026

JM Financial Mutual Fund
120411;JM Liquid Fund;Direct Plan;Daily IDCW Option;;INF192K01CH6;10.4302;19-Aug-2026
120406;JM Liquid Fund;Direct Plan;Growth Option;INF192K01CM6;;77.1745;19-Aug-2026
120408;JM Liquid Fund;Direct Plan;Quarterly IDCW Option;INF192K01CK0;INF192K01CL8;43.8151;19-Aug-2026
120407;JM Liquid Fund;Direct Plan;Weekly IDCW Option;INF192K01CI4;INF192K01CJ2;11.0076;19-Aug-2026
100244;JM Liquid Fund;Regular Plan;Quarterly IDCW Option;INF192K01866;INF192K01874;43.17;19-Aug-2026
100247;JM Liquid Fund;Regular Plan;Super Institutional Plan - Growth Option;INF192K01981;;43.8551;19-Aug-2026
100233;JM Liquid Fund;Regular Plan;Weekly IDCW Option;INF192K01841;INF192K01858;11.0051;19-Aug-2026
100234;JM Liquid Fund;Regular Plan;Growth Option;INF192K01882;;76.2708;19-Aug-2026
148414;JM Liquid Fund;Direct Plan;Unclaimed Application Refund Amount I.E.F - Growth Plan;;;41.4437;19-Aug-2026
148413;JM Liquid Fund;Direct Plan;Unclaimed Brokerage I.E.F - Growth Plan;;;41.4437;19-Aug-2026
101549;JM Liquid Fund - Bonus Option;Regular Plan;Bonus Option - Principal Units;INF192K01890;;24.4222;19-Aug-2026
101078;JM Liquid Fund - Daily Dividend Option;Regular Plan;Daily IDCW Option;;INF192K01833;10.4302;19-Aug-2026

Navi Mutual Fund
119163;Navi Liquid Fund;Direct Plan;Daily IDCW - ReInvestment	;;INF959L01GK1;10.0129;19-Aug-2026
119161;Navi Liquid Fund;Direct Plan;Monthly IDCW - Payout;INF959L01GG9;INF959L01GH7;10.0426;19-Aug-2026
119162;Navi Liquid Fund;Direct Plan;Weekly IDCW - Payout;INF959L01GI5;INF959L01GJ3;10.0072;19-Aug-2026
112645;Navi Liquid Fund;Regular Plan;Daily IDCW;;INF959L01GM7;10.0771;19-Aug-2026
112647;Navi Liquid Fund;Regular Plan;Monthly IDCW;INF959L01GN5;INF959L01GO3;10.0422;19-Aug-2026
112646;Navi Liquid Fund;Regular Plan;Weekly IDCW;INF959L01GP0;INF959L01GQ8;10.0076;19-Aug-2026
119164;Navi Liquid Fund;;;INF959L01GF1;;30.5278;19-Aug-2026
112636;Navi Liquid Fund;Regular Plan;Growth Option;INF959L01GL9;;30.2402;19-Aug-2026
140437;Navi Liquid Fund;Direct Plan;Unclaimed Redemption and Dividend Plan less than 3 years;INF959L01CO2;;10;19-Aug-2026
139386;Navi Liquid Fund;Regular Plan;Unclaimed Redemption and Dividend Plan less than 3 years;INF959L01CN4;;30.4244;19-Aug-2026

quant Mutual Fund
120837;Quant Liquid Fund;Direct Plan;Growth Option;INF966L01820;;45.3035;19-Aug-2026
103225;Quant Liquid Fund;Regular Plan;Growth Option;INF966L01317;;44.0025;19-Aug-2026
120838;Quant Liquid Fund;Direct Plan;Monthly IDCW Option;INF966L01796;INF966L01812;15.809;19-Aug-2026
103228;Quant Liquid Fund;Regular Plan;Monthly IDCW Option;INF966L01291;INF966L01309;15.2013;19-Aug-2026
120839;Quant Liquid Fund;Direct Plan;Weekly IDCW Option;INF966L01788;INF966L01804;14.7004;19-Aug-2026
103227;Quant Liquid Fund;Regular Plan;Weekly IDCW Option;INF966L01499;INF966L01283;14.5114;19-Aug-2026
120836;Quant Liquid Fund;Direct Plan;Daily IDCW Option;;INF966L01770;13.163;19-Aug-2026
103226;Quant Liquid Fund;Regular Plan;Daily IDCW Option;;INF966L01275;12.6232;19-Aug-2026

Sundaram Mutual Fund
149664;Sundaram Liquid Fund (Formerly Known as Principal Cash Management Fund);Direct Plan;GROWTH;INF173K01GU0;;2501.8009;19-Aug-2026
149660;Sundaram Liquid Fund (Formerly Known as Principal Cash Management Fund);Regular Plan;IDCW (Income Distribution CUM Capital Withdrawal);INF173K01DD3;INF173K01DE1;1043.6245;19-Aug-2026
149662;Sundaram Liquid Fund (Formerly Known as Principal Cash Management Fund);Direct Plan;IDCW (Income Distribution CUM Capital Withdrawal);INF173K01GV8;INF173K01GW6;1046.8431;19-Aug-2026
149661;Sundaram Liquid Fund (Formerly Known as Principal Cash Management Fund);Regular Plan;GROWTH;INF173K01DA9;;2467.2121;19-Aug-2026

The Wealth Company Mutual Fund
153887;The Wealth Company Liquid Fund;Direct Plan;Daily IDCW;;INF2F0001073;1002.0035;19-Aug-2026
153883;The Wealth Company Liquid Fund;Direct Plan;Growth;INF2F0001081;;1056.3978;19-Aug-2026
153884;The Wealth Company Liquid Fund;Direct Plan;Monthly IDCW;INF2F0001107;INF2F0001099;1006.262;19-Aug-2026
153889;The Wealth Company Liquid Fund;Direct Plan;Weekly IDCW;INF2F0001123;INF2F0001115;1002.2965;19-Aug-2026
153886;The Wealth Company Liquid Fund;Regular Plan;Daily IDCW;;INF2F0001131;1002;19-Aug-2026
153888;The Wealth Company Liquid Fund;Regular Plan;Growth;INF2F0001149;;1054.9438;19-Aug-2026
153890;The Wealth Company Liquid Fund;Regular Plan;Monthly IDCW;INF2F0001164;INF2F0001156;1006.16;19-Aug-2026
153885;The Wealth Company Liquid Fund;Regular Plan;Weekly IDCW;INF2F0001180;INF2F0001172;1002.2825;19-Aug-2026

Open Ended Schemes ( Debt Scheme - Ultra Short Duration Fund )


Canara Robeco Mutual Fund
118315;Canara Robeco Ultra Short Term Fund;Direct Plan;DAILY IDCW (Reinvestment);;INF760K01GL3;1240.7100;19-Aug-2026
118317;Canara Robeco Ultra Short Term Fund;Direct Plan;GROWTH OPTION;INF760K01GM1;;4342.9006;19-Aug-2026
118319;Canara Robeco Ultra Short Term Fund;Direct Plan;IDCW (Payout/Reinvestment);INF760K01GN9;;2311.4971;19-Aug-2026
118318;Canara Robeco Ultra Short Term Fund;Direct Plan;MONTHLY IDCW (Payout/Reinvestment);INF760K01GP4;INF760K01GO7;1005.1883;19-Aug-2026
118316;Canara Robeco Ultra Short Term Fund;Direct Plan;WEEKLY IDCW (Payout/Reinvestment);INF760K01GQ2;INF760K01GR0;1240.7100;19-Aug-2026
109372;Canara Robeco Ultra Short Term Fund;Regular Plan;DAILY IDCW (Reinvestment);;INF760K01DA3;1240.7100;19-Aug-2026
109371;Canara Robeco Ultra Short Term Fund;Regular Plan;GROWTH OPTION;INF760K01DC9;;4055.7757;19-Aug-2026
109370;Canara Robeco Ultra Short Term Fund;Regular Plan;MONTHLY IDCW (Payout/Reinvestment);INF760K01CA5;INF760K01DD7;1004.8598;19-Aug-2026
109366;Canara Robeco Ultra Short Term Fund;Regular Plan;WEEKLY IDCW (Payout/Reinvestment);INF760K01DE5;INF760K01DF2;1240.7100;19-Aug-2026
140530;Canara Robeco Ultra Short Term Fund;Regular Plan;IDCW (Payout);INF760K01IL9;;1549.6154;19-Aug-2026

Sundaram Mutual Fund
149537;Sundaram Ultra Short Duration Fund (Formerly Known as Principal Ultra Short Term Fund);Regular Plan;IDCW (Income Distribution CUM Capital Withdrawal);INF173K01CX3;INF173K01CY1;1069.2712;19-Aug-2026
149539;Sundaram Ultra Short Duration Fund (Formerly Known as Principal Ultra Short Term Fund);Direct Plan;GROWTH;INF173K01HI3;;3149.8572;19-Aug-2026
149540;Sundaram Ultra Short Duration Fund (Formerly Known as Principal Ultra Short Term Fund);Direct Plan;IDCW (Income Distribution CUM Capital Withdrawal);INF173K01HK9;INF173K01HJ1;1089.6016;19-Aug-2026
149535;Sundaram Ultra Short Duration Fund (Formerly Known as Principal Ultra Short Term Fund);Regular Plan;GROWTH;INF173K01CU9;;2848.6274;19-Aug-2026

Open Ended Schemes ( Debt Scheme - Low Duration Fund )


Canara Robeco Mutual Fund
118293;Canara Robeco Savings Fund;Direct Plan;DAILY IDCW (Reinvestment);;INF760K01EM6;10.2600;19-Aug-2026
118291;Canara Robeco Savings Fund;Direct Plan;GROWTH OPTION;INF760K01ET1;;46.5389;19-Aug-2026
118292;Canara Robeco Savings Fund;Direct Plan;IDCW (Payout/Reinvestment);INF760K01EP9;INF760K01EQ7;38.6674;19-Aug-2026
118295;Canara Robeco Savings Fund;Direct Plan;MONTHLY IDCW (Payout/Reinvestment);INF760K01EN4;INF760K01EO2;10.3056;19-Aug-2026
118294;Canara Robeco Savings Fund;Direct Plan;WEEKLY IDCW (Payout/Reinvestment);INF760K01ER5;INF760K01ES3;10.2600;19-Aug-2026
104559;Canara Robeco Savings Fund;Regular Plan;DAILY IDCW (Reinvestment);;INF760K01803;10.2600;19-Aug-2026
102913;Canara Robeco Savings Fund;Regular Plan;GROWTH OPTION;INF760K01795;;45.1495;19-Aug-2026
102914;Canara Robeco Savings Fund;Regular Plan;IDCW (Payout/Reinvestment);INF760K01779;INF760K01787;37.6166;19-Aug-2026
113144;Canara Robeco Savings Fund;Regular Plan;MONTHLY IDCW (Payout/Reinvestment);INF760K01AM4;INF760K01AN2;10.3042;19-Aug-2026
102915;Canara Robeco Savings Fund;Regular Plan;WEEKLY IDCW (Payout/Reinvestment);INF760K01CB3;INF760K01811;10.2600;19-Aug-2026

JM Financial Mutual Fund
143610;JM Low Duration Fund;Direct Plan;Bonus Option - Principal Units;INF192K01FL1;;24.6306;19-Aug-2026
143604;JM Low Duration Fund;Direct Plan;Daily IDCW Option;;INF192K01DT9;10.85;19-Aug-2026
143606;JM Low Duration Fund;Direct Plan;Fortnightly IDCW Option;;INF192K01DV5;11.1329;19-Aug-2026
143612;JM Low Duration Fund;Direct Plan;Growth Option;INF192K01DW3;;40.908;19-Aug-2026
143611;JM Low Duration Fund;Direct Plan;Weekly IDCW Option;;INF192K01DU7;11.4531;19-Aug-2026
143603;JM Low Duration Fund;Regular Plan;Daily IDCW Option;;INF192K01AV1;10.82;19-Aug-2026
143605;JM Low Duration Fund;Regular Plan;Fortnightly IDCW Option;;INF192K01AX7;11.0917;19-Aug-2026
143607;JM Low Duration Fund;Regular Plan;Growth Option;INF192K01AY5;;39.6037;19-Aug-2026
143608;JM Low Duration Fund;Regular Plan;Weekly IDCW Option;;INF192K01AW9;11.413;19-Aug-2026
143609;JM Low Duration Fund;Regular Plan;Bonus Option - Principal Units;INF192K01FJ5;;23.8603;19-Aug-2026

Sundaram Mutual Fund
149526;Sundaram Low Duration Fund (Formerly Known as Principal Low Duration Fund);Direct Plan;GROWTH;INF173K01FS6;;3980.1224;19-Aug-2026
149525;Sundaram Low Duration Fund (Formerly Known as Principal Low Duration Fund);Direct Plan;IDCW (Income Distribution CUM Capital Withdrawal);INF173K01FT4;INF173K01FU2;1118.4636;19-Aug-2026
149519;Sundaram Low Duration Fund (Formerly Known as Principal Low Duration Fund);Regular Plan;GROWTH;INF173K01DG6;;3680.0486;19-Aug-2026
149521;Sundaram Low Duration Fund (Formerly Known as Principal Low Duration Fund);Regular Plan;IDCW (Income Distribution CUM Capital Withdrawal);INF173K01DJ0;INF173K01DK8;1095.7354;19-Aug-2026

Open Ended Schemes ( Debt Scheme - Money Market Fund )


Sundaram Mutual Fund
145050;Sundaram Money Market Fund;Direct Plan;GROWTH;INF903JA1FR6;;16.2417;19-Aug-2026
145051;Sundaram Money Market Fund;Direct Plan;IDCW (Income Distribution CUM Capital Withdrawal);INF903JA1FS4;;11.4197;19-Aug-2026
145056;Sundaram Money Market Fund;Direct Plan;IDCW (Income Distribution CUM Capital Withdrawal);;INF903JA1FX4;11.4197;19-Aug-2026
145042;Sundaram Money Market Fund;Regular Plan;GROWTH;INF903JA1FJ3;;16.1063;19-Aug-2026
145049;Sundaram Money Market Fund;Regular Plan;IDCW (Income Distribution CUM Capital Withdrawal);;INF903JA1FP0;11.3723;19-Aug-2026
145044;Sundaram Money Market Fund;Regular Plan;IDCW (Income Distribution CUM Capital Withdrawal);INF903JA1FK1;;11.3723;19-Aug-2026

Open Ended Schemes ( Debt Scheme - Short Duration Fund )


Canara Robeco Mutual Fund
118320;Canara Robeco Short Duration Fund;Direct Plan;GROWTH OPTION;INF760K01DX5;;29.5582;19-Aug-2026
118321;Canara Robeco Short Duration Fund;Direct Plan;MONTHLY IDCW (Payout/Reinvestment);INF760K01DV9;INF760K01DW7;18.5246;19-Aug-2026
118322;Canara Robeco Short Duration Fund;Direct Plan;QUARTERLY IDCW (Payout/Reinvestment);INF760K01DY3;INF760K01DZ0;17.3409;19-Aug-2026
115077;Canara Robeco Short Duration Fund;Regular Plan;GROWTH OPTION;INF760K01BM2;;26.9022;19-Aug-2026
115078;Canara Robeco Short Duration Fund;Regular Plan;MONTHLY IDCW (Payout/Reinvestment);INF760K01BO8;INF760K01BN0;15.8346;19-Aug-2026
115079;Canara Robeco Short Duration Fund;Regular Plan;QUARTERLY IDCW (Payout/Reinvestment);INF760K01BQ3;INF760K01BP5;15.5004;19-Aug-2026

JM Financial Mutual Fund
150545;JM Short Duration Fund;Direct Plan;Growth Option;INF192K01MP8;;13.1253;19-Aug-2026
150544;JM Short Duration Fund;Direct Plan;IDCW Option;INF192K01MQ6;INF192K01MR4;13.1258;19-Aug-2026
150542;JM Short Duration Fund;Regular Plan;Growth Option;INF192K01MM5;;12.7233;19-Aug-2026
150543;JM Short Duration Fund;Regular Plan;IDCW Option;INF192K01MN3;INF192K01MO1;12.7239;19-Aug-2026

Sundaram Mutual Fund
149588;Sundaram Short Duration Fund (Formerly Known as Principal Short Term Debt Fund);Direct Plan;IDCW (Income Distribution CUM Capital Withdrawal);INF173K01GQ8;INF173K01GR6;13.1806;19-Aug-2026
149587;Sundaram Short Duration Fund (Formerly Known as Principal Short Term Debt Fund);Direct Plan;GROWTH;INF173K01GP0;;51.2430;19-Aug-2026
149585;Sundaram Short Duration Fund (Formerly Known as Principal Short Term Debt Fund);Regular Plan;GROWTH;INF173K01BA3;;47.0731;19-Aug-2026
149586;Sundaram Short Duration Fund (Formerly Known as Principal Short Term Debt Fund);Regular Plan;IDCW (Income Distribution CUM Capital Withdrawal);INF173K01BB1;INF173K01BC9;13.0342;19-Aug-2026

Open Ended Schemes ( Debt Scheme - Medium Duration Fund )


Sundaram Mutual Fund
119675;Sundaram Medium Duration Fund (Formerly Known as Sundaram Medium Term Bond Fund);Direct Plan;GROWTH;INF903J01PO6;;80.9534;19-Aug-2026
119672;Sundaram Medium Duration Fund (Formerly Known as Sundaram Medium Term Bond Fund);Direct Plan;IDCW (Income Distribution CUM Capital Withdrawal);INF903J01PK4;INF903J01PL2;27.2242;19-Aug-2026
100603;Sundaram Medium Duration Fund (Formerly Known as Sundaram Medium Term Bond Fund);Regular Plan;GROWTH;INF903J01FQ2;;71.8429;19-Aug-2026
100602;Sundaram Medium Duration Fund (Formerly Known as Sundaram Medium Term Bond Fund);Regular Plan;IDCW (Income Distribution CUM Capital Withdrawal);INF903J01FR0;INF903J01FU4;13.2605;19-Aug-2026

Open Ended Schemes ( Debt Scheme - Medium to Long Duration Fund )


Canara Robeco Mutual Fund
118282;Canara Robeco Income Fund;Direct Plan;GROWTH OPTION;INF760K01FI1;;64.9694;19-Aug-2026
118281;Canara Robeco Income Fund;Direct Plan;QUARTERLY IDCW (Payout/Reinvestment);INF760K01FG5;INF760K01FH3;16.9822;19-Aug-2026
101588;Canara Robeco Income Fund;Regular Plan;GROWTH OPTION;INF760K01324;;57.2083;19-Aug-2026
101587;Canara Robeco Income Fund;Regular Plan;QUARTERLY IDCW (Payout/Reinvestment);INF760K01340;INF760K01357;14.7156;19-Aug-2026

JM Financial Mutual Fund
120430;JM Medium to Long Duration Fund;Direct Plan;Growth Option;INF192K01CW5;;72.5044;19-Aug-2026
120431;JM Medium to Long Duration Fund;Direct Plan;Quarterly IDCW Option;INF192K01CU9;INF192K01CV7;25.6199;19-Aug-2026
100223;JM Medium to Long Duration Fund;Regular Plan;Growth Option;INF192K01AB3;;64.7195;19-Aug-2026
100222;JM Medium to Long Duration Fund;Regular Plan;Quarterly IDCW Option;INF192K01999;INF192K01AA5;22.005;19-Aug-2026
101181;JM Medium to Long Duration Fund Growth - Bonus Option;Regular Plan;Bonus Option - Principal Units;INF192K01AC1;;26.4786;19-Aug-2026

Open Ended Schemes ( Debt Scheme - Dynamic Bond )


Canara Robeco Mutual Fund
118284;Canara Robeco Dynamic Bond Fund;Direct Plan;GROWTH OPTION;INF760K01EC7;;33.3675;19-Aug-2026
118283;Canara Robeco Dynamic Bond Fund;Direct Plan;IDCW (Payout/Reinvestment);INF760K01EA1;INF760K01EB9;15.0597;19-Aug-2026
111962;Canara Robeco Dynamic Bond Fund;Regular Plan;GROWTH OPTION;INF760K01449;;29.8914;19-Aug-2026
111963;Canara Robeco Dynamic Bond Fund;Regular Plan;IDCW (Payout/Reinvestment);INF760K01423;INF760K01431;13.3373;19-Aug-2026

JM Financial Mutual Fund
120432;JM Dynamic Bond Fund;Direct Plan;Daily IDCW Option;;INF192K01CZ8;10.0949;19-Aug-2026
120434;JM Dynamic Bond Fund;Direct Plan;IDCW Option;INF192K01DB7;INF192K01DC5;46.8093;19-Aug-2026
133414;JM Dynamic Bond Fund;Direct Plan;Monthly IDCW Option;INF192K01IL5;INF192K01IM3;47.168;19-Aug-2026
120433;JM Dynamic Bond Fund;Direct Plan;Weekly IDCW Option;;INF192K01DA9;10.5523;19-Aug-2026
105639;JM Dynamic Bond Fund;Regular Plan;Daily IDCW Option;;INF192K01668;10.0398;19-Aug-2026
101806;JM Dynamic Bond Fund;Regular Plan;Growth Option;INF192K01700;;43.3812;19-Aug-2026
101805;JM Dynamic Bond Fund;Regular Plan;IDCW Option;INF192K01684;INF192K01692;43.5173;19-Aug-2026
133390;JM Dynamic Bond Fund;Regular Plan;Monthly IDCW Option;INF192K01IJ9;INF192K01IK7;43.7239;19-Aug-2026
105637;JM Dynamic Bond Fund;Regular Plan;Weekly IDCW Option;;INF192K01676;10.5426;19-Aug-2026
120435;JM Dynamic Bond Fund;Direct Plan;Growth Option;INF192K01DD3;;46.559;19-Aug-2026

Open Ended Schemes ( Debt Scheme - Corporate Bond Fund )


Canara Robeco Mutual Fund
126685;Canara Robeco Corporate Bond Fund;Direct Plan;GROWTH OPTION;INF760K01HB2;;24.6941;19-Aug-2026
126686;Canara Robeco Corporate Bond Fund;Direct Plan;IDCW (Payout/Reinvestment);INF760K01HC0;INF760K01HD8;12.4940;19-Aug-2026
126687;Canara Robeco Corporate Bond Fund;Regular Plan;GROWTH OPTION;INF760K01GY6;;22.8797;19-Aug-2026
126688;Canara Robeco Corporate Bond Fund;Regular Plan;IDCW (Payout/Reinvestment);INF760K01GZ3;INF760K01HA4;11.5998;19-Aug-2026

Sundaram Mutual Fund
119621;Sundaram Corporate Bond Fund;Direct Plan;GROWTH;INF903J01NR4;;44.1505;19-Aug-2026
119630;Sundaram Corporate Bond Fund;Direct Plan;IDCW (Income Distribution CUM Capital Withdrawal);INF903J01NU8;INF903J01NV6;19.7087;19-Aug-2026
100786;Sundaram Corporate Bond Fund;Regular Plan;IDCW (Income Distribution CUM Capital Withdrawal);INF903J01HY2;INF903J01IC6;19.0381;19-Aug-2026
100789;Sundaram Corporate Bond Fund;Regular Plan;GROWTH;INF903J01HW6;;42.5749;19-Aug-2026

Open Ended Schemes ( Debt Scheme - Banking and PSU Fund )


Canara Robeco Mutual Fund
150505;Canara Robeco Banking and PSU Debt Fund;Direct Plan;Growth Option;INF760K01KC4;;12.9205;19-Aug-2026
150507;Canara Robeco Banking and PSU Debt Fund;Direct Plan;IDCW Payout;INF760K01KE0;INF760K01KD2;10.8316;19-Aug-2026
150503;Canara Robeco Banking and PSU Debt Fund;Regular Plan;Growth Option;INF760K01KF7;;12.7648;19-Aug-2026
150504;Canara Robeco Banking and PSU Debt Fund;Regular Plan;IDCW (Payout/ Reinvestment);INF760K01KH3;INF760K01KG5;10.7101;19-Aug-2026

Sundaram Mutual Fund
119625;Sundaram Banking & PSU Fund (Formerly Known as Sundaram Banking & PSU Debt Fund);Direct Plan;GROWTH;INF903J01PA5;;46.4918;19-Aug-2026
119626;Sundaram Banking & PSU Fund (Formerly Known as Sundaram Banking & PSU Debt Fund);Direct Plan;IDCW (Income Distribution CUM Capital Withdrawal);INF903J01PB3;INF903J01PE7;11.5742;19-Aug-2026
100784;Sundaram Banking & PSU Fund (Formerly Known as Sundaram Banking & PSU Debt Fund);Regular Plan;GROWTH;INF903J01IN3;;45.7615;19-Aug-2026
100793;Sundaram Banking & PSU Fund (Formerly Known as Sundaram Banking & PSU Debt Fund);Regular Plan;IDCW (Income Distribution CUM Capital Withdrawal);INF903J01IO1;INF903J01IR4;11.5969;19-Aug-2026

Open Ended Schemes ( Debt Scheme - Gilt Fund )


Canara Robeco Mutual Fund
118299;Canara Robeco Gilt Fund;Direct Plan;GROWTH OPTION;INF760K01FC4;;83.7483;19-Aug-2026
118298;Canara Robeco Gilt Fund;Direct Plan;IDCW (Payout/Reinvestment);INF760K01FA8;INF760K01FB6;16.2896;19-Aug-2026
100597;Canara Robeco Gilt Fund;Regular Plan;GROWTH OPTION;INF760K01AE1;;77.1156;19-Aug-2026
100596;Canara Robeco Gilt Fund;Regular Plan;IDCW (Payout/Reinvestment);INF760K01AB7;INF760K01AC5;14.8111;19-Aug-2026

quant Mutual Fund
151228;quant Gilt Fund;Direct Plan;Growth Option;INF966L01BF7;;12.6404;19-Aug-2026
151230;quant Gilt Fund;Regular Plan;Growth Option;INF966L01BI1;;12.2042;19-Aug-2026
151229;quant Gilt Fund;Direct Plan;IDCW Option;INF966L01BG5;INF966L01BH3;12.6268;19-Aug-2026
151231;quant Gilt Fund;Regular Plan;IDCW Option;INF966L01BJ9;INF966L01BK7;12.2149;19-Aug-2026

Open Ended Schemes ( Hybrid Scheme - Conservative Hybrid Fund )


Canara Robeco Mutual Fund
118309;Canara Robeco Conservative Hybrid Fund;Direct Plan;GROWTH OPTION;INF760K01GB4;;116.3477;19-Aug-2026
118311;Canara Robeco Conservative Hybrid Fund;Direct Plan;MONTHLY IDCW (Payout/Reinvestment);INF760K01FZ5;INF760K01GA6;16.1426;19-Aug-2026
118310;Canara Robeco Conservative Hybrid Fund;Direct Plan;QUARTERLY IDCW (Payout/Reinvestment);INF760K01GC2;INF760K01GD0;16.2971;19-Aug-2026
100601;Canara Robeco Conservative Hybrid Fund;Regular Plan;GROWTH OPTION;INF760K01282;;100.1354;19-Aug-2026
100600;Canara Robeco Conservative Hybrid Fund;Regular Plan;MONTHLY IDCW (Payout/Reinvestment);INF760K01308;INF760K01316;12.3880;19-Aug-2026
112378;Canara Robeco Conservative Hybrid Fund;Regular Plan;QUARTERLY IDCW (Payout/Reinvestment);INF760K01AP7;INF760K01AQ5;13.5595;19-Aug-2026

Sundaram Mutual Fund
119635;Sundaram Conservative Hybrid Fund (Formerly Known as Sundaram Debt Oriented Hybrid Fund);Direct Plan;GROWTH;INF903J01OP6;;32.8834;19-Aug-2026
119637;Sundaram Conservative Hybrid Fund (Formerly Known as Sundaram Debt Oriented Hybrid Fund);Direct Plan;IDCW (Income Distribution CUM Capital Withdrawal);INF903J01OR2;INF903J01OU6;20.6593;19-Aug-2026
112868;Sundaram Conservative Hybrid Fund (Formerly Known as Sundaram Debt Oriented Hybrid Fund);Regular Plan;GROWTH;INF903J01HB0;;29.5779;19-Aug-2026
112870;Sundaram Conservative Hybrid Fund (Formerly Known as Sundaram Debt Oriented Hybrid Fund);Regular Plan;IDCW (Income Distribution CUM Capital Withdrawal);INF903J01HD6;INF903J01HG9;18.4707;19-Aug-2026

Open Ended Schemes ( Hybrid Scheme - Aggressive Hybrid Fund )


Canara Robeco Mutual Fund
118272;Canara Robeco Equity Hybrid Fund;Direct Plan;GROWTH OPTION;INF760K01EZ8;;425.6300;19-Aug-2026
118271;Canara Robeco Equity Hybrid Fund;Direct Plan;MONTHLY IDCW (Payout/Reinvestment);INF760K01EX3;INF760K01EY1;132.1500;19-Aug-2026
106166;Canara Robeco Equity Hybrid Fund;Regular Plan;GROWTH OPTION;INF760K01050;;371.6400;19-Aug-2026
106167;Canara Robeco Equity Hybrid Fund;Regular Plan;MONTHLY IDCW (Payout/Reinvestment);INF760K01068;INF760K01076;92.7700;19-Aug-2026

JM Financial Mutual Fund
130904;JM Aggressive Hybrid Fund;Direct Plan;Annual Bonus Option - Principal Units;INF192K01HB8;;141.3217;19-Aug-2026
131477;JM Aggressive Hybrid Fund;Direct Plan;Annual IDCW Option;INF192K01HJ1;INF192K01HK9;47.606;19-Aug-2026
120484;JM Aggressive Hybrid Fund;Direct Plan;Growth Option;INF192K01BQ9;;141.0906;19-Aug-2026
133402;JM Aggressive Hybrid Fund;Direct Plan;Half Yearly IDCW Option;INF192K01HH5;INF192K01HI3;101.524;19-Aug-2026
120483;JM Aggressive Hybrid Fund;Direct Plan;IDCW Option;INF192K01BO4;INF192K01BP1;77.7863;19-Aug-2026
133412;JM Aggressive Hybrid Fund;Direct Plan;Monthly IDCW Option;INF192K01HN3;INF192K01HO1;101.4942;19-Aug-2026
133406;JM Aggressive Hybrid Fund;Direct Plan;Quarterly IDCW Option;INF192K01HR4;INF192K01HS2;35.6979;19-Aug-2026
131476;JM Aggressive Hybrid Fund;Regular Plan;Annual IDCW Option;INF192K01HF9;INF192K01HG7;33.7227;19-Aug-2026
133408;JM Aggressive Hybrid Fund;Regular Plan;Half Yearly IDCW Option;INF192K01HD4;INF192K01HE2;88.6324;19-Aug-2026
100220;JM Aggressive Hybrid Fund;Regular Plan;IDCW Option;INF192K01528;INF192K01536;33.9639;19-Aug-2026
133404;JM Aggressive Hybrid Fund;Regular Plan;Monthly IDCW Option;INF192K01HL7;INF192K01HM5;87.9276;19-Aug-2026
133405;JM Aggressive Hybrid Fund;Regular Plan;Quarterly IDCW Option;INF192K01HP8;INF192K01HQ6;31.3833;19-Aug-2026
100221;JM Aggressive Hybrid Fund;Regular Plan;Growth Option;INF192K01544;;121.4338;19-Aug-2026

Navi Mutual Fund
143163;Navi Aggressive Hybrid Fund;Direct Plan;Growth;INF959L01CX3;;25.8919;19-Aug-2026
143195;Navi Aggressive Hybrid Fund;Direct Plan;Annual IDCW;INF959L01DG6;INF959L01DH4;25.7764;19-Aug-2026
143186;Navi Aggressive Hybrid Fund;;;INF959L01DE1;INF959L01DF8;25.7478;19-Aug-2026
143192;Navi Aggressive Hybrid Fund;Direct Plan;Monthly IDCW;INF959L01DA9;INF959L01DB7;25.7716;19-Aug-2026
143167;Navi Aggressive Hybrid Fund;Direct Plan;Normal IDCW;INF959L01CY1;INF959L01CZ8;25.7729;19-Aug-2026
143185;Navi Aggressive Hybrid Fund;Direct Plan;Quarterly IDCW;INF959L01DC5;INF959L01DD3;25.7548;19-Aug-2026
143162;Navi Aggressive Hybrid Fund;Regular Plan;Growth;INF959L01DI2;;22.2955;19-Aug-2026
143198;Navi Aggressive Hybrid Fund;Regular Plan;Annual IDCW	;INF959L01DR3;INF959L01DS1;22.2929;19-Aug-2026
143189;Navi Aggressive Hybrid Fund;Regular Plan;Half Yearly IDCW	;INF959L01DP7;INF959L01DQ5;22.31;19-Aug-2026
143197;Navi Aggressive Hybrid Fund;Regular Plan;Monthly IDCW;INF959L01DL6;INF959L01DM4;22.2949;19-Aug-2026
143166;Navi Aggressive Hybrid Fund;Regular Plan;Normal IDCW;INF959L01DJ0;INF959L01DK8;22.2968;19-Aug-2026
143199;Navi Aggressive Hybrid Fund;Regular Plan;Quarterly IDCW;INF959L01DN2;INF959L01DO0;22.2957;19-Aug-2026

quant Mutual Fund
101070;Quant Aggressive Hybrid Fund;Regular Plan;Growth Option;INF966L01267;;463.2919;19-Aug-2026
120819;Quant Aggressive Hybrid Fund;Direct Plan;Growth Option;INF966L01556;;511.7624;19-Aug-2026
101069;Quant Aggressive Hybrid Fund;Regular Plan;IDCW Option;INF966L01242;INF966L01259;63.9004;19-Aug-2026
120818;Quant Aggressive Hybrid Fund;Direct Plan;IDCW Option;INF966L01531;INF966L01549;70.8807;19-Aug-2026

Sundaram Mutual Fund
149601;Sundaram Aggressive Hybrid Fund (Formerly Known as Principal Hybrid Equity Fund);Direct Plan;GROWTH;INF173K01FE6;;188.2174;19-Aug-2026
149600;Sundaram Aggressive Hybrid Fund (Formerly Known as Principal Hybrid Equity Fund);Regular Plan;Monthly IDCW (Income Distribution CUM Capital Withdrawal);INF173K01CI4;INF173K01CJ2;24.9117;19-Aug-2026
149599;Sundaram Aggressive Hybrid Fund (Formerly Known as Principal Hybrid Equity Fund);Regular Plan;GROWTH;INF173K01CL8;;162.3310;19-Aug-2026
149602;Sundaram Aggressive Hybrid Fund (Formerly Known as Principal Hybrid Equity Fund);Direct Plan;Monthly IDCW (Income Distribution CUM Capital Withdrawal);INF173K01FB2;INF173K01FC0;39.1372;19-Aug-2026

Open Ended Schemes ( Hybrid Scheme - Dynamic Asset Allocation or Balanced Advantage )


Canara Robeco Mutual Fund
152688;Canara Robeco Balanced Advantage Fund;Direct Plan;Growth Option;INF760K01LD0;;10.6300;19-Aug-2026
152689;Canara Robeco Balanced Advantage Fund;Direct Plan;IDCW Option;INF760K01LE8;INF760K01LF5;10.5300;19-Aug-2026
152690;Canara Robeco Balanced Advantage Fund;Regular Plan;Growth Option;INF760K01LA6;;10.3300;19-Aug-2026
152691;Canara Robeco Balanced Advantage Fund;Regular Plan;IDCW Option;INF760K01LB4;INF760K01LC2;10.2200;19-Aug-2026

quant Mutual Fund
151713;quant Dynamic Asset Allocation Fund;Direct Plan;Growth Option;INF966L01BL5;;17.1621;19-Aug-2026
151714;quant Dynamic Asset Allocation Fund;Regular Plan;Growth Option;INF966L01BO9;;16.3172;19-Aug-2026
151712;quant Dynamic Asset Allocation Fund;Direct Plan;IDCW Option;INF966L01BM3;INF966L01BN1;17.1561;19-Aug-2026
151715;quant Dynamic Asset Allocation Fund;Regular Plan;IDCW Option;INF966L01BP6;INF966L01BQ4;16.3188;19-Aug-2026

Sundaram Mutual Fund
149717;Sundaram Balanced Advantage Fund (Formerly Known as Principal Balanced Advantage Fund);Direct Plan;GROWTH;INF173K01FI7;;42.5093;19-Aug-2026
149718;Sundaram Balanced Advantage Fund (Formerly Known as Principal Balanced Advantage Fund);Direct Plan;Monthly IDCW (Income Distribution CUM Capital Withdrawal);INF173K01FF3;INF173K01FG1;17.8091;19-Aug-2026
149715;Sundaram Balanced Advantage Fund (Formerly Known as Principal Balanced Advantage Fund);Regular Plan;GROWTH;INF173K01585;;35.6729;19-Aug-2026
149716;Sundaram Balanced Advantage Fund (Formerly Known as Principal Balanced Advantage Fund);Regular Plan;Monthly IDCW (Income Distribution CUM Capital Withdrawal);INF173K01551;INF173K01569;14.3222;19-Aug-2026

The Wealth Company Mutual Fund
154185;The Wealth Company Balanced Advantage Fund;Direct Plan;Growth;INF2F0001479;;10.167;19-Aug-2026
154186;The Wealth Company Balanced Advantage Fund;Direct Plan;IDCW;INF2F0001487;INF2F0001495;10.1662;19-Aug-2026
154183;The Wealth Company Balanced Advantage Fund;Regular Plan;Growth;INF2F0001446;;10.064;19-Aug-2026
154184;The Wealth Company Balanced Advantage Fund;Regular Plan;IDCW;INF2F0001453;INF2F0001461;10.0627;19-Aug-2026

Open Ended Schemes ( Hybrid Scheme - Multi Asset Allocation )


Canara Robeco Mutual Fund
153465;Canara Robeco Multi Asset Allocation Fund;Direct Plan;Growth;INF760K01LH1;;11.5800;19-Aug-2026
153468;Canara Robeco Multi Asset Allocation Fund;Direct Plan;IDCW;INF760K01LJ7;INF760K01LL3;11.5800;19-Aug-2026
153466;Canara Robeco Multi Asset Allocation Fund;Regular Plan;Growth;INF760K01LG3;;11.3600;19-Aug-2026
153467;Canara Robeco Multi Asset Allocation Fund;Regular Plan;IDCW;INF760K01LI9;INF760K01LK5;11.3600;19-Aug-2026

JM Financial Mutual Fund
154423;JM Multi Asset Allocation Fund;Direct Plan;Growth Option;INF192K01NQ4;;10.3997;19-Aug-2026
154421;JM Multi Asset Allocation Fund;Direct Plan;IDCW Option;INF192K01NS0;INF192K01NR2;10.3997;19-Aug-2026
154424;JM Multi Asset Allocation Fund;Regular Plan;Growth Option;INF192K01NT8;;10.3822;19-Aug-2026
154422;JM Multi Asset Allocation Fund;Regular Plan;IDCW Option;INF192K01NV4;INF192K01NU6;10.3822;19-Aug-2026

quant Mutual Fund
120820;Quant Multi Asset Allocation Fund;Direct Plan;IDCW Option;INF966L01564;INF966L01572;168.6187;19-Aug-2026
101071;Quant Multi Asset Allocation Fund;Regular Plan;IDCW Option;INF966L01184;INF966L01192;154.292;19-Aug-2026
101072;Quant Multi Asset Allocation Fund;Regular Plan;Growth Option;INF966L01200;;168.3138;19-Aug-2026
120821;Quant Multi Asset Allocation Fund;Direct Plan;Growth Option;INF966L01580;;182.9648;19-Aug-2026

Sundaram Mutual Fund
152314;Sundaram Multi Asset Allocation Fund;Direct Plan;GROWTH;INF903JA1LK9;;13.9991;19-Aug-2026
152316;Sundaram Multi Asset Allocation Fund;Direct Plan;IDCW (Income Distribution CUM Capital Withdrawal);INF903JA1LL7;;13.9991;19-Aug-2026
152312;Sundaram Multi Asset Allocation Fund;Direct Plan;IDCW (Income Distribution CUM Capital Withdrawal);;INF903JA1LM5;13.9991;19-Aug-2026
152311;Sundaram Multi Asset Allocation Fund;Regular Plan;GROWTH;INF903JA1LH5;;13.4684;19-Aug-2026
152315;Sundaram Multi Asset Allocation Fund;Regular Plan;IDCW (Income Distribution CUM Capital Withdrawal);INF903JA1LI3;;13.4684;19-Aug-2026
152313;Sundaram Multi Asset Allocation Fund;Regular Plan;IDCW (Income Distribution CUM Capital Withdrawal);;INF903JA1LJ1;13.4684;19-Aug-2026

The Wealth Company Mutual Fund
153999;The Wealth Company Multi Asset Allocation Fund;Direct Plan;Growth;INF2F0001347;;10.9809;19-Aug-2026
154000;The Wealth Company Multi Asset Allocation Fund;Direct Plan;IDCW;INF2F0001354;INF2F0001362;10.9793;19-Aug-2026
154002;The Wealth Company Multi Asset Allocation Fund;Regular Plan;Growth;INF2F0001313;;10.8579;19-Aug-2026
154001;The Wealth Company Multi Asset Allocation Fund;Regular Plan;IDCW;INF2F0001321;INF2F0001339;10.849;19-Aug-2026

Open Ended Schemes ( Hybrid Scheme - Arbitrage Fund )


JM Financial Mutual Fund
133395;JM Arbitrage Fund;Direct Plan;Annual Bonus Option - Principal Units;INF192K01GX4;;19.1478;19-Aug-2026
135173;JM Arbitrage Fund;Direct Plan;Annual IDCW Option;INF192K01KY4;INF192K01KZ1;16.9641;19-Aug-2026
130604;JM Arbitrage Fund;Direct Plan;Bonus Option - Principal Units;INF192K01GL9;;19.9496;19-Aug-2026
120482;JM Arbitrage Fund;Direct Plan;Growth Option;INF192K01BN6;;37.2788;19-Aug-2026
135171;JM Arbitrage Fund;Direct Plan;Half Yearly IDCW Option;INF192K01KU2;INF192K01KV0;17.2434;19-Aug-2026
135172;JM Arbitrage Fund;Direct Plan;Monthly IDCW Option;INF192K01KM9;INF192K01KN7;15.0536;19-Aug-2026
135174;JM Arbitrage Fund;Direct Plan;Quarterly IDCW Option;INF192K01KQ0;INF192K01KR8;17.7143;19-Aug-2026
120481;JM Arbitrage Fund;Direct Plan;IDCW Option;INF192K01BL0;INF192K01BM8;17.5671;19-Aug-2026
135167;JM Arbitrage Fund;Regular Plan;Annual IDCW Option;INF192K01KW8;INF192K01KX6;15.3263;19-Aug-2026
130603;JM Arbitrage Fund;Regular Plan;Bonus Option - Principal Units;INF192K01GJ3;;18.8594;19-Aug-2026
103780;JM Arbitrage Fund;Regular Plan;Growth Option;INF192K01510;;34.6905;19-Aug-2026
135170;JM Arbitrage Fund;Regular Plan;Half Yearly IDCW Option;INF192K01KS6;INF192K01KT4;15.4376;19-Aug-2026
103781;JM Arbitrage Fund;Regular Plan;IDCW Option;INF192K01494;INF192K01502;16.1011;19-Aug-2026
135168;JM Arbitrage Fund;Regular Plan;Monthly IDCW Option;INF192K01KK3;INF192K01KL1;13.639;19-Aug-2026
135169;JM Arbitrage Fund;Regular Plan;Quarterly IDCW Option;INF192K01KO5;INF192K01KP2;15.6662;19-Aug-2026

Old Bridge Mutual Fund
153981;Old Bridge Arbitrage Fund;Direct Plan;Direct - IDCW;INF0S5R01075;INF0S5R01083;10.5032;19-Aug-2026
153979;Old Bridge Arbitrage Fund;Direct Plan;Direct Growth;INF0S5R01125;;10.5032;19-Aug-2026
153977;Old Bridge Arbitrage Fund;Regular Plan;Regular Growth;INF0S5R01091;;10.4347;19-Aug-2026
153980;Old Bridge Arbitrage Fund;Regular Plan;Regular IDCW;INF0S5R01109;INF0S5R01117;10.4347;19-Aug-2026

quant Mutual Fund
153426;quant Arbitrage Fund;Direct Plan;Growth Option;INF966L01DW8;;11.048;19-Aug-2026
153428;quant Arbitrage Fund;Regular Plan;Growth Option;INF966L01DZ1;;10.9575;19-Aug-2026
153427;quant Arbitrage Fund;Direct Plan;IDCW Option;INF966L01DX6;INF966L01DY4;11.0369;19-Aug-2026
153429;quant Arbitrage Fund;Regular Plan;IDCW Option;INF966L01EA2;INF966L01EB0;10.9578;19-Aug-2026

Sundaram Mutual Fund
149552;Sundaram Arbitrage Fund(Formerly Known as Prinicpal Arbitrage Fund);Regular Plan;GROWTH;INF173K01NB6;;15.4083;19-Aug-2026
149551;Sundaram Arbitrage Fund(Formerly Known as Prinicpal Arbitrage Fund);Regular Plan;IDCW (Income Distribution CUM Capital Withdrawal);INF173K01MY0;INF173K01NA8;12.7379;19-Aug-2026
149550;Sundaram Arbitrage Fund(Formerly Known as Prinicpal Arbitrage Fund);Direct Plan;GROWTH;INF173K01NF7;;16.3978;19-Aug-2026
149549;Sundaram Arbitrage Fund(Formerly Known as Prinicpal Arbitrage Fund);Direct Plan;IDCW (Income Distribution CUM Capital Withdrawal);INF173K01NC4;INF173K01NE0;13.3315;19-Aug-2026

The Wealth Company Mutual Fund
153891;The Wealth Company Arbitrage Fund;Direct Plan;Growth;INF2F0001271;;10.5555;19-Aug-2026
153893;The Wealth Company Arbitrage Fund;Direct Plan;IDCW;INF2F0001263;INF2F0001255;10.5541;19-Aug-2026
153892;The Wealth Company Arbitrage Fund;Regular Plan;Growth;INF2F0001305;;10.4961;19-Aug-2026
153894;The Wealth Company Arbitrage Fund;Regular Plan;IDCW;INF2F0001289;INF2F0001297;10.4959;19-Aug-2026

Open Ended Schemes ( Hybrid Scheme - Equity Savings )


quant Mutual Fund
153705;quant Equity Savings Fund;Direct Plan;Growth Option;INF966L01EC8;;10.8832;19-Aug-2026
153707;quant Equity Savings Fund;Regular Plan;Growth Option;INF966L01EF1;;10.6843;19-Aug-2026
153706;quant Equity Savings Fund;Direct Plan;IDCW Option;INF966L01ED6;INF966L01EE4;10.8529;19-Aug-2026
153708;quant Equity Savings Fund;Regular Plan;IDCW Option;INF966L01EG9;INF966L01EH7;10.6839;19-Aug-2026

Sundaram Mutual Fund
149677;Sundaram Equity Savings Fund (Formerly Known as Principal Equity Savings Fund);Direct Plan;IDCW (Income Distribution CUM Capital Withdrawal);INF173K01HC6;INF173K01HD4;15.7124;19-Aug-2026
149679;Sundaram Equity Savings Fund (Formerly Known as Principal Equity Savings Fund);Direct Plan;GROWTH;INF173K01GZ9;;84.6750;19-Aug-2026
149674;Sundaram Equity Savings Fund (Formerly Known as Principal Equity Savings Fund);Regular Plan;GROWTH;INF173K01213;;71.7783;19-Aug-2026
149675;Sundaram Equity Savings Fund (Formerly Known as Principal Equity Savings Fund);Regular Plan;IDCW (Income Distribution CUM Capital Withdrawal);INF173K01247;INF173K01254;14.4016;19-Aug-2026

Open Ended Schemes ( Other Scheme - Index Funds )


Angel One Mutual Fund
153529;ANGEL ONE NIFTY 50 INDEX FUND;Direct Plan;Growth;INF1J2R01072;;9.923;19-Aug-2026
153530;ANGEL ONE NIFTY 50 INDEX FUND;Regular Plan;Growth;INF1J2R01080;;9.8619;19-Aug-2026
153330;ANGEL ONE NIFTY TOTAL MARKET INDEX FUND;Direct Plan;Growth;INF1J2R01023;;11.9472;19-Aug-2026
153331;ANGEL ONE NIFTY TOTAL MARKET INDEX FUND;Regular Plan;Growth;INF1J2R01031;;11.8167;19-Aug-2026
153956;ANGEL ONE NIFTY TOTAL MARKET MOMENTUM QUALITY 50 INDEX FUND;Direct Plan;Growth;INF1J2R01122;;10.3202;19-Aug-2026
153955;ANGEL ONE NIFTY TOTAL MARKET MOMENTUM QUALITY 50 INDEX FUND;Regular Plan;Growth;INF1J2R01130;;10.2671;19-Aug-2026

Choice Mutual Fund
154301;Choice Nifty 50 Index Fund;Direct Plan;Growth;INF2KCX01020;;10.4194;19-Aug-2026
154302;Choice Nifty 50 Index Fund;Regular Plan;Growth;INF2KCX01038;;10.4080;19-Aug-2026
154304;Choice Nifty Next 50 Index Fund;Direct Plan;Growth;INF2KCX01046;;11.4921;19-Aug-2026
154303;Choice Nifty Next 50 Index Fund;Regular Plan;Growth;INF2KCX01053;;11.4751;19-Aug-2026

Navi Mutual Fund
152062;NAVI BSE SENSEX INDEX FUND;Direct Plan;GROWTH;INF959L01HK9;;11.9972;19-Aug-2026
152061;NAVI BSE SENSEX INDEX FUND;Regular Plan;GROWTH;INF959L01HJ1;;11.7602;19-Aug-2026
149039;Navi Nifty 50 Index Fund;Direct Plan;Growth;INF959L01FP2;;15.9053;19-Aug-2026
149040;Navi Nifty 50 Index Fund;Regular Plan;Growth;INF959L01FQ0;;15.7392;19-Aug-2026
152751;Navi Nifty 500 Multicap 50:25:25 Index Fund;Direct Plan;Growth;INF959L01HO1;;10.2747;19-Aug-2026
152750;Navi Nifty 500 Multicap 50:25:25 Index Fund;Regular Plan;Growth;INF959L01HN3;;10.132;19-Aug-2026
149804;Navi Nifty Bank Index Fund;Direct Plan;Growth;INF959L01FT4;;15.1115;19-Aug-2026
149805;Navi Nifty Bank Index Fund;Regular Plan;Growth;INF959L01FU2;;14.6145;19-Aug-2026
150515;Navi Nifty India Manufacturing Index Fund;Direct Plan;Growth;INF959L01GD6;;20.0699;19-Aug-2026
150516;Navi Nifty India Manufacturing Index Fund;Regular Plan;Growth;INF959L01GE4;;19.4708;19-Aug-2026
149892;Navi Nifty Midcap 150 Index Fund;;;INF959L01FX6;;22.0797;19-Aug-2026
149893;Navi Nifty Midcap 150 Index Fund;;;INF959L01FY4;;21.2673;19-Aug-2026
154026;Navi Nifty Midsmallcap 400 Index Fund;Regular Plan;Growth;INF959L01HS2;;10.8167;19-Aug-2026
154027;Navi Nifty Midsmallcap 400 Index Fund;Direct Plan;Growth;INF959L01HR4;;10.8804;19-Aug-2026
149447;Navi Nifty Next 50 Index Fund;Direct Plan;Growth;INF959L01FR8;;17.628;19-Aug-2026
149448;Navi Nifty Next 50 Index Fund;Regular Plan;Growth;INF959L01FS6;;17.175;19-Aug-2026
153362;Navi Nifty Smallcap250 Momentum Quality 100 Index Fund;Direct Plan;Growth;INF959L01HQ6;;12.2137;19-Aug-2026
153363;Navi Nifty Smallcap250 Momentum Quality 100 Index Fund;Regular Plan;Growth;INF959L01HP8;;12.095;19-Aug-2026
152535;Navi NiftyIT Index Fund;Direct Plan;Growth;INF959L01HM5;;9.0812;19-Aug-2026
152536;Navi NiftyIT Index Fund;Regular Plan;Growth;INF959L01HL7;;8.9271;19-Aug-2026

Sundaram Mutual Fund
149483;Sundaram Nifty 100 Equal Weight Fund (Formerly Known as Principal Nifty 100 Equal Weight Fund);Direct Plan;GROWTH;INF173K01EZ4;;197.0102;19-Aug-2026
149482;Sundaram Nifty 100 Equal Weight Fund (Formerly Known as Principal Nifty 100 Equal Weight Fund);Direct Plan;IDCW (Income Distribution CUM Capital Withdrawal);INF173K01EW1;INF173K01EX9;80.4437;19-Aug-2026
149481;Sundaram Nifty 100 Equal Weight Fund (Formerly Known as Principal Nifty 100 Equal Weight Fund);Regular Plan;GROWTH;INF173K01AG2;;186.0322;19-Aug-2026
149480;Sundaram Nifty 100 Equal Weight Fund (Formerly Known as Principal Nifty 100 Equal Weight Fund);Regular Plan;IDCW (Income Distribution CUM Capital Withdrawal);INF173K01AH0;INF173K01AI8;75.9388;19-Aug-2026

Taurus Mutual Fund
118881;Taurus Nifty 50 Index Fund;;;INF044D01CQ5;;48.9371;19-Aug-2026
118882;Taurus Nifty 50 Index Fund;;;INF044D01CR3;INF044D01CS1;45.7995;19-Aug-2026
112948;Taurus Nifty 50 Index Fund;;;INF044D01948;;45.8103;19-Aug-2026
112949;Taurus Nifty 50 Index Fund;;;INF044D01914;INF044D01922;29.2078;19-Aug-2026

Open Ended Schemes ( Other Scheme - Gold ETF )


Choice Mutual Fund
153933;Choice Gold ETF;Direct Plan;Growth;INF2KCX01012;;151.1624;19-Aug-2026

HSBC Mutual Fund
154294;HSBC Gold ETF;Direct Plan;Growth;INF336L01RX2;;132.4587;19-Aug-2026

LIC Mutual Fund
151961;LIC MF Gold Exchange Traded Fund;;;INF767K01SM1;;137.2158;19-Aug-2026

The Wealth Company Mutual Fund
154092;The Wealth Company Gold ETF;Regular Plan;Growth;INF2F0001370;;151.4873;19-Aug-2026

Open Ended Schemes ( Other Scheme - Other  ETFs )


Angel One Mutual Fund
153451;ANGEL ONE NIFTY 1D RATE LIQUID ETF - GROWTH;Direct Plan;Growth;INF1J2R01056;;1073.1994;19-Aug-2026
153531;ANGEL ONE NIFTY 50 ETF;Direct Plan;;INF1J2R01064;;9.9519;19-Aug-2026
153332;ANGEL ONE NIFTY TOTAL MARKET ETF;Direct Plan;;INF1J2R01015;;11.9598;19-Aug-2026
153957;ANGEL ONE NIFTY TOTAL MARKET MOMENTUM QUALITY 50 ETF;Direct Plan;;INF1J2R01148;;10.3275;19-Aug-2026

Open Ended Schemes ( Other Scheme - FoF Domestic )


Angel One Mutual Fund
153828;ANGEL ONE GOLD ETF FOF;Regular Plan;Growth;INF1J2R01106;;13.7755;19-Aug-2026
153827;ANGEL ONE GOLD ETF FOF;Direct Plan;Growth;INF1J2R01098;;13.8404;19-Aug-2026
154206;ANGEL ONE SILVER ETF FOF;Direct Plan;Growth;INF1J2R01155;;7.8667;19-Aug-2026
154207;ANGEL ONE SILVER ETF FOF;Regular Plan;Growth;INF1J2R01163;;7.8482;19-Aug-2026

The Wealth Company Mutual Fund
154131;The Wealth Company Gold ETF FOF;Direct Plan;Growth;INF2F0001412;;9.6491;19-Aug-2026
154132;The Wealth Company Gold ETF FOF;Direct Plan;IDCW;INF2F0001420;INF2F0001438;9.6489;19-Aug-2026
154133;The Wealth Company Gold ETF FOF;Regular Plan;Growth;INF2F0001388;;9.6258;19-Aug-2026
154134;The Wealth Company Gold ETF FOF;Regular Plan;IDCW;INF2F0001396;INF2F0001404;9.6255;19-Aug-2026

Open Ended Schemes ( Equity Scheme - Flexi Cap Fund )


Abakkus Mutual Fund
154043;Abakkus Flexi Cap Fund;Direct Plan;Growth;INF2JJD01136;;11.3350;19-Aug-2026
154045;Abakkus Flexi Cap Fund;Direct Plan;IDCW;INF2JJD01128;INF2JJD01110;11.3400;19-Aug-2026
154041;Abakkus Flexi Cap Fund;Regular Plan;Growth;INF2JJD01169;;11.2330;19-Aug-2026
154042;Abakkus Flexi Cap Fund;Regular Plan;IDCW;INF2JJD01151;INF2JJD01144;11.2340;19-Aug-2026

Canara Robeco Mutual Fund
118275;Canara Robeco Flexi Cap Fund;Direct Plan;GROWTH OPTION;INF760K01EF0;;392.9600;19-Aug-2026
118276;Canara Robeco Flexi Cap Fund;Direct Plan;IDCW (Payout/Reinvestment);INF760K01ED5;INF760K01EE3;92.7600;19-Aug-2026
101922;Canara Robeco Flexi Cap Fund;Regular Plan;GROWTH OPTION;INF760K01019;;346.0800;19-Aug-2026
101923;Canara Robeco Flexi Cap Fund;Regular Plan;IDCW (Payout/Reinvestment);INF760K01027;INF760K01035;60.2700;19-Aug-2026

JM Financial Mutual Fund
120492;JM Flexicap Fund;Direct Plan;Growth Option;INF192K01CC7;;115.8375;19-Aug-2026
120491;JM Flexicap Fund;Direct Plan;IDCW Option;INF192K01CA1;INF192K01CB9;105.2906;19-Aug-2026
109522;JM Flexicap Fund;Regular Plan;Growth Option;INF192K01635;;100.4592;19-Aug-2026
109523;JM Flexicap Fund;Regular Plan;IDCW Option;INF192K01619;INF192K01627;77.4116;19-Aug-2026

Navi Mutual Fund
143793;Navi Flexi Cap Fund;Direct Plan;Growth;INF959L01DT9;;29.5073;19-Aug-2026
143798;Navi Flexi Cap Fund;Direct Plan;IDCW PAYOUT;INF959L01EC3;INF959L01ED1;29.28;19-Aug-2026
143797;Navi Flexi Cap Fund;Direct Plan;IDCW PAYOUT;INF959L01EA7;INF959L01EB5;29.2807;19-Aug-2026
143796;Navi Flexi Cap Fund;Direct Plan;IDCW PAYOUT;INF959L01DW3;INF959L01DX1;29.2746;19-Aug-2026
143792;Navi Flexi Cap Fund;Direct Plan;IDCW PAYOUT;INF959L01DU7;INF959L01DV5;29.2426;19-Aug-2026
143791;Navi Flexi Cap Fund;Direct Plan;IDCW PAYOUT;INF959L01DY9;INF959L01DZ6;29.3039;19-Aug-2026
143787;Navi Flexi Cap Fund;Regular Plan;Growth;INF959L01EE9;;25.1977;19-Aug-2026
143795;Navi Flexi Cap Fund;Regular Plan;IDCW PAYOUT;INF959L01EN0;INF959L01EO8;25.1984;19-Aug-2026
143794;Navi Flexi Cap Fund;Regular Plan;IDCW PAYOUT;INF959L01EL4;INF959L01EM2;25.2018;19-Aug-2026
143790;Navi Flexi Cap Fund;Regular Plan;IDCW PAYOUT;INF959L01EH2;INF959L01EI0;25.2078;19-Aug-2026
143789;Navi Flexi Cap Fund;Regular Plan;IDCW PAYOUT;INF959L01EF6;INF959L01EG4;25.2014;19-Aug-2026
143788;Navi Flexi Cap Fund;Regular Plan;DCW PAYOUT;INF959L01EJ8;INF959L01EK6;25.195;19-Aug-2026

Old Bridge Mutual Fund
154225;Old Bridge Flexi Cap Fund;Direct Plan;Direct Growth;INF0S5R01133;;11.47;19-Aug-2026
154228;Old Bridge Flexi Cap Fund;Direct Plan;Direct - IDCW;INF0S5R01141;INF0S5R01158;11.47;19-Aug-2026
154226;Old Bridge Flexi Cap Fund;Regular Plan;Regular Growth;INF0S5R01166;;11.39;19-Aug-2026
154227;Old Bridge Flexi Cap Fund;Regular Plan;Regular IDCW;INF0S5R01174;INF0S5R01182;11.39;19-Aug-2026

quant Mutual Fund
109830;Quant Flexi Cap Fund;Regular Plan;Growth Option;INF966L01457;;109.182;19-Aug-2026
120843;Quant Flexi Cap Fund;Direct Plan;Growth Option;INF966L01911;;122.8539;19-Aug-2026
120842;Quant Flexi Cap Fund;Direct Plan;IDCW Option;INF966L01895;INF966L01903;83.509;19-Aug-2026
109831;Quant Flexi Cap Fund;Regular Plan;IDCW Option;INF966L01432;INF966L01440;78.0345;19-Aug-2026

Sundaram Mutual Fund
150571;Sundaram Flexicap Fund;Direct Plan;GROWTH;INF903JA1LE2;;15.3332;19-Aug-2026
150573;Sundaram Flexicap Fund;Direct Plan;IDCW (Income Distribution CUM Capital Withdrawal);INF903JA1LF9;;12.6875;19-Aug-2026
150572;Sundaram Flexicap Fund;Direct Plan;IDCW (Income Distribution CUM Capital Withdrawal);;INF903JA1LG7;12.6875;19-Aug-2026
150568;Sundaram Flexicap Fund;Regular Plan;GROWTH;INF903JA1LB8;;14.4448;19-Aug-2026
150569;Sundaram Flexicap Fund;Regular Plan;IDCW (Income Distribution CUM Capital Withdrawal);INF903JA1LC6;;11.9422;19-Aug-2026
150570;Sundaram Flexicap Fund;Regular Plan;IDCW (Income Distribution CUM Capital Withdrawal);;INF903JA1LD4;11.9422;19-Aug-2026

Taurus Mutual Fund
118884;Taurus Flexi Cap Fund;;;INF044D01BV7;INF044D01BW5;123.86;19-Aug-2026
118883;Taurus Flexi Cap Fund;;;INF044D01BU9;;245.50;19-Aug-2026
100476;Taurus Flexi Cap Fund;;;INF044D01989;;235.80;19-Aug-2026
111640;Taurus Flexi Cap Fund;;;INF044D01955;INF044D01963;114.43;19-Aug-2026

The Wealth Company Mutual Fund
153872;The Wealth Company Flexi Cap Fund;Direct Plan;Growth;INF2F0001040;;10.1767;19-Aug-2026
153873;The Wealth Company Flexi Cap Fund;Direct Plan;IDCW;INF2F0001057;INF2F0001065;10.1761;19-Aug-2026
153870;The Wealth Company Flexi Cap Fund;Regular Plan;Growth;INF2F0001016;;10.0047;19-Aug-2026
153871;The Wealth Company Flexi Cap Fund;Regular Plan;IDCW;INF2F0001024;INF2F0001032;10.0046;19-Aug-2026

Open Ended Schemes ( Income/Debt Oriented Schemes - Overnight Fund )


Choice Mutual Fund
154416;Choice Overnight Fund;Direct Plan;Daily IDCW;;INF2KCX01061;100.1000;19-Aug-2026
154414;Choice Overnight Fund;Regular Plan;Daily IDCW;;INF2KCX01079;100.1000;19-Aug-2026
154413;Choice Overnight Fund;Direct Plan;Growth;INF2KCX01087;;100.6511;19-Aug-2026
154415;Choice Overnight Fund;Regular Plan;Growth;INF2KCX01095;;100.6374;19-Aug-2026
154624;Choice Overnight Fund;Direct Plan;Unclaimed Less than 3 years Redemption;;;100.0962;19-Aug-2026

Helios Mutual Fund
152151;Helios Overnight Fund;Direct Plan;Daily IDCW;INF0R8701087;;1000.0000;19-Aug-2026
152152;Helios Overnight Fund;Direct Plan;Growth;INF0R8701079;;1177.7386;19-Aug-2026
152154;Helios Overnight Fund;Regular Plan;Daily IDCW;INF0R8701103;;1000.0000;19-Aug-2026
152153;Helios Overnight Fund;Regular Plan;Growth;INF0R8701095;;1176.0933;19-Aug-2026

HSBC Mutual Fund
147291;HSBC Overnight Fund;Direct Plan;Daily IDCW;;INF336L01OG4;1000.0149;19-Aug-2026
147287;HSBC Overnight Fund;Direct Plan;Growth;INF336L01OF6;;1437.5354;19-Aug-2026
147300;HSBC Overnight Fund;Direct Plan;Monthly IDCW;INF336L01OK6;INF336L01OI0;1003.1903;19-Aug-2026
147296;HSBC Overnight Fund;Direct Plan;Weekly IDCW;INF336L01OJ8;INF336L01OH2;1000.1618;19-Aug-2026
147289;HSBC Overnight Fund;Regular Plan;Daily IDCW;;INF336L01OM2;1000.0149;19-Aug-2026
147290;HSBC Overnight Fund;Regular Plan;Growth;INF336L01OL4;;1425.0883;19-Aug-2026
147301;HSBC Overnight Fund;Regular Plan;Monthly IDCW;INF336L01OQ3;INF336L01OO8;1003.1385;19-Aug-2026
147288;HSBC Overnight Fund;Regular Plan;Weekly IDCW;INF336L01OP5;INF336L01ON0;1000.1753;19-Aug-2026
150501;HSBC Overnight Fund;;;;;1000;19-Aug-2026
150499;HSBC Overnight Fund;Regular Plan;Unclaimed IDCW Below three years;;;1275.8011;19-Aug-2026
150500;HSBC Overnight Fund;;;;;1000;19-Aug-2026
150502;HSBC Overnight Fund;;;;;1275.821;19-Aug-2026

Open Ended Schemes ( Income/Debt Oriented Schemes - Liquid Fund )


Abakkus Mutual Fund
154049;Abakkus Liquid Fund;Direct Plan;Daily IDCW Reinvestment;;INF2JJD01011;100.0881;19-Aug-2026
154051;Abakkus Liquid Fund;Direct Plan;Growth;INF2JJD01029;;104.0676;19-Aug-2026
154055;Abakkus Liquid Fund;Direct Plan;Monthly IDCW Reinvestment;;INF2JJD01037;100.0927;19-Aug-2026
154052;Abakkus Liquid Fund;Direct Plan;Quarterly IDCW Reinvestment;;INF2JJD01052;100.8822;19-Aug-2026
154050;Abakkus Liquid Fund;Direct Plan;Weekly IDCW Reinvestment;;INF2JJD01045;100.0891;19-Aug-2026
154053;Abakkus Liquid Fund;Regular Plan;Daily IDCW Reinvestment;;INF2JJD01060;100.0881;19-Aug-2026
154047;Abakkus Liquid Fund;Regular Plan;Growth;INF2JJD01078;;104.0100;19-Aug-2026
154048;Abakkus Liquid Fund;Regular Plan;Monthly IDCW Reinvestment;;INF2JJD01086;100.0922;19-Aug-2026
154054;Abakkus Liquid Fund;Regular Plan;Quarterly IDCW Reinvestment;;INF2JJD01102;100.8270;19-Aug-2026
154056;Abakkus Liquid Fund;Regular Plan;Weekly IDCW Reinvestment;;INF2JJD01094;100.0887;19-Aug-2026
154521;Abakkus Liquid Fund;Direct Plan;Unclaimed Redemption Less Than 3 years;;;100.5081;19-Aug-2026

HSBC Mutual Fund
120038;HSBC Liquid Fund;Regular Plan;Direct;INF336L01CC8;;2818.6785;19-Aug-2026
120037;HSBC Liquid Fund;Direct Plan;Daily IDCW;;INF336L01CB0;1001.576;19-Aug-2026
120039;HSBC Liquid Fund;Direct Plan;Monthly IDCW;INF336L01BZ1;INF336L01CA2;1042.0819;19-Aug-2026
120040;HSBC Liquid Fund;Direct Plan;Weekly IDCW;INF336L01LK2;INF336L01CD6;1195.3516;19-Aug-2026
118907;HSBC Liquid Fund;Regular Plan;Growth;INF336L01BL1;;4025.0208;19-Aug-2026
118906;HSBC Liquid Fund;Regular Plan;IDCW;;INF336L01BK3;1019.3;19-Aug-2026
118909;HSBC Liquid Fund;Regular Plan;Institutional Daily IDCW;;INF336L01BS6;1562.8262;19-Aug-2026
118901;HSBC Liquid Fund;Regular Plan;Daily IDCW;;INF336L01BM9;1001.3789;19-Aug-2026
118902;HSBC Liquid Fund;Regular Plan;Growth;INF336L01BN7;;2789.7207;19-Aug-2026
118903;HSBC Liquid Fund;Regular Plan;Monthly IDCW;INF336L01BP2;INF336L01BO5;1006.2937;19-Aug-2026
118904;HSBC Liquid Fund;Regular Plan;Weekly IDCW;INF336L01LJ4;INF336L01BQ0;1107.6453;19-Aug-2026
118908;HSBC Liquid Fund;Regular Plan;Weekly IDCW;;INF336L01BR8;1001.4668;19-Aug-2026

Open Ended Schemes ( Income/Debt Oriented Schemes - Ultra Short Term Fund )


HSBC Mutual Fund
147910;HSBC Ultra Short Duration Fund;;;;INF336L01OS9;1079.9409;19-Aug-2026
147908;HSBC Ultra Short Duration Fund;;;INF336L01OR1;;1476.1558;19-Aug-2026
147915;HSBC Ultra Short Duration Fund;;;INF336L01OV3;INF336L01OU5;1016.2037;19-Aug-2026
147912;HSBC Ultra Short Duration Fund;;;;INF336L01OT7;1007.4127;19-Aug-2026
147909;HSBC Ultra Short Duration Fund;;;;INF336L01OX9;1031.7278;19-Aug-2026
147907;HSBC Ultra Short Duration Fund;;;INF336L01OW1;;1453.5115;19-Aug-2026
147916;HSBC Ultra Short Duration Fund;;;INF336L01PA4;INF336L01OZ4;1031.749;19-Aug-2026
147911;HSBC Ultra Short Duration Fund;;;;INF336L01OY7;1041.5066;19-Aug-2026

Open Ended Schemes ( Income/Debt Oriented Schemes - Ultra Short to Short Term Fund )


HSBC Mutual Fund
151118;HSBC Low Duration Fund;Direct Plan;Annual IDCW;INF917K01VV7;INF917K01VU9;10.5959;19-Aug-2026
151117;HSBC Low Duration Fund;Direct Plan;Growth;INF917K01GM7;;32.5614;19-Aug-2026
151116;HSBC Low Duration Fund;Direct Plan;Monthly IDCW;INF917K01E60;INF917K01GK1;11.0996;19-Aug-2026
151119;HSBC Low Duration Fund;Regular Plan;Annual IDCW;INF917K01VX3;INF917K01VW5;10.4032;19-Aug-2026
151114;HSBC Low Duration Fund;Regular Plan;Growth;INF677K01452;;30.7039;19-Aug-2026
151115;HSBC Low Duration Fund;Regular Plan;Monthly IDCW;INF677K01460;INF677K01478;10.3831;19-Aug-2026

Open Ended Schemes ( Income/Debt Oriented Schemes - Money Market Fund )


HSBC Mutual Fund
151055;HSBC Money Market Fund;Direct Plan;Daily IDCW;;INF917K01FD8;10.8591;19-Aug-2026
151054;HSBC Money Market Fund;Direct Plan;Growth;INF917K01FE6;;29.7865;19-Aug-2026
151052;HSBC Money Market Fund;Direct Plan;Monthly IDCW;INF917K01E86;INF917K01FF3;12.2494;19-Aug-2026
151053;HSBC Money Market Fund;Direct Plan;Weekly IDCW;;INF917K01FH9;13.1815;19-Aug-2026
151049;HSBC Money Market Fund;Regular Plan;Daily IDCW;;INF917K01AY5;10.8591;19-Aug-2026
151048;HSBC Money Market Fund;Regular Plan;Growth;INF917K01BC9;;28.3392;19-Aug-2026
151051;HSBC Money Market Fund;Regular Plan;Monthly IDCW;INF917K01BB1;INF917K01BA3;11.5953;19-Aug-2026
151050;HSBC Money Market Fund;Regular Plan;Weekly IDCW;;INF917K01AZ2;13.0946;19-Aug-2026

Open Ended Schemes ( Income/Debt Oriented Schemes - Short Term Fund )


HSBC Mutual Fund
151063;HSBC Short Duration Fund;;;INF917K01CH6;INF917K01CI4;11.082;19-Aug-2026
151062;HSBC Short Duration Fund;;;INF917K01CM6;;28.17;19-Aug-2026
151070;HSBC Short Duration Fund;;;INF917K01VR5;INF917K01VQ7;12.2554;19-Aug-2026
151067;HSBC Short Duration Fund;;;INF917K01IQ4;;29.9758;19-Aug-2026
151068;HSBC Short Duration Fund;;;INF917K01IP6;INF917K01IO9;11.7559;19-Aug-2026
151069;HSBC Short Duration Fund;;;INF917K01IS0;INF917K01IR2;11.2812;19-Aug-2026
151071;HSBC Short Duration Fund;;;INF917K01VT1;INF917K01VS3;11.6661;19-Aug-2026
151065;HSBC Short Duration Fund;;;INF917K01CL8;;28.171;19-Aug-2026
151064;HSBC Short Duration Fund;;;INF917K01CJ2;INF917K01CK0;10.4184;19-Aug-2026

Open Ended Schemes ( Income/Debt Oriented Schemes - Medium Term Fund )


HSBC Mutual Fund
151150;HSBC Medium Duration Fund;Direct Plan;Annual IDCW;INF917K01WF8;INF917K01WC5;11.7248;19-Aug-2026
151146;HSBC Medium Duration Fund;Direct Plan;Growth;INF917K01TK4;;23.9264;19-Aug-2026
151148;HSBC Medium Duration Fund;Direct Plan;IDCW;INF917K01TM0;INF917K01TL2;11.5757;19-Aug-2026
151151;HSBC Medium Duration Fund;Regular Plan;Annual IDCW;INF917K01WE1;INF917K01WD3;10.6172;19-Aug-2026
151149;HSBC Medium Duration Fund;Regular Plan;Growth;INF917K01TH0;;21.7592;19-Aug-2026
151147;HSBC Medium Duration Fund;Regular Plan;IDCW;INF917K01TJ6;INF917K01TI8;10.6266;19-Aug-2026

Open Ended Schemes ( Income/Debt Oriented Schemes - Medium to Long Term Fund )


HSBC Mutual Fund
120059;HSBC Medium to Long Duration Fund;Direct Plan;Growth;INF336L01DE2;;49.101;19-Aug-2026
120101;HSBC Medium to Long Duration Fund;Direct Plan;Quarterly IDCW;INF336L01EO9;INF336L01EP6;10.5452;19-Aug-2026
101685;HSBC Medium to Long Duration Fund;Regular Plan;Growth;INF336L01776;;43.8892;19-Aug-2026
101686;HSBC Medium to Long Duration Fund;Regular Plan;Quarterly IDCW;INF336L01784;INF336L01792;10.6973;19-Aug-2026

Open Ended Schemes ( Income/Debt Oriented Schemes - Dynamic Term Fund )


HSBC Mutual Fund
151088;HSBC Dynamic Bond Fund;Direct Plan;Annual IDCW;INF917K01VN4;INF917K01VM6;10.8802;19-Aug-2026
151087;HSBC Dynamic Bond Fund;Direct Plan;Growth;INF917K01HA0;;33.6115;19-Aug-2026
151086;HSBC Dynamic Bond Fund;Direct Plan;Monthly IDCW;INF917K01GZ9;INF917K01GY2;12.7425;19-Aug-2026
151089;HSBC Dynamic Bond Fund;Regular Plan;Annual IDCW;INF917K01VP9;INF917K01VO2;10.3215;19-Aug-2026
151084;HSBC Dynamic Bond Fund;Regular Plan;Growth;INF677K01916;;30.8778;19-Aug-2026
151085;HSBC Dynamic Bond Fund;Regular Plan;Monthly IDCW;INF677K01924;INF677K01932;10.6975;19-Aug-2026

Open Ended Schemes ( Income/Debt Oriented Schemes - Corporate Bond Fund )


HSBC Mutual Fund
151000;HSBC Corporate Bond Fund;Direct Plan;Annual IDCW;INF917K01VZ8;INF917K01VY1;11.8194;19-Aug-2026
150996;HSBC Corporate Bond Fund;Direct Plan;Growth;INF917K01HN3;;83.2109;19-Aug-2026
150998;HSBC Corporate Bond Fund;Direct Plan;Quarterly IDCW;INF917K01HP8;INF917K01HO1;11.3308;19-Aug-2026
150997;HSBC Corporate Bond Fund;Direct Plan;Semi Annual IDCW;INF917K01HR4;INF917K01HQ6;20.1124;19-Aug-2026
151001;HSBC Corporate Bond Fund;Regular Plan;Annual IDCW;INF917K01WB7;INF917K01WA9;11.5268;19-Aug-2026
150992;HSBC Corporate Bond Fund;Regular Plan;Growth;INF917K01AH0;;77.8714;19-Aug-2026
150993;HSBC Corporate Bond Fund;Regular Plan;Quarterly IDCW;INF917K01AF4;INF917K01AG2;10.9074;19-Aug-2026
150994;HSBC Corporate Bond Fund;Regular Plan;Semi Annual IDCW;INF917K01AI8;INF917K01AJ6;16.7646;19-Aug-2026
150995;HSBC Corporate Bond Fund;Regular Plan;Bonus;INF917K01AK4;;29.5797;19-Aug-2026

Open Ended Schemes ( Income/Debt Oriented Schemes - Credit Risk Fund )


HSBC Mutual Fund
151047;HSBC Credit Risk Fund;Direct Plan;Annual IDCW;INF917K01UL0;INF917K01UK2;13.6755;19-Aug-2026
151045;HSBC Credit Risk Fund;Direct Plan;Growth;INF917K01UH8;;37.7051;19-Aug-2026
151044;HSBC Credit Risk Fund;Direct Plan;IDCW;INF917K01E29;INF917K01UI6;12.3633;19-Aug-2026
151046;HSBC Credit Risk Fund;Regular Plan;Annual IDCW;INF917K01UN6;INF917K01UM8;12.5142;19-Aug-2026
151043;HSBC Credit Risk Fund;Regular Plan;Growth;INF917K01130;;34.5091;19-Aug-2026
151042;HSBC Credit Risk Fund;Regular Plan;IDCW;INF917K01114;INF917K01122;11.2547;19-Aug-2026
151041;HSBC Credit Risk Fund;Regular Plan;Bonus;;INF917K01CU9;33.9632;19-Aug-2026

Open Ended Schemes ( Income/Debt Oriented Schemes - Banking and PSU Debt Fund )


HSBC Mutual Fund
151108;HSBC Banking and PSU Debt Fund;Direct Plan;Daily IDCW;;INF917K01HL7;11.1806;19-Aug-2026
151107;HSBC Banking and PSU Debt Fund;Direct Plan;Growth;INF917K01HH5;;27.2502;19-Aug-2026
151106;HSBC Banking and PSU Debt Fund;Direct Plan;Monthly IDCW;INF917K01HJ1;INF917K01HI3;11.2038;19-Aug-2026
151109;HSBC Banking and PSU Debt Fund;Direct Plan;Weekly IDCW;;INF917K01HK9;10.3431;19-Aug-2026
151102;HSBC Banking and PSU Debt Fund;Regular Plan;Daily IDCW;;INF677K01AF4;11.1055;19-Aug-2026
151104;HSBC Banking and PSU Debt Fund;Regular Plan;Growth;INF677K01AE7;;25.7737;19-Aug-2026
151105;HSBC Banking and PSU Debt Fund;Regular Plan;Monthly IDCW;INF677K01AI8;INF677K01AJ6;10.3881;19-Aug-2026
151103;HSBC Banking and PSU Debt Fund;Regular Plan;Weekly IDCW;;INF917K01HM5;10.3154;19-Aug-2026

Open Ended Schemes ( Income/Debt Oriented Schemes - Gilt Fund )


HSBC Mutual Fund
151014;HSBC Gilt Fund;Direct Plan;Growth;INF917K01FI7;;78.088;19-Aug-2026
151015;HSBC Gilt Fund;Direct Plan;Quarterly IDCW;INF917K01FK3;INF917K01FJ5;12.056;19-Aug-2026
151013;HSBC Gilt Fund;Regular Plan;Growth;INF917K01BP1;;67.2535;19-Aug-2026
151012;HSBC Gilt Fund;Regular Plan;Quarterly IDCW;INF917K01BN6;INF917K01BO4;10.2828;19-Aug-2026

Open Ended Schemes ( Equity Schemes - Multi Cap Fund )


HSBC Mutual Fund
151290;HSBC Multi Cap Fund;Direct Plan;Growth;INF336L01QN5;;21.4557;19-Aug-2026
151291;HSBC Multi Cap Fund;Direct Plan;IDCW;INF336L01QO3;INF336L01QP0;20.7241;19-Aug-2026
151289;HSBC Multi Cap Fund;Regular Plan;Growth;INF336L01QQ8;;20.486;19-Aug-2026
151292;HSBC Multi Cap Fund;Regular Plan;Growth;INF336L01QR6;INF336L01QS4;16.8407;19-Aug-2026

Open Ended Schemes ( Equity Schemes - Large Cap Fund )


HSBC Mutual Fund
120030;HSBC Large Cap Fund;Direct Plan;Growth;INF336L01CM7;;537.8097;19-Aug-2026
120029;HSBC Large Cap Fund;Direct Plan;IDCW;INF336L01CK1;INF336L01CL9;40.2399;19-Aug-2026
101594;HSBC Large Cap Fund;Regular Plan;Growth;INF336L01016;;479.7306;19-Aug-2026
101593;HSBC Large Cap Fund;Regular Plan;IDCW;INF336L01024;INF336L01032;42.4965;19-Aug-2026

Open Ended Schemes ( Equity Schemes - Large & Mid Cap Fund )


Helios Mutual Fund
152941;Helios Large & Mid Cap Fund;Direct Plan;Growth;INF0R8701269;;11.70;19-Aug-2026
152942;Helios Large & Mid Cap Fund;Direct Plan;IDCW;INF0R8701277;INF0R8701285;11.70;19-Aug-2026
152943;Helios Large & Mid Cap Fund;Regular Plan;Growth;INF0R8701236;;11.37;19-Aug-2026
152944;Helios Large & Mid Cap Fund;Regular Plan;IDCW;INF0R8701244;INF0R8701251;11.37;19-Aug-2026

HSBC Mutual Fund
146772;HSBC Large & Mid Cap Fund;Direct Plan;Growth;INF336L01NV5;;33.1216;19-Aug-2026
146770;HSBC Large & Mid Cap Fund;Direct Plan;IDCW;INF336L01NW3;INF336L01NX1;23.0597;19-Aug-2026
146771;HSBC Large & Mid Cap Fund;Regular Plan;Growth;INF336L01NY9;;29.9529;19-Aug-2026
146769;HSBC Large & Mid Cap Fund;Regular Plan;IDCW;INF336L01NZ6;INF336L01OA7;20.7418;19-Aug-2026

Open Ended Schemes ( Equity Schemes - Mid Cap Fund )


Helios Mutual Fund
153326;Helios Mid Cap Fund;Direct Plan;Growth;INF0R8701327;;14.20;19-Aug-2026
153324;Helios Mid Cap Fund;Direct Plan;IDCW;INF0R8701335;INF0R8701343;14.21;19-Aug-2026
153327;Helios Mid Cap Fund;Regular Plan;Growth;INF0R8701293;;13.89;19-Aug-2026
153325;Helios Mid Cap Fund;Regular Plan;IDCW;INF0R8701301;INF0R8701319;13.90;19-Aug-2026

HSBC Mutual Fund
151036;HSBC Midcap Fund;Direct Plan;Growth;INF917K01FZ1;;537.8206;19-Aug-2026
151035;HSBC Midcap Fund;Direct Plan;IDCW;INF917K01E78;INF917K01FX6;102.649;19-Aug-2026
151034;HSBC Midcap Fund;Regular Plan;Growth;INF917K01254;;470.4235;19-Aug-2026
151033;HSBC Midcap Fund;Regular Plan;IDCW;INF917K01239;INF917K01247;88.3092;19-Aug-2026

The Wealth Company Mutual Fund
154483;The Wealth Company Mid Cap Fund;Direct Plan;IDCW;INF2F0001669;INF2F0001677;9.9146;19-Aug-2026
154481;The Wealth Company Mid Cap Fund;Direct Plan;Growth;INF2F0001651;;9.9139;19-Aug-2026
154479;The Wealth Company Mid Cap Fund;Regular Plan;Growth;INF2F0001628;;9.906;19-Aug-2026
154484;The Wealth Company Mid Cap Fund;Regular Plan;IDCW;INF2F0001636;INF2F0001644;9.9064;19-Aug-2026

Open Ended Schemes ( Equity Schemes - Small Cap Fund )


Helios Mutual Fund
153912;Helios Small Cap Fund;Direct Plan;Growth;INF0R8701384;;11.55;19-Aug-2026
153910;Helios Small Cap Fund;Direct Plan;IDCW;INF0R8701392;INF0R8701400;11.55;19-Aug-2026
153909;Helios Small Cap Fund;Regular Plan;Growth;INF0R8701350;;11.42;19-Aug-2026
153911;Helios Small Cap Fund;Regular Plan;IDCW;INF0R8701368;INF0R8701376;11.42;19-Aug-2026

HSBC Mutual Fund
151130;HSBC Small Cap Fund;;;INF917K01QA1;;101.5183;19-Aug-2026
151132;HSBC Small Cap Fund;;;INF917K01PZ0;INF917K01XP5;48.2066;19-Aug-2026
151133;HSBC Small Cap Fund;;;INF917K01QC7;;90.3602;19-Aug-2026
151131;HSBC Small Cap Fund;;;INF917K01QB9;INF917K01XQ3;40.8902;19-Aug-2026

Open Ended Schemes ( Equity Schemes - Flexi Cap Fund )


Helios Mutual Fund
152135;Helios Flexi Cap Fund;Direct Plan;Growth;INF0R8701046;;16.17;19-Aug-2026
152138;Helios Flexi Cap Fund;Direct Plan;IDCW;INF0R8701053;INF0R8701061;16.17;19-Aug-2026
152136;Helios Flexi Cap Fund;Regular Plan;Growth;INF0R8701012;;15.55;19-Aug-2026
152137;Helios Flexi Cap Fund;Regular Plan;IDCW;INF0R8701020;INF0R8701038;15.55;19-Aug-2026

HSBC Mutual Fund
120046;HSBC Flexi Cap Fund;Direct Plan;Growth;INF336L01DH5;;264.8367;19-Aug-2026
120045;HSBC Flexi Cap Fund;Direct Plan;IDCW;INF336L01DF9;INF336L01DG7;48.2394;19-Aug-2026
102252;HSBC Flexi Cap Fund;Regular Plan;Growth;INF336L01AF5;;235.4811;19-Aug-2026
102251;HSBC Flexi Cap Fund;Regular Plan;IDCW;INF336L01AE8;INF336L01AD0;44.008;19-Aug-2026

Open Ended Schemes ( Equity Schemes - Value Fund )


HSBC Mutual Fund
151113;HSBC Value Fund;;;INF917K01HD4;;129.8994;19-Aug-2026
151112;HSBC Value Fund;;;INF917K01HC6;INF917K01HB8;64.2834;19-Aug-2026
151110;HSBC Value Fund;;;INF677K01023;;115.1582;19-Aug-2026
151111;HSBC Value Fund;;;INF677K01213;INF677K01015;49.9064;19-Aug-2026

Open Ended Schemes ( Equity Schemes - Focused Fund )


HSBC Mutual Fund
148411;HSBC Focused Fund;Direct Plan;Growth;INF336L01PB2;;29.9354;19-Aug-2026
148412;HSBC Focused Fund;Direct Plan;IDCW;INF336L01PC0;INF336L01PD8;22.211;19-Aug-2026
148409;HSBC Focused Fund;Regular Plan;Growth;INF336L01PE6;;27.5585;19-Aug-2026
148410;HSBC Focused Fund;Regular Plan;IDCW;INF336L01PF3;INF336L01PG1;17.801;19-Aug-2026

Open Ended Schemes ( Equity Schemes - Sectoral Fund )


Helios Mutual Fund
152679;Helios Financial Services Fund;Direct Plan;Growth;INF0R8701202;;11.99;19-Aug-2026
152680;Helios Financial Services Fund;Direct Plan;IDCW;INF0R8701210;INF0R8701228;11.99;19-Aug-2026
152682;Helios Financial Services Fund;Regular Plan;Growth;INF0R8701178;;11.59;19-Aug-2026
152681;Helios Financial Services Fund;Regular Plan;IDCW;INF0R8701186;INF0R8701194;11.59;19-Aug-2026

HSBC Mutual Fund
151040;HSBC Infrastructure Fund;Direct Plan;Growth;INF917K01FW8;;57.7675;19-Aug-2026
151039;HSBC Infrastructure Fund;Direct Plan;IDCW;INF917K01E52;INF917K01FU2;41.4163;19-Aug-2026
151037;HSBC Infrastructure Fund;Regular Plan;Growth;INF917K01536;;50.8079;19-Aug-2026
151038;HSBC Infrastructure Fund;Regular Plan;IDCW;INF917K01544;INF917K01551;36.8124;19-Aug-2026

Open Ended Schemes ( Equity Schemes - Thematic Fund )


HSBC Mutual Fund
151142;HSBC Business Cycles Fund;Direct Plan;Growth;INF917K01RI2;;49.0495;19-Aug-2026
151145;HSBC Business Cycles Fund;Direct Plan;IDCW;INF917K01RK8;INF917K01RJ0;28.2714;19-Aug-2026
151144;HSBC Business Cycles Fund;Regular Plan;Growth;INF917K01RF8;;43.9978;19-Aug-2026
151143;HSBC Business Cycles Fund;Regular Plan;IDCW;INF917K01RH4;INF917K01RG6;25.4991;19-Aug-2026
152032;HSBC Consumption Fund;Direct Plan;Growth;INF336L01QZ9;;16.1396;19-Aug-2026
152028;HSBC Consumption Fund;Direct Plan;IDCW;INF336L01RA0;INF336L01RB8;16.1396;19-Aug-2026
152027;HSBC Consumption Fund;Regular Plan;Growth;INF336L01RC6;;15.5095;19-Aug-2026
152030;HSBC Consumption Fund;Regular Plan;IDCW;INF336L01RD4;INF336L01RE2;15.5096;19-Aug-2026
153266;HSBC Financial Services fund;Direct Plan;Growth;INF336L01RU8;;12.8968;19-Aug-2026
153269;HSBC Financial Services fund;Direct Plan;IDCW;INF336L01RW4;INF336L01RV6;12.8965;19-Aug-2026
153267;HSBC Financial Services fund;Regular Plan;Growth;INF336L01RR4;;12.6247;19-Aug-2026
153268;HSBC Financial Services fund;Regular Plan;IDCW;INF336L01RT0;INF336L01RS2;12.6247;19-Aug-2026
152829;HSBC India Export Opportunities Fund;Direct Plan;Growth;INF336L01RO1;;12.0863;19-Aug-2026
152831;HSBC India Export Opportunities Fund;Direct Plan;IDCW;INF336L01RP8;INF336L01RQ6;12.0862;19-Aug-2026
152830;HSBC India Export Opportunities Fund;Regular Plan;Growth;INF336L01RL7;;11.7765;19-Aug-2026
152832;HSBC India Export Opportunities Fund;Regular Plan;IDCW;INF336L01RM5;INF336L01RN3;11.7765;19-Aug-2026

Open Ended Schemes ( Equity Schemes - ELSS- Tax Saver Fund )


HSBC Mutual Fund
151078;HSBC ELSS Tax saver Fund;Direct Plan;Growth;INF917K01GP0;;157.5108;19-Aug-2026
151079;HSBC ELSS Tax saver Fund;Direct Plan;IDCW Payout;INF917K01GO3;;40.76;19-Aug-2026
151076;HSBC ELSS Tax saver Fund;Regular Plan;Growth;INF677K01064;;143.3355;19-Aug-2026
151077;HSBC ELSS Tax saver Fund;Regular Plan;IDCW Payout;INF677K01072;;27.6092;19-Aug-2026

Open Ended Schemes ( Hybrid Schemes - Conservative Hybrid Fund )


HSBC Mutual Fund
120073;HSBC Conservative Hybrid Fund;Direct Plan;Growth;INF336L01DW4;;72.2086;19-Aug-2026
120074;HSBC Conservative Hybrid Fund;Direct Plan;Monthly IDCW;INF336L01DX2;INF336L01DY0;17.3933;19-Aug-2026
120075;HSBC Conservative Hybrid Fund;Direct Plan;Quarterly IDCW;INF336L01DZ7;INF336L01EA8;15.0638;19-Aug-2026
102262;HSBC Conservative Hybrid Fund;Regular Plan;Growth;INF336L01099;;63.8541;19-Aug-2026
102260;HSBC Conservative Hybrid Fund;Regular Plan;Monthly IDCW;INF336L01107;INF336L01115;12.8928;19-Aug-2026
102261;HSBC Conservative Hybrid Fund;Regular Plan;Quarterly IDCW;INF336L01123;INF336L01131;16.9973;19-Aug-2026

Open Ended Schemes ( Hybrid Schemes - Aggressive Hybrid Fund )


HSBC Mutual Fund
151125;HSBC Aggressive Hybrid Fund;Direct Plan;Annual IDCW;INF917K01TY5;INF917K01TX7;19.7802;19-Aug-2026
151122;HSBC Aggressive Hybrid Fund;Direct Plan;Growth;INF917K01LE4;;68.5726;19-Aug-2026
151123;HSBC Aggressive Hybrid Fund;Direct Plan;IDCW;INF917K01E45;INF917K01LD6;33.9835;19-Aug-2026
151124;HSBC Aggressive Hybrid Fund;Regular Plan;Annual IDCW;INF917K01TW9;INF917K01TV1;17.4273;19-Aug-2026
151120;HSBC Aggressive Hybrid Fund;Regular Plan;Growth;INF917K01LB0;;59.6739;19-Aug-2026
151121;HSBC Aggressive Hybrid Fund;Regular Plan;IDCW;INF917K01KZ1;INF917K01LA2;28.1513;19-Aug-2026

Open Ended Schemes ( Hybrid Schemes - Balanced Advantage Fund/ Dynamic Asset Allocation )


Helios Mutual Fund
152509;Helios Balanced Advantage Fund;Direct Plan;Growth;INF0R8701145;;12.00;19-Aug-2026
152511;Helios Balanced Advantage Fund;Direct Plan;IDCW;INF0R8701152;INF0R8701160;11.92;19-Aug-2026
152512;Helios Balanced Advantage Fund;Regular Plan;Growth;INF0R8701111;;11.56;19-Aug-2026
152510;Helios Balanced Advantage Fund;Regular Plan;IDCW;INF0R8701129;INF0R8701137;11.49;19-Aug-2026

HSBC Mutual Fund
151129;HSBC Balanced Advantage Fund;Direct Plan;Growth;INF917K01IN1;;52.117;19-Aug-2026
151128;HSBC Balanced Advantage Fund;Direct Plan;IDCW;INF917K01IM3;INF917K01IL5;22.2086;19-Aug-2026
151127;HSBC Balanced Advantage Fund;Regular Plan;Growth;INF917K01KY4;;44.3516;19-Aug-2026
151126;HSBC Balanced Advantage Fund;Regular Plan;IDCW;INF917K01KW8;INF917K01KX6;18.4306;19-Aug-2026

Open Ended Schemes ( Hybrid Schemes - Multi Asset Allocation Fund )


HSBC Mutual Fund
152380;HSBC Multi Asset Allocation Fund;Direct Plan;Growth;INF336L01RI3;;14.4518;19-Aug-2026
152381;HSBC Multi Asset Allocation Fund;Direct Plan;IDCW;INF336L01RJ1;INF336L01RK9;14.0864;19-Aug-2026
152378;HSBC Multi Asset Allocation Fund;Regular Plan;Growth;INF336L01RF9;;13.9737;19-Aug-2026
152379;HSBC Multi Asset Allocation Fund;Regular Plan;IDCW;INF336L01RG7;INF336L01RH5;12.7569;19-Aug-2026

Open Ended Schemes ( Hybrid Schemes - Arbitrage Fund )


Helios Mutual Fund
154257;Helios Arbitrage Fund;Direct Plan;Growth;INF0R8701442;;10.26;19-Aug-2026
154259;Helios Arbitrage Fund;Direct Plan;IDCW;INF0R8701459;INF0R8701467;10.25;19-Aug-2026
154258;Helios Arbitrage Fund;Regular Plan;Growth;INF0R8701418;;10.22;19-Aug-2026
154260;Helios Arbitrage Fund;Regular Plan;IDCW;INF0R8701426;INF0R8701434;10.22;19-Aug-2026

HSBC Mutual Fund
151138;HSBC Arbitrage Fund;Direct Plan;Growth;INF917K01QR5;;21.849;19-Aug-2026
151135;HSBC Arbitrage Fund;Direct Plan;Monthly IDCW;INF917K01QT1;INF917K01QS3;10.2868;19-Aug-2026
151136;HSBC Arbitrage Fund;Direct Plan;Quarterly IDCW;INF917K01QV7;INF917K01QU9;10.8592;19-Aug-2026
151134;HSBC Arbitrage Fund;Regular Plan;Growth;INF917K01QL8;;20.28;19-Aug-2026
151140;HSBC Arbitrage Fund;Regular Plan;Monthly IDCW;INF917K01QN4;INF917K01QM6;10.2875;19-Aug-2026
151137;HSBC Arbitrage Fund;Regular Plan;Quarterly IDCW;INF917K01QP9;INF917K01QO2;10.724;19-Aug-2026

Open Ended Schemes ( Hybrid Schemes - Equity Savings Fund )


HSBC Mutual Fund
151060;HSBC Equity Savings Fund;Direct Plan;Growth;INF917K01GE4;;41.2363;19-Aug-2026
151061;HSBC Equity Savings Fund;Direct Plan;Monthly IDCW;INF917K01E37;INF917K01GA2;17.7147;19-Aug-2026
151059;HSBC Equity Savings Fund;Direct Plan;Quarterly IDCW;INF917K01GD6;INF917K01GC8;18.4267;19-Aug-2026
151058;HSBC Equity Savings Fund;Regular Plan;Growth;INF917K01AA5;;36.8302;19-Aug-2026
151056;HSBC Equity Savings Fund;Regular Plan;Monthly IDCW;INF917K01965;INF917K01973;15.5019;19-Aug-2026
151057;HSBC Equity Savings Fund;Regular Plan;Quarterly IDCW;INF917K01981;INF917K01999;16.5241;19-Aug-2026

Open Ended Schemes ( Index Funds - Equity Funds )


HSBC Mutual Fund
151157;HSBC NIFTY 50 Index Fund;Direct Plan;Growth;INF917K01D12;;28.5223;19-Aug-2026
151156;HSBC NIFTY 50 Index Fund;Direct Plan;Direct IDCW;INF917K01C96;INF917K01D04;28.5223;19-Aug-2026
151158;HSBC NIFTY 50 Index Fund;Regular Plan;Growth;INF917K01D38;;27.9949;19-Aug-2026
151159;HSBC NIFTY 50 Index Fund;Regular Plan;IDCW;INF917K01D20;INF917K01D46;27.9948;19-Aug-2026
151160;HSBC NIFTY NEXT 50 Index Fund;Direct Plan;Growth;INF917K01D79;;32.4462;19-Aug-2026
151163;HSBC NIFTY NEXT 50 Index Fund;Direct Plan;IDCW;INF917K01D53;INF917K01D61;32.4463;19-Aug-2026
151162;HSBC NIFTY NEXT 50 Index Fund;Regular Plan;Growth;INF917K01D95;;31.5609;19-Aug-2026
151161;HSBC NIFTY NEXT 50 Index Fund;Regular Plan;IDCW;INF917K01D87;INF917K01E03;31.5611;19-Aug-2026

Open Ended Schemes ( Index Funds - Debt Funds )


HSBC Mutual Fund
149966;HSBC CRISIL IBX 50:50 Gilt Plus SDL Apr 2028 Index Fund;Direct Plan;Growth;INF336L01QH7;;13.3491;19-Aug-2026
149962;HSBC CRISIL IBX 50:50 Gilt Plus SDL Apr 2028 Index Fund;Direct Plan;IDCW Payout;INF336L01QI5;INF336L01QJ3;13.3491;19-Aug-2026
149963;HSBC CRISIL IBX 50:50 Gilt Plus SDL Apr 2028 Index Fund;Regular Plan;Growth;INF336L01QK1;;13.2442;19-Aug-2026
149964;HSBC CRISIL IBX 50:50 Gilt Plus SDL Apr 2028 Index Fund;Regular Plan;IDCW Payout;INF336L01QL9;INF336L01QM7;13.244;19-Aug-2026
151479;HSBC CRISIL IBX Gilt June 2027 Index Fund;Direct Plan;Growth;INF336L01QT2;;12.7614;19-Aug-2026
151482;HSBC CRISIL IBX Gilt June 2027 Index Fund;Direct Plan;IDCW;INF336L01QU0;INF336L01QV8;12.7615;19-Aug-2026
151480;HSBC CRISIL IBX Gilt June 2027 Index Fund;Regular Plan;Growth;INF336L01QW6;;12.652;19-Aug-2026
151481;HSBC CRISIL IBX Gilt June 2027 Index Fund;Regular Plan;IDCW;INF336L01QX4;INF336L01QY2;12.6521;19-Aug-2026

Close Ended Schemes ( ELSS )


Sundaram Mutual Fund
139711;SUNDARAM LONG TERM MICRO CAP TAX ADVANTAGE FUND SERIES III;;;INF903JA1443;;37.4379;19-Aug-2026
139710;SUNDARAM LONG TERM MICRO CAP TAX ADVANTAGE FUND SERIES III;;;INF903JA1450;;32.8316;19-Aug-2026
139709;SUNDARAM LONG TERM MICRO CAP TAX ADVANTAGE FUND SERIES III;;;INF903JA1427;;36.2708;19-Aug-2026
139712;SUNDARAM LONG TERM MICRO CAP TAX ADVANTAGE FUND SERIES III;;;INF903JA1435;;31.7342;19-Aug-2026
139990;SUNDARAM LONG TERM MICRO CAP TAX ADVANTAGE FUND SERIES IV;;;INF903JA1526;;32.3067;19-Aug-2026
139989;SUNDARAM LONG TERM MICRO CAP TAX ADVANTAGE FUND SERIES IV;;;INF903JA1534;;30.7494;19-Aug-2026
139992;SUNDARAM LONG TERM MICRO CAP TAX ADVANTAGE FUND SERIES IV;;;INF903JA1500;;31.5550;19-Aug-2026
139991;SUNDARAM LONG TERM MICRO CAP TAX ADVANTAGE FUND SERIES IV;;;INF903JA1518;;30.0021;19-Aug-2026
141564;SUNDARAM LONG TERM MICRO CAP TAX ADVANTAGE FUND SERIES VI;;;INF903JA1AZ0;;30.6052;19-Aug-2026
141567;SUNDARAM LONG TERM MICRO CAP TAX ADVANTAGE FUND SERIES VI;;;INF903JA1BA1;;29.6216;19-Aug-2026
141565;SUNDARAM LONG TERM MICRO CAP TAX ADVANTAGE FUND SERIES VI;;;INF903JA1AX5;;29.1114;19-Aug-2026
141566;SUNDARAM LONG TERM MICRO CAP TAX ADVANTAGE FUND SERIES VI;;;INF903JA1AY3;;28.1343;19-Aug-2026
141141;SUNDARAM LONG TERM MICRO CAP TAX ADVANTAGE SERIES V;;;INF903JA1955;;31.8548;19-Aug-2026
141142;SUNDARAM LONG TERM MICRO CAP TAX ADVANTAGE SERIES V;;;INF903JA1963;;30.3274;19-Aug-2026
141139;SUNDARAM LONG TERM MICRO CAP TAX ADVANTAGE SERIES V;;;INF903JA1930;;30.8965;19-Aug-2026
141140;SUNDARAM LONG TERM MICRO CAP TAX ADVANTAGE SERIES V;;;INF903JA1948;;29.3783;19-Aug-2026
142153;Sundaram Long Term Tax Advantage Fund Series III;;;INF903JA1BT1;;32.9757;19-Aug-2026
142154;Sundaram Long Term Tax Advantage Fund Series III;;;INF903JA1BU9;;31.3929;19-Aug-2026
142151;Sundaram Long Term Tax Advantage Fund Series III;;;INF903JA1BR5;;31.8664;19-Aug-2026
142152;Sundaram Long Term Tax Advantage Fund Series III;;;INF903JA1BS3;;30.2934;19-Aug-2026
143079;Sundaram Long Term Tax Advantage Fund Series IV;;;INF903JA1CZ6;;38.0200;19-Aug-2026
143080;Sundaram Long Term Tax Advantage Fund Series IV;;;INF903JA1DA7;;34.9320;19-Aug-2026
143077;Sundaram Long Term Tax Advantage Fund Series IV;;;INF903JA1CX1;;37.2013;19-Aug-2026
143078;Sundaram Long Term Tax Advantage Fund Series IV;;;INF903JA1CY9;;34.1382;19-Aug-2026
