Scheme Code;Scheme Name;ISIN Div Payout/ISIN Growth;ISIN Div Reinvestment;Net Asset Value;Repurchase Price;Sale Price;Date

Open Ended Schemes ( Money Market )


Taurus Mutual Fund
139619;Taurus Investor Education Pool - Unclaimed Dividend - Growth;;;10.0000;;;18-Feb-2026
139618;Taurus Investor Education Pool - Unclaimed Redemption - Growth;;;10.0000;;;18-Feb-2026
139617;Taurus Unclaimed Redemption - Growth;;;17.4148;;;18-Feb-2026

Open Ended Schemes ( Equity Scheme - Multi Cap Fund )


Axis Mutual Fund
149383;Axis Multicap Fund - Direct Growth;INF846K013E0;;19.05;;;18-Feb-2026
149384;Axis Multicap Fund - Direct Plan - IDCW;INF846K014E8;INF846K015E5;19.05;;;18-Feb-2026
149382;Axis Multicap Fund - Regular Plan - Growth;INF846K016E3;;18.06;;;18-Feb-2026
149387;Axis Multicap Fund - Regular Plan - IDCW;INF846K017E1;INF846K018E9;18.06;;;18-Feb-2026

Bank of India Mutual Fund
151443;Bank of India Multi Cap Fund Direct Plan - Growth;INF761K01FR0;;19.02;;;18-Feb-2026
151444;Bank of India Multi Cap Fund Direct Plan - IDCW;INF761K01FQ2;INF761K01FS8;18.99;;;18-Feb-2026
151445;Bank of India Multi Cap Fund Regular Plan - Growth;INF761K01FU4;;18.40;;;18-Feb-2026
151446;Bank of India Multi Cap Fund Regular Plan - IDCW;INF761K01FT6;INF761K01FV2;18.40;;;18-Feb-2026

Baroda BNP Paribas Mutual Fund
119354;Baroda BNP Paribas MULTI CAP FUND - Direct Plan - Growth Option;INF955L01AG0;;323.3336;;;18-Feb-2026
119353;Baroda BNP Paribas MULTI CAP FUND - Direct Plan - IDCW Option;INF955L01AE5;;55.8069;;;18-Feb-2026
102020;Baroda BNP Paribas MULTI CAP FUND - Regular Plan - Growth Option;INF955L01674;;286.3159;;;18-Feb-2026
102021;Baroda BNP Paribas MULTI CAP FUND - Regular Plan - IDCW Option;INF955L01658;INF955L01666;52.2269;;;18-Feb-2026

Edelweiss Mutual Fund
152094;Edelweiss Multi Cap Fund - Direct Plan - Growth;INF754K01SD8;;15.8784;;;18-Feb-2026
152093;Edelweiss Multi Cap Fund - Direct Plan - IDCW;INF754K01SA4;INF754K01SB2;15.8784;;;18-Feb-2026
152095;Edelweiss Multi Cap Fund - Regular Plan - Growth;INF754K01RW0;;15.3092;;;18-Feb-2026
152096;Edelweiss Multi Cap Fund - Regular Plan - IDCW;INF754K01RX8;INF754K01RY6;15.3092;;;18-Feb-2026

Groww Mutual Fund
153034;Groww Multicap Fund - Direct - Growth;INF666M01JD9;;10.9041;;;18-Feb-2026
153098;Groww Multicap Fund - Direct - IDCW;INF666M01JE7;INF666M01JF4;10.9042;;;18-Feb-2026
153100;Groww Multicap Fund - Regular - Growth;INF666M01JG2;;10.6704;;;18-Feb-2026
153099;Groww Multicap Fund - Regular - IDCW;INF666M01JH0;INF666M01JI8;10.6777;;;18-Feb-2026

HDFC Mutual Fund
149366;HDFC Multi Cap Fund - Growth Option;INF179KC1BV9;;18.951;;;18-Feb-2026
149368;HDFC Multi Cap Fund - Growth Option - Direct Plan;INF179KC1BS5;;19.919;;;18-Feb-2026
149365;HDFC Multi Cap Fund - IDCW Option;INF179KC1BW7;INF179KC1BX5;17.959;;;18-Feb-2026
149367;HDFC Multi Cap Fund - IDCW Option - Direct Plan;INF179KC1BT3;INF179KC1BU1;18.993;;;18-Feb-2026

HSBC Mutual Fund
151290;HSBC Multi Cap Fund - Direct - Growth;INF336L01QN5;;19.7549;;;18-Feb-2026
151291;HSBC Multi Cap Fund - Direct - IDCW;INF336L01QO3;INF336L01QP0;19.0814;;;18-Feb-2026
151289;HSBC Multi Cap Fund - Regular - Growth;INF336L01QQ8;;18.9806;;;18-Feb-2026
151292;HSBC Multi Cap Fund - Regular - IDCW;INF336L01QR6;INF336L01QS4;15.6031;;;18-Feb-2026

ICICI Prudential Mutual Fund
120599;ICICI Prudential Multicap Fund - Direct Plan -  Growth;INF109K014O9;;909.40;;;18-Feb-2026
120598;ICICI Prudential Multicap Fund - Direct Plan -  IDCW;INF109K012O3;INF109K013O1;60.80;;;18-Feb-2026
101228;ICICI Prudential Multicap Fund - Growth;INF109K01613;;811.15;;;18-Feb-2026
101706;ICICI Prudential Multicap Fund - IDCW;INF109K01FK7;INF109K01621;32.66;;;18-Feb-2026

Invesco Mutual Fund
120413;Invesco India Multicap Fund - Direct Plan - Growth Option;INF205K01MS2;;150.25;;;18-Feb-2026
120412;Invesco India Multicap Fund - Direct Plan - IDCW (Payout / Reinvestment);INF205K01MQ6;INF205K01MR4;135.96;;;18-Feb-2026
107353;Invesco India Multicap Fund - Regular Plan - Growth Option;INF205K01DN2;;125.41;;;18-Feb-2026
107352;Invesco India Multicap Fund - Regular Plan - IDCW (Payout / Reinvestment);INF205K01DO0;INF205K01DP7;113.71;;;18-Feb-2026

Kotak Mahindra Mutual Fund
149183;Kotak Multicap Fund- Regular Plan -IDCW Option;INF174KA1HT7;INF174KA1HU5;20.035;;;18-Feb-2026
149185;Kotak Multicap Fund-Direct Plan-Growth;INF174KA1HV3;;21.342;;;18-Feb-2026
149187;Kotak Multicap Fund-Direct Plan-IDCW Option;INF174KA1HW1;INF174KA1HX9;21.341;;;18-Feb-2026
149182;Kotak Multicap Fund-Regular Plan-Growth;INF174KA1HS9;;20.035;;;18-Feb-2026

LIC Mutual Fund
150659;LIC MF Multi Cap Fund-Direct Plan-Growth;INF767K01RK7;;18.2499;;;18-Feb-2026
150660;LIC MF Multi Cap Fund-Direct Plan-IDCW;INF767K01RL5;INF767K01RM3;18.2499;;;18-Feb-2026
150661;LIC MF Multi Cap Fund-Regular Plan-Growth;INF767K01RH3;;17.2893;;;18-Feb-2026
150662;LIC MF Multi Cap Fund-Regular Plan-IDCW;INF767K01RI1;INF767K01RJ9;17.2893;;;18-Feb-2026

Mahindra Manulife Mutual Fund
141223;Mahindra Manulife Multi Cap Fund - Direct Plan - IDCW;INF174V01366;INF174V01358;31.9598;;;18-Feb-2026
141226;Mahindra Manulife Multi Cap Fund - Direct Plan -Growth;INF174V01341;;42.4450;;;18-Feb-2026
141224;Mahindra Manulife Multi Cap Fund - Regular Plan - Growth;INF174V01317;;36.2846;;;18-Feb-2026
141225;Mahindra Manulife Multi Cap Fund - Regular Plan - IDCW;INF174V01333;INF174V01325;26.3341;;;18-Feb-2026

Mirae Asset Mutual Fund
151810;Mirae Asset Multicap Fund - Direct Plan - Growth;INF769K01KK8;;15.141;;;18-Feb-2026
151811;Mirae Asset Multicap Fund - Direct Plan - IDCW;INF769K01KL6;INF769K01KM4;15.139;;;18-Feb-2026
151812;Mirae Asset Multicap Fund - Regular Plan - Growth;INF769K01KH4;;14.590;;;18-Feb-2026
151813;Mirae Asset Multicap Fund - Regular Plan - IDCW;INF769K01KI2;INF769K01KJ0;14.578;;;18-Feb-2026

PGIM India Mutual Fund
152815;PGIM India Multi Cap Fund - Direct Plan - Growth Option;INF663L01Z03;;10.15;;;18-Feb-2026
152817;PGIM India Multi Cap Fund - Direct Plan - IDCW Option;INF663L01Z11;INF663L01Z29;10.15;;;18-Feb-2026
152816;PGIM India Multi Cap Fund - Regular Plan - Growth Option;INF663L01Y87;;9.9;;;18-Feb-2026
152818;PGIM India Multi Cap Fund - Regular Plan - IDCW Option;INF663L01Y95;INF663L01Z37;9.9;;;18-Feb-2026

quant Mutual Fund
100631;quant Multi Cap Fund-GROWTH OPTION - Regular Plan;INF966L01234;;587.9679;;;18-Feb-2026
120823;quant Multi Cap Fund-GROWTH OPTION-Direct Plan;INF966L01614;;645.0707;;;18-Feb-2026
120822;quant Multi Cap Fund-IDCW Option - Direct Plan;INF966L01598;INF966L01606;74.7057;;;18-Feb-2026
100630;quant Multi Cap Fund-IDCW Option - Regular Plan;INF966L01218;INF966L01226;67.2419;;;18-Feb-2026

Samco Mutual Fund
152847;Samco Multi Cap Fund - Direct Plan - Growth;INF0K1H01198;;8.88;;;18-Feb-2026
152848;Samco Multi Cap Fund - Regular Plan - Growth;INF0K1H01206;;8.70;;;18-Feb-2026

SBI Mutual Fund
149887;SBI Multicap Fund- Direct Plan - Income Distribution cum Capital Withdrawal Option (IDCW);INF200KA19E0;INF200KA10F6;17.3226;;;18-Feb-2026
149882;SBI Multicap Fund- Direct Plan- Growth option;INF200KA18E2;;17.3225;;;18-Feb-2026
149886;SBI Multicap Fund- Regular Plan- Growth Option;INF200KA15E8;;16.7055;;;18-Feb-2026
149883;SBI Multicap Fund- Regular Plan- Income Distribution cum Capital Withdrawal Option (IDCW);INF200KA16E6;INF200KA17E4;16.7082;;;18-Feb-2026

Sundaram Mutual Fund
149668;Sundaram Multi Cap Fund (Formerly Known as Principal Multi Cap Growth Fund) - Direct Plan - Income Distribution CUM Capital Withdrawal Option (IDCW);INF173K01FN7;INF173K01FO5;85.9122;;;18-Feb-2026
149666;Sundaram Multi Cap Fund (Formerly Known as Principal Multi Cap Growth Fund)- Income Distribution CUM Capital Withdrawal Option (IDCW);INF173K01957;INF173K01965;63.2797;;;18-Feb-2026
149669;Sundaram Multi Cap Fund (Formerly Known as Principal Multi Cap Growth Fund)-Direct Plan - Growth Option;INF173K01FQ0;;433.0528;;;18-Feb-2026
149667;Sundaram Multi Cap Fund (Formerly Known as Principal Multi Cap Growth Fund)-Growth Option;INF173K01940;;386.5888;;;18-Feb-2026

Trust Mutual Fund
153644;TRUSTMF MULTI CAP FUND -DIRECT PLAN-GROWTH;INF0GCD01834;;10.61;;;18-Feb-2026
153645;TRUSTMF MULTI CAP FUND -REGULAR PLAN-GROWTH;INF0GCD01842;;10.5;;;18-Feb-2026

UTI Mutual Fund
153515;UTI Multi Cap Fund - Direct Plan - Growth Option;INF789F1AB89;;10.5461;;;18-Feb-2026
153516;UTI Multi Cap Fund - Regular Plan - Growth Option;INF789F1AB71;;10.4199;;;18-Feb-2026

WhiteOak Capital Mutual Fund
152071;WhiteOak Capital Multi Cap Fund Direct Plan Growth;INF03VN01803;;15.757;;;18-Feb-2026
152072;WhiteOak Capital Multi Cap Fund Regular Plan Growth;INF03VN01795;;15.164;;;18-Feb-2026

Open Ended Schemes ( Equity Scheme - Large Cap Fund )


Axis Mutual Fund
120465;Axis Large Cap Fund - Direct Plan - Growth;INF846K01DP8;;71.67;;;18-Feb-2026
120466;Axis Large Cap Fund - Direct Plan - IDCW;INF846K01DN3;INF846K01DO1;25.97;;;18-Feb-2026
112277;Axis Large Cap Fund - Regular Plan - Growth;INF846K01164;;62.00;;;18-Feb-2026
112278;Axis Large Cap Fund - Regular Plan - IDCW;INF846K01172;INF846K01180;18.15;;;18-Feb-2026

Bank of India Mutual Fund
148980;BANK OF INDIA Large Cap Fund Direct Plan Growth;INF761K01FL3;;18.02;;;18-Feb-2026
148981;BANK OF INDIA Large Cap Fund Direct Plan IDCW;INF761K01FK5;INF761K01FM1;17.99;;;18-Feb-2026
148982;BANK OF INDIA Large Cap Fund Regular Plan Growth;INF761K01FO7;;16.98;;;18-Feb-2026
148983;BANK OF INDIA Large Cap Fund Regular Plan IDCW;INF761K01FN9;INF761K01FP4;16.98;;;18-Feb-2026

Baroda BNP Paribas Mutual Fund
150187;BARODA BNP PARIBAS LARGE CAP Fund - Direct Plan - Growth Option;INF251K01HN7;;263.3486;;;18-Feb-2026
150188;BARODA BNP PARIBAS LARGE CAP Fund - Direct Plan - IDCW Option;INF251K01HL1;INF251K01HM9;29.2445;;;18-Feb-2026
150186;BARODA BNP PARIBAS LARGE CAP Fund - Regular Plan - IDCW Option;INF251K01910;INF251K01902;24.1713;;;18-Feb-2026
150185;BARODA BNP PARIBAS LARGE CAP Fund- Regular Plan - Growth Option;INF251K01894;;226.7168;;;18-Feb-2026

Edelweiss Mutual Fund
118616;Edelweiss Large Cap Fund - Direct Plan - IDCW Option;INF754K01BT0;INF754K01BU8;41.05;;;18-Feb-2026
118617;Edelweiss Large Cap Fund - Direct Plan-Growth option;INF754K01BW4;;100.79;;;18-Feb-2026
111938;Edelweiss Large Cap Fund - Plan B - IDCW Option;INF754K01053;INF754K01061;88.6;;;18-Feb-2026
111939;Edelweiss Large Cap Fund - Plan C - IDCW Option;INF754K01095;INF754K01103;70.63;;;18-Feb-2026
111940;Edelweiss Large Cap Fund - Regular Plan - Growth Option;INF754K01046;;87.03;;;18-Feb-2026
111936;Edelweiss Large Cap Fund - Regular Plan - IDCW Option;INF754K01012;INF754K01020;28.7;;;18-Feb-2026
111935;Edelweiss Large Cap Fund -Plan B - Growth option;INF754K01087;;87.56;;;18-Feb-2026
111937;Edelweiss Large Cap Fund -Plan C - Growth option;INF754K01129;;86.42;;;18-Feb-2026

Groww Mutual Fund
119133;Groww Largecap Fund (formerly known as Indiabulls Blue Chip Fund) - Direct Plan - Growth Option;INF666M01600;;54.01;;;18-Feb-2026
116547;Groww Largecap Fund (formerly known as Indiabulls Blue Chip Fund) - Regular Plan- Growth Option;INF666M01162;;44.69;;;18-Feb-2026
119134;Groww Largecap Fund (formerly known as Indiabulls Bluechip Fund)- Direct Plan- - Income Distribution cum capital withdrawal Option (Payout & Reinvestment);INF666M01626;INF666M01618;31.28;;;18-Feb-2026
140814;Groww Largecap Fund (formerly known as Indiabulls Bluechip Fund)- Direct Plan- Half Yearly -Income Distribution cum capital withdrawal Option (Payout & Reinvestment);INF666M01CQ6;INF666M01CR4;30.36;;;18-Feb-2026
140809;Groww Largecap Fund (formerly known as Indiabulls Bluechip Fund)- Direct Plan- Monthly - Income Distribution cum capital withdrawal Option (Payout & Reinvestment);INF666M01CM5;INF666M01CN3;24.12;;;18-Feb-2026
140811;Groww Largecap Fund (formerly known as Indiabulls Bluechip Fund)- Direct Plan- Quarterly - Income Distribution cum capital withdrawal Option (Payout & Reinvestment);INF666M01CO1;INF666M01CP8;30.13;;;18-Feb-2026
116548;Groww Largecap Fund (formerly known as Indiabulls Bluechip Fund)- Regular Plan- - Income Distribution cum capital withdrawal Option (Payout & Reinvestment);INF666M01188;INF666M01170;25.18;;;18-Feb-2026
140813;Groww Largecap Fund (formerly known as Indiabulls Bluechip Fund)- Regular Plan- Half Yearly - Income Distribution cum capital withdrawal Option (Payout & Reinvestment);INF666M01CW4;INF666M01CX2;26.83;;;18-Feb-2026
140810;Groww Largecap Fund (formerly known as Indiabulls Bluechip Fund)- Regular Plan- Monthly - Income Distribution cum capital withdrawal Option (Payout & Reinvestment);INF666M01CS2;INF666M01CT0;25.74;;;18-Feb-2026
140812;Groww Largecap Fund (formerly known as Indiabulls Bluechip Fund)- Regular Plan- Quarterly - Income Distribution cum capital withdrawal Option (Payout & Reinvestment);INF666M01CU8;INF666M01CV6;26.68;;;18-Feb-2026

HDFC Mutual Fund
119018;HDFC Large Cap Fund - Growth Option - Direct Plan;INF179K01YV8;;1282.148;;;18-Feb-2026
102000;HDFC Large Cap Fund - Growth Option - Regular Plan;INF179K01BE2;;1181.264;;;18-Feb-2026
119017;HDFC Large Cap Fund - IDCW Option - Direct Plan;INF179K01YT2;INF179K01YU0;64.935;;;18-Feb-2026
102001;HDFC Large Cap Fund - IDCW Option - Regular Plan;INF179K01BC6;INF179K01BD4;54.097;;;18-Feb-2026

HSBC Mutual Fund
120030;HSBC Large Cap Fund - Direct Growth;INF336L01CM7;;557.4038;;;18-Feb-2026
120029;HSBC Large Cap Fund - Direct IDCW;INF336L01CK1;INF336L01CL9;41.706;;;18-Feb-2026
101594;HSBC Large Cap Fund - Regular Growth;INF336L01016;;499.4219;;;18-Feb-2026
101593;HSBC Large Cap Fund - Regular IDCW;INF336L01024;INF336L01032;44.2409;;;18-Feb-2026

ICICI Prudential Mutual Fund
120585;ICICI Prudential Large Cap Fund (erstwhile Bluechip Fund)  - Direct Plan - IDCW;INF109K014L5;INF109K015L2;63.80;;;18-Feb-2026
108466;ICICI Prudential Large Cap Fund (erstwhile Bluechip Fund)  - Growth;INF109K01BL4;;114.46;;;18-Feb-2026
108465;ICICI Prudential Large Cap Fund (erstwhile Bluechip Fund)  - IDCW;INF109K01EP9;INF109K01BM2;30.86;;;18-Feb-2026
120586;ICICI Prudential Large Cap Fund (erstwhile Bluechip Fund) - Direct Plan - Growth;INF109K016L0;;126.11;;;18-Feb-2026

Invesco Mutual Fund
120392;Invesco India Largecap Fund - Direct Plan - Growth;INF205K01LB0;;85.17;;;18-Feb-2026
120393;Invesco India Largecap Fund - Direct Plan - IDCW (Payout / Reinvestment);INF205K01KZ1;INF205K01LA2;37.72;;;18-Feb-2026
112098;Invesco India Largecap Fund - Regular Plan - Growth;INF205K01304;;70.44;;;18-Feb-2026
112099;Invesco India Largecap Fund - Regular Plan - IDCW (Payout / Reinvestment);INF205K01320;INF205K01312;29.25;;;18-Feb-2026

JM Financial Mutual Fund
134958;JM Large Cap Fund (Direct) - Annual IDCW;INF192K01JU4;INF192K01JV2;75.3809;;;18-Feb-2026
120490;JM Large Cap Fund (Direct) - Growth Option;INF192K01BZ0;;182.9997;;;18-Feb-2026
134957;JM Large Cap Fund (Direct) - Half Yearly IDCW ;INF192K01JR0;INF192K01JZ3;74.854;;;18-Feb-2026
120489;JM Large Cap Fund (Direct) - IDCW;INF192K01BX5;INF192K01BY3;73.4722;;;18-Feb-2026
134956;JM Large Cap Fund (Direct) - Monthly IDCW ;INF192K01JJ7;INF192K01JK5;74.6978;;;18-Feb-2026
134960;JM Large Cap Fund (Direct) - Quarterly IDCW;INF192K01JN9;INF192K01JO7;75.3943;;;18-Feb-2026
134961;JM Large Cap Fund (Regular) - Annual IDCW;INF192K01JS8;INF192K01JT6;31.6337;;;18-Feb-2026
100219;JM Large Cap Fund (Regular) - Growth Option;INF192K01601;;158.4677;;;18-Feb-2026
134955;JM Large Cap Fund (Regular) - Half Yearly IDCW;INF192K01JP4;INF192K01JQ2;25.9778;;;18-Feb-2026
100218;JM Large Cap Fund (Regular) - IDCW ;INF192K01585;INF192K01593;30.7623;;;18-Feb-2026
134959;JM Large Cap Fund (Regular) - Monthly IDCW;INF192K01JH1;INF192K01JI9;24.6229;;;18-Feb-2026
134954;JM Large Cap Fund (Regular) - Quarterly IDCW;INF192K01JL3;INF192K01JM1;35.7618;;;18-Feb-2026

Kotak Mahindra Mutual Fund
120152;Kotak Large Cap  Fund - Growth - Direct;INF174K01KW6;;688.528;;;18-Feb-2026
114458;Kotak Large Cap Fund - Growth;INF174K01153;;594.688;;;18-Feb-2026
120153;Kotak Large Cap Fund - Payout of Income Distribution cum capital withdrawal option - Direct;INF174K01KY2;INF174K01KX4;91.06;;;18-Feb-2026
114457;Kotak Large Cap Fund - Payout of Income Distribution cumcapital withdrawal option;INF174K01179;INF174K01161;76.764;;;18-Feb-2026

LIC Mutual Fund
120267;LIC MF Large Cap Fund-Direct Plan-Growth;INF767K01EJ7;;64.6465;;;18-Feb-2026
120268;LIC MF Large Cap Fund-Direct Plan-IDCW;INF767K01EI9;INF767K01EK5;40.7092;;;18-Feb-2026
106871;LIC MF Large Cap Fund-Regular Plan-Growth;INF767K01105;;56.5057;;;18-Feb-2026
100332;LIC MF Large Cap Fund-Regular Plan-IDCW;INF767K01097;INF767K01089;34.1259;;;18-Feb-2026

Mahindra Manulife Mutual Fund
146550;Mahindra Manulife Large Cap Fund - Direct Plan - IDCW;INF174V01747;INF174V01739;20.3229;;;18-Feb-2026
146549;Mahindra Manulife Large Cap Fund - Direct Plan -Growth;INF174V01721;;26.8481;;;18-Feb-2026
146551;Mahindra Manulife Large Cap Fund - Regular Plan - Growth;INF174V01697;;23.6983;;;18-Feb-2026
146548;Mahindra Manulife Large Cap Fund - Regular Plan - IDCW;INF174V01713;INF174V01705;17.4276;;;18-Feb-2026

Mirae Asset Mutual Fund
118825;Mirae Asset Large Cap Fund - Direct Plan - Growth;INF769K01AX2;;131.551;;;18-Feb-2026
107578;Mirae Asset Large Cap Fund - Growth Plan;INF769K01010;;116.041;;;18-Feb-2026
118826;Mirae Asset Large Cap Fund Direct IDCW;INF769K01AY0;INF769K01AZ7;68.669;;;18-Feb-2026
107579;Mirae Asset Large Cap Fund Regular IDCW;INF769K01036;INF769K01028;29.722;;;18-Feb-2026

PGIM India Mutual Fund
138313;PGIM India Large Cap Fund - Direct Plan - Dividend;INF663L01GS2;INF663L01GT0;28.37;;;18-Feb-2026
138312;PGIM India Large Cap Fund - Direct Plan - Growth;INF663L01GR4;;412.07;;;18-Feb-2026
138307;PGIM India Large Cap Fund - Dividend;INF663L01GU8;INF663L01GV6;19.69;;;18-Feb-2026
138308;PGIM India Large Cap Fund - Growth;INF663L01GW4;;344.21;;;18-Feb-2026

PPFAS Mutual Fund
154155;Parag Parikh Large Cap Fund - Direct Plan - Growth;INF879O01332;;10.0738;;;18-Feb-2026
154156;Parag Parikh Large Cap Fund - Direct Plan - IDCW;;INF879O01357;10.0738;;;18-Feb-2026
154154;Parag Parikh Large Cap Fund - Regular Plan - Growth;INF879O01365;;10.0722;;;18-Feb-2026
154153;Parag Parikh Large Cap Fund - Regular Plan - IDCW;;INF879O01381;10.0722;;;18-Feb-2026

quant Mutual Fund
150440;quant Large Cap Fund - Growth Option - Direct Plan;INF966L01AT0;;16.0892;;;18-Feb-2026
150441;quant Large Cap Fund - Growth Option - Regular Plan;INF966L01AW4;;15.216;;;18-Feb-2026
150439;quant Large Cap Fund - IDCW Option - Direct Plan;INF966L01AU8;INF966L01AV6;16.156;;;18-Feb-2026
150442;quant Large Cap Fund - IDCW Option - Regular Plan;INF966L01AX2;INF966L01AY0;15.1292;;;18-Feb-2026

Samco Mutual Fund
153239;Samco Large Cap Fund - Direct Plan - Growth Option;INF0K1H01255;;9.53;;;18-Feb-2026
153238;Samco Large Cap Fund - Regular Plan - Growth Option;INF0K1H01263;;9.39;;;18-Feb-2026

SBI Mutual Fund
119585;SBI Large Cap Fund - Direct Plan - Income Distribution cum Capital Withdrawal Option (IDCW);INF200K01QV8;INF200K01QW6;69.4460;;;18-Feb-2026
103616;SBI Large Cap Fund - Regular Plan - Income Distribution cum Capital Withdrawal Option (IDCW);INF200K01164;INF200K01172;54.7350;;;18-Feb-2026
119598;SBI Large Cap FUND-DIRECT PLAN -GROWTH;INF200K01QX4;;107.0054;;;18-Feb-2026
103504;SBI Large Cap FUND-REGULAR PLAN GROWTH;INF200K01180;;96.2147;;;18-Feb-2026

Sundaram Mutual Fund
148509;Sundaram Large Cap Fund (Formerly Known as Sundaram Blue Chip  Fund)  Direct Plan - Reinvestment of Income Distribution cum Capital Withdrawal (IDCW);INF903JA1JE6;;17.0508;;;18-Feb-2026
148505;Sundaram Large Cap Fund (Formerly Known as Sundaram Blue Chip Fund)  Regular Plan - Payout of Income Distribution cum Capital Withdrawal (IDCW);INF903JA1JA4;;15.7391;;;18-Feb-2026
148508;Sundaram Large Cap Fund (Formerly Known as Sundaram Blue Chip Fund) Direct Plan - Payout of Income Distribution cum Capital Withdrawal (IDCW);INF903JA1JD8;;17.0508;;;18-Feb-2026
148506;Sundaram Large Cap Fund (Formerly Known as Sundaram Blue Chip Fund) Regular Plan - Reinvestment of Income Distribution cum Capital Withdrawal (IDCW);INF903JA1JB2;;15.7391;;;18-Feb-2026
148507;Sundaram Large Cap Fund (Formerly Known as Sundaram Blue Chip Fund)Direct Plan - Growth;INF903JA1JC0;;23.4839;;;18-Feb-2026
148504;Sundaram Large Cap Fund(Formerly Known as Sundaram Blue Chip Fund) Regular Plan - Growth;INF903JA1IZ3;;21.7119;;;18-Feb-2026

Taurus Mutual Fund
118870;Taurus Large Cap Fund - Direct Plan - Growth;INF044D01BX3;;171.78;;;18-Feb-2026
118871;Taurus Large Cap Fund - Direct Plan - Payout of Income Distribution cum Capital Withdrawal option;INF044D01BY1;INF044D01BZ8;75.67;;;18-Feb-2026
101209;Taurus Large Cap Fund - Regular Plan - Growth;INF044D01773;;162.19;;;18-Feb-2026
108403;Taurus Large Cap Fund - Regular Plan - Payout of Income Distribution cum Capital Withdrawal option;INF044D01740;INF044D01757;71.05;;;18-Feb-2026

UTI Mutual Fund
120656;UTI Large Cap Fund - Direct Plan - Growth Option;INF789F01US8;;307.0236;;;18-Feb-2026
120657;UTI Large Cap Fund - Direct Plan - IDCW;INF789F01UQ2;INF789F01UR0;65.2556;;;18-Feb-2026
100651;UTI Large Cap Fund - Regular Plan - Growth Option;INF789F01976;;278.7174;;;18-Feb-2026
100650;UTI Large Cap Fund - Regular Plan - IDCW;INF189A01038;INF789F01950;54.9223;;;18-Feb-2026

WhiteOak Capital Mutual Fund
150797;WhiteOak Capital Large Cap Fund Direct Plan Growth;INF03VN01696;;16.117;;;18-Feb-2026
150798;WhiteOak Capital Large Cap Fund Direct Plan IDCW;INF03VN01704;INF03VN01712;16.117;;;18-Feb-2026
150799;WhiteOak Capital Large Cap Fund Regular Plan Growth;INF03VN01662;;15.275;;;18-Feb-2026
150800;WhiteOak Capital Large Cap Fund Regular Plan IDCW;INF03VN01670;INF03VN01688;15.275;;;18-Feb-2026

Open Ended Schemes ( Equity Scheme - Large & Mid Cap Fund )


Bank of India Mutual Fund
119349;BANK OF INDIA Large & Mid Cap Fund Direct  Plan- Quarterly IDCW;INF761K01678;INF761K01660;29.14;;;18-Feb-2026
119300;BANK OF INDIA Large & Mid Cap Fund Direct Plan- Bonus;INF761K01629;;54.18;;;18-Feb-2026
119350;BANK OF INDIA Large & Mid Cap Fund Direct Plan-Growth;INF761K01652;;104.93;;;18-Feb-2026
119346;BANK OF INDIA Large & Mid Cap Fund Direct Plan-Regular IDCW;INF761K01645;INF761K01637;28.70;;;18-Feb-2026
110599;BANK OF INDIA Large & Mid Cap Fund Eco Plan- Growth;INF761K01041;;100.07;;;18-Feb-2026
110601;BANK OF INDIA Large & Mid Cap Fund Eco Plan-Bonus;INF761K01017;;100.07;;;18-Feb-2026
110604;BANK OF INDIA Large & Mid Cap Fund Eco Plan-Quarterly IDCW;INF761K01058;INF761K01066;28.23;;;18-Feb-2026
110608;BANK OF INDIA Large & Mid Cap Fund Eco Plan-Regular IDCW;INF761K01025;INF761K01033;28.02;;;18-Feb-2026
110603;BANK OF INDIA Large & Mid Cap Fund Regular Plan- Growth;INF761K01108;;90.64;;;18-Feb-2026
110598;BANK OF INDIA Large & Mid Cap Fund Regular Plan- Quarterly IDCW;INF761K01116;INF761K01124;33.01;;;18-Feb-2026
110607;BANK OF INDIA Large & Mid Cap Fund Regular Plan- Regular IDCW;INF761K01082;INF761K01090;27.05;;;18-Feb-2026
110606;BANK OF INDIA Large & Mid Cap Fund Regular Plan-Bonus;INF761K01074;;90.62;;;18-Feb-2026

Baroda BNP Paribas Mutual Fund
148474;Baroda BNP Paribas Large and Mid Cap Fund- Direct Plan -Growth Option;INF955L01JU2;;29.8891;;;18-Feb-2026
148475;Baroda BNP Paribas Large and Mid Cap Fund-Direct Plan-IDCW Option;INF955L01JV0;INF955L01JW8;22.9056;;;18-Feb-2026
148471;Baroda BNP Paribas Large and Mid Cap Fund-Regular Plan-Growth Option;INF955L01JR8;;27.6134;;;18-Feb-2026
148472;Baroda BNP Paribas Large and Mid Cap Fund-Regular plan-IDCW Option;INF955L01JS6;INF955L01JT4;19.9070;;;18-Feb-2026

Edelweiss Mutual Fund
140175;Edelweiss Large & Mid Cap Fund - Direct Plan - Growth Option;INF843K01AL0;;105.949;;;18-Feb-2026
140172;Edelweiss Large & Mid Cap Fund - Regular Plan - Growth Option;INF843K01047;;89.316;;;18-Feb-2026
140174;Edelweiss Large and Mid Cap Fund - Direct Plan - IDCW Option;INF843K01AM8;INF843K01AN6;41.096;;;18-Feb-2026
140173;Edelweiss Large and Mid Cap Fund - Regular Plan - IDCW Option;INF843K01054;INF843K01062;34.064;;;18-Feb-2026

HDFC Mutual Fund
130496;HDFC Large and Mid Cap Fund - Growth Option;INF179KA1RT1;;347.377;;;18-Feb-2026
130498;HDFC Large and Mid Cap Fund - Growth Option - Direct Plan;INF179KA1RQ7;;366.969;;;18-Feb-2026
130497;HDFC Large and Mid Cap Fund - IDCW Option;INF179KA1RU9;;38.232;;;18-Feb-2026
130499;HDFC Large and Mid Cap Fund - IDCW Option - Direct Plan;INF179KA1RR5;;50.18;;;18-Feb-2026

Helios Mutual Fund
152941;Helios Large & Mid Cap Fund - Direct Plan - Growth Option;INF0R8701269;;11.30;;;18-Feb-2026
152942;Helios Large & Mid Cap Fund - Direct Plan - IDCW Option;INF0R8701277;INF0R8701285;11.30;;;18-Feb-2026
152943;Helios Large & Mid Cap Fund - Regular Plan - Growth Option;INF0R8701236;;11.06;;;18-Feb-2026
152944;Helios Large & Mid Cap Fund - Regular Plan - IDCW Option;INF0R8701244;INF0R8701251;11.06;;;18-Feb-2026

HSBC Mutual Fund
146772;HSBC Large & Mid Cap Fund - Direct Growth;INF336L01NV5;;30.4961;;;18-Feb-2026
146770;HSBC Large & Mid Cap Fund - Direct IDCW;INF336L01NW3;INF336L01NX1;23.3313;;;18-Feb-2026
146771;HSBC Large & Mid Cap Fund - Regular Growth;INF336L01NY9;;27.7305;;;18-Feb-2026
146769;HSBC Large & Mid Cap Fund - Regular IDCW;INF336L01NZ6;INF336L01OA7;21.1393;;;18-Feb-2026

ICICI Prudential Mutual Fund
120596;ICICI Prudential Large & Mid Cap Fund - Direct Plan - Growth;INF109K011O5;;1175.30;;;18-Feb-2026
120597;ICICI Prudential Large & Mid Cap Fund - Direct Plan - IDCW;INF109K019N0;INF109K010O7;54.91;;;18-Feb-2026
100349;ICICI Prudential Large & Mid Cap Fund - Growth;INF109K01431;;1046.66;;;18-Feb-2026
100348;ICICI Prudential Large & Mid Cap Fund - IDCW;INF109K01EQ7;INF109K01449;30.71;;;18-Feb-2026

Invesco Mutual Fund
120357;Invesco India Large & Mid Cap Fund - Direct Plan - Growth;INF205K01MA0;;120.23;;;18-Feb-2026
120356;Invesco India Large & Mid Cap Fund - Direct Plan - IDCW (Payout / Reinvestment);INF205K01LY2;INF205K01LZ9;55.74;;;18-Feb-2026
106144;Invesco India Large & Mid Cap Fund - Regular Plan - Growth;INF205K01247;;100.89;;;18-Feb-2026
106143;Invesco India Large & Mid Cap Fund - Regular Plan - IDCW (Payout / Reinvestment);INF205K01262;INF205K01254;45.35;;;18-Feb-2026

JM Financial Mutual Fund
153629;JM Large & Mid Cap Fund (Direct) - Growth Option;INF192K01NK7;;10.412;;;18-Feb-2026
153630;JM Large & Mid Cap Fund (Direct) - IDCW;INF192K01NP6;INF192K01NL5;10.412;;;18-Feb-2026
153627;JM Large & Mid Cap Fund (Regular) - Growth Option;INF192K01NM3;;10.3082;;;18-Feb-2026
153628;JM Large & Mid Cap Fund (Regular) - IDCW;INF192K01NO9;INF192K01NN1;10.3082;;;18-Feb-2026

Kotak Mahindra Mutual Fund
120158;Kotak Large & Midcap Fund - Direct- Growth;INF174K01LF9;;417.221;;;18-Feb-2026
103234;Kotak Large & Midcap Fund - Growth-Regular;INF174K01187;;361.242;;;18-Feb-2026
120157;Kotak Large & Midcap Fund - IDCW-Direct;INF174K01LG7;INF174K01LH5;73.622;;;18-Feb-2026
103233;Kotak Large & Midcap Fund - IDCW-Regular;INF174K01203;INF174K01195;63.023;;;18-Feb-2026

LIC Mutual Fund
133710;LIC MF Large & Mid Cap Fund-Direct Plan-Growth;INF767K01NE9;;44.9984;;;18-Feb-2026
133709;LIC MF Large & Mid Cap Fund-Direct Plan-IDCW;INF767K01ND1;INF767K01NF6;35.7016;;;18-Feb-2026
133711;LIC MF Large & Mid Cap Fund-Regular Plan-Growth;INF767K01NB5;;38.8042;;;18-Feb-2026
133712;LIC MF Large & Mid Cap Fund-Regular Plan-IDCW;INF767K01NA7;INF767K01NC3;31.4179;;;18-Feb-2026

Mahindra Manulife Mutual Fund
147841;Mahindra Manulife Large & Mid Cap Fund - Direct Plan - IDCW;INF174V01960;INF174V01952;23.6336;;;18-Feb-2026
147840;Mahindra Manulife Large & Mid Cap Fund - Direct Plan -Growth;INF174V01945;;30.4178;;;18-Feb-2026
147843;Mahindra Manulife Large & Mid Cap Fund - Regular Plan - Growth;INF174V01911;;27.3678;;;18-Feb-2026
147842;Mahindra Manulife Large & Mid Cap Fund - Regular Plan - IDCW;INF174V01937;INF174V01929;20.8692;;;18-Feb-2026

Mirae Asset Mutual Fund
118834;Mirae Asset Large & Midcap Fund - Direct Plan - Growth;INF769K01BI1;;177.017;;;18-Feb-2026
118835;Mirae Asset Large & Midcap Fund - Direct Plan - IDCW;INF769K01BJ9;INF769K01BK7;83.006;;;18-Feb-2026
112932;Mirae Asset Large & Midcap Fund - Regular Plan - Growth;INF769K01101;;156.441;;;18-Feb-2026
112931;Mirae Asset Large & Midcap Fund - Regular Plan - IDCW;INF769K01127;INF769K01119;48.117;;;18-Feb-2026

Navi Mutual Fund
141414;Navi Large & Midcap Fund - Direct Annual IDCW Payout;INF959L01CR5;INF959L01CS3;42.6635;;;18-Feb-2026
141415;Navi Large & Midcap Fund - Direct Half Yearly IDCW Payout;INF959L01CP9;INF959L01CQ7;42.7012;;;18-Feb-2026
135679;Navi Large & Midcap Fund - Direct Normal IDCW Payout;INF959L01CI4;INF959L01CJ2;42.8102;;;18-Feb-2026
141411;Navi Large & Midcap Fund - Regular Annual IDCW payout;INF959L01CV7;INF959L01CW5;36.8861;;;18-Feb-2026
141410;NAVI Large & Midcap Fund - Regular Half Yearly IDCW Payout;INF959L01CT1;INF959L01CU9;35.873;;;18-Feb-2026
135680;Navi Large & Midcap Fund - Regular Normal IDCW Payout;INF959L01CL8;INF959L01CM6;35.8598;;;18-Feb-2026
135677;Navi Large & Midcap Fund- Direct Plan- Growth Option;INF959L01CH6;;43.332;;;18-Feb-2026
135678;Navi Large & Midcap Fund- Regular Plan- Growth Option;INF959L01CK0;;35.8641;;;18-Feb-2026

PGIM India Mutual Fund
152382;PGIM India Large and Midcap Fund - Direct Plan - Growth Option;INF663L01Y12;;12.91;;;18-Feb-2026
152384;PGIM India Large and Midcap Fund - Direct Plan - IDCW option;INF663L01Y20;INF663L01Y38;12.31;;;18-Feb-2026
152383;PGIM India Large and Midcap Fund - Regular Plan - Growth Option;INF663L01X88;;12.46;;;18-Feb-2026
152385;PGIM India Large and Midcap Fund - Regular Plan - IDCW Option;INF663L01X96;INF663L01Y04;12.18;;;18-Feb-2026

quant Mutual Fund
104515;quant Large & Mid Cap Fund - Bonus Option - Regular Plan;INF966L01424;;109.3168;;;18-Feb-2026
120824;quant Large & Mid Cap Fund - Bonus Option-Direct Plan;INF966L01655;;109.3168;;;18-Feb-2026
104513;quant Large & Mid Cap Fund - Growth Option;INF966L01341;;109.0936;;;18-Feb-2026
120826;quant Large & Mid Cap Fund - Growth Option-Direct Plan;INF966L01648;;120.2938;;;18-Feb-2026
120825;quant Large & Mid Cap Fund - IDCW Option - Direct Plan;INF966L01622;INF966L01630;56.012;;;18-Feb-2026
104514;quant Large & Mid Cap Fund - IDCW Option - Regular Plan;INF966L01325;INF966L01333;66.5905;;;18-Feb-2026

Samco Mutual Fund
153534;Samco Large & Mid Cap Fund - Direct Plan - Growth Option;INF0K1H01271;;9.35;;;18-Feb-2026
153533;Samco Large & Mid Cap Fund - Regular Plan - Growth Option;INF0K1H01289;;9.25;;;18-Feb-2026

Sundaram Mutual Fund
119565;Sundaram Large and Midcap Direct Plan - Income Distribution cum Capital Withdrawal (IDCW);INF903J01PP3;INF903J01PQ1;34.5974;;;18-Feb-2026
119566;Sundaram Large and Midcap Fund Direct Plan - Growth;INF903J01PR9;;100.2918;;;18-Feb-2026
105001;Sundaram Large and Midcap Fund Regular Plan - Growth;INF903J01DT1;;88.6142;;;18-Feb-2026
105000;Sundaram Large and Midcap Regular Plan - Income Distribution cum Capital Withdrawal (IDCW);INF903J01DU9;INF903J01DV7;29.9070;;;18-Feb-2026

UTI Mutual Fund
120665;UTI Large & Mid Cap Fund - Direct Plan - Growth Option;INF789F01UG3;;200.9252;;;18-Feb-2026
120664;UTI Large & Mid Cap Fund - Direct Plan - IDCW;INF789F01UE8;INF789F01UF5;98.7365;;;18-Feb-2026
100664;UTI Large & Mid Cap Fund - Regular Plan - Growth Option;INF789F01869;;186.5447;;;18-Feb-2026
100663;UTI Large & Mid Cap Fund - Regular Plan - IDCW;INF189A01046;INF789F01851;90.8764;;;18-Feb-2026

WhiteOak Capital Mutual Fund
152226;Whiteoak Capital Large & Mid Cap Fund Direct Plan Growth;INF03VN01845;;13.967;;;18-Feb-2026
152225;Whiteoak Capital Large & Mid Cap Fund Regular Plan Growth;INF03VN01837;;13.491;;;18-Feb-2026

Open Ended Schemes ( Equity Scheme - Mid Cap Fund )


Axis Mutual Fund
120505;Axis Midcap Fund - Direct Plan - Growth;INF846K01EH3;;133.51;;;18-Feb-2026
120504;Axis Midcap Fund - Direct Plan - IDCW;INF846K01EF7;INF846K01EG5;51.75;;;18-Feb-2026
114564;Axis Midcap Fund - Regular Plan - Growth;INF846K01859;;114.19;;;18-Feb-2026
114565;Axis Midcap Fund - Regular Plan - IDCW;INF846K01867;INF846K01875;38.93;;;18-Feb-2026

Bank of India Mutual Fund
153728;Bank of India Mid Cap Fund - Direct Plan Growth;INF761K01GY4;;9.68;;;18-Feb-2026
153729;Bank of India Mid Cap Fund - Direct Plan IDCW;INF761K01GZ1;INF761K01HA2;9.68;;;18-Feb-2026
153726;Bank of India Mid Cap Fund - Regular Plan Growth;INF761K01HB0;;9.63;;;18-Feb-2026
153727;Bank of India Mid Cap Fund - Regular Plan IDCW;INF761K01HC8;INF761K01HD6;9.63;;;18-Feb-2026

Baroda BNP Paribas Mutual Fund
150212;BARODA BNP PARIBAS Mid Cap Fund - Direct Plan - Growth Option;INF251K01HQ0;;127.7646;;;18-Feb-2026
150211;BARODA BNP PARIBAS Mid Cap Fund - Direct Plan - IDCW Option;INF251K01HO5;INF251K01HP2;77.1310;;;18-Feb-2026
150209;BARODA BNP PARIBAS Mid Cap Fund - Regular Plan - Growth Option;INF251K01AW3;;106.4391;;;18-Feb-2026
150210;BARODA BNP PARIBAS Mid Cap Fund - Regular Plan - IDCW Option;INF251K01AX1;INF251K01AY9;60.5039;;;18-Feb-2026

Edelweiss Mutual Fund
140228;Edelweiss Mid Cap Fund - Direct Plan - Growth Option;INF843K01AO4;;122.479;;;18-Feb-2026
140227;Edelweiss Mid Cap Fund - Direct Plan - IDCW Option;INF843K01AP1;INF843K01AQ9;89.308;;;18-Feb-2026
140225;Edelweiss Mid Cap Fund - Regular Plan - Growth Option;INF843K01013;;104.124;;;18-Feb-2026
140226;Edelweiss Mid Cap Fund - Regular Plan - IDCW Option;INF843K01021;INF843K01039;60.03;;;18-Feb-2026

HDFC Mutual Fund
118989;HDFC Mid Cap Fund - Growth Option - Direct Plan;INF179K01XQ0;;226.722;;;18-Feb-2026
105758;HDFC Mid Cap Fund - Growth Plan;INF179K01CR2;;205.107;;;18-Feb-2026
118988;HDFC Mid Cap Fund - IDCW Option - Direct Plan;INF179K01XO5;INF179K01XP2;85.566;;;18-Feb-2026
105757;HDFC Mid Cap Fund - IDCW Plan;INF179K01CS0;INF179K01CT8;56.521;;;18-Feb-2026

Helios Mutual Fund
153326;Helios Mid Cap Fund - Direct Plan - Growth Option;INF0R8701327;;12.49;;;18-Feb-2026
153324;Helios Mid Cap Fund - Direct Plan - IDCW Option;INF0R8701335;INF0R8701343;12.49;;;18-Feb-2026
153327;Helios Mid Cap Fund - Regular Plan - Growth Plan;INF0R8701293;;12.31;;;18-Feb-2026
153325;Helios Mid Cap Fund - Regular Plan - IDCW Option;INF0R8701301;INF0R8701319;12.31;;;18-Feb-2026

HSBC Mutual Fund
151036;HSBC Midcap Fund - Direct Growth;INF917K01FZ1;;462.6936;;;18-Feb-2026
151035;HSBC Midcap Fund - Direct IDCW;INF917K01E78;INF917K01FX6;88.3101;;;18-Feb-2026
151034;HSBC Midcap Fund - Regular Growth;INF917K01254;;406.8616;;;18-Feb-2026
151033;HSBC Midcap Fund - Regular IDCW;INF917K01239;INF917K01247;76.3772;;;18-Feb-2026

ICICI Prudential Mutual Fund
120381;ICICI Prudential MidCap Fund - Direct Plan -  Growth;INF109K011N7;;361.68;;;18-Feb-2026
120380;ICICI Prudential MidCap Fund - Direct Plan -  IDCW;INF109K019M2;INF109K010N9;67.00;;;18-Feb-2026
102528;ICICI Prudential MidCap Fund - Growth;INF109K01AN2;;321.25;;;18-Feb-2026
102529;ICICI Prudential MidCap Fund - IDCW;INF109K01EH6;INF109K01AL6;41.63;;;18-Feb-2026

Invesco Mutual Fund
120403;Invesco India Midcap Fund - Direct Plan - Growth Option;INF205K01MV6;;221.51;;;18-Feb-2026
120402;Invesco India Midcap Fund - Direct Plan - IDCW (Payout / Reinvestment);INF205K01MT0;INF205K01MU8;83.02;;;18-Feb-2026
105503;Invesco India Midcap Fund - Regular Plan - Growth Option;INF205K01BC9;;183.03;;;18-Feb-2026
105504;Invesco India Midcap Fund - Regular Plan - IDCW (Payout / Reinvestment);INF205K01BD7;INF205K01BE5;62.74;;;18-Feb-2026

JM Financial Mutual Fund
150815;JM Midcap Fund (Direct) - Growth;INF192K01MV6;;20.0627;;;18-Feb-2026
150814;JM Midcap Fund (Direct) - IDCW;INF192K01MW4;INF192K01MX2;20.0627;;;18-Feb-2026
150812;JM Midcap Fund (Regular) - Growth;INF192K01MS2;;18.952;;;18-Feb-2026
150813;JM Midcap Fund (Regular) - IDCW;INF192K01MT0;INF192K01MU8;18.952;;;18-Feb-2026

Kotak Mahindra Mutual Fund
119774;Kotak Midcap Fund  - Direct Plan - IDCW - Payout & Re-investment of Income Distribution cum capital withdrawal option;INF174K01LU8;INF174K01LV6;95.821;;;18-Feb-2026
119775;Kotak Midcap Fund - Direct Plan - Growth;INF174K01LT0;;160.832;;;18-Feb-2026
104908;Kotak Midcap Fund - Regular Plan - Growth;INF174K01DS9;;138.119;;;18-Feb-2026
104907;Kotak Midcap Fund - Regular Plan - IDCW -Payout & Re-investment of Income Distribution cum capital withdrawal option;INF174K01DU5;INF174K01DT7;75.859;;;18-Feb-2026

LIC Mutual Fund
152002;LIC MF Mid Cap Fund-Direct Plan-Growth;INF397L01JK8;;32.3005;;;18-Feb-2026
151999;LIC MF Mid Cap Fund-Direct Plan-IDCW;INF397L01JH4;INF397L01JI2;30.3465;;;18-Feb-2026
152001;LIC MF Mid Cap Fund-Regular Plan-Growth;INF397L01JO0;;28.7088;;;18-Feb-2026
152000;LIC MF Mid Cap Fund-Regular Plan-IDCW;INF397L01JL6;INF397L01JM4;26.9438;;;18-Feb-2026

Mahindra Manulife Mutual Fund
142108;Mahindra Manulife Mid Cap Fund - Direct Plan - IDCW;INF174V01523;INF174V01515;31.2800;;;18-Feb-2026
142110;Mahindra Manulife Mid Cap Fund - Direct Plan -Growth;INF174V01507;;39.1585;;;18-Feb-2026
142109;Mahindra Manulife Mid Cap Fund - Regular Plan - Growth;INF174V01473;;34.3203;;;18-Feb-2026
142107;Mahindra Manulife Mid Cap Fund- Regular Plan - IDCW;INF174V01499;INF174V01481;26.7672;;;18-Feb-2026

Mirae Asset Mutual Fund
147479;Mirae Asset Midcap Fund - Regular Plan-Growth Option;INF769K01EY2;;37.550;;;18-Feb-2026
147478;Mirae Asset Midcap Fund Direct IDCW;INF769K01EZ9;INF769K01FC5;26.861;;;18-Feb-2026
147480;Mirae Asset Midcap Fund Regular IDCW;INF769K01EX4;INF769K01FB7;24.522;;;18-Feb-2026
147445;Mirae Asset Midcap Fund- Direct Growth Option;INF769K01FA9;;40.873;;;18-Feb-2026

PGIM India Mutual Fund
125301;PGIM India Midcap Fund - Direct Plan - Dividend Option - Payout;INF663L01DW1;INF663L01DX9;61.57;;;18-Feb-2026
125307;PGIM India Midcap Fund - Direct Plan - Growth Option;INF663L01DV3;;74.29;;;18-Feb-2026
125306;PGIM India Midcap Fund - Regular Plan - Dividend Option - Payout;INF663L01EA5;INF663L01EB3;24.95;;;18-Feb-2026
125305;PGIM India Midcap Fund - Regular Plan - Growth Option;INF663L01DZ4;;63.68;;;18-Feb-2026

quant Mutual Fund
120841;quant Mid Cap Fund - Growth Option - Direct Plan;INF966L01887;;223.2608;;;18-Feb-2026
101065;quant Mid Cap Fund - Growth Option - Regular Plan;INF966L01176;;197.8036;;;18-Feb-2026
120840;quant Mid Cap Fund - IDCW Option - Direct Plan;INF966L01861;INF966L01879;78.4187;;;18-Feb-2026
101066;quant Mid Cap Fund - IDCW Option - Regular Plan;INF966L01150;INF966L01168;70.3199;;;18-Feb-2026

Samco Mutual Fund
154114;Samco Mid Cap Fund - Direct Plan;INF0K1H01313;;10.02;;;18-Feb-2026
154115;Samco Mid Cap Fund - Regular Plan;INF0K1H01321;;10.01;;;18-Feb-2026

SBI Mutual Fund
119716;SBI MIDCAP FUND - DIRECT PLAN - GROWTH;INF200K01TP4;;266.0355;;;18-Feb-2026
119715;SBI Midcap Fund - Direct Plan - Income Distribution cum Capital Withdrawal Option (IDCW);INF200K01TN9;INF200K01TO7;150.8289;;;18-Feb-2026
102941;SBI MIDCAP FUND - REGULAR PLAN - GROWTH;INF200K01560;;236.2109;;;18-Feb-2026
102942;SBI Midcap Fund - Regular Plan - Income Distribution cum Capital Withdrawal Option (IDCW);INF200K01578;INF200K01586;96.5191;;;18-Feb-2026

Sundaram Mutual Fund
119581;Sundaram Mid Cap Fund Direct Plan - Growth;INF903J01MJ3;;1586.1281;;;18-Feb-2026
119582;Sundaram Mid Cap Fund Direct Plan - Income Distribution cum Capital Withdrawal (IDCW);INF903J01MH7;INF903J01MI5;74.4803;;;18-Feb-2026
101539;Sundaram Mid Cap Fund Regular Plan - Growth;INF903J01173;;1445.5368;;;18-Feb-2026
101538;Sundaram Mid Cap Fund Regular Plan - Income Distribution cum Capital Withdrawal (IDCW);INF903J01181;INF903J01199;66.9098;;;18-Feb-2026

Taurus Mutual Fund
118872;Taurus Mid Cap Fund - Direct Plan - Growth;INF044D01CA9;;124.42;;;18-Feb-2026
118873;Taurus Mid Cap Fund - Direct Plan - Payout of Income Distribution cum Capital Withdrawal option;INF044D01CB7;INF044D01CC5;110.52;;;18-Feb-2026
100477;Taurus Mid Cap Fund - Regular Plan - Growth;INF044D01815;;117.54;;;18-Feb-2026
111642;Taurus Mid Cap Fund - Regular Plan - Payout of Income Distribution cum Capital Withdrawal option;INF044D01781;INF044D01799;104.78;;;18-Feb-2026

UTI Mutual Fund
120727;UTI Mid Cap Fund - Direct Plan - IDCW;INF789F01TY8;INF789F01TZ5;166.062;;;18-Feb-2026
102393;UTI Mid Cap Fund - Regular Plan - IDCW;INF789F01794;INF789F01802;142.6248;;;18-Feb-2026
102394;UTI Mid Cap Fund-Growth Option;INF789F01810;;301.3992;;;18-Feb-2026
120726;UTI Mid Cap Fund-Growth Option- Direct;INF789F01UA6;;337.4537;;;18-Feb-2026

WhiteOak Capital Mutual Fund
150584;WhiteOak Capital Mid Cap Fund Direct Plan Growth;INF03VN01597;;20.815;;;18-Feb-2026
150582;WhiteOak Capital Mid Cap Fund Direct Plan IDCW;INF03VN01605;INF03VN01613;20.815;;;18-Feb-2026
150583;WhiteOak Capital Mid Cap Fund Regular Plan Growth;INF03VN01563;;19.715;;;18-Feb-2026
150585;WhiteOak Capital Mid Cap Fund Regular Plan IDCW;INF03VN01571;INF03VN01589;19.715;;;18-Feb-2026

Open Ended Schemes ( Equity Scheme - Small Cap Fund )


Axis Mutual Fund
125354;Axis Small Cap Fund - Direct Plan - Growth;INF846K01K35;;120.56;;;18-Feb-2026
125351;Axis Small Cap Fund - Direct Plan - IDCW;INF846K01K43;INF846K01K50;48.63;;;18-Feb-2026
125350;Axis Small Cap Fund - Regular Plan - Growth;INF846K01K01;;103.71;;;18-Feb-2026
125352;Axis Small Cap Fund - Regular Plan - IDCW;INF846K01K19;INF846K01K27;41.30;;;18-Feb-2026

Bank of India Mutual Fund
145678;BANK OF INDIA Small Cap Fund Direct Plan Growth;INF761K01EP7;;50.15;;;18-Feb-2026
145675;BANK OF INDIA Small Cap Fund Direct Plan IDCW;INF761K01EO0;INF761K01ES1;37.55;;;18-Feb-2026
145677;BANK OF INDIA Small Cap Fund Regular Plan Growth;INF761K01ER3;;44.59;;;18-Feb-2026
145676;BANK OF INDIA Small Cap Fund Regular Plan IDCW;INF761K01EQ5;INF761K01ET9;32.51;;;18-Feb-2026

Baroda BNP Paribas Mutual Fund
152128;Baroda BNP Paribas Small Cap Fund - Direct Plan - Growth option;INF251K01SR5;;13.1504;;;18-Feb-2026
152129;Baroda BNP Paribas Small Cap Fund - Direct Plan - IDCW option;INF251K01SS3;INF251K01ST1;12.8324;;;18-Feb-2026
152130;Baroda BNP Paribas Small Cap Fund - Regular Plan - Growth option;INF251K01SO2;;12.7255;;;18-Feb-2026
152131;Baroda BNP Paribas Small Cap Fund - Regular Plan - IDCW option;INF251K01SP9;INF251K01SQ7;12.4003;;;18-Feb-2026

Edelweiss Mutual Fund
146196;Edelweiss Small Cap Fund - Direct Plan - Growth;INF754K01JN6;;48.186;;;18-Feb-2026
146197;Edelweiss Small Cap Fund - Direct Plan - IDCW Option;INF754K01JO4;INF754K01JP1;42.155;;;18-Feb-2026
146193;Edelweiss Small Cap Fund - Regular Plan - Growth;INF754K01JJ4;;43.233;;;18-Feb-2026
146194;Edelweiss Small Cap Fund - Regular Plan - IDCW Option;INF754K01JK2;INF754K01JL0;37.569;;;18-Feb-2026

Groww Mutual Fund
154104;Groww Small Cap Fund - Direct-IDCW;INF666M01NK6;INF666M01NL4;10.2013;;;18-Feb-2026
154063;Groww Small Cap Fund-Direct-Growth;INF666M01NJ8;;10.2013;;;18-Feb-2026
154102;Groww Small Cap Fund-Regular-Growth;INF666M01NM2;;10.1908;;;18-Feb-2026
154103;Groww Small Cap Fund-Regular-IDCW;INF666M01NN0;INF666M01NO8;10.1908;;;18-Feb-2026

HDFC Mutual Fund
130502;HDFC Small Cap Fund - Growth Option;INF179KA1RZ8;;135.293;;;18-Feb-2026
130503;HDFC Small Cap Fund - Growth Option - Direct Plan;INF179KA1RW5;;154.604;;;18-Feb-2026
130501;HDFC Small Cap Fund - IDCW Option;INF179KA1SA9;INF179KA1SB7;43.455;;;18-Feb-2026
130504;HDFC Small Cap Fund - IDCW Option - Direct Plan;INF179KA1RX3;INF179KA1RY1;66.78;;;18-Feb-2026

Helios Mutual Fund
153912;Helios Small Cap Fund - Direct Plan - Growth Option;INF0R8701384;;9.52;;;18-Feb-2026
153910;Helios Small Cap Fund - Direct Plan - IDCW Option;INF0R8701392;INF0R8701400;9.52;;;18-Feb-2026
153909;Helios Small Cap Fund - Regular Plan - Growth Option;INF0R8701350;;9.49;;;18-Feb-2026
153911;Helios Small Cap Fund - Regular Plan - IDCW Option;INF0R8701368;INF0R8701376;9.49;;;18-Feb-2026

HSBC Mutual Fund
151130;HSBC Small Cap Fund - Direct Growth;INF917K01QA1;;86.2463;;;18-Feb-2026
151132;HSBC Small Cap Fund - Direct IDCW;INF917K01PZ0;INF917K01XP5;44.6298;;;18-Feb-2026
151133;HSBC Small Cap Fund - Regular Growth;INF917K01QC7;;77.155;;;18-Feb-2026
151131;HSBC Small Cap Fund - Regular IDCW;INF917K01QB9;INF917K01XQ3;38.3663;;;18-Feb-2026

ICICI Prudential Mutual Fund
120591;ICICI Prudential Smallcap Fund - Direct Plan - Growth;INF109K015M0;;96.16;;;18-Feb-2026
120870;ICICI Prudential Smallcap Fund - Direct Plan - IDCW;INF109K013M5;INF109K014M3;66.54;;;18-Feb-2026
106823;ICICI Prudential Smallcap Fund - Growth;INF109K01BI0;;85.14;;;18-Feb-2026
106822;ICICI Prudential Smallcap Fund - IDCW;INF109K01FA8;INF109K01BJ8;31.61;;;18-Feb-2026

Invesco Mutual Fund
145137;Invesco India Smallcap Fund - Direct Plan - Growth;INF205K013T3;;46.89;;;18-Feb-2026
145138;Invesco India Smallcap Fund - Direct Plan - IDCW (Payout / Reinvestment);INF205K012T5;INF205K015T8;38.19;;;18-Feb-2026
145139;Invesco India Smallcap Fund - Regular Plan - Growth;INF205K011T7;;41.99;;;18-Feb-2026
145140;Invesco India Smallcap Fund - Regular Plan - IDCW (Payout / Reinvestment);INF205K010T9;INF205K014T1;33.42;;;18-Feb-2026

JM Financial Mutual Fund
152614;JM Small Cap Fund (Direct) - Growth Option;INF192K01NH3;;9.8266;;;18-Feb-2026
152615;JM Small Cap Fund (Direct) - IDCW Option;INF192K01NI1;INF192K01NJ9;9.8268;;;18-Feb-2026
152612;JM Small Cap Fund (Regular) - Growth Option;INF192K01NE0;;9.5517;;;18-Feb-2026
152613;JM Small Cap Fund (Regular) - IDCW Option;INF192K01NF7;INF192K01NG5;9.5517;;;18-Feb-2026

Kotak Mahindra Mutual Fund
102875;Kotak-Small Cap Fund - Growth;INF174K01211;;248.228;;;18-Feb-2026
120164;Kotak-Small Cap Fund - Growth - Direct;INF174K01KT2;;293.173;;;18-Feb-2026
102874;Kotak-Small Cap Fund - Payout of Income Distribution cum capital withdrawal option;INF174K01237;INF174K01229;108.294;;;18-Feb-2026
120163;Kotak-Small Cap Fund - Payout of Income Distribution cum capital withdrawal option - Direct;INF174K01KU0;INF174K01KV8;128.771;;;18-Feb-2026

LIC Mutual Fund
152004;LIC MF Small Cap Fund-Direct Plan-Growth;INF397L01JS1;;32.7021;;;18-Feb-2026
152005;LIC MF Small Cap Fund-Direct Plan-IDCW;INF397L01JP7;INF397L01JQ5;32.6958;;;18-Feb-2026
152003;LIC MF Small Cap Fund-Regular Plan-Growth;INF397L01JW3;;28.9824;;;18-Feb-2026
152006;LIC MF Small Cap Fund-Regular Plan-IDCW;INF397L01JT9;INF397L01JU7;28.982;;;18-Feb-2026

Mahindra Manulife Mutual Fund
150915;Mahindra Manulife Small Cap Fund - Direct Plan - Growth;INF174V01BK7;;19.8583;;;18-Feb-2026
150913;Mahindra Manulife Small Cap Fund - Direct Plan - IDCW;INF174V01BL5;INF174V01BM3;19.8584;;;18-Feb-2026
150912;Mahindra Manulife Small Cap Fund - Regular Plan - Growth;INF174V01BH3;;18.8760;;;18-Feb-2026
150914;Mahindra Manulife Small Cap Fund - Regular Plan - IDCW;INF174V01BI1;INF174V01BJ9;18.8761;;;18-Feb-2026

Mirae Asset Mutual Fund
153196;Mirae Asset Small Cap Fund - Direct Plan - Growth;INF769K01NJ4;;11.636;;;18-Feb-2026
153197;Mirae Asset Small Cap Fund - Direct Plan - IDCW;INF769K01NL0;INF769K01NK2;11.635;;;18-Feb-2026
153198;Mirae Asset Small Cap Fund - Regular Plan - Growth;INF769K01NG0;;11.440;;;18-Feb-2026
153199;Mirae Asset Small Cap Fund - Regular Plan - IDCW;INF769K01NI6;INF769K01NH8;11.440;;;18-Feb-2026

PGIM India Mutual Fund
149031;PGIM India Small Cap Fund - Direct Plan - IDCW Option;INF663L01W14;INF663L01W22;14.55;;;18-Feb-2026
149019;PGIM India Small Cap Fund - Direct Plan- Growth Option;INF663L01W06;;16.92;;;18-Feb-2026
149020;PGIM India Small Cap Fund - Regular Plan - Growth Option;INF663L01W30;;15.67;;;18-Feb-2026
149032;PGIM India Small Cap Fund - Regular Plan - IDCW Option;INF663L01W48;INF663L01W55;13.94;;;18-Feb-2026

quant Mutual Fund
100177;quant Small Cap Fund - Growth - Regular Plan;INF966L01AA0;;242.8046;;;18-Feb-2026
120828;quant Small Cap Fund - Growth Option - Direct Plan;INF966L01689;;265.1255;;;18-Feb-2026
120827;quant Small Cap Fund - IDCW Option - Direct Plan;INF966L01663;INF966L01671;207.247;;;18-Feb-2026
100176;quant Small Cap Fund - IDCW Option - Regular Plan;INF206A01022;INF966L01044;193.092;;;18-Feb-2026

Quantum Mutual Fund
152107;QUANTUM SMALL CAP FUND - DIRECT PLAN GROWTH OPTION;INF082J01432;;13.00;;;18-Feb-2026
152108;QUANTUM SMALL CAP FUND - REGULAR PLAN GROWTH OPTION;INF082J01440;;12.56;;;18-Feb-2026

Samco Mutual Fund
153868;Samco Small Cap Fund - Direct Plan;INF0K1H01297;;9.91;;;18-Feb-2026
153869;Samco Small Cap Fund - Regular Plan;INF0K1H01305;;9.88;;;18-Feb-2026

SBI Mutual Fund
125497;SBI Small Cap Fund - Direct Plan - Growth;INF200K01T51;;188.2128;;;18-Feb-2026
125496;SBI Small Cap Fund - Direct Plan - Income Distribution cum Capital Withdrawal Option (IDCW);INF200K01T69;INF200K01T77;128.4632;;;18-Feb-2026
125494;SBI Small Cap Fund - Regular Plan - Growth;INF200K01T28;;163.6757;;;18-Feb-2026
125495;SBI Small Cap Fund - Regular Plan - Income Distribution cum Capital Withdrawal Option (IDCW);INF200K01T36;INF200K01T44;96.6970;;;18-Feb-2026

Sundaram Mutual Fund
119589;Sundaram Small Cap Fund Direct Plan - Growth;INF903J01NK9;;288.6357;;;18-Feb-2026
119588;Sundaram Small Cap Fund Direct Plan - Income Distribution cum Capital Withdrawal (IDCW);INF903J01NI3;INF903J01NJ1;37.9299;;;18-Feb-2026
100795;Sundaram Small Cap Fund Regular Plan - Growth;INF903J01470;;259.0690;;;18-Feb-2026
100794;Sundaram Small Cap Fund Regular Plan - Income Distribution cum Capital Withdrawal (IDCW);INF903J01454;INF903J01462;33.1192;;;18-Feb-2026

Trust Mutual Fund
152939;TRUSTMF SMALL CAP FUND -DIRECT PLAN-GROWTH;INF0GCD01800;;10.84;;;18-Feb-2026
152937;TRUSTMF SMALL CAP FUND -DIRECT PLAN-IDCW;INF0GCD01826;INF0GCD01818;10.84;;;18-Feb-2026
152938;TRUSTMF SMALL CAP FUND -REGULAR PLAN- IDCW;INF0GCD01792;INF0GCD01784;10.6;;;18-Feb-2026
152940;TRUSTMF SMALL CAP FUND -REGULAR PLAN-GROWTH;INF0GCD01776;;10.6;;;18-Feb-2026

UTI Mutual Fund
148618;UTI Small Cap Fund - Direct Plan - Growth Option;INF789F1AUQ1;;26.7465;;;18-Feb-2026
148619;UTI Small Cap Fund - Direct Plan - IDCW (Payout);INF789F1AUR9;;26.7464;;;18-Feb-2026
148617;UTI Small Cap Fund - Regular Plan - Growth Option;INF789F1AUO6;;24.6963;;;18-Feb-2026
148616;UTI Small Cap Fund - Regular Plan - IDCW (Payout);INF789F1AUP3;;24.6961;;;18-Feb-2026

Open Ended Schemes ( Equity Scheme - Dividend Yield Fund )


Baroda BNP Paribas Mutual Fund
152810;Baroda BNP Paribas Dividend Yield Fund - Direct Plan - Growth Option;INF251K01TV5;;10.0425;;;18-Feb-2026
152809;Baroda BNP Paribas Dividend Yield Fund - Direct Plan - IDCW Option;INF251K01TW3;INF251K01TX1;10.0425;;;18-Feb-2026
152807;Baroda BNP Paribas Dividend Yield Fund - Regular Plan - Growth Option;INF251K01TS1;;9.8123;;;18-Feb-2026
152808;Baroda BNP Paribas Dividend Yield Fund - Regular Plan - IDCW Option;INF251K01TT9;INF251K01TU7;9.8123;;;18-Feb-2026

HDFC Mutual Fund
148609;HDFC Dividend Yield Fund - Growth Option Direct Plan;INF179KC1AO6;;27.001;;;18-Feb-2026
148610;HDFC Dividend Yield Fund - Growth Plan;INF179KC1AR9;;25.127;;;18-Feb-2026
148608;HDFC Dividend Yield Fund - IDCW Option Direct Plan;INF179KC1AP3;INF179KC1AQ1;23.406;;;18-Feb-2026
148611;HDFC Dividend Yield Fund - IDCW Plan;INF179KC1AS7;INF179KC1AT5;21.553;;;18-Feb-2026

ICICI Prudential Mutual Fund
129312;ICICI Prudential Dividend Yield Equity Fund Direct Plan Growth Option;INF109KA1UA0;;62.05;;;18-Feb-2026
129309;ICICI Prudential Dividend Yield Equity Fund Direct Plan IDCW Option;INF109KA1UB8;INF109KA1UC6;28.48;;;18-Feb-2026
129310;ICICI Prudential Dividend Yield Equity Fund Growth Option;INF109KA1TX4;;55.23;;;18-Feb-2026
129311;ICICI Prudential Dividend Yield Equity Fund IDCW Option;INF109KA1TY2;INF109KA1TZ9;21.99;;;18-Feb-2026

Kotak Mahindra Mutual Fund
154097;Kotak Dividend Yield Fund - Direct - Growth;INF174KA1YI5;;10.108;;;18-Feb-2026
154100;Kotak Dividend Yield Fund - Direct - IDCW;INF174KA1YJ3;INF174KA1YK1;10.108;;;18-Feb-2026
154099;Kotak Dividend Yield Fund - Regular -Growth;INF174KA1YL9;;10.099;;;18-Feb-2026
154098;Kotak Dividend Yield Fund - Regular IDCW;INF174KA1YM7;INF174KA1YN5;10.099;;;18-Feb-2026

LIC Mutual Fund
152022;LIC MF Dividend Yield Fund-Direct Plan-Growth;INF397L01LC1;;33.843;;;18-Feb-2026
152021;LIC MF Dividend Yield Fund-Direct Plan-IDCW;INF397L01KZ4;INF397L01LA5;33.8273;;;18-Feb-2026
152019;LIC MF Dividend Yield Fund-Regular Plan-Growth;INF397L01KY7;;30.9105;;;18-Feb-2026
152020;LIC MF Dividend Yield Fund-Regular Plan-IDCW;INF397L01KV3;INF397L01KW1;30.9098;;;18-Feb-2026

SBI Mutual Fund
151478;SBI Dividend Yield Fund - Direct Plan - Growth;INF200KA14W3;;16.1823;;;18-Feb-2026
151475;SBI Dividend Yield Fund - Direct Plan - Income Distribution cum Capital Withdrawal (IDCW) Option;INF200KA15W0;INF200KA16W8;16.1837;;;18-Feb-2026
151476;SBI Dividend Yield Fund - Regular Plan - Growth;INF200KA11W9;;15.7014;;;18-Feb-2026
151477;SBI Dividend Yield Fund - Regular Plan - Income Distribution cum Capital Withdrawal (IDCW) Option;INF200KA12W7;INF200KA13W5;15.7012;;;18-Feb-2026

Sundaram Mutual Fund
149700;Sundaram Dividend Yield Fund (Formerly Known as Principal Dividend Yield Fund) - Direct Plan - Growth Option;INF173K01EV3;;153.4557;;;18-Feb-2026
149699;Sundaram Dividend Yield Fund (Formerly Known as Principal Dividend Yield Fund)- Direct Plan - Income Distribution CUM Capital Withdrawal Option;INF173K01ES9;INF173K01ET7;64.0519;;;18-Feb-2026
149698;Sundaram Dividend Yield Fund (Formerly Known as Principal Dividend Yield Fund)- Income Distribution CUM Capital Withdrawal Plan;INF173K01AD9;INF173K01AE7;37.9609;;;18-Feb-2026
149697;Sundaram Dividend Yield Fund (Formerly Known as Principal Dividend Yield Fund)-Growth Plan;INF173K01AC1;;139.6097;;;18-Feb-2026

UTI Mutual Fund
120750;UTI Dividend Yield Fund - Direct Plan - IDCW;INF789F01SU8;INF789F01SV6;41.7092;;;18-Feb-2026
103025;UTI Dividend Yield Fund - Regular Plan - IDCW;INF789F01448;INF789F01455;34.5412;;;18-Feb-2026
103026;UTI-Dividend Yield Fund.-Growth;INF789F01463;;183.5208;;;18-Feb-2026
120749;UTI-Dividend Yield Fund.-Growth-Direct;INF789F01SW4;;198.7138;;;18-Feb-2026

Open Ended Schemes ( Equity Scheme - Value Fund )


Axis Mutual Fund
149166;Axis Value Fund - Direct Plan - Growth;INF846K010C0;;20.73;;;18-Feb-2026
149168;Axis Value Fund - Direct Plan - IDCW;INF846K011C8;INF846K012C6;17.43;;;18-Feb-2026
149167;Axis Value Fund - Regular Plan - Growth;INF846K013C4;;19.48;;;18-Feb-2026
149165;Axis Value Fund - Regular Plan - IDCW;INF846K014C2;INF846K015C9;16.39;;;18-Feb-2026

Baroda BNP Paribas Mutual Fund
151755;Baroda BNP Paribas Value Fund - Direct Plan - Growth option;INF251K01SD5;;14.5928;;;18-Feb-2026
151756;Baroda BNP Paribas Value Fund - Direct Plan - IDCW option;INF251K01SE3;INF251K01SF0;13.3060;;;18-Feb-2026
151747;Baroda BNP Paribas Value Fund - Regular Plan - Growth option;INF251K01SA1;;14.0811;;;18-Feb-2026
151754;Baroda BNP Paribas Value Fund - Regular Plan - IDCW option;INF251K01SB9;INF251K01SC7;12.8386;;;18-Feb-2026

Groww Mutual Fund
135341;Groww Value Fund (formerly known as Indiabulls Value Fund) - Direct Plan - Growth Option;INF666M01BE4;;32.7553;;;18-Feb-2026
135343;Groww Value Fund (formerly known as Indiabulls Value Fund) - Regular Plan - Growth Option;INF666M01BH7;;27.2521;;;18-Feb-2026
135342;Groww Value Fund (formerly known as Indiabulls Value Fund)- Direct Plan- - Income Distribution cum capital withdrawal Option (Payout & Reinvestment);INF666M01BF1;INF666M01BG9;32.6344;;;18-Feb-2026
140819;Groww Value Fund (formerly known as Indiabulls Value Fund)- Direct Plan- Half Yearly - Income Distribution cum capital withdrawal Option (Payout & Reinvestment);INF666M01DC4;INF666M01DD2;26.2269;;;18-Feb-2026
140815;Groww Value Fund (formerly known as Indiabulls Value Fund)- Direct Plan- Monthly - Income Distribution cum capital withdrawal Option (Payout & Reinvestment);INF666M01CY0;INF666M01CZ7;24.0228;;;18-Feb-2026
140817;Groww Value Fund (formerly known as Indiabulls Value Fund)- Direct Plan- Quarterly - Income Distribution cum capital withdrawal Option (Payout & Reinvestment);INF666M01DA8;INF666M01DB6;26.2061;;;18-Feb-2026
135344;Groww Value Fund (formerly known as Indiabulls Value Fund)- Regular Plan - Income Distribution cum capital withdrawal Option (Payout & Reinvestment);INF666M01BI5;INF666M01BJ3;27.2431;;;18-Feb-2026
140820;Groww Value Fund (formerly known as Indiabulls Value Fund)- Regular Plan- Half Yearly -Income Distribution cum capital withdrawal Option (Payout & Reinvestment);INF666M01DI1;INF666M01DJ9;22.3228;;;18-Feb-2026
140816;Groww Value Fund (formerly known as Indiabulls Value Fund)- Regular Plan- Monthly - Income Distribution cum capital withdrawal Option (Payout & Reinvestment.;INF666M01DE0;INF666M01DF7;21.1489;;;18-Feb-2026
140818;Groww Value Fund (formerly known as Indiabulls Value Fund)- Regular Plan- Quarterly - Income Distribution cum capital withdrawal Option (Payout & Reinvestment);INF666M01DG5;INF666M01DH3;20.6104;;;18-Feb-2026

HDFC Mutual Fund
118935;HDFC Value Fund - Growth Option - Direct Plan;INF179K01VC4;;869.98;;;18-Feb-2026
101764;HDFC Value Fund - Growth Plan;INF179K01426;;775.081;;;18-Feb-2026
118934;HDFC Value Fund - IDCW Option - Direct Plan;INF179K01VA8;INF179K01VB6;45.004;;;18-Feb-2026
101765;HDFC Value Fund - IDCW Plan;INF179K01400;INF179K01418;36.093;;;18-Feb-2026

HSBC Mutual Fund
151113;HSBC Value Fund - Direct Growth;INF917K01HD4;;129.2303;;;18-Feb-2026
151112;HSBC Value Fund - Direct IDCW;INF917K01HC6;INF917K01HB8;63.9523;;;18-Feb-2026
151110;HSBC Value Fund - Regular Growth;INF677K01023;;115.1236;;;18-Feb-2026
151111;HSBC Value Fund - Regular IDCW;INF677K01213;INF677K01015;49.8914;;;18-Feb-2026

ICICI Prudential Mutual Fund
120323;ICICI Prudential Value Fund (erstwhile Value Discovery Fund) - Direct Plan - Growth;INF109K012K1;;542.29;;;18-Feb-2026
120322;ICICI Prudential Value Fund (erstwhile Value Discovery Fund) - Direct Plan - IDCW;INF109K011K3;INF109K010K5;126.77;;;18-Feb-2026
102594;ICICI Prudential Value Fund (erstwhile Value Discovery Fund) - Growth;INF109K01AF8;;492.00;;;18-Feb-2026
102595;ICICI Prudential Value Fund (erstwhile Value Discovery Fund) - IDCW;INF109K01EC7;INF109K01AD3;41.55;;;18-Feb-2026

JM Financial Mutual Fund
120486;JM Value Fund (Direct) - Growth Option;INF192K01BT3;;107.2282;;;18-Feb-2026
120485;JM Value Fund (Direct) - IDCW;INF192K01BR7;INF192K01BS5;73.0588;;;18-Feb-2026
100254;JM Value Fund (Regular) - Growth Option;INF137A01037;;94.7997;;;18-Feb-2026
106168;JM Value Fund (Regular) - IDCW;INF137A01011;INF137A01029;66.1975;;;18-Feb-2026

LIC Mutual Fund
152018;LIC MF Value Fund-Direct Plan-Growth;INF397L01KU5;;27.4044;;;18-Feb-2026
152015;LIC MF Value Fund-Direct Plan-IDCW;INF397L01KR1;;27.3791;;;18-Feb-2026
152016;LIC MF Value Fund-Regular Plan-Growth;INF397L01KQ3;;25.2994;;;18-Feb-2026
152017;LIC MF Value Fund-Regular Plan-IDCW;INF397L01KN0;;25.2995;;;18-Feb-2026

Mahindra Manulife Mutual Fund
153303;Mahindra Manulife Value Fund - Direct Plan - Growth;INF174V01CI9;;12.3928;;;18-Feb-2026
153305;Mahindra Manulife Value Fund - Direct Plan - IDCW;INF174V01CJ7;INF174V01CK5;12.3928;;;18-Feb-2026
153304;Mahindra Manulife Value Fund - Regular Plan - Growth;INF174V01CF5;;12.1789;;;18-Feb-2026
153302;Mahindra Manulife Value Fund - Regular Plan - IDCW;INF174V01CH1;INF174V01CG3;12.1789;;;18-Feb-2026

quant Mutual Fund
149335;Quant Value Fund - Growth Option  - Direct Plan;INF966L01AN3;;20.9908;;;18-Feb-2026
149337;Quant Value Fund - Growth Option - Regular Plan;INF966L01AQ6;;19.5822;;;18-Feb-2026
149338;Quant Value Fund - IDCW Option - Direct Plan;INF966L01AO1;INF966L01AP8;19.9439;;;18-Feb-2026
149336;Quant Value Fund - IDCW Option- Regular Plan;INF966L01AR4;INF966L01AS2;19.6895;;;18-Feb-2026

Quantum Mutual Fund
103490;Quantum Value Fund - Direct Plan Growth Option;INF082J01036;;131.83;;;18-Feb-2026
103491;Quantum Value Fund - Direct Plan IDCW;INF082J01044;INF082J01051;132.10;;;18-Feb-2026
141068;Quantum Value Fund - Regular Plan Growth Option;INF082J01242;;125.51;;;18-Feb-2026
141069;Quantum Value Fund - Regular Plan IDCW;INF082J01259;INF082J01267;125.37;;;18-Feb-2026

Sundaram Mutual Fund
119549;Sundaram Value Fund Direct Plan - Growth;INF903J01NN3;;241.1260;;;18-Feb-2026
119548;Sundaram Value Fund Direct Plan - Income Distribution cum Capital Withdrawal (IDCW);INF903J01NL7;INF903J01NM5;19.7280;;;18-Feb-2026
101853;Sundaram Value Fund Regular Plan - Growth;INF903J01538;;226.9130;;;18-Feb-2026
100614;Sundaram Value Fund Regular Plan - Income Distribution cum Capital Withdrawal (IDCW);INF903J01512;INF903J01520;16.1790;;;18-Feb-2026

UTI Mutual Fund
120751;UTI Value Fund - Direct Plan - Growth Option;INF789F01VB2;;189.8497;;;18-Feb-2026
120752;UTI Value Fund - Direct Plan - IDCW;INF789F01UZ3;INF789F01VA4;61.9168;;;18-Feb-2026
103098;UTI Value Fund - Regular Plan - Growth Option;INF789F01AG5;;172.7916;;;18-Feb-2026
103097;UTI Value Fund - Regular Plan - IDCW;INF789F01AE0;INF789F01AF7;50.3561;;;18-Feb-2026

Open Ended Schemes ( Equity Scheme - Contra Fund )


Invesco Mutual Fund
120348;Invesco India Contra Fund - Direct Plan - Growth;INF205K01LE4;;159.54;;;18-Feb-2026
120349;Invesco India Contra Fund - Direct Plan - IDCW (Payout / Reinvestment);INF205K01LC8;INF205K01LD6;74.35;;;18-Feb-2026
105460;Invesco India Contra Fund - Regular Plan - Growth;INF205K01189;;135.24;;;18-Feb-2026
105459;Invesco India Contra Fund - Regular Plan - IDCW (Payout / Reinvestment);INF205K01205;INF205K01197;55.2;;;18-Feb-2026

Kotak Mahindra Mutual Fund
119769;Kotak Contra Fund - Direct Plan - Growth;INF174K01KZ9;;187.232;;;18-Feb-2026
119768;Kotak Contra Fund - Direct Plan - IDCW -Payout & Re-investment of Income Distribution cum capital withdrawal option- Direct;INF174K01LA0;INF174K01LB8;66.626;;;18-Feb-2026
103040;Kotak Contra Fund - Regular Plan - Growth;INF174K01245;;157.579;;;18-Feb-2026
103039;Kotak Contra Fund - Regular Plan - IDCW - Payout & Re-investment of Income Distribution cum capital withdrawal option;INF174K01260;INF174K01252;54.317;;;18-Feb-2026

Open Ended Schemes ( Equity Scheme - Focused Fund )


360 ONE Mutual Fund
131581;360 ONE Focused Fund - Direct Plan - Dividend;INF579M01910;INF579M01928;53.7554;;;18-Feb-2026
131579;360 ONE Focused Fund - Regular Plan - Dividend;INF579M01886;INF579M01894;42.1403;;;18-Feb-2026
131578;360 ONE Focused Fund -Regular Plan - Growth;INF579M01878;;47.6270;;;18-Feb-2026
131580;360 ONE Focused Fund-Direct Plan-Growth;INF579M01902;;54.3093;;;18-Feb-2026

Axis Mutual Fund
120468;Axis Focused Fund - Direct Plan - Growth Option;INF846K01CQ8;;62.28;;;18-Feb-2026
120467;Axis Focused Fund - Direct Plan - IDCW;INF846K01CO3;INF846K01CP0;31.69;;;18-Feb-2026
117560;Axis Focused Fund - Regular Plan - Growth Option;INF846K01CH7;;53.68;;;18-Feb-2026
117559;Axis Focused Fund - Regular Plan - IDCW;INF846K01CI5;INF846K01CJ3;17.70;;;18-Feb-2026

Baroda BNP Paribas Mutual Fund
150264;BARODA BNP PARIBAS Focused Fund - Direct Plan - Growth Option;INF251K01PN0;;25.0770;;;18-Feb-2026
150265;BARODA BNP PARIBAS Focused Fund - Direct Plan - IDCW Option;INF251K01PO8;INF251K01PP5;18.0311;;;18-Feb-2026
150262;BARODA BNP PARIBAS Focused Fund - Regular Plan - IDCW Option;INF251K01PL4;INF251K01PM2;15.7870;;;18-Feb-2026
150263;BARODA BNP PARIBAS Focused Fund - Regular Plan-Growth Option;INF251K01PK6;;21.9113;;;18-Feb-2026

Edelweiss Mutual Fund
150376;Edelweiss Focused Fund - Direct Plan - Growth;INF754K01OP1;;18.141;;;18-Feb-2026
150383;Edelweiss Focused Fund - Direct Plan - IDCW;INF754K01OQ9;INF754K01OR7;18.141;;;18-Feb-2026
150382;Edelweiss Focused Fund - Regular Plan - Growth;INF754K01OL0;;17.119;;;18-Feb-2026
150384;Edelweiss Focused Fund - Regular Plan - IDCW;INF754K01OM8;INF754K01ON6;17.118;;;18-Feb-2026

HDFC Mutual Fund
118950;HDFC Focused Fund - Growth Option - Direct Plan;INF179K01VK7;;276.827;;;18-Feb-2026
102760;HDFC Focused Fund - GROWTH PLAN;INF179K01574;;242.704;;;18-Feb-2026
118949;HDFC Focused Fund - IDCW Option - Direct Plan;INF179K01VI1;INF179K01VJ9;32.923;;;18-Feb-2026
102761;HDFC Focused Fund - IDCW PLAN;INF179K01558;INF179K01566;24.676;;;18-Feb-2026

HSBC Mutual Fund
148411;HSBC Focused Fund - Direct Growth;INF336L01PB2;;28.0491;;;18-Feb-2026
148412;HSBC Focused Fund - Direct IDCW;INF336L01PC0;INF336L01PD8;22.7852;;;18-Feb-2026
148409;HSBC Focused Fund - Regular Growth;INF336L01PE6;;25.9729;;;18-Feb-2026
148410;HSBC Focused Fund - Regular IDCW;INF336L01PF3;INF336L01PG1;18.3638;;;18-Feb-2026

ICICI Prudential Mutual Fund
120722;ICICI Prudential Focused Equity Fund - Direct Plan - Growth;INF109K018N2;;112.37;;;18-Feb-2026
120723;ICICI Prudential Focused Equity Fund - Direct Plan - IDCW;INF109K016N6;INF109K017N4;65.42;;;18-Feb-2026
111957;ICICI Prudential Focused Equity Fund - Growth;INF109K01BZ4;;97.41;;;18-Feb-2026
111958;ICICI Prudential Focused Equity Fund - IDCW;INF109K01FM3;INF109K01CA5;28.70;;;18-Feb-2026

Invesco Mutual Fund
148481;Invesco India Focused Fund - Direct Plan - Growth;INF205KA1213;;28.59;;;18-Feb-2026
148482;Invesco India Focused Fund - Direct Plan - IDCW (Payout / Reinvestment);INF205KA1205;INF205KA1221;23.27;;;18-Feb-2026
148483;Invesco India Focused Fund - Regular Plan - Growth;INF205KA1189;;26.37;;;18-Feb-2026
148484;Invesco India Focused Fund - Regular Plan - IDCW (Payout / Reinvestment);INF205KA1171;INF205KA1197;21.24;;;18-Feb-2026

JM Financial Mutual Fund
120488;JM Focused Fund (Direct)  - Growth Option;INF192K01BW7;;23.7112;;;18-Feb-2026
120487;JM Focused Fund (Direct) -  IDCW;INF192K01BU1;INF192K01BV9;23.2376;;;18-Feb-2026
107410;JM Focused Fund (Regular) - Growth Option;INF192K01577;;20.1232;;;18-Feb-2026
107409;JM Focused Fund (Regular) - IDCW;INF192K01551;INF192K01569;20.1224;;;18-Feb-2026

Kotak Mahindra Mutual Fund
147473;Kotak Focused Fund- Direct Plan- Growth option;INF174KA1EN7;;30.48;;;18-Feb-2026
147477;Kotak Focused Fund- Regular plan _ Growth Option;INF174KA1EK3;;27.516;;;18-Feb-2026
147472;Kotak Focused Fund- Regular Plan-Income Distribution cum capital withdrawal option;INF174KA1EM9;INF174KA1EL1;27.516;;;18-Feb-2026
147475;Kotak Focused Fund-Direct Plan- Income Distribution cum capital withdrawal option;INF174KA1EP2;INF174KA1EO5;30.481;;;18-Feb-2026

LIC Mutual Fund
152010;LIC MF Focused Fund-Direct Plan-Growth;INF397L01KA7;;23.1931;;;18-Feb-2026
152008;LIC MF Focused Fund-Direct Plan-IDCW;INF397L01JX1;INF397L01JY9;23.1678;;;18-Feb-2026
152009;LIC MF Focused Fund-Regular Plan-Growth;INF397L01KE9;;20.9923;;;18-Feb-2026
152007;LIC MF Focused Fund-Regular Plan-IDCW;INF397L01KB5;INF397L01KC3;20.9921;;;18-Feb-2026

Mahindra Manulife Mutual Fund
148569;Mahindra Manulife Focused Fund - Direct Plan - IDCW;INF174V01AI3;INF174V01AH5;22.4651;;;18-Feb-2026
148567;Mahindra Manulife Focused Fund - Direct Plan -Growth;INF174V01AG7;;30.6601;;;18-Feb-2026
148571;Mahindra Manulife Focused Fund - Regular Plan - Growth;INF174V01AD4;;27.8139;;;18-Feb-2026
148566;Mahindra Manulife Focused Fund - Regular Plan - IDCW;INF174V01AF9;INF174V01AE2;20.0674;;;18-Feb-2026

Mirae Asset Mutual Fund
147205;Mirae Asset Focused Fund Direct IDCW;INF769K01ET2;INF769K01EW6;24.792;;;18-Feb-2026
147206;Mirae Asset Focused Fund Direct Plan Growth;INF769K01EU0;;26.954;;;18-Feb-2026
147204;Mirae Asset Focused Fund Regular IDCW;INF769K01ER6;INF769K01EV8;22.618;;;18-Feb-2026
147203;Mirae Asset Focused Fund Regular Plan Growth;INF769K01ES4;;24.603;;;18-Feb-2026

Old Bridge Mutual Fund
152358;Old Bridge Focused Fund - Direct Growth;INF0S5R01042;;12.68;;;18-Feb-2026
152359;Old Bridge Focused Fund - Direct IDCW;INF0S5R01059;INF0S5R01067;12.68;;;18-Feb-2026
152361;Old Bridge Focused Fund - Regular Growth;INF0S5R01034;;12.41;;;18-Feb-2026
152363;Old Bridge Focused Fund - Regular IDCW;INF0S5R01018;INF0S5R01026;12.41;;;18-Feb-2026

quant Mutual Fund
109275;quant Focused Fund - Growth Option - Regular Plan;INF966L01374;;86.0302;;;18-Feb-2026
120834;quant Focused Fund - Growth Option-Direct Plan;INF966L01853;;96.2577;;;18-Feb-2026
120835;quant Focused Fund - IDCW Option - Direct Plan;INF966L01838;INF966L01846;56.2697;;;18-Feb-2026
109274;quant Focused Fund - IDCW Option - Regular Plan;INF966L01358;INF966L01366;63.9672;;;18-Feb-2026

Sundaram Mutual Fund
149533;Sundaram Focused Fund (Formerly Known as Principal Focused Multicap Fund)- Direct Plan - Growth Option;INF173K01EK6;;180.1637;;;18-Feb-2026
149534;Sundaram Focused Fund (Formerly Known as Principal Focused Multicap Fund)- Direct Plan - Income Distribution CUM Capital Withdrawal Option (IDCW);INF173K01EM2;INF173K01EL4;42.2230;;;18-Feb-2026
149531;Sundaram Focused Fund (Formerly Known as Principal Focused Multicap Fund)- Income Distribution CUM Capital Withdrawal Option (IDCW);INF173K01197;INF173K01205;38.5766;;;18-Feb-2026
149532;Sundaram Focused Fund (Formerly Known as Principal Focused Multicap Fund)-Growth Option;INF173K01189;;161.7482;;;18-Feb-2026

UTI Mutual Fund
149091;UTI Focused Fund - Direct Plan - Growth Option;INF789F1AVA3;;16.7679;;;18-Feb-2026
149093;UTI Focused Fund - Direct Plan - IDCW Payout Option;INF789F1AVB1;;16.7675;;;18-Feb-2026
149090;UTI Focused Fund - Regular Plan - Growth Option;INF789F1AUY5;;15.6699;;;18-Feb-2026
149092;UTI Focused Fund - Regular Plan - IDCW Payout Option;INF789F1AUZ2;;15.6699;;;18-Feb-2026

Open Ended Schemes ( Equity Scheme - Sectoral/ Thematic )


360 ONE Mutual Fund
149318;360 ONE QUANT FUND DIRECT GROWTH;INF579M01AI2;;21.0084;;;18-Feb-2026
149319;360 ONE QUANT FUND DIRECT INCOME DISTRIBUTION CUM CAPITAL WITHDRAWAL;INF579M01AJ0;INF579M01AK8;21.0084;;;18-Feb-2026
149317;360 ONE QUANT FUND REGULAR GROWTH;INF579M01AF8;;19.9165;;;18-Feb-2026
149316;360 ONE QUANT FUND REGULAR INCOME DISTRIBUTION CUM CAPITAL WITHDRAWAL;INF579M01AG6;INF579M01AH4;19.9165;;;18-Feb-2026

Axis Mutual Fund
151368;Axis Business Cycles Fund - Direct Plan - Growth;INF846K016N4;;17.40;;;18-Feb-2026
151369;Axis Business Cycles Fund - Direct Plan - IDCW;INF846K017N2;INF846K018N0;17.39;;;18-Feb-2026
151366;Axis Business Cycles Fund - Regular Plan - Growth;INF846K019N8;;16.71;;;18-Feb-2026
151367;Axis Business Cycles Fund - Regular Plan - IDCW;INF846K010O5;INF846K011O3;16.71;;;18-Feb-2026
152805;Axis Consumption Fund Direct Plan - Growth;INF846K013X0;;9.58;;;18-Feb-2026
152803;Axis Consumption Fund Direct Plan - IDCW;INF846K014X8;INF846K015X5;9.58;;;18-Feb-2026
152804;Axis Consumption Fund Regular Plan - Growth;INF846K010X6;;9.39;;;18-Feb-2026
152806;Axis Consumption Fund Regular Plan - IDCW;INF846K011X4;INF846K012X2;9.39;;;18-Feb-2026
147928;Axis ESG Integration Strategy Fund - Direct Plan - Growth Option;INF846K01W23;;23.36;;;18-Feb-2026
147931;Axis ESG Integration Strategy Fund - Direct Plan - IDCW;INF846K01W31;INF846K01W49;16.64;;;18-Feb-2026
147929;Axis ESG Integration Strategy Fund - Regular Plan - Growth Option;INF846K01W56;;21.65;;;18-Feb-2026
147930;Axis ESG Integration Strategy Fund - Regular Plan - IDCW;INF846K01W64;INF846K01W72;15.41;;;18-Feb-2026
152202;Axis India Manufacturing Fund - Direct Plan - Growth;INF846K016S3;;14.91;;;18-Feb-2026
152204;Axis India Manufacturing Fund - Direct Plan - IDCW;INF846K017S1;INF846K018S9;14.91;;;18-Feb-2026
152205;Axis India Manufacturing Fund - Regular Plan - Growth;INF846K013S0;;14.47;;;18-Feb-2026
152203;Axis India Manufacturing Fund - Regular Plan - IDCW;INF846K014S8;INF846K015S5;14.47;;;18-Feb-2026
153083;Axis Momentum Fund - Direct Plan - Growth Option;INF846K011Z9;;9.42;;;18-Feb-2026
153084;Axis Momentum Fund - Direct Plan - IDCW Option;INF846K013Z5;INF846K015Z0;9.42;;;18-Feb-2026
153085;Axis Momentum Fund - Regular Plan - Growth Option;INF846K010Z1;;9.24;;;18-Feb-2026
153082;Axis Momentum Fund - Regular Plan - IDCW Option;INF846K012Z7;INF846K014Z3;9.24;;;18-Feb-2026
148993;Axis Quant Fund - Direct Plan - Growth;INF846K01Z87;;17.50;;;18-Feb-2026
148994;Axis Quant Fund - Direct Plan - IDCW;INF846K01Z95;INF846K010A4;17.49;;;18-Feb-2026
148992;Axis Quant Fund - Regular Plan - Growth;INF846K011A2;;16.25;;;18-Feb-2026
148995;Axis Quant Fund - Regular Plan - IDCW;INF846K012A0;INF846K013A8;16.25;;;18-Feb-2026
153624;Axis Services Opportunities Fund - Direct Plan - Growth Option;INF846KA1168;;9.75;;;18-Feb-2026
153622;Axis Services Opportunities Fund - Direct Plan - IDCW Option;INF846KA1176;INF846KA1184;9.75;;;18-Feb-2026
153621;Axis Services Opportunities Fund - Regular Plan - Growth Option;INF846KA1135;;9.67;;;18-Feb-2026
153623;Axis Services Opportunities Fund - Regular Plan - IDCW Option;INF846KA1143;INF846KA1150;9.67;;;18-Feb-2026

Bank of India Mutual Fund
154093;Bank of India Banking & Financial Services Fund - Direct Plan - Growth;INF761K01HE4;;10.24;;;18-Feb-2026
154094;Bank of India Banking & Financial Services Fund - Direct Plan - IDCW;INF761K01HF1;INF761K01HG9;10.24;;;18-Feb-2026
154095;Bank of India Banking & Financial Services Fund - Regular Plan - Growth;INF761K01HH7;;10.23;;;18-Feb-2026
154096;Bank of India Banking & Financial Services Fund - Regular Plan - IDCW;INF761K01HI5;INF761K01HJ3;10.23;;;18-Feb-2026
152788;Bank of India Business Cycle Fund - Direct Plan - Dividend;INF761K01GG1;INF761K01GH9;9.10;;;18-Feb-2026
152789;Bank of India Business Cycle Fund - Direct Plan - Growth;INF761K01GF3;;9.10;;;18-Feb-2026
152791;Bank of India Business Cycle Fund - Regular Plan - Dividend;INF761K01GD8;INF761K01GE6;8.94;;;18-Feb-2026
152790;Bank of India Business Cycle Fund - Regular Plan - Growth;INF761K01GC0;;8.94;;;18-Feb-2026
153139;Bank of India Consumption Fund - Direct - Growth;INF761K01GI7;;10.94;;;18-Feb-2026
153142;Bank of India Consumption Fund - Direct - IDCW;INF761K01GJ5;INF761K01GK3;10.94;;;18-Feb-2026
153140;Bank of India Consumption Fund - Regular - Growth;INF761K01GL1;;10.79;;;18-Feb-2026
153141;Bank of India Consumption Fund - Regular - IDCW;INF761K01GM9;INF761K01GN7;10.79;;;18-Feb-2026
119364;BANK OF INDIA Manufacturing & Infrastructure Fund-Direct Plan-Growth;INF761K01702;;70.65;;;18-Feb-2026
119365;BANK OF INDIA Manufacturing & Infrastructure Fund-Direct Plan-Quarterly IDCW;INF761K01728;INF761K01710;69.45;;;18-Feb-2026
119363;BANK OF INDIA Manufacturing & Infrastructure Fund-Direct Plan-Regular IDCW;INF761K01694;INF761K01686;66.67;;;18-Feb-2026
112359;BANK OF INDIA Manufacturing & Infrastructure Fund-Growth;INF761K01199;;59.82;;;18-Feb-2026
112360;BANK OF INDIA Manufacturing & Infrastructure Fund-Quarterly IDCW;INF761K01231;INF761K01223;38.83;;;18-Feb-2026
112361;BANK OF INDIA Manufacturing & Infrastructure Fund-Regular IDCW;INF761K01215;INF761K01207;38.12;;;18-Feb-2026

Baroda BNP Paribas Mutual Fund
119333;Baroda BNP Paribas Banking and Financial Services Fund - Direct - Growth Option;INF955L01971;;58.0236;;;18-Feb-2026
119334;Baroda BNP Paribas Banking and Financial Services Fund - Direct - IDCW Option;INF955L01955;;26.6364;;;18-Feb-2026
117549;Baroda BNP Paribas Banking and Financial Services Fund - Regular - Growth Option;INF955L01856;;51.3480;;;18-Feb-2026
117547;Baroda BNP Paribas Banking and Financial Services Fund - Regular - IDCW Option;INF955L01831;;23.0687;;;18-Feb-2026
153847;Baroda BNP Paribas Business Conglomerates Fund Direct Growth Option;INF251K01VJ6;;10.3600;;;18-Feb-2026
153845;Baroda BNP Paribas Business Conglomerates Fund Direct IDCW Payout Option;INF251K01VK4;;10.3600;;;18-Feb-2026
153844;Baroda BNP Paribas Business Conglomerates Fund Regular Growth Option;INF251K01VG2;;10.2870;;;18-Feb-2026
153846;Baroda BNP Paribas Business Conglomerates Fund Regular IDCW Payout Option;INF251K01VH0;;10.2870;;;18-Feb-2026
149141;Baroda BNP Paribas Business Cycle Fund - Direct Plan - Growth;INF955L01KK1;;17.0507;;;18-Feb-2026
149143;Baroda BNP Paribas Business Cycle Fund - Direct Plan - IDCW Option;INF955L01KL9;INF955L01KM7;15.5569;;;18-Feb-2026
149140;Baroda BNP Paribas Business Cycle Fund - Regular Plan - Growth;INF955L01KH7;;15.9838;;;18-Feb-2026
149142;Baroda BNP Paribas Business Cycle Fund - Regular Plan - IDCW Option;INF955L01KI5;INF955L01KJ3;14.5867;;;18-Feb-2026
153225;Baroda BNP Paribas Energy Opportunities Fund - Direct Plan - Growth Option;INF251K01UJ8;;12.0930;;;18-Feb-2026
153227;Baroda BNP Paribas Energy Opportunities Fund - Direct Plan - IDCW Option;INF251K01UK6;INF251K01UL4;12.0930;;;18-Feb-2026
153226;Baroda BNP Paribas Energy Opportunities Fund - Regular Plan - Growth Option;INF251K01UG4;;11.9023;;;18-Feb-2026
153224;Baroda BNP Paribas Energy Opportunities Fund - Regular Plan - ICDW Option;INF251K01UH2;INF251K01UI0;11.9023;;;18-Feb-2026
153604;Baroda BNP Paribas Health and Wellness Fund Direct Growth;INF251K01VA5;;9.5827;;;18-Feb-2026
153605;Baroda BNP Paribas Health and Wellness Fund Direct IDCWPayout;INF251K01VB3;INF251K01VC1;9.5827;;;18-Feb-2026
153602;Baroda BNP Paribas Health and Wellness Fund Regular Growth;INF251K01UY7;;9.4705;;;18-Feb-2026
153607;Baroda BNP Paribas Health and Wellness Fund Regular IDCWPayout;INF251K01VD9;INF251K01UZ4;9.4705;;;18-Feb-2026
150266;BARODA BNP PARIBAS India Consumption Fund - Direct Plan - Growth Option;INF251K01PT7;;34.7655;;;18-Feb-2026
150269;BARODA BNP PARIBAS India Consumption Fund - Direct Plan - IDCW Option;INF251K01PV3;INF251K01PU5;24.1614;;;18-Feb-2026
150268;BARODA BNP PARIBAS India Consumption Fund - Regular Plan - Growth Option;INF251K01PQ3;;31.1232;;;18-Feb-2026
150267;BARODA BNP PARIBAS India Consumption Fund - Regular Plan - IDCW Option;INF251K01PS9;INF251K01PR1;20.9654;;;18-Feb-2026
152470;Baroda BNP Paribas Innovation Fund Direct plan - Growth Option;INF251K01TE1;;13.0266;;;18-Feb-2026
152471;Baroda BNP Paribas Innovation Fund Direct plan - IDCW Option;INF251K01TF8;INF251K01TG6;13.0266;;;18-Feb-2026
152472;Baroda BNP Paribas Innovation Fund Regular plan - Growth Option;INF251K01TB7;;12.6510;;;18-Feb-2026
152473;Baroda BNP Paribas Innovation Fund Regular plan - IDCW Option;INF251K01TC5;INF251K01TD3;12.5236;;;18-Feb-2026
152697;Baroda BNP Paribas Manufacturing Fund - Direct Plan - Growth Option;INF251K01TP7;;10.5795;;;18-Feb-2026
152698;Baroda BNP Paribas Manufacturing Fund - Direct Plan - IDCW Option;INF251K01TQ5;INF251K01TR3;10.5795;;;18-Feb-2026
152696;Baroda BNP Paribas Manufacturing Fund - Regular Plan - Growth Option;INF251K01TM4;;10.3310;;;18-Feb-2026
152699;Baroda BNP Paribas Manufacturing Fund - Regular Plan - IDCW Option;INF251K01TN2;INF251K01TO0;10.3310;;;18-Feb-2026

Edelweiss Mutual Fund
152710;Edelweiss Business Cycle Fund - Direct Plan - Growth;INF754K01TA2;;9.3316;;;18-Feb-2026
152723;Edelweiss Business Cycle Fund - Direct Plan - IDCW Option;INF754K01TB0;INF754K01TC8;9.3316;;;18-Feb-2026
152724;Edelweiss Business Cycle Fund - Regular Plan - Growth;INF754K01SW8;;9.098;;;18-Feb-2026
152722;Edelweiss Business Cycle Fund - Regular Plan - IDCW Option;INF754K01SX6;INF754K01SY4;9.098;;;18-Feb-2026
153214;Edelweiss Consumption Fund - Direct - Growth;INF754K01TY2;;11.336;;;18-Feb-2026
153254;Edelweiss Consumption Fund - Direct - IDCW - Payout;INF754K01TZ9;INF754K01UA0;11.336;;;18-Feb-2026
153255;Edelweiss Consumption Fund - Regular - Growth;INF754K01UC6;;11.1455;;;18-Feb-2026
153215;Edelweiss Consumption Fund - Regular - IDCW - Payout;INF754K01UD4;INF754K01UE2;11.1455;;;18-Feb-2026
154108;Edelweiss Financial Services Fund - Direct Plan - Growth Option;INF754K01WH1;;10.0442;;;18-Feb-2026
154105;Edelweiss Financial Services Fund - Direct Plan - IDCW Option;INF754K01WI9;INF754K01WJ7;10.0442;;;18-Feb-2026
154107;Edelweiss Financial Services Fund - Regular Plan - Growth Option;INF754K01WL3;;10.0428;;;18-Feb-2026
154106;Edelweiss Financial Services Fund - Regular Plan - IDCW Option;INF754K01WM1;INF754K01WN9;10.0428;;;18-Feb-2026
142386;Edelweiss Recently Listed IPO Fund - DIRECT PLAN - IDCW Option;INF754K01MM2;INF754K01MN0;28.0603;;;18-Feb-2026
142388;Edelweiss Recently Listed IPO Fund Direct Plan Growth;INF754K01ML4;;28.0603;;;18-Feb-2026
142384;Edelweiss Recently Listed IPO Fund REGULAR PLAN - IDCW Option;INF754K01MI0;INF754K01MJ8;26.0111;;;18-Feb-2026
142383;Edelweiss Recently Listed IPO Fund Regular Plan Growth;INF754K01MH2;;26.0125;;;18-Feb-2026

Groww Mutual Fund
152254;Groww Banking & Financial Services Fund - Direct Plan - Growth;INF666M01HS1;;12.7977;;;18-Feb-2026
152274;Groww Banking & Financial Services Fund - Regular - Growth;INF666M01HP7;;12.3022;;;18-Feb-2026
152276;Groww Banking & Financial Services Fund - Regular Plan - IDCW;INF666M01HQ5;INF666M01HR3;12.3022;;;18-Feb-2026
152273;Groww Banking & Financial Services Fund-IDCW;INF666M01HT9;INF666M01HU7;12.7969;;;18-Feb-2026

HDFC Mutual Fund
148987;HDFC Banking & Financial Services Fund - Growth Option;INF179KC1BJ4;;18.598;;;18-Feb-2026
148986;HDFC Banking & Financial Services Fund - Growth Option - Direct Plan;INF179KC1BG0;;19.867;;;18-Feb-2026
148984;HDFC Banking & Financial Services Fund - IDCW Option;INF179KC1BK2;INF179KC1BL0;16.325;;;18-Feb-2026
148985;HDFC Banking & Financial Services Fund - IDCW Option - Direct Plan;INF179KC1BH8;INF179KC1BI6;17.559;;;18-Feb-2026
150803;HDFC Business Cycle Fund - Growth Option;INF179KC1EB5;;14.547;;;18-Feb-2026
150805;HDFC Business Cycle Fund - Growth Option - Direct Plan;INF179KC1DY9;;15.143;;;18-Feb-2026
150806;HDFC Business Cycle Fund - IDCW Option;INF179KC1EC3;INF179KC1ED1;14.547;;;18-Feb-2026
150804;HDFC Business Cycle Fund - IDCW Option - Direct Plan;INF179KC1DZ6;INF179KC1EA7;15.143;;;18-Feb-2026
151751;HDFC Defence Fund - Growth Option;INF179KC1GL9;;24.557;;;18-Feb-2026
151750;HDFC Defence Fund - Growth Option - Direct Plan;INF179KC1GI5;;25.327;;;18-Feb-2026
151748;HDFC Defence Fund - IDCW Option;INF179KC1GM7;INF179KC1GN5;24.557;;;18-Feb-2026
151749;HDFC Defence Fund - IDCW Option - Direct Plan;INF179KC1GJ3;INF179KC1GK1;25.327;;;18-Feb-2026
141923;HDFC Housing Opportunities Fund  - Growth Option;INF179KC1AX7;;22.888;;;18-Feb-2026
141924;HDFC Housing Opportunities Fund  - Growth Option - Direct Plan;INF179KC1AU3;;24.881;;;18-Feb-2026
141922;HDFC Housing Opportunities Fund  - IDCW Option;INF179KC1AY5;INF179KC1AZ2;16.408;;;18-Feb-2026
141921;HDFC Housing Opportunities Fund  - IDCW Option - Direct Plan;INF179KC1AV1;INF179KC1AW9;18.244;;;18-Feb-2026
118979;HDFC Infrastructure Fund - Growth Option - Direct Plan;INF179K01WQ2;;53.331;;;18-Feb-2026
107524;HDFC Infrastructure Fund - Growth Plan;INF179K01GF8;;47.986;;;18-Feb-2026
118978;HDFC Infrastructure Fund - IDCW Option - Direct Plan;INF179K01WP4;INF179K01WR0;32.636;;;18-Feb-2026
107525;HDFC Infrastructure Fund - IDCW Plan;INF179K01GE1;INF179K01GG6;20.58;;;18-Feb-2026
153620;HDFC INNOVATION FUND - DIRECT PLAN - GROWTH OPTION;INF179KC1JO7;;10.169;;;18-Feb-2026
153643;HDFC INNOVATION FUND - IDCW - DIRECT PLAN;INF179KC1JP4;INF179KC1JQ2;10.169;;;18-Feb-2026
153647;HDFC INNOVATION FUND - IDCW - REGULAR PLAN;INF179KC1JM1;INF179KC1JN9;10.093;;;18-Feb-2026
153619;HDFC INNOVATION FUND - REGULAR PLAN - GROWTH OPTION;INF179KC1JL3;;10.093;;;18-Feb-2026
152600;HDFC Manufacturing fund - Growth Option - Direct Plan;INF179KC1II1;;11.424;;;18-Feb-2026
152602;HDFC Manufacturing fund - Growth Option - Regular Plan;INF179KC1IF7;;11.198;;;18-Feb-2026
152603;HDFC Manufacturing fund - IDCW - Direct Plan;INF179KC1IJ9;INF179KC1IK7;11.424;;;18-Feb-2026
152601;HDFC Manufacturing fund - IDCW - Regular Plan;INF179KC1IG5;INF179KC1IH3;11.198;;;18-Feb-2026
151457;HDFC MNC Fund - Growth Option;INF179KC1FF3;;13.581;;;18-Feb-2026
151458;HDFC MNC Fund - Growth Option - Direct Plan;INF179KC1FC0;;14.067;;;18-Feb-2026
151459;HDFC MNC Fund - IDCW Option;INF179KC1FG1;INF179KC1FH9;13.581;;;18-Feb-2026
151460;HDFC MNC Fund - IDCW Option - Direct Plan;INF179KC1FD8;INF179KC1FE6;14.067;;;18-Feb-2026
151803;HDFC Non-Cyclical Consumer Fund - Growth Option;INF179KC1GR6;;13.795;;;18-Feb-2026
151804;HDFC Non-Cyclical Consumer Fund - Growth Option - Direct Plan;INF179KC1GO3;;14.239;;;18-Feb-2026
151802;HDFC Non-Cyclical Consumer Fund - IDCW Option;INF179KC1GS4;INF179KC1GT2;13.795;;;18-Feb-2026
151805;HDFC Non-Cyclical Consumer Fund - IDCW Option - Direct Plan;INF179KC1GP0;INF179KC1GQ8;14.239;;;18-Feb-2026
152084;HDFC Pharma and Healthcare Fund - Growth Option;INF179KC1HL7;;17.465;;;18-Feb-2026
152082;HDFC Pharma and Healthcare Fund - Growth Option - Direct Plan;INF179KC1HO1;;17.973;;;18-Feb-2026
152083;HDFC Pharma and Healthcare Fund - IDCW Option;INF179KC1HM5;INF179KC1HN3;17.465;;;18-Feb-2026
152081;HDFC Pharma and Healthcare Fund - IDCW Option - Direct Plan;INF179KC1HP8;INF179KC1HQ6;17.973;;;18-Feb-2026
152058;HDFC Technology Fund - Growth Option;INF179KC1HF9;;12.163;;;18-Feb-2026
152059;HDFC Technology Fund - Growth Option - Direct Plan;INF179KC1HI3;;12.527;;;18-Feb-2026
152057;HDFC Technology Fund - IDCW Option;INF179KC1HG7;INF179KC1HH5;12.163;;;18-Feb-2026
152060;HDFC Technology Fund - IDCW Option - Direct Plan;INF179KC1HJ1;INF179KC1HK9;12.527;;;18-Feb-2026
151900;HDFC Transportation and Logistics Fund - Growth Option;INF179KC1GX4;;18.158;;;18-Feb-2026
151901;HDFC Transportation and Logistics Fund - Growth Option - Direct Plan;INF179KC1GU0;;18.71;;;18-Feb-2026
151902;HDFC Transportation and Logistics Fund - IDCW Option;INF179KC1GY2;INF179KC1GZ9;18.158;;;18-Feb-2026
151899;HDFC Transportation and Logistics Fund - IDCW Option - Direct Plan;INF179KC1GV8;INF179KC1GW6;18.71;;;18-Feb-2026

Helios Mutual Fund
152679;Helios Financial Services Fund - Direct Plan - Growth Option;INF0R8701202;;12.19;;;18-Feb-2026
152680;Helios Financial Services Fund - Direct Plan - IDCW Option;INF0R8701210;INF0R8701228;12.19;;;18-Feb-2026
152682;Helios Financial Services Fund - Regular Plan - Growth Option;INF0R8701178;;11.87;;;18-Feb-2026
152681;Helios Financial Services Fund - Regular Plan - IDCW Option;INF0R8701186;INF0R8701194;11.87;;;18-Feb-2026

HSBC Mutual Fund
151142;HSBC Business Cycles Fund - Direct Growth;INF917K01RI2;;46.2171;;;18-Feb-2026
151145;HSBC Business Cycles Fund - Direct IDCW;INF917K01RK8;INF917K01RJ0;26.6388;;;18-Feb-2026
151144;HSBC Business Cycles Fund - Regular Growth;INF917K01RF8;;41.7054;;;18-Feb-2026
151143;HSBC Business Cycles Fund - Regular IDCW;INF917K01RH4;INF917K01RG6;24.1705;;;18-Feb-2026
152032;HSBC Consumption Fund - Direct Growth;INF336L01QZ9;;14.7155;;;18-Feb-2026
152028;HSBC Consumption Fund - Direct IDCW;INF336L01RA0;INF336L01RB8;14.7155;;;18-Feb-2026
152027;HSBC Consumption Fund - Regular Growth;INF336L01RC6;;14.2331;;;18-Feb-2026
152030;HSBC Consumption Fund - Regular IDCW;INF336L01RD4;INF336L01RE2;14.2331;;;18-Feb-2026
153266;HSBC Financial Services Fund - Direct Growth;INF336L01RU8;;12.6978;;;18-Feb-2026
153269;HSBC Financial Services Fund - Direct IDCW;INF336L01RW4;INF336L01RV6;12.6975;;;18-Feb-2026
153267;HSBC Financial Services Fund - Regular Growth;INF336L01RR4;;12.5237;;;18-Feb-2026
153268;HSBC Financial Services Fund - Regular IDCW;INF336L01RT0;INF336L01RS2;12.5237;;;18-Feb-2026
152829;HSBC India Export Opportunities Fund - Direct Growth;INF336L01RO1;;10.1423;;;18-Feb-2026
152831;HSBC India Export Opportunities Fund - Direct IDCW;INF336L01RP8;INF336L01RQ6;10.1422;;;18-Feb-2026
152830;HSBC India Export Opportunities Fund - Regular Growth;INF336L01RL7;;9.948;;;18-Feb-2026
152832;HSBC India Export Opportunities Fund - Regular IDCW;INF336L01RM5;INF336L01RN3;9.948;;;18-Feb-2026
151040;HSBC Infrastructure Fund - Direct Growth;INF917K01FW8;;53.6681;;;18-Feb-2026
151039;HSBC Infrastructure Fund - Direct IDCW;INF917K01E52;INF917K01FU2;38.4772;;;18-Feb-2026
151037;HSBC Infrastructure Fund - Regular Growth;INF917K01536;;47.449;;;18-Feb-2026
151038;HSBC Infrastructure Fund - Regular IDCW;INF917K01544;INF917K01551;34.3788;;;18-Feb-2026

ICICI Prudential Mutual Fund
153684;ICICI Prudential Active Momentum Fund - Direct Plan - Growth;INF109K1A385;;10.86;;;18-Feb-2026
153685;ICICI Prudential Active Momentum Fund - Growth;INF109K1A377;;10.79;;;18-Feb-2026
109445;ICICI Prudential Banking and Financial Services Fund -  Growth;INF109K01BU5;;139.62;;;18-Feb-2026
109446;ICICI Prudential Banking and Financial Services Fund -  IDCW;INF109K01DY3;INF109K01BV3;26.65;;;18-Feb-2026
120244;ICICI Prudential Banking and Financial Services Fund - Direct Plan -  Growth;INF109K013J1;;157.92;;;18-Feb-2026
120245;ICICI Prudential Banking and Financial Services Fund - Direct Plan -  IDCW;INF109K011J5;INF109K012J3;72.56;;;18-Feb-2026
146951;ICICI Prudential Bharat Consumption Fund - Direct Plan - Growth Option;INF109KC1YD4;;26.75;;;18-Feb-2026
146949;ICICI Prudential Bharat Consumption Fund - Direct Plan - IDCW Option;INF109KC1YF9;;17.17;;;18-Feb-2026
146950;ICICI Prudential Bharat Consumption Fund - Growth Option;INF109KC1YA0;;24.77;;;18-Feb-2026
146952;ICICI Prudential Bharat Consumption Fund - IDCW Option;INF109KC1YC6;;15.39;;;18-Feb-2026
153867;ICICI Prudential Conglomerate Fund - Direct Plan - Growth;INF109K1A427;;10.34;;;18-Feb-2026
153866;ICICI Prudential Conglomerate Fund - Direct Plan - IDCW;INF109K1A443;INF109K1A435;10.34;;;18-Feb-2026
153865;ICICI Prudential Conglomerate Fund - Growth;INF109K1A393;;10.30;;;18-Feb-2026
153864;ICICI Prudential Conglomerate Fund - IDCW;INF109K1A419;INF109K1A401;10.30;;;18-Feb-2026
152728;ICICI PRUDENTIAL ENERGY OPPORTUNITIES FUND - Direct Plan - Growth;INF109KC12W6;;11.06;;;18-Feb-2026
152729;ICICI PRUDENTIAL ENERGY OPPORTUNITIES FUND - Direct Plan - IDCW;INF109KC13W4;INF109KC14W2;11.06;;;18-Feb-2026
152726;ICICI PRUDENTIAL ENERGY OPPORTUNITIES FUND - Growth;INF109KC15W9;;10.85;;;18-Feb-2026
152727;ICICI PRUDENTIAL ENERGY OPPORTUNITIES FUND - IDCW;INF109KC16W7;INF109KC17W5;10.84;;;18-Feb-2026
153070;ICICI Prudential Equity Minimum Variance Fund - Direct Plan - Growth;INF109KC10Y6;;11.20;;;18-Feb-2026
153071;ICICI Prudential Equity Minimum Variance Fund - Direct Plan - IDCW;INF109KC12Y2;INF109KC11Y4;11.20;;;18-Feb-2026
153069;ICICI Prudential Equity Minimum Variance Fund - Growth;INF109KC17X3;;11.03;;;18-Feb-2026
153068;ICICI Prudential Equity Minimum Variance Fund - IDCW;INF109KC19X9;INF109KC18X1;11.03;;;18-Feb-2026
148516;ICICI Prudential ESG Exclusionary Strategy Fund - Direct Plan - Growth;INF109KC1O09;;23.83;;;18-Feb-2026
148515;ICICI Prudential ESG Exclusionary Strategy Fund - Direct Plan - IDCW;INF109KC1O25;INF109KC1O17;18.19;;;18-Feb-2026
148517;ICICI Prudential ESG Exclusionary Strategy Fund - Growth;INF109KC1N75;;22.21;;;18-Feb-2026
148514;ICICI Prudential ESG Exclusionary Strategy Fund - IDCW;INF109KC1N91;INF109KC1N83;16.74;;;18-Feb-2026
120688;ICICI Prudential Exports & Services Fund - Direct Plan - Growth;INF109K01W25;;183.71;;;18-Feb-2026
120687;ICICI Prudential Exports & Services Fund - Direct Plan - IDCW;INF109K01W09;INF109K01W17;78.14;;;18-Feb-2026
103312;ICICI Prudential Exports & Services Fund - Growth;INF109K01BB5;;168.10;;;18-Feb-2026
103313;ICICI Prudential Exports & Services Fund - IDCW;INF109K01FL5;INF109K01BA7;37.89;;;18-Feb-2026
150310;ICICI PRUDENTIAL HOUSING OPPORTUNITIES FUND - Direct Plan Growth;INF109KC10C2;;18.55;;;18-Feb-2026
150311;ICICI PRUDENTIAL HOUSING OPPORTUNITIES FUND - Direct Plan IDCW;INF109KC11C0;INF109KC12C8;15.72;;;18-Feb-2026
150308;ICICI PRUDENTIAL HOUSING OPPORTUNITIES FUND - Growth;INF109KC17B9;;17.69;;;18-Feb-2026
150309;ICICI PRUDENTIAL HOUSING OPPORTUNITIES FUND - IDCW;INF109KC18B7;INF109KC19B5;14.88;;;18-Feb-2026
145896;ICICI Prudential India Opportunities Fund - Cumulative Option;INF109KC1RE6;;37.75;;;18-Feb-2026
145897;ICICI Prudential India Opportunities Fund - Direct Plan - Cumulative Option;INF109KC1RH9;;41.34;;;18-Feb-2026
145898;ICICI Prudential India Opportunities Fund - Direct Plan - IDCW Option;INF109KC1RJ5;INF109KC1RI7;27.61;;;18-Feb-2026
145899;ICICI Prudential India Opportunities Fund - IDCW Option;INF109KC1RG1;INF109KC1RF3;24.42;;;18-Feb-2026
120621;ICICI Prudential Infrastructure Fund - Direct Plan -  Growth;INF109K018M4;;216.35;;;18-Feb-2026
120622;ICICI Prudential Infrastructure Fund - Direct Plan -  IDCW;INF109K016M8;INF109K017M6;47.27;;;18-Feb-2026
103149;ICICI Prudential Infrastructure Fund - Growth;INF109K01AV5;;198.60;;;18-Feb-2026
103150;ICICI Prudential Infrastructure Fund - IDCW;INF109K01FB6;INF109K01AT9;27.96;;;18-Feb-2026
145077;ICICI Prudential Manufacturing Fund - Cumulative Option;INF109KC1LG4;;36.91;;;18-Feb-2026
145075;ICICI Prudential Manufacturing Fund - Direct Plan - Cumulative Option;INF109KC1LJ8;;39.98;;;18-Feb-2026
145076;ICICI Prudential Manufacturing Fund - Direct Plan - IDCW Option;INF109KC1LK6;;25.94;;;18-Feb-2026
145078;ICICI Prudential Manufacturing Fund - IDCW Option;INF109KC1LH2;;23.28;;;18-Feb-2026
143873;ICICI Prudential Pharma Healthcare and Diagnostics (P.H.D) Fund - Cumulative Option;INF109KC1GE9;;38.17;;;18-Feb-2026
143874;ICICI Prudential Pharma Healthcare and Diagnostics (P.H.D) Fund - Direct Plan - Cumulative Option;INF109KC1GH2;;41.32;;;18-Feb-2026
143876;ICICI Prudential Pharma Healthcare and Diagnostics (P.H.D) Fund - Direct Plan - IDCW Option;INF109KC1GJ8;;24.95;;;18-Feb-2026
143875;ICICI Prudential Pharma Healthcare and Diagnostics (P.H.D) Fund - IDCW Option;INF109KC1GG4;;22.27;;;18-Feb-2026
150539;ICICI Prudential PSU Equity Fund - Direct Plan - Growth;INF109KC12I5;;23.89;;;18-Feb-2026
150541;ICICI Prudential PSU Equity Fund - Direct Plan - IDCW;INF109KC13I3;INF109KC14I1;20.26;;;18-Feb-2026
150538;ICICI Prudential PSU Equity Fund - Growth;INF109KC19H2;;22.78;;;18-Feb-2026
150540;ICICI Prudential PSU Equity Fund - IDCW;INF109KC10I9;INF109KC11I7;19.18;;;18-Feb-2026
153458;ICICI Prudential Quality Fund - Direct Plan - Growth;INF109K1A187;;10.52;;;18-Feb-2026
153460;ICICI Prudential Quality Fund - Direct Plan - IDCW;INF109K1A203;INF109K1A195;10.52;;;18-Feb-2026
153459;ICICI Prudential Quality Fund - Growth;INF109K1A211;;10.43;;;18-Feb-2026
153457;ICICI Prudential Quality Fund - IDCW;INF109K1A179;INF109K1A161;10.43;;;18-Feb-2026
148600;ICICI Prudential Quant Fund Direct Plan Growth;INF109KC1O66;;24.23;;;18-Feb-2026
148601;ICICI Prudential Quant Fund Direct Plan IDCW;INF109KC1O82;INF109KC1O74;15.67;;;18-Feb-2026
148598;ICICI Prudential Quant Fund Growth;INF109KC1O33;;23.42;;;18-Feb-2026
148599;ICICI Prudential Quant Fund IDCW;INF109KC1O58;INF109KC1O41;14.98;;;18-Feb-2026
153184;ICICI Prudential Rural Opportunities Fund - Direct Plan - Growth;INF109KC12Z9;;11.87;;;18-Feb-2026
153182;ICICI Prudential Rural Opportunities Fund - Direct Plan - IDCW;INF109KC14Z5;INF109KC13Z7;11.87;;;18-Feb-2026
153181;ICICI Prudential Rural Opportunities Fund - Growth;INF109KC19Y7;;11.72;;;18-Feb-2026
153183;ICICI Prudential Rural Opportunities Fund - IDCW;INF109KC11Z1;INF109KC10Z3;11.72;;;18-Feb-2026
150685;ICICI PRUDENTIAL TRANSPORTATION AND LOGISTICS FUND - Direct Plan - Growth;INF109KC12K1;;22.18;;;18-Feb-2026
150687;ICICI PRUDENTIAL TRANSPORTATION AND LOGISTICS FUND - Direct Plan - IDCW;INF109KC13K9;INF109KC14K7;18.92;;;18-Feb-2026
150684;ICICI PRUDENTIAL TRANSPORTATION AND LOGISTICS FUND - Growth;INF109KC19J8;;21.27;;;18-Feb-2026
150686;ICICI PRUDENTIAL TRANSPORTATION AND LOGISTICS FUND - IDCW;INF109KC10K5;INF109KC11K3;18.04;;;18-Feb-2026

Invesco Mutual Fund
153291;Invesco India Business Cycle Fund - Direct Plan - Growth;INF205KA1AI8;;12.98;;;18-Feb-2026
153290;Invesco India Business Cycle Fund - Direct Plan - IDCW;INF205KA1AJ6;INF205KA1AK4;12.99;;;18-Feb-2026
153288;Invesco India Business Cycle Fund - Regular Plan - Growth;INF205KA1AF4;;12.78;;;18-Feb-2026
153289;Invesco India Business Cycle Fund - Regular Plan - IDCW;INF205KA1AG2;INF205KA1AH0;12.78;;;18-Feb-2026
153900;Invesco India Consumption Fund - Direct Plan - Growth;INF205KA1BI6;;9.7;;;18-Feb-2026
153901;Invesco India Consumption Fund - Direct Plan - IDCW;INF205KA1BJ4;INF205KA1BK2;9.7;;;18-Feb-2026
153902;Invesco India Consumption Fund - Regular Plan - Growth Plan;INF205KA1BF2;;9.65;;;18-Feb-2026
153903;Invesco India Consumption Fund - Regular Plan - IDCW Plan;INF205KA1BG0;INF205KA1BH8;9.65;;;18-Feb-2026
148751;Invesco India ESG Integration Strategy Fund - Direct Plan - Growth;INF205KA1338;;18.24;;;18-Feb-2026
148752;Invesco India ESG Integration Strategy Fund - Direct Plan - IDCW (Payout / Reinvestment);INF205KA1320;INF205KA1346;14.87;;;18-Feb-2026
148753;Invesco India ESG Integration Strategy Fund - Regular Plan - Growth;INF205KA1304;;16.88;;;18-Feb-2026
148754;Invesco India ESG Integration Strategy Fund - Regular Plan - IDCW (Payout / Reinvestment);INF205KA1296;INF205KA1312;13.61;;;18-Feb-2026
120385;Invesco India Financial Services Fund - Direct Plan - Growth;INF205K01KY4;;178.69;;;18-Feb-2026
120384;Invesco India Financial Services Fund - Direct Plan - IDCW (Payout / Reinvestment);INF205K01KW8;INF205K01KX6;91.97;;;18-Feb-2026
108377;Invesco India Financial Services Fund - Regular Plan -  IDCW (Payout / Reinvestment);INF205K01171;INF205K01163;75.67;;;18-Feb-2026
108378;Invesco India Financial Services Fund - Regular Plan - Growth;INF205K01155;;148.38;;;18-Feb-2026
120405;Invesco India Infrastructure Fund - Direct Plan - Growth Option;INF205K01MD4;;73.6;;;18-Feb-2026
120404;Invesco India Infrastructure Fund - Direct Plan - IDCW (Payout / Reinvestment);INF205K01MB8;INF205K01MC6;49.25;;;18-Feb-2026
106654;Invesco India Infrastructure Fund - Regular Plan - Growth Option;INF205K01CD5;;60.79;;;18-Feb-2026
106653;Invesco India Infrastructure Fund - Regular Plan - IDCW (Payout / Reinvestment);INF205K01CE3;INF205K01CF0;39.08;;;18-Feb-2026
152756;Invesco India Manufacturing Fund - Direct Plan - Growth;INF205KA1908;;10.4;;;18-Feb-2026
152757;Invesco India Manufacturing Fund - Direct Plan - IDCW;INF205KA1916;INF205KA1924;10.4;;;18-Feb-2026
152758;Invesco India Manufacturing Fund - Regular Plan - Growth;INF205KA1874;;10.16;;;18-Feb-2026
152759;Invesco India Manufacturing Fund - Regular Plan - IDCW;INF205KA1882;INF205KA1890;10.16;;;18-Feb-2026
120395;Invesco India PSU Equity Fund - Direct Plan - Growth;INF205K01NG5;;82.27;;;18-Feb-2026
120394;Invesco India PSU Equity Fund - Direct Plan - IDCW (Payout / Reinvestment);INF205K01NE0;INF205K01NF7;55.51;;;18-Feb-2026
112171;Invesco India PSU Equity Fund - Regular Plan - Growth;INF205K01338;;68.86;;;18-Feb-2026
112173;Invesco India PSU Equity Fund - Regular Plan - IDCW (Payout / Reinvestment);INF205K01353;INF205K01346;45.55;;;18-Feb-2026
152863;Invesco India Technology Fund - Direct Plan - Growth;INF205KA1965;;9.14;;;18-Feb-2026
152860;Invesco India Technology Fund - Direct Plan - IDCW;INF205KA1973;INF205KA1981;9.14;;;18-Feb-2026
152862;Invesco India Technology Fund - Regular Plan - Growth;INF205KA1932;;8.94;;;18-Feb-2026
152861;Invesco India Technology Fund - Regular Plan - IDCW;INF205KA1940;INF205KA1957;8.94;;;18-Feb-2026

Kotak Mahindra Mutual Fund
153753;Kotak Active Momentum Fund - Direct Plan - Growth option;INF174KA1XA4;;10.606;;;18-Feb-2026
153754;Kotak Active Momentum Fund - Direct Plan - IDCW - Payout and Reinvestment;INF174KA1XB2;INF174KA1XC0;10.606;;;18-Feb-2026
153755;Kotak Active Momentum Fund - Regular Plan - Growth;INF174KA1XD8;;10.533;;;18-Feb-2026
153756;Kotak Active Momentum Fund - Regular Plan - IDCW - Payout & Reinvestment;INF174KA1XE6;INF174KA1XF3;10.533;;;18-Feb-2026
151384;Kotak Banking & Financial Services Fund - Direct Plan - Growth;INF174KA1MD1;;17.61;;;18-Feb-2026
151383;Kotak Banking & Financial Services Fund - Direct Plan - IDCW Payout;INF174KA1ME9;INF174KA1MF6;17.607;;;18-Feb-2026
151381;Kotak Banking & Financial Services Fund - Regular Plan - Growth;INF174KA1MA7;;16.808;;;18-Feb-2026
151382;Kotak Banking & Financial Services Fund - Regular Plan - IDCW Payout;INF174KA1MB5;INF174KA1MC3;16.808;;;18-Feb-2026
150624;Kotak Business Cycle - Direct Plan - Growth;INF174KA1JN6;;17.181;;;18-Feb-2026
150625;Kotak Business Cycle Fund-Direct Plan-IDCW option;INF174KA1JO4;INF174KA1JP1;17.18;;;18-Feb-2026
150626;Kotak Business Cycle Fund-Regular Plan--Growth;INF174KA1JK2;;16.316;;;18-Feb-2026
150622;Kotak Business Cycle Fund-Regular Plan-IDCW option;INF174KA1JL0;INF174KA1JM8;16.316;;;18-Feb-2026
152169;Kotak Consumption Fund - Direct plan - Growth Option;INF174KA1PP8;;14.407;;;18-Feb-2026
152172;Kotak Consumption Fund - Direct plan - IDCW Option;INF174KA1PQ6;INF174KA1PR4;14.406;;;18-Feb-2026
152170;Kotak Consumption Fund - Regular plan - Growth Option;INF174KA1PM5;;13.896;;;18-Feb-2026
152171;Kotak Consumption Fund - Regular plan - IDCW Option;INF174KA1PN3;INF174KA1PO1;13.894;;;18-Feb-2026
153447;Kotak Energy Opportunities Fund-Direct-Growth;INF174KA1VX0;;10.651;;;18-Feb-2026
153448;Kotak Energy Opportunities Fund-Direct-IDCW-Payout & Reinvestment;INF174KA1VY8;INF174KA1VZ5;10.651;;;18-Feb-2026
153449;Kotak Energy Opportunities Fund-Regular-Growth;INF174KA1WA6;;10.52;;;18-Feb-2026
153450;Kotak Energy Opportunities Fund-Regular-IDCW-Payout & Reinvestment;INF174KA1WB4;INF174KA1WC2;10.52;;;18-Feb-2026
148606;Kotak ESG Exclusionary Strategy Fund - Direct Plan - Growth Option;INF174KA1FI4;;19.35;;;18-Feb-2026
148605;Kotak ESG Exclusionary Strategy Fund - Direct Plan - Payout of Income Distribution cum capital withdrawal option;INF174KA1FH6;INF174KA1FJ2;19.351;;;18-Feb-2026
148602;Kotak ESG Exclusionary Strategy Fund - Regular Plan - Growth Option;INF174KA1FF0;;17.809;;;18-Feb-2026
148603;Kotak ESG Exclusionary Strategy Fund - Regular Plan - Payout of Income Distribution cum capital withdrawal option;INF174KA1FE3;INF174KA1FG8;17.809;;;18-Feb-2026
152214;Kotak Healthcare Fund - Direct Plan - Growth Option;INF174KA1PZ7;;14.004;;;18-Feb-2026
152215;Kotak Healthcare Fund - Direct Plan - IDCW Option;INF174KA1QA8;INF174KA1QB6;14.003;;;18-Feb-2026
152216;Kotak Healthcare Fund - Regular Plan - Growth Option;INF174KA1PW4;;13.509;;;18-Feb-2026
152213;Kotak Healthcare Fund - Regular Plan - IDCW Option;INF174KA1PX2;INF174KA1PY0;13.513;;;18-Feb-2026
133796;Kotak Infrastructure & Economic Reform Fund - Standard Plan-Growth;INF178L01095;;67.016;;;18-Feb-2026
133799;Kotak Infrastructure & Economic Reform Fund - Standard Plan-Payout of Income Distribution cum capital withdrawal option;INF178L01079;INF178L01087;53.598;;;18-Feb-2026
133801;Kotak Infrastructure & Economic Reform Fund- Direct Plan- Growth Option;INF178L01AL9;;79.704;;;18-Feb-2026
133800;Kotak Infrastructure & Economic Reform Fund- Direct Plan- Payout of Income Distribution cum capital withdrawal option;INF178L01AK1;INF178L01AJ3;78.792;;;18-Feb-2026
149841;Kotak Manufacture in India Fund - Direct Plan Growth;INF174KA1IF4;;21.509;;;18-Feb-2026
149842;Kotak Manufacture in India Fund - Direct Plan IDCW Option;INF174KA1IG2;INF174KA1IH0;21.509;;;18-Feb-2026
149840;Kotak Manufacture in India Fund - Regular Plan Growth;INF174KA1IC1;;20.206;;;18-Feb-2026
149843;Kotak Manufacture in India Fund - Regular Plan IDCW Option;INF174KA1ID9;INF174KA1IE7;20.206;;;18-Feb-2026
152910;Kotak MNC Fund-Direct Plan-Growth;INF174KA1TG9;;11.22;;;18-Feb-2026
152911;Kotak MNC Fund-Direct Plan-IDCW Option;INF174KA1TH7;INF174KA1TI5;11.22;;;18-Feb-2026
152913;Kotak MNC Fund-Regular Plan- Growth;INF174KA1TJ3;;11.009;;;18-Feb-2026
152912;KotaK MNC Fund-Regular Plan-IDCW OPTION;INF174KA1TK1;INF174KA1TL9;11.009;;;18-Feb-2026
151881;Kotak Quant Fund - Direct Plan - Growth Option;INF174KA1OL0;;15.755;;;18-Feb-2026
151880;Kotak Quant Fund - Direct plan - IDCW Payout;INF174KA1OM8;INF174KA1ON6;15.755;;;18-Feb-2026
151878;Kotak Quant Fund - Regular Plan - Growth Option;INF174KA1OI6;;15.614;;;18-Feb-2026
151879;Kotak Quant Fund - Regular Plan - IDCW Payout;INF174KA1OJ4;INF174KA1OK2;15.495;;;18-Feb-2026
153970;Kotak Rural Opportunities Fund - Direct Plan - Growth;INF174KA1XW8;;10.592;;;18-Feb-2026
153967;Kotak Rural Opportunities Fund - Direct Plan - IDCW Divdend - Payouout & Reinvestment;INF174KA1XX6;INF174KA1XY4;10.592;;;18-Feb-2026
153969;Kotak Rural Opportunities Fund - Regular Plan - Growth;INF174KA1XZ1;;10.556;;;18-Feb-2026
153968;Kotak Rural Opportunities Fund - Regular Plan - IDCW Dividend - Payout & Reinvestment;INF174KA1YA2;INF174KA1YB0;10.556;;;18-Feb-2026
152702;Kotak Special Opportunities Fund - Direct Plan - Growth Option;INF174KA1SF3;;9.894;;;18-Feb-2026
152704;Kotak Special Opportunities Fund - Direct Plan - IDCW Payout Option;INF174KA1SG1;;9.895;;;18-Feb-2026
152703;Kotak Special Opportunities Fund - Regular Plan - Growth Option;INF174KA1SC0;;9.671;;;18-Feb-2026
152700;Kotak Special Opportunities Fund - Regular Plan - IDCW Option;INF174KA1SD8;INF174KA1SE6;9.671;;;18-Feb-2026
153117;Kotak Transportation & Logistics Fund-Direct -IDCW-PAYOUT & REINVESTMENT;INF174KA1TT2;INF174KA1TU0;11.896;;;18-Feb-2026
153118;Kotak Transportation & Logistics Fund-Direct Growth;INF174KA1TS4;;11.897;;;18-Feb-2026
153116;Kotak Transportation & Logistics Fund-Regular-Growth;INF174KA1TV8;;11.678;;;18-Feb-2026
153119;Kotak Transportation & Logistics Fund-Regular-IDCW Payout & Reinvestment;INF174KA1TW6;INF174KA1TX4;11.678;;;18-Feb-2026

LIC Mutual Fund
134017;LIC MF Banking and Financial Services Fund-Direct Plan-Growth;INF767K01NK6;;25.7017;;;18-Feb-2026
133908;LIC MF Banking and Financial Services Fund-Direct Plan-IDCW;INF767K01NJ8;INF767K01NL4;25.526;;;18-Feb-2026
134016;LIC MF Banking and Financial Services Fund-Regular Plan-Growth;INF767K01NH2;;22.6006;;;18-Feb-2026
134015;LIC MF Banking and Financial Services Fund-Regular Plan-IDCW;INF767K01NG4;INF767K01NI0;22.5966;;;18-Feb-2026
153948;LIC MF Consumption Fund-Direct Plan-Growth;INF767K01SD0;;9.8575;;;18-Feb-2026
153949;LIC MF Consumption Fund-Direct Plan-IDCW;INF767K01SF5;INF767K01SE8;9.8575;;;18-Feb-2026
153950;LIC MF Consumption Fund-Regular Plan-Growth;INF767K01SA6;;9.8158;;;18-Feb-2026
153951;LIC MF Consumption Fund-Regular Plan-IDCW;INF767K01SC2;INF767K01SB4;9.8158;;;18-Feb-2026
152024;LIC MF Healthcare Fund-Direct Plan-Growth;INF397L01LK4;;31.2601;;;18-Feb-2026
152023;LIC MF Healthcare Fund-Direct Plan-IDCW;INF397L01LH0;INF397L01LI8;31.2509;;;18-Feb-2026
152025;LIC MF Healthcare Fund-Regular Plan-Growth;INF397L01LG2;;28.4306;;;18-Feb-2026
152026;LIC MF Healthcare Fund-Regular Plan-IDCW;INF397L01LD9;INF397L01LE7;28.4311;;;18-Feb-2026
120351;LIC MF Infrastructure Fund-Direct Plan-Growth;INF767K01GW5;;58.4818;;;18-Feb-2026
120350;LIC MF Infrastructure Fund-Direct Plan-IDCW;INF767K01GV7;INF767K01GX3;57.4224;;;18-Feb-2026
107763;LIC MF Infrastructure Fund-Regular Plan-Growth;INF767K01501;;50.751;;;18-Feb-2026
107764;LIC MF Infrastructure Fund-Regular Plan-IDCW;INF767K01485;INF767K01493;50.7524;;;18-Feb-2026
152920;LIC MF Manufacturing Fund-Direct Plan-Growth;INF767K01RR2;;10.5096;;;18-Feb-2026
152921;LIC MF Manufacturing Fund-Direct Plan-IDCW;INF767K01RT8;INF767K01RS0;10.5096;;;18-Feb-2026
152922;LIC MF Manufacturing Fund-Regular Plan-Growth;INF767K01RO9;;10.2722;;;18-Feb-2026
152923;LIC MF Manufacturing Fund-Regular Plan-IDCW;INF767K01RQ4;INF767K01RP6;10.2722;;;18-Feb-2026

Mahindra Manulife Mutual Fund
152045;Mahindra Manulife Business Cycle Fund - Direct Plan - Growth;INF174V01BQ4;;16.3150;;;18-Feb-2026
152048;Mahindra Manulife Business Cycle Fund - Direct Plan - IDCW;INF174V01BR2;INF174V01BS0;15.0694;;;18-Feb-2026
152047;Mahindra Manulife Business Cycle Fund - Regular Plan - IDCW;INF174V01BO9;INF174V01BP6;14.4184;;;18-Feb-2026
152046;Mahindra Manulife Business Cycle Fund-  Regular Plan - Growth;INF174V01BN1;;15.6445;;;18-Feb-2026
145357;Mahindra Manulife Consumption Fund - Direct Plan - IDCW;INF174V01689;INF174V01671;19.4734;;;18-Feb-2026
145356;Mahindra Manulife Consumption Fund - Direct Plan -Growth;INF174V01663;;25.2009;;;18-Feb-2026
145358;Mahindra Manulife Consumption Fund - Regular Plan - IDCW;INF174V01655;INF174V01648;16.7777;;;18-Feb-2026
145355;Mahindra Manulife Consumption Fund- Regular Plan - Growth;INF174V01630;;22.2572;;;18-Feb-2026
154121;Mahindra Manulife Innovation Opportunities Fund - Direct - Growth;INF174V01DA4;;10.2417;;;18-Feb-2026
154122;Mahindra Manulife Innovation Opportunities Fund - Direct - IDCW;INF174V01DC0;INF174V01DB2;10.2404;;;18-Feb-2026
154120;Mahindra Manulife Innovation Opportunities Fund - Regular - Growth;INF174V01CX8;;10.2299;;;18-Feb-2026
154119;Mahindra Manulife Innovation Opportunities Fund - Regular - IDCW;INF174V01CZ3;INF174V01CY6;10.2300;;;18-Feb-2026
152672;Mahindra Manulife Manufacturing Fund - Direct Plan - Growth;INF174V01CC2;;10.2763;;;18-Feb-2026
152670;Mahindra Manulife Manufacturing Fund - Direct Plan - IDCW;INF174V01CD0;INF174V01CE8;10.2762;;;18-Feb-2026
152671;Mahindra Manulife Manufacturing Fund - Regular Plan - Growth;INF174V01BZ5;;10.0087;;;18-Feb-2026
152669;Mahindra Manulife Manufacturing Fund - Regular Plan - IDCW;INF174V01CA6;INF174V01CB4;10.0088;;;18-Feb-2026
153674;Mahindra Manulife Banking & Financial Services Fund - Direct - Growth;INF174V01CO7;;11.1635;;;18-Feb-2026
153672;Mahindra Manulife Banking & Financial Services Fund - Direct - IDCW;INF174V01CQ2;INF174V01CP4;11.1635;;;18-Feb-2026
153675;Mahindra Manulife Banking & Financial Services Fund - Regular - Growth;INF174V01CL3;;11.0446;;;18-Feb-2026
153673;Mahindra Manulife Banking & Financial Services Fund - Regular - IDCW;INF174V01CN9;INF174V01CM1;11.0445;;;18-Feb-2026

Mirae Asset Mutual Fund
148624;Mirae Asset Banking and Financial Services Fund Direct  IDCW;INF769K01GW1;INF769K01GY7;24.441;;;18-Feb-2026
148623;Mirae Asset Banking and Financial Services Fund Direct Growth;INF769K01GX9;;24.545;;;18-Feb-2026
148621;Mirae Asset Banking and Financial Services Fund Regular Growth;INF769K01GU5;;22.637;;;18-Feb-2026
148622;Mirae Asset Banking and Financial Services Fund Regular IDCW;INF769K01GT7;INF769K01GV3;22.665;;;18-Feb-2026
118837;Mirae Asset Great Consumer Fund - Direct Plan - Growth;INF769K01BL5;;110.330;;;18-Feb-2026
114931;Mirae Asset Great Consumer Fund - Regular Plan - Growth option;INF769K01135;;91.809;;;18-Feb-2026
118838;Mirae Asset Great Consumer Fund Direct IDCW;INF769K01BM3;INF769K01BN1;66.245;;;18-Feb-2026
114930;Mirae Asset Great Consumer Fund Regular IDCW;INF769K01150;INF769K01143;25.722;;;18-Feb-2026
143785;Mirae Asset Healthcare Fund -Regular Growth;INF769K01EA2;;38.309;;;18-Feb-2026
143783;Mirae Asset Healthcare Fund Direct Growth;INF769K01ED6;;43.074;;;18-Feb-2026
143784;Mirae Asset Healthcare Fund Direct IDCW;INF769K01EE4;INF769K01EF1;25.945;;;18-Feb-2026
143786;Mirae Asset Healthcare Fund Regular IDCW;INF769K01EB0;INF769K01EC8;22.552;;;18-Feb-2026
153983;Mirae Asset Infrastructure Fund - Direct Plan - Growth;INF769K01PV4;;10.470;;;18-Feb-2026
153984;Mirae Asset Infrastructure Fund - Direct Plan - IDCW;INF769K01PX0;INF769K01PW2;10.470;;;18-Feb-2026
153985;Mirae Asset Infrastructure Fund - Regular Plan - Growth;INF769K01PS0;;10.432;;;18-Feb-2026
153986;Mirae Asset Infrastructure Fund - Regular Plan - IDCW;INF769K01PU6;INF769K01PT8;10.434;;;18-Feb-2026

PGIM India Mutual Fund
153039;PGIM India Healthcare Fund - Direct Plan - Growth Option;INF663L01Z45;;10.11;;;18-Feb-2026
153037;PGIM India Healthcare Fund - Direct Plan - IDCW Option;INF663L01Z60;INF663L01Z78;10.11;;;18-Feb-2026
153040;PGIM India Healthcare Fund - Regular Plan - Growth Option;INF663L01Z52;;9.91;;;18-Feb-2026
153038;PGIM India Healthcare Fund - Regular Plan - IDCW Option;INF663L01Z86;INF663L01Z94;9.91;;;18-Feb-2026

quant Mutual Fund
151791;quant BFSI Fund - Growth Option - Direct Plan;INF966L01BX0;;20.1808;;;18-Feb-2026
151788;quant BFSI Fund - Growth Option - Regular Plan;INF966L01CA6;;19.3312;;;18-Feb-2026
151790;quant BFSI Fund - IDCW Option - Direct Plan;INF966L01BY8;INF966L01BZ5;20.2037;;;18-Feb-2026
151789;quant BFSI Fund - IDCW Option - Regular Plan;INF966L01CB4;INF966L01CC2;19.3297;;;18-Feb-2026
151757;quant Business Cycle Fund - Growth Option - Direct Plan;INF966L01BR2;;16.1315;;;18-Feb-2026
151758;quant Business Cycle Fund - Growth Option - Regular Plan;INF966L01BU6;;15.4635;;;18-Feb-2026
151759;quant Business Cycle Fund - IDCW Option - Direct Plan;INF966L01BS0;INF966L01BT8;16.12;;;18-Feb-2026
151760;quant Business Cycle Fund - IDCW Option - Regular Plan;INF966L01BV4;INF966L01BW2;15.4784;;;18-Feb-2026
152255;quant Commodities Fund - Growth Option - Direct Plan;INF966L01DF3;;13.5963;;;18-Feb-2026
152256;quant Commodities Fund - Growth Option - Regular Plan;INF966L01DC0;;13.1617;;;18-Feb-2026
152257;quant Commodities Fund - IDCW Option - Direct Plan;INF966L01DG1;INF966L01DH9;13.592;;;18-Feb-2026
152258;quant Commodities Fund - IDCW Option - Regular Plan;INF966L01DD8;INF966L01DE6;13.1597;;;18-Feb-2026
152336;quant Consumption Fund - Growth Option - Direct Plan;INF966L01DN7;;9.4768;;;18-Feb-2026
152338;quant Consumption Fund - Growth Option - Regular Plan;INF966L01DI7;;9.1777;;;18-Feb-2026
152339;quant Consumption Fund - IDCW Option - Direct Plan;INF966L01DO5;INF966L01DP2;9.4814;;;18-Feb-2026
152337;quant Consumption Fund - IDCW Option - Regular Plan;INF966L01DL1;INF966L01DM9;9.1814;;;18-Feb-2026
148564;quant ESG Integration Strategy Fund - Growth Option - Direct Plan;INF966L01AD4;;35.9615;;;18-Feb-2026
148560;quant ESG Integration Strategy Fund - Growth Option - Regular Plan;INF966L01AB8;;33.1404;;;18-Feb-2026
148563;quant ESG Integration Strategy Fund - IDCW Option - Direct Plan;INF966L01AE2;INF966L01AG7;35.9171;;;18-Feb-2026
148561;quant ESG Integration Strategy Fund - IDCW Option - Regular Plan;INF966L01AC6;INF966L01AF9;32.9796;;;18-Feb-2026
151853;quant Healthcare Fund - Growth Option - Direct Plan;INF966L01CD0;;15.597;;;18-Feb-2026
151855;quant Healthcare Fund - Growth Option - Regular Plan;INF966L01CG3;;14.9498;;;18-Feb-2026
151854;quant Healthcare Fund - IDCW Option - Direct Plan;INF966L01CE8;INF966L01CF5;15.5956;;;18-Feb-2026
151856;quant Healthcare Fund - IDCW Option - Regular Plan;INF966L01CH1;INF966L01CI9;14.949;;;18-Feb-2026
106170;quant Infrastructure Fund - Growth Option;INF966L01523;;37.2184;;;18-Feb-2026
120833;quant Infrastructure Fund - Growth Option-Direct Plan;INF966L01721;;41.1383;;;18-Feb-2026
120832;quant Infrastructure Fund - IDCW Option - Direct Plan;INF966L01705;INF966L01713;41.1056;;;18-Feb-2026
106169;quant Infrastructure Fund - IDCW Option - Regular Plan;INF966L01507;INF966L01515;37.1345;;;18-Feb-2026
151916;quant Manufacturing Fund - Growth Option - Direct Plan;INF966L01CJ7;;14.7433;;;18-Feb-2026
151913;quant Manufacturing Fund - Growth Option - Regular Plan;INF966L01CN9;;14.1819;;;18-Feb-2026
151914;quant Manufacturing Fund - IDCW Option - Direct Plan;INF966L01CK5;INF966L01CL3;14.7398;;;18-Feb-2026
151915;quant Manufacturing Fund - IDCW Option - Regular Plan;INF966L01CO7;INF966L01CP4;14.2901;;;18-Feb-2026
152189;quant Momentum Fund - Growth Option - Direct Plan;INF966L01CZ3;;14.5934;;;18-Feb-2026
152190;quant Momentum Fund - Growth Option - Regular Plan;INF966L01CW0;;14.1747;;;18-Feb-2026
152192;quant Momentum Fund - IDCW Option - Direct Plan;INF966L01DA4;INF966L01DB2;14.5789;;;18-Feb-2026
152191;quant Momentum Fund - IDCW Option - Regular Plan;INF966L01CX8;INF966L01CY6;14.1298;;;18-Feb-2026
152415;quant PSU Fund - Growth Option - Direct Plan;INF966L01DT4;;10.2813;;;18-Feb-2026
152413;quant PSU Fund - Growth Option - Regular Plan;INF966L01DQ0;;9.9942;;;18-Feb-2026
152416;quant PSU Fund - IDCW Option - Direct Plan;INF966L01DU2;INF966L01DV0;10.2875;;;18-Feb-2026
152414;quant PSU Fund - IDCW Option - Regular Plan;INF966L01DR8;INF966L01DS6;9.9938;;;18-Feb-2026
148925;quant Quantamental Fund - Growth Option - Direct Plan;INF966L01AK9;;25.1536;;;18-Feb-2026
148923;quant Quantamental Fund - Growth Option - Regular Plan;INF966L01AH5;;23.365;;;18-Feb-2026
148924;quant Quantamental Fund - IDCW Option - Direct Plan;INF966L01AL7;INF966L01AM5;25.2923;;;18-Feb-2026
148922;quant Quantamental Fund - IDCW Option - Regular Plan;INF966L01AI3;INF966L01AJ1;23.3919;;;18-Feb-2026
152067;quant Teck Fund - Growth Option - Direct Plan;INF966L01CT6;;9.9276;;;18-Feb-2026
152070;quant Teck Fund - Growth Option - Regular Plan;INF966L01CQ2;;9.5491;;;18-Feb-2026
152068;quant Teck Fund - IDCW Option - Direct Plan;INF966L01CU4;INF966L01CV2;9.9225;;;18-Feb-2026
152069;quant Teck Fund - IDCW Option - Regular Plan;INF966L01CR0;INF966L01CS8;9.5505;;;18-Feb-2026

Quantum Mutual Fund
147372;QUANTUM ESG BEST IN CLASS STRATEGY FUND - DIRECT PLAN - GROWTH OPTION;INF082J01382;;25.39;;;18-Feb-2026
147371;QUANTUM ESG BEST IN CLASS STRATEGY FUND - REGULAR PLAN - GROWTH OPTION;INF082J01390;;23.86;;;18-Feb-2026
153094;Quantum Ethical Fund - Direct Plan Growth Option;INF082J01473;;9.81;;;18-Feb-2026
153095;Quantum Ethical Fund - Regular Plan Growth Option;INF082J01481;;9.65;;;18-Feb-2026

Samco Mutual Fund
151753;Samco Active Momentum Fund - Direct Plan - Growth Option;INF0K1H01081;;13.31;;;18-Feb-2026
151752;Samco Active Momentum Fund - Regular Plan - Growth Option;INF0K1H01073;;12.83;;;18-Feb-2026
152586;Samco Special Opportunities Fund - Direct Plan - Growth;INF0K1H01180;;8.64;;;18-Feb-2026
152587;Samco Special Opportunities Fund - Regular Plan - Growth;INF0K1H01172;;8.41;;;18-Feb-2026

SBI Mutual Fund
152657;SBI Automotive Opportunities Fund - Direct Plan - Growth;INF200KB1183;;11.8506;;;18-Feb-2026
152655;SBI Automotive Opportunities Fund - Direct Plan - Income Distribution Cum Capital Withdrawal Option;INF200KB1191;INF200KB1209;11.8503;;;18-Feb-2026
152658;SBI Automotive Opportunities Fund - Regular Plan - Growth;INF200KB1159;;11.6234;;;18-Feb-2026
152656;SBI Automotive Opportunities Fund - Regular Plan - Income Distribution Cum Capital Withdrawal Option;INF200KB1167;INF200KB1175;11.6236;;;18-Feb-2026
133859;SBI BANKING & FINANCIAL SERVICES FUND - DIRECT PLAN - GROWTH;INF200KA1507;;52.5933;;;18-Feb-2026
133857;SBI Banking & Financial Services Fund - Direct Plan - Income Distribution cum Capital Withdrawal Option (IDCW);INF200KA1515;INF200KA1523;47.0105;;;18-Feb-2026
133858;SBI BANKING & FINANCIAL SERVICES FUND - REGULAR PLAN - GROWTH;INF200KA1473;;46.8200;;;18-Feb-2026
133860;SBI Banking & Financial Services Fund - Regular Plan - Income Distribution cum Capital Withdrawal Option (IDCW);INF200KA1481;INF200KA1499;42.0468;;;18-Feb-2026
119705;SBI COMMA Fund - DIRECT PLAN - Growth;INF200K01SB6;;124.2613;;;18-Feb-2026
119613;SBI Comma Fund - Direct Plan - Income Distribution cum Capital Withdrawal Option (IDCW);INF200K01RZ7;INF200K01SA8;70.7105;;;18-Feb-2026
103145;SBI COMMA Fund - REGULAR PLAN - Growth;INF200K01339;;114.4329;;;18-Feb-2026
103146;SBI Comma Fund - Regular Plan - Income Distribution cum Capital Withdrawal Option (IDCW);INF200K01313;INF200K01321;64.9534;;;18-Feb-2026
120575;SBI CONSUMPTION OPPORTUNITIES FUND - DIRECT PLAN - GROWTH;INF200K01RM5;;339.1271;;;18-Feb-2026
119730;SBI Consumption Opportunities Fund - Direct Plan - Income Distribution cum Capital Withdrawal Option (IDCW);INF200K01RK9;INF200K01RL7;238.7421;;;18-Feb-2026
120576;SBI CONSUMPTION OPPORTUNITIES FUND - REGULAR - GROWTH;INF200K01VR6;;295.4147;;;18-Feb-2026
100645;SBI Consumption Opportunities Fund - Regular Plan - Income Distribution cum Capital Withdrawal Option (IDCW);INF200K01404;INF200K01412;177.8599;;;18-Feb-2026
152417;SBI Energy Opportunities Fund - Direct Plan - Growth;INF200KB1126;;11.1273;;;18-Feb-2026
152420;SBI Energy Opportunities Fund - Direct Plan - Income Distribution Cum Capital Withdrawal Option;INF200KB1134;INF200KB1142;11.1271;;;18-Feb-2026
152418;SBI Energy Opportunities Fund - Regular Plan - Growth;INF200KB1092;;10.8879;;;18-Feb-2026
152419;SBI Energy Opportunities Fund - Regular Plan - Income Distribution Cum Capital Withdrawal Option;INF200KB1100;INF200KB1118;10.8882;;;18-Feb-2026
146643;SBI Equity Minimum Variance Fund - Direct Plan - Growth;INF200KA1A71;;24.9774;;;18-Feb-2026
146642;SBI Equity Minimum Variance Fund - Direct Plan - Income Distribution cum Capital Withdrawal Option (IDCW);INF200KA1A89;INF200KA1A97;24.9759;;;18-Feb-2026
146644;SBI Equity Minimum Variance Fund - Regular Plan - Growth;INF200KA1A48;;24.3616;;;18-Feb-2026
146641;SBI Equity Minimum Variance Fund - Regular Plan - Income Distribution cum Capital Withdrawal Option (IDCW);INF200KA1A55;INF200KA1A63;24.3655;;;18-Feb-2026
119708;SBI ESG Exclusionary Strategy Fund - Direct Plan - Income Distribution cum Capital Withdrawal Option (IDCW);INF200K01SC4;INF200K01SD2;96.7095;;;18-Feb-2026
119709;SBI ESG Exclusionary Strategy Fund - Direct Plan -Growth;INF200K01SE0;;269.3892;;;18-Feb-2026
104523;SBI ESG Exclusionary Strategy Fund - Regular Plan - Growth;INF200K01214;;245.0081;;;18-Feb-2026
101295;SBI ESG Exclusionary Strategy Fund - Regular Plan - Income Distribution cum Capital Withdrawal Option (IDCW);INF200K01198;INF200K01206;76.6250;;;18-Feb-2026
119700;SBI INFRASTRUCTURE FUND -  DIRECT PLAN - GROWTH;INF200K01RS2;;53.8097;;;18-Feb-2026
106096;SBI INFRASTRUCTURE FUND -  REGULAR PLAN - GROWTH;INF200K01CT2;;49.5788;;;18-Feb-2026
119695;SBI Infrastructure Fund - Direct Plan - Income Distribution cum Capital Withdrawal Option (IDCW);INF200K01RQ6;INF200K01RR4;47.6224;;;18-Feb-2026
106095;SBI Infrastructure Fund - Regular Plan - Income Distribution cum Capital Withdrawal Option (IDCW);INF200K01CU0;INF200K01CV8;44.1045;;;18-Feb-2026
152776;SBI Innovative Opportunities Fund - Direct Plan - Growth;INF200KB1324;;9.3633;;;18-Feb-2026
152777;SBI Innovative Opportunities Fund - Direct Plan - Income Distribution Cum Capital Withdrawal Option;INF200KB1332;INF200KB1340;9.3633;;;18-Feb-2026
152774;SBI Innovative Opportunities Fund - Regular Plan - Growth;INF200KB1290;;9.2075;;;18-Feb-2026
152775;SBI Innovative Opportunities Fund - Regular Plan - Income Distribution Cum Capital Withdrawal Option;INF200KB1308;INF200KB1316;9.2080;;;18-Feb-2026
119710;SBI MNC Fund - Direct Plan - Income Distribution cum Capital Withdrawal Option (IDCW);INF200K01SL5;INF200K01SM3;140.7630;;;18-Feb-2026
119711;SBI MNC FUND - DIRECT PLAN -GROWTH;INF200K01SN1;;394.3329;;;18-Feb-2026
103114;SBI MNC Fund - Regular Plan - Income Distribution cum Capital Withdrawal Option (IDCW);INF200K01255;INF200K01263;108.9103;;;18-Feb-2026
103034;SBI MNC FUND - REGULAR PLAN -GROWTH;INF200K01271;;356.5077;;;18-Feb-2026
119732;SBI PSU Fund - DIRECT PLAN - GROWTH;INF200K01UY4;;40.6574;;;18-Feb-2026
119733;SBI PSU Fund - Direct Plan - Income Distribution cum Capital Withdrawal Option (IDCW);INF200K01UW8;INF200K01UX6;40.5980;;;18-Feb-2026
112923;SBI PSU Fund - Regular Plan - Income Distribution cum Capital Withdrawal Option (IDCW);INF200K01BD8;INF200K01BE6;36.7013;;;18-Feb-2026
113099;SBI PSU Fund - REGULAR PLAN -Growth;INF200K01BC0;;36.7055;;;18-Feb-2026
153154;SBI Quant Fund- Direct Plan- Growth;INF200KB1506;;10.7334;;;18-Feb-2026
153151;SBI Quant Fund- Direct Plan- Income Distribution cum Capital Withdrawal Option (IDCW);INF200KB1514;INF200KB1522;10.7332;;;18-Feb-2026
153153;SBI Quant Fund- Regular Plan- Growth;INF200KB1472;;10.5893;;;18-Feb-2026
153152;SBI Quant Fund- Regular Plan- Income Distribution Cum Capital Withdrawal Option (IDCW);INF200KB1480;INF200KB1498;10.5893;;;18-Feb-2026

Shriram Mutual Fund
153076;Shriram Multi Sector Rotation Fund - Direct Plan Growth Option;INF680P01455;;8.2731;;;18-Feb-2026
153077;Shriram Multi Sector Rotation Fund - Regular Plan Growth Option;INF680P01463;;8.1056;;;18-Feb-2026

Sundaram Mutual Fund
152677;Sundaram Business Cycle Fund Direct Plan Growth;INF903JA1LQ6;;10.8598;;;18-Feb-2026
152676;Sundaram Business Cycle Fund Direct Plan IDCW Payout;INF903JA1LR4;;10.8598;;;18-Feb-2026
152673;Sundaram Business Cycle Fund Direct Plan IDCW Reinvestment;;INF903JA1LS2;10.8598;;;18-Feb-2026
152678;Sundaram Business Cycle Fund Regular Plan Growth;INF903JA1LN3;;10.5788;;;18-Feb-2026
152674;Sundaram Business Cycle Fund Regular Plan IDCW Payout;INF903JA1LO1;;10.5788;;;18-Feb-2026
152675;Sundaram Business Cycle Fund Regular Plan IDCW Reinvestment;;INF903JA1LP8;10.5788;;;18-Feb-2026
119595;Sundaram Consumption Fund (Formerly Known as Sundaram Rural and Consumption Fund Direct Plan - Growth);INF903J01NH5;;103.4937;;;18-Feb-2026
103743;Sundaram Consumption Fund (Formerly Known as Sundaram Rural and Consumption Fund Regular Plan - Income Distribution cum Capital Withdrawal (IDCW);INF903J01546;INF903J01553;26.4289;;;18-Feb-2026
119594;Sundaram Consumption Fund (Formerly Known asSundaram Rural and Consumption Fund Direct Plan - Income Distribution cum Capital Withdrawal (IDCW);INF903J01NF9;INF903J01NG7;29.6308;;;18-Feb-2026
102142;Sundaram Consumption Fund(Formerly Known as Sundaram Rural and Consumption Fund Regular Plan - Growth);INF903J01561;;93.9159;;;18-Feb-2026
119597;Sundaram Financial Services Opportunities Fund Direct Plan - Growth;INF903J01NB8;;128.4883;;;18-Feb-2026
119596;Sundaram Financial Services Opportunities Fund Direct Plan - Income Distribution cum Capital Withdrawal (IDCW);INF903J01MZ9;INF903J01NA0;37.8047;;;18-Feb-2026
109059;Sundaram Financial Services Opportunities Fund Regular Plan - Growth;INF903J01629;;112.9884;;;18-Feb-2026
109058;Sundaram Financial Services Opportunities Fund Regular Plan - Income Distribution cum Capital Withdrawal (IDCW);INF903J01603;INF903J01611;32.6769;;;18-Feb-2026
129212;Sundaram Infrastructure Advantage Fund Direct Plan - Growth;INF903J01F92;;107.4452;;;18-Feb-2026
129211;Sundaram Infrastructure Advantage Fund Direct Plan - Income Distribution cum Capital Withdrawal (IDCW);INF903J01G00;INF903J01G18;61.8639;;;18-Feb-2026
129213;Sundaram Infrastructure Advantage Fund Regular Plan - Growth;INF903J01F68;;100.2055;;;18-Feb-2026
129210;Sundaram Infrastructure Advantage Fund Regular Plan - Income Distribution cum Capital Withdrawal (IDCW);INF903J01F76;INF903J01F84;57.3868;;;18-Feb-2026
153669;Sundaram Multi-Factor Fund - Direct - Growth;INF903JA1LV6;;10.5099;;;18-Feb-2026
153670;Sundaram Multi-Factor Fund - Direct - IDCW Payout;INF903JA1LU8;;10.5099;;;18-Feb-2026
153666;Sundaram Multi-Factor Fund - Direct - IDCW Reinvestment;;INF903JA1LT0;10.5099;;;18-Feb-2026
153667;Sundaram Multi-Factor Fund - Regular - Growth;INF903JA1LY0;;10.4087;;;18-Feb-2026
153671;Sundaram Multi-Factor Fund - Regular - IDCW Payout;INF903JA1LX2;;10.4087;;;18-Feb-2026
153668;Sundaram Multi-Factor Fund - Regular - IDCW Reinvestment;;INF903JA1LW4;10.4087;;;18-Feb-2026

Taurus Mutual Fund
118868;Taurus Banking & Financial Services Fund - Direct Plan - Growth;INF044D01CN2;;63.14;;;18-Feb-2026
118869;Taurus Banking & Financial Services Fund - Direct Plan - Payout of Income Distribution cum Capital Withdrawal option;INF044D01CO0;INF044D01CP7;62.41;;;18-Feb-2026
117312;Taurus Banking & Financial Services Fund - Regular Plan - Growth;INF044D01BI4;;56.22;;;18-Feb-2026
117313;Taurus Banking & Financial Services Fund - Regular Plan - Payout of Income Distribution cum Capital Withdrawal option;INF044D01BJ2;INF044D01BK0;50.33;;;18-Feb-2026
111903;Taurus Ethical Fund -  Regular Plan - Bonus Option;INF044D01823;;126.35;;;18-Feb-2026
118876;Taurus Ethical Fund - Direct Plan - Growth;INF044D01CJ0;;143.56;;;18-Feb-2026
118877;Taurus Ethical Fund - Direct Plan - Payout of Income Distribution cum Capital Withdrawal option;INF044D01CK8;INF044D01CL6;96.37;;;18-Feb-2026
111787;Taurus Ethical Fund - Regular Plan - Growth;INF044D01864;;126.37;;;18-Feb-2026
111788;Taurus Ethical Fund - Regular Plan - Payout of Income Distribution cum Capital Withdrawal option;INF044D01831;INF044D01849;85.43;;;18-Feb-2026
118878;Taurus Ethical Fund-Direct Plan-Bonus Option #;INF044D01CM4;;47.05;;;18-Feb-2026
118879;Taurus Infrastructure Fund - Direct Plan - Growth ;INF044D01CD3;;71.53;;;18-Feb-2026
118880;Taurus Infrastructure Fund - Direct Plan - Payout of Income Distribution cum Capital Withdrawal option;INF044D01CE1;INF044D01CF8;66.62;;;18-Feb-2026
105417;Taurus Infrastructure Fund - Regular Plan - Growth;INF044D01906;;66.43;;;18-Feb-2026
105418;Taurus Infrastructure Fund - Regular Plan - Payout of Income Distribution cum Capital Withdrawal option;INF044D01872;INF044D01880;62.40;;;18-Feb-2026

The Wealth Company Mutual Fund
153895;THE WEALTH COMPANY ETHICAL FUND DIRECT GROWTH;INF2F0001214;;9.7605;;;18-Feb-2026
153898;THE WEALTH COMPANY ETHICAL FUND DIRECT IDCW;INF2F0001206;INF2F0001198;9.7611;;;18-Feb-2026
153897;THE WEALTH COMPANY ETHICAL FUND REGULAR GROWTH;INF2F0001248;;9.7111;;;18-Feb-2026
153896;THE WEALTH COMPANY ETHICAL FUND REGULAR IDCW;INF2F0001230;INF2F0001222;9.7108;;;18-Feb-2026

UTI Mutual Fund
120733;UTI Banking and Financial Services Fund - Direct Plan - Growth Option;INF789F01SN3;;236.1722;;;18-Feb-2026
120732;UTI Banking and Financial Services Fund - Direct Plan - IDCW;INF789F01SL7;INF789F01SM5;92.4338;;;18-Feb-2026
102401;UTI Banking and Financial Services Fund - Regular Plan - Growth Option;INF789F01372;;205.9623;;;18-Feb-2026
102402;UTI Banking and Financial Services Fund - Regular Plan - IDCW;INF789F01356;INF789F01364;80.1595;;;18-Feb-2026
120782;UTI Healthcare Fund - Direct Plan - Growth Option;INF789F01TO9;;320.52;;;18-Feb-2026
120783;UTI Healthcare Fund - Direct Plan - IDCW;INF789F01TM3;INF789F01TN1;247.7385;;;18-Feb-2026
100807;UTI Healthcare Fund - Regular Plan - Growth Option;INF789F01695;;282.6386;;;18-Feb-2026
100806;UTI Healthcare Fund - Regular Plan - IDCW;INF789F01679;INF789F01687;218.4402;;;18-Feb-2026
120780;UTI India Consumer Fund - Direct Plan - Growth Option;INF789F01VF3;;62.7252;;;18-Feb-2026
120781;UTI India Consumer Fund - Direct Plan - IDCW;INF789F01VG1;INF789F01VH9;55.0657;;;18-Feb-2026
106425;UTI India Consumer Fund - Regular Plan - Growth Option;INF789F01CE6;;57.665;;;18-Feb-2026
106426;UTI India Consumer Fund - Regular Plan - IDCW;INF789F01CF3;INF789F01CG1;50.4072;;;18-Feb-2026
120729;UTI Infrastructure Fund - Direct Plan - IDCW;INF789F01TS0;INF789F01TT8;80.5744;;;18-Feb-2026
102396;UTI Infrastructure Fund - Regular Plan - IDCW;INF789F01737;INF789F01745;76.4817;;;18-Feb-2026
102395;UTI Infrastructure Fund-Growth Option;INF789F01752;;146.3362;;;18-Feb-2026
120728;UTI Infrastructure Fund-Growth Option- Direct;INF789F01TU6;;153.9726;;;18-Feb-2026
120682;UTI - MNC Fund - Growth Option - Direct;INF789F01UD0;;440.0171;;;18-Feb-2026
100740;UTI - MNC Fund - Regular Plan - Growth Option;INF789F01844;;393.204;;;18-Feb-2026
120681;UTI MNC Fund - Direct Plan - IDCW;INF789F01UB4;INF789F01UC2;228.2513;;;18-Feb-2026
100739;UTI MNC Fund - Regular Plan - IDCW;INF789F01828;INF789F01836;202.73;;;18-Feb-2026
120730;UTI Transportation and Logistics Fund - Direct Plan - IDCW;INF789F01SF9;INF789F01SG7;157.8395;;;18-Feb-2026
102397;UTI Transportation and Logistics Fund - Regular Plan - IDCW;INF789F01273;INF789F01281;136.4407;;;18-Feb-2026
102398;UTI-Transportation and Logistics  Fund-Growth Option;INF789F01299;;295.8967;;;18-Feb-2026
120731;UTI-Transportation and Logistics  Fund-Growth Option- Direct;INF789F01SH5;;341.2758;;;18-Feb-2026
152087;UTI Innovation Fund - Direct Plan - Growth Option;INF789F1AZA4;;10.7808;;;18-Feb-2026
152089;UTI Innovation Fund - Direct Plan - Payout of IDCW Option;INF789F1AZB2;;10.7808;;;18-Feb-2026
152086;UTI Innovation Fund - Regular Plan - Growth Option;INF789F1AYY7;;10.4241;;;18-Feb-2026
152088;UTI Innovation Fund - Regular Plan - Payout of IDCW Option;INF789F1AYZ4;;10.4241;;;18-Feb-2026
153204;UTI Quant Fund - Direct Plan - Growth Option;INF789F1AA98;;10.5791;;;18-Feb-2026
153205;UTI Quant Fund - Regular Plan - Growth Option;INF789F1AA80;;10.388;;;18-Feb-2026

WhiteOak Capital Mutual Fund
152321;WhiteOak Capital Banking & Financial Services Fund - Direct Growth;INF03VN01860;;13.765;;;18-Feb-2026
152322;WhiteOak Capital Banking & Financial Services Fund - Regular Growth;INF03VN01852;;13.291;;;18-Feb-2026
154161;WhiteOak Capital Consumption Opportunities Fund Direct Plan Growth;INF03VN01AD3;;9.856;;;18-Feb-2026
154162;WhiteOak Capital Consumption Opportunities Fund Regular Plan Growth;INF03VN01AE1;;9.852;;;18-Feb-2026
152915;WhiteOak Capital Digital Bharat Fund Direct Plan Growth;INF03VN01936;;9.704;;;18-Feb-2026
152914;WhiteOak Capital Digital Bharat Fund Regular Plan Growth;INF03VN01944;;9.478;;;18-Feb-2026
152962;WhiteOak Capital ESG Best-In-Class Strategy Fund Direct Plan Growth;INF03VN01951;;10.488;;;18-Feb-2026
152963;WhiteOak Capital ESG Best-In-Class Strategy Fund Regular Plan Growth;INF03VN01969;;10.252;;;18-Feb-2026
152349;WhiteOak Capital Pharma and Heathcare Fund Direct Plan Growth;INF03VN01886;;14.306;;;18-Feb-2026
152348;WhiteOak Capital Pharma and Heathcare Fund Regular Plan Growth;INF03VN01878;;13.806;;;18-Feb-2026
153189;WhiteOak Capital Quality Equity Fund Direct Plan Growth;INF03VN01977;;10.402;;;18-Feb-2026
153190;WhiteOak Capital Quality Equity Fund Regular Plan Growth;INF03VN01985;;10.214;;;18-Feb-2026
152644;WhiteOak Capital Special Opportunities Fund - Direct Growth;INF03VN01902;;13.524;;;18-Feb-2026
152643;WhiteOak Capital Special Opportunities Fund - Regular Growth;INF03VN01894;;13.095;;;18-Feb-2026

Open Ended Schemes ( Equity Scheme - ELSS )


360 ONE Mutual Fund
151165;360 ONE ELSS Tax Saver Nifty 50 Index Fund - Direct Plan - Growth;INF579M01AN2;;14.5809;;;18-Feb-2026
151166;360 ONE ELSS Tax Saver Nifty 50 Index Fund - Direct Plan - IDCW Payout;INF579M01AO0;;14.5809;;;18-Feb-2026
151164;360 ONE ELSS Tax Saver Nifty 50 Index Fund - Regular Plan - Growth;INF579M01AL6;;14.4667;;;18-Feb-2026
151167;360 ONE ELSS Tax Saver Nifty 50 Index Fund - Regular Plan - IDCW Payout;INF579M01AM4;;14.4667;;;18-Feb-2026

Axis Mutual Fund
120503;Axis ELSS Tax Saver Fund - Direct Plan - Growth Option;INF846K01EW2;;110.6303;;;18-Feb-2026
120502;Axis ELSS Tax Saver Fund - Direct Plan - IDCW;INF846K01EX0;INF846K01EY8;51.1891;;;18-Feb-2026
112323;Axis ELSS Tax Saver Fund - Regular Plan - Growth;INF846K01131;;97.5410;;;18-Feb-2026
112322;Axis ELSS Tax Saver Fund - Regular Plan - IDCW;INF846K01149;INF846K01156;23.8822;;;18-Feb-2026

Bank of India Mutual Fund
119351;BANK OF INDIA ELSS Tax Saver -Direct Plan- Growth;INF761K01884;;190.72;;;18-Feb-2026
119352;BANK OF INDIA ELSS Tax Saver -Direct Plan-IDCW;INF761K01876;INF761K01868;76.17;;;18-Feb-2026
111709;BANK OF INDIA ELSS Tax Saver -ECO Plan-Growth;INF761K01157;;176.14;;;18-Feb-2026
111711;BANK OF INDIA ELSS Tax Saver -ECO Plan-IDCW;INF761K01132;INF761K01140;29.24;;;18-Feb-2026
111710;BANK OF INDIA ELSS Tax Saver -Regular Plan- Growth;INF761K01181;;162.61;;;18-Feb-2026
111708;BANK OF INDIA ELSS Tax Saver -Regular Plan-IDCW;INF761K01165;INF761K01173;31.32;;;18-Feb-2026

Baroda BNP Paribas Mutual Fund
150159;BARODA BNP PARIBAS ELSS Tax Saver Fund - Direct Plan - Growth Option;INF251K01HF3;;112.6429;;;18-Feb-2026
150158;BARODA BNP PARIBAS ELSS Tax Saver Fund - Direct Plan - IDCW Option;INF251K01HH9;INF251K01HG1;30.4497;;;18-Feb-2026
150156;BARODA BNP PARIBAS ELSS Tax Saver Fund - Regular - Growth Option;INF251K01985;;99.2341;;;18-Feb-2026
150157;BARODA BNP PARIBAS ELSS Tax Saver Fund- Regular - IDCW Option;INF251K01AA9;INF251K01993;23.8240;;;18-Feb-2026

Edelweiss Mutual Fund
118619;Edelweiss ELSS Tax Saver Fund - Direct Plan - IDCW Option;INF754K01BX2;INF754K01BY0;46.38;;;18-Feb-2026
118620;Edelweiss ELSS Tax Saver Fund - Direct Plan-Growth Option;INF754K01CA8;;137.17;;;18-Feb-2026
111638;Edelweiss ELSS Tax Saver Fund - Regular Plan - Growth Option;INF754K01517;;114.88;;;18-Feb-2026
111639;Edelweiss ELSS Tax Saver Fund - Regular Plan - IDCW Option;INF754K01525;INF754K01541;30.75;;;18-Feb-2026

Groww Mutual Fund
141807;Groww ELSS Tax Saver Fund (formerly known as Indiabulls Tax Savings Fund)- Direct Plan- Dividend Option;INF666M01DL5;;22.79;;;18-Feb-2026
141808;Groww ELSS Tax Saver Fund (formerly known as Indiabulls Tax Savings Fund)- Direct Plan- Growth Option;INF666M01DK7;;22.82;;;18-Feb-2026
141810;Groww ELSS Tax Saver Fund (formerly known as Indiabulls Tax Savings Fund)- Regular Plan- - Income Distribution cum capital withdrawal Option (Payout);INF666M01DO9;;19.95;;;18-Feb-2026
141862;Groww ELSS Tax Saver Fund (formerly known as Indiabulls Tax Savings Fund)-Regular Plan-Growth Option;INF666M01DN1;;19.94;;;18-Feb-2026

HDFC Mutual Fund
119060;HDFC ELSS Tax saver - Growth Option - Direct Plan;INF179K01YS4;;1578.738;;;18-Feb-2026
101979;HDFC ELSS Tax saver - Growth Plan;INF179K01BB8;;1456.645;;;18-Feb-2026
119059;HDFC ELSS Tax saver - IDCW Option - Direct Plan;INF179K01YQ8;INF179K01YR6;105.836;;;18-Feb-2026
101980;HDFC ELSS Tax saver - IDCW Plan;INF179K01AZ9;INF179K01BA0;77.852;;;18-Feb-2026

HSBC Mutual Fund
151078;HSBC ELSS Tax saver Fund - Direct Growth;INF917K01GP0;;149.9368;;;18-Feb-2026
151079;HSBC ELSS Tax saver Fund - Direct IDCW Payout;INF917K01GO3;;40.5834;;;18-Feb-2026
151076;HSBC ELSS Tax saver Fund - Regular Growth;INF677K01064;;136.9729;;;18-Feb-2026
151077;HSBC ELSS Tax saver Fund - Regular IDCW Payout;INF677K01072;;27.6106;;;18-Feb-2026

ICICI Prudential Mutual Fund
120592;ICICI Prudential ELSS Tax Saver Fund - Direct Plan - Growth;INF109K01Y31;;1063.39;;;18-Feb-2026
120593;ICICI Prudential ELSS Tax Saver Fund - Direct Plan - IDCW;INF109K01Y15;INF109K01Y23;47.17;;;18-Feb-2026
100354;ICICI Prudential ELSS Tax Saver Fund - Growth;INF109K01464;;954.48;;;18-Feb-2026
100353;ICICI Prudential ELSS Tax Saver Fund - IDCW;INF109K01FN1;INF109K01472;23.25;;;18-Feb-2026

Invesco Mutual Fund
120416;Invesco India ELSS Tax Saver Fund - Direct Plan - Growth;INF205K01NT8;;144.09;;;18-Feb-2026
120417;Invesco India ELSS Tax Saver Fund - Direct Plan - IDCW Payout;INF205K01NR2;INF205K01NS0;31.32;;;18-Feb-2026
104636;Invesco India ELSS Tax Saver Fund - Regular Plan - Growth;INF205K01270;;121.01;;;18-Feb-2026
104635;Invesco India ELSS Tax Saver Fund - Regular Plan - IDCW Payout;INF205K01296;INF205K01288;23.68;;;18-Feb-2026

JM Financial Mutual Fund
120494;JM ELSS Tax Saver Fund (Direct) - Growth Option;INF192K01CE3;;55.9838;;;18-Feb-2026
120493;JM ELSS Tax Saver Fund (Direct) - IDCW;INF192K01CD5;;54.6036;;;18-Feb-2026
107288;JM ELSS Tax Saver Fund (Regular) - Growth option;INF192K01650;;48.6406;;;18-Feb-2026
107287;JM ELSS Tax Saver Fund (Regular) - IDCW;INF192K01643;;48.6399;;;18-Feb-2026

Kotak Mahindra Mutual Fund
103339;Kotak ELSS Tax Saver Fund-Growth;INF174K01369;;118.155;;;18-Feb-2026
119773;Kotak ELSS Tax Saver Fund-Growth - Direct;INF174K01LI3;;139.325;;;18-Feb-2026
103338;Kotak ELSS Tax Saver Fund-Payout of Income Distribution cum capital withdrawal option;INF174K01385;;44.219;;;18-Feb-2026
119772;Kotak ELSS Tax Saver Fund-Payout of Income Distribution cum capital withdrawal option - Direct;INF174K01LJ1;;58.363;;;18-Feb-2026

LIC Mutual Fund
120270;LIC MF ELSS Tax Saver-Direct Plan-Growth;INF767K01EM1;;175.0351;;;18-Feb-2026
120269;LIC MF ELSS Tax Saver-Direct Plan-IDCW;INF767K01EL3;INF767K01EN9;38.6522;;;18-Feb-2026
100865;LIC MF ELSS Tax Saver-Regular Plan-Growth;INF767K01956;;152.2679;;;18-Feb-2026
100864;LIC MF ELSS Tax Saver-Regular Plan-IDCW;INF767K01931;INF767K01949;31.8762;;;18-Feb-2026
134878;LIC MF ULIS (10 Yrs. Regular Premium Reducing Cover Half-Yearly)-Direct Plan-IDCW Reinvestment;;INF767K01DR2;40.4519;;;18-Feb-2026
134865;LIC MF ULIS (10 Yrs. Regular Premium Reducing Cover Half-Yearly)-Regular Plan-IDCW Reinvestment;;INF767K01998;36.1708;;;18-Feb-2026
134876;LIC MF ULIS (10 Yrs. Regular Premium Reducing Cover Monthly)-Direct Plan-IDCW Reinvestment;;INF767K01DQ4;40.4519;;;18-Feb-2026
134847;LIC MF ULIS (10 Yrs. Regular Premium Reducing Cover Monthly)-Regular Plan-IDCW Reinvestment;;INF767K01980;36.1708;;;18-Feb-2026
135976;LIC MF ULIS (10 Yrs. Regular Premium Reducing Cover Quarterly)-Direct Plan-IDCW Reinvestment;;INF767K01OY5;40.4519;;;18-Feb-2026
135979;LIC MF ULIS (10 Yrs. Regular Premium Reducing Cover Quarterly)-Regular Plan-IDCW Reinvestment;;INF767K01OV1;36.1708;;;18-Feb-2026
134877;LIC MF ULIS (10 Yrs. Regular Premium Reducing Cover Yearly)-Direct Plan-IDCW Reinvestment;;INF767K01DS0;40.4519;;;18-Feb-2026
134864;LIC MF ULIS (10 Yrs. Regular Premium Reducing Cover Yearly)-Regular Plan-IDCW Reinvestment;;INF767K01AA4;36.1708;;;18-Feb-2026
134879;LIC MF ULIS (10 Yrs. Regular Premium Uniform Cover Half-Yearly)-Direct Plan-IDCW Reinvestment;;INF767K01DU6;40.4519;;;18-Feb-2026
134867;LIC MF ULIS (10 Yrs. Regular Premium Uniform Cover Half-Yearly)-Regular Plan-IDCW Reinvestment;;INF767K01AC0;36.1708;;;18-Feb-2026
134881;LIC MF ULIS (10 Yrs. Regular Premium Uniform Cover Monthly)-Direct Plan-IDCW Reinvestment;;INF767K01DT8;40.4519;;;18-Feb-2026
134863;LIC MF ULIS (10 Yrs. Regular Premium Uniform Cover Monthly)-Regular Plan-IDCW Reinvestment;;INF767K01AB2;36.1708;;;18-Feb-2026
135977;LIC MF ULIS (10 Yrs. Regular Premium Uniform Cover Quarterly)-Direct Plan-IDCW Reinvestment;;INF767K01PB0;40.4519;;;18-Feb-2026
135983;LIC MF ULIS (10 Yrs. Regular Premium Uniform Cover Quarterly)-Regular Plan-IDCW Reinvestment;;INF767K01PA2;36.1708;;;18-Feb-2026
134880;LIC MF ULIS (10 Yrs. Regular Premium Uniform Cover Yearly)-Direct Plan-IDCW Reinvestment;;INF767K01DV4;40.4519;;;18-Feb-2026
134868;LIC MF ULIS (10 Yrs. Regular Premium Uniform Cover Yearly)-Regular Plan-IDCW Reinvestment;;INF767K01AD8;36.1708;;;18-Feb-2026
134875;LIC MF ULIS (10 Yrs. Single Premium)-Direct Plan-IDCW Reinvestment;;INF767K01DP6;40.4519;;;18-Feb-2026
134846;LIC MF ULIS (10 Yrs. Single Premium)-Regular Plan-IDCW Reinvestment;;INF767K01972;36.1708;;;18-Feb-2026
134882;LIC MF ULIS (15 Yrs. Regular Premium Reducing Cover Half-Yearly)-Direct Plan-IDCW Reinvestment;;INF767K01DX0;40.4519;;;18-Feb-2026
134870;LIC MF ULIS (15 Yrs. Regular Premium Reducing Cover Half-Yearly)-Regular Plan-IDCW Reinvestment;;INF767K01AF3;36.1708;;;18-Feb-2026
134884;LIC MF ULIS (15 Yrs. Regular Premium Reducing Cover Monthly)-Direct Plan-IDCW Reinvestment;;INF767K01DW2;40.4519;;;18-Feb-2026
134869;LIC MF ULIS (15 Yrs. Regular Premium Reducing Cover Monthly)-Regular Plan-IDCW Reinvestment;;INF767K01AE6;36.1708;;;18-Feb-2026
135978;LIC MF ULIS (15 Yrs. Regular Premium Reducing Cover Quarterly)-Direct Plan-IDCW Reinvestment;;INF767K01OX7;40.4519;;;18-Feb-2026
135981;LIC MF ULIS (15 Yrs. Regular Premium Reducing Cover Quarterly)-Regular Plan-IDCW Reinvestment;;INF767K01OU3;36.1708;;;18-Feb-2026
134883;LIC MF ULIS (15 Yrs. Regular Premium Reducing Cover Yearly)-Direct Plan-IDCW Reinvestment;;INF767K01DY8;40.4519;;;18-Feb-2026
134871;LIC MF ULIS (15 Yrs. Regular Premium Reducing Cover Yearly)-Regular Plan-IDCW Reinvestment;;INF767K01AG1;36.1708;;;18-Feb-2026
134885;LIC MF ULIS (15 Yrs. Regular Premium Uniform Cover Half-Yearly)-Direct Plan-IDCW Reinvestment;;INF767K01EA6;40.4519;;;18-Feb-2026
134873;LIC MF ULIS (15 Yrs. Regular Premium Uniform Cover Half-Yearly)-Regular Plan-IDCW Reinvestment;;INF767K01AI7;36.1708;;;18-Feb-2026
134887;LIC MF ULIS (15 Yrs. Regular Premium Uniform Cover Monthly)-Direct Plan-IDCW Reinvestment;;INF767K01DZ5;40.4519;;;18-Feb-2026
134872;LIC MF ULIS (15 Yrs. Regular Premium Uniform Cover Monthly)-Regular Plan-IDCW Reinvestment;;INF767K01AH9;36.1708;;;18-Feb-2026
135980;LIC MF ULIS (15 Yrs. Regular Premium Uniform Cover Quarterly)-Direct Plan-IDCW Reinvestment;;INF767K01OZ2;40.4519;;;18-Feb-2026
135982;LIC MF ULIS (15 Yrs. Regular Premium Uniform Cover Quarterly)-Regular Plan-IDCW Reinvestment;;INF767K01OW9;36.1708;;;18-Feb-2026
134886;LIC MF ULIS (15 Yrs. Regular Premium Uniform Cover Yearly)-Direct Plan-IDCW Reinvestment;;INF767K01EB4;40.4519;;;18-Feb-2026
134874;LIC MF ULIS (15Yrs. Regular Premium Uniform Cover Yearly)-Regular Plan-IDCW Reinvestment;;INF767K01AJ5;36.1708;;;18-Feb-2026
120259;LIC MF ULIS (5 Yrs. Single Premium)-Direct Plan-IDCW Reinvestment;;INF767K01DO9;40.4519;;;18-Feb-2026
100325;LIC MF ULIS (5 Yrs. Single Premium)-Regular Plan-IDCW Reinvestment;;INF767K01964;36.1708;;;18-Feb-2026

Mahindra Manulife Mutual Fund
139781;Mahindra Manulife ELSS Tax Saver Fund - Direct Plan -Growth;INF174V01093;;34.2450;;;18-Feb-2026
139780;Mahindra Manulife ELSS Tax Saver Fund - Regular Plan - IDCW;INF174V01085;;18.7458;;;18-Feb-2026
139782;Mahindra Manulife ELSS Tax Saver Fund- Direct Plan - IDCW;INF174V01101;;23.1737;;;18-Feb-2026
139783;Mahindra Manulife ELSS Tax Saver Fund- Regular Plan - Growth;INF174V01077;;28.9330;;;18-Feb-2026

Mirae Asset Mutual Fund
135781;Mirae Asset ELSS Tax Saver Fund - Direct Plan - Growth;INF769K01DM9;;57.748;;;18-Feb-2026
135782;Mirae Asset ELSS Tax Saver Fund - Direct Plan - IDCW;INF769K01DN7;;26.984;;;18-Feb-2026
135784;Mirae Asset ELSS Tax Saver Fund - Regular Plan - Growth;INF769K01DK3;;50.755;;;18-Feb-2026
135783;Mirae Asset ELSS Tax Saver Fund - Regular Plan - IDCW;INF769K01DL1;;22.781;;;18-Feb-2026

Navi Mutual Fund
135653;Navi ELSS Tax Saver Fund - Direct Plan IDCW Payout;INF959L01CE3;;34.6125;;;18-Feb-2026
135652;Navi ELSS Tax Saver Fund - Regular Plan IDCW Payout;INF959L01CG8;;29.2389;;;18-Feb-2026
135654;Navi ELSS Tax Saver Fund- Direct Plan- Growth Option;INF959L01CD5;;35.0472;;;18-Feb-2026
135655;Navi ELSS Tax Saver Fund- Regular Plan- Growth Option;INF959L01CF0;;29.2418;;;18-Feb-2026
151471;NAVI ELSS TAX SAVER NIFTY 50 INDEX FUND - DIRECT PLAN GROWTH;INF959L01GR6;;15.6087;;;18-Feb-2026
151473;NAVI ELSS TAX SAVER NIFTY 50 INDEX FUND - DIRECT PLAN IDCW PAYOUT;INF959L01GT2;;15.6158;;;18-Feb-2026
151472;NAVI ELSS TAX SAVER NIFTY 50 INDEX FUND - REGULAR PLAN GROWTH;INF959L01GS4;;15.1759;;;18-Feb-2026
151474;NAVI ELSS TAX SAVER NIFTY 50 INDEX FUND - REGULAR PLAN IDCW PAYOUT;INF959L01GU0;;15.2359;;;18-Feb-2026

NJ Mutual Fund
151611;NJ ELSS Tax Saver Scheme Direct Growth;INF0J8L01115;;14.52;;;18-Feb-2026
151612;NJ ELSS Tax Saver Scheme Direct IDCW;INF0J8L01123;;14.52;;;18-Feb-2026
151609;NJ ELSS Tax Saver Scheme Regular Growth;INF0J8L01099;;13.84;;;18-Feb-2026
151610;NJ ELSS Tax Saver Scheme Regular IDCW;INF0J8L01107;;13.84;;;18-Feb-2026

PGIM India Mutual Fund
135600;PGIM India ELSS Tax Saver Fund - Direct Plan - Dividend Option;INF663L01FO3;;19.27;;;18-Feb-2026
135601;PGIM India ELSS Tax Saver Fund - Direct Plan - Growth Option;INF663L01FN5;;39.69;;;18-Feb-2026
135599;PGIM India ELSS Tax Saver Fund - Regular Plan - Dividend Option;INF663L01FR6;;17.98;;;18-Feb-2026
135598;PGIM India ELSS Tax Saver Fund - Regular Plan - Growth Option;INF663L01FQ8;;34.37;;;18-Feb-2026

PPFAS Mutual Fund
147481;Parag Parikh ELSS Tax Saver Fund- Direct Growth;INF879O01100;;33.7585;;;18-Feb-2026
147482;Parag Parikh ELSS Tax Saver Fund- Regular Growth;INF879O01092;;31.2108;;;18-Feb-2026

quant Mutual Fund
120847;quant ELSS Tax Saver Fund - Growth Option - Direct Plan;INF966L01986;;422.0355;;;18-Feb-2026
100175;quant ELSS Tax Saver Fund - Growth Option - Regular Plan;INF966L01135;;374.9622;;;18-Feb-2026
120846;quant ELSS Tax Saver Fund - IDCW Option - Direct Plan;INF966L01960;INF966L01127;56.2595;;;18-Feb-2026
100174;quant ELSS Tax Saver Fund - IDCW Option - Regular Plan;INF966L01119;;52.0678;;;18-Feb-2026

Quantum Mutual Fund
111549;Quantum ELSS Tax Saver Fund - Direct Plan Growth Option;INF082J01069;;131.59;;;18-Feb-2026
111550;Quantum ELSS Tax Saver Fund - Direct Plan IDCW;INF082J01077;INF082J01085;130.74;;;18-Feb-2026
141070;Quantum ELSS Tax Saver Fund - Regular Plan Growth Option;INF082J01366;;124.67;;;18-Feb-2026
141071;Quantum ELSS Tax Saver Fund - Regular Plan IDCW;INF082J01374;;123.82;;;18-Feb-2026

Samco Mutual Fund
150838;Samco ELSS Tax Saver Fund - Direct Plan - Growth Option;INF0K1H01065;;13.08;;;18-Feb-2026
150839;Samco ELSS Tax Saver Fund - Regular Plan - Growth Option;INF0K1H01057;;12.50;;;18-Feb-2026

SBI Mutual Fund
119722;SBI ELSS Tax Saver Fund - Direct Plan - Income Distribution cum Capital Withdrawal Option (IDCW);INF200K01UK3;;121.3562;;;18-Feb-2026
119723;SBI ELSS Tax Saver FUND - DIRECT PLAN -GROWTH;INF200K01UM9;;489.9544;;;18-Feb-2026
103883;SBI ELSS Tax Saver Fund - Regular Plan - Income Distribution cum Capital Withdrawal Option (IDCW);INF200K01479;;91.5741;;;18-Feb-2026
105628;SBI ELSS Tax Saver FUND - REGULAR PLAN- GROWTH;INF200K01495;;451.6821;;;18-Feb-2026

Shriram Mutual Fund
145819;Shriram ELSS Tax Saver Fund - Direct Growth;INF680P01158;;24.2033;;;18-Feb-2026
145822;Shriram ELSS Tax Saver Fund - Direct- IDCW;INF680P01166;;24.0153;;;18-Feb-2026
145820;Shriram ELSS Tax Saver Fund - Regular Growth;INF680P01133;;21.3514;;;18-Feb-2026
145821;Shriram ELSS Tax Saver Fund - Regular-IDCW;INF680P01141;;21.3544;;;18-Feb-2026

Sundaram Mutual Fund
149571;Sundaram ELSS Tax Saver Fund Direct Plan - Income Distribution CUM Capital Withdrawal Option (IDCW);INF173K01NN1;;563.1048;;;18-Feb-2026
149570;Sundaram ELSS Tax Saver Fund Direct Plan Growth;INF173K01HZ7;;563.6785;;;18-Feb-2026
149569;Sundaram ELSS Tax Saver Fund Regular Growth;INF173K01361;;525.5771;;;18-Feb-2026
149572;Sundaram ELSS Tax Saver Fund Regular Plan - Income Distribution CUM Capital Withdrawal Option (IDCW);INF173K01NM3;;421.4820;;;18-Feb-2026

Taurus Mutual Fund
118866;Taurus ELSS Tax Saver Fund - Direct Plan - Growth;INF044D01CG6;INF044D01AA3;197.43;;;18-Feb-2026
118867;Taurus ELSS Tax Saver Fund - Direct Plan - Payout of Income Distribution cum Capital Withdrawal option;INF044D01CH4;INF044D01CI2;90.99;;;18-Feb-2026
100480;Taurus ELSS Tax Saver Fund - Regular Plan - Growth;INF044D01AC9;;180.44;;;18-Feb-2026
108402;Taurus ELSS Tax Saver Fund - Regular Plan - Payout of Income Distribution cum Capital Withdrawal option;INF044D01997;;84.53;;;18-Feb-2026

UTI Mutual Fund
120715;UTI ELSS Tax Saver Fund - Direct Plan - Growth Option;INF789F01TF7;;234.1815;;;18-Feb-2026
120714;UTI ELSS Tax Saver Fund - Direct Plan - IDCW;INF789F01TD2;INF789F01TE0;55.188;;;18-Feb-2026
100821;UTI ELSS Tax Saver Fund - Regular Plan - Growth Option;INF789F01547;;208.0349;;;18-Feb-2026
100820;UTI ELSS Tax Saver Fund - Regular Plan - IDCW;INF789F01521;INF789F01539;39.7432;;;18-Feb-2026

WhiteOak Capital Mutual Fund
150587;WhiteOak Capital ELSS Tax Saver Fund Direct Plan Growth;INF03VN01621;;18.333;;;18-Feb-2026
150586;WhiteOak Capital ELSS Tax Saver Fund Direct Plan IDCW;INF03VN01639;;18.333;;;18-Feb-2026
150589;WhiteOak Capital ELSS Tax Saver Fund Regular Plan Growth;INF03VN01647;;17.314;;;18-Feb-2026
150588;WhiteOak Capital ELSS Tax Saver Fund Regular Plan IDCW;INF03VN01654;;17.314;;;18-Feb-2026

Open Ended Schemes ( Debt Scheme - Overnight Fund )


360 ONE Mutual Fund
153703;360 ONE Overnight Fund - Direct Plan - Growth;INF579M01BG4;;1033.3525;;;18-Feb-2026
153700;360 ONE Overnight Fund - Regular Plan - Growth;INF579M01BD1;;1032.8451;;;18-Feb-2026
153702;360 ONE Overnight Fund - Regular Plan - IDCW;INF579M01BE9;INF579M01BF6;1032.8451;;;18-Feb-2026
153701;360 ONE Overnight Fund- Direct Plan - IDCW;INF579M01BH2;INF579M01BI0;1033.3525;;;18-Feb-2026

Axis Mutual Fund
146679;Axis Overnight Fund - Direct Plan - Daily IDCW;;INF846K01N99;1000.5073;;;18-Feb-2026
146675;Axis Overnight Fund - Direct Plan - Growth Option;INF846K01N65;;1417.4705;;;18-Feb-2026
146677;Axis Overnight Fund - Direct Plan - Monthly IDCW;INF846K01N73;INF846K01N81;1003.7635;;;18-Feb-2026
146676;Axis Overnight Fund - Direct Plan - Weekly IDCW;INF846K01N40;INF846K01N57;1000.9681;;;18-Feb-2026
146682;Axis Overnight Fund - Regular Plan - Daily IDCW;;INF846K01O56;1000.5032;;;18-Feb-2026
146678;Axis Overnight Fund - Regular Plan - Growth Option;INF846K01O23;;1412.2886;;;18-Feb-2026
146681;Axis Overnight Fund - Regular Plan - Monthly IDCW;INF846K01O31;INF846K01O49;1003.7312;;;18-Feb-2026
146680;Axis Overnight Fund - Regular Plan - Weekly IDCW;INF846K01O07;INF846K01O15;1000.9297;;;18-Feb-2026

Bank of India Mutual Fund
147951;BANK OF INDIA Overnight Fund Direct Plan Growth;INF761K01EU7;;1359.8457;;;18-Feb-2026
147952;BANK OF INDIA Overnight Fund Direct Plan- Daily IDCW;;INF761K01EV5;1000.0000;;;18-Feb-2026
147948;BANK OF INDIA Overnight Fund Direct Plan- Monthly IDCW;INF761K01EY9;INF761K01EX1;1002.9081;;;18-Feb-2026
147936;BANK OF INDIA Overnight Fund Regular Plan Growth;INF761K01EZ6;;1355.8958;;;18-Feb-2026
147953;BANK OF INDIA Overnight Fund Regular Plan- Daily IDCW;;INF761K01FA6;1000.0000;;;18-Feb-2026
147949;BANK OF INDIA Overnight Fund Regular Plan- Monthly IDCW;INF761K01FD0;INF761K01FC2;1002.8884;;;18-Feb-2026
149412;BANK OF INDIA Overnight Fund Unclaimed IDCW Plan - Greater than 3 Years;;;1000.0000;;;18-Feb-2026
149414;BANK OF INDIA Overnight Fund Unclaimed IDCW Plan - Up to 3 Years;;;1278.5525;;;18-Feb-2026
149415;BANK OF INDIA Overnight Fund Unclaimed Redemption Plan - Greater than 3 Years;;;1000.0000;;;18-Feb-2026
149413;BANK OF INDIA Overnight Fund Unclaimed Redemption Plan - Upto 3 Years;;;1278.8365;;;18-Feb-2026

Baroda BNP Paribas Mutual Fund
147197;Baroda BNP Paribas Overnight Fund - Direct Plan - Daily IDCW;;INF955L01HW2;1000.0028;;;18-Feb-2026
147196;Baroda BNP Paribas Overnight Fund - Direct Plan - Growth;INF955L01HV4;;1406.5823;;;18-Feb-2026
147195;Baroda BNP Paribas Overnight Fund - Direct Plan - Weekly IDCW;;INF955L01HX0;1000.2405;;;18-Feb-2026
149988;Baroda BNP Paribas Overnight Fund - Plan C - Unclaimed IDCW - Greater than 3 years;;;1000.0000;;;18-Feb-2026
149991;Baroda BNP Paribas Overnight Fund - Plan C - Unclaimed IDCW - Up to 3 years;;;1262.0240;;;18-Feb-2026
149990;Baroda BNP Paribas Overnight Fund - Plan C - Unclaimed Redemption - Greater than 3 years;;;1000.0000;;;18-Feb-2026
149989;Baroda BNP Paribas Overnight Fund - Plan C - Unclaimed Redemption - Up to 3 years;;;1261.9945;;;18-Feb-2026
147194;Baroda BNP Paribas Overnight Fund - Regular Plan - Daily IDCW;;INF955L01HT8;1000.0018;;;18-Feb-2026
147193;Baroda BNP Paribas Overnight Fund - Regular Plan - Growth;INF955L01HS0;;1400.2381;;;18-Feb-2026
147198;Baroda BNP Paribas Overnight Fund - Regular Plan - Weekly IDCW;;INF955L01HU6;1000.7203;;;18-Feb-2026

Edelweiss Mutual Fund
147551;Edelweiss Overnight Fund - Direct Plan - Annual - IDCW Option;INF754K01KD5;INF754K01KC7;1385.7724;;;18-Feb-2026
147557;Edelweiss Overnight Fund - Direct Plan - Daily - IDCW Option;;INF754K01JW7;1000.1989;;;18-Feb-2026
147550;Edelweiss Overnight Fund - Direct Plan - Fortnightly - IDCW Option;INF754K01JZ0;INF754K01JY3;1371.4713;;;18-Feb-2026
147570;Edelweiss Overnight Fund - Direct Plan - Growth;INF754K01JV9;;1385.3093;;;18-Feb-2026
147554;Edelweiss Overnight Fund - Direct Plan - Monthly - IDCW Option;INF754K01KB9;INF754K01KA1;1060.8486;;;18-Feb-2026
147558;Edelweiss Overnight Fund - Direct Plan - Weekly - IDCW Option;;INF754K01JX5;1380.6897;;;18-Feb-2026
147556;Edelweiss Overnight Fund - Regular Plan - Annual - IDCW Option;INF754K01KM6;INF754K01KL8;1380.3177;;;18-Feb-2026
147552;Edelweiss Overnight Fund - Regular Plan - Daily - IDCW Option;;INF754K01KF0;1008.3622;;;18-Feb-2026
147549;Edelweiss Overnight Fund - Regular Plan - Fortnightly - IDCW Option;INF754K01KI4;INF754K01KH6;1095.7241;;;18-Feb-2026
147569;Edelweiss Overnight Fund - Regular Plan - Growth;INF754K01KE3;;1380.308;;;18-Feb-2026
147555;Edelweiss Overnight Fund - Regular Plan - Monthly - IDCW Option;INF754K01KK0;INF754K01KJ2;1007.5537;;;18-Feb-2026
147553;Edelweiss Overnight Fund - Regular Plan - Weekly - IDCW Option;;INF754K01KG8;1016.6845;;;18-Feb-2026
149476;Edelweiss Overnight Fund - Unclaimed IDCW Plan - Above 3 years;;;1000;;;18-Feb-2026
149477;Edelweiss Overnight Fund - Unclaimed IDCW Plan - Upto 3 years;;;1267.4834;;;18-Feb-2026
149479;Edelweiss Overnight Fund - Unclaimed Redemption Plan - Above 3 years;;;1000;;;18-Feb-2026
149478;Edelweiss Overnight Fund - Unclaimed Redemption Plan - Upto 3 years;;;1267.4817;;;18-Feb-2026

Groww Mutual Fund
147458;Groww Overnight Fund (formerly known as Indiabulls Overnight Fund)- Direct Plan- - Income Distribution cum capital withdrawal Option ( Reinvestment);;INF666M01GM6;1001.3825;;;18-Feb-2026
147452;Groww Overnight Fund (formerly known as Indiabulls Overnight Fund)- Direct Plan- Fortnightly - Income Distribution cum capital withdrawal Option (Payout & Reinvestment);INF666M01GP9;INF666M01GQ7;1216.098;;;18-Feb-2026
147450;Groww Overnight Fund (formerly known as Indiabulls Overnight Fund)- Direct Plan- Growth Option;INF666M01GL8;;1379.8445;;;18-Feb-2026
147453;Groww Overnight Fund (formerly known as Indiabulls Overnight Fund)- Direct Plan- Monthly - Income Distribution cum capital withdrawal Option (Payout & Reinvestment);INF666M01GR5;INF666M01GS3;1003.3531;;;18-Feb-2026
147451;Groww Overnight Fund (formerly known as Indiabulls Overnight Fund)- Direct Plan- Weekly - Income Distribution cum capital withdrawal Option (Payout & Reinvestment);INF666M01GN4;INF666M01GO2;1002.4514;;;18-Feb-2026
147455;Groww Overnight Fund (formerly known as Indiabulls Overnight Fund)- Regular Plan- - Income Distribution cum capital withdrawal Option ( Reinvestment);;INF666M01GU9;1001.043;;;18-Feb-2026
147457;Groww Overnight Fund (formerly known as Indiabulls Overnight Fund)- Regular Plan- Fortnightly - Income Distribution cum capital withdrawal Option (Payout & Reinvestment);INF666M01GX3;INF666M01GY1;1001.9817;;;18-Feb-2026
147454;Groww Overnight Fund (formerly known as Indiabulls Overnight Fund)- Regular Plan- Growth Option;INF666M01GT1;;1371.3348;;;18-Feb-2026
147459;Groww Overnight Fund (formerly known as Indiabulls Overnight Fund)- Regular Plan- Monthly - Income Distribution cum capital withdrawal Option (Payout & Reinvestment);INF666M01GZ8;INF666M01HA9;1003.4099;;;18-Feb-2026
147456;Groww Overnight Fund (formerly known as Indiabulls Overnight Fund)- Regular Plan- Weekly - Income Distribution cum capital withdrawal Option (Payout & Reinvestment);INF666M01GV7;INF666M01GW5;1001.1897;;;18-Feb-2026
149394;Groww Overnight Fund (formerly known as Indiabulls Overnight Fund)- Unclaimed Dividend < 3 years;;;1277.3734;;;18-Feb-2026
149396;Groww Overnight Fund (formerly known as Indiabulls Overnight Fund)- Unclaimed Redemption < 3 Years;;;1266.155;;;18-Feb-2026
149395;Groww Overnight Fund (formerly known as Indiabulls Overnight Fund)- Unclaimed Redemption > 3 Years;;;1000;;;18-Feb-2026

HDFC Mutual Fund
119109;HDFC Overnight Fund - Daily IDCW Option - Direct Plan;;INF179KB1HY1;1042.66;;;18-Feb-2026
101996;HDFC Overnight Fund - Growth Option;INF179KB1HS3;;3929.6401;;;18-Feb-2026
119110;HDFC Overnight Fund - Growth Option - Direct Plan;INF179KB1HT1;;3970.0236;;;18-Feb-2026
101997;HDFC Overnight Fund - IDCW Option (Daily);;INF179KB1IF8;1042.66;;;18-Feb-2026

Helios Mutual Fund
152151;Helios Overnight Fund - Direct Plan - Daily IDCW Option;INF0R8701087;;1000.0000;;;18-Feb-2026
152152;Helios Overnight Fund - Direct Plan - Growth Option;INF0R8701079;;1148.8933;;;18-Feb-2026
152154;Helios Overnight Fund - Regular Plan - Daily IDCW Option;INF0R8701103;;1000.0000;;;18-Feb-2026
152153;Helios Overnight Fund - Regular Plan - Growth Option;INF0R8701095;;1147.5584;;;18-Feb-2026

HSBC Mutual Fund
147291;HSBC Overnight Fund - Direct Daily IDCW;;INF336L01OG4;1000.0149;;;18-Feb-2026
147287;HSBC Overnight Fund - Direct Growth;INF336L01OF6;;1401.4508;;;18-Feb-2026
147300;HSBC Overnight Fund - Direct Monthly IDCW;INF336L01OK6;INF336L01OI0;1002.9183;;;18-Feb-2026
147296;HSBC Overnight Fund - Direct Weekly IDCW;INF336L01OJ8;INF336L01OH2;1000.146;;;18-Feb-2026
147289;HSBC Overnight Fund - Regular Daily IDCW;;INF336L01OM2;1000.0149;;;18-Feb-2026
147290;HSBC Overnight Fund - Regular Growth;INF336L01OL4;;1389.6546;;;18-Feb-2026
147301;HSBC Overnight Fund - Regular Monthly IDCW;INF336L01OQ3;INF336L01OO8;1002.8687;;;18-Feb-2026
147288;HSBC Overnight Fund - Regular Weekly IDCW;INF336L01OP5;INF336L01ON0;1000.171;;;18-Feb-2026
150501;HSBC Overnight Fund - Unclaimed IDCW Above three years;;;1000;;;18-Feb-2026
150499;HSBC Overnight Fund - Unclaimed IDCW Below three years;;;1243.7765;;;18-Feb-2026
150500;HSBC Overnight Fund - Unclaimed Redemption above three years;;;1000;;;18-Feb-2026
150502;HSBC Overnight Fund - Unclaimed Redemption Below three years;;;1243.7958;;;18-Feb-2026

ICICI Prudential Mutual Fund
145547;ICICI Prudential Overnight Fund - Daily IDCW;;INF109KC18E1;1000.0050;;;18-Feb-2026
145537;ICICI Prudential Overnight Fund - Direct Plan - Daily IDCW;;INF109KC12G9;1000.0050;;;18-Feb-2026
145536;ICICI Prudential Overnight Fund - Direct Plan - Growth;INF109KC11G1;;1443.0572;;;18-Feb-2026
149411;ICICI Prudential Overnight fund - Direct Plan - Unclaimed IDCW Stable Scheme;INF109KC18H4;;1000.0000;;;18-Feb-2026
149408;ICICI Prudential Overnight fund - Direct Plan - Unclaimed IDCW Transitory Scheme;INF109KC16H8;;1273.2310;;;18-Feb-2026
149409;ICICI Prudential Overnight fund - Direct Plan - Unclaimed Redemption Stable Scheme;INF109KC17H6;;1000.0000;;;18-Feb-2026
149410;ICICI Prudential Overnight fund - Direct Plan - Unclaimed Redemption Transitory Scheme;INF109KC15H0;;1273.2463;;;18-Feb-2026
145539;ICICI Prudential Overnight Fund - Direct Plan - Weekly IDCW;INF109KC16G0;INF109KC15G2;1000.2738;;;18-Feb-2026
145535;ICICI Prudential Overnight Fund - Growth;INF109KC17E3;;1434.3545;;;18-Feb-2026
145538;ICICI Prudential Overnight Fund - Weekly IDCW;INF109KC12F1;INF109KC11F3;1000.2665;;;18-Feb-2026

Invesco Mutual Fund
147884;Invesco India Overnight Fund - Direct Plan - Daily IDCW (Reinvestment);;INF205KA1122;1000.5303;;;18-Feb-2026
147883;Invesco India Overnight Fund - Direct Plan - Growth;INF205KA1163;;1353.0139;;;18-Feb-2026
147886;Invesco India Overnight Fund - Direct Plan - Monthly IDCW (Payout / Reinvestment);INF205KA1155;INF205KA1148;1002.6382;;;18-Feb-2026
147880;Invesco India Overnight Fund - Regular Plan - Daily IDCW (Reinvestment);;INF205KA1072;1000.1395;;;18-Feb-2026
147878;Invesco India Overnight Fund - Regular Plan - Growth;INF205KA1114;;1348.3341;;;18-Feb-2026
147879;Invesco India Overnight Fund - Regular Plan - Monthly IDCW (Payout / Reinvestment);INF205KA1106;INF205KA1098;1002.9309;;;18-Feb-2026
147881;Invesco India Overnight Fund - Regular Plan - Weekly IDCW (Reinvestment);;INF205KA1080;1000.4934;;;18-Feb-2026

Jio BlackRock Mutual Fund
153650;JioBlackRock Overnight Fund - Direct Plan - Growth Option;INF22M001036;;1034.0106;;;18-Feb-2026
154070;JioBlackRock Overnight Fund - Unclaimed Redemption - Upto 3 years - Growth Option;;;1011.1035;;;18-Feb-2026

JM Financial Mutual Fund
147838;JM Overnight Fund (Direct) - Daily IDCW;;INF192K01LY2;1000;;;18-Feb-2026
147835;JM Overnight Fund (Direct) - Weekly IDCW;INF192K01LZ9;INF192K01MA0;1000.1337;;;18-Feb-2026
147839;JM Overnight Fund (Regular) - Daily IDCW;;INF192K01LU0;1000;;;18-Feb-2026
147836;JM Overnight Fund (Regular) - Growth;INF192K01LX4;;1351.8077;;;18-Feb-2026
147834;JM Overnight Fund (Regular) - Weekly IDCW;INF192K01LV8;INF192K01LW6;1000.1219;;;18-Feb-2026
147837;JM Overnight Fund - (Direct) - Growth;INF192K01MB8;;1357.6829;;;18-Feb-2026
149828;JM Overnight Fund - (Direct) - Unclaimed IDCW - Growth Plan;;;1364.1247;;;18-Feb-2026
149827;JM Overnight Fund - (Direct) - Unclaimed IDCW I.E.F. - Growth Plan;;;1073.9936;;;18-Feb-2026
149829;JM Overnight Fund - (Direct) - Unclaimed Redemption - Growth Plan;;;1357.7024;;;18-Feb-2026
149826;JM Overnight Fund - (Direct) - Unclaimed Redemption I.E.F. - Growth Plan;;;1073.9936;;;18-Feb-2026

Kotak Mahindra Mutual Fund
146141;Kotak Overnight Fund -Direct Plan-Growth Option;INF174KA1BF9;;1428.7139;;;18-Feb-2026
146142;Kotak Overnight Fund -Regular plan-Growth Option;INF174KA1BC6;;1419.5286;;;18-Feb-2026
146140;Kotak Overnight Fund-Direct Plan- Daily Reinvestment of Income Distribution cum capital withdrawal option;;INF174KA1BE2;1003.6055;;;18-Feb-2026
146138;Kotak Overnight Fund-Regular Plan- Daily Reinvestment of Income Distribution cum capital withdrawal option;;INF174KA1BB8;1004.7568;;;18-Feb-2026

LIC Mutual Fund
147516;LIC MF Overnight Fund-Direct Plan-Daily IDCW;;INF767K01QG7;1099.1444;;;18-Feb-2026
147515;LIC MF Overnight Fund-Direct Plan-Growth;INF767K01QI3;;1388.1993;;;18-Feb-2026
147513;LIC MF Overnight Fund-Direct Plan-IDCW;INF767K01QE2;INF767K01QF9;1388.3654;;;18-Feb-2026
147514;LIC MF Overnight Fund-Direct Plan-Weekly IDCW;;INF767K01QH5;1082.3571;;;18-Feb-2026
147517;LIC MF Overnight Fund-Regular Plan-Daily IDCW;;INF767K01QB8;1097.1841;;;18-Feb-2026
147519;LIC MF Overnight Fund-Regular Plan-Growth;INF767K01QD4;;1376.8874;;;18-Feb-2026
147512;LIC MF Overnight Fund-Regular Plan-IDCW;INF767K01PZ9;INF767K01QA0;1217.9431;;;18-Feb-2026
147518;LIC MF Overnight Fund-Regular Plan-Weekly IDCW;;INF767K01QC6;1179.4645;;;18-Feb-2026

Mahindra Manulife Mutual Fund
147563;Mahindra Manulife Overnight Fund - Direct Plan - Daily IDCW;;INF174V01846;1389.6485;;;18-Feb-2026
147564;Mahindra Manulife Overnight Fund - Direct Plan -Growth;INF174V01838;;1386.2391;;;18-Feb-2026
147566;Mahindra Manulife Overnight Fund - Regular Plan - Daily IDCW;;INF174V01820;1221.2328;;;18-Feb-2026
147565;Mahindra Manulife Overnight Fund - Regular Plan - Growth;INF174V01812;;1377.0458;;;18-Feb-2026
149471;Mahindra Manulife Overnight Fund - Unclaimed Redemption/IDCW beyond 3 years;;;1000.0000;;;18-Feb-2026
149470;Mahindra Manulife Overnight Fund - Unclaimed Redemption/IDCW upto 3 years;;;1271.2015;;;18-Feb-2026

Mirae Asset Mutual Fund
147737;Mirae Asset Overnight Fund Direct Daily IDCW;;INF769K01FJ0;1000.0175;;;18-Feb-2026
147738;Mirae Asset Overnight Fund Direct Monthly IDCW;INF769K01FF8;INF769K01FI2;1002.9037;;;18-Feb-2026
147736;Mirae Asset Overnight Fund Direct Plan Growth;INF769K01FG6;;1373.4640;;;18-Feb-2026
147740;Mirae Asset Overnight Fund Direct Weekly IDCW;;INF769K01FK8;1000.0031;;;18-Feb-2026
147743;Mirae Asset Overnight Fund Regular Daily  IDCW ;;INF769K01FL6;1000.0101;;;18-Feb-2026
147742;Mirae Asset Overnight Fund Regular Monthly IDCW;INF769K01FD3;INF769K01FH4;1002.8620;;;18-Feb-2026
147739;Mirae Asset Overnight Fund Regular Plan Growth;INF769K01FE1;;1365.5179;;;18-Feb-2026
147741;Mirae Asset Overnight Fund Regular Weekly IDCW;;INF769K01FM4;1000.0015;;;18-Feb-2026

NJ Mutual Fund
150369;NJ Overnight Fund - Direct Plan - Growth Option;INF0J8L01081;;1239.4271;;;18-Feb-2026
150368;NJ Overnight Fund - Regular Plan - Growth Option;INF0J8L01073;;1235.0017;;;18-Feb-2026
152116;NJ Overnight Fund - Unclaimed Redemption Plan - Upto 3 Years;;;1076.6082;;;18-Feb-2026

PGIM India Mutual Fund
147605;PGIM India Overnight Fund - Direct Plan - Daily Dividend Option;;INF663L01T35;1000.0086;;;18-Feb-2026
147606;PGIM India Overnight Fund - Direct Plan - Growth Option;INF663L01T01;;1381.2104;;;18-Feb-2026
147608;PGIM India Overnight Fund - Direct Plan - Weekly Dividend Option;INF663L01T19;INF663L01T27;1001.3234;;;18-Feb-2026
147609;PGIM India Overnight Fund - Regular Plan - Daily Dividend Option;;INF663L01T76;1000;;;18-Feb-2026
147607;PGIM India Overnight Fund - Regular Plan - Weekly Dividend Option;INF663L01T50;INF663L01T68;1007.754;;;18-Feb-2026
147600;PGIM India Overnight Fund - Regular Plan- Growth Option;INF663L01T43;;1375.1363;;;18-Feb-2026

quant Mutual Fund
151190;quant Overnight Fund - Growth Option - Direct Plan;INF966L01AZ7;;12.2444;;;18-Feb-2026
151195;quant Overnight Fund - Growth Option - Regular Plan;INF966L01BC4;;12.2039;;;18-Feb-2026
151193;quant Overnight Fund - IDCW Option - Direct Plan;INF966L01BA8;INF966L01BB6;12.2486;;;18-Feb-2026
151191;quant Overnight Fund - IDCW Option - Regular Plan;INF966L01BD2;INF966L01BE0;12.1918;;;18-Feb-2026
154083;quant Overnight Fund - Unclaimed IDCW Greater than 3 years;;;10;;;18-Feb-2026
154086;quant Overnight Fund - Unclaimed IDCW Less than 3 years;;;10.0887;;;18-Feb-2026
154085;quant Overnight Fund - Unclaimed Redemption Greater than 3 years;;;10;;;18-Feb-2026
154084;quant Overnight Fund - Unclaimed Redemption Less than 3 years;;;10.0854;;;18-Feb-2026

Samco Mutual Fund
150631;Samco Overnight Fund - Direct Plan - Growth Option;INF0K1H01040;;1223.6363;;;18-Feb-2026
150632;Samco Overnight Fund - Regular Plan - Growth Option;INF0K1H01032;;1214.7985;;;18-Feb-2026
153021;Samco Overnight Fund - Unclaimed Redemption Upto 3 years;;;1070.5780;;;18-Feb-2026

SBI Mutual Fund
119831;SBI Overnight Fund - Direct Plan - Daily Income Distribution cum Capital Withdrawal Option (IDCW);;INF200K01TJ7;1351.6310;;;18-Feb-2026
119833;SBI OVERNIGHT FUND - DIRECT PLAN - GROWTH;INF200K01TK5;;4354.6489;;;18-Feb-2026
119832;SBI Overnight Fund - Direct Plan - Weekly Income Distribution cum Capital Withdrawal Option (IDCW);INF200K01TL3;INF200K01TM1;1380.2074;;;18-Feb-2026
114297;SBI Overnight Fund - Regular Plan - Daily Income Distribution cum Capital Withdrawal Option (IDCW);;INF200K01LN6;1345.6951;;;18-Feb-2026
101206;SBI OVERNIGHT FUND - REGULAR PLAN - GROWTH;INF200K01LQ9;;4296.6314;;;18-Feb-2026
103140;SBI Overnight Fund - Regular Plan - Weekly Income Distribution cum Capital Withdrawal Option (IDCW);INF200K01LO4;INF200K01LP1;1374.0472;;;18-Feb-2026

Shriram Mutual Fund
150562;Shriram Overnight Fund -  Direct Growth;INF680P01323;;12.3651;;;18-Feb-2026
150561;Shriram Overnight Fund - Direct Daily IDCW;;INF680P01331;10.0001;;;18-Feb-2026
150567;Shriram Overnight Fund - Direct Monthly IDCW;INF680P01380;INF680P01398;10.0027;;;18-Feb-2026
150558;Shriram Overnight Fund - Regular Daily IDCW;;INF680P01257;10.0001;;;18-Feb-2026
150565;Shriram Overnight Fund - Regular Growth;INF680P01232;;12.3295;;;18-Feb-2026
150560;Shriram Overnight Fund - Regular Monthly IDCW;INF680P01307;INF680P01315;10.003;;;18-Feb-2026

Sundaram Mutual Fund
146963;Sundaram Overnight Fund Direct Plan - Growth;INF903JA1HG5;;1422.4916;;;18-Feb-2026
146962;Sundaram Overnight Fund Direct Plan - Monthly Payout of Income Distribution cum Capital Withdrawal (IDCW);INF903JA1HH3;;1028.0974;;;18-Feb-2026
146957;Sundaram Overnight Fund Direct Plan - Monthly Reinvestment of Income Distribution cum Capital Withdrawal (IDCW);INF903JA1HM3;;1028.0974;;;18-Feb-2026
146959;Sundaram Overnight Fund Regular Plan - Growth;INF903JA1GZ7;;1412.8520;;;18-Feb-2026
146960;Sundaram Overnight Fund Regular Plan - Monthly Payout of Income Distribution cum Capital Withdrawal (IDCW);INF903JA1HA8;;1023.3677;;;18-Feb-2026
146961;Sundaram Overnight Fund Regular Plan - Monthly Reinvestment of Income Distribution cum Capital Withdrawal (IDCW);INF903JA1HF7;;1023.3677;;;18-Feb-2026

Trust Mutual Fund
149796;TRUST MF OVERNIGHT FUND-DIRECT PLAN-DAILY IDCW REINVESTMENT;;INF0GCD01461;1239.9961;;;18-Feb-2026
149797;TRUST MF OVERNIGHT FUND-DIRECT PLAN-GROWTH;INF0GCD01453;;1266.7485;;;18-Feb-2026
149798;TRUST MF OVERNIGHT FUND-REGULAR PLAN-DAILY IDCW REINVESTMENT;;INF0GCD01446;1238.9244;;;18-Feb-2026
149795;TRUST MF OVERNIGHT FUND-REGULAR-GROWTH;INF0GCD01438;;1264.1802;;;18-Feb-2026

UTI Mutual Fund
100814;UTI - Overnight  Fund - Regular Plan - Growth Option;INF789F01604;;3625.1352;;;18-Feb-2026
120785;UTI - Overnight Fund - Direct Plan - Growth Option;INF789FB1S71;;3665.6211;;;18-Feb-2026
124266;UTI Overnight Fund - Direct Plan - Daily IDCW;;INF789FB1S89;1371.6621;;;18-Feb-2026
120786;UTI Overnight Fund - Direct Plan - Periodic IDCW;INF789FB1T05;INF789FB1S97;1923.7689;;;18-Feb-2026
124265;UTI Overnight Fund - Regular Plan - Daily IDCW;;INF789FB1T13;1370.8617;;;18-Feb-2026
100813;UTI Overnight Fund - Regular Plan - Periodic IDCW;INF789F01588;INF789F01596;1867.5435;;;18-Feb-2026

Zerodha Mutual Fund
153436;Zerodha Overnight Fund - Direct Plan - Growth Option;INF0R8F01075;;10.4827;;;18-Feb-2026

Open Ended Schemes ( Debt Scheme - Liquid Fund )


360 ONE Mutual Fund
125349;360 ONE LIQUID FUND DIRECT PLAN  DAILY DIVIDEND REINVESTMENT;;INF579M01688;1000.4073;;;18-Feb-2026
125345;360 ONE LIQUID FUND DIRECT PLAN  GROWTH;INF579M01621;;2097.3173;;;18-Feb-2026
125343;360 ONE LIQUID FUND DIRECT PLAN  WEEKLY DIVIDEND;INF579M01639;INF579M01696;1005.1671;;;18-Feb-2026
125342;360 ONE LIQUID FUND REGULAR PLAN  DAILY DIVIDEND REINVESTMENT;;INF579M01563;1000.4073;;;18-Feb-2026
125259;360 ONE LIQUID FUND REGULAR PLAN  GROWTH;INF579M01506;;2083.0776;;;18-Feb-2026
125337;360 ONE LIQUID FUND REGULAR PLAN  WEEKLY DIVIDEND;INF579M01514;INF579M01571;1005.1333;;;18-Feb-2026

Abakkus Mutual Fund
154049;Abakkus Liquid Fund - Direct Plan - Daily IDCW Reinvestment;;INF2JJD01011;100.0183;;;18-Feb-2026
154051;Abakkus Liquid Fund - Direct Plan - Growth;INF2JJD01029;;100.9975;;;18-Feb-2026
154055;Abakkus Liquid Fund - Direct Plan - Monthly IDCW Reinvestment;;INF2JJD01037;100.0546;;;18-Feb-2026
154052;Abakkus Liquid Fund - Direct Plan - Quarterly IDCW Reinvestment;;INF2JJD01052;100.9966;;;18-Feb-2026
154050;Abakkus Liquid Fund - Direct Plan - Weekly IDCW Reinvestment;;INF2JJD01045;100.0410;;;18-Feb-2026
154053;Abakkus Liquid Fund - Regular Plan - Daily IDCW Reinvestment;;INF2JJD01060;100.0200;;;18-Feb-2026
154047;Abakkus Liquid Fund - Regular Plan - Growth;INF2JJD01078;;100.9821;;;18-Feb-2026
154048;Abakkus Liquid Fund - Regular Plan - Monthly IDCW Reinvestment;;INF2JJD01086;100.0543;;;18-Feb-2026
154054;Abakkus Liquid Fund - Regular Plan - Quarterly IDCW Reinvestment;;INF2JJD01102;100.9822;;;18-Feb-2026
154056;Abakkus Liquid Fund - Regular Plan - Weekly IDCW Reinvestment;;INF2JJD01094;100.0349;;;18-Feb-2026

Axis Mutual Fund
120388;Axis Liquid Fund - Direct Plan - Daily IDCW;;INF846K01DA0;1000.9560;;;18-Feb-2026
120389;Axis Liquid Fund - Direct Plan - Growth Option;INF846K01CX4;;3043.9554;;;18-Feb-2026
120391;Axis Liquid Fund - Direct Plan - Monthly IDCW;INF846K01CY2;INF846K01CZ9;1004.8135;;;18-Feb-2026
120390;Axis Liquid Fund - Direct Plan - Weekly IDCW;INF846K01DB8;INF846K01DC6;1002.3858;;;18-Feb-2026
112211;Axis Liquid Fund - Regular Plan - Daily IDCW;;INF846K01420;1001.3998;;;18-Feb-2026
112210;Axis Liquid Fund - Regular Plan - Growth Option;INF846K01412;;3016.2621;;;18-Feb-2026
112213;Axis Liquid Fund - Regular Plan - Monthly IDCW;INF846K01453;INF846K01461;1005.3454;;;18-Feb-2026
112212;Axis Liquid Fund - Regular Plan - Weekly IDCW;INF846K01438;INF846K01446;1002.3800;;;18-Feb-2026
112712;Axis Liquid Fund - Retail Plan - Daily IDCW;;INF846K01362;1000.9559;;;18-Feb-2026
112713;Axis Liquid Fund - Retail Plan - Growth Option;INF846K01354;;2753.3445;;;18-Feb-2026
112714;Axis Liquid Fund - Retail Plan - Monthly IDCW;INF846K01396;INF846K01404;1004.4487;;;18-Feb-2026
112715;Axis Liquid Fund - Retail Plan - Weekly IDCW;INF846K01370;INF846K01388;1000.9804;;;18-Feb-2026

Bank of India Mutual Fund
119368;BANK OF INDIA Liquid Fund- Direct Plan- Daily IDCW;;INF761K01CL0;1005.0000;;;18-Feb-2026
119369;BANK OF INDIA Liquid Fund- Direct Plan- Growth;INF761K01785;;3152.2124;;;18-Feb-2026
119370;BANK OF INDIA Liquid Fund- Direct Plan- Weekly IDCW;;INF761K01CM8;1005.2654;;;18-Feb-2026
111971;BANK OF INDIA Liquid Fund- Regular Plan- Daily IDCW;;INF761K01CO4;1005.0000;;;18-Feb-2026
109254;BANK OF INDIA Liquid Fund- Regular Plan- Growth;INF761K01306;;3120.4444;;;18-Feb-2026
109255;BANK OF INDIA Liquid Fund- Regular Plan- Weekly IDCW;;INF761K01CP1;1005.2635;;;18-Feb-2026

Baroda BNP Paribas Mutual Fund
119414;Baroda BNP Paribas LIQUID FUND - DIRECT PLAN - DAILY IDCW OPTION;INF955L01AK2;;1002.0849;;;18-Feb-2026
119415;Baroda BNP Paribas LIQUID FUND - DIRECT PLAN - GROWTH OPTION;INF955L01AL0;;3154.8186;;;18-Feb-2026
119416;Baroda BNP Paribas LIQUID FUND - DIRECT PLAN - WEEKLY IDCW OPTION;INF251K01SL8;;1219.9434;;;18-Feb-2026
111707;Baroda BNP Paribas LIQUID FUND - Regular Plan - DAILY IDCW OPTION;INF955L01468;INF955L01476;1001.1996;;;18-Feb-2026
111704;Baroda BNP Paribas LIQUID FUND - Regular Plan - GROWTH OPTION;INF955L01484;;3112.9761;;;18-Feb-2026
111705;Baroda BNP Paribas LIQUID FUND - Regular Plan - WEEKLY IDCW OPTION;INF251K01SK0;INF955L01500;1000.4717;;;18-Feb-2026
101408;Baroda BNP Paribas LIQUID FUND- Defunct Plan -Growth Option;INF955L01575;;4583.0264;;;18-Feb-2026
101407;Baroda BNP Paribas LIQUID FUND-Defunct Plan- IDCW Option;INF955L01559;INF955L01567;3781.4272;;;18-Feb-2026

Capitalmind Mutual Fund
154011;Capitalmind Liquid Fund - Direct-Growth;INF226401034;;1015.0007;;;18-Feb-2026
154010;Capitalmind Liquid Fund - Regular-Growth;INF226401042;;1014.5388;;;18-Feb-2026

Edelweiss Mutual Fund
140194;Edelweiss Liquid Fund - Direct Plan - Bonus Option;INF754K01GY9;;2057.921;;;18-Feb-2026
140196;Edelweiss Liquid Fund - Direct Plan - Growth Option;INF754K01GM4;;3537.2747;;;18-Feb-2026
140198;Edelweiss Liquid Fund - Direct Plan - IDCW Option;INF754K01GO0;INF754K01GN2;3537.2883;;;18-Feb-2026
140192;Edelweiss Liquid Fund - Direct Plan Annual - IDCW Option;INF754K01GX1;INF754K01GT9;3537.25;;;18-Feb-2026
140193;Edelweiss Liquid Fund - Direct Plan daily - IDCW Option;;INF754K01GP7;1181.2004;;;18-Feb-2026
140199;Edelweiss Liquid Fund - Direct Plan Fortnightly - IDCW Option;INF754K01GV5;INF754K01GR3;2474.5506;;;18-Feb-2026
140197;Edelweiss Liquid Fund - Direct Plan Monthly - IDCW Option;INF754K01GW3;INF754K01GS1;1008.7724;;;18-Feb-2026
140195;Edelweiss Liquid Fund - Direct Plan weekly - IDCW Option;INF754K01GU7;INF754K01GQ5;2173.3488;;;18-Feb-2026
140189;Edelweiss Liquid Fund - Regular Plan - Bonus Option;INF754K01HR1;;2018.01;;;18-Feb-2026
140182;Edelweiss Liquid Fund - Regular Plan - Growth Option;INF754K01GZ6;;3464.2055;;;18-Feb-2026
140190;Edelweiss Liquid Fund - Regular Plan - IDCW Option;INF754K01GK8;INF754K01GL6;3464.2083;;;18-Feb-2026
140188;Edelweiss Liquid Fund - Regular Plan Annual - IDCW Option;INF754K01HQ3;INF754K01HP5;2396.9316;;;18-Feb-2026
140181;Edelweiss Liquid Fund - Regular Plan Daily - IDCW Option;;INF754K01HA7;1282.6954;;;18-Feb-2026
140184;Edelweiss Liquid Fund - Regular Plan Fortnightly - IDCW Option;INF754K01HK6;INF754K01HC3;2154.0301;;;18-Feb-2026
140183;Edelweiss Liquid Fund - Regular Plan Monthly - IDCW Option;INF754K01HL4;INF754K01HD1;1087.2134;;;18-Feb-2026
140185;Edelweiss Liquid Fund - Regular Plan Weekly - IDCW Option;INF754K01HJ8;INF754K01HB5;1215.3665;;;18-Feb-2026
140176;Edelweiss Liquid Fund - Retail Plan - Growth Option;INF754K01HE9;;3150.4117;;;18-Feb-2026
140178;Edelweiss Liquid Fund - Retail Plan - Weekly Dividend Option;;INF754K01HG4;1231.1289;;;18-Feb-2026
140177;Edelweiss Liquid Fund - Retail Plan Daily - IDCW Option;;INF754K01HF6;1128.8864;;;18-Feb-2026
140180;Edelweiss Liquid Fund - Retail Plan Monthly - IDCW Option;;INF754K01HI0;1249.086;;;18-Feb-2026

Groww Mutual Fund
119135;Groww Liquid Fund ( formerly known as Indiabulls Liquid )Fund - Direct Plan - Growth Option;INF666M01451;;2653.053;;;18-Feb-2026
119136;Groww Liquid Fund (formerly known as Indiabulls Liquid Fund) - Direct Plan- - Income Distribution cum capital withdrawal Option ( Reinvestment);;INF666M01469;1002.0907;;;18-Feb-2026
115991;Groww Liquid Fund (formerly known as Indiabulls Liquid Fund) - Regular Plan - Growth Option;INF666M01014;;2619.3225;;;18-Feb-2026
119138;Groww Liquid Fund (formerly known as Indiabulls Liquid Fund)- Direct Plan- Fortnightly - Income Distribution cum capital withdrawal Option (Payout & Reinvestment);INF666M01501;INF666M01485;1003.2059;;;18-Feb-2026
119139;Groww Liquid Fund (formerly known as Indiabulls Liquid Fund)- Direct Plan- Monthly - Income Distribution cum capital withdrawal Option (Payout & Reinvestment);INF666M01519;INF666M01493;1032.5513;;;18-Feb-2026
119137;Groww Liquid Fund (formerly known as Indiabulls Liquid Fund)- Direct Plan- Weekly - Income Distribution cum capital withdrawal Option (Payout & Reinvestment);INF666M01527;INF666M01477;1002.1079;;;18-Feb-2026
115992;Groww Liquid Fund (formerly known as Indiabulls Liquid Fund)- Regular Plan- - Income Distribution cum capital withdrawal Option (Reinvestment);;INF666M01022;1002.0894;;;18-Feb-2026
115995;Groww Liquid Fund (formerly known as Indiabulls Liquid Fund)- Regular Plan- Monthly - Income Distribution cum capital withdrawal Option (Payout & Reinvestment);INF666M01071;INF666M01055;1004.7711;;;18-Feb-2026
115993;Groww Liquid Fund (formerly known as Indiabulls Liquid Fund)- Regular Plan- Weekly - Income Distribution cum capital withdrawal Option (Payout & Reinvestment);INF666M01089;INF666M01030;1002.1015;;;18-Feb-2026
115994;Groww Liquid Fund (formerly known as Indiabulls Liquid) Fund- Regular Plan- Fortnightly - Income Distribution cum capital withdrawal Option (Payout & Reinvestment);INF666M01063;INF666M01048;1003.1772;;;18-Feb-2026

HDFC Mutual Fund
119091;HDFC Liquid Fund - Growth Option - Direct Plan;INF179KB1HP9;;5374.2478;;;18-Feb-2026
100868;HDFC Liquid Fund - Growth Plan;INF179KB1HK0;;5313.7169;;;18-Feb-2026
100875;HDFC Liquid Fund - IDCW Daily;;INF179KB1IC5;1019.82;;;18-Feb-2026
119089;HDFC Liquid Fund - IDCW Daily - Direct Plan;;INF179KB1HV7;1019.82;;;18-Feb-2026
100876;HDFC Liquid Fund - IDCW Monthly;INF179KB1HM6;INF179KB1HL8;1030.4516;;;18-Feb-2026
119090;HDFC Liquid Fund - IDCW Monthly - Direct Plan;INF179KB1HO2;INF179KB1HQ7;1030.504;;;18-Feb-2026
100874;HDFC Liquid Fund - IDCW Plan Weekly;INF179KB1ID3;;1031.3334;;;18-Feb-2026
119088;HDFC Liquid Fund - IDCW Weekly - Direct Plan;;;1031.3398;;;18-Feb-2026

HSBC Mutual Fund
120038;HSBC Liquid Fund -  Growth Direct;INF336L01CC8;;2726.753;;;18-Feb-2026
120037;HSBC Liquid Fund - Direct Daily IDCW;;INF336L01CB0;1001.576;;;18-Feb-2026
120039;HSBC Liquid Fund - Direct Monthly IDCW;INF336L01BZ1;INF336L01CA2;1042.0567;;;18-Feb-2026
120040;HSBC Liquid Fund - Direct Weekly IDCW;INF336L01LK2;INF336L01CD6;1195.2885;;;18-Feb-2026
118907;HSBC Liquid Fund - Growth;INF336L01BL1;;3895.4814;;;18-Feb-2026
118906;HSBC Liquid Fund - IDCW;;INF336L01BK3;1019.3;;;18-Feb-2026
118909;HSBC Liquid Fund - Institutional Daily IDCW;;INF336L01BS6;1562.8262;;;18-Feb-2026
118901;HSBC Liquid Fund - Regular Daily IDCW;;INF336L01BM9;1001.3789;;;18-Feb-2026
118902;HSBC Liquid Fund - Regular Growth;INF336L01BN7;;2699.9378;;;18-Feb-2026
118903;HSBC Liquid Fund - Regular Monthly IDCW;INF336L01BP2;INF336L01BO5;1006.2835;;;18-Feb-2026
118904;HSBC Liquid Fund - Regular Weekly IDCW;INF336L01LJ4;INF336L01BQ0;1107.5868;;;18-Feb-2026
118908;HSBC Liquid Fund - Weekly IDCW;;INF336L01BR8;1001.4142;;;18-Feb-2026

ICICI Prudential Mutual Fund
103343;ICICI Prudential Liquid Fund - Daily IDCW;INF109K01VP3;;100.1482;;;18-Feb-2026
120191;ICICI Prudential Liquid Fund - Direct Plan -  IDCW Others;INF109K01Q31;INF109K01Q23;187.8399;;;18-Feb-2026
120188;ICICI Prudential Liquid Fund - Direct Plan - Daily IDCW;;INF109K01Q15;100.1082;;;18-Feb-2026
120197;ICICI Prudential Liquid Fund - Direct Plan - Growth;INF109K01Q49;;405.0035;;;18-Feb-2026
120190;ICICI Prudential Liquid Fund - Direct Plan - Weekly IDCW;INF109K01Q98;;100.2099;;;18-Feb-2026
103340;ICICI Prudential Liquid Fund - Growth;INF109K01VQ1;;400.8565;;;18-Feb-2026
115505;ICICI Prudential Liquid Fund - IDCW Others;INF109K01VU3;INF109K01VT5;186.2972;;;18-Feb-2026
103342;ICICI Prudential Liquid Fund - Weekly IDCW;INF109K01VS7;;100.1842;;;18-Feb-2026

Invesco Mutual Fund
104484;Invesco India Liquid Fund - Daily IDCW (Reinvestment);;INF205K01HN3;1002.7594;;;18-Feb-2026
120537;Invesco India Liquid Fund - Direct Plan - Growth;INF205K01MF9;;3755.791;;;18-Feb-2026
120536;Invesco India Liquid Fund - Direct Plan - Monthly IDCW (Payout / Reinvestment);INF205K01MG7;INF205K01MH5;1086.0754;;;18-Feb-2026
120535;Invesco India Liquid Fund - Direct Plan - Weekly IDCW (Reinvestment);INF205KA1BE5;INF205K01MI3;1072.6848;;;18-Feb-2026
120534;Invesco India Liquid Fund - Direct Plan- Daily IDCW (Reinvestment);;INF205K01ME2;1005.8604;;;18-Feb-2026
104486;Invesco India Liquid Fund - Growth;INF205K01HM5;;3722.4665;;;18-Feb-2026
104492;Invesco India Liquid Fund - Monthly IDCW (Payout / Reinvestment);INF205K01HQ6;INF205K01HP8;1006.5859;;;18-Feb-2026
104488;Invesco India Liquid Fund - Regular - Growth;INF205K01HG7;;3285.2127;;;18-Feb-2026
104489;Invesco India Liquid Fund - Regular - Weekly IDCW (Reinvestment);;INF205K01HH5;1003.8152;;;18-Feb-2026
139390;Invesco India Liquid Fund - Unclaimed Dividend Plan - Above 3 Years;;;1000;;;18-Feb-2026
139389;Invesco India Liquid Fund - Unclaimed Dividend Plan - Below 3 Years;;;1780.1668;;;18-Feb-2026
139388;Invesco India Liquid Fund - Unclaimed Redemption Plan - Above 3 Years;;;1000;;;18-Feb-2026
139387;Invesco India Liquid Fund - Unclaimed Redemption Plan - Below 3 years;;;1779.7676;;;18-Feb-2026
104485;Invesco India Liquid Fund - Weekly IDCW (Reinvestment);INF205KA1BD7;INF205K01HO1;1018.8702;;;18-Feb-2026

Jio BlackRock Mutual Fund
153651;JioBlackRock Liquid Fund - Direct Plan - Growth Option;INF22M001010;;1037.4903;;;18-Feb-2026

JM Financial Mutual Fund
120411;JM Liquid Fund (Direct) - Daily IDCW;;INF192K01CH6;10.4302;;;18-Feb-2026
120406;JM Liquid Fund (Direct) - Growth Option;INF192K01CM6;;74.6978;;;18-Feb-2026
120408;JM Liquid Fund (Direct) - Quarterly IDCW;INF192K01CK0;INF192K01CL8;42.409;;;18-Feb-2026
120407;JM Liquid Fund (Direct) - Weekly IDCW;INF192K01CI4;INF192K01CJ2;11.0074;;;18-Feb-2026
100244;JM Liquid Fund (Regular) - Quarterly IDCW;INF192K01866;INF192K01874;41.8054;;;18-Feb-2026
100247;JM Liquid Fund (Regular) - Super Institutional Plan - Growth Option;INF192K01981;;42.465;;;18-Feb-2026
100233;JM Liquid Fund (Regular) - Weekly IDCW;INF192K01841;INF192K01858;11.0049;;;18-Feb-2026
100234;JM Liquid Fund - Growth Option;INF192K01882;;73.8599;;;18-Feb-2026
148414;JM Liquid Fund - Unclaimed Application Refund Amount I.E.F. (Direct) - Growth Plan;;;41.4437;;;18-Feb-2026
148413;JM Liquid Fund - Unclaimed Brokerage I.E.F. (Direct) - Growth Plan;;;41.4437;;;18-Feb-2026
101549;JM Liquid Fund (Regular) - Bonus Option - Principal Units;INF192K01890;;23.6502;;;18-Feb-2026
101078;JM Liquid Fund (Regular) - Daily IDCW;;INF192K01833;10.4302;;;18-Feb-2026

Kotak Mahindra Mutual Fund
119764;Kotak Liquid Fund - Direct Plan - Daily Reinvestment of Income Distribution cum capital withdrawal option;;INF174K01NH1;1222.81;;;18-Feb-2026
119766;Kotak Liquid Fund - Direct Plan - Growth;INF174K01NE8;;5528.2837;;;18-Feb-2026
100833;Kotak Liquid Fund - Regular  - Daily Reinvestment of Income Distribution cum capital withdrawal option;;INF174K01NL3;1239.0286;;;18-Feb-2026
100835;Kotak Liquid Fund - Regular Plan - Growth;INF174K01NI9;;5472.5236;;;18-Feb-2026
153586;Kotak Liquid Fund - Regular Plan - Weekly - Reinvestment & Payout of Income Distribution cum capital withdrawal option;INF174KA1WK5;INF174KA1WM1;1016.6565;;;18-Feb-2026

LIC Mutual Fund
120248;LIC MF Liquid Fund-Direct Plan-Daily IDCW;INF767K01DL5;INF767K01DM3;1034.6038;;;18-Feb-2026
120249;LIC MF Liquid Fund-Direct Plan-Growth;INF767K01DN1;;4967.8882;;;18-Feb-2026
151930;LIC MF Liquid Fund-Direct Plan-Monthly IDCW;INF397L01AK7;INF397L01AJ9;1205.934;;;18-Feb-2026
151932;LIC MF Liquid Fund-Direct Plan-Weekly IDCW;INF397L01AM3;INF397L01AL5;1077.164;;;18-Feb-2026
101184;LIC MF Liquid Fund-Regular Plan-Daily IDCW;INF767K01IQ3;INF767K01IR1;1000.1751;;;18-Feb-2026
101185;LIC MF Liquid Fund-Regular Plan-Growth;INF767K01IS9;;4894.4546;;;18-Feb-2026
151928;LIC MF Liquid Fund-Regular Plan-Monthly IDCW;INF397L01976;INF397L01968;1185.7381;;;18-Feb-2026
151927;LIC MF Liquid Fund-Regular Plan-Weekly IDCW;INF397L01950;INF397L01943;1001.6335;;;18-Feb-2026

Mahindra Manulife Mutual Fund
139535;Mahindra Manulife Liquid Fund - Direct Plan - Daily IDCW;;INF174V01051;1251.5919;;;18-Feb-2026
139536;Mahindra Manulife Liquid Fund - Direct Plan - Weekly IDCW;;INF174V01069;1003.9398;;;18-Feb-2026
139538;Mahindra Manulife Liquid Fund - Direct Plan -Growth;INF174V01044;;1782.7175;;;18-Feb-2026
139534;Mahindra Manulife Liquid Fund - Regular Plan - Daily IDCW;;INF174V01028;1001.0530;;;18-Feb-2026
139537;Mahindra Manulife Liquid Fund - Regular Plan - Growth;INF174V01010;;1762.5483;;;18-Feb-2026
139541;Mahindra Manulife Liquid Fund - Regular Plan - Weekly IDCW;;INF174V01036;1010.3455;;;18-Feb-2026

Mirae Asset Mutual Fund
118859;Mirae Asset Liquid Fund - Direct Plan - Growth;INF769K01CM1;;2890.4829;;;18-Feb-2026
118862;Mirae Asset Liquid Fund - Direct Plan - Weekly IDCW;INF769K01PD2;INF769K01CP4;1216.2089;;;18-Feb-2026
118861;Mirae Asset Liquid Fund - Direct Plan -Daily IDCW;;INF769K01CO7;1075.8332;;;18-Feb-2026
118860;Mirae Asset Liquid Fund - Direct Plan -Monthly IDCW;INF769K01CN9;INF769K01CQ2;1139.2316;;;18-Feb-2026
111647;Mirae Asset Liquid Fund - Regular - Daily IDCW;;INF769K01804;1066.4347;;;18-Feb-2026
111646;Mirae Asset Liquid Fund - Regular Plan - Growth;INF769K01788;;2839.4692;;;18-Feb-2026
111645;Mirae Asset Liquid Fund - Regular Plan - Monthly IDCW;INF769K01838;INF769K01820;1156.8892;;;18-Feb-2026
111644;Mirae Asset Liquid Fund - Regular Plan - Weekly IDCW;INF769K01PC4;INF769K01812;1152.5501;;;18-Feb-2026

Navi Mutual Fund
119163;Navi Liquid Fund - Direct Plan Daily IDCW - ReInvestment;;INF959L01GK1;10.0129;;;18-Feb-2026
119161;Navi Liquid Fund - Direct Plan Monthly IDCW - Payout;INF959L01GG9;INF959L01GH7;10.041;;;18-Feb-2026
119162;Navi Liquid Fund - Direct Plan Weekly IDCW - Payout;INF959L01GI5;INF959L01GJ3;10.0069;;;18-Feb-2026
112645;Navi Liquid Fund - Regular Plan Daily IDCW;;INF959L01GM7;10.0129;;;18-Feb-2026
112647;Navi Liquid Fund - Regular Plan Monthly IDCW;INF959L01GN5;INF959L01GO3;10.0407;;;18-Feb-2026
112646;Navi Liquid Fund - Regular Plan Weekly IDCW;INF959L01GP0;INF959L01GQ8;10.0073;;;18-Feb-2026
119164;Navi Liquid Fund-Direct Plan-Growth Option;INF959L01GF1;;29.6557;;;18-Feb-2026
112636;Navi Liquid Fund-Regular Plan-Growth Option;INF959L01GL9;;29.3846;;;18-Feb-2026
140437;Navi Liquid Fund-Unclaimed Redemption and Dividend Plan greater than 3 years;INF959L01CO2;;10;;;18-Feb-2026
139386;Navi Liquid Fund-Unclaimed Redemption and Dividend Plan less than 3 years;INF959L01CN4;;29.5566;;;18-Feb-2026

PGIM India Mutual Fund
138285;PGIM India Liquid Fund - Daily Dividend;;INF223J01BO9;100.304;;;18-Feb-2026
138297;PGIM India Liquid Fund - Direct Plan - Daily Dividend;INF223J01NR7;;127.2457;;;18-Feb-2026
138299;PGIM India Liquid Fund - Direct Plan - Growth;INF223J01NS5;;357.0349;;;18-Feb-2026
138298;PGIM India Liquid Fund - Direct Plan - Monthly Dividend;INF223J01NT3;INF223J01NU1;116.8888;;;18-Feb-2026
138301;PGIM India Liquid Fund - Direct Plan - Weekly Dividend;INF223J01NV9;INF223J01NW7;100.5828;;;18-Feb-2026
138288;PGIM India Liquid Fund - Growth;INF223J01BP6;;352.5749;;;18-Feb-2026
138287;PGIM India Liquid Fund - Monthly Dividend;INF223J01BL5;;117.3328;;;18-Feb-2026
138289;PGIM India Liquid Fund - Weekly Dividend;INF223J01BU6;;100.5814;;;18-Feb-2026

PPFAS Mutual Fund
143263;Parag Parikh Liquid Fund- Direct Plan- Daily Reinvestment of IDCW;;INF879O01118;1000.5405;;;18-Feb-2026
143269;Parag Parikh Liquid Fund- Direct Plan- Growth;INF879O01068;;1513.4732;;;18-Feb-2026
143262;Parag Parikh Liquid Fund- Direct Plan- Monthly IDCW;INF879O01076;INF879O01084;1007.2309;;;18-Feb-2026
143265;Parag Parikh Liquid Fund- Direct Plan- Weekly Reinvestment of IDCW;;INF879O01134;1001.3049;;;18-Feb-2026
143264;Parag Parikh Liquid Fund- Regular Plan- Daily Reinvestment of IDCW;;INF879O01126;1000.5404;;;18-Feb-2026
143260;Parag Parikh Liquid Fund- Regular Plan- Growth;INF879O01035;;1501.6298;;;18-Feb-2026
143261;Parag Parikh Liquid Fund- Regular Plan- Monthly IDCW;INF879O01043;INF879O01050;1007.1701;;;18-Feb-2026
143266;Parag Parikh Liquid Fund- Regular Plan- Weekly Reinvestment of IDCW;;INF879O01142;1001.2992;;;18-Feb-2026

quant Mutual Fund
120837;quant Liquid Fund - Growth Option - Direct Plan;INF966L01820;;43.9684;;;18-Feb-2026
103225;quant Liquid Fund - Growth Option - Regular Plan;INF966L01317;;42.7677;;;18-Feb-2026
120838;quant Liquid Fund - Monthly IDCW Option - Direct Plan;INF966L01796;INF966L01812;15.7799;;;18-Feb-2026
103228;quant Liquid Fund - Monthly IDCW Option - Regular Plan;INF966L01291;INF966L01309;15.2088;;;18-Feb-2026
120839;quant Liquid Fund - Weekly IDCW Option - Direct Plan;INF966L01788;INF966L01804;14.6536;;;18-Feb-2026
103227;quant Liquid Fund - Weekly IDCW Option - Regular Plan;INF966L01499;INF966L01283;14.4885;;;18-Feb-2026
120836;quant Liquid Fund-Daily IDCW Option - Direct Plan;;INF966L01770;13.2137;;;18-Feb-2026
103226;quant Liquid Fund-Daily IDCW Option - Regular Plan;;INF966L01275;12.7055;;;18-Feb-2026

Quantum Mutual Fund
103736;Quantum Liquid Fund - Direct Plan Daily IDCW;;INF082J01135;10.0105;;;18-Feb-2026
103734;Quantum Liquid Fund - Direct Plan Growth Option;INF082J01127;;36.4954;;;18-Feb-2026
103735;Quantum Liquid Fund - Direct Plan Monthly IDCW;INF082J01143;INF082J01200;10.0487;;;18-Feb-2026
141065;Quantum Liquid Fund - Regular Plan Daily IDCW;;INF082J01317;10.0002;;;18-Feb-2026
141066;Quantum Liquid Fund - Regular Plan Growth Option;INF082J01309;;36.2151;;;18-Feb-2026
141067;Quantum Liquid Fund - Regular Plan Monthly IDCW;INF082J01325;INF082J01333;10.0456;;;18-Feb-2026
152299;Quantum Liquid Fund - Unclaimed IDCW Plan Above 3 years;;;10.0000;;;18-Feb-2026
152298;Quantum Liquid Fund - Unclaimed IDCW Plan Below 3 years;;;11.4744;;;18-Feb-2026
152301;Quantum Liquid Fund - Unclaimed Redemption Plan Above 3 years;;;10.0000;;;18-Feb-2026
152300;Quantum Liquid Fund - Unclaimed Redemption Plan Below 3 years;;;11.0368;;;18-Feb-2026

SBI Mutual Fund
119804;SBI Liquid Fund - Direct Paln - Fortnightly Income Distribution cum Capital Withdrawal Option (IDCW);INF200K01UR8;INF200K01US6;1396.8757;;;18-Feb-2026
119805;SBI Liquid Fund - Direct Plan - Daily Income Distribution cum Capital Withdrawal Option (IDCW);;INF200K01UQ0;1144.0484;;;18-Feb-2026
119799;SBI Liquid Fund - Direct Plan - Weekly Income Distribution cum Capital Withdrawal Option (IDCW);INF200K01UU2;INF200K01UV0;1386.5381;;;18-Feb-2026
119800;SBI Liquid Fund - DIRECT PLAN -Growth;INF200K01UT4;;4277.6754;;;18-Feb-2026
105274;SBI Liquid Fund - Institutional - Growth;INF200K01LU1;;4271.5957;;;18-Feb-2026
105275;SBI Liquid Fund - Institutional Daily Income Distribution cum Capital Withdrawal Option (IDCW);;INF200K01LR7;1372.3013;;;18-Feb-2026
105281;SBI Liquid Fund - Regular Plan - Daily Income Distribution cum Capital Withdrawal Option (IDCW);;INF200K01LX5;1140.7391;;;18-Feb-2026
105283;SBI Liquid Fund - Regular Plan - Fortnightly Income Distribution cum Capital Withdrawal Option (IDCW);INF200K01LY3;INF200K01LZ0;1388.7183;;;18-Feb-2026
105282;SBI Liquid Fund - Regular Plan - Weekly Income Distribution cum Capital Withdrawal Option (IDCW);INF200K01MB9;INF200K01MC7;1379.6245;;;18-Feb-2026
105280;SBI Liquid Fund - REGULAR PLAN -Growth;INF200K01MA1;;4231.5594;;;18-Feb-2026

Shriram Mutual Fund
153035;Shriram Liquid Fund - Direct Plan Growth Option;INF680P01430;;1081.2062;;;18-Feb-2026
153036;Shriram Liquid Fund - Regular Plan Growth Option;INF680P01448;;1079.2744;;;18-Feb-2026
153282;Shriram Unclaimed IDCW Liquid Fund;;;1053.9372;;;18-Feb-2026
153283;Shriram Unclaimed IDCW Stable Scheme Liquid Fund;;;1000;;;18-Feb-2026
153280;Shriram Unclaimed Redemption Liquid Fund;;;1066.7805;;;18-Feb-2026
153281;Shriram Unclaimed Redemption Stable Scheme Liquid Fund;;;1000;;;18-Feb-2026

Sundaram Mutual Fund
149664;Sundaram Liquid Fund (Formerly Known as Principal Cash Management Fund) - Direct Plan - Growth Option;INF173K01GU0;;2417.8909;;;18-Feb-2026
149660;Sundaram Liquid Fund (Formerly Known as Principal Cash Management Fund) - Regular Plan IDCW;INF173K01DD3;INF173K01DE1;1035.3666;;;18-Feb-2026
149662;Sundaram Liquid Fund (Formerly Known as Principal Cash Management Fund) -Direct Plan - IDCW;INF173K01GV8;INF173K01GW6;1037.4621;;;18-Feb-2026
149661;Sundaram Liquid Fund (Formerly Known as Principal Cash Management Fund) -Growth Option;INF173K01DA9;;2386.9834;;;18-Feb-2026

The Wealth Company Mutual Fund
153887;THE WEALTH COMPANY LIQUID FUND DIRECT DAILY ICDW;;INF2F0001073;1002.0495;;;18-Feb-2026
153883;THE WEALTH COMPANY LIQUID FUND DIRECT GROWTH;INF2F0001081;;1021.5378;;;18-Feb-2026
153884;THE WEALTH COMPANY LIQUID FUND DIRECT MONTHLY IDCW;INF2F0001107;INF2F0001099;1006.2462;;;18-Feb-2026
153889;THE WEALTH COMPANY LIQUID FUND DIRECT WEEKLY;INF2F0001123;INF2F0001115;1002.311;;;18-Feb-2026
153886;THE WEALTH COMPANY LIQUID FUND REGULAR DAILY IDCW;;INF2F0001131;1002;;;18-Feb-2026
153888;THE WEALTH COMPANY LIQUID FUND REGULAR GROWTH;INF2F0001149;;1021.0014;;;18-Feb-2026
153890;THE WEALTH COMPANY LIQUID FUND REGULAR MONTHLY IDCW;INF2F0001164;INF2F0001156;1006.1028;;;18-Feb-2026
153885;THE WEALTH COMPANY LIQUID FUND REGULAR WEEKLY IDCW;INF2F0001180;INF2F0001172;1002.3179;;;18-Feb-2026

Trust Mutual Fund
148842;TRUSTMF Liquid Fund-Direct Plan-Daily Income Distribution cum Capital Withdrawal;;INF0GCD01263;1262.2356;;;18-Feb-2026
148841;TRUSTMF Liquid Fund-Direct Plan-Growth;INF0GCD01255;;1325.109;;;18-Feb-2026
148839;TRUSTMF Liquid Fund-Direct Plan-Monthly Income Distribution cum Capital Withdrawal;INF0GCD01305;INF0GCD01297;1193.9152;;;18-Feb-2026
148837;TRUSTMF Liquid Fund-Direct Plan-Weekly Income Distribution cum Capital Withdrawal;INF0GCD01271;INF0GCD01289;1220.5648;;;18-Feb-2026
148834;TRUSTMF Liquid Fund-Regular Plan-Daily Income Distribution cum Capital Withdrawal;;INF0GCD01206;1194.5691;;;18-Feb-2026
148833;TRUSTMF Liquid Fund-Regular Plan-Growth;INF0GCD01198;;1315.4697;;;18-Feb-2026
148843;TRUSTMF Liquid Fund-Regular Plan-Monthly Income Distribution cum Capital Withdrawal;INF0GCD01248;INF0GCD01230;1185.3083;;;18-Feb-2026
148836;TRUSTMF Liquid Fund-Regular Plan-Weekly Income Distribution cum Capital Withdrawal;INF0GCD01214;INF0GCD01222;1170.035;;;18-Feb-2026

Unifi Mutual Fund
153570;Unifi Liquid Fund- Direct Growth;INF1MIY01056;;1041.0501;;;18-Feb-2026
153571;Unifi Liquid Fund- Regular Growth;INF1MIY01064;;1040.6169;;;18-Feb-2026

UTI Mutual Fund
134427;UTI Liquid Fund - Direct Plan - Annual IDCW;INF789FA1K63;INF789FA1K71;1973.0443;;;18-Feb-2026
120558;UTI Liquid Fund - Direct Plan - Daily IDCW (Reinvestment);;INF789F01XP8;1064.2979;;;18-Feb-2026
141768;UTI Liquid Fund - Direct Plan - Flexi IDCW;INF789FA1K89;INF789FA1K97;1625.0881;;;18-Feb-2026
140913;UTI Liquid Fund - Direct Plan - Fortnightly IDCW;INF789FA1K06;INF789FA1K14;1156.4191;;;18-Feb-2026
140504;UTI Liquid Fund - Direct Plan - Half-Yearly IDCW;INF789FA1K48;INF789FA1K55;1541.2051;;;18-Feb-2026
120794;UTI Liquid Fund - Direct Plan - Monthly IDCW;INF789F01XR4;INF789F01XS2;1045.8103;;;18-Feb-2026
140024;UTI Liquid Fund - Direct Plan - Quarterly IDCW;INF789FA1K22;INF789FA1K30;1863.4054;;;18-Feb-2026
120777;UTI Liquid Fund - Direct Plan - Weekly IDCW;;INF789F01XT0;1243.3592;;;18-Feb-2026
133973;UTI Liquid Fund - Regular Plan - Annual IDCW;INF789FA1J66;INF789FA1J74;1959.3564;;;18-Feb-2026
102010;UTI Liquid Fund - Regular Plan - Daily IDCW (Reinvestment);;INF789F01PG3;1169.6998;;;18-Feb-2026
140517;UTI Liquid Fund - Regular Plan - Flexi IDCW;INF789FA1J82;INF789FA1J90;1614.8585;;;18-Feb-2026
139838;UTI Liquid Fund - Regular Plan - Fortnightly IDCW;INF789FA1J09;INF789FA1J17;1155.576;;;18-Feb-2026
144475;UTI Liquid Fund - Regular Plan - Half-Yearly IDCW;INF789FA1J41;INF789FA1J58;1364.184;;;18-Feb-2026
102011;UTI Liquid Fund - Regular Plan - Monthly IDCW;INF789F01PI9;INF789F01PJ7;1114.5747;;;18-Feb-2026
135721;UTI Liquid Fund - Regular Plan - Quarterly IDCW;INF789FA1J25;INF789FA1J33;1850.0678;;;18-Feb-2026
102013;UTI Liquid Fund - Regular Plan - Weekly IDCW;;INF789F01PK5;1052.8873;;;18-Feb-2026
120304;UTI-  Liquid Cash Plan - Direct Plan - Growth Option;INF789F01XQ6;;4486.3611;;;18-Feb-2026
102012;UTI-  Liquid Cash Plan - Regular Plan - Growth Option;INF789F01PH1;;4443.582;;;18-Feb-2026
102008;UTI-  Liquid Cash Plan- Discontinued - Regular Plan - Monthly Dividend Option;INF789F01BC2;INF789F01BA6;1067.5273;;;18-Feb-2026
102009;UTI-  Liquid Cash Plan- Discontinued - Regular Plan -Growth;INF789F01BB4;;4032.2844;;;18-Feb-2026
102007;UTI-  Liquid Cash Plan- Discontinued -Regular Plan Periodic Dividend Option;;INF789F01AZ5;1135.0444;;;18-Feb-2026

WhiteOak Capital Mutual Fund
145969;WhiteOak Capital Liquid Fund- Direct plan-Daily Reinvestment of Income Distribution cum capital withdrawal option (IDCW);;INF03VN01019;1001.5967;;;18-Feb-2026
145966;WhiteOak Capital Liquid Fund- Direct plan-Fortnightly Payout/ Reinvestment of Income Distribution cum capital withdrawal option (IDCW);INF03VN01027;INF03VN01035;1002.9028;;;18-Feb-2026
145971;WhiteOak Capital Liquid Fund- Direct plan-Growth Option;INF03VN01043;;1465.2995;;;18-Feb-2026
145967;WhiteOak Capital Liquid Fund- Direct plan-Monthly  Payout/ Reinvestment of Income Distribution cum capital withdrawal option (IDCW);INF03VN01050;INF03VN01068;1001.8013;;;18-Feb-2026
145970;WhiteOak Capital Liquid Fund- Direct plan-Weekly Payout/ Reinvestment of Income Distribution cum capital withdrawal option (IDCW);INF03VN01076;INF03VN01084;1001.7420;;;18-Feb-2026
145963;WhiteOak Capital Liquid Fund- Regular plan-Daily Reinvestment of Income Distribution cum capital withdrawal option (IDCW);;INF03VN01092;1001.5950;;;18-Feb-2026
145965;WhiteOak Capital Liquid Fund- Regular plan-Fortnightly Payout/ Reinvestment of Income Distribution cum capital withdrawal option (IDCW);INF03VN01100;INF03VN01118;1004.1378;;;18-Feb-2026
145968;WhiteOak Capital Liquid Fund- Regular plan-Growth Option;INF03VN01126;;1455.6686;;;18-Feb-2026
145972;WhiteOak Capital Liquid Fund- Regular plan-Monthly Payout/ Reinvestment of Income Distribution cum capital withdrawal option (IDCW);INF03VN01134;INF03VN01142;1001.5407;;;18-Feb-2026
145964;WhiteOak Capital Liquid Fund- Regular plan-Weekly Payout/ Reinvestment of Income Distribution cum capital withdrawal option (IDCW);INF03VN01159;INF03VN01167;1001.7353;;;18-Feb-2026

Open Ended Schemes ( Debt Scheme - Ultra Short Duration Fund )


Axis Mutual Fund
144753;Axis Ultra Short Duration Fund - Direct Plan - Daily IDCW;;INF846K01F57;10.0338;;;18-Feb-2026
144755;Axis Ultra Short Duration Fund - Direct Plan - Monthly IDCW;INF846K01F99;INF846K01F81;10.0597;;;18-Feb-2026
144756;Axis Ultra Short Duration Fund - Direct Plan - Regular IDCW;INF846K01G15;INF846K01G07;16.2719;;;18-Feb-2026
144757;Axis Ultra Short Duration Fund - Direct Plan - Weekly IDCW;INF846K01F73;INF846K01F65;10.0520;;;18-Feb-2026
144754;Axis Ultra Short Duration Fund - Direct Plan Growth;INF846K01F40;;16.2705;;;18-Feb-2026
144758;Axis Ultra Short Duration Fund - Regular Plan - Daily IDCW;;INF846K01G31;10.0689;;;18-Feb-2026
144760;Axis Ultra Short Duration Fund - Regular Plan - Monthly IDCW;INF846K01G72;INF846K01G64;10.0654;;;18-Feb-2026
144761;Axis Ultra Short Duration Fund - Regular Plan - Regular IDCW;INF846K01G98;INF846K01G80;15.2565;;;18-Feb-2026
144762;Axis Ultra Short Duration Fund - Regular Plan - Weekly IDCW;INF846K01G56;INF846K01G49;10.0687;;;18-Feb-2026
144759;Axis Ultra Short Duration Fund - Regular Plan Growth;INF846K01G23;;15.2566;;;18-Feb-2026

Bank of India Mutual Fund
119380;BANK OF INDIA Ultra Short Duration Fund- Direct Plan- Daily IDCW;;INF761K01CT3;1005.0000;;;18-Feb-2026
119379;BANK OF INDIA Ultra Short Duration Fund- Direct Plan- Growth;INF761K01892;;3395.7109;;;18-Feb-2026
119381;BANK OF INDIA Ultra Short Duration Fund- Direct Plan- Weekly IDCW;;INF761K01CU1;1005.0703;;;18-Feb-2026
126389;BANK OF INDIA Ultra Short Duration Fund- Direct Plan-Bonus;INF761K01CS5;;3379.4126;;;18-Feb-2026
111970;BANK OF INDIA Ultra Short Duration Fund- Regular Plan- Daily IDCW;;INF761K01CW7;1005.0000;;;18-Feb-2026
109269;BANK OF INDIA Ultra Short Duration Fund- Regular Plan- Growth;INF761K01298;;3271.0711;;;18-Feb-2026
109264;BANK OF INDIA Ultra Short Duration Fund- Regular Plan- Weekly IDCW;;INF761K01CX5;1005.0405;;;18-Feb-2026

Baroda BNP Paribas Mutual Fund
143510;Baroda BNP Paribas Ultra Short Duratio Fund- Regular Plan- Weekly IDCW;INF251K01SN4;INF955L01GY0;1000.0959;;;18-Feb-2026
143507;Baroda BNP Paribas Ultra Short Duration Fund - Regular Plan - Daily IDCW;;INF955L01GW4;1006.2583;;;18-Feb-2026
143464;Baroda BNP Paribas Ultra Short Duration Fund - Regular Plan - Growth;INF955L01GX2;;1600.2805;;;18-Feb-2026
143511;Baroda BNP Paribas Ultra Short Duration Fund- Direct Plan- Daily IDCW;;INF955L01GZ7;1007.0751;;;18-Feb-2026
143508;Baroda BNP Paribas Ultra Short Duration Fund- Direct Plan- Growth;INF955L01HA8;;1622.9432;;;18-Feb-2026
143509;Baroda BNP Paribas Ultra Short Duration Fund- Direct Plan- Weekly IDCW;INF251K01SM6;INF955L01HB6;1000.7281;;;18-Feb-2026

HDFC Mutual Fund
145041;HDFC Ultra Short Term Fund - Daily IDCW Option;;INF179KB12R1;10.1026;;;18-Feb-2026
145039;HDFC Ultra Short Term Fund - Direct Plan-Daily IDCW Option;;INF179KB16Q4;10.0917;;;18-Feb-2026
145034;HDFC Ultra Short Term Fund - Direct Plan-Growth Option;INF179KB15Q6;;16.0893;;;18-Feb-2026
145036;HDFC Ultra Short Term Fund - Direct Plan-Monthly IDCW Option;INF179KB10R5;INF179KB19Q8;10.0953;;;18-Feb-2026
145035;HDFC Ultra Short Term Fund - Direct Plan-Weekly IDCW Option;INF179KB18Q0;INF179KB17Q2;10.0508;;;18-Feb-2026
145040;HDFC Ultra Short Term Fund - Growth Option;INF179KB11R3;;15.7151;;;18-Feb-2026
145037;HDFC Ultra Short Term Fund - Monthly IDCW Option;INF179KB16R2;INF179KB15R4;10.1936;;;18-Feb-2026
145038;HDFC Ultra Short Term Fund - Weekly IDCW Option;INF179KB14R7;INF179KB13R9;10.0506;;;18-Feb-2026

HSBC Mutual Fund
147910;HSBC Ultra Short Duration Fund - Direct Daily IDCW;;INF336L01OS9;1079.9409;;;18-Feb-2026
147908;HSBC Ultra Short Duration Fund - Direct Growth;INF336L01OR1;;1426.4875;;;18-Feb-2026
147915;HSBC Ultra Short Duration Fund - Direct Monthly IDCW;INF336L01OV3;INF336L01OU5;1016.0073;;;18-Feb-2026
147912;HSBC Ultra Short Duration Fund - Direct Weekly IDCW;;INF336L01OT7;1007.2877;;;18-Feb-2026
147909;HSBC Ultra Short Duration Fund - Regular Daily IDCW;;INF336L01OX9;1031.7278;;;18-Feb-2026
147907;HSBC Ultra Short Duration Fund - Regular Growth;INF336L01OW1;;1404.9098;;;18-Feb-2026
147916;HSBC Ultra Short Duration Fund - Regular Monthly IDCW;INF336L01PA4;INF336L01OZ4;1031.574;;;18-Feb-2026
147911;HSBC Ultra Short Duration Fund - Regular Weekly IDCW;;INF336L01OY7;1041.3799;;;18-Feb-2026

ICICI Prudential Mutual Fund
145399;ICICI Prudential Ultra Short Term Fund - Daily IDCW;-;INF109KC1ND7;10.0709;;;18-Feb-2026
120676;ICICI Prudential Ultra Short Term Fund - Direct Plan -  Growth;INF109K01T04;;31.1949;;;18-Feb-2026
120677;ICICI Prudential Ultra Short Term Fund - Direct Plan -  Monthly IDCW;INF109K01T38;INF109K01T46;10.8260;;;18-Feb-2026
120675;ICICI Prudential Ultra Short Term Fund - Direct Plan -  Quarterly IDCW;INF109K01T53;INF109K01T61;11.2346;;;18-Feb-2026
145404;ICICI Prudential Ultra Short Term Fund - Direct Plan - Daily IDCW;-;INF109KC1MY5;10.0027;;;18-Feb-2026
145400;ICICI Prudential Ultra Short Term Fund - Direct Plan - Weekly IDCW;INF109KC1NA3;INF109KC1MZ2;10.0848;;;18-Feb-2026
115092;ICICI Prudential Ultra Short Term Fund - Growth;INF109K01TP7;;28.7729;;;18-Feb-2026
115094;ICICI Prudential Ultra Short Term Fund - Monthly IDCW;INF109K01TR3;INF109K01TQ5;10.6940;;;18-Feb-2026
115091;ICICI Prudential Ultra Short Term Fund - Quarterly IDCW;INF109K01TT9;INF109K01TS1;11.0190;;;18-Feb-2026
145402;ICICI Prudential Ultra Short Term Fund - Weekly IDCW;INF109KC1NF2;INF109KC1NE5;10.0686;;;18-Feb-2026

Invesco Mutual Fund
120543;Invesco India Ultra Short Duration Fund - Direct Plan - Annual IDCW (Payout / Reinvestment);INF205K01TF4;INF205K01TG2;2131.3791;;;18-Feb-2026
136112;Invesco India Ultra Short Duration Fund - Direct Plan - Daily IDCW (Reinvestment);;INF205K019H5;1517.2171;;;18-Feb-2026
120541;Invesco India Ultra Short Duration Fund - Direct Plan - Growth;INF205K01TH0;;2993.2118;;;18-Feb-2026
120542;Invesco India Ultra Short Duration Fund - Direct Plan - Monthly IDCW (Payout / Reinvestment);INF205K01TI8;INF205K01TJ6;2028.2522;;;18-Feb-2026
120544;Invesco India Ultra Short Duration Fund - Direct Plan - Quarterly IDCW (Payout / Reinvestment);INF205K01TK4;INF205K01TL2;1035.8832;;;18-Feb-2026
114361;Invesco India Ultra Short Duration Fund - Regular Plan - Annual IDCW (Payout / Reinvestment);INF205K01TD9;INF205K01TE7;1149.4846;;;18-Feb-2026
136111;Invesco India Ultra Short Duration Fund - Regular Plan - Daily IDCW (Reinvestment);;INF205K018H7;1420.4186;;;18-Feb-2026
114359;Invesco India Ultra Short Duration Fund - Regular Plan - Growth;INF205K01TM0;;2795.482;;;18-Feb-2026
114362;Invesco India Ultra Short Duration Fund - Regular Plan - Monthly IDCW (Payout / Reinvestment);INF205K01TN8;INF205K01TO6;1015.1531;;;18-Feb-2026
114360;Invesco India Ultra Short Duration Fund - Regular Plan - Quarterly IDCW (Payout / Reinvestment);INF205K01TP3;INF205K01TQ1;1085.1641;;;18-Feb-2026

Kotak Mahindra Mutual Fund
102591;Kotak Savings Fund -Growth;INF174K01FD6;;44.4766;;;18-Feb-2026
102592;Kotak Savings Fund -Monthly Payout of Income Distribution cum capital withdrawal option;INF174K01FH7;;10.7234;;;18-Feb-2026
119750;Kotak Savings Fund-Growth - Direct;INF174K01JP2;;46.7298;;;18-Feb-2026
119751;Kotak Savings Fund-Monthly Payout of Income Distribution cum capital withdrawal option - Direct;INF174K01JQ0;;20.143;;;18-Feb-2026

LIC Mutual Fund
147771;LIC MF Ultra Short Duration Fund-Direct Plan-Daily IDCW;;INF767K01QP8;1102.1317;;;18-Feb-2026
147772;LIC MF Ultra Short Duration Fund-Direct Plan-Growth;INF767K01QU8;;1402.5849;;;18-Feb-2026
147773;LIC MF Ultra Short Duration Fund-Direct Plan-Monthly IDCW;INF767K01QT0;INF767K01QS2;1402.3875;;;18-Feb-2026
147769;LIC MF Ultra Short Duration Fund-Direct Plan-Weekly IDCW;INF767K01QR4;INF767K01QQ6;1101.8539;;;18-Feb-2026
147766;LIC MF Ultra Short Duration Fund-Regular Plan-Daily IDCW;;INF767K01QJ1;1093.4116;;;18-Feb-2026
147770;LIC MF Ultra Short Duration Fund-Regular Plan-Growth;INF767K01QO1;;1366.9188;;;18-Feb-2026
147768;LIC MF Ultra Short Duration Fund-Regular Plan-Monthly IDCW;INF767K01QN3;INF767K01QM5;1367.1261;;;18-Feb-2026
147767;LIC MF Ultra Short Duration Fund-Regular Plan-Weekly IDCW;INF767K01QL7;INF767K01QK9;1030.2403;;;18-Feb-2026

Mahindra Manulife Mutual Fund
147733;Mahindra Manulife Ultra Short Duration Fund - Direct Plan - Daily IDCW;;INF174V01895;1217.4282;;;18-Feb-2026
147732;Mahindra Manulife Ultra Short Duration Fund - Direct Plan - Weekly IDCW;;INF174V01903;1000.7988;;;18-Feb-2026
147731;Mahindra Manulife Ultra Short Duration Fund - Direct Plan -Growth;INF174V01887;;1464.5770;;;18-Feb-2026
147729;Mahindra Manulife Ultra Short Duration Fund - Regular Plan - Daily IDCW;;INF174V01861;1099.4607;;;18-Feb-2026
147734;Mahindra Manulife Ultra Short Duration Fund - Regular Plan - Growth;INF174V01853;;1426.0302;;;18-Feb-2026
147730;Mahindra Manulife Ultra Short Duration Fund - Regular Plan - Weekly IDCW;;INF174V01879;1000.7121;;;18-Feb-2026

Mirae Asset Mutual Fund
148529;Mirae Asset Ultra Short Duration Fund Direct Growth;INF769K01GK6;;1375.4059;;;18-Feb-2026
148532;Mirae Asset Ultra Short Duration Fund Direct IDCW;INF769K01GJ8;INF769K01GL4;1375.0688;;;18-Feb-2026
148530;Mirae Asset Ultra Short Duration Fund Regular Growth;INF769K01GH2;;1358.7468;;;18-Feb-2026
148531;Mirae Asset Ultra Short Duration Fund Regular IDCW;INF769K01GG4;INF769K01GI0;1358.2534;;;18-Feb-2026

PGIM India Mutual Fund
138342;PGIM India Ultra Short Duration Fund - Daily Dividend;INF223J01FH4;;10.0203;;;18-Feb-2026
138361;PGIM India Ultra Short Duration Fund - Direct Plan - Daily Dividend;;INF223J01QL3;10.0241;;;18-Feb-2026
138358;PGIM India Ultra Short Duration Fund - Direct Plan - Growth;INF223J01QO7;;36.9687;;;18-Feb-2026
138359;PGIM India Ultra Short Duration Fund - Direct Plan - Monthly Dividend;INF223J01QP4;;12.4518;;;18-Feb-2026
138362;PGIM India Ultra Short Duration Fund - Direct Plan - Weekly Dividend;INF223J01QR0;INF223J01QS8;10.2703;;;18-Feb-2026
138343;PGIM India Ultra Short Duration Fund - Growth;INF223J01FK8;;35.2135;;;18-Feb-2026
138344;PGIM India Ultra Short Duration Fund - Monthly Dividend;INF223J01FL6;INF223J01FM4;15.2078;;;18-Feb-2026
138341;PGIM India Ultra Short Duration Fund - Weekly Dividend;INF223J01FO0;INF223J01FP7;10.0819;;;18-Feb-2026

SBI Mutual Fund
119784;SBI Ultra Short Duration Fund - Direct Plan - Daily Income Distribution cum Capital Withdrawal Option (IDCW);;INF200K01TG3;2363.6301;;;18-Feb-2026
119828;SBI ULTRA SHORT DURATION FUND - DIRECT PLAN - GROWTH;INF200K01TF5;;6321.0978;;;18-Feb-2026
119829;SBI Ultra Short Duration Fund - Direct Plan - Weekly Income Distribution cum Capital Withdrawal Option (IDCW);INF200K01TH1;INF200K01TI9;1273.4049;;;18-Feb-2026
105080;SBI Ultra Short Duration Fund - Regular Plan - Daily Income Distribution cum Capital Withdrawal Option (IDCW);;INF200K01LK2;2336.5711;;;18-Feb-2026
100641;SBI ULTRA SHORT DURATION FUND - REGULAR PLAN - GROWTH;INF200K01LJ4;;6203.4758;;;18-Feb-2026
103884;SBI Ultra Short Duration Fund - Regular Plan - Weekly Income Distribution cum Capital Withdrawal Option (IDCW);INF200K01LM8;INF200K01LL0;1265.4076;;;18-Feb-2026

Sundaram Mutual Fund
149537;Sundaram Ultra Short Duration Fund (Formerly Known as Principal Ultra Short Term Fund) - Income Distribution CUM Capital Withdrawal Option (IDCW);INF173K01CX3;INF173K01CY1;1066.0564;;;18-Feb-2026
149539;Sundaram Ultra Short Duration Fund (Formerly Known as Principal Ultra Short Term Fund)- Direct Plan -Growth Option;INF173K01HI3;;3044.6650;;;18-Feb-2026
149540;Sundaram Ultra Short Duration Fund (Formerly Known as Principal Ultra Short Term Fund)- Direct Plan Income Distribution CUM Capital Withdrawal Option (IDCW);INF173K01HK9;INF173K01HJ1;1080.0111;;;18-Feb-2026
149535;Sundaram Ultra Short Duration Fund (Formerly Known as Principal Ultra Short Term Fund)-Growth Option;INF173K01CU9;;2769.5782;;;18-Feb-2026

UTI Mutual Fund
139568;UTI Ultra Short Duration Fund - Direct Plan - Annual IDCW;INF789FA1Q42;INF789FA1Q59;1488.0486;;;18-Feb-2026
120744;UTI Ultra Short Duration Fund - Direct Plan - Daily IDCW (Reinvestment);INF789F01TG5;INF789F01TH3;1573.8572;;;18-Feb-2026
121892;UTI Ultra Short Duration Fund - Direct Plan - Flexi IDCW;INF789FB1KQ0;INF789FB1KR8;2295.2661;;;18-Feb-2026
131512;UTI Ultra Short Duration Fund - Direct Plan - Fortnightly IDCW;INF789FA1P68;INF789FA1P76;1325.7911;;;18-Feb-2026
120746;UTI Ultra Short Duration Fund - Direct Plan - Growth Option;INF789F01TI1;;4730.7969;;;18-Feb-2026
147128;UTI Ultra Short Duration Fund - Direct Plan - Half-Yearly IDCW;INF789FA1Q26;INF789FA1Q34;1499.9769;;;18-Feb-2026
131444;UTI Ultra Short Duration Fund - Direct Plan - Monthly IDCW;INF789FA1P84;INF789FA1P92;1164.6817;;;18-Feb-2026
133059;UTI Ultra Short Duration Fund - Direct Plan - Quarterly IDCW;INF789FA1Q00;INF789FA1Q18;1964.2743;;;18-Feb-2026
120745;UTI Ultra Short Duration Fund - Direct Plan - Weekly IDCW (Reinvestment);INF789FB1S63;;1083.0719;;;18-Feb-2026
112083;UTI Ultra Short Duration Fund - Discontinued - INSTN GROWTH OPTION;INF789F01PM1;;3146.8629;;;18-Feb-2026
134484;UTI Ultra Short Duration Fund - Regular Plan - Annual IDCW;INF789FA1P43;INF789FA1P50;1437.1472;;;18-Feb-2026
109501;UTI Ultra Short Duration Fund - Regular Plan - Daily IDCW (Reinvestment);;INF789F01554;1047.781;;;18-Feb-2026
121891;UTI Ultra Short Duration Fund - Regular Plan - Flexi IDCW;INF789FB1KS6;INF789FB1KT4;1695.3741;;;18-Feb-2026
131511;UTI Ultra Short Duration Fund - Regular Plan - Fortnightly IDCW;INF789FA1O69;INF789FA1O77;1321.4991;;;18-Feb-2026
102532;UTI Ultra Short Duration Fund - Regular Plan - Growth Option;INF789F01570;;4391.7776;;;18-Feb-2026
134799;UTI Ultra Short Duration Fund - Regular Plan - Half-Yearly IDCW;INF789FA1P27;INF789FA1P35;1006.4804;;;18-Feb-2026
131445;UTI Ultra Short Duration Fund - Regular Plan - Monthly IDCW;INF789FA1O85;INF789FA1O93;1113.4494;;;18-Feb-2026
133873;UTI Ultra Short Duration Fund - Regular Plan - Quarterly IDCW;INF789FA1P01;INF789FA1P19;1278.9145;;;18-Feb-2026
102531;UTI Ultra Short Duration Fund - Regular Plan - Weekly IDCW (Reinvestment);;INF789F01562;1389.8569;;;18-Feb-2026

WhiteOak Capital Mutual Fund
147316;WhiteOak Capital Ultra Short Duration Fund- Direct plan-Daily Reinvestment of Income Distribution cum capital withdrawal option (IDCW);;INF03VN01175;1004.9323;;;18-Feb-2026
147315;WhiteOak Capital Ultra Short Duration Fund- Direct plan-Fortnightly Payout/ Reinvestment of Income Distribution cum capital withdrawal option (IDCW);INF03VN01183;INF03VN01191;1006.5543;;;18-Feb-2026
147311;WhiteOak Capital Ultra Short Duration Fund- Direct plan-Growth Option;INF03VN01209;;1461.8419;;;18-Feb-2026
147312;WhiteOak Capital Ultra Short Duration Fund- Direct plan-Monthly Payout/ Reinvestment of Income Distribution cum capital withdrawal option (IDCW);INF03VN01217;INF03VN01225;1005.6583;;;18-Feb-2026
147313;WhiteOak Capital Ultra Short Duration Fund- Direct plan-Weekly Payout/ Reinvestment of Income Distribution cum capital withdrawal option (IDCW);INF03VN01233;INF03VN01241;1004.7861;;;18-Feb-2026
147308;WhiteOak Capital Ultra Short Duration Fund- Regular plan-Daily Reinvestment of Income Distribution cum capital withdrawal option (IDCW);;INF03VN01258;1004.8924;;;18-Feb-2026
147309;WhiteOak Capital Ultra Short Duration Fund- Regular plan-Fortnightly Payout/ Reinvestment of Income Distribution cum capital withdrawal option (IDCW);INF03VN01266;INF03VN01274;1006.6225;;;18-Feb-2026
147307;WhiteOak Capital Ultra Short Duration Fund- Regular plan-Growth Option;INF03VN01282;;1407.3812;;;18-Feb-2026
147314;WhiteOak Capital Ultra Short Duration Fund- Regular plan-Monthly Payout/ Reinvestment of Income Distribution cum capital withdrawal option (IDCW);INF03VN01290;INF03VN01308;1004.5358;;;18-Feb-2026
147310;WhiteOak Capital Ultra Short Duration Fund- Regular plan-Weekly Payout/ Reinvestment of Income Distribution cum capital withdrawal option (IDCW);INF03VN01316;INF03VN01324;1006.1807;;;18-Feb-2026

Open Ended Schemes ( Debt Scheme - Low Duration Fund )


Axis Mutual Fund
120515;Axis Treasury Advantage Fund - Direct Plan - Daily IDCW;;INF846K01EQ4;1012.4737;;;18-Feb-2026
120513;Axis Treasury Advantage Fund - Direct Plan - Growth Option;INF846K01EN1;;3380.2621;;;18-Feb-2026
120516;Axis Treasury Advantage Fund - Direct Plan - Monthly IDCW;INF846K01EO9;INF846K01EP6;1015.0971;;;18-Feb-2026
120514;Axis Treasury Advantage Fund - Direct Plan - Weekly IDCW;INF846K01ER2;INF846K01ES0;1011.7708;;;18-Feb-2026
112215;Axis Treasury Advantage Fund - Regular Plan - Daily IDCW;;INF846K01545;1013.2484;;;18-Feb-2026
112214;Axis Treasury Advantage Fund - Regular Plan - Growth Option;INF846K01537;;3217.7732;;;18-Feb-2026
112217;Axis Treasury Advantage Fund - Regular Plan - Monthly IDCW;INF846K01578;INF846K01586;1014.8730;;;18-Feb-2026
112216;Axis Treasury Advantage Fund - Regular Plan - Weekly IDCW;INF846K01552;INF846K01560;1011.7489;;;18-Feb-2026
112720;Axis Treasury Advantage Fund - Retail Plan - Daily IDCW;;INF846K01487;1012.4736;;;18-Feb-2026
112717;Axis Treasury Advantage Fund - Retail Plan - Growth Option;INF846K01479;;3016.8417;;;18-Feb-2026
112718;Axis Treasury Advantage Fund - Retail Plan - Monthly IDCW;INF846K01511;INF846K01529;1014.8808;;;18-Feb-2026
112719;Axis Treasury Advantage Fund - Retail Plan - Weekly IDCW;INF846K01495;INF846K01503;1011.7489;;;18-Feb-2026

Baroda BNP Paribas Mutual Fund
150168;BARODA BNP PARIBAS LOW DURATION Fund - Direct Plan - Daily IDCW Option;;INF251K01GK5;10.0943;;;18-Feb-2026
150169;BARODA BNP PARIBAS LOW DURATION Fund - Direct Plan - Growth Option;INF251K01GJ7;;45.6788;;;18-Feb-2026
150170;BARODA BNP PARIBAS LOW DURATION Fund - Direct Plan - Monthly IDCW Option;INF251K01GN9;INF251K01GO7;10.4085;;;18-Feb-2026
150171;BARODA BNP PARIBAS LOW DURATION Fund - Direct Plan - Weekly IDCW Option;INF251K01GL3;INF251K01GM1;10.0106;;;18-Feb-2026
150164;BARODA BNP PARIBAS LOW DURATION FUND - Regular Plan - DAILY IDCW OPTION;;INF251K01DR7;10.0604;;;18-Feb-2026
150165;BARODA BNP PARIBAS LOW DURATION FUND - Regular Plan - GROWTH OPTION;INF251K01DQ9;;41.5157;;;18-Feb-2026
150167;BARODA BNP PARIBAS LOW DURATION FUND - Regular Plan - MONTHLY IDCW OPTION;INF251K01DU1;INF251K01DV9;10.2851;;;18-Feb-2026
150166;BARODA BNP PARIBAS LOW DURATION FUND - Regular Plan - WEEKLY IDCW OPTION;INF251K01DS5;INF251K01DT3;10.0103;;;18-Feb-2026
150163;BARODA BNP PARIBAS LOW DURATION Fund-Defunct Plan- Daily IDCW Option;;INF251K01DM8;10.0499;;;18-Feb-2026
150160;BARODA BNP PARIBAS LOW DURATION Fund-Defunct Plan-Growth Option;INF251K01DL0;;41.5878;;;18-Feb-2026
150162;BARODA BNP PARIBAS LOW DURATION Fund-Defunct Plan-Monthly IDCW Option;INF251K01DO4;INF251K01DP1;10.5087;;;18-Feb-2026
150161;BARODA BNP PARIBAS LOW DURATION Fund-Defunct Plan-Weekly IDCW Option;;INF251K01DN6;10.0103;;;18-Feb-2026

Edelweiss Mutual Fund
153416;Edelweiss Low Duration Fund - Direct Plan Growth;INF754K01UP8;;1066.8721;;;18-Feb-2026
153418;Edelweiss Low Duration Fund - Direct Plan IDCW Payout;INF754K01UQ6;INF754K01UR4;1066.8521;;;18-Feb-2026
153419;Edelweiss Low Duration Fund - Regular Plan Growth;INF754K01UT0;;1058.6341;;;18-Feb-2026
153417;Edelweiss Low Duration Fund - Regular Plan IDCW Payout;INF754K01UU8;INF754K01UV6;1058.6332;;;18-Feb-2026

HDFC Mutual Fund
105548;HDFC Low Duration  Fund - Daily IDCW;;INF179K01434;10.1423;;;18-Feb-2026
118945;HDFC Low Duration  Fund - Direct Plan - Daily IDCW;;INF179KC1IR2;10.0652;;;18-Feb-2026
118942;HDFC Low Duration  Fund - Direct Plan - Growth;INF179K01VF7;;65.2329;;;18-Feb-2026
118943;HDFC Low Duration  Fund - Direct Plan - Monthly IDCW;INF179K01VG5;INF179K01VH3;10.2012;;;18-Feb-2026
118944;HDFC Low Duration  Fund - Direct Plan - Weekly IDCW;INF179KC1IS0;INF179KC1IT8;10.0608;;;18-Feb-2026
102452;HDFC Low Duration  Fund - Growth;INF179K01442;;59.923;;;18-Feb-2026
105543;HDFC Low Duration  Fund - Monthly IDCW;INF179K01459;INF179K01467;10.1951;;;18-Feb-2026
102453;HDFC Low Duration  Fund - Weekly IDCW;INF179K01475;INF179K01483;10.0605;;;18-Feb-2026

HSBC Mutual Fund
151118;HSBC Low Duration Fund - Direct Annual IDCW;INF917K01VV7;INF917K01VU9;11.1578;;;18-Feb-2026
151117;HSBC Low Duration Fund - Direct Growth;INF917K01GM7;;31.5012;;;18-Feb-2026
151116;HSBC Low Duration Fund - Direct Monthly IDCW;INF917K01E60;INF917K01GK1;11.1089;;;18-Feb-2026
151119;HSBC Low Duration Fund - Regular Annual IDCW;INF917K01VX3;INF917K01VW5;10.9259;;;18-Feb-2026
151114;HSBC Low Duration Fund - Regular Growth;INF677K01452;;29.7469;;;18-Feb-2026
151115;HSBC Low Duration Fund - Regular Monthly IDCW;INF677K01460;INF677K01478;10.3919;;;18-Feb-2026

ICICI Prudential Mutual Fund
101618;ICICI Prudential Savings Fund - Daily IDCW;INF109K01738;;105.7358;;;18-Feb-2026
120397;ICICI Prudential Savings Fund - Direct Plan - Daily IDCW;;INF109K01O66;105.7358;;;18-Feb-2026
122904;ICICI Prudential Savings Fund - Direct Plan - Fortnightly IDCW;INF109K016Y3;INF109K015Y5;101.6956;;;18-Feb-2026
120398;ICICI Prudential Savings Fund - Direct Plan - Growth;INF109K01O82;;574.6140;;;18-Feb-2026
120399;ICICI Prudential Savings Fund - Direct Plan - IDCW Others;INF109K01O90;INF109K01O74;192.8033;;;18-Feb-2026
122651;ICICI Prudential Savings Fund - Direct Plan - Monthly IDCW;INF109K018Y9;INF109K017Y1;102.1040;;;18-Feb-2026
122982;ICICI Prudential Savings Fund - Direct Plan - Quarterly IDCW;INF109K010Z3;INF109K019Y7;110.5158;;;18-Feb-2026
120396;ICICI Prudential Savings Fund - Direct Plan - Weekly IDCW;INF109K01P08;INF109K01P16;105.4950;;;18-Feb-2026
122748;ICICI Prudential Savings Fund - Fortnightly IDCW;INF109K012Z9;INF109K011Z1;101.6931;;;18-Feb-2026
101619;ICICI Prudential Savings Fund - Growth;INF109K01746;;566.4327;;;18-Feb-2026
115511;ICICI Prudential Savings Fund - IDCW Others;INF109K01WO4;INF109K01WN6;189.8592;;;18-Feb-2026
122531;ICICI Prudential Savings Fund - Monthly IDCW;INF109K014Z5;INF109K013Z7;102.0965;;;18-Feb-2026
122995;ICICI Prudential Savings Fund - Quarterly IDCW;INF109K016Z0;INF109K015Z2;110.2221;;;18-Feb-2026
101617;ICICI Prudential Savings Fund - Weekly IDCW;INF109K01JO1;INF109K01753;105.4475;;;18-Feb-2026

Invesco Mutual Fund
105025;Invesco India Low Duration Fund - Daily IDCW (Reinvestment);;INF205K01HZ7;1017.8696;;;18-Feb-2026
120567;Invesco India Low Duration Fund - Direct Plan - Discretionary IDCW (Payout / Reinvestment);INF205K01NW2;INF205K01NX0;4098.8579;;;18-Feb-2026
120570;Invesco India Low Duration Fund - Direct Plan - Growth;INF205K01NY8;;4097.0138;;;18-Feb-2026
120571;Invesco India Low Duration Fund - Direct Plan - Monthly IDCW (Payout / Reinvestment);INF205K01NZ5;INF205K01OA6;1090.2905;;;18-Feb-2026
120568;Invesco India Low Duration Fund - Direct Plan - Weekly IDCW (Payout / Reinvestment);INF205K01OB4;INF205K01OC2;1205.7936;;;18-Feb-2026
120566;Invesco India Low Duration Fund - Direct Plan -Daily IDCW (Reinvestment);;INF205K01NV4;1018.8902;;;18-Feb-2026
115458;Invesco India Low Duration Fund - Discretionary IDCW (Payout / Reinvestment);INF205K01IG5;INF205K01IF7;4018.7294;;;18-Feb-2026
104726;Invesco India Low Duration Fund - Growth;INF205K01HY0;;3926.6274;;;18-Feb-2026
104729;Invesco India Low Duration Fund - Monthly IDCW (Payout / Reinvestment);INF205K01ID2;INF205K01IC4;1431.0408;;;18-Feb-2026
104728;Invesco India Low Duration Fund - Regular - Growth;INF205K01HT0;;3482.4686;;;18-Feb-2026
104723;Invesco India Low Duration Fund - Regular - Monthly IDCW (Reinvestment);;INF205K01HW4;1404.0343;;;18-Feb-2026
104722;Invesco India Low Duration Fund - Regular - Weekly IDCW (Reinvestment);;INF205K01HV6;1444.7177;;;18-Feb-2026
105024;Invesco India Low Duration Fund - Regular Daily IDCW (Reinvestment);;INF205K01HU8;1732.0773;;;18-Feb-2026
104725;Invesco India Low Duration Fund - Weekly IDCW (Payout / Reinvestment);INF205K01IB6;INF205K01IA8;1312.6327;;;18-Feb-2026

Jio BlackRock Mutual Fund
154081;JioBlackRock Low Duration Fund - Direct Plan - Growth Option;INF22M001150;;1006.5437;;;18-Feb-2026

JM Financial Mutual Fund
143610;JM Low Duration Fund (Direct) - Bonus Option - Principal Units;INF192K01FL1;;23.856;;;18-Feb-2026
143604;JM Low Duration Fund (Direct) - Daily IDCW;;INF192K01DT9;10.85;;;18-Feb-2026
143606;JM Low Duration Fund (Direct) - Fortnightly IDCW;;INF192K01DV5;11.1444;;;18-Feb-2026
143612;JM Low Duration Fund (Direct) - Growth;INF192K01DW3;;39.6216;;;18-Feb-2026
143611;JM Low Duration Fund (Direct) - Weekly IDCW;;INF192K01DU7;11.4511;;;18-Feb-2026
143603;JM Low Duration Fund (Regular) - Daily IDCW;;INF192K01AV1;10.82;;;18-Feb-2026
143605;JM Low Duration Fund (Regular) - Fortnightly IDCW ;;INF192K01AX7;11.103;;;18-Feb-2026
143607;JM Low Duration Fund (Regular) - Growth Option;INF192K01AY5;;38.4496;;;18-Feb-2026
143608;JM Low Duration Fund (Regular) - Weekly IDCW;;INF192K01AW9;11.4109;;;18-Feb-2026
143609;JM Low Duration Fund - Bonus Option - Principal Units;INF192K01FJ5;;23.1649;;;18-Feb-2026

Kotak Mahindra Mutual Fund
133812;Kotak Low Duration Fund - Direct Plan- Standard Income Distribution cum capital withdrawal option;INF178L01AZ9;INF178L01AY2;1613.6956;;;18-Feb-2026
133810;Kotak Low Duration Fund- Direct Plan- Growth Option;INF178L01AX4;;3797.1326;;;18-Feb-2026
133805;Kotak Low Duration Fund- Regular Plan-Growth Option;INF178L01202;;3464.9008;;;18-Feb-2026
133809;Kotak Low Duration Fund- Regular Plan-Standard Income Distribution cum capital withdrawal option;INF178L01210;INF178L01228;1320.7239;;;18-Feb-2026

LIC Mutual Fund
120316;LIC MF Low Duration Fund-Direct Plan-Daily IDCW;INF767K01FL0;INF767K01FN6;10.05;;;18-Feb-2026
120315;LIC MF Low Duration Fund-Direct Plan-Growth;INF767K01FM8;;44.6058;;;18-Feb-2026
120317;LIC MF Low Duration Fund-Direct Plan-Monthly IDCW;INF767K01FP1;INF767K01FO4;23.2949;;;18-Feb-2026
120318;LIC MF Low Duration Fund-Direct Plan-Weekly IDCW;INF767K01JJ6;INF767K01JK4;15.5373;;;18-Feb-2026
111676;LIC MF Low Duration Fund-Regular Plan-Daily IDCW;INF767K01AK3;INF767K01AL1;10.807;;;18-Feb-2026
101830;LIC MF Low Duration Fund-Regular Plan-Growth;INF767K01AO5;;40.9405;;;18-Feb-2026
101829;LIC MF Low Duration Fund-Regular Plan-Monthly IDCW;INF767K01AM9;INF767K01AN7;14.1173;;;18-Feb-2026
111675;LIC MF Low Duration Fund-Regular Plan-Weekly IDCW;INF767K01AP2;INF767K01AQ0;14.0396;;;18-Feb-2026

Mahindra Manulife Mutual Fund
140617;Mahindra Manulife Low Duration Fund - Direct Plan - Daily IDCW;;INF174V01275;1228.7457;;;18-Feb-2026
140619;Mahindra Manulife Low Duration Fund - Direct Plan - Monthly IDCW;INF174V01309;INF174V01291;1138.4510;;;18-Feb-2026
140618;Mahindra Manulife Low Duration Fund - Direct Plan - Weekly IDCW;;INF174V01283;1030.5345;;;18-Feb-2026
140613;Mahindra Manulife Low Duration Fund - Direct Plan -Growth;INF174V01267;;1825.8885;;;18-Feb-2026
140614;Mahindra Manulife Low Duration Fund - Regular Plan - Daily IDCW;;INF174V01226;1005.5567;;;18-Feb-2026
140620;Mahindra Manulife Low Duration Fund - Regular Plan - Growth;INF174V01218;;1693.7337;;;18-Feb-2026
140616;Mahindra Manulife Low Duration Fund - Regular Plan - Monthly IDCW;INF174V01259;INF174V01242;1118.4235;;;18-Feb-2026
140615;Mahindra Manulife Low Duration Fund - Regular Plan - Weekly IDCW;;INF174V01234;1052.8645;;;18-Feb-2026

Mirae Asset Mutual Fund
118843;Mirae Asset Low Duration Fund - Direct Plan - Daily IDCW;;INF769K01BR2;1208.9337;;;18-Feb-2026
118840;Mirae Asset Low Duration Fund - Direct Plan - Growth;INF769K01BO9;;2560.0855;;;18-Feb-2026
118841;Mirae Asset Low Duration Fund - Direct Plan - Monthly IDCW;INF769K01BP6;INF769K01BT8;1165.4617;;;18-Feb-2026
118842;Mirae Asset Low Duration Fund - Direct Plan - Quarterly IDCW;INF769K01BQ4;INF769K01BU6;1006.4250;;;18-Feb-2026
118844;Mirae Asset Low Duration Fund - Direct Plan - Weekly IDCW;;INF769K01BS0;1454.3850;;;18-Feb-2026
107700;Mirae Asset Low Duration Fund - Regular Plan - Daily IDCW;;INF769K01986;1005.1646;;;18-Feb-2026
107705;Mirae Asset Low Duration Fund - Regular Plan - Growth;INF769K01937;;2341.9245;;;18-Feb-2026
107704;Mirae Asset Low Duration Fund - Regular Plan - Monthly IDCW;INF769K01960;INF769K01AA0;1092.1975;;;18-Feb-2026
107702;Mirae Asset Low Duration Fund - Regular Plan - Quarterly IDCW;INF769K01978;INF769K01AB8;1005.1845;;;18-Feb-2026
107701;Mirae Asset Low Duration Fund - Regular Plan - Weekly IDCW;;INF769K01994;1106.6348;;;18-Feb-2026

SBI Mutual Fund
119810;SBI Low Duration Fund - Direct Plan - Daily Income Distribution cum Capital Withdrawal Option (IDCW);;INF200K01VJ3;1456.4114;;;18-Feb-2026
119811;SBI Low Duration Fund - Direct Plan - Fortnightly Income Distribution cum Capital Withdrawal Option (IDCW);INF200K01VK1;INF200K01VL9;1481.8721;;;18-Feb-2026
119812;SBI LOW DURATION FUND - DIRECT PLAN - GROWTH;INF200K01VM7;;3778.0932;;;18-Feb-2026
119818;SBI Low Duration Fund - Direct Plan - Monthly Income Distribution cum Capital Withdrawal Option (IDCW);INF200K01VN5;INF200K01VO3;1678.9027;;;18-Feb-2026
119819;SBI Low Duration Fund - Direct Plan - Weekly Income Distribution cum Capital Withdrawal Option (IDCW);INF200K01VP0;INF200K01VQ8;1458.5423;;;18-Feb-2026
106213;SBI Low Duration Fund - Regular Plan - Daily Income Distribution cum Capital Withdrawal Option (IDCW);;INF200K01ML8;1410.2434;;;18-Feb-2026
106215;SBI Low Duration Fund - Regular Plan - Fornightly Income Distribution cum Capital Withdrawal Option (IDCW);INF200K01MM6;INF200K01MN4;1434.9295;;;18-Feb-2026
106212;SBI LOW DURATION FUND - REGULAR PLAN - GROWTH;INF200K01MO2;;3620.5236;;;18-Feb-2026
106216;SBI Low Duration Fund - Regular Plan - Monthly Income Distribution cum Capital Withdrawal Option (IDCW);INF200K01MP9;INF200K01MQ7;1587.9131;;;18-Feb-2026
106214;SBI Low Duration Fund - Regular Plan - Weekly Income Distribution cum Capital Withdrawal Option (IDCW);INF200K01MR5;INF200K01MS3;1410.2324;;;18-Feb-2026
106221;SBI Short Horizon Debt Fund - Ultra Short Term Fund - Institutional Plan - Daily Income Distribution cum Capital Withdrawal Option (IDCW);;INF200K01MD5;1410.5769;;;18-Feb-2026
106217;SBI Short Horizon Debt Fund - Ultra Short Term Fund - Institutional Plan - Growth;INF200K01MG8;;3684.3731;;;18-Feb-2026
106222;SBI Short Horizon Debt Fund - Ultra Short Term Fund- Institutional Plan - Weekly Income Distribution cum Capital Withdrawal Option (IDCW);INF200K01MJ2;INF200K01MK0;1407.0753;;;18-Feb-2026

Sundaram Mutual Fund
149526;Sundaram Low Duration Fund (Formerly Known as Principal Low Duration Fund) - Direct Plan - Growth Option;INF173K01FS6;;3857.9128;;;18-Feb-2026
149525;Sundaram Low Duration Fund (Formerly Known as Principal Low Duration Fund) - Direct Plan - Income Distribution CUM Capital Withdrawal Option (IDCW);INF173K01FT4;INF173K01FU2;1111.7084;;;18-Feb-2026
149519;Sundaram Low Duration Fund (Formerly Known as Principal Low Duration Fund)- Growth Option;INF173K01DG6;;3580.5966;;;18-Feb-2026
149521;Sundaram Low Duration Fund (Formerly Known as Principal Low Duration Fund)- Income Distribution CUM Capital Withdrawal Option (IDCW);INF173K01DJ0;INF173K01DK8;1093.2582;;;18-Feb-2026

UTI Mutual Fund
141958;UTI Low Duration Fund - Direct Plan - Annual IDCW;INF789F01XF9;INF789F01XG7;1388.7971;;;18-Feb-2026
120737;UTI Low Duration Fund - Direct Plan - Daily IDCW (Reinvestment);;INF789F01XE2;1432.427;;;18-Feb-2026
133127;UTI Low Duration Fund - Direct Plan - Flexi IDCW;INF789FA1O44;INF789FA1O51;1592.6909;;;18-Feb-2026
135191;UTI Low Duration Fund - Direct Plan - Fortnightly IDCW;INF789FA1O02;INF789FA1O10;1341.3088;;;18-Feb-2026
120735;UTI Low Duration Fund - Direct Plan - Growth Option;INF789F01XI3;;3751.8184;;;18-Feb-2026
133469;UTI Low Duration Fund - Direct Plan - Half-Yearly IDCW;INF789FA1O28;INF789FA1O36;1451.6119;;;18-Feb-2026
120736;UTI Low Duration Fund - Direct Plan - Monthly IDCW;INF789F01XJ1;INF789F01XK9;1464.8167;;;18-Feb-2026
120734;UTI Low Duration Fund - Direct Plan - Quarterly IDCW;INF789F01XL7;INF789F01XM5;2011.612;;;18-Feb-2026
120739;UTI Low Duration Fund - Direct Plan - Weekly IDCW;INF789F01XN3;INF789F01XO1;1021.4381;;;18-Feb-2026
102538;UTI Low Duration Fund - Discontinued - Annaul Dividend Option;INF789F01OK8;INF789F01OL6;3507.7256;;;18-Feb-2026
105578;UTI Low Duration Fund - Discontinued - Periodic Dividend Plan;;INF789F01349;1072.6075;;;18-Feb-2026
102541;UTI Low Duration Fund - Discontinued - Quarterly Dividend Option;INF789F01OO0;INF789F01OP7;2308.2835;;;18-Feb-2026
102539;UTI Low Duration Fund - Discontinued Bonus Option;INF789F01OM4;;4351.6324;;;18-Feb-2026
105659;UTI Low Duration Fund - Discontinued Flexi Dividend Plan;INF789F01PA6;;1089.3595;;;18-Feb-2026
102540;UTI Low Duration Fund - Discontinued Growth Option;INF789F01331;;6528.1889;;;18-Feb-2026
105670;UTI Low Duration Fund - Discontinued Monthly Dividend Option;INF789F01OY9;INF789F01OZ6;1020.3438;;;18-Feb-2026
102545;UTI Low Duration Fund - Regular Plan - Bonus Option;INF789F01OS1;;3084.9354;;;18-Feb-2026
105605;UTI Low Duration Fund - Regular Plan - Daily IDCW (Reinvestment);;INF789F01ON2;1422.612;;;18-Feb-2026
133130;UTI Low Duration Fund - Regular Plan - Flexi IDCW;INF789FA1N86;INF789FA1N94;1403.8683;;;18-Feb-2026
133733;UTI Low Duration Fund - Regular Plan - Fortnightly IDCW;INF789FA1N45;INF789FA1N52;1332.6007;;;18-Feb-2026
102544;UTI Low Duration Fund - Regular Plan - Growth Option;INF789F01OT9;;3691.0536;;;18-Feb-2026
136345;UTI Low Duration Fund - Regular Plan - Half-Yearly IDCW;INF789FA1N60;INF789FA1N78;1457.0397;;;18-Feb-2026
105658;UTI Low Duration Fund - Regular Plan - Monthly IDCW;INF789F01OU7;INF789F01OV5;1451.0939;;;18-Feb-2026
115483;UTI Low Duration Fund - Regular Plan - Quarterly IDCW;INF789F01OW3;INF789F01OX1;1416.3514;;;18-Feb-2026
105627;UTI Low Duration Fund - Regular Plan - Weekly IDCW;INF789F01PB4;INF789F01PC2;1426.211;;;18-Feb-2026

Open Ended Schemes ( Debt Scheme - Money Market Fund )


Axis Mutual Fund
147576;Axis Money Market Fund - Direct Plan - Annual IDCW;INF846K01Q96;INF846K01Q88;1313.8707;;;18-Feb-2026
147571;Axis Money Market Fund - Direct Plan - Daily IDCW;;INF846K01Q70;1005.6118;;;18-Feb-2026
147567;Axis Money Market Fund - Direct Plan - Growth Option;INF846K01Q62;;1504.1868;;;18-Feb-2026
147572;Axis Money Market Fund - Direct Plan - Monthly IDCW;INF846K01R12;INF846K01R04;1013.0411;;;18-Feb-2026
147573;Axis Money Market Fund - Direct Plan - Quarterly IDCW;INF846K01R38;INF846K01R20;1185.7628;;;18-Feb-2026
147575;Axis Money Market Fund - Regular Plan - Annual IDCW;INF846K01R79;INF846K01R61;1299.3868;;;18-Feb-2026
147577;Axis Money Market Fund - Regular Plan - Daily IDCW;;INF846K01R53;1005.6067;;;18-Feb-2026
147568;Axis Money Market Fund - Regular Plan - Growth Option;INF846K01R46;;1488.9433;;;18-Feb-2026
147578;Axis Money Market Fund - Regular Plan - Monthly IDCW;INF846K01R95;INF846K01R87;1010.0703;;;18-Feb-2026
147574;Axis Money Market Fund - Regular Plan - Quarterly IDCW;INF846K01S11;INF846K01S03;1171.1945;;;18-Feb-2026

Bank of India Mutual Fund
153296;Bank of India Money Market Fund - Direct - Daily IDCW;;INF761K01GP2;10.0499;;;18-Feb-2026
153294;Bank of India Money Market Fund - Direct - Growth;INF761K01GO5;;10.7617;;;18-Feb-2026
153295;Bank of India Money Market Fund - Direct - Monthly IDCW;INF761K01GR8;INF761K01GX6;10.0981;;;18-Feb-2026
153298;Bank of India Money Market Fund - Regular - Daily IDCW;;INF761K01GT4;10.0496;;;18-Feb-2026
153293;Bank of India Money Market Fund - Regular - Growth;INF761K01GS6;;10.7043;;;18-Feb-2026
153299;Bank of India Money Market Fund - Regular - Monthly IDCW;INF761K01GW8;INF761K01GV0;10.0950;;;18-Feb-2026
153301;Bank of India Money Market Fund - Regular - Weekly IDCW;;INF761K01GU2;10.0496;;;18-Feb-2026

Baroda BNP Paribas Mutual Fund
147373;Baroda BNP Paribas Money Market Fund - Direct Plan - Monthly IDCW;INF955L01IG3;;1035.5402;;;18-Feb-2026
147378;Baroda BNP Paribas Money Market Fund - Direct Plan-Daily IDCW;;INF955L01IE8;1000.0000;;;18-Feb-2026
147376;Baroda BNP Paribas Money Market Fund - Regular Plan - Monthly IDCW;INF955L01IB4;;1016.5762;;;18-Feb-2026
147379;Baroda BNP Paribas Money Market Fund -Direct Plan - Weekly IDCW;;INF955L01IF5;1000.0192;;;18-Feb-2026
147377;Baroda BNP Paribas Money Market Fund- Direct Plan - Growth;INF955L01ID0;;1455.6899;;;18-Feb-2026
147382;Baroda BNP Paribas Money Market Fund-Regular Plan - Growth;INF955L01HY8;;1432.8754;;;18-Feb-2026
147380;Baroda BNP Paribas Money Market Fund-Regular Plan- Daily IDCW;;INF955L01HZ5;1005.9753;;;18-Feb-2026
147381;Baroda BNP Paribas Money Market Fund-Regular Plan-Weekly IDCW;;INF955L01IA6;1000.1698;;;18-Feb-2026

Edelweiss Mutual Fund
140236;Edelweiss Money Market Fund - Direct Plan - Annual - IDCW Option;INF843K01CI2;INF843K01CH4;32.6172;;;18-Feb-2026
140237;Edelweiss Money Market Fund - Direct Plan - Growth Option;INF843K01CE1;;32.6245;;;18-Feb-2026
140235;Edelweiss Money Market Fund - Direct Plan - IDCW Option;INF843K01CF8;INF843K01CG6;30.4263;;;18-Feb-2026
140230;Edelweiss Money Market Fund - Institutional Plan - Growth Option;INF843K01377;;25.2236;;;18-Feb-2026
140233;Edelweiss Money Market Fund - Regular Plan - Annual - IDCW Option;INF843K01922;INF843K01914;29.233;;;18-Feb-2026
140229;Edelweiss Money Market Fund - Regular Plan - Growth Option;INF843K01344;;29.4762;;;18-Feb-2026
140232;Edelweiss Money Market Fund - Regular Plan - IDCW Option;INF843K01351;INF843K01369;27.7285;;;18-Feb-2026

Groww Mutual Fund
153982;Groww Money Market Fund Direct Growth;INF666M01MW3;;10.1351;;;18-Feb-2026
153991;Groww Money Market Fund Direct IDCW;INF666M01MX1;INF666M01MY9;10.1351;;;18-Feb-2026
153992;Groww Money Market Fund Regular Growth;INF666M01MZ6;;10.1212;;;18-Feb-2026
153993;Groww Money Market Fund Regular IDCW;INF666M01NA7;INF666M01NB5;10.1213;;;18-Feb-2026

HDFC Mutual Fund
101994;HDFC Money Market Fund - Daily IDCW Option;;INF179KB1IG6;1063.64;;;18-Feb-2026
119093;HDFC Money Market Fund - Daily IDCW Option - Direct Plan;;INF179KB1HZ8;1063.64;;;18-Feb-2026
101993;HDFC Money Market Fund - Growth Option;INF179KB1HR5;;5944.9642;;;18-Feb-2026
119092;HDFC Money Market Fund - Growth Option - Direct Plan;INF179KB1HU9;;6069.767;;;18-Feb-2026
101995;HDFC Money Market Fund - Weekly IDCW Option;INF179KB1IH4;INF179KB1II2;1062.5247;;;18-Feb-2026
119094;HDFC Money Market Fund - Weekly IDCW Option -Direct Plan;INF179KB1IA9;INF179KB1IB7;1062.5382;;;18-Feb-2026

HSBC Mutual Fund
151055;HSBC Money Market Fund - Direct Daily IDCW;;INF917K01FD8;10.8591;;;18-Feb-2026
151054;HSBC Money Market Fund - Direct Growth;INF917K01FE6;;28.8095;;;18-Feb-2026
151052;HSBC Money Market Fund - Direct Monthly IDCW;INF917K01E86;INF917K01FF3;12.2433;;;18-Feb-2026
151053;HSBC Money Market Fund - Direct Weekly IDCW;;INF917K01FH9;13.1796;;;18-Feb-2026
151049;HSBC Money Market Fund - Regular Daily IDCW;;INF917K01AY5;10.8591;;;18-Feb-2026
151048;HSBC Money Market Fund - Regular Growth;INF917K01BC9;;27.437;;;18-Feb-2026
151051;HSBC Money Market Fund - Regular Monthly IDCW;INF917K01BB1;INF917K01BA3;11.5896;;;18-Feb-2026
151050;HSBC Money Market Fund - Regular Weekly IDCW;;INF917K01AZ2;13.0927;;;18-Feb-2026

ICICI Prudential Mutual Fund
120209;ICICI Prudential Money Market Fund Option - Direct Plan -  Daily IDCW;;INF109K01R22;100.1432;;;18-Feb-2026
120211;ICICI Prudential Money Market Fund Option - Direct Plan -  Growth;INF109K01R14;;400.0189;;;18-Feb-2026
120216;ICICI Prudential Money Market Fund Option - Direct Plan -  IDCW Others;INF109K01R30;;183.2867;;;18-Feb-2026
120212;ICICI Prudential Money Market Fund Option - Direct Plan -  Weekly IDCW;INF109K01R89;;100.7631;;;18-Feb-2026
103634;ICICI Prudential Money Market Fund Option - Daily IDCW;INF109K01TY9;;100.1288;;;18-Feb-2026
103633;ICICI Prudential Money Market Fund Option - Growth;INF109K01TX1;;394.9171;;;18-Feb-2026
130013;ICICI Prudential Money Market Fund Option - IDCW Others;INF109K01I64;;181.3790;;;18-Feb-2026
103635;ICICI Prudential Money Market Fund Option - Weekly IDCW;INF109K01TZ6;;100.6996;;;18-Feb-2026

Invesco Mutual Fund
115515;Invesco India Money Market Fund - Daily IDCW (Reinvestment);;INF205K01RU7;1000.264;;;18-Feb-2026
120506;Invesco India Money Market Fund - Direct Plan - Daily IDCW (Reinvestment);;INF205K01RV5;1012.1827;;;18-Feb-2026
120508;Invesco India Money Market Fund - Direct Plan - Discretionary IDCW (Payout / Reinvestment);INF205K01RW3;INF205K01RX1;2937.5029;;;18-Feb-2026
120507;Invesco India Money Market Fund - Direct Plan - Growth;INF205K01RY9;;3278.9997;;;18-Feb-2026
120509;Invesco India Money Market Fund - Direct Plan - Monthly IDCW (Payout / Reinvestment);INF205K01RZ6;INF205K01SA7;1195.8;;;18-Feb-2026
152581;Invesco India Money Market Fund - Direct Plan - Weekly IDCW (Payout / Reinvestment);INF205KA1858;INF205KA1866;1000.0218;;;18-Feb-2026
116653;Invesco India Money Market Fund - Discretionary IDCW (Payout / Reinvestment);INF205K01SB5;INF205K01SC3;3168.1459;;;18-Feb-2026
112123;Invesco India Money Market Fund - Growth;INF205K01SD1;;3164.906;;;18-Feb-2026
112125;Invesco India Money Market Fund - Monthly IDCW (Payout / Reinvestment);INF205K01SE9;INF205K01SF6;1022.1406;;;18-Feb-2026
112120;Invesco India Money Market Fund - Regular - Growth;INF205K01SG4;;2784.3948;;;18-Feb-2026
112122;Invesco India Money Market Fund - Regular - Monthly IDCW (Payout / Reinvestment);INF205K01SH2;INF205K01SI0;1478.8724;;;18-Feb-2026
116488;Invesco India Money Market Fund - Regular Plan - Daily IDCW (Reinvestment);;INF205K01UW7;1008.5561;;;18-Feb-2026
152580;Invesco India Money Market Fund - Weekly IDCW (Payout / Reinvestment);INF205KA1833;INF205KA1841;1000.3055;;;18-Feb-2026

Jio BlackRock Mutual Fund
153649;JioBlackRock Money Market Fund - Direct Plan - Growth Option;INF22M001028;;1037.3045;;;18-Feb-2026

Kotak Mahindra Mutual Fund
101893;Kotak Money Market Fund - (Growth);INF174K01NA6;;4671.2286;;;18-Feb-2026
119746;Kotak Money Market Fund - (Growth) - Direct;INF174K01MW2;;4718.6355;;;18-Feb-2026
101892;Kotak Money market Fund - (Monthly Payout of Income Distribution cum capital withdrawal option);INF174K018O0;INF174K01NB4;1054.5064;;;18-Feb-2026
119747;Kotak Money Market Fund - (Monthly Payout of Income Distribution cum capital withdrawal option) - Direct;INF174K019O8;INF174K01MX0;1254.9258;;;18-Feb-2026

LIC Mutual Fund
150392;LIC MF Money Market Fund-Direct Plan-Growth;INF767K01RE0;;1252.8336;;;18-Feb-2026
150391;LIC MF Money Market Fund-Direct Plan-IDCW;INF767K01RF7;INF767K01RG5;1252.8336;;;18-Feb-2026
150393;LIC MF Money Market Fund-Regular Plan-Growth;INF767K01RB6;;1235.679;;;18-Feb-2026
150394;LIC MF Money Market Fund-Regular Plan-IDCW;INF767K01RC4;INF767K01RD2;1235.679;;;18-Feb-2026

Mirae Asset Mutual Fund
149112;Mirae Asset Money Market Fund Direct Growth;INF769K01HN8;;1329.6473;;;18-Feb-2026
149113;Mirae Asset Money Market Fund Direct IDCW;INF769K01HM0;INF769K01HO6;1327.4535;;;18-Feb-2026
149115;Mirae Asset Money Market Fund Regular Growth;INF769K01HK4;;1308.4052;;;18-Feb-2026
149114;Mirae Asset Money Market Fund Regular IDCW;INF769K01HJ6;INF769K01HL2;1308.3954;;;18-Feb-2026

PGIM India Mutual Fund
148162;PGIM India Money Market Fund - Direct Plan - Daily Dividend Option;;INF663L01U16;1010.4294;;;18-Feb-2026
148161;PGIM India Money Market Fund - Direct Plan - Growth Option;INF663L01T84;;1420.9968;;;18-Feb-2026
148163;PGIM India Money Market Fund - Direct Plan - Monthly Dividend Option;INF663L01T92;;1070.9091;;;18-Feb-2026
148164;PGIM India Money Market Fund - Direct Plan - Weekly Dividend Option;;INF663L01U08;1000.8051;;;18-Feb-2026
148160;PGIM India Money Market Fund - Regular Plan - Daily Dividend Option;;INF663L01U57;1009.0935;;;18-Feb-2026
148159;PGIM India Money Market Fund - Regular Plan - Growth Option;INF663L01U24;;1377.3372;;;18-Feb-2026
148157;PGIM India Money Market Fund - Regular Plan - Monthly Dividend Option;INF663L01U32;;1061.032;;;18-Feb-2026
148158;PGIM India Money Market Fund - Regular Plan - Weekly Dividend Option;;INF663L01U40;1001.7468;;;18-Feb-2026
152111;PGIM India Money Market Fund - Segregated Portfolio 1 - Direct Plan - Annual IDCW option;;;0;;;18-Feb-2026
152114;PGIM India Money Market Fund - Segregated Portfolio 1 - Direct Plan - Growth Option;;;0;;;18-Feb-2026
152112;PGIM India Money Market Fund - Segregated Portfolio 1 - Direct Plan - Monthly IDCW Option;;;0;;;18-Feb-2026
152113;PGIM India Money Market Fund - Segregated Portfolio 1 - Direct Plan - Quarterly IDCW option;;;0;;;18-Feb-2026
152120;PGIM India Money Market Fund - Segregated Portfolio 1 - Regular Plan - Annual IDCW Option;;;0;;;18-Feb-2026
152122;PGIM India Money Market Fund - Segregated Portfolio 1 - Regular plan - Growth option;;;0;;;18-Feb-2026
152119;PGIM India Money Market Fund - Segregated Portfolio 1 - Regular Plan - Monthly IDCW option;;;0;;;18-Feb-2026
152121;PGIM India Money Market Fund - Segregated Portfolio 1 - Regular Plan - Quarterly IDCW Option;;;0;;;18-Feb-2026

SBI Mutual Fund
119821;SBI  SAVINGS FUND - DIRECT PLAN - GROWTH;INF200K01SZ5;;46.2822;;;18-Feb-2026
102503;SBI  SAVINGS FUND - REGULAR PLAN - GROWTH;INF200K01636;;43.0271;;;18-Feb-2026
119820;SBI Savings Fund - Direct Plan - Income Distribution cum Capital Withdrawal Option (IDCW);INF200K01SX0;INF200K01SY8;18.3449;;;18-Feb-2026
119822;SBI Savings Fund - Direct Plan Daily Income Distribution cum Capital Withdrawal Option (IDCW);;INF200K01SW2;14.4519;;;18-Feb-2026
119823;SBI Savings Fund - Direct Plan Weekly Income Distribution cum Capital Withdrawal Option (IDCW);INF200K01TA6;INF200K01TB4;16.7040;;;18-Feb-2026
102504;SBI Savings Fund - Regular Plan - Income Distribution cum Capital Withdrawal Option (IDCW);INF200K01644;INF200K01651;16.9656;;;18-Feb-2026
114348;SBI Savings Fund - Regular Plan Daily Income Distribution cum Capital Withdrawal Option (IDCW);;INF200KA1K20;14.0255;;;18-Feb-2026
102860;SBI Savings Fund - Regular Plan Weekly Income Distribution cum Capital Withdrawal Option (IDCW);INF200K01669;INF200K01677;16.0113;;;18-Feb-2026

Shriram Mutual Fund
154144;Shriram Money Market Fund - Direct Plan Growth Option;INF680P01471;;1005.3254;;;18-Feb-2026
154143;Shriram Money Market Fund - Regular Plan Growth Option;INF680P01489;;1005.1872;;;18-Feb-2026

Sundaram Mutual Fund
145050;Sundaram Money Market Fund Direct Plan - Growth;INF903JA1FR6;;15.7063;;;18-Feb-2026
145051;Sundaram Money Market Fund Direct Plan - Income Distribution cum Capital Withdrawal (IDCW);INF903JA1FS4;;11.0432;;;18-Feb-2026
145056;Sundaram Money Market Fund Direct Plan - Income Distribution cum Capital Withdrawal(IDCW);;INF903JA1FX4;11.0432;;;18-Feb-2026
145042;Sundaram Money Market Fund Regular Plan - Growth;INF903JA1FJ3;;15.5893;;;18-Feb-2026
145049;Sundaram Money Market Fund Regular Plan -Income Distribution cum Capital Withdrawal(IDCW);;INF903JA1FP0;11.0072;;;18-Feb-2026
145044;Sundaram Money Market Fund Regular Plan- Income Distribution cum Capital Withdrawal (IDCW);INF903JA1FK1;;11.0072;;;18-Feb-2026

Trust Mutual Fund
150513;TRUSTMF MONEY MARKET FUND-DIRECT PLAN-GROWTH;INF0GCD01503;;1273.8388;;;18-Feb-2026
150514;TRUSTMF MONEY MARKET FUND-DIRECT PLAN-MONTHLY IDCW;INF0GCD01529;INF0GCD01511;1146.5186;;;18-Feb-2026
150511;TRUSTMF MONEY MARKET FUND-REGULAR PLAN-GROWTH;INF0GCD01479;;1265.0573;;;18-Feb-2026
150512;TRUSTMF MONEY MARKET FUND-REGULAR PLAN-MONTHLY IDCW;INF0GCD01495;INF0GCD01487;1138.2958;;;18-Feb-2026

UTI Mutual Fund
120299;UTI MMF - Direct Plan - Growth Option;INF789F01XV6;;3249.5339;;;18-Feb-2026
139236;UTI MMF - Regular Plan - Flexi Dividend Option;INF789FA1M04;INF789FA1M12;1241.6551;;;18-Feb-2026
112077;UTI MMF - Regular Plan - Growth Option;INF789F01PX8;;3208.9961;;;18-Feb-2026
100724;UTI MMF- Discontinued - Regular Plan - Flexi Dividend Option;;INF789F01BD0;4001.1084;;;18-Feb-2026
100725;UTI MMF- Discontinued - Regular Plan - Periodic Dividend Option;INF789F01BE8;;2617.8847;;;18-Feb-2026
100723;UTI MMF-Discontinued - Regular Plan -Growth;INF789F01BF5;;7415.1607;;;18-Feb-2026
134973;UTI Money Market Fund - Direct Plan - Annual IDCW;INF789FA1N03;INF789FA1N11;1928.7531;;;18-Feb-2026
120772;UTI Money Market Fund - Direct Plan - Daily IDCW (Reinvestment);;INF789F01XU8;1030.9345;;;18-Feb-2026
143125;UTI Money Market Fund - Direct Plan - Flexi IDCW;INF789FA1N29;INF789FA1N37;1665.6896;;;18-Feb-2026
135606;UTI Money Market Fund - Direct Plan - Fortnightly IDCW;INF789FA1M20;INF789FA1M38;1252.4427;;;18-Feb-2026
140023;UTI Money Market Fund - Direct Plan - Half-Yearly IDCW;INF789FA1M87;INF789FA1M95;1815.7153;;;18-Feb-2026
133387;UTI Money Market Fund - Direct Plan - Monthly IDCW;INF789FA1M46;INF789FA1M53;1590.6505;;;18-Feb-2026
142249;UTI Money Market Fund - Direct Plan - Quarterly IDCW;INF789FA1M61;INF789FA1M79;1724.2503;;;18-Feb-2026
120793;UTI Money Market Fund - Direct Plan - Weekly IDCW;INF789F01XW4;INF789F01XX2;1111.188;;;18-Feb-2026
134972;UTI Money Market Fund - Regular Plan - Annual IDCW;INF789FA1L88;INF789FA1L96;1911.3544;;;18-Feb-2026
112076;UTI Money Market Fund - Regular Plan - Daily IDCW (Reinvestment);;INF789F01PW0;1082.0177;;;18-Feb-2026
135371;UTI Money Market Fund - Regular Plan - Fortnightly IDCW;INF789FA1L05;INF789FA1L13;1160.451;;;18-Feb-2026
134763;UTI Money Market Fund - Regular Plan - Half-Yearly IDCW;INF789FA1L62;INF789FA1L70;1803.2361;;;18-Feb-2026
133484;UTI Money Market Fund - Regular Plan - Monthly IDCW;INF789FA1L21;INF789FA1L39;1040.682;;;18-Feb-2026
139646;UTI Money Market Fund - Regular Plan - Quarterly IDCW;INF789FA1L47;INF789FA1L54;1002.3835;;;18-Feb-2026
112635;UTI Money Market Fund - Regular Plan - Weekly IDCW;INF789F01PY6;INF789F01PZ3;1111.8357;;;18-Feb-2026

Open Ended Schemes ( Debt Scheme - Short Duration Fund )


Axis Mutual Fund
120510;Axis Short Duration Fund - Direct Plan - Growth Option;INF846K01EI1;;35.1301;;;18-Feb-2026
120511;Axis Short Duration Fund - Direct Plan - Monthly IDCW;INF846K01EJ9;INF846K01EK7;10.0793;;;18-Feb-2026
133894;Axis Short Duration Fund - Direct Plan - Regular IDCW;INF846K01RH5;INF846K01RI3;21.4926;;;18-Feb-2026
120512;Axis Short Duration Fund - Direct Plan - Weekly IDCW;INF846K01EL5;INF846K01EM3;10.2460;;;18-Feb-2026
112354;Axis Short Duration Fund - Regular Plan - Growth Option;INF846K01644;;32.0937;;;18-Feb-2026
112355;Axis Short Duration Fund - Regular Plan - Monthly IDCW;INF846K01651;INF846K01669;10.0971;;;18-Feb-2026
133895;Axis Short Duration Fund - Regular Plan - Regular IDCW;INF846K01RJ1;INF846K01RK9;21.4701;;;18-Feb-2026
112369;Axis Short Duration Fund - Regular Plan - Weekly IDCW;INF846K01677;INF846K01685;10.3975;;;18-Feb-2026
112721;Axis Short Duration Fund - Retail Plan - Growth Option;INF846K01594;;31.7226;;;18-Feb-2026
112723;Axis Short Duration Fund - Retail Plan - Monthly IDCW;INF846K01602;INF846K01610;10.0749;;;18-Feb-2026
112722;Axis Short Duration Fund - Retail Plan - Weekly IDCW;INF846K01628;INF846K01636;10.2278;;;18-Feb-2026

Bank of India Mutual Fund
119382;BANK OF INDIA Short Term Income Fund-Direct Plan- Growth;INF761K01736;;30.1468;;;18-Feb-2026
119383;BANK OF INDIA Short Term Income Fund-Direct Plan- Monthly IDCW;INF761K01751;INF761K01744;14.6573;;;18-Feb-2026
119384;BANK OF INDIA Short Term Income Fund-Direct Plan- Quarterly IDCW;INF761K01777;INF761K01769;13.8981;;;18-Feb-2026
111585;BANK OF INDIA Short Term Income Fund-Regular Plan- Growth;INF761K01579;;27.6340;;;18-Feb-2026
111589;BANK OF INDIA Short Term Income Fund-Regular Plan- Monthly IDCW;INF761K01595;INF761K01587;14.1805;;;18-Feb-2026
111590;BANK OF INDIA Short Term Income Fund-Regular Plan- Quarterly IDCW;INF761K01611;INF761K01603;13.9742;;;18-Feb-2026

Baroda BNP Paribas Mutual Fund
119400;Baroda BNP Paribas Short Duration Fund - Direct Plan - Growth Option;INF955L01BD5;;32.9232;;;18-Feb-2026
119399;Baroda BNP Paribas Short Duration Fund - Direct Plan - Monthly IDCW Option;INF955L01BB9;;10.4958;;;18-Feb-2026
140463;Baroda BNP Paribas Short Duration Fund - Direct Plan - Quarterly IDCW;INF955L01GU8;;11.2623;;;18-Feb-2026
113036;Baroda BNP Paribas Short Duration Fund - Regular Plan - Growth Option;INF955L01153;;30.2112;;;18-Feb-2026
113037;Baroda BNP Paribas Short Duration Fund - Regular Plan - Monthly IDCW Option;INF955L01138;INF955L01146;10.2383;;;18-Feb-2026
140465;Baroda BNP Paribas Short Duration Fund - Regular Plan - Quarterly IDCW;INF955L01GS2;;10.6720;;;18-Feb-2026

Groww Mutual Fund
123708;Groww Short Duration Fund (formerly known as Indiabulls Short Term Fund )- Regular Plan - Growth Option;INF666M01AJ5;;2149.9981;;;18-Feb-2026
123704;Groww Short Duration Fund (formerly known as Indiabulls Short Term Fund) - Direct Plan - Growth Option;INF666M01AC0;;2479.1818;;;18-Feb-2026
123706;Groww Short Duration Fund (formerly known as Indiabulls Short Term Fund)- Direct Plan- Fortnightly - Income Distribution cum capital withdrawal Option (Payout & Reinvestment);INF666M01AH9;INF666M01AE6;1021.3592;;;18-Feb-2026
123707;Groww Short Duration Fund (formerly known as Indiabulls Short Term Fund)- Direct Plan- Monthly - Income Distribution cum capital withdrawal Option (Payout & Reinvestment);INF666M01AI7;INF666M01AF3;1024.7217;;;18-Feb-2026
123705;Groww Short Duration Fund (formerly known as Indiabulls Short Term Fund)- Direct Plan- Weekly - Income Distribution cum capital withdrawal Option (Payout & Reinvestment);INF666M01AG1;INF666M01AD8;1019.5725;;;18-Feb-2026
123710;Groww Short Duration Fund (formerly known as Indiabulls Short Term Fund)- Regular Plan- Fortnightly - Income Distribution cum capital withdrawal Option (Payout & Reinvestment);INF666M01AO5;INF666M01AL1;1021.2748;;;18-Feb-2026
123711;Groww Short Duration Fund (formerly known as Indiabulls Short Term Fund)- Regular Plan- Monthly - Income Distribution cum capital withdrawal Option (Payout & Reinvestment);INF666M01AP2;INF666M01AM9;1030.3601;;;18-Feb-2026
123709;Groww Short Duration Fund (formerly known as Indiabulls Short Term Fund)- Regular Plan- Weekly - Income Distribution cum capital withdrawal Option (Payout & Reinvestment);INF666M01AN7;INF666M01AK3;1019.5214;;;18-Feb-2026

HDFC Mutual Fund
119015;HDFC Short Term  Debt Fund - Fortnightly IDCW - Direct Plan;;;10.3453;;;18-Feb-2026
113048;HDFC Short Term  Debt Fund - Fortnightly IDCW Option;INF179K01CV4;INF179K01CW2;10.2379;;;18-Feb-2026
113047;HDFC Short Term  Debt Fund - Growth Option;INF179K01CU6;;33.2242;;;18-Feb-2026
119016;HDFC Short Term  Debt Fund - Growth Option - Direct Plan;INF179K01YM7;;34.3602;;;18-Feb-2026
133367;HDFC Short Term  Debt Fund - Normal IDCW - Direct Plan;INF179KA1Q53;;20.3582;;;18-Feb-2026
133368;HDFC Short Term  Debt Fund - Normal IDCW Option;INF179KA1Q79;;19.7432;;;18-Feb-2026

HSBC Mutual Fund
151063;HSBC Short Duration Fund -  Regular Plan - Monthly IDCW;INF917K01CH6;INF917K01CI4;11.1177;;;18-Feb-2026
151062;HSBC Short Duration Fund - Bonus;INF917K01CM6;;27.3896;;;18-Feb-2026
151070;HSBC Short Duration Fund - Direct Annual IDCW;INF917K01VR5;INF917K01VQ7;12.9029;;;18-Feb-2026
151067;HSBC Short Duration Fund - Direct Growth;INF917K01IQ4;;29.1079;;;18-Feb-2026
151068;HSBC Short Duration Fund - Direct Plan -  Monthly IDCW;INF917K01IP6;INF917K01IO9;11.7951;;;18-Feb-2026
151069;HSBC Short Duration Fund - Direct Quarterly IDCW;INF917K01IS0;INF917K01IR2;11.3805;;;18-Feb-2026
151071;HSBC Short Duration Fund - Regular Annual IDCW;INF917K01VT1;INF917K01VS3;12.2951;;;18-Feb-2026
151065;HSBC Short Duration Fund - Regular Growth;INF917K01CL8;;27.3906;;;18-Feb-2026
151064;HSBC Short Duration Fund - Regular Quarterly IDCW;INF917K01CJ2;INF917K01CK0;10.5163;;;18-Feb-2026

ICICI Prudential Mutual Fund
120754;ICICI Prudential Short Term Fund - Direct Plan - Growth Option;INF109K013N3;;68.4127;;;18-Feb-2026
120755;ICICI Prudential Short Term Fund - Direct Plan - Monthly IDCW;INF109K014N1;INF109K015N8;12.7369;;;18-Feb-2026
101758;ICICI Prudential Short Term Fund - Growth Option;INF109K01654;;62.4906;;;18-Feb-2026
101165;ICICI Prudential Short Term Fund - Monthly IDCW;INF109K01WL0;INF109K01647;12.1181;;;18-Feb-2026

Invesco Mutual Fund
120559;Invesco India Short Duration Fund - Direct Plan - Daily IDCW (Reinvestment);;INF205K01UE5;1030.0373;;;18-Feb-2026
120560;Invesco India Short Duration Fund - Direct Plan - Growth;INF205K01UH8;;4086.5448;;;18-Feb-2026
120561;Invesco India Short Duration Fund - Direct Plan - Monthly IDCW (Payout / Reinvestment);INF205K01UI6;INF205K01UJ4;2689.1;;;18-Feb-2026
120563;Invesco India Short Duration Fund - Direct Plan -Discretionary IDCW (Payout / Reinvestment);INF205K01UF2;INF205K01UG0;2883.0586;;;18-Feb-2026
120562;Invesco India Short Duration Fund - Direct Plan -Weekly IDCW (Reinvestment);;INF205K01UK2;1022.5166;;;18-Feb-2026
105189;Invesco India Short Duration Fund - Plan B - Growth;INF205K01UR7;;3663.6468;;;18-Feb-2026
105187;Invesco India Short Duration Fund - Plan B - Monthly IDCW (Payout / Reinvestment);INF205K01US5;INF205K01UT3;2400.5926;;;18-Feb-2026
105192;Invesco India Short Duration Fund - Plan B - Weekly IDCW (Reinvestment);;INF205K01UU1;1015.6977;;;18-Feb-2026
117973;Invesco India Short Duration Fund - Regular Plan - Daily IDCW (Reinvestment);;INF205K01UD7;1036.8661;;;18-Feb-2026
105185;Invesco India Short Duration Fund - Regular Plan - Growth;INF205K01UN6;;3685.7329;;;18-Feb-2026
105191;Invesco India Short Duration Fund - Regular Plan - Monthly IDCW (Payout / Reinvestment);INF205K01UO4;INF205K01UP1;1054.295;;;18-Feb-2026
105190;Invesco India Short Duration Fund - Regular Plan - Weekly IDCW (Reinvestment);;INF205K01UV9;1019.1975;;;18-Feb-2026
116110;Invesco India Short Duration Fund- Regular Plan - Discretionary IDCW (Payout / Reinvestment);INF205K01UL0;INF205K01UM8;2749.3973;;;18-Feb-2026

Jio BlackRock Mutual Fund
154079;JioBlackRock Short Duration Fund - Direct Plan - Growth Option;INF22M001143;;1006.8794;;;18-Feb-2026

JM Financial Mutual Fund
150545;JM Short Duration Fund (Direct) - Growth;INF192K01MP8;;12.7649;;;18-Feb-2026
150544;JM Short Duration Fund (Direct) - IDCW;INF192K01MQ6;INF192K01MR4;12.7653;;;18-Feb-2026
150542;JM Short Duration Fund (Regular) - Growth;INF192K01MM5;;12.4179;;;18-Feb-2026
150543;JM Short Duration Fund (Regular) - IDCW;INF192K01MN3;INF192K01MO1;12.4184;;;18-Feb-2026

Kotak Mahindra Mutual Fund
135500;Kotak Bond Short Term Plan - Direct - Standard Income Distribution cum capital withdrawal option;INF174K01Z14;INF174K01Z22;16.855;;;18-Feb-2026
135501;Kotak Bond Short Term Plan - Regular Plan - Normal Dividend;INF174K01Y98;INF174K01Z06;12.7554;;;18-Feb-2026
101373;Kotak Bond Short Term Plan-(Growth);INF174K01ES7;;53.8677;;;18-Feb-2026
119739;Kotak Bond Short Term Plan-(Growth) - Direct;INF174K01JI7;;59.5682;;;18-Feb-2026

LIC Mutual Fund
145954;LIC MF Short Duration Fund-Direct Plan-Growth;INF767K01PW6;;16.1662;;;18-Feb-2026
145953;LIC MF Short Duration Fund-Direct Plan-IDCW;INF767K01PX4;INF767K01PY2;16.1662;;;18-Feb-2026
151959;LIC MF Short Duration Fund-Direct Plan-Monthly IDCW;INF397L01BH1;INF397L01BI9;16.1643;;;18-Feb-2026
151960;LIC MF Short Duration Fund-Direct Plan-Weekly IDCW;INF397L01BK5;INF397L01BL3;16.1648;;;18-Feb-2026
145952;LIC MF Short Duration Fund-Regular Plan-Growth;INF767K01PT2;;15.0441;;;18-Feb-2026
145951;LIC MF Short Duration Fund-Regular Plan-IDCW;INF767K01PU0;INF767K01PV8;15.0441;;;18-Feb-2026
151955;LIC MF Short Duration Fund-Regular Plan-Monthly IDCW;INF397L01406;INF397L01414;15.0445;;;18-Feb-2026
151956;LIC MF Short Duration Fund-Regular Plan-Weekly IDCW;INF397L01430;INF397L01448;12.8116;;;18-Feb-2026

Mahindra Manulife Mutual Fund
148730;Mahindra Manulife Short Duration Fund - Direct Plan - IDCW;INF174V01AO1;INF174V01AN3;12.3061;;;18-Feb-2026
148729;Mahindra Manulife Short Duration Fund - Direct Plan -Growth;INF174V01AM5;;13.8126;;;18-Feb-2026
148727;Mahindra Manulife Short Duration Fund - Regular Plan - Growth;INF174V01AJ1;;13.1644;;;18-Feb-2026
148728;Mahindra Manulife Short Duration Fund - Regular Plan - IDCW;INF174V01AL7;INF174V01AK9;11.6856;;;18-Feb-2026

Mirae Asset Mutual Fund
142641;Mirae Asset Short Duration Fund - Direct Plan - Growth;INF769K01DX6;;17.3296;;;18-Feb-2026
142640;Mirae Asset Short Duration Fund - Direct Plan - IDCW;INF769K01DY4;INF769K01DZ1;17.2856;;;18-Feb-2026
142642;Mirae Asset Short Duration Fund - Regular Plan - Growth;INF769K01DU2;;16.2508;;;18-Feb-2026
142643;Mirae Asset Short Duration Fund - Regular Plan - IDCW;INF769K01DV0;INF769K01DW8;16.2543;;;18-Feb-2026

SBI Mutual Fund
106230;SBI Short Horizon Debt Fund - Short Term Fund - Retail Dividend - Fortnightly Income Distribution cum Capital Withdrawal Option (IDCW);INF200K01IA9;INF200K01IB7;15.6469;;;18-Feb-2026
106229;SBI Short Horizon Debt Fund - Short Term Fund - Retail Dividend - Monthly Income Distribution cum Capital Withdrawal Option (IDCW);INF200K01IC5;INF200K01ID3;17.2507;;;18-Feb-2026
106228;SBI Short Horizon Debt Fund - Short Term Fund - Retail Dividend - Weekly Income Distribution cum Capital Withdrawal Option (IDCW);INF200K01IE1;INF200K01IF8;15.6233;;;18-Feb-2026
106227;SBI SHORT HORIZON DEBT FUND-SHORT TERM FUND - RETAIL - GROWTH;INF200K01IG6;;37.6632;;;18-Feb-2026
119813;SBI Short Term Debt Fund - Direct Plan - Monthly Income Distribution cum Capital Withdrawal Option (IDCW);INF200K01VF1;INF200K01VG9;19.7733;;;18-Feb-2026
119816;SBI SHORT TERM DEBT FUND - DIRECT PLAN -GROWTH;INF200K01VE4;;35.4602;;;18-Feb-2026
119815;SBI Short Term Debt Fund - Direct Plan Fortnightly Income Distribution cum Capital Withdrawal Option (IDCW);INF200K01VC8;INF200K01VD6;23.8840;;;18-Feb-2026
119817;SBI Short Term Debt Fund - Direct Plan Weekly Income Distribution cum Capital Withdrawal Option (IDCW);INF200K01VH7;INF200K01VI5;15.5326;;;18-Feb-2026
106233;SBI Short Term Debt Fund - Regular Plan - Monthly Income Distribution cum Capital Withdrawal Option (IDCW);INF200K01HV7;INF200K01HW5;18.4038;;;18-Feb-2026
106231;SBI SHORT TERM DEBT FUND - REGULAR PLAN -GROWTH;INF200K01HZ8;;33.2885;;;18-Feb-2026
106234;SBI Short Term Debt Fund - Regular Plan Fortnightly Income Distribution cum Capital Withdrawal Option (IDCW);INF200K01HT1;INF200K01HU9;15.0784;;;18-Feb-2026
106232;SBI Short Term Debt Fund - Regular Plan Weekly Income Distribution cum Capital Withdrawal Option (IDCW);INF200K01HX3;INF200K01HY1;15.0933;;;18-Feb-2026

Sundaram Mutual Fund
149588;Sundaram Short Duration Fund (Formerly Known as Principal Short Term Debt Fund) - Direct Plan - Income Distribution CUM Capital Withdrawal Plan (IDCW);INF173K01GQ8;INF173K01GR6;13.1253;;;18-Feb-2026
149587;Sundaram Short Duration Fund (Formerly Known as Principal Short Term Debt Fund)- Direct Plan - Growth Option;INF173K01GP0;;49.7602;;;18-Feb-2026
149585;Sundaram Short Duration Fund (Formerly Known as Principal Short Term Debt Fund)- Growth Plan;INF173K01BA3;;45.8206;;;18-Feb-2026
149586;Sundaram Short Duration Fund (Formerly Known as Principal Short Term Debt Fund)- Income Distribution CUM Capital Withdrawal Option (IDCW);INF173K01BB1;INF173K01BC9;13.0110;;;18-Feb-2026

Trust Mutual Fund
149076;TRUSTMF Short Duration Fund-Direct Plan-Growth;INF0GCD01370;;1323.3902;;;18-Feb-2026
149078;TRUSTMF Short Duration Fund-Direct Plan-Monthly Income Distribution Cum Capital Withdrawal;INF0GCD01396;INF0GCD01404;1151.5777;;;18-Feb-2026
149079;TRUSTMF Short Duration Fund-Direct Plan-Quarterly Income Distribution Cum Capital Withdrawal;INF0GCD01412;INF0GCD01420;1167.8305;;;18-Feb-2026
149077;TRUSTMF Short Duration Fund-Direct Plan-Weekly Income Distribution Cum Capital Withdrawal;;INF0GCD01388;1126.6843;;;18-Feb-2026
149073;TRUSTMF Short Duration Fund-Regular Plan-Growth;INF0GCD01313;;1293.6473;;;18-Feb-2026
149080;TRUSTMF Short Duration Fund-Regular Plan-Monthly Income Distribution Cum Capital Withdrawal;INF0GCD01339;INF0GCD01347;1133.8975;;;18-Feb-2026
149075;TRUSTMF Short Duration Fund-Regular Plan-Quarterly Income Distribution Cum Capital Withdrawal;INF0GCD01354;INF0GCD01362;1139.7647;;;18-Feb-2026
149074;TRUSTMF Short Duration Fund-Regular Plan-Weekly Income Distribution Cum Capital Withdrawal;;INF0GCD01321;1109.6604;;;18-Feb-2026

UTI Mutual Fund
135497;UTI Short Duration Fund - Direct Plan - Annual IDCW;INF789FA1R33;INF789FA1R41;13.6976;;;18-Feb-2026
124962;UTI Short Duration Fund - Direct Plan - Flexi IDCW;INF789FB1T70;INF789FB1T62;19.3343;;;18-Feb-2026
120718;UTI Short Duration Fund - Direct Plan - Growth Option;INF789F01XY0;;35.0045;;;18-Feb-2026
131425;UTI Short Duration Fund - Direct Plan - Half Yearly Dividend Option;INF789FA1R17;INF789FA1R25;14.3296;;;18-Feb-2026
131548;UTI Short Duration Fund - Direct Plan - Monthly IDCW;INF789F01XZ7;INF789F01YA8;10.6937;;;18-Feb-2026
120719;UTI Short Duration Fund - Direct Plan - Quarterly IDCW;INF789FA1R66;INF789FA1R74;19.7926;;;18-Feb-2026
106383;UTI Short Duration Fund - Discontinued Regular Option - Dividend Sub Option;INF789F01AH3;INF789F01AI1;24.411;;;18-Feb-2026
106384;UTI Short Duration Fund - Discontinued Regular Option -Growth Sub Option;INF789F01AJ9;;46.1762;;;18-Feb-2026
134517;UTI Short Duration Fund - Regular Plan - Annual IDCW;INF789FA1Q91;INF789FA1R09;14.5066;;;18-Feb-2026
125045;UTI Short Duration Fund - Regular Plan - Flexi IDCW;INF789FB1T54;INF789FB1T47;18.7309;;;18-Feb-2026
106624;UTI Short Duration Fund - Regular Plan - Growth Option;INF789F01QA4;;32.8034;;;18-Feb-2026
131424;UTI Short Duration Fund - Regular Plan - Half-Yearly IDCW;INF789FA1Q75;INF789FA1Q83;14.0515;;;18-Feb-2026
131547;UTI Short Duration Fund - Regular Plan - Monthly IDCW;INF789F01QB2;INF789F01QC0;12.0058;;;18-Feb-2026
106980;UTI Short Duration Fund - Regular Plan - Quarterly IDCW;INF789FC1GD5;INF789FA1R58;16.9748;;;18-Feb-2026

Open Ended Schemes ( Debt Scheme - Medium Duration Fund )


Axis Mutual Fund
120475;Axis Strategic Bond Fund - Direct Plan - Growth Option;INF846K01DT0;;32.1426;;;18-Feb-2026
120474;Axis Strategic Bond Fund - Direct Plan - Half Yearly IDCW;INF846K01DU8;INF846K01DV6;12.0784;;;18-Feb-2026
120476;Axis Strategic Bond Fund - Direct Plan - Quarterly IDCW;INF846K01DW4;INF846K01DX2;10.4963;;;18-Feb-2026
116894;Axis Strategic Bond Fund - Regular Plan - Growth Option;INF846K01BP2;;29.1382;;;18-Feb-2026
116896;Axis Strategic Bond Fund - Regular Plan - Half Yearly IDCW;INF846K01BR8;INF846K01BT4;10.6551;;;18-Feb-2026
116895;Axis Strategic Bond Fund - Regular Plan - Quarterly IDCW;INF846K01BQ0;INF846K01BS6;10.2201;;;18-Feb-2026

HDFC Mutual Fund
101990;HDFC Medium Term Debt Fund - Fornightly IDCW Option;INF179K01897;INF179K01905;10.1412;;;18-Feb-2026
119080;HDFC Medium Term Debt Fund - Fortnightly IDCW Opt - Direct Plan;INF179KA1NP8;INF179KA1NO1;10.1427;;;18-Feb-2026
101989;HDFC Medium Term Debt Fund - Growth Option;INF179K01913;;58.4004;;;18-Feb-2026
119081;HDFC Medium Term Debt Fund - Growth Option - Direct Plan;INF179K01WI9;;63.6439;;;18-Feb-2026
132852;HDFC Medium Term Debt Fund - IDCW Option;INF179KA1E16;INF179KA1E08;19.7077;;;18-Feb-2026
132853;HDFC Medium Term Debt Fund - IDCW Option - Direct Plan;INF179KA1D90;INF179KA1D82;21.2659;;;18-Feb-2026

HSBC Mutual Fund
151150;HSBC Medium Duration Fund - Direct Annual IDCW;INF917K01WF8;INF917K01WC5;12.3509;;;18-Feb-2026
151146;HSBC Medium Duration Fund - Direct Growth;INF917K01TK4;;23.1616;;;18-Feb-2026
151148;HSBC Medium Duration Fund - Direct IDCW;INF917K01TM0;INF917K01TL2;11.6209;;;18-Feb-2026
151151;HSBC Medium Duration Fund - Regular Annual IDCW;INF917K01WE1;INF917K01WD3;11.2357;;;18-Feb-2026
151149;HSBC Medium Duration Fund - Regular Growth;INF917K01TH0;;21.138;;;18-Feb-2026
151147;HSBC Medium Duration Fund - Regular IDCW;INF917K01TJ6;INF917K01TI8;10.5697;;;18-Feb-2026

ICICI Prudential Mutual Fund
120670;ICICI Prudential Medium Term Bond Fund - Direct Plan - Growth;INF109K015A5;;51.7533;;;18-Feb-2026
120671;ICICI Prudential Medium Term Bond Fund - Direct Plan - Quarterly IDCW;INF109K018A9;INF109K019A7;11.4077;;;18-Feb-2026
102741;ICICI Prudential Medium Term Bond Fund - Growth;INF109K01AH4;;46.9485;;;18-Feb-2026
113137;ICICI Prudential Medium Term Bond Fund - Quarterly IDCW;INF109K01UF6;INF109K01IO3;10.8219;;;18-Feb-2026

Invesco Mutual Fund
149013;Invesco India Medium Duration Fund - Direct Plan - Discretionary IDCW (Payout/Reinvestment);INF205KA1411;INF205KA1445;1321.0752;;;18-Feb-2026
149011;Invesco India Medium Duration Fund - Direct Plan - Growth;INF205KA1429;;1321.1356;;;18-Feb-2026
149014;Invesco India Medium Duration Fund - Direct Plan - Quarterly IDCW (Payout / Reinvestment));INF205KA1403;INF205KA1437;1046.1047;;;18-Feb-2026
149010;Invesco India Medium Duration Fund - Regular Plan - Discretionary IDCW(Payout / Reinvestment));INF205KA1361;INF205KA1395;1271.261;;;18-Feb-2026
149012;Invesco India Medium Duration Fund - Regular Plan - Growth;INF205KA1379;;1271.2575;;;18-Feb-2026
149009;Invesco India Medium Duration Fund - Regular Plan - Quarterly IDCW (Payout / Reinvestment);INF205KA1353;INF205KA1387;1044.001;;;18-Feb-2026

Kotak Mahindra Mutual Fund
128079;Kotak Medium Term Fund - Direct - Standard Income Distribution cum capital withdrawal option;INF174K01VS1;INF174K01VU7;26.6631;;;18-Feb-2026
128006;Kotak Medium Term Fund - Direct Growth;INF174K01VQ5;;26.6606;;;18-Feb-2026
128009;Kotak Medium Term Fund - Growth;INF174K01VL6;;23.8393;;;18-Feb-2026
128078;Kotak Medium Term Fund - Standard Income Distribution cum capital withdrawal option;INF174K01VN2;INF174K01VP7;14.6322;;;18-Feb-2026

SBI Mutual Fund
119824;SBI MEDIUM DURATION FUND - DIRECT PLAN - GROWTH;INF200K01VB0;;57.5111;;;18-Feb-2026
119825;SBI Medium Duration Fund - Direct Plan - Income Distribution cum Capital Withdrawal Option (IDCW);INF200K01UZ1;INF200K01VA2;22.3556;;;18-Feb-2026
102053;SBI MEDIUM DURATION FUND - REGULAR PLAN - GROWTH;INF200K01719;;53.0433;;;18-Feb-2026
102054;SBI Medium Duration Fund - Regular Plan - Income Distribution cum Capital Withdrawal Option (IDCW);INF200K01727;INF200K01735;20.5611;;;18-Feb-2026

Sundaram Mutual Fund
119675;Sundaram Medium Duration Fund (Formerly Known as Sundaram Medium Term Bond Fund) Direct Plan - Growth;INF903J01PO6;;79.1767;;;18-Feb-2026
119672;Sundaram Medium Duration Fund (Formerly Known as Sundaram Medium Term Bond Fund) Direct Plan-Income Distribution cum Capital Withdrawal (IDCW);INF903J01PK4;INF903J01PL2;27.0312;;;18-Feb-2026
100603;Sundaram Medium Duration Fund (Formerly Known as Sundaram Medium Term Bond Fund) Regular Plan - Growth;INF903J01FQ2;;70.5483;;;18-Feb-2026
100602;Sundaram Medium Duration Fund (Formerly Known as Sundaram Medium Term Bond Fund) Regular Plan-Income Distribution cum Capital Withdrawal(IDCW);INF903J01FR0;INF903J01FU4;13.2193;;;18-Feb-2026

UTI Mutual Fund
148248;UTI - Medium Term Fund (Segregated - 06032020) - Direct Plan - Annual Dividend Option;INF789F1ASC5;INF789F1ASD3;0;;;18-Feb-2026
148249;UTI - Medium Term Fund (Segregated - 06032020) - Direct Plan - Flexi Dividend Option;INF789F1ASG6;INF789F1ASH4;0;;;18-Feb-2026
148257;UTI - Medium Term Fund (Segregated - 06032020) - Direct Plan - Growth Option;INF789F1ASB7;;0;;;18-Feb-2026
148256;UTI - Medium Term Fund (Segregated - 06032020) - Direct Plan - Half Yearly Dividend Option;INF789F1ASE1;INF789F1ASF8;0;;;18-Feb-2026
148250;UTI - Medium Term Fund (Segregated - 06032020) - Direct Plan - Monthly Dividend Option;INF789F1ASI2;INF789F1ASJ0;0;;;18-Feb-2026
148255;UTI - Medium Term Fund (Segregated - 06032020) - Direct Plan - Quarterly Dividend Option;INF789F1ARZ8;INF789F1ASA9;0;;;18-Feb-2026
148247;UTI - Medium Term Fund (Segregated - 06032020) - Regular Plan - Annual Dividend Option;INF789F1ASN2;INF789F1ASO0;0;;;18-Feb-2026
148254;UTI - Medium Term Fund (Segregated - 06032020) - Regular Plan - Flexi Dividend Option;INF789F1ASR3;INF789F1ASS1;0;;;18-Feb-2026
148252;UTI - Medium Term Fund (Segregated - 06032020) - Regular Plan - Growth Option;INF789F1ASM4;;0;;;18-Feb-2026
148251;UTI - Medium Term Fund (Segregated - 06032020) - Regular Plan - Half Yearly Dividend Option;INF789F1ASP7;INF789F1ASQ5;0;;;18-Feb-2026
148246;UTI - Medium Term Fund (Segregated - 06032020) - Regular Plan - Monthly Dividend Option;INF789F1AST9;INF789F1ASU7;0;;;18-Feb-2026
148253;UTI - Medium Term Fund (Segregated - 06032020) - Regular Plan - Quarterly Dividend Option;INF789F1ASK8;INF789F1ASL6;0;;;18-Feb-2026
134505;UTI Medium Duration Fund - Direct Plan - Annual IDCW;INF789FB1KL1;INF789FB1KM9;14.972;;;18-Feb-2026
134506;UTI Medium Duration Fund - Direct Plan - Flexi IDCW;INF789FB1KO5;INF789FB1KN7;15.7155;;;18-Feb-2026
134503;UTI Medium Duration Fund - Direct Plan - Growth Option;INF789FB1KE6;;20.214;;;18-Feb-2026
134504;UTI Medium Duration Fund - Direct Plan - Half-Yearly IDCW;INF789FB1KJ5;INF789FB1KK3;15.1406;;;18-Feb-2026
134501;UTI Medium Duration Fund - Direct Plan - Monthly IDCW;INF789FB1KF3;INF789FB1KG1;10.541;;;18-Feb-2026
134502;UTI Medium Duration Fund - Direct Plan - Quarterly IDCW;INF789FB1KH9;INF789FB1KI7;15.1244;;;18-Feb-2026
134500;UTI Medium Duration Fund - Regular Plan - Annual IDCW;INF789FB1KA4;INF789FB1KB2;13.7672;;;18-Feb-2026
134498;UTI Medium Duration Fund - Regular Plan - Flexi IDCW;INF789FB1KC0;INF789FB1KD8;13.8669;;;18-Feb-2026
134499;UTI Medium Duration Fund - Regular Plan - Growth Option;INF789FB1JU4;;18.7703;;;18-Feb-2026
134495;UTI Medium Duration Fund - Regular Plan - Monthly IDCW;INF789FB1JV2;INF789FB1KP2;13.5367;;;18-Feb-2026

Open Ended Schemes ( Debt Scheme - Medium to Long Duration Fund )


Bank of India Mutual Fund
119395;BANK OF INDIA Conservative Hybrid  Fund-Direct Plan-Quarterly IDCW;INF761K01850;INF761K01843;18.4019;;;18-Feb-2026
119393;BANK OF INDIA Conservative Hybrid Fund Fund-Direct Plan-Growth;INF761K01819;;37.4522;;;18-Feb-2026
119396;BANK OF INDIA Conservative Hybrid Fund-Direct Plan-Annual IDCW;INF761K01793;INF761K01801;17.0664;;;18-Feb-2026
119394;BANK OF INDIA Conservative Hybrid Fund-Direct Plan-Monthly IDCW;INF761K01835;INF761K01827;16.6837;;;18-Feb-2026
111715;BANK OF INDIA Conservative Hybrid Fund-ECO Plan-Growth;INF761K01397;;36.1134;;;18-Feb-2026
111717;BANK OF INDIA Conservative Hybrid Fund-ECO Plan-Monthly IDCW;INF761K01413;INF761K01405;27.3539;;;18-Feb-2026
111714;BANK OF INDIA Conservative Hybrid Fund-Regular Plan-Annual IDCW;INF761K01454;INF761K01447;16.9025;;;18-Feb-2026
111712;BANK OF INDIA Conservative Hybrid Fund-Regular Plan-Growth;INF761K01462;;34.8191;;;18-Feb-2026
111716;BANK OF INDIA Conservative Hybrid Fund-Regular Plan-Monthly IDCW;INF761K01488;INF761K01470;17.9263;;;18-Feb-2026
111713;BANK OF INDIA Conservative Hybrid Fund-Regular Plan-Quarterly IDCW;INF761K01504;INF761K01496;18.5800;;;18-Feb-2026

HDFC Mutual Fund
100124;HDFC Income Fund - Growth Option;INF179K01962;;59.0854;;;18-Feb-2026
119069;HDFC Income Fund - Growth Option - Direct Plan;INF179K01WL3;;65.6067;;;18-Feb-2026
133365;HDFC Income Fund - Normal IDCW - Direct Plan;INF179KA1Q12;;20.7476;;;18-Feb-2026
133366;HDFC Income Fund - Normal IDCW Option;INF179KA1Q38;;18.6332;;;18-Feb-2026
100123;HDFC Income Fund - Quarterly IDCW Option;INF179K01947;INF179K01954;11.4396;;;18-Feb-2026
119068;HDFC Income Fund - Quarterly IDCW- Direct Plan;INF179K01WJ7;INF179K01WK5;12.851;;;18-Feb-2026

HSBC Mutual Fund
120059;HSBC Medium to Long Duration Fund - Direct Growth;INF336L01DE2;;47.8288;;;18-Feb-2026
120101;HSBC Medium to Long Duration Fund - Direct Quarterly IDCW;INF336L01EO9;INF336L01EP6;10.5457;;;18-Feb-2026
101685;HSBC Medium to Long Duration Fund - Regular Growth;INF336L01776;;42.7019;;;18-Feb-2026
101686;HSBC Medium to Long Duration Fund - Regular Quarterly IDCW;INF336L01784;INF336L01792;10.5376;;;18-Feb-2026

ICICI Prudential Mutual Fund
120619;ICICI Prudential Bond Fund - Direct Plan - Growth;INF109K01V83;;43.5924;;;18-Feb-2026
131480;ICICI Prudential Bond Fund - Direct Plan - Half Yearly IDCW;INF109KA1X77;INF109KA1X69;10.9516;;;18-Feb-2026
120617;ICICI Prudential Bond Fund - Direct Plan - IDCW Monthly;INF109K01V59;INF109K01V67;11.5112;;;18-Feb-2026
120618;ICICI Prudential Bond Fund - Direct Plan - IDCW Quarterly;INF109K01V75;INF109K01V91;11.6809;;;18-Feb-2026
109740;ICICI Prudential Bond Fund - Growth;INF109K01BO8;;41.0570;;;18-Feb-2026
131481;ICICI Prudential Bond Fund - Half Yearly IDCW;INF109KA1X51;INF109KA1X44;11.2674;;;18-Feb-2026
109741;ICICI Prudential Bond Fund - IDCW Monthly;INF109K01EU9;INF109K01BP5;11.3013;;;18-Feb-2026
109743;ICICI Prudential Bond Fund - IDCW Quarterly;INF109K01EV7;INF109K01BS9;11.3078;;;18-Feb-2026

JM Financial Mutual Fund
120430;JM Medium to Long Duration Fund (Direct) - Growth Option;INF192K01CW5;;70.9337;;;18-Feb-2026
120431;JM Medium to Long Duration Fund (Direct) - Quarterly IDCW;INF192K01CU9;INF192K01CV7;25.0649;;;18-Feb-2026
100223;JM Medium to Long Duration Fund (Regular) - Growth Option;INF192K01AB3;;63.4668;;;18-Feb-2026
100222;JM Medium to Long Duration Fund (Regular) - Quarterly IDCW;INF192K01999;INF192K01AA5;21.5791;;;18-Feb-2026
101181;JM Medium to Long Duration Fund (Regular) - Bonus Option- Principal Units;INF192K01AC1;;25.9661;;;18-Feb-2026

Kotak Mahindra Mutual Fund
119734;Kotak Bond Fund - Direct Plan - Standard IDCW option;INF174K01JD8;;29.3185;;;18-Feb-2026
119735;Kotak Bond Fund - Growth - Direct;INF174K01JC0;;88.0878;;;18-Feb-2026
100300;Kotak Bond Fund - Regular Plan - Standard IDCW Option;INF174K01EQ1;INF174K01EP3;47.7707;;;18-Feb-2026
100299;Kotak Bond Fund - Regular Plan Growth;INF174K01EM0;;77.9713;;;18-Feb-2026

LIC Mutual Fund
151990;LIC MF Medium to Long Duration Fund-Direct Plan-Annual IDCW;INF397L01GD9;;19.3134;;;18-Feb-2026
120279;LIC MF Medium to Long Duration Fund-Direct Plan-Growth;INF767K01EW0;;79.9379;;;18-Feb-2026
120278;LIC MF Medium to Long Duration Fund-Direct Plan-IDCW;INF767K01EV2;INF767K01EX8;19.3135;;;18-Feb-2026
151988;LIC MF Medium to Long Duration Fund-Direct Plan-Quarterly IDCW;INF397L01GA5;;19.3136;;;18-Feb-2026
151989;LIC MF Medium to Long Duration Fund-Regular Plan-Annual IDCW;INF397L01FX9;;16.1637;;;18-Feb-2026
100315;LIC MF Medium to Long Duration Fund-Regular Plan-Growth;INF767K01923;;73.7417;;;18-Feb-2026
100314;LIC MF Medium to Long Duration Fund-Regular Plan-IDCW;INF767K01907;INF767K01915;16.1639;;;18-Feb-2026
151986;LIC MF Medium to Long Duration Fund-Regular Plan-Quarterly IDCW;INF397L01FU5;;16.1638;;;18-Feb-2026

SBI Mutual Fund
119713;SBI Medium to Long Duration Fund - Direct Plan - Half Yearly - Income Distribution cum Capital Withdrawal Option (IDCW);INF200K01SP6;INF200K01SQ4;22.1316;;;18-Feb-2026
121940;SBI Medium to Long Duration Fund - Direct Plan - Quarterly Income Distribution cum Capital Withdrawal Option (IDCW);INF200K01YS8;INF200K01YT6;22.6574;;;18-Feb-2026
100638;SBI Medium to Long Duration Fund - Regular Plan - Half Yearly - Income Distribution cum Capital Withdrawal Option (IDCW);INF200K01610;INF200K01628;18.8258;;;18-Feb-2026
121944;SBI Medium to Long Duration Fund - Regular Plan - Quarterly Income Distribution cum Capital Withdrawal Option (IDCW);INF200K01YQ2;INF200K01YR0;20.2691;;;18-Feb-2026
119712;SBI Medium to Long Duration Fund-DIRECT PLAN - Bonus;INF200K01SO9;;47.3096;;;18-Feb-2026
119714;SBI Medium to Long Duration Fund-DIRECT PLAN -Growth;INF200K01SR2;;78.0039;;;18-Feb-2026
100640;SBI Medium to Long Duration Fund-REGULAR PLAN-Bonus;INF200K01602;;43.6102;;;18-Feb-2026
100639;SBI Medium to Long Duration Fund-REGULAR PLAN-Growth;INF200K01594;;71.9748;;;18-Feb-2026

UTI Mutual Fund
139339;UTI Medium to Long Duration Fund - Direct Plan - Annual IDCW;INF789FA1T80;;13.311;;;18-Feb-2026
133280;UTI Medium to Long Duration Fund - Direct Plan - Flexi IDCW;INF789FA1U04;INF789FA1U12;15.8302;;;18-Feb-2026
134998;UTI Medium to Long Duration Fund - Direct Plan - Half-Yearly IDCW;INF789FA1T64;INF789FA1T72;15.2353;;;18-Feb-2026
120690;UTI Medium to Long Duration Fund - Direct Plan - Quarterly IDCW;INF789F01SO1;INF789F01SP8;25.6782;;;18-Feb-2026
133869;UTI Medium to Long Duration Fund - Regular Plan - Annual IDCW;INF789FA1T23;INF789FA1T31;13.0983;;;18-Feb-2026
133872;UTI Medium to Long Duration Fund - Regular Plan - Flexi IDCW;INF789FA1T49;INF789FA1T56;14.4867;;;18-Feb-2026
135581;UTI Medium to Long Duration Fund - Regular Plan - Half-Yearly IDCW;INF789FA1T07;INF789FA1T15;14.7192;;;18-Feb-2026
100742;UTI Medium to Long Duration Fund - Regular Plan - Quarterly IDCW;INF789F01380;INF789F01398;19.135;;;18-Feb-2026
100741;UTI Medium to Long Duration Fund- Regular Plan - Growth;INF789F01406;;74.5029;;;18-Feb-2026
120689;UTI Medium to Long Duration Fund-Growth - Direct;INF789F01SQ6;;81.367;;;18-Feb-2026

Open Ended Schemes ( Debt Scheme - Long Duration Fund )


Axis Mutual Fund
151205;Axis Long Duration Fund - Direct Plan - Annual IDCW;INF846K017M4;INF846K019M0;1228.3394;;;18-Feb-2026
151179;Axis Long Duration Fund - Direct Plan - Growth;INF846K014L3;;1236.7170;;;18-Feb-2026
151202;Axis Long Duration Fund - Direct Plan - Monthly IDCW;INF846K019L2;INF846K011M7;1016.7087;;;18-Feb-2026
151204;Axis Long Duration Fund - Direct Plan - Quarterly IDCW;INF846K013M3;INF846K015M8;1204.3893;;;18-Feb-2026
151176;Axis Long Duration Fund - Direct Plan -Daily IDCW;;INF846K017L6;995.3917;;;18-Feb-2026
151206;Axis Long Duration Fund - Regular Plan - Annual IDCW;INF846K016M6;INF846K018M2;1211.0255;;;18-Feb-2026
151177;Axis Long Duration Fund - Regular Plan - Daily IDCW;;INF846K016L8;993.4956;;;18-Feb-2026
151178;Axis Long Duration Fund - Regular Plan - Growth;INF846K015L0;;1219.2410;;;18-Feb-2026
151201;Axis Long Duration Fund - Regular Plan - Monthly IDCW;INF846K018L4;INF846K010M9;1016.4313;;;18-Feb-2026
151203;Axis Long Duration Fund - Regular Plan - Quarterly IDCW;INF846K012M5;INF846K014M1;1187.1186;;;18-Feb-2026

HDFC Mutual Fund
151314;HDFC Long Duration Debt Fund - Growth Option;INF179KC1EW1;;12.1597;;;18-Feb-2026
151313;HDFC Long Duration Debt Fund - Growth Option - Direct Plan;INF179KC1ET7;;12.2917;;;18-Feb-2026
151311;HDFC Long Duration Debt Fund - IDCW Option;INF179KC1EX9;INF179KC1EY7;10.5364;;;18-Feb-2026
151312;HDFC Long Duration Debt Fund - IDCW Option - Direct Plan;INF179KC1EU5;INF179KC1EV3;10.2998;;;18-Feb-2026

ICICI Prudential Mutual Fund
120743;ICICI Prudential Long Term Bond Fund - Direct Plan - Growth;INF109K017L8;;99.1039;;;18-Feb-2026
120747;ICICI Prudential Long Term Bond Fund - Direct Plan - Quarterly IDCW;INF109K010M1;INF109K011M9;12.7572;;;18-Feb-2026
100365;ICICI Prudential Long Term Bond Fund - Growth;INF109K01365;;90.2671;;;18-Feb-2026
100367;ICICI Prudential Long Term Bond Fund - Quarterly IDCW;INF109K01EZ8;INF109K01399;12.3663;;;18-Feb-2026

Kotak Mahindra Mutual Fund
152491;Kotak Long Duration Fund - Direct Plan - Growth;INF174KA1RF5;;10.9572;;;18-Feb-2026
152492;Kotak Long Duration Fund - Direct Plan - IDCW;INF174KA1RG3;INF174KA1RH1;10.9575;;;18-Feb-2026
152489;Kotak Long Duration Fund - Regular Plan - Growth;INF174KA1RC2;;10.896;;;18-Feb-2026
152490;Kotak Long Duration Fund - Regular Plan - IDCW;INF174KA1RD0;INF174KA1RE8;10.8962;;;18-Feb-2026

Mirae Asset Mutual Fund
153105;Mirae Asset Long Duration Fund - Direct Plan - Growth;INF769K01NC9;;10.3369;;;18-Feb-2026
153106;Mirae Asset Long Duration Fund - Direct Plan - IDCW;INF769K01ND7;INF769K01NF2;10.3318;;;18-Feb-2026
153107;Mirae Asset Long Duration Fund - Regular Plan - Growth;INF769K01MZ2;;10.2751;;;18-Feb-2026
153108;Mirae Asset Long Duration Fund - Regular Plan - IDCW;INF769K01NA3;INF769K01NB1;10.2750;;;18-Feb-2026

SBI Mutual Fund
151214;SBI Long Duration Fund - Direct Plan - Growth;INF200KA16T4;;12.5322;;;18-Feb-2026
151215;SBI Long Duration Fund - Direct Plan - Income Distribution cum Capital Withdrawal Option (IDCW);INF200KA17T2;INF200KA18T0;12.5326;;;18-Feb-2026
151212;SBI Long Duration Fund - Regular Plan - Growth;INF200KA13T1;;12.3677;;;18-Feb-2026
151213;SBI Long Duration Fund - Regular Plan - Income Distribution cum Capital Withdrawal Option (IDCW);INF200KA14T9;INF200KA15T6;12.3680;;;18-Feb-2026

UTI Mutual Fund
151525;UTI Long Duration Fund - Direct Plan - Annual IDCW Option;INF789F1AYG4;INF789F1AYH2;11.1694;;;18-Feb-2026
151526;UTI Long Duration Fund - Direct Plan - Flexi IDCW Option;INF789F1AYI0;INF789F1AYJ8;11.9616;;;18-Feb-2026
151523;UTI Long Duration Fund - Direct Plan - Growth Option;INF789F1AYB5;;12.115;;;18-Feb-2026
151530;UTI Long Duration Fund - Direct Plan - Half Yearly IDCW Option;INF789F1AYE9;INF789F1AYF6;12.115;;;18-Feb-2026
151524;UTI Long duration Fund - Direct Plan - Quarterly IDCW Option;INF789F1AYC3;INF789F1AYD1;12.115;;;18-Feb-2026
151531;UTI Long Duration Fund - Regular Plan - Annual IDCW Option;INF789F1AXX1;INF789F1AXY9;10.8555;;;18-Feb-2026
151532;UTI Long Duration Fund - Regular Plan - Flexi IDCW Option;INF789F1AXZ6;INF789F1AYA7;11.789;;;18-Feb-2026
151527;UTI Long Duration Fund - Regular Plan - Growth Option;INF789F1AXS1;;11.7888;;;18-Feb-2026
151529;UTI Long Duration Fund - Regular Plan - Half Yearly IDCW Option;INF789F1AXV5;INF789F1AXW3;11.7889;;;18-Feb-2026
151528;UTI Long Duration Fund - Regular Plan - Quarterly IDCW Option;INF789F1AXT9;INF789F1AXU7;11.7889;;;18-Feb-2026

Open Ended Schemes ( Debt Scheme - Dynamic Bond )


360 ONE Mutual Fund
122612;360 ONE Dynamic Bond Fund - Regular Plan - Growth Option;INF579M01183;;23.5329;;;18-Feb-2026
122715;360 ONE Dynamic Bond Fund Direct Plan Growth;INF579M01266;;24.8669;;;18-Feb-2026
122721;360 ONE Dynamic Bond Fund Direct Plan Monthly Dividend;INF579M01282;INF579M01316;14.1446;;;18-Feb-2026
122717;360 ONE Dynamic Bond Fund Direct Plan Quarterly Dividend;INF579M01290;INF579M01324;22.9435;;;18-Feb-2026
122711;360 ONE Dynamic Bond Fund Regular Plan Bonus;INF579M01191;;23.5329;;;18-Feb-2026
122720;360 ONE Dynamic Bond Fund Regular Plan Half Yearly Dividend;INF579M01225;INF579M01258;22.7092;;;18-Feb-2026
122719;360 ONE Dynamic Bond Fund Regular Plan Monthly Dividend;INF579M01209;INF579M01233;13.0688;;;18-Feb-2026
122712;360 ONE Dynamic Bond Fund Regular Plan Quarterly Dividend;INF579M01217;INF579M01241;22.7094;;;18-Feb-2026

Axis Mutual Fund
120451;Axis Dynamic Bond Fund - Direct Plan - Growth Option;INF846K01DI3;;33.4724;;;18-Feb-2026
120450;Axis Dynamic Bond Fund - Direct Plan - Half Yearly IDCW;INF846K01DJ1;INF846K01DK9;12.9066;;;18-Feb-2026
120452;Axis Dynamic Bond Fund - Direct Plan - Quarterly IDCW;INF846K01DL7;INF846K01DM5;11.3152;;;18-Feb-2026
115068;Axis Dynamic Bond Fund - Regular Plan - Growth Option;INF846K01917;;30.4198;;;18-Feb-2026
115131;Axis Dynamic Bond Fund - Regular Plan - Half Yearly IDCW;INF846K01941;INF846K01958;11.7666;;;18-Feb-2026
115069;Axis Dynamic Bond Fund - Regular Plan - Quarterly IDCW;INF846K01925;INF846K01933;11.3456;;;18-Feb-2026

Baroda BNP Paribas Mutual Fund
150179;Baroda BNP Paribas Dynamic Bond Fund - Direct Plan - Daily IDCW Option;;INF251K01GX8;10.0654;;;18-Feb-2026
150180;Baroda BNP Paribas Dynamic Bond Fund - Direct Plan - Growth Option;INF251K01GW0;;51.3621;;;18-Feb-2026
150182;Baroda BNP Paribas Dynamic Bond Fund - Direct Plan - Monthly IDCW Option;INF251K01GZ3;INF251K01HA4;10.5111;;;18-Feb-2026
150183;Baroda BNP Paribas Dynamic Bond Fund - Direct Plan - Quarterly IDCW Option;INF251K01HB2;INF251K01HC0;10.4837;;;18-Feb-2026
150184;Baroda BNP Paribas Dynamic Bond Fund - Direct Plan - Weekly IDCW Option;;INF251K01GY6;10.0473;;;18-Feb-2026
150174;Baroda BNP Paribas Dynamic Bond Fund - Regular Plan - Daily IDCW Option;;INF251K01DX5;9.9967;;;18-Feb-2026
150173;Baroda BNP Paribas Dynamic Bond Fund - Regular Plan - Growth Option;INF251K01DW7;;45.8419;;;18-Feb-2026
150178;Baroda BNP Paribas Dynamic Bond Fund - Regular Plan - Half Yearly IDCW Option;INF251K01ED5;INF251K01EE3;10.0597;;;18-Feb-2026
150176;Baroda BNP Paribas Dynamic Bond Fund - Regular Plan - Monthly IDCW Option;INF251K01DZ0;INF251K01EA1;10.0796;;;18-Feb-2026
150177;Baroda BNP Paribas Dynamic Bond Fund - Regular Plan - Quarterly IDCW Option;INF251K01EB9;INF251K01EC7;10.0249;;;18-Feb-2026
150175;Baroda BNP Paribas Dynamic Bond Fund - Regular Plan - Weekly IDCW Option;;INF251K01DY3;9.9771;;;18-Feb-2026
150172;Baroda BNP Paribas Dynamic Bond Fund-Defunct Plan - Growth Option;INF251K01EF0;;32.2826;;;18-Feb-2026

Groww Mutual Fund
145589;Groww Dynamic Bond Fund (formerly known as Indiabulls Dynamic Bond Fund) - Direct Plan - Growth option;INF666M01EK5;;1542.9389;;;18-Feb-2026
145590;Groww Dynamic Bond Fund (formerly known as Indiabulls Dynamic Bond Fund) - Regular Plan - Growth option;INF666M01ES8;;1470.9065;;;18-Feb-2026
145596;Groww Dynamic Bond Fund (formerly known as Indiabulls Dynamic Bond Fund)- Direct Plan- - Income Distribution cum capital withdrawal Option ( Reinvestment);;INF666M01EL3;1016.6573;;;18-Feb-2026
145595;Groww Dynamic Bond Fund (formerly known as Indiabulls Dynamic Bond Fund)- Direct Plan- Fortnightly - Income Distribution cum capital withdrawal Option (Payout & Reinvestment);INF666M01EO7;INF666M01EP4;1018.7833;;;18-Feb-2026
145591;Groww Dynamic Bond Fund (formerly known as Indiabulls Dynamic Bond Fund)- Direct Plan- Monthly - Income Distribution cum capital withdrawal Option (Payout & Reinvestment);INF666M01EQ2;INF666M01ER0;1010.3153;;;18-Feb-2026
145597;Groww Dynamic Bond Fund (formerly known as Indiabulls Dynamic Bond Fund)- Direct Plan- Weekly - Income Distribution cum capital withdrawal Option (Payout & Reinvestment);INF666M01EM1;INF666M01EN9;1015.6493;;;18-Feb-2026
145593;Groww Dynamic Bond Fund (formerly known as Indiabulls Dynamic Bond Fund)- Regular Plan- - Income Distribution cum capital withdrawal Option ( Reinvestment);;INF666M01ET6;1013.0985;;;18-Feb-2026
145598;Groww Dynamic Bond Fund (formerly known as Indiabulls Dynamic Bond Fund)- Regular Plan- Fortnightly - Income Distribution cum capital withdrawal Option (Payout & Reinvestment);INF666M01EW0;INF666M01EX8;1010.529;;;18-Feb-2026
145592;Groww Dynamic Bond Fund (formerly known as Indiabulls Dynamic Bond Fund)- Regular Plan- Monthly - Income Distribution cum capital withdrawal Option (Payout & Reinvestment);INF666M01EY6;INF666M01EZ3;1004.7905;;;18-Feb-2026
145594;Groww Dynamic Bond Fund (formerly known as Indiabulls Dynamic Bond Fund)- Regular Plan- Weekly - Income Distribution cum capital withdrawal Option (Payout & Reinvestment);INF666M01EU4;INF666M01EV2;1010.2901;;;18-Feb-2026

HDFC Mutual Fund
101872;HDFC Dynamic Debt Fund - Growth Option;INF179K01848;;90.5375;;;18-Feb-2026
119075;HDFC Dynamic Debt Fund - Growth Option - Direct Plan;INF179K01WB4;;100.3801;;;18-Feb-2026
119072;HDFC Dynamic Debt Fund - Half Yearly IDCW - Direct Plan;INF179K01WC2;INF179K01WD0;13.7735;;;18-Feb-2026
101874;HDFC Dynamic Debt Fund - Half Yearly IDCW Option;INF179K01855;INF179K01863;11.7368;;;18-Feb-2026
133369;HDFC Dynamic Debt Fund - Normal IDCW - Direct Plan;INF179KA1Q95;;21.1357;;;18-Feb-2026
133370;HDFC Dynamic Debt Fund - Normal IDCW Option;INF179KA1R11;;19.3965;;;18-Feb-2026
119073;HDFC Dynamic Debt Fund - Quarterly IDCW - Direct Plan;INF179K01WE8;INF179K01WF5;14.1261;;;18-Feb-2026
101873;HDFC Dynamic Debt Fund - Quarterly IDCW Option;INF179K01871;INF179K01889;12.6139;;;18-Feb-2026
119074;HDFC Dynamic Debt Fund - Yearly IDCW - Direct Plan;INF179K01WG3;INF179K01WH1;15.4492;;;18-Feb-2026
101875;HDFC Dynamic Debt Fund - Yearly IDCW Option;INF179K01921;INF179K01939;13.8328;;;18-Feb-2026

HSBC Mutual Fund
151088;HSBC Dynamic Bond Fund - Direct Annual IDCW;INF917K01VN4;INF917K01VM6;11.4316;;;18-Feb-2026
151087;HSBC Dynamic Bond Fund - Direct Growth;INF917K01HA0;;32.6402;;;18-Feb-2026
151086;HSBC Dynamic Bond Fund - Direct Monthly IDCW;INF917K01GZ9;INF917K01GY2;12.7404;;;18-Feb-2026
151089;HSBC Dynamic Bond Fund - Regular Annual IDCW;INF917K01VP9;INF917K01VO2;10.7324;;;18-Feb-2026
151084;HSBC Dynamic Bond Fund - Regular Growth;INF677K01916;;30.0367;;;18-Feb-2026
151085;HSBC Dynamic Bond Fund - Regular Monthly IDCW;INF677K01924;INF677K01932;10.6833;;;18-Feb-2026

ICICI Prudential Mutual Fund
113218;ICICI Prudential All Seasons Bond Fund - Annual IDCW;INF109K01GO7;INF109K01GP4;11.1908;;;18-Feb-2026
120601;ICICI Prudential All Seasons Bond Fund - Direct Plan - Annual IDCW;INF109K012E4;INF109K013E2;11.1920;;;18-Feb-2026
120603;ICICI Prudential All Seasons Bond Fund - Direct Plan - Growth;INF109K016E5;;41.2322;;;18-Feb-2026
120600;ICICI Prudential All Seasons Bond Fund - Direct Plan - IDCW;INF109K014E0;INF109K015E7;26.7568;;;18-Feb-2026
120602;ICICI Prudential All Seasons Bond Fund - Direct Plan - Quarterly IDCW;INF109K017E3;INF109K018E1;11.9992;;;18-Feb-2026
120604;ICICI Prudential All Seasons Bond Fund - Direct Plan - Weekly IDCW;INF109K019E9;INF109K010F5;10.5585;;;18-Feb-2026
112096;ICICI Prudential All Seasons Bond Fund - Growth;INF109K01GN9;;38.0043;;;18-Feb-2026
112097;ICICI Prudential All Seasons Bond Fund - IDCW;INF109K01GK5;INF109K01GL3;23.6332;;;18-Feb-2026
113403;ICICI Prudential All Seasons Bond Fund - Quarterly IDCW;INF109K01GE8;INF109K01GF5;11.7046;;;18-Feb-2026
101351;ICICI Prudential All Seasons Bond Fund - Weekly IDCW;INF109K01FD2;INF109K01704;10.9727;;;18-Feb-2026

JM Financial Mutual Fund
120432;JM Dynamic Bond Fund (Direct) - Daily IDCW;;INF192K01CZ8;10.1082;;;18-Feb-2026
120434;JM Dynamic Bond Fund (Direct) - IDCW;INF192K01DB7;INF192K01DC5;45.7686;;;18-Feb-2026
133414;JM Dynamic Bond Fund (Direct) - Monthly IDCW;INF192K01IL5;INF192K01IM3;46.1203;;;18-Feb-2026
120433;JM Dynamic Bond Fund (Direct) - Weekly IDCW;;INF192K01DA9;10.5546;;;18-Feb-2026
105639;JM Dynamic Bond Fund (Regular) - Daily IDCW;;INF192K01668;10.0535;;;18-Feb-2026
101806;JM Dynamic Bond Fund (Regular) - Growth Option;INF192K01700;;42.5307;;;18-Feb-2026
101805;JM Dynamic Bond Fund (Regular) - IDCW;INF192K01684;INF192K01692;42.6641;;;18-Feb-2026
133390;JM Dynamic Bond Fund (Regular) - Monthly IDCW;INF192K01IJ9;INF192K01IK7;42.8666;;;18-Feb-2026
105637;JM Dynamic Bond Fund (Regular) - Weekly IDCW;;INF192K01676;10.546;;;18-Feb-2026
120435;JM Dynamic Bond Fund - (Direct) - Growth Option;INF192K01DD3;;45.5239;;;18-Feb-2026

Kotak Mahindra Mutual Fund
119753;Kotak Dynamic Bond Fund - Direct Plan - Standard Income Distribution cum capital withdrawal option;INF174K01JX6;;14.7092;;;18-Feb-2026
119755;Kotak Dynamic Bond Fund - Growth - Direct;INF174K01JU2;;41.9117;;;18-Feb-2026
117998;Kotak Dynamic Bond Fund Regular Plan - Standard Income Distribution cum capital withdrawal option;INF174K01IY6;INF174K01IZ3;14.4067;;;18-Feb-2026
108511;Kotak Dynamic Bond Fund Regular Plan Growth;INF174K01FA2;;38.2401;;;18-Feb-2026

Mahindra Manulife Mutual Fund
144403;Mahindra Manulife Dynamic Bond Fund - Direct Plan - Growth;INF174V01580;;15.8389;;;18-Feb-2026
144406;Mahindra Manulife Dynamic Bond Fund - Direct Plan - IDCW;INF174V01606;INF174V01598;12.5723;;;18-Feb-2026
144404;Mahindra Manulife Dynamic Bond Fund - Direct Plan - Quarterly IDCW;INF174V01622;INF174V01614;11.3750;;;18-Feb-2026
144401;Mahindra Manulife Dynamic Bond Fund - Regular Plan - Growth;INF174V01531;;14.5579;;;18-Feb-2026
144405;Mahindra Manulife Dynamic Bond Fund - Regular Plan - IDCW;INF174V01556;INF174V01549;11.3825;;;18-Feb-2026
144402;Mahindra Manulife Dynamic Bond Fund - Regular Plan - Quarterly IDCW;INF174V01572;INF174V01564;10.2677;;;18-Feb-2026

Mirae Asset Mutual Fund
140769;Mirae Asset Dynamic Bond Fund -Direct Plan -Growth;INF769K01DR8;;18.3713;;;18-Feb-2026
140770;Mirae Asset Dynamic Bond Fund Direct IDCW;INF769K01DS6;INF769K01DT4;18.3515;;;18-Feb-2026
140772;Mirae Asset Dynamic Bond Fund Regular IDCW;INF769K01DP2;INF769K01DQ0;16.7146;;;18-Feb-2026
140771;Mirae Asset Dynamic Bond Fund-Regular Plan Growth;INF769K01DO5;;16.7142;;;18-Feb-2026

PGIM India Mutual Fund
120084;PGIM India Dynamic Bond Fund - Direct Plan-Growth Option;INF663L01AD7;;3047.8292;;;18-Feb-2026
120086;PGIM India Dynamic Bond Fund - Direct Plan-Quarterly Dividend Option;INF663L01AI6;INF663L01AH8;1191.0398;;;18-Feb-2026
116484;PGIM India Dynamic Bond Fund - Dividend Option - Quarterly;INF663L01526;INF663L01534;1070.6984;;;18-Feb-2026
116485;PGIM India Dynamic Bond Fund - Growth Option;INF663L01484;;2662.2929;;;18-Feb-2026

Quantum Mutual Fund
134494;Quantum Dynamic Bond Fund - Direct Plan Growth Option;INF082J01176;;22.2684;;;18-Feb-2026
134493;Quantum Dynamic Bond Fund - Direct Plan Monthly IDCW;INF082J01184;INF082J01192;10.3180;;;18-Feb-2026
141061;Quantum Dynamic Bond Fund - Regular Plan Growth Option;INF082J01218;;21.8465;;;18-Feb-2026
141060;Quantum Dynamic Bond Fund - Regular Plan Monthly IDCW;INF082J01226;INF082J01234;10.3743;;;18-Feb-2026

SBI Mutual Fund
119671;SBI Dynamic Bond Fund - DIRECT PLAN - Growth;INF200K01RD4;;39.9643;;;18-Feb-2026
119670;SBI Dynamic Bond Fund - Direct Plan - Income Distribution cum Capital Withdrawal Option (IDCW);INF200K01RB8;INF200K01RC6;22.3225;;;18-Feb-2026
102205;SBI Dynamic Bond Fund - REGULAR PLAN - Growth;INF200K01958;;36.3515;;;18-Feb-2026
102206;SBI Dynamic Bond Fund - Regular Plan - Income Distribution cum Capital Withdrawal Option (IDCW);INF200K01966;INF200K01974;19.0575;;;18-Feb-2026

UTI Mutual Fund
135536;UTI Dynamic Bond Fund - Direct Plan - Annual IDCW;INF789FA1S65;INF789FA1S73;14.966;;;18-Feb-2026
133180;UTI Dynamic Bond Fund - Direct Plan - Flexi IDCW;INF789FA1S81;INF789FA1S99;17.3497;;;18-Feb-2026
120762;UTI Dynamic Bond Fund - Direct Plan - Growth Option;INF789F01XD4;;34.5716;;;18-Feb-2026
134788;UTI Dynamic Bond Fund - Direct Plan - Half-Yearly IDCW;INF789FA1S40;INF789FA1S57;17.0176;;;18-Feb-2026
120763;UTI Dynamic Bond Fund - Direct Plan - Quarterly IDCW;INF789F01XB8;INF789F01XC6;26.6043;;;18-Feb-2026
133852;UTI Dynamic Bond Fund - Regular Plan - Annual IDCW;INF789FA1S08;INF789FA1S16;13.8751;;;18-Feb-2026
135336;UTI Dynamic Bond Fund - Regular Plan - Flexi IDCW;INF789FA1S24;INF789FA1S32;16.7702;;;18-Feb-2026
113077;UTI Dynamic Bond Fund - Regular Plan - Growth Option;INF789F01JQ5;;31.6394;;;18-Feb-2026
139181;UTI Dynamic Bond Fund - Regular Plan - Half-Yearly IDCW;INF789FA1R82;INF789FA1R90;15.5911;;;18-Feb-2026
113078;UTI Dynamic Bond Fund - Regular Plan - Quarterly IDCW;INF789F01JO0;INF789F01JP7;17.2274;;;18-Feb-2026

Open Ended Schemes ( Debt Scheme - Corporate Bond Fund )


Axis Mutual Fund
141586;Axis Corporate Bond Fund - Direct Plan - Daily IDCW;INF846K01ZN6;;10.2340;;;18-Feb-2026
141590;Axis Corporate Bond Fund - Direct Plan - Monthly IDCW;INF846K01ZQ9;INF846K01ZR7;10.2609;;;18-Feb-2026
141591;Axis Corporate Bond Fund - Direct Plan - Regular IDCW;INF846K01ZS5;INF846K01ZT3;14.6545;;;18-Feb-2026
141587;Axis Corporate Bond Fund - Direct Plan - Weekly IDCW;INF846K01ZO4;INF846K01ZP1;10.3648;;;18-Feb-2026
141588;Axis Corporate Bond Fund - Direct Plan Growth;INF846K01ZM8;;18.7841;;;18-Feb-2026
141589;Axis Corporate Bond Fund - Regular Plan - Daily IDCW;INF846K01ZV9;;10.2338;;;18-Feb-2026
141594;Axis Corporate Bond Fund - Regular Plan - Monthly IDCW;INF846K01ZY3;INF846K01ZZ0;10.2491;;;18-Feb-2026
141595;Axis Corporate Bond Fund - Regular Plan - Regular IDCW;INF846K01A03;INF846K01A11;13.6615;;;18-Feb-2026
141592;Axis Corporate Bond Fund - Regular Plan - Weekly IDCW;INF846K01ZW7;INF846K01ZX5;10.2464;;;18-Feb-2026
141593;Axis Corporate Bond Fund - Regular Plan Growth;INF846K01ZU1;;17.6821;;;18-Feb-2026

Baroda BNP Paribas Mutual Fund
150230;BARODA BNP PARIBAS Corporate Bond Fund - Defunct Plan - Annual-IDCW Option;INF251K01EN4;INF251K01EO2;11.8772;;;18-Feb-2026
150229;BARODA BNP PARIBAS Corporate Bond Fund - Defunct Plan - Growth Option;INF251K01EI4;;32.9954;;;18-Feb-2026
150231;BARODA BNP PARIBAS Corporate Bond Fund - Defunct Plan - Monthly-IDCW Option;INF251K01EJ2;INF251K01EK0;10.3696;;;18-Feb-2026
150228;BARODA BNP PARIBAS Corporate Bond Fund - Defunct Plan - Quarterly-IDCW Option;INF251K01EL8;INF251K01EM6;10.4236;;;18-Feb-2026
150236;BARODA BNP PARIBAS Corporate Bond Fund - Direct Plan - Annual IDCW Option;INF251K01GU4;INF251K01GV2;12.1553;;;18-Feb-2026
150237;BARODA BNP PARIBAS Corporate Bond Fund - Direct Plan - Growth Option;INF251K01GP4;;30.3251;;;18-Feb-2026
150238;BARODA BNP PARIBAS Corporate Bond Fund - Direct Plan - Monthly IDCW Option;INF251K01GQ2;INF251K01GR0;10.5669;;;18-Feb-2026
150239;BARODA BNP PARIBAS Corporate Bond Fund - Direct Plan - Quarterly IDCW Option;INF251K01GS8;INF251K01GT6;10.6664;;;18-Feb-2026
150233;BARODA BNP PARIBAS CORPORATE BOND FUND - Regular Plan - ANNUAL IDCW OPTION;INF251K01EU9;INF251K01EV7;11.8003;;;18-Feb-2026
150235;BARODA BNP PARIBAS CORPORATE BOND FUND - Regular Plan - GROWTH OPTION;INF251K01EP9;;28.5078;;;18-Feb-2026
150234;BARODA BNP PARIBAS CORPORATE BOND FUND - Regular Plan - MONTHLY IDCW OPTION;INF251K01EQ7;INF251K01ER5;10.4129;;;18-Feb-2026
150232;BARODA BNP PARIBAS CORPORATE BOND FUND - Regular Plan - QUARTERLY IDCW OPTION;INF251K01ES3;INF251K01ET1;10.4355;;;18-Feb-2026

HDFC Mutual Fund
113070;HDFC Corporate Bond Fund - Growth Option;INF179K01DC2;;33.5539;;;18-Feb-2026
118987;HDFC Corporate Bond Fund - Growth Option - Direct Plan;INF179K01XD8;;34.3423;;;18-Feb-2026
132848;HDFC Corporate Bond Fund - IDCW Option;INF179KA1D33;INF179KA1D25;20.3124;;;18-Feb-2026
132849;HDFC Corporate Bond Fund - IDCW Option - Direct Plan;INF179KA1D17;;21.0425;;;18-Feb-2026
113071;HDFC Corporate Bond Fund - Quarterly IDCW Option;INF179K01DD0;INF179K01DE8;10.5622;;;18-Feb-2026
118986;HDFC Corporate Bond Fund - Quarterly IDCW Option - Direct Plan;INF179K01XB2;INF179K01XC0;10.4681;;;18-Feb-2026

HSBC Mutual Fund
151000;HSBC Corporate Bond Fund - Direct Annual IDCW;INF917K01VZ8;INF917K01VY1;12.4464;;;18-Feb-2026
150996;HSBC Corporate Bond Fund - Direct Growth;INF917K01HN3;;80.9136;;;18-Feb-2026
150998;HSBC Corporate Bond Fund - Direct Quarterly IDCW;INF917K01HP8;INF917K01HO1;11.4344;;;18-Feb-2026
150997;HSBC Corporate Bond Fund - Direct Semi Annual IDCW;INF917K01HR4;INF917K01HQ6;20.3398;;;18-Feb-2026
151001;HSBC Corporate Bond Fund - Regular Annual IDCW;INF917K01WB7;INF917K01WA9;12.1585;;;18-Feb-2026
150992;HSBC Corporate Bond Fund - Regular Growth;INF917K01AH0;;75.8325;;;18-Feb-2026
150993;HSBC Corporate Bond Fund - Regular Quarterly IDCW;INF917K01AF4;INF917K01AG2;11.0187;;;18-Feb-2026
150994;HSBC Corporate Bond Fund - Regular Semi Annual IDCW;INF917K01AI8;INF917K01AJ6;16.9781;;;18-Feb-2026
150995;HSBC Corporate Bond Fund -Regular Plan - Bonus;INF917K01AK4;;28.8052;;;18-Feb-2026

ICICI Prudential Mutual Fund
120692;ICICI Prudential Corporate Bond Fund - Direct Plan - Growth;INF109K016B1;;32.4874;;;18-Feb-2026
120697;ICICI Prudential Corporate Bond Fund - Direct Plan - Monthly IDCW;INF109K017B9;INF109K018B7;10.2690;;;18-Feb-2026
120694;ICICI Prudential Corporate Bond Fund - Direct Plan - Quarterly IDCW;INF109K019B5;INF109K012C8;15.5186;;;18-Feb-2026
111987;ICICI Prudential Corporate Bond Fund - Growth;INF109K01CQ1;;30.9717;;;18-Feb-2026
111991;ICICI Prudential Corporate Bond Fund - Monthly IDCW;INF109K01SK0;INF109K01CT5;10.4233;;;18-Feb-2026
111992;ICICI Prudential Corporate Bond Fund -Quarterly IDCW;INF109K01SN4;INF109K01SO2;11.2141;;;18-Feb-2026

Invesco Mutual Fund
120500;Invesco India Corporate Bond Fund - Direct Plan - Annual IDCW (Payout / Reinvestment);INF205K01RA9;INF205K01RB7;1299.2537;;;18-Feb-2026
120499;Invesco India Corporate Bond Fund - Direct Plan - Discretionary IDCW (Payout / Reinvestment);INF205K01RD3;INF205K01RE1;3528.1409;;;18-Feb-2026
120497;Invesco India Corporate Bond Fund - Direct Plan - Growth;INF205K01RF8;;3527.0146;;;18-Feb-2026
120496;Invesco India Corporate Bond Fund - Direct Plan - Monthly IDCW (Payout / Reinvestment);INF205K01RG6;INF205K01RH4;1262.2364;;;18-Feb-2026
120501;Invesco India Corporate Bond Fund - Direct Plan - Quarterly IDCW (Payout / Reinvestment);INF205K01RI2;INF205K01RJ0;1165.3914;;;18-Feb-2026
106179;Invesco India Corporate Bond Fund - Regular Plan - Annual IDCW (Payout / Reinvestment);INF205K01QX3;INF205K01QY1;2027.536;;;18-Feb-2026
116109;Invesco India Corporate Bond Fund - Regular Plan - Discretionary IDCW (Payout / Reinvestment);INF205K01RK8;INF205K01RL6;3448.9919;;;18-Feb-2026
106177;Invesco India Corporate Bond Fund - Regular Plan - Growth;INF205K01RM4;;3282.9491;;;18-Feb-2026
106171;Invesco India Corporate Bond Fund - Regular Plan - Monthly IDCW (Payout / Reinvestment);INF205K01RN2;INF205K01RO0;1881.6768;;;18-Feb-2026
106172;Invesco India Corporate Bond Fund - Regular Plan - Quarterly IDCW (Payout / Reinvestment);INF205K01RP7;INF205K01RQ5;1159.6023;;;18-Feb-2026

Kotak Mahindra Mutual Fund
133791;Kotak Corporate Bond Fund- Direct Plan- Growth Option;INF178L01BY0;;4090.1845;;;18-Feb-2026
133792;Kotak Corporate Bond Fund- Direct Plan- Monthly Payout of Income Distribution cum capital withdrawal option;INF178L01BZ7;;1073.5102;;;18-Feb-2026
133782;Kotak Corporate Bond Fund- Regular Plan-Growth Option;INF178L01BO1;;3909.0161;;;18-Feb-2026
133787;Kotak Corporate Bond Fund- Regular Plan-Monthly Dividend Option;INF178L01BQ6;INF178L01BP8;1273.4076;;;18-Feb-2026

Mirae Asset Mutual Fund
148755;Mirae Asset Corporate Bond Fund Direct Growth Plan;INF769K01HD9;;13.4662;;;18-Feb-2026
148756;Mirae Asset Corporate Bond Fund Direct IDCW;INF769K01HC1;INF769K01HE7;13.4630;;;18-Feb-2026
148757;Mirae Asset Corporate Bond Fund Regular Growth;INF769K01HA5;;13.1782;;;18-Feb-2026
148758;Mirae Asset Corporate Bond Fund Regular IDCW;INF769K01GZ4;INF769K01HB3;13.1782;;;18-Feb-2026

PGIM India Mutual Fund
138317;PGIM India Corporate Bond Fund - Annual Dividend;INF223J01CY6;INF223J01CZ3;10.8231;;;18-Feb-2026
138329;PGIM India Corporate Bond Fund - Direct Plan - Annual Dividend;INF223J01OM6;;16.6974;;;18-Feb-2026
138330;PGIM India Corporate Bond Fund - Direct Plan - Growth;INF223J01OO2;;49.8289;;;18-Feb-2026
138331;PGIM India Corporate Bond Fund - Direct Plan - Monthly Dividend;INF223J01OP9;;14.8711;;;18-Feb-2026
138332;PGIM India Corporate Bond Fund - Direct Plan - Quarterly Dividend;INF223J01OR5;INF223J01OS3;13.0679;;;18-Feb-2026
138318;PGIM India Corporate Bond Fund - Growth;INF223J01DB2;;44.5196;;;18-Feb-2026
138316;PGIM India Corporate Bond Fund - Monthly Dividend;INF223J01DC0;INF223J01DD8;12.7418;;;18-Feb-2026
138315;PGIM India Corporate Bond Fund - Quarterly Dividend;INF223J01DE6;INF223J01DF3;11.4932;;;18-Feb-2026

SBI Mutual Fund
146215;SBI Corporate Bond Fund - Direct Plan - Growth;INF200KA1YR4;;16.5754;;;18-Feb-2026
146212;SBI Corporate Bond Fund - Direct Plan - Monthly Income Distribution cum Capital Withdrawal Option (IDCW);INF200KA1YS2;INF200KA1YT0;15.6455;;;18-Feb-2026
146216;SBI Corporate Bond Fund - Direct Plan - Quarterly Income Distribution cum Capital Withdrawal Option (IDCW);INF200KA1YU8;INF200KA1YV6;16.1135;;;18-Feb-2026
146207;SBI Corporate Bond Fund - Regular Plan - Growth;INF200KA1YM5;;16.0472;;;18-Feb-2026
146208;SBI Corporate Bond Fund - Regular Plan - Monthly Income Distribution cum Capital Withdrawal Option (IDCW);INF200KA1YN3;INF200KA1YO1;15.1445;;;18-Feb-2026
146210;SBI Corporate Bond Fund - Regular Plan - Quarterly Income Distribution cum Capital Withdrawal Option (IDCW);INF200KA1YP8;INF200KA1YQ6;15.5916;;;18-Feb-2026

Sundaram Mutual Fund
119621;Sundaram Corporate Bond Fund Direct Plan - Growth;INF903J01NR4;;42.9598;;;18-Feb-2026
119630;Sundaram Corporate Bond Fund Direct Plan-Income Distribution cum Capital Withdrawal(IDCW);INF903J01NU8;INF903J01NV6;19.1771;;;18-Feb-2026
100786;Sundaram Corporate Bond Fund Regular Plan - Income Distribution cum Capital Withdrawal (IDCW );INF903J01HY2;INF903J01IC6;18.5477;;;18-Feb-2026
100789;Sundaram Corporate Bond Fund Regular Plan- Growth;INF903J01HW6;;41.4781;;;18-Feb-2026

Trust Mutual Fund
151320;TRUSTMF CORPORATE BOND FUND-DIRECT PLAN-GROWTH;INF0GCD01560;;1242.4464;;;18-Feb-2026
151321;TRUSTMF CORPORATE BOND FUND-DIRECT PLAN-MONTHLY IDCW;INF0GCD01586;INF0GCD01578;1174.9368;;;18-Feb-2026
151322;TRUSTMF CORPORATE BOND FUND-REGULAR PLAN-GROWTH;INF0GCD01537;;1227.142;;;18-Feb-2026
151319;TRUSTMF CORPORATE BOND FUND-REGULAR PLAN-MONTHLY IDCW;INF0GCD01552;INF0GCD01545;1157.84;;;18-Feb-2026

UTI Mutual Fund
144344;UTI Corporate Bond Fund - Direct Plan - Annual IDCW;INF789F1A587;INF789F1A595;13.9196;;;18-Feb-2026
144341;UTI Corporate Bond Fund - Direct Plan - Flexi IDCW;INF789F1A603;INF789F1A611;15.3118;;;18-Feb-2026
144339;UTI Corporate Bond Fund - Direct Plan - Growth Option;INF789F1A538;;17.3724;;;18-Feb-2026
144340;UTI Corporate Bond Fund - Direct Plan - Half-Yearly IDCW;INF789F1A561;INF789F1A579;14.8443;;;18-Feb-2026
144346;UTI Corporate Bond Fund - Direct Plan - Quarterly IDCW;INF789F1A546;INF789F1A553;15.1939;;;18-Feb-2026
144337;UTI Corporate Bond Fund - Regular Plan - Annual IDCW;INF789F1A496;INF789F1A504;13.557;;;18-Feb-2026
144338;UTI Corporate Bond Fund - Regular Plan - Flexi IDCW;INF789F1A512;INF789F1A520;14.9419;;;18-Feb-2026
144345;UTI Corporate Bond Fund - Regular Plan - Growth Option;INF789F1A447;;16.9687;;;18-Feb-2026
144343;UTI Corporate Bond Fund - Regular Plan - Half-Yearly IDCW;INF789F1A470;INF789F1A488;14.3373;;;18-Feb-2026
144342;UTI Corporate Bond Fund - Regular Plan - Quarterly IDCW;INF789F1A454;INF789F1A462;14.7554;;;18-Feb-2026

Open Ended Schemes ( Debt Scheme - Credit Risk Fund )


Axis Mutual Fund
130314;Axis Credit Risk Fund - Direct Plan - Growth;INF846K01PJ5;;25.2213;;;18-Feb-2026
130312;Axis Credit Risk Fund - Direct Plan - Monthly IDCW;INF846K01PM9;INF846K01PN7;10.2444;;;18-Feb-2026
130311;Axis Credit Risk Fund - Direct Plan - Weekly IDCW;INF846K01PK3;INF846K01PL1;10.2952;;;18-Feb-2026
130309;Axis Credit Risk Fund - Regular Plan - Growth;INF846K01PO5;;22.4427;;;18-Feb-2026
130313;Axis Credit Risk Fund - Regular Plan - Monthly IDCW;INF846K01PR8;INF846K01PS6;10.1703;;;18-Feb-2026
130310;Axis Credit Risk Fund - Regular Plan - Weekly IDCW;INF846K01PP2;INF846K01PQ0;10.1685;;;18-Feb-2026

Bank of India Mutual Fund
133868;BANK OF INDIA Credit Risk  Fund - Direct Plan;INF761K01DG8;;13.6203;;;18-Feb-2026
133867;BANK OF INDIA Credit Risk Fund - Regular Plan;INF761K01DH6;;13.2609;;;18-Feb-2026

Baroda BNP Paribas Mutual Fund
152903;Baroda BNP Paribas Credit Risk fund - Regular-Quarterly- IDCW option -Seg. Portfolio 2 (erstwhile BBNPP Medium Duration Fund Regular-Quarterly IDCW option Seg. Portfolio 1);INF955L01IZ3;INF955L01JA4;0.0000;;;18-Feb-2026
152905;Baroda BNP Paribas Credit Risk fund - Regular-Weekly-IDCW option -Seg. Portfolio 2 (erstwhile BBNPP Medium Duration Fund Regular-Weekly IDCW option Seg. Portfolio 1);;INF955L01JE6;0.0000;;;18-Feb-2026
152892;Baroda BNP Paribas Credit risk fund -Defunct -Growth option -Seg-Portfolio 2 (erstwhile BBNPP Medium Duration Fund-Defunct Growth Option Seg.Portfolio1);INF955L01JM9;;0.0000;;;18-Feb-2026
152899;Baroda BNP Paribas Credit Risk fund -Defunct -Monthly IDCW option -Seg. Portfolio 2 (erstwhile BBNPP Medium Duration Fund Defunct-Monthly IDCW option Seg. Portfolio 1);INF955L01JP2;INF955L01JQ0;0.0000;;;18-Feb-2026
152894;Baroda BNP Paribas Credit Risk fund -Defunct -Weekly IDCW option -Seg. Portfolio 2 (erstwhile BBNPP Medium Duration Fund Defunct-Weekly IDCW option Seg. Portfolio 1);;INF955L01JO5;0.0000;;;18-Feb-2026
152898;Baroda BNP Paribas Credit Risk fund -Direct - Growth option -Seg. Portfolio 2 (erstwhile BBNPP Medium Duration Fund Direct-Growth option Seg. Portfolio 1);INF955L01JF3;;0.0000;;;18-Feb-2026
152897;Baroda BNP Paribas Credit Risk fund -Direct -Monthly IDCW option -Seg. Portfolio 2 (erstwhile BBNPP Medium Duration Fund Direct-Monthly IDCW option Seg. Portfolio 1);;INF955L01JJ5;0.0000;;;18-Feb-2026
152896;Baroda BNP Paribas Credit Risk fund -Direct -Quarterly IDCW option -Seg. Portfolio 2 (erstwhile BBNPP Medium Duration Fund Direct-Quarterly IDCW option Seg. Portfolio 1);INF955L01JG1;INF955L01JH9;0.0000;;;18-Feb-2026
152895;Baroda BNP Paribas Credit Risk fund -Direct -Weekly IDCW option -Seg. Portfolio 2 (erstwhile BBNPP Medium Duration Fund Direct-weekly IDCW option Seg. Portfolio 1);;INF955L01JL1;0.0000;;;18-Feb-2026
133520;Baroda BNP Paribas Credit Risk Fund -Direct- Monthly IDCW;INF955L01FZ9;;14.3412;;;18-Feb-2026
133524;Baroda BNP Paribas Credit Risk Fund -Direct- Quarterly IDCW;INF955L01GA0;;12.7709;;;18-Feb-2026
152900;Baroda BNP Paribas Credit Risk fund -Direct-Daily IDCW option -Seg. Portfolio 2 (erstwhile BBNPP Medium Duration Fund Direct-daily-IDCW option Seg. Portfolio 1);INF955L01JI7;INF955L01JK3;0.0000;;;18-Feb-2026
133488;Baroda BNP Paribas Credit Risk Fund -Direct-Growth Option;INF955L01FR6;;25.5512;;;18-Feb-2026
152901;Baroda BNP Paribas Credit Risk fund -Regular -Daily-IDCW option -Seg. Portfolio 2 (erstwhile BBNPP Medium Duration Fund Regular-Daily-IDCW option Seg. Portfolio 1);;INF955L01JD8;0.0000;;;18-Feb-2026
152902;Baroda BNP Paribas Credit Risk fund -Regular -Monthly IDCW option -Seg. Portfolio 2 (erstwhile BBNPP Medium Duration Fund Regular-Monthly IDCW option Seg. Portfolio 1);INF955L01JB2;INF955L01JC0;0.0000;;;18-Feb-2026
152904;Baroda BNP Paribas Credit Risk fund -Regular-Growth -Seg. Portfolio 2 (erstwhile BBNPP Medium Duration Fund Regular Growth Seg. Portfolio 1);INF955L01IY6;;0.0000;;;18-Feb-2026
133486;Baroda BNP Paribas Credit Risk Fund -Regular-Growth Option;INF955L01FP0;;23.1025;;;18-Feb-2026
133517;Baroda BNP Paribas Credit Risk Fund -Regular-Monthly IDCW;INF955L01FU0;;11.2527;;;18-Feb-2026
133518;Baroda BNP Paribas Credit Risk Fund -Regular-Quarterly IDCW;INF955L01FV8;;11.7174;;;18-Feb-2026
148333;Baroda BNP Paribas Credit Risk Fund- Direct- Growth Option- Segregated Portfolio- 1;INF955L01IT6;;0.0000;;;18-Feb-2026
148334;Baroda BNP Paribas Credit Risk Fund- Direct- Monthly IDCW Option- Segregated Portfolio- 1;INF955L01IW0;INF955L01IX8;0.0000;;;18-Feb-2026
148330;Baroda BNP Paribas Credit Risk Fund- Regular- Growth Option- Segregated Portfolio- 1;INF955L01IO7;;0.0000;;;18-Feb-2026
148331;Baroda BNP Paribas Credit Risk Fund- Regular- Monthly IDCW Option- Segregated Portfolio- 1;INF955L01IR0;INF955L01IS8;0.0000;;;18-Feb-2026
148332;Baroda BNP Paribas Credit Risk Fund- Regular- Quarterly IDCW Option- Segregated Portfolio- 1;INF955L01IP4;INF955L01IQ2;0.0000;;;18-Feb-2026
152893;Baroda BNP Paribas Credit Risk Fund-Defunct -Daily IDCW option - seg Portfolio 2 (erstwhile BBNPP Medium Duration fund Defunct Daily IDCW daily option Seg Portfolio 1);;INF955L01JN7;0.0000;;;18-Feb-2026
148335;Baroda BNP Paribas Credit Risk Fund-Direct- Quarterly IDCW Option- Segregated Portfolio- 1;INF955L01IU4;INF955L01IV2;0.0000;;;18-Feb-2026

HDFC Mutual Fund
128053;HDFC Credit Risk Debt Fund - Growth Option;INF179KA1GC0;;25.08;;;18-Feb-2026
128051;HDFC Credit Risk Debt Fund - Growth Option - Direct Plan;INF179KA1FZ3;;27.1982;;;18-Feb-2026
133148;HDFC Credit Risk Debt Fund - IDCW Option;INF179KA1I87;INF179KA1I79;23.0945;;;18-Feb-2026
133147;HDFC Credit Risk Debt Fund - IDCW Option - Direct Plan;INF179KA1I61;INF179KA1I53;23.842;;;18-Feb-2026
128050;HDFC Credit Risk Debt Fund - Quarterly IDCW - Direct Plan;INF179KA1GA4;INF179KA1GB2;10.8526;;;18-Feb-2026
128052;HDFC Credit Risk Debt Fund - Quarterly IDCW Option;INF179KA1GD8;INF179KA1GE6;10.4941;;;18-Feb-2026

HSBC Mutual Fund
151047;HSBC Credit Risk Fund - Direct Annual IDCW;INF917K01UL0;INF917K01UK2;14.3469;;;18-Feb-2026
151045;HSBC Credit Risk Fund - Direct Growth;INF917K01UH8;;36.3927;;;18-Feb-2026
151044;HSBC Credit Risk Fund - Direct IDCW;INF917K01E29;INF917K01UI6;12.3771;;;18-Feb-2026
151046;HSBC Credit Risk Fund - Regular Annual IDCW;INF917K01UN6;INF917K01UM8;13.2182;;;18-Feb-2026
151043;HSBC Credit Risk Fund - Regular Growth;INF917K01130;;33.4217;;;18-Feb-2026
151042;HSBC Credit Risk Fund - Regular IDCW;INF917K01114;INF917K01122;11.3153;;;18-Feb-2026
151041;HSBC Credit Risk Fund- Regular Plan - Bonus;;INF917K01CU9;32.8935;;;18-Feb-2026

ICICI Prudential Mutual Fund
120711;ICICI Prudential Credit Risk Fund - Direct Plan - Growth;INF109K01V00;;37.0893;;;18-Feb-2026
120709;ICICI Prudential Credit Risk Fund - Direct Plan - Quarterly IDCW;INF109K01V34;INF109K01V42;11.9913;;;18-Feb-2026
114239;ICICI Prudential Credit Risk Fund - Growth;INF109K01GU4;;33.5203;;;18-Feb-2026
114240;ICICI Prudential Credit Risk Fund - Quarterly IDCW;INF109K01GV2;INF109K01GW0;11.2882;;;18-Feb-2026

Invesco Mutual Fund
130725;Invesco India Credit Risk Fund - Direct Plan - Discretionary IDCW (Payout / Reinvestment);INF205K01J09;INF205K01J25;2252.8261;;;18-Feb-2026
130722;Invesco India Credit Risk Fund - Direct Plan - Growth;INF205K01I83;;2236.1325;;;18-Feb-2026
130724;Invesco India Credit Risk Fund - Direct Plan - Monthly IDCW (Payout / Reinvestment);INF205K01I91;INF205K01J17;1182.6193;;;18-Feb-2026
130726;Invesco India Credit Risk Fund - Regular Plan - Discretionary IDCW (Payout / Reinvestment);INF205K01I59;INF205K01I75;1993.5567;;;18-Feb-2026
130721;Invesco India Credit Risk Fund - Regular Plan - Growth;INF205K01I34;;1994.1766;;;18-Feb-2026
130723;Invesco India Credit Risk Fund - Regular Plan - Monthly IDCW (Payout / Reinvestment);INF205K01I42;INF205K01I67;1464.5645;;;18-Feb-2026

Kotak Mahindra Mutual Fund
119740;Kotak Credit Risk Fund - Direct Plan - Standard Income Distribution cum capital withdrawal option;INF174K01MG5;;26.2648;;;18-Feb-2026
117716;Kotak Credit Risk Fund - Growth;INF174K01DY7;;30.9061;;;18-Feb-2026
119741;Kotak Credit Risk Fund - Growth - Direct;INF174K01LZ7;;34.9686;;;18-Feb-2026
117715;Kotak Credit Risk Fund - Regular Plan - Standard Income Distribution cum capital withdrawal option;INF174K01EG2;INF174K01EF4;13.4407;;;18-Feb-2026

SBI Mutual Fund
119792;SBI Credit Risk Fund - Direct Plan - Daily Income Distribution cum Capital Withdrawal Option (IDCW);;INF200K01SS0;16.3565;;;18-Feb-2026
119793;SBI Credit Risk Fund - Direct Plan - Income Distribution cum Capital Withdrawal Option (IDCW);INF200K01ST8;INF200K01SU6;23.9878;;;18-Feb-2026
119798;SBI CREDIT RISK FUND - DIRECT PLAN -GROWTH;INF200K01SV4;;51.5469;;;18-Feb-2026
118211;SBI Credit Risk Fund - Regular Plan - Daily Income Distribution cum Capital Withdrawal Option (IDCW);;INF200K01QK1;15.7343;;;18-Feb-2026
102505;SBI CREDIT RISK FUND - REGULAR PLAN - GROWTH;INF200K01685;;47.5390;;;18-Feb-2026
102506;SBI Credit Risk Fund - Regular Plan - Income Distribution cum Capital Withdrawal Option (IDCW);INF200K01693;INF200K01701;21.4916;;;18-Feb-2026

UTI Mutual Fund
148239;UTI - Credit Risk Fund (Segregated - 06032020) - Direct Plan - Annual Dividend Option;INF789F1ARG8;INF789F1ARH6;0;;;18-Feb-2026
148241;UTI - Credit Risk Fund (Segregated - 06032020) - Direct Plan - Flexi Dividend Option;INF789F1ARK0;INF789F1ARL8;0;;;18-Feb-2026
148242;UTI - Credit Risk Fund (Segregated - 06032020) - Direct Plan - Growth Option;INF789F1ARF0;;0;;;18-Feb-2026
148238;UTI - Credit Risk Fund (Segregated - 06032020) - Direct Plan - Half Yearly Dividend Option;INF789F1ARI4;INF789F1ARJ2;0;;;18-Feb-2026
148240;UTI - Credit Risk Fund (Segregated - 06032020) - Direct Plan - Monthly Dividend Option;INF789F1ARM6;INF789F1ARN4;0;;;18-Feb-2026
148245;UTI - Credit Risk Fund (Segregated - 06032020) - Direct Plan - Quarterly Dividend Option;INF789F1ARD5;INF789F1ARE3;0;;;18-Feb-2026
148234;UTI - Credit Risk Fund (Segregated - 06032020) - Regular Plan - Annual Dividend Option;INF789F1ARR5;INF789F1ARS3;0;;;18-Feb-2026
148236;UTI - Credit Risk Fund (Segregated - 06032020) - Regular Plan - Flexi Dividend Option;INF789F1ARV7;INF789F1ARW5;0;;;18-Feb-2026
148237;UTI - Credit Risk Fund (Segregated - 06032020) - Regular Plan - Growth Option;INF789F1ARQ7;;0;;;18-Feb-2026
148235;UTI - Credit Risk Fund (Segregated - 06032020) - Regular Plan - Half Yearly Dividend Option;INF789F1ART1;INF789F1ARU9;0;;;18-Feb-2026
148244;UTI - Credit Risk Fund (Segregated - 06032020) - Regular Plan - Monthly Dividend Option;INF789F1ARX3;INF789F1ARY1;0;;;18-Feb-2026
148243;UTI - Credit Risk Fund (Segregated - 06032020) - Regular Plan - Quarterly Dividend Option;INF789F1ARO2;INF789F1ARP9;0;;;18-Feb-2026
117981;UTI Credit Risk Fund  - Regular Plan - Growth Option;INF789F01QZ1;;17.739;;;18-Feb-2026
135290;UTI Credit Risk Fund - Direct Plan - Annual IDCW;INF789FB1U28;INF789FB1U36;12.7727;;;18-Feb-2026
136302;UTI Credit Risk Fund - Direct Plan - Flexi IDCW;INF789FB1U44;INF789FB1U51;12.7773;;;18-Feb-2026
120764;UTI Credit Risk Fund - Direct Plan - Growth Option;INF789F01YB6;;20.1324;;;18-Feb-2026
135418;UTI Credit Risk Fund - Direct Plan - Half-Yearly IDCW;INF789FA1W02;INF789FA1W10;12.8248;;;18-Feb-2026
131419;UTI Credit Risk Fund - Direct Plan - Monthly IDCW;INF789FB1U02;INF789FB1U10;11.28;;;18-Feb-2026
120765;UTI Credit Risk Fund - Direct Plan - Quarterly IDCW;INF789F01YC4;INF789F01YD2;14.2064;;;18-Feb-2026
133344;UTI Credit Risk Fund - Regular Plan - Annual IDCW;INF789FA1V60;INF789FA1V78;11.8369;;;18-Feb-2026
135051;UTI Credit Risk Fund - Regular Plan - Flexi IDCW;INF789FA1V86;INF789FA1V94;11.5155;;;18-Feb-2026
135419;UTI Credit Risk Fund - Regular Plan - Half-Yearly IDCW;INF789FA1V45;INF789FA1V52;11.9;;;18-Feb-2026
131418;UTI Credit Risk Fund - Regular Plan - Monthly IDCW;INF789FB1T88;INF789FB1T96;10.6525;;;18-Feb-2026
117982;UTI Credit Risk Fund - Regular Plan - Quarterly IDCW;INF789F01RA2;INF789F01RB0;12.6003;;;18-Feb-2026

Open Ended Schemes ( Debt Scheme - Banking and PSU Fund )


Axis Mutual Fund
120437;Axis Banking & PSU Debt Fund - Direct Plan - Daily IDCW;;INF846K01CU0;1039.1310;;;18-Feb-2026
120438;Axis Banking & PSU Debt Fund - Direct Plan - Growth Option;INF846K01CR6;;2815.4204;;;18-Feb-2026
120439;Axis Banking & PSU Debt Fund - Direct Plan - Monthly IDCW;INF846K01CT2;INF846K01CS4;1039.4246;;;18-Feb-2026
120436;Axis Banking & PSU Debt Fund - Direct Plan - Weekly IDCW;INF846K01CV8;INF846K01CW6;1038.3280;;;18-Feb-2026
117447;Axis Banking & PSU Debt Fund - Regular Plan - Daily IDCW;;INF846K01CC8;1039.1303;;;18-Feb-2026
117446;Axis Banking & PSU Debt Fund - Regular Plan - Growth option;INF846K01CB0;;2725.4065;;;18-Feb-2026
117449;Axis Banking & PSU Debt Fund - Regular Plan - Monthly IDCW;INF846K01CF1;INF846K01CG9;1039.0444;;;18-Feb-2026
117448;Axis Banking & PSU Debt Fund - Regular Plan - Weekly IDCW;INF846K01CD6;INF846K01CE4;1038.3094;;;18-Feb-2026

Edelweiss Mutual Fund
140286;Edelweiss Banking and PSU Debt Fund - Direct Plan - Growth Option;INF843K01FC8;;26.3757;;;18-Feb-2026
140288;Edelweiss Banking and PSU Debt Fund - Direct Plan - IDCW Option;INF843K01FD6;INF843K01FE4;18.8699;;;18-Feb-2026
140291;Edelweiss Banking and PSU Debt Fund - Direct Plan Fortnightly - IDCW Option;INF843K01FG9;;14.4465;;;18-Feb-2026
140293;Edelweiss Banking and PSU Debt Fund - Direct Plan Monthly - IDCW Option;INF843K01FI5;INF843K01FH7;10.9701;;;18-Feb-2026
140290;Edelweiss Banking and PSU Debt Fund - Direct Plan weekly - IDCW Option;INF843K01FF1;;10.5524;;;18-Feb-2026
140283;Edelweiss Banking and PSU Debt Fund - Regular Plan - Growth Option;INF843K01FK1;;25.4057;;;18-Feb-2026
140284;Edelweiss Banking and PSU Debt Fund - Regular Plan - IDCW Option;INF843K01FL9;INF843K01FM7;17.968;;;18-Feb-2026
140294;Edelweiss Banking and PSU Debt Fund - Regular Plan Fortnightly - IDCW Option;INF843K01FO3;;13.9732;;;18-Feb-2026
140292;Edelweiss Banking and PSU Debt Fund - Regular Plan Monthly - IDCW Option;INF843K01FQ8;INF843K01FP0;11.2137;;;18-Feb-2026
140289;Edelweiss Banking and PSU Debt Fund - Regular Plan Weekly - IDCW Option;INF843K01FN5;;10.1472;;;18-Feb-2026

HDFC Mutual Fund
128628;HDFC Banking and PSU Debt Fund - Growth Option;INF179KA1JC4;;23.7765;;;18-Feb-2026
128629;HDFC Banking and PSU Debt Fund - Growth Option - Direct Plan;INF179KA1IZ7;;24.8175;;;18-Feb-2026
128627;HDFC Banking and PSU Debt Fund - IDCW Option;INF179KA1JD2;INF179KA1JE0;10.1414;;;18-Feb-2026
128626;HDFC Banking and PSU Debt Fund - IDCW Option - Direct Plan;INF179KA1JA8;INF179KA1JB6;10.0315;;;18-Feb-2026

HSBC Mutual Fund
151108;HSBC Banking and PSU Debt Fund - Direct Daily IDCW;;INF917K01HL7;11.1892;;;18-Feb-2026
151107;HSBC Banking and PSU Debt Fund - Direct Growth;INF917K01HH5;;26.4735;;;18-Feb-2026
151106;HSBC Banking and PSU Debt Fund - Direct Monthly IDCW;INF917K01HJ1;INF917K01HI3;11.271;;;18-Feb-2026
151109;HSBC Banking and PSU Debt Fund - Direct Weekly IDCW;;INF917K01HK9;10.3439;;;18-Feb-2026
151102;HSBC Banking and PSU Debt Fund - Regular Daily IDCW;;INF677K01AF4;11.1144;;;18-Feb-2026
151104;HSBC Banking and PSU Debt Fund - Regular Growth;INF677K01AE7;;25.0817;;;18-Feb-2026
151105;HSBC Banking and PSU Debt Fund - Regular Monthly IDCW;INF677K01AI8;INF677K01AJ6;10.4961;;;18-Feb-2026
151103;HSBC Banking and PSU Debt Fund - Regular Weekly IDCW;;INF917K01HM5;10.3168;;;18-Feb-2026

ICICI Prudential Mutual Fund
120256;ICICI Prudential Banking and PSU Debt Fund - Direct Plan -  Growth;INF109K010A6;;35.4279;;;18-Feb-2026
120258;ICICI Prudential Banking and PSU Debt Fund - Direct Plan -  Quarterly IDCW;INF109K011A4;INF109K012A2;13.0253;;;18-Feb-2026
112342;ICICI Prudential Banking and PSU Debt Fund - Growth;INF109K01RT3;;33.9136;;;18-Feb-2026
116174;ICICI Prudential Banking and PSU Debt Fund - Quarterly IDCW;INF109K01YE1;INF109K01YD3;11.0205;;;18-Feb-2026

Invesco Mutual Fund
120444;Invesco India Banking and PSU Fund - Direct Plan -  Growth Option;INF205K01KT4;;2511.561;;;18-Feb-2026
120443;Invesco India Banking and PSU Fund - Direct Plan - Daily IDCW (Reinvestment);;INF205K01KS6;1064.4214;;;18-Feb-2026
120445;Invesco India Banking and PSU Fund - Direct Plan - Monthly IDCW (Payout / Reinvestment);INF205K01KU2;INF205K01KV0;1017.0962;;;18-Feb-2026
118234;Invesco India Banking and PSU Fund - Regular Plan - Daily IDCW (Reinvestment);;INF205K01JX8;1051.285;;;18-Feb-2026
118232;Invesco India Banking and PSU Fund - Regular Plan - Growth Option;INF205K01JV2;;2340.2315;;;18-Feb-2026
118233;Invesco India Banking and PSU Fund - Regular Plan - Monthly IDCW (Payout / Reinvestment);INF205K01JW0;INF205K01JY6;1067.861;;;18-Feb-2026

Kotak Mahindra Mutual Fund
123690;Kotak Banking and PSU Debt - Growth;INF174K01FO3;;67.8007;;;18-Feb-2026
123691;Kotak Banking and PSU Debt - Monthly Payout of Income Distribution cum capital withdrawal option;INF174K01FQ8;INF174K01FP0;12.7382;;;18-Feb-2026
123693;Kotak Banking and PSU Debt Direct - Growth;INF174K01KH7;;70.8003;;;18-Feb-2026
123692;Kotak Banking and PSU Debt Direct - Monthly Payout of Income Distribution cum capital withdrawal option;INF174K01KK1;INF174K01KL9;10.2695;;;18-Feb-2026

LIC Mutual Fund
120337;LIC MF Banking & PSU Fund-Direct Plan-Daily IDCW;INF767K01GJ2;INF767K01GM6;14.3136;;;18-Feb-2026
120338;LIC MF Banking & PSU Fund-Direct Plan-Growth;INF767K01GI4;;38.8541;;;18-Feb-2026
120339;LIC MF Banking & PSU Fund-Direct Plan-Monthly IDCW;INF767K01GK0;INF767K01GN4;14.6329;;;18-Feb-2026
120336;LIC MF Banking & PSU Fund-Direct Plan-Weekly IDCW;INF767K01GL8;INF767K01GO2;10.0547;;;18-Feb-2026
105822;LIC MF Banking & PSU Fund-Regular Plan-Daily IDCW;INF767K01519;INF767K01527;11.5228;;;18-Feb-2026
105823;LIC MF Banking & PSU Fund-Regular Plan-Growth;INF767K01535;;35.9147;;;18-Feb-2026
105856;LIC MF Banking & PSU Fund-Regular Plan-Monthly IDCW;INF767K01543;INF767K01550;13.4416;;;18-Feb-2026
105857;LIC MF Banking & PSU Fund-Regular Plan-Weekly IDCW;INF767K01568;INF767K01576;10.3874;;;18-Feb-2026

Mirae Asset Mutual Fund
148419;Mirae Asset Banking and PSU Fund - Direct Plan - Growth;INF769K01FY9;;13.6833;;;18-Feb-2026
148417;Mirae Asset Banking and PSU Fund - Direct Plan - IDCW;INF769K01FX1;INF769K01FZ6;13.6773;;;18-Feb-2026
148416;Mirae Asset Banking and PSU Fund - Regular Plan - Growth;INF769K01FV5;;13.3456;;;18-Feb-2026
148418;Mirae Asset Banking and PSU Fund - Regular plan - IDCW;INF769K01FU7;INF769K01FW3;13.3467;;;18-Feb-2026

SBI Mutual Fund
125502;SBI Banking & PSU Fund - Direct Plan - Daily Income Distribution cum Capital Withdrawal Option (IDCW);;INF200K01V16;1509.8552;;;18-Feb-2026
125503;SBI BANKING & PSU FUND - Direct Plan - Growth;INF200K01V08;;3427.8081;;;18-Feb-2026
125505;SBI Banking & PSU Fund - Direct Plan - Monthly Income Distribution cum Capital Withdrawal Option (IDCW);INF200K01V40;INF200K01V57;1312.6272;;;18-Feb-2026
125504;SBI Banking & PSU Fund - Direct Plan - Weekly Income Distribution cum Capital Withdrawal Option (IDCW);INF200K01V32;INF200K01V24;1506.5019;;;18-Feb-2026
125498;SBI BANKING & PSU FUND - Regular Paln - Growth;INF200K01U41;;3217.4089;;;18-Feb-2026
125499;SBI Banking & PSU Fund - Regular Plan - Daily Income Distribution cum Capital Withdrawal Option (IDCW);;INF200K01U58;1467.8704;;;18-Feb-2026
125501;SBI Banking & PSU Fund - Regular Plan - Monthly Income Distribution cum Capital Withdrawal Option (IDCW);INF200K01U82;INF200K01U90;1225.6529;;;18-Feb-2026
125500;SBI Banking & PSU Fund - Regular Plan - Weekly Income Distribution cum Capital Withdrawal Option (IDCW);INF200K01U74;INF200K01U66;1467.5214;;;18-Feb-2026

Sundaram Mutual Fund
119625;Sundaram Banking & PSU Fund (Formerly Known as Sundaram Banking and PSU Debt Fund) Direct Plan - Growth;INF903J01PA5;;45.2063;;;18-Feb-2026
119626;Sundaram Banking & PSU Fund (Formerly Known as Sundaram Banking and PSU Debt Fund) Direct Plan - Income Distribution cum Capital Withdrawal (IDCW);INF903J01PB3;INF903J01PE7;11.2542;;;18-Feb-2026
100784;Sundaram Banking & PSU Fund (Formerly Known as Sundaram Banking and PSU Debt Fund) Regular Plan - Growth;INF903J01IN3;;44.5314;;;18-Feb-2026
100793;Sundaram Banking & PSU Fund (Formerly Known as Sundaram Banking and PSU Debt Fund) Regular Plan - Income Distribution cum Capital Withdrawal (IDCW);INF903J01IO1;INF903J01IR4;11.2852;;;18-Feb-2026

UTI Mutual Fund
140135;UTI Banking & PSU Fund - Direct Plan - Annual IDCW;INF789FA1V03;INF789FA1V11;13.6965;;;18-Feb-2026
133972;UTI Banking & PSU Fund - Direct Plan - Flexi IDCW;INF789FA1V29;INF789FA1V37;19.9716;;;18-Feb-2026
126940;UTI Banking & PSU Fund - Direct Plan - Growth Option;INF789F015Z6;;23.1761;;;18-Feb-2026
141375;UTI Banking & PSU Fund - Direct Plan - Half-Yearly IDCW;INF789FA1U87;INF789FA1U95;15.3791;;;18-Feb-2026
134026;UTI Banking & PSU Fund - Direct Plan - Monthly IDCW;INF789FC1HE1;INF789FC1HF8;13.5805;;;18-Feb-2026
126942;UTI Banking & PSU Fund - Direct Plan - Quarterly IDCW;INF789F016Z4;INF789F017Z2;17.2497;;;18-Feb-2026
140116;UTI Banking & PSU Fund - Regular Plan - Annual IDCW;INF789FA1U46;INF789FA1U53;13.4238;;;18-Feb-2026
133971;UTI Banking & PSU Fund - Regular Plan - Flexi IDCW;INF789FA1U61;INF789FA1U79;15.2568;;;18-Feb-2026
139407;UTI Banking & PSU Fund - Regular Plan - Half-Yearly IDCW;INF789FA1U20;INF789FA1U38;15.1929;;;18-Feb-2026
136110;UTI Banking & PSU Fund - Regular Plan - Monthly IDCW;INF789FC1HC5;INF789FC1HD3;13.3282;;;18-Feb-2026
126941;UTI Banking & PSU Fund - Regular Plan - Quarterly IDCW;INF789F012Z3;INF789F013Z1;15.6126;;;18-Feb-2026
126939;UTI Banking & PSU Fund- Regular Plan - Growth Option;INF789F014Z9;;22.7506;;;18-Feb-2026

Open Ended Schemes ( Debt Scheme - Gilt Fund )


Axis Mutual Fund
120447;Axis Gilt Fund - Direct Plan - Growth Option;INF846K01DD4;;27.6489;;;18-Feb-2026
120448;Axis Gilt Fund - Direct Plan - Half Yearly IDCW;INF846K01DF9;INF846K01DE2;12.3323;;;18-Feb-2026
120449;Axis Gilt Fund - Direct Plan - Regular IDCW;INF846K01DG7;INF846K01DH5;10.0426;;;18-Feb-2026
116471;Axis Gilt Fund - Regular Plan - Growth Option;INF846K01AX8;;25.8874;;;18-Feb-2026
116472;Axis Gilt Fund - Regular Plan - Half Yearly IDCW;INF846K01AZ3;INF846K01BB2;11.8179;;;18-Feb-2026
116470;Axis Gilt Fund - Regular Plan - Regular IDCW;INF846K01CK1;INF846K01CL9;10.0340;;;18-Feb-2026

Baroda BNP Paribas Mutual Fund
119341;Baroda BNP Paribas GILT FUND - Direct Plan - Growth Option;INF955L01AD7;;47.3509;;;18-Feb-2026
119340;Baroda BNP Paribas GILT FUND - Direct Plan - IDCW Option;INF955L01AB1;INF955L01AC9;34.7605;;;18-Feb-2026
101187;Baroda BNP Paribas GILT FUND - Regular Plan - Growth Option;INF955L01450;;43.0697;;;18-Feb-2026
101188;Baroda BNP Paribas GILT FUND - Regular Plan - IDCW Option;INF955L01435;INF955L01443;25.5640;;;18-Feb-2026

Edelweiss Mutual Fund
140309;Edelweiss Government Securities Fund - Direct Plan - Annual Dividend Option;INF843K01HB6;INF843K01HA8;26.2545;;;18-Feb-2026
140298;Edelweiss Government Securities Fund - Direct Plan - Growth Option;INF843K01GS2;;26.245;;;18-Feb-2026
140302;Edelweiss Government Securities Fund - Direct Plan - IDCW Option;INF843K01GU8;INF843K01GV6;26.1405;;;18-Feb-2026
140306;Edelweiss Government Securities Fund - Direct Plan Fortnightly - IDCW Option;INF843K01GX2;;22.9997;;;18-Feb-2026
140308;Edelweiss Government Securities Fund - Direct Plan Monthly - IDCW Option;INF843K01GZ7;INF843K01GY0;16.4446;;;18-Feb-2026
140304;Edelweiss Government Securities Fund - Direct Plan weekly - IDCW Option;INF843K01GW4;;14.1761;;;18-Feb-2026
140310;Edelweiss Government Securities Fund - Regular Plan - Annual - IDCW Option;INF843K01HL5;INF843K01HK7;24.5772;;;18-Feb-2026
140297;Edelweiss Government Securities Fund - Regular Plan - Growth Option;INF843K01HC4;;24.5663;;;18-Feb-2026
140301;Edelweiss Government Securities Fund - Regular Plan - IDCW Option;INF843K01HE0;INF843K01HF7;24.5826;;;18-Feb-2026
140305;Edelweiss Government Securities Fund - Regular Plan Fortnightly - IDCW Option;INF843K01HH3;;24.4524;;;18-Feb-2026
140307;Edelweiss Government Securities Fund - Regular Plan Monthly - IDCW Option;INF843K01HJ9;INF843K01HI1;10.2657;;;18-Feb-2026
140303;Edelweiss Government Securities Fund - Regular Plan Weekly - IDCW Option;INF843K01HG5;;10.1444;;;18-Feb-2026

Groww Mutual Fund
153477;Groww Gilt Fund - Direct - Growth;INF666M01KK2;;9.9024;;;18-Feb-2026
153502;Groww Gilt Fund - Direct - IDCW;INF666M01KL0;INF666M01KM8;9.9011;;;18-Feb-2026
153503;Groww Gilt Fund - Regular - Growth;INF666M01KN6;;9.8253;;;18-Feb-2026
153504;Groww Gilt Fund - Regular - IDCW;INF666M01KO4;INF666M01KP1;9.8255;;;18-Feb-2026

HDFC Mutual Fund
119116;HDFC Gilt Fund - Growth Option - Direct Plan;INF179K01VS0;;59.0935;;;18-Feb-2026
101083;HDFC Gilt Fund - Growth Plan;INF179K01756;;55.9822;;;18-Feb-2026
119115;HDFC Gilt Fund - IDCW Option - Direct Plan;INF179K01VR2;INF179K01VT8;12.998;;;18-Feb-2026
101084;HDFC Gilt Fund - IDCW Plan;INF179K01772;INF179K01764;12.1465;;;18-Feb-2026

HSBC Mutual Fund
151014;HSBC Gilt Fund - Direct Growth;INF917K01FI7;;75.8781;;;18-Feb-2026
151015;HSBC Gilt Fund - Direct Quarterly IDCW;INF917K01FK3;INF917K01FJ5;12.1724;;;18-Feb-2026
151013;HSBC Gilt Fund - Regular Growth;INF917K01BP1;;65.7089;;;18-Feb-2026
151012;HSBC Gilt Fund - Regular Quarterly IDCW;INF917K01BN6;INF917K01BO4;10.4456;;;18-Feb-2026

ICICI Prudential Mutual Fund
120590;ICICI Prudential Gilt Fund - Direct Plan - Growth;INF109K018C5;;113.4355;;;18-Feb-2026
120589;ICICI Prudential Gilt Fund - Direct Plan - IDCW;INF109K016C9;INF109K017C7;19.1497;;;18-Feb-2026
100369;ICICI Prudential Gilt Fund - Growth;INF109K01JR4;;104.9397;;;18-Feb-2026
100368;ICICI Prudential Gilt Fund - IDCW;INF109K01JQ6;INF109K01JP8;18.0934;;;18-Feb-2026

Invesco Mutual Fund
120520;Invesco India Gilt Fund - Direct  Plan - Growth;INF205K01SN0;;3149.4391;;;18-Feb-2026
120519;Invesco India Gilt Fund - Direct Plan - Annual IDCW (Payout / Reinvestment);INF205K01SL4;INF205K01SM2;1223.7708;;;18-Feb-2026
120521;Invesco India Gilt Fund - Direct Plan - Monthly IDCW (Reinvestment);;INF205K01SO8;2457.6501;;;18-Feb-2026
120522;Invesco India Gilt Fund - Direct Plan - Quarterly IDCW (Payout / Reinvestment);INF205K01SP5;INF205K01SQ3;1091.3492;;;18-Feb-2026
107476;Invesco India Gilt Fund - Regular Plan - Annual IDCW (Payout / Reinvestment);INF205K01SJ8;INF205K01SK6;1203.7517;;;18-Feb-2026
107477;Invesco India Gilt Fund - Regular Plan - Growth;INF205K01SR1;;2833.6485;;;18-Feb-2026
107471;Invesco India Gilt Fund - Regular Plan - Monthly IDCW (Reinvestment);;INF205K01SS9;1596.1179;;;18-Feb-2026
107472;Invesco India Gilt Fund - Regular Plan - Quarterly IDCW (Payout / Reinvestment);INF205K01ST7;INF205K01SU5;1291.9386;;;18-Feb-2026

Kotak Mahindra Mutual Fund
100281;Kotak Gilt-Investment  Provident Fund and Trust-Growth;INF174K01FL9;;97.2456;;;18-Feb-2026
119757;Kotak Gilt-Investment  Provident Fund and Trust-Growth - Direct;INF174K01KM7;;111.2009;;;18-Feb-2026
100280;Kotak Gilt-Investment  Provident Fund and Trust-Payout of Income Distribution cum capital withdrawal option;INF174K01FM7;;11.7141;;;18-Feb-2026
100265;Kotak Gilt-Investment Regular-Growth;INF174K01FI5;;95.0526;;;18-Feb-2026
119759;Kotak Gilt-Investment Regular-Growth - Direct;INF174K01KE4;;108.5698;;;18-Feb-2026
100264;Kotak Gilt-Investment Regular-Payout of Income Distribution cum capital withdrawal option;INF174K01FK1;INF174K01FJ3;18.5735;;;18-Feb-2026
119758;Kotak Gilt-Investment Regular-Payout of Income Distribution cum capital withdrawal option - Direct;INF174K01KF1;;23.891;;;18-Feb-2026

LIC Mutual Fund
120282;LIC MF Gilt Fund-Direct Plan-Growth;INF767K01EZ3;;65.3641;;;18-Feb-2026
120283;LIC MF Gilt Fund-Direct Plan-IDCW;INF767K01EY6;INF767K01FA3;18.8309;;;18-Feb-2026
100319;LIC MF Gilt Fund-PF Plan-Growth;INF767K01733;;34.1103;;;18-Feb-2026
100318;LIC MF Gilt Fund-PF Plan-IDCW;INF767K01717;INF767K01725;22.0729;;;18-Feb-2026
100317;LIC MF Gilt Fund-Regular Plan-Growth;INF767K01709;;59.0589;;;18-Feb-2026
100316;LIC MF Gilt Fund-Regular Plan-IDCW;INF767K01683;INF767K01691;17.0238;;;18-Feb-2026

PGIM India Mutual Fund
138472;PGIM India Gilt Fund - Direct Plan - Growth;INF223J01ND7;;32.8691;;;18-Feb-2026
138474;PGIM India Gilt Fund - Direct Plan - Quarterly Dividend;INF223J01NB1;;14.4068;;;18-Feb-2026
138470;PGIM India Gilt Fund - Growth;INF223J01AQ6;;30.2142;;;18-Feb-2026
138467;PGIM India Gilt Fund - Quarterly Dividend;INF223J01AO1;INF223J01AP8;13.5292;;;18-Feb-2026

quant Mutual Fund
151228;quant Gilt Fund - Growth Option - Direct Plan;INF966L01BF7;;12.2747;;;18-Feb-2026
151230;quant Gilt Fund - Growth Option - Regular Plan;INF966L01BI1;;11.9186;;;18-Feb-2026
151229;quant Gilt Fund - IDCW Option - Direct Plan;INF966L01BG5;INF966L01BH3;12.2781;;;18-Feb-2026
151231;quant Gilt Fund - IDCW Option - Regular Plan;INF966L01BJ9;INF966L01BK7;11.9268;;;18-Feb-2026

SBI Mutual Fund
101934;SBI GILT FUND -  GROWTH - PF (Fixed Period - 3 Yrs) Option;INF200K01AH1;;39.9763;;;18-Feb-2026
101932;SBI GILT FUND -  GROWTH - PF (Regular) Option;INF200K01AK5;;42.7960;;;18-Feb-2026
119707;SBI GILT FUND - DIRECT PLAN - GROWTH;INF200K01SH3;;70.8016;;;18-Feb-2026
119706;SBI Gilt Fund - Direct Plan - Income Distribution cum Capital Withdrawal Option (IDCW);INF200K01SF7;INF200K01SG5;22.5968;;;18-Feb-2026
101950;SBI Gilt Fund - Income Distribution cum Capital Withdrawal Option (IDCW) - PF (Fixed Period - 1 Yr);INF200K01AC2;INF200K01AD0;20.5907;;;18-Feb-2026
101951;SBI Gilt Fund - Income Distribution cum Capital Withdrawal Option (IDCW) - PF (Fixed Period - 2 Yrs);INF200K01AF5;INF200K01AG3;20.8370;;;18-Feb-2026
101952;SBI Gilt Fund - Income Distribution cum Capital Withdrawal Option (IDCW) - PF (Fixed Period - 3 Yrs);INF200K01AI9;INF200K01AJ7;20.2031;;;18-Feb-2026
101001;SBI GILT FUND - REGULAR PLAN - GROWTH;INF200K01982;;66.6477;;;18-Feb-2026
100999;SBI Gilt Fund - Regular Plan - Income Distribution cum Capital Withdrawal Option (IDCW);INF200K01990;INF200K01AA6;20.4940;;;18-Feb-2026

UTI Mutual Fund
120792;UTI - GILT FUND - Direct Plan - Growth Option;INF789F01TL5;;66.4134;;;18-Feb-2026
102512;UTI - GILT FUND - Discontinued PF Plan - Growth Option;INF789F01PT6;;47.598;;;18-Feb-2026
102514;UTI - GILT FUND - Discontinued PF Plan Prescribed Date Auto Redemption Option;INF789F01PU4;;47.6245;;;18-Feb-2026
102510;UTI - GILT FUND - Regular Plan - Growth Option;INF789F01661;;64.016;;;18-Feb-2026
102511;UTI - GILT FUND -Discontinued PF Plan -Dividend Option;INF789F01PR0;INF789F01PS8;26.198;;;18-Feb-2026
120791;UTI Gilt Fund - Direct Plan - IDCW;INF789F01TJ9;INF789F01TK7;30.9842;;;18-Feb-2026
102509;UTI Gilt Fund - Regular Plan - IDCW;INF789F01646;INF789F01653;38.6264;;;18-Feb-2026

Open Ended Schemes ( Debt Scheme - Gilt Fund with 10 year constant duration )


ICICI Prudential Mutual Fund
131061;ICICI Prudential Constant Maturity Gilt Fund - Direct Plan - Growth;INF109KA1O37;;26.0021;;;18-Feb-2026
131054;ICICI Prudential Constant Maturity Gilt Fund - Direct Plan - Quarterly IDCW;INF109KA1O52;INF109KA1O94;11.6863;;;18-Feb-2026
131051;ICICI Prudential Constant Maturity Gilt Fund - Growth;INF109KA1N46;;25.4107;;;18-Feb-2026
131057;ICICI Prudential Constant Maturity Gilt Fund - quarterly IDCW;INF109KA1N61;INF109KA1O03;11.4222;;;18-Feb-2026

SBI Mutual Fund
120137;SBI CONSTANT MATURITY 10 YEAR GILT FUND - DIRECT PLAN - GROWTH;INF200K01SK7;;67.9744;;;18-Feb-2026
120136;SBI Constant Maturity 10 Year Gilt Fund - Direct Plan - Income Distribution cum Capital Withdrawal Option (IDCW);INF200K01SI1;INF200K01SJ9;22.1110;;;18-Feb-2026
101002;SBI CONSTANT MATURITY 10 Year GILT FUND - REGULAR PLAN - GROWTH;INF200K01AN9;;65.2443;;;18-Feb-2026
101003;SBI Constant Maturity 10 Year Gilt Fund - Regular Plan - Income Distribution cum Capital Withdrawal Option (IDCW);INF200K01AO7;INF200K01AP4;21.2197;;;18-Feb-2026

UTI Mutual Fund
150423;UTI Gilt Fund with 10 year Constant Duration - Direct Plan - Annual IDCW Option;INF789F1AVW7;INF789F1AVX5;11.7305;;;18-Feb-2026
150424;UTI Gilt Fund with 10 year Constant Duration - Direct Plan - Flexi IDCW Option;INF789F1AVY3;INF789F1AVZ0;13.1125;;;18-Feb-2026
150410;UTI Gilt Fund with 10 year Constant Duration - Direct Plan - Growth Option;INF789F1AVR7;;13.1124;;;18-Feb-2026
150415;UTI Gilt Fund with 10 year Constant Duration - Direct Plan - Half Yearly IDCW Option;INF789F1AVU1;INF789F1AVV9;12.983;;;18-Feb-2026
150412;UTI Gilt Fund with 10 year Constant Duration - Direct Plan - Quarterly IDCW Option;INF789F1AVS5;INF789F1AVT3;13.1126;;;18-Feb-2026
150419;UTI Gilt Fund with 10 year Constant Duration - Regular Plan - Annual IDCW Option;INF789F1AVN6;INF789F1AVO4;11.518;;;18-Feb-2026
150420;UTI Gilt Fund with 10 year Constant Duration - Regular Plan - Flexi IDCW Option;INF789F1AVP1;INF789F1AVQ9;12.889;;;18-Feb-2026
150409;UTI Gilt Fund with 10 year Constant Duration - Regular Plan - Growth Option;INF789F1AVI6;;12.8895;;;18-Feb-2026
150416;UTI Gilt Fund with 10 year Constant Duration - Regular Plan - Half Yearly IDCW Option;INF789F1AVL0;INF789F1AVM8;12.8892;;;18-Feb-2026
150411;UTI Gilt Fund with 10 year Constant Duration - Regular Plan - Quarterly IDCW Option;INF789F1AVJ4;INF789F1AVK2;12.8895;;;18-Feb-2026

Open Ended Schemes ( Debt Scheme - Floater Fund )


Axis Mutual Fund
149055;Axis Floater Fund - Direct Plan - Annual IDCW;INF846K016A1;INF846K015A3;1332.8228;;;18-Feb-2026
149050;Axis Floater Fund - Direct Plan - Daily IDCW;;INF846K011B0;1001.8405;;;18-Feb-2026
149049;Axis Floater Fund - Direct Plan - Growth;INF846K014A6;;1363.5927;;;18-Feb-2026
149051;Axis Floater Fund - Direct Plan - Monthly IDCW;INF846K018A7;INF846K017A9;1011.9769;;;18-Feb-2026
149052;Axis Floater Fund - Direct Plan - Quarterly IDCW;INF846K019A5;INF846K010B2;1292.0386;;;18-Feb-2026
149047;Axis Floater Fund - Regular Plan - Annual IDCW;INF846K014B4;INF846K013B6;1312.5743;;;18-Feb-2026
149054;Axis Floater Fund - Regular Plan - Daily IDCW;;INF846K019B3;1012.2611;;;18-Feb-2026
149048;Axis Floater Fund - Regular Plan - Growth;INF846K012B8;;1341.1881;;;18-Feb-2026
149053;Axis Floater Fund - Regular Plan - Monthly IDCW;INF846K016B9;INF846K015B1;1010.9780;;;18-Feb-2026
149046;Axis Floater Fund - Regular Plan - Quarterly IDCW;INF846K018B5;INF846K017B7;1272.1186;;;18-Feb-2026

HDFC Mutual Fund
106838;HDFC Floating Rate Debt Fund - Daily IDCW Option;;INF179K01699;10.0809;;;18-Feb-2026
118959;HDFC Floating Rate Debt Fund - Direct Plan - Daily IDCW;;INF179KC1IU6;10.0809;;;18-Feb-2026
118961;HDFC Floating Rate Debt Fund - Direct Plan - Growth Option;INF179K01VQ4;;53.108;;;18-Feb-2026
118960;HDFC Floating Rate Debt Fund - Direct Plan - Monthly IDCW;INF179K01VO9;INF179K01VP6;10.2139;;;18-Feb-2026
118962;HDFC Floating Rate Debt Fund - Direct Plan - Weekly IDCW;INF179KC1IW2;;10.0431;;;18-Feb-2026
106841;HDFC Floating Rate Debt Fund - Growth Option;INF179K01707;;51.9866;;;18-Feb-2026
106839;HDFC Floating Rate Debt Fund - Monthly IDCW Option;INF179K01715;INF179K01723;10.2129;;;18-Feb-2026
106840;HDFC Floating Rate Debt Fund - Weekly IDCW Option;INF179K01731;INF179KC1IV4;10.043;;;18-Feb-2026

ICICI Prudential Mutual Fund
101804;ICICI Prudential Floating Interest Fund - Daily IDCW;INF109K01AW3;;100.8714;;;18-Feb-2026
120423;ICICI Prudential Floating Interest Fund - Direct Plan - Daily IDCW;;INF109K01P24;100.7587;;;18-Feb-2026
120425;ICICI Prudential Floating Interest Fund - Direct Plan - Growth;INF109K01P57;;484.7278;;;18-Feb-2026
120426;ICICI Prudential Floating Interest Fund - Direct Plan - IDCW Others;INF109K01P65;INF109K01P32;207.2377;;;18-Feb-2026
120424;ICICI Prudential Floating Interest Fund - Direct Plan - Weekly IDCW;INF109K01P73;INF109K01P81;102.2822;;;18-Feb-2026
101802;ICICI Prudential Floating Interest Fund - Growth;INF109K01AX1;;442.0519;;;18-Feb-2026
115510;ICICI Prudential Floating Interest Fund - IDCW Others;INF109K01WQ9;INF109K01WP1;195.1334;;;18-Feb-2026
111545;ICICI Prudential Floating Interest Fund - Weekly IDCW;INF109K01EN4;INF109K01AY9;102.2789;;;18-Feb-2026

Kotak Mahindra Mutual Fund
147269;KOTAK FLOATING RATE FUND-DIRECT PLAN-GROWTH OPTION;INF174KA1EC0;;1617.787;;;18-Feb-2026
147267;KOTAK FLOATING RATE FUND-DIRECT PLAN-Standard Reinvestment of Income Distribution cum capital withdrawal option;;INF174KA1EF3;1409.3442;;;18-Feb-2026
147266;KOTAK FLOATING RATE FUND-REGULAR PLAN-GROWTH OPTION;INF174KA1DY6;;1576.5083;;;18-Feb-2026
147265;KOTAK FLOATING RATE FUND-REGULAR PLAN-STANDARD Reinvestment of Income Distribution cum capital withdrawal option;;INF174KA1EB2;1405.0072;;;18-Feb-2026

SBI Mutual Fund
148550;SBI Floating Rate Debt Fund - Direct Plan - Growth;INF200KA1R64;;13.9134;;;18-Feb-2026
148551;SBI Floating Rate DEBT Fund - Direct Plan - Monthly Income Distribution cum Capital Withdrawal Option (IDCW);INF200KA1R72;INF200KA1R80;13.9126;;;18-Feb-2026
148549;SBI Floating Rate DEBT Fund - Direct Plan - Quarterly Income Distribution cum Capital Withdrawal Option (IDCW);INF200KA1R98;INF200KA1S06;13.9138;;;18-Feb-2026
148543;SBI Floating Rate Debt Fund - Regular Plan - Growth;INF200KA1R15;;13.7734;;;18-Feb-2026
148544;SBI Floating Rate DEBT Fund - Regular Plan - Monthly Income Distribution cum Capital Withdrawal Option (IDCW);INF200KA1R23;INF200KA1R31;13.7770;;;18-Feb-2026
148546;SBI Floating Rate DEBT Fund - Regular Plan - Quarterly Income Distribution cum Capital Withdrawal Option (IDCW);INF200KA1R49;INF200KA1R56;13.7745;;;18-Feb-2026

UTI Mutual Fund
145295;UTI - Floater Fund - Direct Plan - Growth Option;INF789F1ACX5;;1626.5632;;;18-Feb-2026
145287;UTI - Floater Fund - Regular Plan  - Growth Option;INF789F1ACO4;;1550.1896;;;18-Feb-2026
145293;UTI Floater Fund - Direct Plan - Annual IDCW;INF789F1ADA1;INF789F1ADB9;1488.9878;;;18-Feb-2026
145291;UTI Floater Fund - Direct Plan - Flexi IDCW;INF789F1ADE3;INF789F1ADF0;1532.3463;;;18-Feb-2026
145296;UTI Floater Fund - Direct Plan - Half-Yearly IDCW;INF789F1ADC7;INF789F1ADD5;1482.6134;;;18-Feb-2026
145290;UTI Floater Fund - Direct Plan - Quarterly IDCW;INF789F1ACY3;INF789F1ACZ0;1395.0849;;;18-Feb-2026
145289;UTI Floater Fund - Regular Plan - Annual IDCW;INF789F1ACR7;INF789F1ACS5;1472.2012;;;18-Feb-2026
145292;UTI Floater Fund - Regular Plan - Flexi IDCW;INF789F1ACV9;INF789F1ACW7;1417.1474;;;18-Feb-2026
145288;UTI Floater Fund - Regular Plan - Half-Yearly IDCW;INF789F1ACT3;INF789F1ACU1;1369.0544;;;18-Feb-2026
145294;UTI Floater Fund - Regular Plan - Quarterly IDCW;INF789F1ACP1;INF789F1ACQ9;1265.6397;;;18-Feb-2026

Open Ended Schemes ( Hybrid Scheme - Conservative Hybrid Fund )


Axis Mutual Fund
120477;Axis Conservative Hybrid Fund - Direct Plan - Annual IDCW;INF846K01DY0;INF846K01DZ7;16.9286;;;18-Feb-2026
120480;Axis Conservative Hybrid Fund - Direct Plan - Growth Option;INF846K01EA8;;36.0363;;;18-Feb-2026
120478;Axis Conservative Hybrid Fund - Direct Plan - Half Yearly;INF846K01EB6;INF846K01EC4;13.7738;;;18-Feb-2026
120479;Axis Conservative Hybrid Fund - Direct Plan - Quarterly;INF846K01ED2;INF846K01EE0;13.1887;;;18-Feb-2026
112927;Axis Conservative Hybrid Fund - Regular Plan - Annual IDCW;INF846K01743;INF846K01750;14.2687;;;18-Feb-2026
112924;Axis Conservative Hybrid Fund - Regular Plan - Growth Option;INF846K01693;;30.5950;;;18-Feb-2026
112926;Axis Conservative Hybrid Fund - Regular Plan - Half Yearly IDCW;INF846K01727;INF846K01735;13.0499;;;18-Feb-2026
112925;Axis Conservative Hybrid Fund - Regular Plan - Quarterly IDCW;INF846K01701;INF846K01719;10.7355;;;18-Feb-2026

Baroda BNP Paribas Mutual Fund
150206;BARODA BNP PARIBAS Conservative Hybrid Fund - Direct Plan - Growth Option;INF251K01HR8;;56.2849;;;18-Feb-2026
150207;BARODA BNP PARIBAS Conservative Hybrid Fund - Direct Plan - Monthly IDCW Option;INF251K01HS6;INF251K01HT4;13.2890;;;18-Feb-2026
150208;BARODA BNP PARIBAS Conservative Hybrid Fund - Direct Plan - Quarterly IDCW Option;INF251K01HU2;INF251K01HV0;12.9062;;;18-Feb-2026
150203;BARODA BNP PARIBAS Conservative Hybrid Fund-Regular Plan-Growth Option;INF251K01845;;45.7716;;;18-Feb-2026
150204;BARODA BNP PARIBAS Conservative hybrid Fund-Regular Plan-Monthly IDCW Option;INF251K01852;INF251K01860;10.8464;;;18-Feb-2026
150205;BARODA BNP PARIBAS Conservative Hybrid Fund-Regular Plan-Quarterly IDCW Option;INF251K01878;INF251K01886;11.0252;;;18-Feb-2026

HDFC Mutual Fund
119118;HDFC Hybrid Debt Fund - Growth Option - Direct Plan;INF179K01XE6;;89.5713;;;18-Feb-2026
102147;HDFC Hybrid Debt Fund - Growth Plan;INF179K01AE4;;83.9033;;;18-Feb-2026
102148;HDFC Hybrid Debt Fund - IDCW Monthly;INF179K01AA2;INF179K01AB0;13.9895;;;18-Feb-2026
119119;HDFC Hybrid Debt Fund - IDCW Monthly - Direct Plan;INF179K01XF3;INF179K01XG1;15.6939;;;18-Feb-2026
102149;HDFC Hybrid Debt Fund - IDCW Quarterly;INF179K01AC8;INF179K01AD6;14.7909;;;18-Feb-2026
119120;HDFC Hybrid Debt Fund - IDCW Quarterly - Direct Plan;INF179K01XH9;INF179K01XI7;16.5887;;;18-Feb-2026

HSBC Mutual Fund
120073;HSBC Conservative Hybrid Fund - Direct Growth;INF336L01DW4;;69.3954;;;18-Feb-2026
120074;HSBC Conservative Hybrid Fund - Direct Monthly IDCW;INF336L01DX2;INF336L01DY0;17.3492;;;18-Feb-2026
120075;HSBC Conservative Hybrid Fund - Direct Quarterly IDCW;INF336L01DZ7;INF336L01EA8;15.0519;;;18-Feb-2026
102262;HSBC Conservative Hybrid Fund - Regular Growth;INF336L01099;;61.669;;;18-Feb-2026
102260;HSBC Conservative Hybrid Fund - Regular Monthly IDCW;INF336L01107;INF336L01115;12.9382;;;18-Feb-2026
102261;HSBC Conservative Hybrid Fund - Regular Quarterly IDCW;INF336L01123;INF336L01131;17.0714;;;18-Feb-2026

ICICI Prudential Mutual Fund
120616;ICICI Prudential Regular Savings Fund - Direct Plan - Growth;INF109K01S39;;86.2396;;;18-Feb-2026
120613;ICICI Prudential Regular Savings Fund - Direct Plan - Half Yearly IDCW;INF109K01S47;INF109K01S54;16.7176;;;18-Feb-2026
120615;ICICI Prudential Regular Savings Fund - Direct Plan - Monthly IDCW;INF109K01S62;INF109K01S70;16.3162;;;18-Feb-2026
120614;ICICI Prudential Regular Savings Fund - Direct Plan - Quarterly IDCW;INF109K01S88;INF109K01S96;14.9020;;;18-Feb-2026
102330;ICICI Prudential Regular Savings Fund - Plan - Growth;INF109K01902;;78.0395;;;18-Feb-2026
113098;ICICI Prudential Regular Savings Fund - Plan - Half Yearly IDCW;INF109K01IW6;INF109K01WX5;13.0123;;;18-Feb-2026
102331;ICICI Prudential Regular Savings Fund - Plan - Monthly IDCW;INF109K01ER5;INF109K01894;13.7766;;;18-Feb-2026
113097;ICICI Prudential Regular Savings Fund - Plan - Quarterly IDCW;INF109K01IX4;INF109K01WY3;12.0725;;;18-Feb-2026

Kotak Mahindra Mutual Fund
114859;Kotak Debt Hybrid - Growth;INF174K01393;;59.6162;;;18-Feb-2026
120154;Kotak Debt Hybrid - Growth - Direct;INF174K01JZ1;;69.32;;;18-Feb-2026
114858;Kotak Debt Hybrid - Monthly Payout of Income Distribution cum capital withdrawal option;INF174K01419;INF174K01401;12.5913;;;18-Feb-2026
120155;Kotak Debt Hybrid - Monthly Payout of Income Distribution cum capital withdrawal option - Direct;INF174K01KA2;INF174K01KB0;13.8087;;;18-Feb-2026

LIC Mutual Fund
120276;LIC MF Conservative Hybrid Fund-Direct Plan-Growth;INF767K01EO7;;93.438;;;18-Feb-2026
120277;LIC MF Conservative Hybrid Fund-Direct Plan-Monthly IDCW;INF767K01EP4;INF767K01ES8;13.4524;;;18-Feb-2026
120274;LIC MF Conservative Hybrid Fund-Direct Plan-Quarterly IDCW;INF767K01EQ2;INF767K01ET6;18.6369;;;18-Feb-2026
120275;LIC MF Conservative Hybrid Fund-Direct Plan-Yearly IDCW;INF767K01ER0;INF767K01EU4;15.0046;;;18-Feb-2026
101869;LIC MF Conservative Hybrid Fund-Regular Plan-Growth;INF767K01808;;83.7856;;;18-Feb-2026
101866;LIC MF Conservative Hybrid Fund-Regular Plan-Monthly IDCW;INF767K01816;INF767K01824;13.0211;;;18-Feb-2026
101867;LIC MF Conservative Hybrid Fund-Regular Plan-Quarterly IDCW;INF767K01832;INF767K01840;14.7174;;;18-Feb-2026
101868;LIC MF Conservative Hybrid Fund-Regular Plan-Yearly IDCW;INF767K01857;INF767K01865;12.5783;;;18-Feb-2026

PPFAS Mutual Fund
148958;Parag Parikh Conservative Hybrid Fund - Direct Plan - Growth;INF879O01175;;15.8656;;;18-Feb-2026
148961;Parag Parikh Conservative Hybrid Fund - Direct Plan - Monthly IDCW;INF879O01167;INF879O01159;11.1798;;;18-Feb-2026
148959;Parag Parikh Conservative Hybrid Fund - Regular Plan - Growth;INF879O01209;;15.6426;;;18-Feb-2026
148960;Parag Parikh Conservative Hybrid Fund - Regular Plan - Monthly IDCW;INF879O01191;INF879O01183;10.9308;;;18-Feb-2026

SBI Mutual Fund
119836;SBI Conservative Hybrid Fund  - Direct Plan - Quarterly Income Distribution cum Capital Withdrawal Option (IDCW);INF200K01TV2;INF200K01TW0;25.0560;;;18-Feb-2026
119837;SBI Conservative Hybrid Fund - Direct Plan - Annual Income Distribution cum Capital Withdrawal Option (IDCW);INF200K01TQ2;INF200K01TR0;32.7028;;;18-Feb-2026
119839;SBI Conservative Hybrid Fund - Direct Plan - Growth;INF200K01TS8;;82.0063;;;18-Feb-2026
119838;SBI Conservative Hybrid Fund - Direct Plan - Monthly Income Distribution cum Capital Withdrawal Option (IDCW);INF200K01TT6;INF200K01TU4;28.4677;;;18-Feb-2026
100929;SBI Conservative Hybrid Fund - Regular Plan - Annual Income Distribution cum Capital Withdrawal Option (IDCW);INF200K01909;INF200K01917;26.4019;;;18-Feb-2026
100968;SBI Conservative Hybrid Fund - Regular Plan - Growth;INF200K01859;;74.8487;;;18-Feb-2026
100927;SBI Conservative Hybrid Fund - Regular Plan - Monthly Income Distribution cum Capital Withdrawal Option (IDCW);INF200K01867;INF200K01875;21.7698;;;18-Feb-2026
100928;SBI Conservative Hybrid Fund - Regular Plan - Quarterly Income Distribution cum Capital Withdrawal Option (IDCW);INF200K01883;INF200K01891;21.5873;;;18-Feb-2026

Sundaram Mutual Fund
119635;Sundaram Conservative Hybrid Fund (Formerly Known as Sundaram Debt Oriented Hybrid Fund) Direct Plan - Growth;INF903J01OP6;;32.9968;;;18-Feb-2026
119637;Sundaram Conservative Hybrid Fund (Formerly Known as Sundaram Debt Oriented Hybrid Fund) Direct Plan -Income Distribution cum Capital Withdrawal (IDCW);INF903J01OR2;INF903J01OU6;20.7316;;;18-Feb-2026
112868;Sundaram Conservative Hybrid Fund (Formerly Known as Sundaram Debt Oriented Hybrid Fund) Regular Plan - Growth;INF903J01HB0;;29.7817;;;18-Feb-2026
112870;Sundaram Conservative Hybrid Fund (Formerly Known as Sundaram Debt Oriented Hybrid Fund) Regular Plan -Income Distribution cum Capital Withdrawal (IDCW);INF903J01HD6;INF903J01HG9;18.5980;;;18-Feb-2026

UTI Mutual Fund
102533;UTI Conservative Hybrd Fund - Regular Plan - Monthly Payment Option;INF789F01927;;70.5721;;;18-Feb-2026
120789;UTI Conservative Hybrid Fund - Direct Plan - Flexi IDCW;INF789F01UH1;INF789F01UI9;49.7689;;;18-Feb-2026
120779;UTI Conservative Hybrid Fund - Direct Plan - Growth Option;INF789F01UJ7;;76.6132;;;18-Feb-2026
120778;UTI Conservative Hybrid Fund - Direct Plan - Monthly IDCW;INF789F01UK5;INF789F01UL3;19.5925;;;18-Feb-2026
120790;UTI Conservative Hybrid Fund - Direct Plan - Monthly Payment Option;INF789F01UM1;;75.3646;;;18-Feb-2026
102534;UTI Conservative Hybrid Fund - Regular Plan - Flexi IDCW;INF789F01877;INF789F01885;44.6155;;;18-Feb-2026
102535;UTI Conservative Hybrid Fund - Regular Plan - Growth Option;INF789F01893;;70.5359;;;18-Feb-2026
102536;UTI Conservative Hybrid Fund - Regular Plan - Monthly IDCW;INF789F01901;INF789F01919;17.2875;;;18-Feb-2026

Open Ended Schemes ( Hybrid Scheme - Balanced Hybrid Fund )


360 ONE Mutual Fund
152073;360 ONE Balanced Hybrid Fund - Direct Plan - IDCW;INF579M01AZ6;INF579M01BA7;13.2396;;;18-Feb-2026
152075;360 ONE Balanced Hybrid Fund - Regular Plan - Growth;INF579M01AV5;;12.7739;;;18-Feb-2026
152076;360 ONE Balanced Hybrid Fund- Direct Plan - Growth;INF579M01AY9;;13.2396;;;18-Feb-2026
152074;360 ONE Balanced Hyrbrid fund - Regular Plan - IDCW;INF579M01AW3;INF579M01AX1;12.7739;;;18-Feb-2026

WhiteOak Capital Mutual Fund
152132;WhiteOak Capital Balanced Hybrid Fund Direct Plan Growth;INF03VN01829;;13.593;;;18-Feb-2026
152133;WhiteOak Capital Balanced Hybrid Fund Regular Plan Growth;INF03VN01811;;13.130;;;18-Feb-2026

Open Ended Schemes ( Hybrid Scheme - Aggressive Hybrid Fund )


Axis Mutual Fund
144394;Axis Aggressive Hybrid Fund - Direct Plan - Growth Option;INF846K01E25;;23.04;;;18-Feb-2026
144397;Axis Aggressive Hybrid Fund - Direct Plan - Monthly IDCW;INF846K01E33;INF846K01E41;16.14;;;18-Feb-2026
144398;Axis Aggressive Hybrid Fund - Direct Plan - Quarterly IDCW;INF846K01E58;INF846K01E66;15.43;;;18-Feb-2026
144395;Axis Aggressive Hybrid Fund - Direct Plan - Regular IDCW;INF846K01E09;INF846K01E17;16.54;;;18-Feb-2026
144393;Axis Aggressive Hybrid Fund - Regular Plan - Growth Option;INF846K01E90;;20.89;;;18-Feb-2026
144399;Axis Aggressive Hybrid Fund - Regular Plan - Monthly IDCW;INF846K01F08;INF846K01F16;13.20;;;18-Feb-2026
144400;Axis Aggressive Hybrid Fund - Regular Plan - Quarterly IDCW;INF846K01F24;INF846K01F32;13.51;;;18-Feb-2026
144396;Axis Aggressive Hybrid Fund - Regular Plan - Regular IDCW;INF846K01E74;INF846K01E82;14.95;;;18-Feb-2026

Bank of India Mutual Fund
139527;BANK OF INDIA MID & SMALL CAP EQUITY & DEBT FUND - DIRECT PLAN GROWTH;INF761K01DM6;;42.32;;;18-Feb-2026
139530;BANK OF INDIA MID & SMALL CAP EQUITY & DEBT FUND - DIRECT PLAN IDCW;INF761K01DN4;INF761K01DO2;34.27;;;18-Feb-2026
139529;BANK OF INDIA MID & SMALL CAP EQUITY & DEBT FUND - REGULAR  PLAN  GROWTH;INF761K01DP9;;38.52;;;18-Feb-2026
139528;BANK OF INDIA MID & SMALL CAP EQUITY & DEBT FUND - REGULAR  PLAN IDCW;INF761K01DQ7;INF761K01DR5;32.40;;;18-Feb-2026

Baroda BNP Paribas Mutual Fund
150259;Baroda BNP Paribas Aggressive Hybrid Fund -DIRECT PLAN- IDCW OPTION;INF251K01PB5;INF251K01PA7;18.7696;;;18-Feb-2026
150260;Baroda BNP Paribas Aggressive Hybrid Fund- DIRECT PLAN - GROWTH OPTION;INF251K01OZ7;;32.6517;;;18-Feb-2026
150261;Baroda BNP Paribas Aggressive Hybrid Fund- REGULAR PLAN- IDCW OPTION;INF251K01OY0;INF251K01OX2;16.2806;;;18-Feb-2026
150258;Baroda BNP Paribas Aggressive Hybrid Fund- REGULAT PLAN -GROWTH OPTION;INF251K01OW4;;28.2963;;;18-Feb-2026

Edelweiss Mutual Fund
118625;Edelweiss Aggressive Hybrid Fund  - Direct Plan - IDCW Option;INF754K01CB6;INF754K01CC4;33.77;;;18-Feb-2026
112013;Edelweiss Aggressive Hybrid Fund  - Plan B - IDCW Option;INF754K01137;INF754K01145;65.39;;;18-Feb-2026
112108;Edelweiss Aggressive Hybrid Fund - Regular Plan - Growth Option;INF754K01202;;64.85;;;18-Feb-2026
112109;Edelweiss Aggressive Hybrid Fund - Regular Plan - IDCW Option;INF754K01178;INF754K01186;27.03;;;18-Feb-2026
112012;Edelweiss Aggressive Hybrid Fund- Plan B-Growth Option;INF754K01160;;64.16;;;18-Feb-2026
118624;Edelweiss Aggressive Hybrid Fund-Direct Plan-Growth Option;INF754K01CE0;;75.35;;;18-Feb-2026

Groww Mutual Fund
145599;Groww Aggressive Hybrid Fund (formerly known as Indiabulls Equity Hybrid Fund) - Direct Plan - Growth option;INF666M01FA3;;24.0181;;;18-Feb-2026
145605;Groww Aggressive Hybrid Fund (formerly known as Indiabulls Equity Hybrid Fund) - Regular Plan - Growth option;INF666M01FJ4;;21.359;;;18-Feb-2026
145600;Groww Aggressive Hybrid Fund (formerly known as Indiabulls Equity Hybrid Fund)- Direct Plan- - Income Distribution cum capital withdrawal Option (Payout & Reinvestment);INF666M01FB1;INF666M01FC9;23.8166;;;18-Feb-2026
145602;Groww Aggressive Hybrid Fund (formerly known as Indiabulls Equity Hybrid Fund)- Direct Plan- Half Yearly - Income Distribution cum capital withdrawal Option (Payout & Reinvestment);INF666M01FH8;INF666M01FI6;23.0975;;;18-Feb-2026
145606;Groww Aggressive Hybrid Fund (formerly known as Indiabulls Equity Hybrid Fund)- Direct Plan- Monthly - Income Distribution cum capital withdrawal Option (Payout & Reinvestment);INF666M01FD7;INF666M01FE5;23.7788;;;18-Feb-2026
145601;Groww Aggressive Hybrid Fund (formerly known as Indiabulls Equity Hybrid Fund)- Direct Plan- Quarterly - Income Distribution cum capital withdrawal Option (Payout & Reinvestment);INF666M01FF2;INF666M01FG0;23.5342;;;18-Feb-2026
145603;Groww Aggressive Hybrid Fund (formerly known as Indiabulls Equity Hybrid Fund)- Regular Plan- - Income Distribution cum capital withdrawal Option (Payout & Reinvestment);INF666M01FK2;INF666M01FL0;21.356;;;18-Feb-2026
145608;Groww Aggressive Hybrid Fund (formerly known as Indiabulls Equity Hybrid Fund)- Regular Plan- Half Yearly - Income Distribution cum capital withdrawal Option (Payout & Reinvestment);INF666M01FQ9;INF666M01FR7;21.3088;;;18-Feb-2026
145604;Groww Aggressive Hybrid Fund (formerly known as Indiabulls Equity Hybrid Fund)- Regular Plan- Monthly - Income Distribution cum capital withdrawal Option (Payout & Reinvestment.;INF666M01FM8;INF666M01FN6;21.3572;;;18-Feb-2026
145607;Groww Aggressive Hybrid Fund (formerly known as Indiabulls Equity Hybrid Fund)- Regular Plan- Quarterly - Income Distribution cum capital withdrawal Option (Payout & Reinvestment);INF666M01FO4;INF666M01FP1;22.6393;;;18-Feb-2026

HDFC Mutual Fund
119062;HDFC Hybrid Equity Fund - Growth Option - Direct Plan;INF179K01XZ1;;130.07;;;18-Feb-2026
102948;HDFC Hybrid Equity Fund - Growth Plan;INF179K01AS4;;119.518;;;18-Feb-2026
119061;HDFC Hybrid Equity Fund - IDCW Option - Direct Plan;INF179K01XX6;INF179K01XY4;19.021;;;18-Feb-2026
102947;HDFC Hybrid Equity Fund - IDCW Plan;INF179K01AQ8;INF179K01AR6;16.448;;;18-Feb-2026

HSBC Mutual Fund
151125;HSBC Aggressive Hybrid Fund - Direct Annual IDCW;INF917K01TY5;INF917K01TX7;20.3909;;;18-Feb-2026
151122;HSBC Aggressive Hybrid Fund - Direct Growth;INF917K01LE4;;64.7583;;;18-Feb-2026
151123;HSBC Aggressive Hybrid Fund - Direct IDCW;INF917K01E45;INF917K01LD6;33.3941;;;18-Feb-2026
151124;HSBC Aggressive Hybrid Fund - Regular Annual IDCW;INF917K01TW9;INF917K01TV1;18.0513;;;18-Feb-2026
151120;HSBC Aggressive Hybrid Fund - Regular Growth;INF917K01LB0;;56.6512;;;18-Feb-2026
151121;HSBC Aggressive Hybrid Fund - Regular IDCW;INF917K01KZ1;INF917K01LA2;27.876;;;18-Feb-2026

ICICI Prudential Mutual Fund
136113;ICICI Prudential Equity & Debt Fund - Annual IDCW;INF109KB1QK6;INF109KB1QJ8;26.20;;;18-Feb-2026
136114;ICICI Prudential Equity & Debt Fund - Direct Plan - Annual IDCW;INF109KB1QM2;INF109KB1QL4;29.30;;;18-Feb-2026
120251;ICICI Prudential Equity & Debt Fund - Direct Plan - Growth;INF109K01Y07;;458.30;;;18-Feb-2026
131453;ICICI Prudential Equity & Debt Fund - Direct Plan - Half Yearly IDCW;INF109KA1Y19;INF109KA1Y01;31.03;;;18-Feb-2026
120252;ICICI Prudential Equity & Debt Fund - Direct Plan - Monthly IDCW;INF109K01X81;INF109K01X99;72.45;;;18-Feb-2026
100356;ICICI Prudential Equity & Debt Fund - Growth;INF109K01480;;411.62;;;18-Feb-2026
131452;ICICI Prudential Equity & Debt Fund - Half Yearly IDCW;INF109KA1X93;INF109KA1X85;27.39;;;18-Feb-2026
100355;ICICI Prudential Equity & Debt Fund - Monthly IDCW;INF109K01DX5;INF109K01498;44.75;;;18-Feb-2026

Invesco Mutual Fund
143537;Invesco India Aggressive Hybrid Fund - Direct Plan - Growth;INF205K014Q7;;24.8703;;;18-Feb-2026
143532;Invesco India Aggressive Hybrid Fund - Direct Plan - IDCW (Payout / Reinvestment);INF205K013Q9;INF205K015Q4;24.763;;;18-Feb-2026
143536;Invesco India Aggressive Hybrid Fund - Regular Plan - Growth;INF205K011Q3;;22.0505;;;18-Feb-2026
143534;Invesco India Aggressive Hybrid Fund - Regular Plan - IDCW (Payout / Reinvestment);INF205K010Q5;INF205K012Q1;22.0517;;;18-Feb-2026

JM Financial Mutual Fund
130904;JM Aggressive Hybrid Fund (Direct) - Annual Bonus Option;INF192K01HB8;;137.2804;;;18-Feb-2026
131477;JM Aggressive Hybrid Fund (Direct) - Annual IDCW;INF192K01HJ1;INF192K01HK9;46.2448;;;18-Feb-2026
120484;JM Aggressive Hybrid Fund (Direct) - Growth Option;INF192K01BQ9;;137.0564;;;18-Feb-2026
133402;JM Aggressive Hybrid Fund (Direct) - Half Yearly IDCW;INF192K01HH5;INF192K01HI3;98.6212;;;18-Feb-2026
120483;JM Aggressive Hybrid Fund (Direct) - IDCW;INF192K01BO4;INF192K01BP1;75.5621;;;18-Feb-2026
133412;JM Aggressive Hybrid Fund (Direct) - Monthly IDCW;INF192K01HN3;INF192K01HO1;98.5922;;;18-Feb-2026
133406;JM Aggressive Hybrid Fund (Direct) - Quarterly IDCW;INF192K01HR4;INF192K01HS2;34.6772;;;18-Feb-2026
131476;JM Aggressive Hybrid Fund (Regular) - Annual IDCW;INF192K01HF9;INF192K01HG7;33.0034;;;18-Feb-2026
133408;JM Aggressive Hybrid Fund (Regular) - Half Yearly IDCW;INF192K01HD4;INF192K01HE2;86.7421;;;18-Feb-2026
100220;JM Aggressive Hybrid Fund (Regular) - IDCW;INF192K01528;INF192K01536;33.2395;;;18-Feb-2026
133404;JM Aggressive Hybrid Fund (Regular) - Monthly IDCW;INF192K01HL7;INF192K01HM5;86.0523;;;18-Feb-2026
133405;JM Aggressive Hybrid Fund (Regular) - Quarterly IDCW;INF192K01HP8;INF192K01HQ6;30.714;;;18-Feb-2026
100221;JM Aggressive Hybrid Fund (Regular) -Growth Option;INF192K01544;;118.8439;;;18-Feb-2026

Kotak Mahindra Mutual Fund
119767;Kotak Aggressive Hybrid Fund - Direct Plan - IDCW - Payout & Reinvestment of Income Distribution cum  capital withdrawal option;INF174K01LL7;INF174K01LM5;46.7;;;18-Feb-2026
133035;Kotak Aggressive Hybrid Fund - Direct Plan -Growth;INF174K01F00;;76.182;;;18-Feb-2026
100286;Kotak Aggressive Hybrid Fund - Regular Plan - IDCW - Payout & Reinvestment of Income Distribution cum capital withdrawal option;INF174K01450;INF174K01443;37.838;;;18-Feb-2026
133036;Kotak Aggressive Hybrid Fund - Regular Plan -Growth;INF174K01E92;;64.384;;;18-Feb-2026

LIC Mutual Fund
120261;LIC MF Aggressive Hybrid Fund-Direct Plan-Growth;INF767K01ED0;;226.0013;;;18-Feb-2026
120260;LIC MF Aggressive Hybrid Fund-Direct Plan-IDCW;INF767K01EC2;INF767K01EE8;22.0101;;;18-Feb-2026
100323;LIC MF Aggressive Hybrid Fund-Regular Plan-Growth;INF767K01030;;197.8086;;;18-Feb-2026
100321;LIC MF Aggressive Hybrid Fund-Regular Plan-IDCW;INF767K01022;INF767K01014;15.5861;;;18-Feb-2026

Mahindra Manulife Mutual Fund
147448;Mahindra Manulife Aggressive Hybrid Fund - Direct Plan - Monthly IDCW;INF174V01804;INF174V01796;22.4950;;;18-Feb-2026
147446;Mahindra Manulife Aggressive Hybrid Fund - Direct Plan -Growth;INF174V01788;;31.1646;;;18-Feb-2026
147447;Mahindra Manulife Aggressive Hybrid Fund - Regular Plan - Growth;INF174V01754;;27.7143;;;18-Feb-2026
147449;Mahindra Manulife Aggressive Hybrid Fund - Regular Plan - Monthly IDCW;INF174V01770;INF174V01762;19.4562;;;18-Feb-2026

Mirae Asset Mutual Fund
134813;Mirae Asset Aggressive Hybrid Fund - Direct Plan - Growth;INF769K01DH9;;39.664;;;18-Feb-2026
134814;Mirae Asset Aggressive Hybrid Fund - Direct Plan - IDCW;INF769K01DI7;INF769K01DJ5;21.839;;;18-Feb-2026
134815;Mirae Asset Aggressive Hybrid Fund - Regular Plan - Growth;INF769K01DE6;;33.735;;;18-Feb-2026
134816;Mirae Asset Aggressive Hybrid Fund - Regular Plan - IDCW;INF769K01DF3;INF769K01DG1;17.708;;;18-Feb-2026

Navi Mutual Fund
143163;Navi Aggressive Hybrid Fund - Direct Plan - Growth;INF959L01CX3;;24.1256;;;18-Feb-2026
143195;Navi Aggressive Hybrid Fund - Direct Plan Annual IDCW;INF959L01DG6;INF959L01DH4;24.0218;;;18-Feb-2026
143186;Navi Aggressive Hybrid Fund - Direct Plan Half Yearly IDCW;INF959L01DE1;INF959L01DF8;23.995;;;18-Feb-2026
143192;Navi Aggressive Hybrid Fund - Direct Plan Monthly IDCW;INF959L01DA9;INF959L01DB7;24.0172;;;18-Feb-2026
143167;Navi Aggressive Hybrid Fund - Direct Plan Normal IDCW;INF959L01CY1;INF959L01CZ8;24.0184;;;18-Feb-2026
143185;Navi Aggressive Hybrid Fund - Direct Plan Quarterly IDCW;INF959L01DC5;INF959L01DD3;24.0016;;;18-Feb-2026
143162;Navi Aggressive Hybrid Fund - Regular Plan - Growth;INF959L01DI2;;20.968;;;18-Feb-2026
143198;Navi Aggressive Hybrid Fund - Regular Plan Annual IDCW;INF959L01DR3;INF959L01DS1;20.9655;;;18-Feb-2026
143189;Navi Aggressive Hybrid Fund - Regular Plan Half Yearly IDCW;INF959L01DP7;INF959L01DQ5;20.9811;;;18-Feb-2026
143197;Navi Aggressive Hybrid Fund - Regular Plan Monthly IDCW;INF959L01DL6;INF959L01DM4;20.9675;;;18-Feb-2026
143166;Navi Aggressive Hybrid Fund - Regular Plan Normal IDCW;INF959L01DJ0;INF959L01DK8;20.9692;;;18-Feb-2026
143199;Navi Aggressive Hybrid Fund - Regular Plan Quarterly IDCW;INF959L01DN2;INF959L01DO0;20.9681;;;18-Feb-2026

quant Mutual Fund
101070;quant Aggressive Hybrid Fund - Growth Option - Regular Plan;INF966L01267;;430.4309;;;18-Feb-2026
120819;quant Aggressive Hybrid Fund-Growth Option-Direct Plan;INF966L01556;;472.394;;;18-Feb-2026
101069;quant Aggressive Hybrid Fund-IDCW Option - Regular Plan;INF966L01242;INF966L01259;59.3682;;;18-Feb-2026
120818;quant Aggressive Hybrid Fund-IDCW Option-Direct Plan;INF966L01531;INF966L01549;65.4289;;;18-Feb-2026

SBI Mutual Fund
119609;SBI EQUITY HYBRID FUND - DIRECT PLAN - Growth;INF200K01RY0;;342.3781;;;18-Feb-2026
119604;SBI Equity Hybrid Fund - Direct Plan - Income Distribution cum Capital Withdrawal Option (IDCW);INF200K01RW4;INF200K01RX2;100.1865;;;18-Feb-2026
101551;SBI Equity Hybrid Fund - Regular Plan - Income Distribution cum Capital Withdrawal Option (IDCW);INF200K01115;INF200K01123;65.4259;;;18-Feb-2026
102885;SBI EQUITY HYBRID FUND - REGULAR PLAN -Growth;INF200K01107;;308.7503;;;18-Feb-2026

Shriram Mutual Fund
125711;Shriram Aggressive Hybrid Fund- Direct Growth;INF680P01042;;37.2812;;;18-Feb-2026
125712;Shriram Aggressive Hybrid Fund- Direct- IDCW;INF680P01059;INF680P01067;29.3871;;;18-Feb-2026
125713;Shriram Aggressive Hybrid Fund- Regular Growth;INF680P01018;;32.2595;;;18-Feb-2026
125714;Shriram Aggressive Hybrid Fund- Regular-IDCW;INF680P01026;INF680P01034;25.7937;;;18-Feb-2026

Sundaram Mutual Fund
149601;Sundaram Aggressive Hybrid Fund (Formerly Known as Principal Hybrid Equity Fund)- Direct Plan - Growth Option;INF173K01FE6;;189.8880;;;18-Feb-2026
149600;Sundaram Aggressive Hybrid Fund (Formerly Known as Principal Hybrid Equity Fund)- Monthly Income Distribution CUM Capital Withdrawal;INF173K01CI4;INF173K01CJ2;26.6983;;;18-Feb-2026
149599;Sundaram Aggressive Hybrid Fund (Formerly Known as Principal Hybrid Equity Fund)-Growth;INF173K01CL8;;164.6106;;;18-Feb-2026
149602;Sundaram Aggressive Hybrid Fund(Formerly Known as Principal Hybrid Equity Fund)-Direct Plan - Monthly Income Distribution CUM Capital Withdrawal Option;INF173K01FB2;INF173K01FC0;41.6009;;;18-Feb-2026

UTI Mutual Fund
120673;UTI Aggressive Hybrid Fund - Direct Plan - IDCW;INF789F01SI3;INF789F01SJ1;47.2002;;;18-Feb-2026
100684;UTI Aggressive Hybrid Fund - Regular Plan - Growth;INF789F01323;;416.9876;;;18-Feb-2026
100685;UTI Aggressive Hybrid Fund - Regular Plan - IDCW;INF789F01307;INF789F01315;41.7757;;;18-Feb-2026
120674;UTI Aggressive Hybrid Fund -Direct Plan - Growth;INF789F01SK9;;450.1813;;;18-Feb-2026

Open Ended Schemes ( Hybrid Scheme - Dynamic Asset Allocation or Balanced Advantage )


Axis Mutual Fund
141642;Axis Balanced Advantage Fund - Direct Plan - Growth;INF846K01A29;;24.29;;;18-Feb-2026
141643;Axis Balanced Advantage Fund - Direct Plan - IDCW;INF846K01A37;INF846K01A45;15.24;;;18-Feb-2026
141644;Axis Balanced Advantage Fund - Regular Plan - Growth;INF846K01A52;;21.65;;;18-Feb-2026
141645;Axis Balanced Advantage Fund - Regular Plan - IDCW;INF846K01A60;INF846K01A78;14.02;;;18-Feb-2026

Bank of India Mutual Fund
127852;BANK OF INDIA BALANCED ADVANTAGE FUND  DIRECT PLAN IDCW;INF761K01BM0;INF761K01BN8;17.0114;;;18-Feb-2026
127851;BANK OF INDIA BALANCED ADVANTAGE FUND  REGULAR PLAN IDCW;INF761K01BP3;INF761K01BQ1;18.0772;;;18-Feb-2026
127850;BANK OF INDIA BALANCED ADVANTAGE FUND DIRECT PLAN  GROWTH;INF761K01BO6;;28.1877;;;18-Feb-2026
127849;BANK OF INDIA BALANCED ADVANTAGE FUND REGULAR PLAN  GROWTH;INF761K01BR9;;25.9103;;;18-Feb-2026

Baroda BNP Paribas Mutual Fund
145396;Baroda BNP Paribas Balanced Advantage Fund-Direct Plan-Growth Option;INF955L01HF7;;27.9950;;;18-Feb-2026
145397;Baroda BNP Paribas Balanced Advantage Fund-Direct Plan-IDCW Option;INF955L01HG5;INF955L01HH3;18.4546;;;18-Feb-2026
145387;Baroda BNP Paribas Balanced Advantage Fund-Regular Plan -Growth Option;INF955L01HC4;;25.4510;;;18-Feb-2026
145389;Baroda BNP Paribas Balanced Advantage Fund-Regular Plan-IDCW Option;INF955L01HD2;INF955L01HE0;16.7362;;;18-Feb-2026

Edelweiss Mutual Fund
141767;Edelweiss Balanced Advantage Fund - Direct Plan - Monthly - IDCW Option;INF754K01IH0;INF754K01II8;27.01;;;18-Feb-2026
118614;Edelweiss Balanced Advantage Fund - Direct Plan - Quarterly - IDCW Option;INF754K01BP8;INF754K01BQ6;29.38;;;18-Feb-2026
112117;Edelweiss Balanced Advantage Fund - Regular Plan - Growth Option;INF754K01285;;52.71;;;18-Feb-2026
141766;Edelweiss Balanced Advantage Fund - Regular Plan - Monthly - IDCW Option;INF754K01IK4;INF754K01IL2;21.58;;;18-Feb-2026
112118;Edelweiss Balanced Advantage Fund - Regular Plan - Quarterly - IDCW Option;INF754K01251;INF754K01269;21.54;;;18-Feb-2026
118615;Edelweiss Balanced Advantage Fund -Direct Plan-Growth Option;INF754K01BS2;;60.35;;;18-Feb-2026

HDFC Mutual Fund
100119;HDFC Balanced Advantage Fund - Growth Plan;INF179K01830;;535.326;;;18-Feb-2026
118968;HDFC Balanced Advantage Fund - Growth Plan - Direct Plan;INF179K01WA6;;580.62;;;18-Feb-2026
100120;HDFC Balanced Advantage Fund - IDCW Plan;INF179K01814;INF179K01822;38.681;;;18-Feb-2026
118969;HDFC Balanced Advantage Fund - IDCW Plan - Direct Plan;INF179K01VY8;INF179K01VZ5;45.616;;;18-Feb-2026

Helios Mutual Fund
152509;Helios Balanced Advantage Fund- Direct Plan- Growth Option;INF0R8701145;;12.03;;;18-Feb-2026
152511;Helios Balanced Advantage Fund- Direct Plan-IDCW Option;INF0R8701152;INF0R8701160;12.03;;;18-Feb-2026
152512;Helios Balanced Advantage Fund- Regular Plan- Growth Option;INF0R8701111;;11.67;;;18-Feb-2026
152510;Helios Balanced Advantage Fund- Regular Plan-IDCW Option;INF0R8701129;INF0R8701137;11.67;;;18-Feb-2026

HSBC Mutual Fund
151129;HSBC Balanced Advantage Fund - Direct Growth;INF917K01IN1;;51.1977;;;18-Feb-2026
151128;HSBC Balanced Advantage Fund - Direct IDCW;INF917K01IM3;INF917K01IL5;22.6876;;;18-Feb-2026
151127;HSBC Balanced Advantage Fund - Regular Growth;INF917K01KY4;;43.8591;;;18-Feb-2026
151126;HSBC Balanced Advantage Fund - Regular IDCW;INF917K01KW8;INF917K01KX6;18.971;;;18-Feb-2026

ICICI Prudential Mutual Fund
120377;ICICI Prudential Balanced Advantage Fund - Direct Plan -  Growth;INF109K012B0;;87.15;;;18-Feb-2026
120376;ICICI Prudential Balanced Advantage Fund - Direct Plan -  IDCW;INF109K010B4;INF109K011B2;29.59;;;18-Feb-2026
122236;ICICI Prudential Balanced Advantage Fund - Direct Plan - Monthly IDCW;INF109K016W7;INF109K015W9;27.50;;;18-Feb-2026
104685;ICICI Prudential Balanced Advantage Fund - Growth;INF109K01BH2;;77.86;;;18-Feb-2026
104686;ICICI Prudential Balanced Advantage Fund - IDCW;INF109K01EG8;INF109K01BG4;18.17;;;18-Feb-2026
122168;ICICI Prudential Balanced Advantage Fund - Monthly IDCW;INF109K018W3;INF109K017W5;22.89;;;18-Feb-2026

Invesco Mutual Fund
120333;Invesco India Balanced Advantage Fund - Direct Plan - Growth;INF205K01LN5;;64.32;;;18-Feb-2026
120332;Invesco India Balanced Advantage Fund - Direct Plan - IDCW (Payout / Reinvestment);INF205K01LL9;INF205K01LM7;23.08;;;18-Feb-2026
106317;Invesco India Balanced Advantage Fund - Regular Plan - Growth;INF205K01213;;53.85;;;18-Feb-2026
106316;Invesco India Balanced Advantage Fund - Regular Plan - IDCW (Payout / Reinvestment);INF205K01239;INF205K01221;18.55;;;18-Feb-2026

Kotak Mahindra Mutual Fund
144335;Kotak Balanced Advantage Fund  - Direct Plan -Growth Option;INF174KA1210;;23.048;;;18-Feb-2026
144336;Kotak Balanced Advantage Fund - Regular Plan - Payout of Income Distribution cum capital withdrawal option Option;INF174KA1160;INF174KA1178;21.109;;;18-Feb-2026
144334;Kotak Balanced Advantage Fund -Direct Plan  -Payout of Income Distribution cum capital withdrawal option;INF174KA1194;INF174KA1202;23.049;;;18-Feb-2026
144333;Kotak Balanced Advantage Fund -Regular Plan - Growth Option;INF174KA1186;;21.108;;;18-Feb-2026

LIC Mutual Fund
149261;LIC MF Balanced Advantage Fund-Direct Plan-Growth;INF767K01QY0;;14.6288;;;18-Feb-2026
149260;LIC MF Balanced Advantage Fund-Direct Plan-IDCW;INF767K01QZ7;INF767K01RA8;13.0876;;;18-Feb-2026
149259;LIC MF Balanced Advantage Fund-Regular Plan-Growth;INF767K01QV6;;13.6289;;;18-Feb-2026
149258;LIC MF Balanced Advantage Fund-Regular Plan-IDCW;INF767K01QW4;INF767K01QX2;12.353;;;18-Feb-2026

Mahindra Manulife Mutual Fund
149406;Mahindra Manulife Balanced Advantage Fund - Direct Plan - Growth;INF174V01BE0;;15.8536;;;18-Feb-2026
149407;Mahindra Manulife Balanced Advantage Fund - Direct Plan - IDCW;INF174V01BF7;INF174V01BG5;13.5177;;;18-Feb-2026
149404;Mahindra Manulife Balanced Advantage Fund - Regular Plan - Growth;INF174V01BB6;;14.7368;;;18-Feb-2026
149405;Mahindra Manulife Balanced Advantage Fund - Regular Plan - IDCW;INF174V01BC4;INF174V01BD2;12.4564;;;18-Feb-2026

Mirae Asset Mutual Fund
150470;Mirae Asset Balanced Advantage Fund Direct Plan- Growth;INF769K01IN6;;15.407;;;18-Feb-2026
150471;Mirae Asset Balanced Advantage Fund Direct Plan- IDCW;INF769K01IM8;INF769K01IO4;14.185;;;18-Feb-2026
150474;Mirae Asset Balanced Advantage Fund Regular Plan IDCW;INF769K01IJ4;INF769K01IL0;13.512;;;18-Feb-2026
150473;Mirae Asset Balanced Advantage Fund Regular Plan- Growth;INF769K01IK2;;14.665;;;18-Feb-2026

NJ Mutual Fund
149264;NJ Balanced Advantage Fund - Direct Plan - Growth Option;INF0J8L01040;;14.34;;;18-Feb-2026
149265;NJ Balanced Advantage Fund - Direct Plan - IDCW Payout Option;INF0J8L01032;;14.34;;;18-Feb-2026
149266;NJ Balanced Advantage Fund - Regular Plan - Growth Option;INF0J8L01024;;13.56;;;18-Feb-2026
149263;NJ Balanced Advantage Fund - Regular Plan - IDCW Payout Option;INF0J8L01016;;13.56;;;18-Feb-2026

PGIM India Mutual Fund
148658;PGIM India Balanced Advantage Fund -  Direct Plan - Growth Option;INF663L01V49;;16.79;;;18-Feb-2026
148659;PGIM India Balanced Advantage Fund - Direct Plan - Dividend Option;INF663L01V56;INF663L01V64;12.1;;;18-Feb-2026
148660;PGIM India Balanced Advantage Fund - Regular Plan - Dividend Option;INF663L01V80;INF663L01V98;11.65;;;18-Feb-2026
148657;PGIM India Balanced Advantage Fund - Regular Plan - Growth Option;INF663L01V72;;15.38;;;18-Feb-2026

PPFAS Mutual Fund
152469;Parag Parikh Dynamic Asset Allocation Fund - Direct Plan - Monthly IDCW Reinvestment;;INF879O01282;10.5757;;;18-Feb-2026
152468;Parag Parikh Dynamic Asset Allocation Fund - Direct Plan Growth;INF879O01266;;11.6929;;;18-Feb-2026
152467;Parag Parikh Dynamic Asset Allocation Fund - Regular Plan - Monthly IDCW Reinvestment;;INF879O01258;10.3266;;;18-Feb-2026
152464;Parag Parikh Dynamic Asset Allocation Fund - Regular Plan Growth;INF879O01233;;11.6230;;;18-Feb-2026

quant Mutual Fund
151713;quant Dynamic Asset Allocation Fund - Growth Option - Direct Plan;INF966L01BL5;;16.946;;;18-Feb-2026
151714;quant Dynamic Asset Allocation Fund - Growth Option - Regular Plan;INF966L01BO9;;16.2291;;;18-Feb-2026
151712;quant Dynamic Asset Allocation Fund - IDCW Option - Direct Plan;INF966L01BM3;INF966L01BN1;16.9406;;;18-Feb-2026
151715;quant Dynamic Asset Allocation Fund - IDCW Option - Regular Plan;INF966L01BP6;INF966L01BQ4;16.2306;;;18-Feb-2026

Samco Mutual Fund
152188;Samco Dynamic Asset Allocation Fund - Direct Plan - Growth Option;INF0K1H01131;;10.73;;;18-Feb-2026
152186;Samco Dynamic Asset Allocation Fund - Direct Plan - IDCW Option;INF0K1H01149;INF0K1H01156;10.72;;;18-Feb-2026
152187;Samco Dynamic Asset Allocation Fund - Regular Plan - Growth Option;INF0K1H01099;;10.36;;;18-Feb-2026
152185;Samco Dynamic Asset Allocation Fund - Regular Plan - IDCW Option;INF0K1H01107;INF0K1H01115;10.36;;;18-Feb-2026

SBI Mutual Fund
149134;SBI Balanced Advantage Fund - Direct Plan - Growth;INF200KA1Y73;;16.8341;;;18-Feb-2026
149135;SBI Balanced Advantage Fund - Direct Plan - Income Distribution cum Capital Withdrawal Option (IDCW);INF200KA1Y81;INF200KA1Y99;16.8345;;;18-Feb-2026
149132;SBI Balanced Advantage Fund - Regular Plan - Growth;INF200KA1Y40;;16.1238;;;18-Feb-2026
149133;SBI Balanced Advantage Fund - Regular Plan - Income Distribution cum Capital Withdrawal Option (IDCW);INF200KA1Y57;INF200KA1Y65;16.1240;;;18-Feb-2026

Shriram Mutual Fund
147406;Shriram Balanced Advantage Fund - Direct Growth;INF680P01208;;19.3673;;;18-Feb-2026
147403;Shriram Balanced Advantage Fund - Direct- IDCW;INF680P01216;INF680P01224;19.21;;;18-Feb-2026
147405;Shriram Balanced Advantage Fund - Regular Growth;INF680P01174;;17.1257;;;18-Feb-2026
147404;Shriram Balanced Advantage Fund - Regular-IDCW;INF680P01182;INF680P01190;17.1486;;;18-Feb-2026

Sundaram Mutual Fund
149717;Sundaram Balanced Advantage Fund ( Formerly Known as Principal Balanced Advantage Fund) - Direct Plan - Growth Option;INF173K01FI7;;42.5157;;;18-Feb-2026
149718;Sundaram Balanced Advantage Fund (Formerly Known as Principal Balanced Advantage Fund) - Direct Plan - Monthly Income Distribution CUM Capital Withdrawal Option;INF173K01FF3;INF173K01FG1;18.6741;;;18-Feb-2026
149715;Sundaram Balanced Advantage Fund (Formerly Known as Principal Balanced Advantage Fund) - Growth Option;INF173K01585;;35.9322;;;18-Feb-2026
149716;Sundaram Balanced Advantage Fund (Formerly Known as Principal Balanced Advantage Fund) - Monthly Income Distribution CUM Capital Withdrawal Option;INF173K01551;INF173K01569;15.1375;;;18-Feb-2026

Unifi Mutual Fund
153376;Unifi Dynamic Asset Allocation Fund - Direct Growth;INF1MIY01015;;10.7842;;;18-Feb-2026
153377;Unifi Dynamic Asset Allocation Fund - Regular Growth;INF1MIY01023;;10.7245;;;18-Feb-2026

UTI Mutual Fund
100646;UTI - Unit Linked Insurance Plan;;;41.735;;;18-Feb-2026
120784;UTI - Unit Linked Insurance Plan- Direct;;;45.3111;;;18-Feb-2026
151885;UTI Balanced Advantage Fund - Direct Plan - Growth Option;INF789F1AYV3;;13.3751;;;18-Feb-2026
151883;UTI Balanced Advantage Fund - Direct Plan - Payout of IDCW Option;INF789F1AYW1;;13.375;;;18-Feb-2026
151882;UTI Balanced Advantage Fund - Regular Plan - Growth Option;INF789F1AYT7;;12.9141;;;18-Feb-2026
151884;UTI Balanced Advantage Fund - Regular Plan - Payout of IDCW Option;INF789F1AYU5;;12.9142;;;18-Feb-2026

WhiteOak Capital Mutual Fund
151267;WhiteOak Capital Balanced Advantage Fund Direct Plan Growth;INF03VN01738;;15.264;;;18-Feb-2026
151268;WhiteOak Capital Balanced Advantage Fund Regular Plan Growth;INF03VN01720;;14.549;;;18-Feb-2026

Open Ended Schemes ( Hybrid Scheme - Multi Asset Allocation )


360 ONE Mutual Fund
153774;360 ONE Multi Asset Allocation Fund - Direct Plan - Growth;INF579M01BM2;;12.1771;;;18-Feb-2026
153773;360 ONE Multi Asset Allocation Fund - Direct Plan - IDCW;INF579M01BN0;INF579M01BO8;12.1771;;;18-Feb-2026
153772;360 ONE Multi Asset Allocation Fund - Regular Plan - Growth;INF579M01BJ8;;12.0799;;;18-Feb-2026
153775;360 ONE Multi Asset Allocation Fund - Regular Plan - IDCW;INF579M01BK6;INF579M01BL4;12.0799;;;18-Feb-2026

Bank of India Mutual Fund
152396;Bank of India Multi Asset Allocation Fund-Direct Plan-Growth;INF761K01FZ3;;12.6413;;;18-Feb-2026
152399;Bank of India Multi Asset Allocation Fund-Direct Plan-IDCW;INF761K01GA4;INF761K01GB2;12.6381;;;18-Feb-2026
152398;Bank of India Multi Asset Allocation Fund-Regular Plan-Growth;INF761K01FW0;;12.3897;;;18-Feb-2026
152395;Bank of India Multi Asset Allocation Fund-Regular Plan-IDCW;INF761K01FX8;INF761K01FY6;12.3909;;;18-Feb-2026

Baroda BNP Paribas Mutual Fund
150865;Baroda BNP Paribas Multi Asset Fund - Direct Plan - Growth Option;INF251K01RF2;;17.0199;;;18-Feb-2026
150866;Baroda BNP Paribas Multi Asset Fund - Direct Plan - IDCW Option;INF251K01RG0;INF251K01RH8;16.5361;;;18-Feb-2026
150863;Baroda BNP Paribas Multi Asset Fund - Regular Plan - Growth Option;INF251K01RC9;;16.2860;;;18-Feb-2026
150864;Baroda BNP Paribas Multi Asset Fund - Regular Plan - IDCW Option;INF251K01RD7;INF251K01RE5;15.5505;;;18-Feb-2026

Edelweiss Mutual Fund
151792;Edelweiss Multi Asset Allocation Fund - Direct Plan - Growth;INF754K01RS8;;12.2204;;;18-Feb-2026
151793;Edelweiss Multi Asset Allocation Fund - Direct Plan - IDCW Option;INF754K01RT6;INF754K01RU4;12.2204;;;18-Feb-2026
151795;Edelweiss Multi Asset Allocation Fund - Regular Plan - Growth;INF754K01RO7;;12.1163;;;18-Feb-2026
151794;Edelweiss Multi Asset Allocation Fund - Regular Plan - IDCW Option;INF754K01RP4;INF754K01RQ2;12.1163;;;18-Feb-2026

Groww Mutual Fund
153821;Groww Multi Asset Allocation Fund Direct Growth;INF666M01MA9;;10.5322;;;18-Feb-2026
153852;Groww Multi Asset Allocation Fund Direct IDCW;INF666M01MB7;INF666M01MC5;10.5293;;;18-Feb-2026
153851;Groww Multi Asset Allocation Fund Regular Growth;INF666M01MD3;;10.4575;;;18-Feb-2026
153850;Groww Multi Asset Allocation Fund Regular IDCW;INF666M01ME1;INF666M01MF8;10.4577;;;18-Feb-2026

HDFC Mutual Fund
103131;HDFC Multi-Asset Fund - Growth Option;INF179K01AP0;;76.887;;;18-Feb-2026
119131;HDFC Multi-Asset Fund - Growth Option - Direct Plan;INF179K01XW8;;86.341;;;18-Feb-2026
103130;HDFC Multi-Asset Fund - IDCW Option;INF179K01AN5;INF179K01AO3;18.5;;;18-Feb-2026
119130;HDFC Multi-Asset Fund - IDCW Option - Direct Plan;INF179K01XU2;INF179K01XV0;23.006;;;18-Feb-2026

HSBC Mutual Fund
152380;HSBC Multi Asset Allocation Fund - Direct - Growth;INF336L01RI3;;14.018;;;18-Feb-2026
152381;HSBC Multi Asset Allocation Fund - Direct - IDCW;INF336L01RJ1;INF336L01RK9;14.0179;;;18-Feb-2026
152378;HSBC Multi Asset Allocation Fund - Regular - Growth;INF336L01RF9;;13.6452;;;18-Feb-2026
152379;HSBC Multi Asset Allocation Fund - Regular - IDCW;INF336L01RG7;INF336L01RH5;13.6453;;;18-Feb-2026

Invesco Mutual Fund
153047;Invesco India Multi Asset Allocation Fund - Direct Plan - Growth;INF205KA1AC1;;12.6;;;18-Feb-2026
153049;Invesco India Multi Asset Allocation Fund - Direct Plan - IDCW;INF205KA1AD9;INF205KA1AE7;12.61;;;18-Feb-2026
153046;Invesco India Multi Asset Allocation Fund - Regular Plan - Growth;INF205KA1999;;12.41;;;18-Feb-2026
153048;Invesco India Multi Asset Allocation Fund - Regular Plan - IDCW;INF205KA1AA5;INF205KA1AB3;12.41;;;18-Feb-2026

Kotak Mahindra Mutual Fund
152064;Kotak Multi Asset Allocation Fund - Direct Plan - Growth Option;INF174KA1PD4;;16.484;;;18-Feb-2026
152063;Kotak Multi Asset Allocation Fund - Direct Plan - IDCW Option;INF174KA1PE2;INF174KA1PF9;16.16;;;18-Feb-2026
152065;Kotak Multi Asset Allocation Fund - Regular Plan - Growth Option;INF174KA1PA0;;15.945;;;18-Feb-2026
152066;Kotak Multi Asset Allocation Fund - Regular Plan - IDCW Option;INF174KA1PB8;INF174KA1PC6;15.632;;;18-Feb-2026

LIC Mutual Fund
153246;LIC MF Multi Asset Allocation Fund-Direct Plan-Growth;INF767K01RZ5;;12.494;;;18-Feb-2026
153247;LIC MF Multi Asset Allocation Fund-Direct Plan-IDCW;INF767K01RY8;INF767K01RX0;12.494;;;18-Feb-2026
153248;LIC MF Multi Asset Allocation Fund-Regular Plan-Growth;INF767K01RW2;;12.2894;;;18-Feb-2026
153249;LIC MF Multi Asset Allocation Fund-Regular Plan-IDCW;INF767K01RV4;INF767K01RU6;12.2894;;;18-Feb-2026

Mahindra Manulife Mutual Fund
152445;Mahindra Manulife Multi Asset Allocation Fund - Direct Plan - IDCW;INF174V01BX0;INF174V01BY8;13.7788;;;18-Feb-2026
152444;Mahindra Manulife Multi Asset allocation Fund - Regular Plan - IDCW;INF174V01BU6;INF174V01BV4;13.3448;;;18-Feb-2026
152443;Mahindra Manulife Multi Asset Allocation Fund- Direct Plan - Growth;INF174V01BW2;;14.0979;;;18-Feb-2026
152441;Mahindra Manulife Multi Asset Allocation Fund- Regular Plan - Growth;INF174V01BT8;;13.6588;;;18-Feb-2026

Mirae Asset Mutual Fund
152344;Mirae Asset Multi Asset Allocation Fund - Direct Plan - Growth;INF769K01KZ6;;14.000;;;18-Feb-2026
152345;Mirae Asset Multi Asset Allocation Fund - Direct Plan - IDCW;INF769K01LA7;INF769K01LB5;13.999;;;18-Feb-2026
152347;Mirae Asset Multi Asset Allocation Fund - Regular Plan - Growth;INF769K01KW3;;13.550;;;18-Feb-2026
152346;Mirae Asset Multi Asset Allocation Fund - Regular Plan - IDCW;INF769K01KX1;INF769K01KY9;13.548;;;18-Feb-2026

PGIM India Mutual Fund
153987;PGIM India Multi Asset Allocation Fund - Direct Plan - Growth Option;INF663L010A3;;10.57;;;18-Feb-2026
153990;PGIM India Multi Asset Allocation Fund - Direct Plan - IDCW Option;INF663L011A1;INF663L012A9;10.57;;;18-Feb-2026
153988;PGIM India Multi Asset Allocation Fund - Regular Plan - Growth Option;INF663L013A7;;10.53;;;18-Feb-2026
153989;PGIM India Multi Asset Allocation Fund - Regular Plan - IDCW Option;INF663L014A5;INF663L015A2;10.53;;;18-Feb-2026

quant Mutual Fund
120820;quant Multi Asset Allocation Fund - IDCW Option - Direct Plan;INF966L01564;INF966L01572;162.617;;;18-Feb-2026
101071;quant Multi Asset Allocation Fund - IDCW Option - Regular Plan;INF966L01184;INF966L01192;149.697;;;18-Feb-2026
101072;quant Multi Asset Allocation Fund-GROWTH OPTION - Regular Plan;INF966L01200;;163.3015;;;18-Feb-2026
120821;quant Multi Asset Allocation Fund-GROWTH OPTION-Direct Plan;INF966L01580;;176.4517;;;18-Feb-2026

Quantum Mutual Fund
152474;Quantum Multi Asset Allocation Fund - Direct Plan Growth Option;INF082J01457;;12.72;;;18-Feb-2026
152475;Quantum Multi Asset Allocation Fund - Regular Plan Growth Option;INF082J01465;;12.34;;;18-Feb-2026

SBI Mutual Fund
119840;SBI Multi Asset Allocation Fund - Direct Plan - Annual Income Distribution cum Capital Withdrawal Option (IDCW);INF200K01TX8;INF200K01TY6;42.4884;;;18-Feb-2026
119843;SBI MULTI ASSET ALLOCATION FUND - DIRECT PLAN - GROWTH;INF200K01TZ3;;74.5749;;;18-Feb-2026
119841;SBI Multi Asset Allocation Fund - Direct Plan - Monthly Income Distribution cum Capital Withdrawal Option (IDCW);INF200K01UA4;INF200K01UB2;33.4867;;;18-Feb-2026
119842;SBI Multi Asset Allocation Fund - Direct Plan - Quarterly Income Distribution cum Capital Withdrawal Option (IDCW);INF200K01UC0;INF200K01UD8;35.4225;;;18-Feb-2026
103409;SBI Multi Asset Allocation Fund - Regular Plan - Annual Income Distribution cum Capital Withdrawal Option (IDCW);INF200K01784;INF200K01792;37.8462;;;18-Feb-2026
103408;SBI MULTI ASSET ALLOCATION FUND - REGULAR PLAN - GROWTH;INF200K01800;;66.9273;;;18-Feb-2026
103400;SBI Multi Asset Allocation Fund - Regular Plan - Monthly Income Distribution cum Capital Withdrawal Option (IDCW);INF200K01818;INF200K01826;29.9273;;;18-Feb-2026
103401;SBI Multi Asset Allocation Fund - Regular Plan - Quarterly Income Distribution cum Capital Withdrawal Option (IDCW);INF200K01834;INF200K01842;29.8981;;;18-Feb-2026

Shriram Mutual Fund
152051;Shriram Multi Asset Allocation Fund - Direct Growth;INF680P01406;;14.0744;;;18-Feb-2026
152052;Shriram Multi Asset Allocation Fund - Regular Growth;INF680P01414;;13.4532;;;18-Feb-2026

Sundaram Mutual Fund
152314;Sundaram Multi Asset Allocation Fund Direct Plan Growth;INF903JA1LK9;;14.1387;;;18-Feb-2026
152316;Sundaram Multi Asset Allocation Fund Direct Plan IDCW Payout;INF903JA1LL7;;14.1387;;;18-Feb-2026
152312;Sundaram Multi Asset Allocation Fund Direct Plan IDCW Reinvestment;;INF903JA1LM5;14.1387;;;18-Feb-2026
152311;Sundaram Multi Asset Allocation Fund Regular Plan Growth;INF903JA1LH5;;13.6951;;;18-Feb-2026
152315;Sundaram Multi Asset Allocation Fund Regular Plan IDCW Payout;INF903JA1LI3;;13.6951;;;18-Feb-2026
152313;Sundaram Multi Asset Allocation Fund Regular Plan IDCW Reinvestment;;INF903JA1LJ1;13.6951;;;18-Feb-2026

The Wealth Company Mutual Fund
153999;The Wealth Company Multi Asset Allocation Fund - Direct Growth;INF2F0001347;;10.4817;;;18-Feb-2026
154000;The Wealth Company Multi Asset Allocation Fund - Direct IDCW;INF2F0001354;INF2F0001362;10.481;;;18-Feb-2026
154002;The Wealth Company Multi Asset Allocation Fund - Regular Growth;INF2F0001313;;10.448;;;18-Feb-2026
154001;The Wealth Company Multi Asset Allocation Fund - Regular IDCW;INF2F0001321;INF2F0001339;10.4403;;;18-Feb-2026

UTI Mutual Fund
120760;UTI Multi Asset Allocation Fund - Direct Plan - Growth Option;INF789F01VE6;;89.2437;;;18-Feb-2026
120761;UTI Multi Asset Allocation Fund - Direct Plan - IDCW;INF789F01VC0;INF789F01VD8;35.5546;;;18-Feb-2026
111599;UTI Multi Asset Allocation Fund - Regular Plan - Growth Option;INF789F01AP6;;79.9639;;;18-Feb-2026
111602;UTI Multi Asset Allocation Fund - Regular Plan - IDCW;INF789F01AN1;INF789F01AO9;30.437;;;18-Feb-2026

Open Ended Schemes ( Hybrid Scheme - Arbitrage Fund )


Axis Mutual Fund
130773;Axis Arbitrage Fund - Direct Plan - Growth;INF846K01PZ1;;21.1521;;;18-Feb-2026
130774;Axis Arbitrage Fund - Direct Plan - Monthly IDCW;INF846K01QA2;INF846K01QB0;12.3150;;;18-Feb-2026
130771;Axis Arbitrage Fund - Regular Plan - Growth;INF846K01QC8;;19.3889;;;18-Feb-2026
130776;Axis Arbitrage Fund - Regular Plan - Monthly IDCW;INF846K01QD6;INF846K01QE4;11.1828;;;18-Feb-2026

Bank of India Mutual Fund
143613;BANK OF INDIA Arbitrage Fund Direct Plan Annual IDCW;INF761K01EI2;INF761K01EJ0;13.5101;;;18-Feb-2026
143614;BANK OF INDIA Arbitrage Fund Direct Plan Growth;INF761K01ED3;;14.9456;;;18-Feb-2026
143615;BANK OF INDIA Arbitrage Fund Direct Plan Monthly IDCW;INF761K01EE1;INF761K01EF8;13.4684;;;18-Feb-2026
143616;BANK OF INDIA Arbitrage Fund Direct Plan Quarterly IDCW;INF761K01EG6;INF761K01EH4;14.1996;;;18-Feb-2026
143620;BANK OF INDIA Arbitrage Fund Regular Growth;INF761K01DW5;;14.2762;;;18-Feb-2026
143617;BANK OF INDIA Arbitrage Fund Regular Plan IDCW Annual IDCW;INF761K01EB7;INF761K01EC5;13.1919;;;18-Feb-2026
143618;BANK OF INDIA Arbitrage Fund Regular Plan IDCW Monthly IDCW;INF761K01DX3;INF761K01DY1;12.9381;;;18-Feb-2026
143619;BANK OF INDIA Arbitrage Fund Regular Plan IDCW Quarterly IDCW;INF761K01DZ8;INF761K01EA9;13.6586;;;18-Feb-2026

Baroda BNP Paribas Mutual Fund
150252;BARODA BNP PARIBAS ARBITRAGE FUND -DIRECT PLAN - ADHOC IDCW OPTION;INF251K01OV6;INF251K01OU8;12.0386;;;18-Feb-2026
150255;BARODA BNP PARIBAS ARBITRAGE FUND DIRECT PLAN MONTHLY IDCW Option;INF251K01PF6;INF251K01PE9;10.8363;;;18-Feb-2026
150256;BARODA BNP PARIBAS ARBITRAGE FUND DIRECT PLAN QUARTERLY IDCW Option;INF251K01PJ8;INF251K01PI0;10.9393;;;18-Feb-2026
150254;BARODA BNP PARIBAS ARBITRAGE FUND REGULAR PLAN MONTHLY IDCW Option;INF251K01PD1;INF251K01PC3;10.4792;;;18-Feb-2026
150257;BARODA BNP PARIBAS ARBITRAGE FUND REGULAR PLAN QUARTERLY IDCW Option;INF251K01PH2;INF251K01PG4;10.7106;;;18-Feb-2026
150250;BARODA BNP PARIBAS ARBITRAGE FUND- REGULAR PLAN- GROWTH OPTION;INF251K01ON3;;16.6330;;;18-Feb-2026
150251;BARODA BNP PARIBAS ARBITRAGE FUND-DIRECT PLAN-GROWTH OPTION;INF251K01OT0;;17.6590;;;18-Feb-2026
150253;BARODA BNP PARIBAS ARBITRAGE FUND-REGULAR PLAN- ADHOC IDCW OPTION;INF251K01OP8;INF251K01OO1;11.5807;;;18-Feb-2026

Edelweiss Mutual Fund
130209;Edelweiss Arbitrage Fund - Direct Plan - IDCW Option;INF754K01EB2;INF754K01EC0;15.4838;;;18-Feb-2026
141606;Edelweiss Arbitrage Fund - Monthly  Direct Plan - IDCW Option;INF754K01HW1;INF754K01HX9;17.7929;;;18-Feb-2026
141605;Edelweiss Arbitrage Fund - Monthly  Regular Plan - IDCW Option;INF754K01HT7;INF754K01HU5;16.4177;;;18-Feb-2026
130207;Edelweiss Arbitrage Fund - Regular Plan - IDCW Option;INF754K01EG1;INF754K01EH9;14.7464;;;18-Feb-2026
130206;Edelweiss Arbitrage Fund- Direct Plan- Growth Option;INF754K01EA4;;21.6583;;;18-Feb-2026
130208;Edelweiss Arbitrage Fund- Regular Plan -Bonus Option;INF754K01EJ5;;20.1982;;;18-Feb-2026
130205;Edelweiss Arbitrage Fund- Regular Plan- Growth Option;INF754K01EF3;;20.0948;;;18-Feb-2026

HDFC Mutual Fund
118931;HDFC ARBITRAGE FUND - Growth Option - Direct Plan;INF179K01UU8;;33.294;;;18-Feb-2026
118930;HDFC ARBITRAGE FUND - Quarterly IDCW Option - Direct Plan;INF179K01UV6;INF179K01UW4;25.23;;;18-Feb-2026
106796;HDFC ARBITRAGE FUND - Retail Growth Option;INF179K01319;;30.822;;;18-Feb-2026
106799;HDFC ARBITRAGE FUND - Retail IDCW Option;;;22.97;;;18-Feb-2026
106797;HDFC ARBITRAGE FUND - Retail Quarterly IDCW Option;INF179K01327;;21.972;;;18-Feb-2026
106793;HDFC ARBITRAGE FUND - Wholesale Growth Option;INF179K01343;;31.798;;;18-Feb-2026
129052;HDFC ARBITRAGE FUND - Wholesale Growth Option - Direct Plan;INF179KA1KT6;;21.004;;;18-Feb-2026
106795;HDFC ARBITRAGE FUND - Wholesale IDCW Option;INF179KA1KM1;INF179KA1KL3;10.917;;;18-Feb-2026
129053;HDFC ARBITRAGE FUND - Wholesale IDCW Option - Direct Plan;INF179KA1KQ2;INF179KA1KP4;11.648;;;18-Feb-2026
129054;HDFC ARBITRAGE FUND - Wholesale Monthly IDCW - Direct Plan;INF179KA1KS8;INF179KA1KR0;11.254;;;18-Feb-2026
129051;HDFC ARBITRAGE FUND - Wholesale Monthly IDCW Option  ;INF179KA1KO7;INF179KA1KN9;11.379;;;18-Feb-2026

HSBC Mutual Fund
151138;HSBC Arbitrage Fund - Direct Growth;INF917K01QR5;;21.1562;;;18-Feb-2026
151135;HSBC Arbitrage Fund - Direct Monthly IDCW;INF917K01QT1;INF917K01QS3;10.3658;;;18-Feb-2026
151136;HSBC Arbitrage Fund - Direct Quarterly IDCW;INF917K01QV7;INF917K01QU9;11.0076;;;18-Feb-2026
151134;HSBC Arbitrage Fund - Regular Growth;INF917K01QL8;;19.6803;;;18-Feb-2026
151140;HSBC Arbitrage Fund - Regular Monthly IDCW;INF917K01QN4;INF917K01QM6;10.3982;;;18-Feb-2026
151137;HSBC Arbitrage Fund - Regular Quarterly IDCW;INF917K01QP9;INF917K01QO2;10.8381;;;18-Feb-2026

ICICI Prudential Mutual Fund
120364;ICICI Prudential Equity Arbitrage Fund - Direct Plan - Growth;INF109K016O4;;38.2900;;;18-Feb-2026
120365;ICICI Prudential Equity Arbitrage Fund - Direct Plan - IDCW;INF109K017O2;INF109K015O6;17.6005;;;18-Feb-2026
104683;ICICI Prudential Equity Arbitrage Fund - Growth;INF109K01BF6;;35.5879;;;18-Feb-2026
104681;ICICI Prudential Equity Arbitrage Fund - IDCW;INF109K01EF0;INF109K01BE9;15.2844;;;18-Feb-2026

Invesco Mutual Fund
130787;Invesco India Arbitrage Fund - Direct Plan - Annual Bonus;INF205K01P68;;35.9625;;;18-Feb-2026
120401;Invesco India Arbitrage Fund - Direct Plan - Growth Option;INF205K01KR8;;35.9736;;;18-Feb-2026
120400;Invesco India Arbitrage Fund - Direct Plan - IDCW (Payout / Reinvestment);INF205K01KP2;INF205K01KQ0;19.5342;;;18-Feb-2026
105603;Invesco India Arbitrage Fund - Regular Plan - Growth Option;INF205K01122;;33.1254;;;18-Feb-2026
105604;Invesco India Arbitrage Fund - Regular Plan - IDCW (Payout / Reinvestment);INF205K01148;INF205K01130;17.6785;;;18-Feb-2026

Jio BlackRock Mutual Fund
154076;JioBlackRock Arbitrage Fund - Direct Plan - Growth Option;INF22M001101;;10.1336;;;18-Feb-2026

JM Financial Mutual Fund
133395;JM Arbitrage Fund (Direct) - Annual Bonus Option - Principal Units;INF192K01GX4;;18.5752;;;18-Feb-2026
135173;JM Arbitrage Fund (Direct) - Annual IDCW;INF192K01KY4;INF192K01KZ1;16.4569;;;18-Feb-2026
130604;JM Arbitrage Fund (Direct) - Bonus Option - Principal Units;INF192K01GL9;;19.3532;;;18-Feb-2026
120482;JM Arbitrage Fund (Direct) - Growth Option;INF192K01BN6;;36.164;;;18-Feb-2026
135171;JM Arbitrage Fund (Direct) - Half Yearly IDCW;INF192K01KU2;INF192K01KV0;16.7265;;;18-Feb-2026
135172;JM Arbitrage Fund (Direct) - Monthly IDCW;INF192K01KM9;INF192K01KN7;14.6033;;;18-Feb-2026
135174;JM Arbitrage Fund (Direct) - Quarterly IDCW;INF192K01KQ0;INF192K01KR8;17.1846;;;18-Feb-2026
120481;JM Arbitrage Fund (Direct)- IDCW;INF192K01BL0;INF192K01BM8;17.0418;;;18-Feb-2026
135167;JM Arbitrage Fund (Regular) - Annual IDCW;INF192K01KW8;INF192K01KX6;14.9174;;;18-Feb-2026
130603;JM Arbitrage Fund (Regular) - Bonus Option - Principal Units;INF192K01GJ3;;18.3563;;;18-Feb-2026
103780;JM Arbitrage Fund (Regular) - Growth Option;INF192K01510;;33.765;;;18-Feb-2026
135170;JM Arbitrage Fund (Regular) - Half Yearly IDCW;INF192K01KS6;INF192K01KT4;15.0255;;;18-Feb-2026
103781;JM Arbitrage Fund (Regular) - IDCW ;INF192K01494;INF192K01502;15.6716;;;18-Feb-2026
135168;JM Arbitrage Fund (Regular) - Monthly IDCW;INF192K01KK3;INF192K01KL1;13.2751;;;18-Feb-2026
135169;JM Arbitrage Fund (Regular) - Quarterly IDCW;INF192K01KO5;INF192K01KP2;15.2483;;;18-Feb-2026

Kotak Mahindra Mutual Fund
119770;Kotak  Arbitrage Fund - Direct Plan - IDCW -Payout &  Reinvestment of Income Distribution cum capital withdrawal option;INF174K01LE2;INF174K01LD4;11.2437;;;18-Feb-2026
119771;Kotak Arbitrage Fund - Direct Plan - Growth;INF174K01LC6;;41.71;;;18-Feb-2026
105968;Kotak Arbitrage Fund - Regular Plan - Growth;INF174K01302;;38.8834;;;18-Feb-2026
105967;Kotak Arbitrage Fund - Regular Plan - IDCW - Payout & Re-investment of Income Distribution cum capital withdrawal option;INF174K01328;INF174K01310;10.7561;;;18-Feb-2026

LIC Mutual Fund
145895;LIC MF Arbitrage Fund-Direct Plan-Growth;INF767K01PP0;;15.0288;;;18-Feb-2026
145894;LIC MF Arbitrage Fund-Direct Plan-Monthly IDCW;INF767K01PR6;INF767K01PS4;13.6634;;;18-Feb-2026
145891;LIC MF Arbitrage Fund-Direct Plan-Weekly IDCW;;INF767K01PQ8;14.1225;;;18-Feb-2026
145890;LIC MF Arbitrage Fund-Regular Plan-Growth;INF767K01PL9;;14.3136;;;18-Feb-2026
145892;LIC MF Arbitrage Fund-Regular Plan-Monthly IDCW;INF767K01PN5;INF767K01PO3;13.9844;;;18-Feb-2026
145893;LIC MF Arbitrage Fund-Regular Plan-Weekly IDCW;;INF767K01PM7;13.8953;;;18-Feb-2026

Mahindra Manulife Mutual Fund
148470;Mahindra Manulife Arbitrage Fund - Direct Plan - IDCW;INF174V01AC6;INF174V01AB8;13.3537;;;18-Feb-2026
148468;Mahindra Manulife Arbitrage Fund - Direct Plan -Growth;INF174V01AA0;;13.3538;;;18-Feb-2026
148467;Mahindra Manulife Arbitrage Fund - Regular Plan - Growth;INF174V01978;;12.7677;;;18-Feb-2026
148469;Mahindra Manulife Arbitrage Fund - Regular Plan - IDCW;INF174V01994;INF174V01986;12.7677;;;18-Feb-2026

Mirae Asset Mutual Fund
148401;Mirae Asset Arbitrage Fund Direct Growth;INF769K01FS1;;14.075;;;18-Feb-2026
148402;Mirae Asset Arbitrage Fund Direct IDCW;INF769K01FR3;INF769K01FT9;14.056;;;18-Feb-2026
148400;Mirae Asset Arbitrage Fund Regular Growth;INF769K01FP7;;13.499;;;18-Feb-2026
148403;Mirae Asset Arbitrage Fund Regular IDCW;INF769K01FO0;INF769K01FQ5;13.499;;;18-Feb-2026

NJ Mutual Fund
150367;NJ Arbitrage Fund - Direct Plan - Growth Option;INF0J8L01065;;12.7127;;;18-Feb-2026
150366;NJ Arbitrage Fund - Regular Plan - Growth Option;INF0J8L01057;;12.3986;;;18-Feb-2026

Old Bridge Mutual Fund
153981;Old Bridge Arbitrage Fund - Direct - IDCW;INF0S5R01075;INF0S5R01083;10.1821;;;18-Feb-2026
153979;Old Bridge Arbitrage Fund Direct Growth;INF0S5R01125;;10.1821;;;18-Feb-2026
153977;Old Bridge Arbitrage Fund Regular Growth;INF0S5R01091;;10.1587;;;18-Feb-2026
153980;Old Bridge Arbitrage Fund Regular IDCW;INF0S5R01109;INF0S5R01117;10.1587;;;18-Feb-2026

PGIM India Mutual Fund
138875;PGIM India Arbitrage Fund - Direct Plan - Growth;INF223J013N7;;20.387;;;18-Feb-2026
138878;PGIM India Arbitrage Fund - Direct Plan - Monthly Dividend;INF223J011N1;INF223J016N0;11.4155;;;18-Feb-2026
138877;PGIM India Arbitrage Fund - Direct Plan - Regular Dividend;INF223J019M6;INF223J014N5;12.7531;;;18-Feb-2026
138876;PGIM India Arbitrage Fund - Regular Plan - Growth;INF223J019N4;;18.993;;;18-Feb-2026
138883;PGIM India Arbitrage Fund - Regular Plan - Monthly Dividend;INF223J011M3;INF223J015M4;11.2213;;;18-Feb-2026
138887;PGIM India Arbitrage Fund - Regular Plan - Regular Dividend;INF223J019L8;INF223J013M9;12.0068;;;18-Feb-2026

PPFAS Mutual Fund
152109;Parag Parikh Arbitrage Fund - Direct Plan Growth;INF879O01225;;11.7317;;;18-Feb-2026
152110;Parag Parikh Arbitrage Fund - Regular Plan Growth;INF879O01217;;11.6379;;;18-Feb-2026

quant Mutual Fund
153426;quant Arbitrage Fund - Growth Option - Direct Plan;INF966L01DW8;;10.6392;;;18-Feb-2026
153428;quant Arbitrage Fund - Growth Option - Regular Plan;INF966L01DZ1;;10.5857;;;18-Feb-2026
153427;quant Arbitrage Fund - IDCW Option - Direct Plan;INF966L01DX6;INF966L01DY4;10.633;;;18-Feb-2026
153429;quant Arbitrage Fund - IDCW Option - Regular Plan;INF966L01EA2;INF966L01EB0;10.5858;;;18-Feb-2026

Samco Mutual Fund
153090;Samco Arbitrage Fund - Direct Plan - Growth;INF0K1H01214;;10.67;;;18-Feb-2026
153091;Samco Arbitrage Fund - Regular Plan - Growth;INF0K1H01222;;10.54;;;18-Feb-2026

SBI Mutual Fund
119574;SBI Arbitrage Opportunities Fund - Direct Plan - Gr;INF200K01QU0;;37.4293;;;18-Feb-2026
119567;SBI Arbitrage Opportunities Fund - Direct Plan - Income Distribution cum Capital Withdrawal Option (IDCW);INF200K01QS4;INF200K01QT2;20.2236;;;18-Feb-2026
104457;SBI Arbitrage Opportunities Fund - Regular Plan - Gr;INF200K01156;;35.0939;;;18-Feb-2026
104458;SBI Arbitrage Opportunities Fund - Regular Plan - Income Distribution cum Capital Withdrawal Option (IDCW);INF200K01131;INF200K01149;18.4555;;;18-Feb-2026

Sundaram Mutual Fund
149552;Sundaram Arbitrage Fund (Formerly Know as Principal Arbitrage Fund) - Regular Plan - Growth;INF173K01NB6;;14.9746;;;18-Feb-2026
149551;Sundaram Arbitrage Fund (Formerly Known as Principal Arbitrage Fund)- Regular Plan - Monthly Income Distribution CUM Capital Withdrawal;INF173K01MY0;INF173K01NA8;13.1658;;;18-Feb-2026
149550;Sundaram Arbitrage Fund (Formerly Known as Prinicpal Arbitrage Fund) - Direct Plan - Growth;INF173K01NF7;;15.8778;;;18-Feb-2026
149549;Sundaram Arbitrage Fund( Formerly Known as Principal Arbitrage Fund) - Direct Plan- Monthly Income Distribution CUM Capital Withdrawal;INF173K01NC4;INF173K01NE0;13.7290;;;18-Feb-2026

The Wealth Company Mutual Fund
153891;THE WEALTH COMPANY ARBITRAGE FUND DIRECT GROWTH;INF2F0001271;;10.231;;;18-Feb-2026
153893;THE WEALTH COMPANY ARBITRAGE FUND DIRECT IDCW;INF2F0001263;INF2F0001255;10.2305;;;18-Feb-2026
153892;THE WEALTH COMPANY ARBITRAGE FUND REGULAR GROWTH;INF2F0001305;;10.2083;;;18-Feb-2026
153894;THE WEALTH COMPANY ARITRAGE FUND REGULAR IDCW;INF2F0001289;INF2F0001297;10.2082;;;18-Feb-2026

Trust Mutual Fund
153804;TRUSTMF ARBITRAGE FUND -DIRECT PLAN-GROWTH;INF0GCD01859;;10.3119;;;18-Feb-2026
153805;TRUSTMF ARBITRAGE FUND -REGULAR PLAN-GROWTH;INF0GCD01867;;10.2723;;;18-Feb-2026

UTI Mutual Fund
120795;UTI Arbitrage Fund - Direct Plan - Growth Option;INF789FB1RG6;;38.8423;;;18-Feb-2026
120796;UTI Arbitrage Fund - Direct Plan - IDCW;INF789FB1RE1;INF789FB1RF8;22.7211;;;18-Feb-2026
104075;UTI Arbitrage Fund - Regular Plan - Growth Option;INF789FB1RJ0;;36.3846;;;18-Feb-2026
104074;UTI Arbitrage Fund - Regular Plan - IDCW;INF789FB1RH4;INF789FB1RI2;20.5547;;;18-Feb-2026

WhiteOak Capital Mutual Fund
152849;WhiteOak Capital Arbitrage Fund Direct Plan Growth;INF03VN01910;;11.078;;;18-Feb-2026
152850;WhiteOak Capital Arbitrage Fund Regular Plan Growth;INF03VN01928;;10.959;;;18-Feb-2026

Open Ended Schemes ( Hybrid Scheme - Equity Savings )


Axis Mutual Fund
135120;Axis Equity Savings Fund - Direct Plan - Growth;INF846K01VJ3;;25.98;;;18-Feb-2026
135121;Axis Equity Savings Fund - Direct Plan - Monthly IDCW;INF846K01VK1;INF846K01VL9;13.74;;;18-Feb-2026
135124;Axis Equity Savings Fund - Direct Plan - Quarterly IDCW;INF846K01VM7;INF846K01VN5;14.12;;;18-Feb-2026
139520;Axis Equity Savings Fund - Direct Plan - Regular IDCW;INF846K01XP6;INF846K01XQ4;14.03;;;18-Feb-2026
135122;Axis Equity Savings Fund - Regular Plan - Growth;INF846K01VO3;;22.79;;;18-Feb-2026
135123;Axis Equity Savings Fund - Regular Plan - Monthly IDCW;INF846K01VP0;INF846K01VQ8;11.53;;;18-Feb-2026
135125;Axis Equity Savings Fund - Regular Plan - Quarterly IDCW;INF846K01VR6;INF846K01VS4;12.05;;;18-Feb-2026
139521;Axis Equity Savings Fund - Regular Plan - Regular IDCW;INF846K01XR2;INF846K01XS0;13.12;;;18-Feb-2026

Baroda BNP Paribas Mutual Fund
147496;Baroda BNP Paribas Equity Savings Fund - Direct Plan - Growth;INF955L01IL3;;18.4120;;;18-Feb-2026
147498;Baroda BNP Paribas Equity Savings Fund - Direct Plan - IDCW;;INF955L01IN9;14.8044;;;18-Feb-2026
147494;Baroda BNP Paribas Equity Savings Fund - Regular Plan - Growth;INF955L01II9;;17.1417;;;18-Feb-2026
147495;Baroda BNP Paribas Equity Savings Fund - Regular Plan - IDCW;;INF955L01IK5;13.7860;;;18-Feb-2026

Edelweiss Mutual Fund
140350;Edelweiss Equity Savings Fund - Direct Plan - Bonus Option;INF843K01KD6;;29.1701;;;18-Feb-2026
140347;Edelweiss Equity Savings Fund - Direct Plan - Growth Option;INF843K01KC8;;29.1577;;;18-Feb-2026
140348;Edelweiss Equity Savings Fund - Direct Plan - IDCW Option;INF843K01KE4;INF843K01KF1;21.1953;;;18-Feb-2026
141933;Edelweiss Equity Savings Fund - Direct Plan - Monthly - IDCW Option;INF754K01IN8;INF754K01IO6;16.5768;;;18-Feb-2026
140351;Edelweiss Equity Savings Fund - Regular Plan - Growth Option;INF843K01KG9;;26.2627;;;18-Feb-2026
140349;Edelweiss Equity Savings Fund - Regular Plan - IDCW Option;INF843K01KI5;INF843K01KJ3;18.1513;;;18-Feb-2026
141934;Edelweiss Equity Savings Fund - Regular Plan - Monthly - IDCW Option;INF754K01IP3;INF754K01IQ1;14.4791;;;18-Feb-2026

HDFC Mutual Fund
119128;HDFC Equity Savings Fund - Growth Option - Direct Plan;INF179K01XT4;;76.783;;;18-Feb-2026
101585;HDFC Equity Savings Fund - GROWTH PLAN;INF179K01AM7;;68.21;;;18-Feb-2026
119129;HDFC Equity Savings Fund - IDCW Option - Direct Plan;INF179K01XR8;INF179K01XS6;15.567;;;18-Feb-2026
101586;HDFC Equity Savings Fund - IDCW PLAN;INF179K01AK1;INF179K01AL9;12.904;;;18-Feb-2026

HSBC Mutual Fund
151060;HSBC Equity Savings Fund - Direct Growth;INF917K01GE4;;38.8434;;;18-Feb-2026
151061;HSBC Equity Savings Fund - Direct Monthly IDCW;INF917K01E37;INF917K01GA2;17.3088;;;18-Feb-2026
151059;HSBC Equity Savings Fund - Direct Quarterly IDCW;INF917K01GD6;INF917K01GC8;18.049;;;18-Feb-2026
151058;HSBC Equity Savings Fund - Regular Growth;INF917K01AA5;;34.8404;;;18-Feb-2026
151056;HSBC Equity Savings Fund - Regular Monthly IDCW;INF917K01965;INF917K01973;15.2289;;;18-Feb-2026
151057;HSBC Equity Savings Fund - Regular Quarterly IDCW;INF917K01981;INF917K01999;16.2649;;;18-Feb-2026

ICICI Prudential Mutual Fund
133051;ICICI Prudential Equity Savings Fund - Cumulative option;INF109KA14I5;;23.21;;;18-Feb-2026
133054;ICICI Prudential Equity Savings Fund - Direct Plan - Cumulative option;INF109KA11J9;;24.98;;;18-Feb-2026
133052;ICICI Prudential Equity Savings Fund - Direct Plan - Quarterly IDCW;INF109KA13J5;INF109KA16J8;15.98;;;18-Feb-2026
133053;ICICI Prudential Equity Savings Fund - Quarterly IDCW;INF109KA16I0;INF109KA19I4;13.49;;;18-Feb-2026

Invesco Mutual Fund
146457;Invesco India Equity Savings Fund - Direct Plan - Growth;INF205KA1049;;18.7086;;;18-Feb-2026
146458;Invesco India Equity Savings Fund - Direct Plan - IDCW (Payout / Reinvestment);INF205KA1064;INF205KA1031;18.6283;;;18-Feb-2026
146456;Invesco India Equity Savings Fund - Regular Plan - Growth;INF205KA1023;;16.6615;;;18-Feb-2026
146455;Invesco India Equity Savings Fund - Regular Plan - IDCW (Payout / Reinvestment);INF205KA1015;INF205KA1056;16.6603;;;18-Feb-2026

Kotak Mahindra Mutual Fund
131373;Kotak Equity Savings Fund - Direct - Growth;INF174K01D28;;30.15;;;18-Feb-2026
131375;Kotak Equity Savings Fund - Direct - Monthly Payout of Income Distribution cum capital withdrawal option;INF174K01D36;INF174K01D51;21.6448;;;18-Feb-2026
131372;Kotak Equity Savings Fund - Regular - Growth;INF174K01C78;;27.275;;;18-Feb-2026
131374;Kotak Equity Savings Fund - Regular - Monthly Payout of Income Distribution cum capital withdrawal option;INF174K01C86;INF174K01D02;19.9697;;;18-Feb-2026

LIC Mutual Fund
151952;LIC MF Equity Savings Fund-Direct Plan-Growth;INF397L01AZ5;;31.6256;;;18-Feb-2026
151953;LIC MF Equity Savings Fund-Direct Plan-Monthly IDCW;INF397L01BA6;INF397L01BB4;21.361;;;18-Feb-2026
151954;LIC MF Equity Savings Fund-Direct Plan-Quarterly IDCW;INF397L01BD0;INF397L01BE8;17.6176;;;18-Feb-2026
151950;LIC MF Equity Savings Fund-Regular Plan-Growth;INF397L01315;;27.8411;;;18-Feb-2026
151949;LIC MF Equity Savings Fund-Regular Plan-Monthly IDCW;INF397L01257;INF397L01265;21.935;;;18-Feb-2026
151951;LIC MF Equity Savings Fund-Regular Plan-Quarterly IDCW;INF397L01281;INF397L01299;20.7385;;;18-Feb-2026

Mahindra Manulife Mutual Fund
140444;Mahindra Manulife Equity Savings Fund - Direct Plan -Growth;INF174V01184;;25.1556;;;18-Feb-2026
140447;Mahindra Manulife Equity Savings Fund - Regular Plan - Growth;INF174V01150;;21.3472;;;18-Feb-2026
140442;Mahindra Manulife Equity Savings Fund -Direct Plan -Quarterly IDCW;INF174V01192;INF174V01200;17.7891;;;18-Feb-2026
140446;Mahindra Manulife Equity Savings Fund -Regular Plan -Quarterly IDCW;INF174V01168;INF174V01176;14.4354;;;18-Feb-2026

Mirae Asset Mutual Fund
145694;Mirae Asset Equity Savings Fund Direct IDCW;INF769K01EJ3;INF769K01EM7;13.588;;;18-Feb-2026
145696;Mirae Asset Equity Savings Fund Regular IDCW;INF769K01EH7;INF769K01EL9;12.488;;;18-Feb-2026
145693;Mirae Asset Equity Savings Fund- Direct Plan- Growth;INF769K01EK1;;22.720;;;18-Feb-2026
145695;Mirae Asset Equity Savings Fund- Regular Plan- Growth;INF769K01EI5;;21.098;;;18-Feb-2026

PGIM India Mutual Fund
138371;PGIM India Equity Savings Fund - Annual Dividend option;INF223J01EZ9;INF223J01FA9;15.5393;;;18-Feb-2026
138375;PGIM India Equity Savings Fund - Direct Plan - Annual Dividend;INF223J01QA6;INF223J01QB4;16.5433;;;18-Feb-2026
138376;PGIM India Equity Savings Fund - Direct Plan - Growth;INF223J01QD0;;57.5283;;;18-Feb-2026
138377;PGIM India Equity Savings Fund - Direct Plan - Monthly Dividend;INF223J01QE8;INF223J01QF5;13.8911;;;18-Feb-2026
138372;PGIM India Equity Savings Fund - Growth Option;INF223J01FB7;;50.5671;;;18-Feb-2026
138369;PGIM India Equity Savings Fund - Monthly Dividend option;INF223J01FC5;INF223J01FD3;12.6127;;;18-Feb-2026

quant Mutual Fund
153705;quant Equity Savings Fund - Growth Option - Direct Plan;INF966L01EC8;;10.3127;;;18-Feb-2026
153707;quant Equity Savings Fund - Growth Option - Regular Plan;INF966L01EF1;;10.2119;;;18-Feb-2026
153706;quant Equity Savings Fund - IDCW Option - Direct Plan;INF966L01ED6;INF966L01EE4;10.3001;;;18-Feb-2026
153708;quant Equity Savings Fund - IDCW Option - Regular Plan;INF966L01EG9;INF966L01EH7;10.2116;;;18-Feb-2026

SBI Mutual Fund
134643;SBI Equity Savings Fund - Direct Plan - Growth;INF200KA1DF3;;27.1467;;;18-Feb-2026
134641;SBI Equity Savings Fund - Direct Plan - Monthly Income Distribution cum Capital Withdrawal Option (IDCW);INF200KA1DG1;INF200KA1DH9;24.8487;;;18-Feb-2026
134640;SBI Equity Savings Fund - Direct Plan - Quarterly Income Distribution cum Capital Withdrawal Option (IDCW);INF200KA1DI7;INF200KA1DJ5;25.7073;;;18-Feb-2026
134644;SBI Equity Savings Fund - Regular Plan - Growth;INF200KA1DA4;;24.5369;;;18-Feb-2026
134639;SBI Equity Savings Fund - Regular Plan - Monthly Income Distribution cum Capital Withdrawal Option (IDCW);INF200KA1DB2;INF200KA1DC0;22.7483;;;18-Feb-2026
134642;SBI Equity Savings Fund - Regular Plan - Quarterly Income Distribution cum Capital Withdrawal Option (IDCW);INF200KA1DD8;INF200KA1DE6;23.2027;;;18-Feb-2026

Sundaram Mutual Fund
149677;Sundaram Equity Savings Fund (Formerly Known as  Principal Equity Savings Fund) - Direct Plan - Income Distribution CUM Capital Withdrawal Option (IDCW);INF173K01HC6;INF173K01HD4;16.8602;;;18-Feb-2026
149679;Sundaram Equity Savings Fund (Formerly Known as Principal Equity Savings Fund) - Direct Plan - Growth Option;INF173K01GZ9;;84.4208;;;18-Feb-2026
149674;Sundaram Equity Savings Fund (Formerly Known as Principal Equity Savings Fund) - Growth Option;INF173K01213;;72.0799;;;18-Feb-2026
149675;Sundaram Equity Savings Fund (Formerly Known as Principal Equity Savings Fund)- Income Distribution CUM Capital Withdrawal (IDCW);INF173K01247;INF173K01254;15.5678;;;18-Feb-2026

UTI Mutual Fund
144490;UTI Equity Savings Fund - Direct Plan - Growth Option;INF789F1A777;;20.4341;;;18-Feb-2026
144491;UTI Equity Savings Fund - Direct Plan - IDCW;INF789F1A769;INF789F1A751;20.4341;;;18-Feb-2026
144489;UTI Equity Savings Fund - Direct Plan - Monthly IDCW;INF789F1A819;INF789F1A801;20.4353;;;18-Feb-2026
144488;UTI Equity Savings Fund - Direct Plan - Quarterly IDCW;INF789F1A850;INF789F1A843;20.4341;;;18-Feb-2026
144484;UTI Equity Savings Fund - Regular Plan - Growth Option;INF789F1A744;;19.0957;;;18-Feb-2026
144485;UTI Equity Savings Fund - Regular Plan - IDCW;INF789F1A736;INF789F1A728;19.0957;;;18-Feb-2026
144486;UTI Equity Savings Fund - Regular Plan - Monthly IDCW;INF789F1A793;INF789F1A785;19.0958;;;18-Feb-2026
144487;UTI Equity Savings Fund - Regular Plan - Quarterly IDCW;INF789F1A835;INF789F1A827;19.0957;;;18-Feb-2026

WhiteOak Capital Mutual Fund
153355;WhiteOak Capital Equity Savings Fund Direct Plan Growth;INF03VN01AB7;;11.489;;;18-Feb-2026
153356;WhiteOak Capital Equity Savings Fund Regular Plan Growth;INF03VN01AC5;;11.327;;;18-Feb-2026

Open Ended Schemes ( Solution Oriented Scheme - Retirement Fund )


Axis Mutual Fund
147825;Axis Retirement Fund - Aggressive Plan - Direct Growth;INF846K01S86;;20.39;;;18-Feb-2026
147822;Axis Retirement Fund - Aggressive Plan - Direct Plan - IDCW;INF846K01S94;;20.34;;;18-Feb-2026
147823;Axis Retirement Fund - Aggressive Plan - Regular Growth;INF846K01T02;;18.57;;;18-Feb-2026
147824;Axis Retirement Fund - Aggressive Plan - Regular Plan - IDCW;INF846K01T10;;18.57;;;18-Feb-2026
147830;Axis Retirement Fund - Conservative Plan - Direct Growth;INF846K01T69;;17.8545;;;18-Feb-2026
147831;Axis Retirement Fund - Conservative Plan - Direct Plan - IDCW;INF846K01T77;;17.6594;;;18-Feb-2026
147832;Axis Retirement Fund - Conservative Plan - Regular Growth;INF846K01T85;;16.2416;;;18-Feb-2026
147833;Axis Retirement Fund - Conservative Plan - Regular Plan - IDCW;INF846K01T93;;16.2405;;;18-Feb-2026
147826;Axis Retirement Fund - Dynamic Plan - Direct Growth;INF846K01T28;;21.71;;;18-Feb-2026
147827;Axis Retirement Fund - Dynamic Plan - Direct Plan - IDCW;INF846K01T36;;21.46;;;18-Feb-2026
147828;Axis Retirement Fund - Dynamic Plan - Regular Growth;INF846K01T44;;19.68;;;18-Feb-2026
147829;Axis Retirement Fund - Dynamic Plan - Regular Plan - IDCW;INF846K01T51;;19.68;;;18-Feb-2026

Baroda BNP Paribas Mutual Fund
152628;Baroda BNP Paribas Retirement Fund - Direct plan - Growth option;INF251K01TJ0;;11.8441;;;18-Feb-2026
152626;Baroda BNP Paribas Retirement Fund - Direct plan - IDCW option;INF251K01TK8;;11.8441;;;18-Feb-2026
152625;Baroda BNP Paribas Retirement Fund - Regular plan - Growth option;INF251K01TH4;;11.4984;;;18-Feb-2026
152627;Baroda BNP Paribas Retirement Fund - Regular plan - IDCW option;INF251K01TI2;;11.4984;;;18-Feb-2026

HDFC Mutual Fund
136090;HDFC Retirement Savings Fund - Equity Plan - Growth Option;INF179KB1MG8;;51.402;;;18-Feb-2026
136094;HDFC Retirement Savings Fund - Equity Plan - Growth Option - Direct Plan;INF179KB1MF0;;58.571;;;18-Feb-2026
136466;HDFC Retirement Savings Fund - Hybrid-Debt Plan - Growth Option;INF179KB1MK0;;21.9944;;;18-Feb-2026
136465;HDFC Retirement Savings Fund - Hybrid-Debt Plan - Growth Option - Direct Plan;INF179KB1MJ2;;24.9695;;;18-Feb-2026
136463;HDFC Retirement Savings Fund - Hybrid-Equity Plan - Growth Option;INF179KB1MI4;;39.176;;;18-Feb-2026
136464;HDFC Retirement Savings Fund - Hybrid-Equity Plan - Growth Option - Direct Plan;INF179KB1MH6;;44.76;;;18-Feb-2026

ICICI Prudential Mutual Fund
146721;ICICI Prudential Retirement Fund - Hybrid Aggressive - Direct Plan - Growth Option;INF109KC1TW4;;30.52;;;18-Feb-2026
146720;ICICI Prudential Retirement Fund - Hybrid Aggressive - Direct Plan - IDCW Option;INF109KC1TX2;;30.53;;;18-Feb-2026
146722;ICICI Prudential Retirement Fund - Hybrid Aggressive - Growth Option;INF109KC1TU8;;27.40;;;18-Feb-2026
146723;ICICI Prudential Retirement Fund - Hybrid Aggressive - IDCW Option;INF109KC1TV6;;27.40;;;18-Feb-2026
146716;ICICI Prudential Retirement Fund - Hybrid Conservative - Direct Plan - Growth Option;INF109KC1UA8;;19.8422;;;18-Feb-2026
146718;ICICI Prudential Retirement Fund - Hybrid Conservative - Direct Plan - IDCW Option;INF109KC1UB6;;19.8419;;;18-Feb-2026
146717;ICICI Prudential Retirement Fund - Hybrid Conservative - Growth Option;INF109KC1TY0;;18.0892;;;18-Feb-2026
146719;ICICI Prudential Retirement Fund - Hybrid Conservative - IDCW Option;INF109KC1TZ7;;18.0891;;;18-Feb-2026
146727;ICICI Prudential Retirement Fund - Pure Debt - Direct Plan - Growth Option;INF109KC1UE0;;16.7799;;;18-Feb-2026
146725;ICICI Prudential Retirement Fund - Pure Debt - Direct Plan - IDCW Option;INF109KC1UF7;;16.7799;;;18-Feb-2026
146726;ICICI Prudential Retirement Fund - Pure Debt - Growth Option;INF109KC1UC4;;15.3761;;;18-Feb-2026
146724;ICICI Prudential Retirement Fund - Pure Debt - IDCW Option;INF109KC1UD2;;15.3763;;;18-Feb-2026
146349;ICICI Prudential Retirement Fund - Pure Equity - Direct Plan - Growth Option;INF109KC1TS2;;38.15;;;18-Feb-2026
146348;ICICI Prudential Retirement Fund - Pure Equity - Direct Plan - IDCW Option;INF109KC1TT0;;38.14;;;18-Feb-2026
146346;ICICI Prudential Retirement Fund - Pure Equity - Growth Option;INF109KC1TQ6;;34.34;;;18-Feb-2026
146347;ICICI Prudential Retirement Fund - Pure Equity - IDCW Option;INF109KC1TR4;;34.34;;;18-Feb-2026

PGIM India Mutual Fund
152537;PGIM India Retirement Fund - Direct Plan - Growth Option;INF663L01Y61;;12.06;;;18-Feb-2026
152539;PGIM India Retirement Fund - Direct Plan - IDCW Payout Option;INF663L01Y79;;12.06;;;18-Feb-2026
152538;PGIM India Retirement Fund - Regular Plan - Growth Option;INF663L01Y46;;11.7;;;18-Feb-2026
152540;PGIM India Retirement Fund - Regular Plan - IDCW Payout Option;INF663L01Y53;;11.7;;;18-Feb-2026

SBI Mutual Fund
148685;SBI Retirement Benefit Fund - Aggressive Hybrid Plan - Direct Plan - Growth;INF200KA1S97;;20.4809;;;18-Feb-2026
148686;SBI Retirement Benefit Fund - Aggressive Hybrid Plan - Direct Plan - Income Distribution cum Capital Withdrawal Option (IDCW);INF200KA1T05;;20.4831;;;18-Feb-2026
148695;SBI Retirement Benefit Fund - Aggressive Hybrid Plan - Regular Plan - Growth;INF200KA1S71;;19.3256;;;18-Feb-2026
148684;SBI Retirement Benefit Fund - Aggressive Hybrid Plan - Regular Plan - Income Distribution cum Capital Withdrawal Option (IDCW);INF200KA1S89;;19.3252;;;18-Feb-2026
148683;SBI Retirement Benefit Fund - Aggressive Plan - Direct Plan - Growth;INF200KA1S55;;21.4821;;;18-Feb-2026
148694;SBI Retirement Benefit Fund - Aggressive Plan - Direct Plan - Income Distribution cum Capital Withdrawal Option (IDCW);INF200KA1S63;;21.4706;;;18-Feb-2026
148698;SBI Retirement Benefit Fund - Aggressive Plan - Regular Plan - Growth;INF200KA1S30;;20.1619;;;18-Feb-2026
148691;SBI Retirement Benefit Fund - Aggressive Plan - Regular Plan - Income Distribution cum Capital Withdrawal Option (IDCW);INF200KA1S48;;20.1624;;;18-Feb-2026
148690;SBI Retirement Benefit Fund - Conservative Hybrid Plan - Direct Plan - Growth;INF200KA1T70;;16.1583;;;18-Feb-2026
148693;SBI Retirement Benefit Fund - Conservative Hybrid Plan - Direct Plan - Income Distribution cum Capital Withdrawal Option (IDCW);INF200KA1T88;;16.1562;;;18-Feb-2026
148692;SBI Retirement Benefit Fund - Conservative Hybrid Plan - Regular Plan - Growth;INF200KA1T54;;15.6769;;;18-Feb-2026
148697;SBI Retirement Benefit Fund - Conservative Hybrid Plan - Regular Plan - Income Distribution cum Capital Withdrawal Option (IDCW);INF200KA1T62;;15.6786;;;18-Feb-2026
148688;SBI Retirement Benefit Fund - Conservative Plan - Direct Plan - Growth;INF200KA1T39;;14.7761;;;18-Feb-2026
148689;SBI Retirement Benefit Fund - Conservative Plan - Direct Plan - Income Distribution cum Capital Withdrawal Option (IDCW);INF200KA1T47;;14.7740;;;18-Feb-2026
148696;SBI Retirement Benefit Fund - Conservative Plan - Regular Plan - Growth;INF200KA1T13;;14.4134;;;18-Feb-2026
148687;SBI Retirement Benefit Fund - Conservative Plan - Regular Plan - Income Distribution cum Capital Withdrawal Option (IDCW);INF200KA1T21;;14.4133;;;18-Feb-2026

UTI Mutual Fund
100682;UTI Retirement Fund - Regular Plan;;;50.907;;;18-Feb-2026
120766;UTI Retirement Fund- Direct Plan;;;55.122;;;18-Feb-2026

Open Ended Schemes ( Solution Oriented Scheme - Children’s Fund )


Axis Mutual Fund
135762;Axis Children's Fund - Lock in - Direct Growth;INF846K01WO1;;30.2558;;;18-Feb-2026
135765;Axis Children's Fund - Lock in - Direct Plan - IDCW;INF846K01WP8;;30.2302;;;18-Feb-2026
135759;Axis Children's Fund - Lock in - Regular Growth;INF846K01WJ1;;26.4860;;;18-Feb-2026
135760;Axis Children's Fund - Lock in - Regular Plan - IDCW;INF846K01WK9;;26.5004;;;18-Feb-2026
135764;Axis Children's Fund - No Lock in - Direct Growth;INF846K01WR4;;30.8345;;;18-Feb-2026
135763;Axis Children's Fund - No Lock in - Direct Plan - IDCW;INF846K01WS2;INF846K01WQ6;30.2929;;;18-Feb-2026
135766;Axis Children's Fund - No Lock in - Regular Plan - Growth;INF846K01WM5;;26.4827;;;18-Feb-2026
135761;Axis Children's Fund - No Lock in - Regular Plan - IDCW;INF846K01WN3;INF846K01WL7;26.4783;;;18-Feb-2026

Baroda BNP Paribas Mutual Fund
153171;Baroda BNP Paribas Children's Fund - Direct Plan - Growth Option;INF251K01UE9;;11.4528;;;18-Feb-2026
153170;Baroda BNP Paribas Children's Fund - Regular Plan - Growth Option;INF251K01UC3;;11.1978;;;18-Feb-2026
153169;Baroda BNP Paribas Children's Fund - Regular Plan - IDCW Option;INF251K01UD1;;11.1978;;;18-Feb-2026

HDFC Mutual Fund
119066;HDFC Childrens Fund - Direct Plan;INF179KC1IX0;;326.783;;;18-Feb-2026
100900;HDFC Childrens Fund - Growth Plan;INF179KC1IY8;;293.239;;;18-Feb-2026

ICICI Prudential Mutual Fund
120579;ICICI Prudential Children's Fund - Direct Plan;INF109K01Y49;;362.79;;;18-Feb-2026
101127;ICICI Prudential Children's Fund - Regular Plan;INF109K01605;;328.56;;;18-Feb-2026

LIC Mutual Fund
120285;LIC MF Children's Fund-Direct Plan-Growth;INF767K01FB1;;36.0225;;;18-Feb-2026
101271;LIC MF Children's Fund-Regular Plan-Growth;INF767K01048;;32.1604;;;18-Feb-2026

SBI Mutual Fund
119719;SBI Children's Fund - Savings Plan - DIRECT PLAN - GROWTH;INF200K01QR6;;121.4909;;;18-Feb-2026
101169;SBI Children's Fund - Savings Plan - REGULAR PLAN - GROWTH;INF200K01776;;111.2093;;;18-Feb-2026

UTI Mutual Fund
120724;UTI Children's Equity Fund - Direct Plan - Growth Option;;;94.3663;;;18-Feb-2026
120725;UTI Children's Equity Fund - Direct Plan - IDCW;;;94.5293;;;18-Feb-2026
102267;UTI Children's Equity Fund - Regular Plan - Growth Option;;;84.4393;;;18-Feb-2026
102266;UTI Children's Equity Fund - Regular Plan - IDCW;;;84.4445;;;18-Feb-2026
120771;UTI Children's Hybrid Fund - Direct Plan;;;41.6196;;;18-Feb-2026
100678;UTI Children's Hybrid Fund - Regular Plan;;;40.6644;;;18-Feb-2026

Open Ended Schemes ( Other Scheme - Index Funds )


Angel One Mutual Fund
153529;ANGEL ONE NIFTY 50 INDEX FUND-DIRECT-GROWTH;INF1J2R01072;;10.5697;;;18-Feb-2026
153530;ANGEL ONE NIFTY 50 INDEX FUND-REGULAR-GROWTH;INF1J2R01080;;10.5303;;;18-Feb-2026
153330;ANGEL ONE NIFTY TOTAL MARKET INDEX FUND DIRECT PLAN GROWTH OPTION;INF1J2R01023;;11.9348;;;18-Feb-2026
153331;ANGEL ONE NIFTY TOTAL MARKET INDEX FUND REGULAR PLAN GROWTH OPTION;INF1J2R01031;;11.8478;;;18-Feb-2026
153956;ANGEL ONE NIFTY TOTAL MARKET MOMENTUM QUALITY 50 INDEX FUND - DIRECT GROWTH;INF1J2R01122;;9.8357;;;18-Feb-2026
153955;ANGEL ONE NIFTY TOTAL MARKET MOMENTUM QUALITY 50 INDEX FUND - REGULAR GROWTH;INF1J2R01130;;9.8187;;;18-Feb-2026

Axis Mutual Fund
154171;Axis BSE India Sectors Leaders Index Fund- Direct Plan- Growth Option;INF846KA1424;;9.8914;;;18-Feb-2026
154170;Axis BSE India Sectors Leaders Index Fund- Regular Plan- Growth Option;INF846KA1416;;9.8896;;;18-Feb-2026
152422;Axis BSE Sensex Index Fund - Direct Plan - Growth;INF846K012V6;;11.6904;;;18-Feb-2026
152424;Axis BSE Sensex Index Fund - Direct Plan - IDCW;INF846K013V4;INF846K015V9;11.6904;;;18-Feb-2026
152421;Axis BSE Sensex Index Fund - Regular Plan - Growth;INF846K014V2;;11.5598;;;18-Feb-2026
152423;Axis BSE Sensex Index Fund - Regular Plan - IDCW;INF846K010V0;INF846K011V8;11.5598;;;18-Feb-2026
151300;Axis CRISIL IBX 50:50 Gilt Plus SDL June 2028 Index Fund - Direct Plan - Growth;INF846K010N7;;12.6294;;;18-Feb-2026
151299;Axis CRISIL IBX 50:50 Gilt Plus SDL June 2028 Index Fund - Direct Plan - IDCW;INF846K011N5;INF846K012N3;12.6330;;;18-Feb-2026
151297;Axis CRISIL IBX 50:50 Gilt Plus SDL June 2028 Index Fund - Regular Plan - Growth;INF846K013N1;;12.5559;;;18-Feb-2026
151298;Axis CRISIL IBX 50:50 Gilt Plus SDL June 2028 Index Fund - Regular Plan - IDCW;INF846K014N9;INF846K015N6;12.5560;;;18-Feb-2026
151436;AXIS CRISIL IBX 50:50 Gilt Plus SDL September 2027 Index Fund- DIRECT PLAN- IDCW;INF846K013O9;INF846K014O7;12.5804;;;18-Feb-2026
151435;AXIS CRISIL IBX 50:50 Gilt Plus SDL September 2027 Index Fund- DIRECT PLAN-GROWTH;INF846K012O1;;12.5807;;;18-Feb-2026
151433;AXIS CRISIL IBX 50:50 Gilt Plus SDL September 2027 Index Fund- REGULAR PLAN-GROWTH;INF846K015O4;;12.5042;;;18-Feb-2026
151434;AXIS CRISIL IBX 50:50 Gilt Plus SDL September 2027 Index Fund- REGULAR PLAN-IDCW;INF846K016O2;INF846K017O0;12.5040;;;18-Feb-2026
149873;Axis CRISIL IBX SDL May 2027 Index Fund - Direct Plan - Growth;INF846K017G6;;12.8381;;;18-Feb-2026
149874;Axis CRISIL IBX SDL May 2027 Index Fund - Direct Plan - IDCW;INF846K018G4;INF846K019G2;12.8377;;;18-Feb-2026
149872;Axis CRISIL IBX SDL May 2027 Index Fund - Regular Plan - Growth;INF846K010H9;;12.7660;;;18-Feb-2026
149875;Axis CRISIL IBX SDL May 2027 Index Fund - Regular Plan - IDCW;INF846K011H7;INF846K012H5;12.7661;;;18-Feb-2026
153051;Axis CRISIL-IBX AAA Bond Financial Services - Sep 2027 Index Fund - Direct Plan - Growth Option;INF846K015Y3;;11.0002;;;18-Feb-2026
153052;Axis CRISIL-IBX AAA Bond Financial Services - Sep 2027 Index Fund - Direct Plan - IDCW Option;INF846K017Y9;INF846K019Y5;11.0003;;;18-Feb-2026
153050;Axis CRISIL-IBX AAA Bond Financial Services - Sep 2027 Index Fund - Regular Plan - Growth Option;INF846K014Y6;;10.9866;;;18-Feb-2026
153053;Axis CRISIL-IBX AAA Bond Financial Services - Sep 2027 Index Fund - Regular Plan - IDCW Option;INF846K016Y1;INF846K018Y7;10.9866;;;18-Feb-2026
152887;Axis CRISIL-IBX AAA Bond NBFC - Jun 2027 Index Fund - Direct Plan - Growth Option;INF846K017X1;;11.1562;;;18-Feb-2026
152888;Axis CRISIL-IBX AAA Bond NBFC - Jun 2027 Index Fund - Direct Plan - IDCW Option;INF846K019X7;INF846K011Y2;11.1562;;;18-Feb-2026
152886;Axis CRISIL-IBX AAA Bond NBFC - Jun 2027 Index Fund - Regular Plan - Growth Option;INF846K016X3;;11.1053;;;18-Feb-2026
152885;Axis CRISIL-IBX AAA Bond NBFC - Jun 2027 Index Fund - Regular Plan - IDCW Option;INF846K018X9;INF846K010Y4;11.1053;;;18-Feb-2026
153172;Axis CRISIL-IBX AAA Bond NBFC-HFC - Jun 2027 Index Fund - Direct Plan - Growth option;INF846KA1028;;10.9438;;;18-Feb-2026
153173;Axis CRISIL-IBX AAA Bond NBFC-HFC - Jun 2027 Index Fund - Direct Plan - IDCW option;INF846K018Z4;INF846KA1010;10.9518;;;18-Feb-2026
153174;Axis CRISIL-IBX AAA Bond NBFC-HFC - Jun 2027 Index Fund - Regular Plan - Growth option;INF846K016Z8;;10.9245;;;18-Feb-2026
153175;Axis CRISIL-IBX AAA Bond NBFC-HFC - Jun 2027 Index Fund - Regular Plan - IDCW option;INF846K017Z6;INF846K019Z2;10.9245;;;18-Feb-2026
153879;Axis CRISIL-IBX Financial Services 3-6 Months Debt Index Fund - Direct Plan - Growth option;INF846KA1226;;10.2412;;;18-Feb-2026
153882;Axis CRISIL-IBX Financial Services 3-6 Months Debt Index Fund - Direct Plan - IDCW option;INF846KA1242;INF846KA1267;10.2412;;;18-Feb-2026
153880;Axis CRISIL-IBX Financial Services 3-6 Months Debt Index Fund - Regular Plan - Growth option;INF846KA1218;;10.2353;;;18-Feb-2026
153881;Axis CRISIL-IBX Financial Services 3-6 Months Debt Index Fund - Regular Plan - IDCW option;INF846KA1234;INF846KA1259;10.2350;;;18-Feb-2026
147666;Axis Nifty 100 Index Fund - Direct Plan - Growth Option;INF846K01S29;;23.6105;;;18-Feb-2026
147668;Axis Nifty 100 Index Fund - Direct Plan - IDCW;INF846K01S37;INF846K01S45;23.6441;;;18-Feb-2026
147665;Axis Nifty 100 Index Fund - Regular Plan - Growth Option;INF846K01S52;;22.4887;;;18-Feb-2026
147667;Axis Nifty 100 Index Fund - Regular Plan - IDCW;INF846K01S60;INF846K01S78;22.4901;;;18-Feb-2026
149373;Axis Nifty 50 Index Fund - Direct Plan - Growth;INF846K013D2;;15.5943;;;18-Feb-2026
149374;Axis Nifty 50 Index Fund - Direct Plan - IDCW;INF846K014D0;INF846K015D7;15.5943;;;18-Feb-2026
149371;Axis Nifty 50 Index Fund - Regular Plan - Growth Option;INF846K016D5;;15.4055;;;18-Feb-2026
149372;Axis Nifty 50 Index Fund - Regular Plan - IDCW;INF846K017D3;INF846K018D1;15.4055;;;18-Feb-2026
152731;Axis Nifty 500 Index Fund - Direct Plan - Growth Option;INF846K019W9;;10.3582;;;18-Feb-2026
152730;Axis Nifty 500 Index Fund - Regular Plan - Growth Option;INF846K018W1;;10.2096;;;18-Feb-2026
152629;Axis Nifty Bank Index Fund - Direct Plan - Growth Option;INF846K015W7;;12.6705;;;18-Feb-2026
152631;Axis Nifty Bank Index Fund - Direct Plan - IDCW Option;INF846K016W5;INF846K017W3;12.6705;;;18-Feb-2026
152632;Axis Nifty Bank Index Fund - Regular Plan - Growth Option;INF846K012W4;;12.4838;;;18-Feb-2026
152630;Axis Nifty Bank Index Fund - Regular Plan - IDCW Option;INF846K013W2;INF846K014W0;12.4838;;;18-Feb-2026
151785;Axis Nifty IT Index Fund - Direct Plan - Growth;INF846K017R3;;11.4184;;;18-Feb-2026
151786;Axis Nifty IT Index Fund - Direct Plan - IDCW;INF846K018R1;INF846K019R9;11.4184;;;18-Feb-2026
151787;Axis Nifty IT Index Fund - Regular Plan - Growth;INF846K010S6;;11.2174;;;18-Feb-2026
151784;Axis Nifty IT Index Fund - Regular Plan - IDCW;INF846K011S4;INF846K012S2;11.2174;;;18-Feb-2026
149936;Axis Nifty Midcap 50 Index Fund - Direct Plan - Growth Option;INF846K019H0;;20.8199;;;18-Feb-2026
149935;Axis Nifty Midcap 50 Index Fund - Direct Plan - IDCW Option;INF846K010I7;INF846K011I5;20.8191;;;18-Feb-2026
149938;Axis Nifty Midcap 50 Index Fund - Regular Plan - Growth Option;INF846K012I3;;20.2270;;;18-Feb-2026
149937;Axis Nifty Midcap 50 Index Fund - Regular Plan - IDCW Option;INF846K013I1;INF846K014I9;20.2269;;;18-Feb-2026
149466;Axis Nifty Next 50 Index Fund - Direct Plan - Growth;INF846K019E7;;17.3834;;;18-Feb-2026
149469;Axis Nifty Next 50 Index Fund - Direct Plan - IDCW;INF846K010F3;INF846K011F1;17.3832;;;18-Feb-2026
149467;Axis Nifty Next 50 Index Fund - Regular Plan - Growth;INF846K012F9;;16.9169;;;18-Feb-2026
149468;Axis Nifty Next 50 Index Fund - Regular Plan - IDCW;INF846K013F7;INF846K014F5;16.9168;;;18-Feb-2026
150854;Axis Nifty SDL September 2026 Debt Index Fund - Direct Plan - Growth;INF846K018K6;;12.6419;;;18-Feb-2026
150852;Axis Nifty SDL September 2026 Debt Index Fund - Direct Plan - IDCW;INF846K019K4;INF846K010L1;12.6420;;;18-Feb-2026
150853;Axis Nifty SDL September 2026 Debt Index Fund - Regular Plan -  IDCW;INF846K012L7;INF846K013L5;12.5888;;;18-Feb-2026
150851;Axis Nifty SDL September 2026 Debt Index Fund - Regular Plan - Growth;INF846K011L9;;12.5888;;;18-Feb-2026
149894;Axis Nifty Smallcap 50 Index Fund - Direct Plan - Growth Option;INF846K013H3;;17.9800;;;18-Feb-2026
149895;Axis Nifty Smallcap 50 Index Fund - Direct Plan - IDCW;INF846K014H1;INF846K015H8;17.9799;;;18-Feb-2026
149896;Axis Nifty Smallcap 50 Index Fund - Regular Plan - Growth Option;INF846K016H6;;17.4666;;;18-Feb-2026
149897;Axis Nifty Smallcap 50 Index Fund - Regular Plan - IDCW;INF846K017H4;INF846K018H2;17.4666;;;18-Feb-2026
153244;Axis Nifty500 Momentum 50 Index Fund - Direct Plan - Growth Option;INF846KA1044;;10.9198;;;18-Feb-2026
153245;Axis Nifty500 Momentum 50 Index Fund - Regular Plan - Growth Option;INF846KA1036;;10.8211;;;18-Feb-2026
153829;Axis Nifty500 Quality 50 Index Fund - Direct Plan - Growth Option;INF846KA1200;;9.6627;;;18-Feb-2026
153830;Axis Nifty500 Quality 50 Index Fund - Regular Plan - Growth Option;INF846KA1192;;9.6241;;;18-Feb-2026
152949;Axis Nifty500 Value 50 Index Fund - Direct Plan - Growth Option;INF846K013Y8;;11.8093;;;18-Feb-2026
152950;Axis Nifty500 Value 50 Index Fund - Regular Plan - Growth Option;INF846K012Y0;;11.6727;;;18-Feb-2026

Baroda BNP Paribas Mutual Fund
152329;Baroda BNP Paribas Nifty 50 Index Fund - Direct Plan - Growth option;INF251K01SY1;;12.1204;;;18-Feb-2026
152330;Baroda BNP Paribas Nifty 50 Index Fund - Direct Plan - IDCW option;INF251K01SZ8;INF251K01TA9;12.1204;;;18-Feb-2026
152331;Baroda BNP Paribas Nifty 50 Index Fund - Regular Plan - Growth option;INF251K01SV7;;12.0216;;;18-Feb-2026
152328;Baroda BNP Paribas Nifty 50 Index Fund - Regular Plan - IDCW option;INF251K01SW5;INF251K01SX3;12.0216;;;18-Feb-2026
153000;Baroda BNP Paribas Nifty Midcap 150 Index Fund - Direct Plan - Growth Option;INF251K01UA7;;10.6803;;;18-Feb-2026
153001;Baroda BNP Paribas Nifty Midcap 150 Index Fund - Regular Plan - Growth Option;INF251K01UB5;;10.5854;;;18-Feb-2026
151283;Baroda BNP Paribas Nifty SDL December 2026 Index Fund - Direct Plan - Growth Option;INF251K01RL0;;12.5167;;;18-Feb-2026
151279;Baroda BNP Paribas Nifty SDL December 2026 Index Fund - Regular Plan - Growth Option;INF251K01RI6;;12.4019;;;18-Feb-2026
151280;Baroda BNP Paribas Nifty SDL December 2026 Index Fund - Regular Plan - IDCW Option;INF251K01RJ4;;12.4020;;;18-Feb-2026
151574;Baroda BNP Paribas NIFTY SDL December 2028 Index Fund - Direct Plan - Growth Option;INF251K01RR7;;12.6199;;;18-Feb-2026
151575;Baroda BNP Paribas NIFTY SDL December 2028 Index Fund - Direct Plan - IDCW Option;INF251K01RS5;INF251K01RT3;11.8418;;;18-Feb-2026
151576;Baroda BNP Paribas NIFTY SDL December 2028 Index Fund - Regular Plan - Growth Option;INF251K01RO4;;12.5102;;;18-Feb-2026
151573;Baroda BNP Paribas NIFTY SDL December 2028 Index Fund - Regular Plan - IDCW Option;INF251K01RP1;INF251K01RQ9;11.6649;;;18-Feb-2026
152931;Baroda BNP Paribas Nifty200 Momentum 30 Index Fund - Direct Plan - Growth Option;INF251K01TY9;;8.4005;;;18-Feb-2026
152930;Baroda BNP Paribas Nifty200 Momentum 30 Index Fund - Regular Plan - Growth Option;INF251K01TZ6;;8.3304;;;18-Feb-2026

Edelweiss Mutual Fund
153497;Edelweiss BSE Internet Economy Index Fund - Direct Plan - Growth;INF754K01UX2;;10.4724;;;18-Feb-2026
153494;Edelweiss BSE Internet Economy Index Fund - Direct Plan - IDCW;INF754K01UY0;INF754K01UZ7;10.4724;;;18-Feb-2026
153495;Edelweiss BSE Internet Economy Index Fund - Regular Plan - Growth;INF754K01VB6;;10.4162;;;18-Feb-2026
153496;Edelweiss BSE Internet Economy Index Fund - Regular Plan - IDCW;INF754K01VC4;INF754K01VD2;10.4162;;;18-Feb-2026
150671;Edelweiss CRISIL IBX 50:50 Gilt Plus SDL April 2037 Index Fund - Direct Plan - Growth;INF754K01PF9;;13.1535;;;18-Feb-2026
150722;Edelweiss CRISIL IBX 50:50 Gilt Plus SDL April 2037 Index Fund - Direct Plan - IDCW Option;INF754K01PG7;INF754K01PH5;13.1535;;;18-Feb-2026
150720;Edelweiss CRISIL IBX 50:50 Gilt Plus SDL April 2037 Index Fund - Regular Plan - Growth;INF754K01PB8;;13.0312;;;18-Feb-2026
150721;Edelweiss CRISIL IBX 50:50 Gilt Plus SDL April 2037 Index Fund - Regular Plan - IDCW Option;INF754K01PC6;INF754K01PD4;13.0314;;;18-Feb-2026
150727;Edelweiss CRISIL IBX 50:50 Gilt Plus SDL June 2027 Index Fund - Direct Plan - Growth;INF754K01PN3;;12.8709;;;18-Feb-2026
150770;Edelweiss CRISIL IBX 50:50 Gilt Plus SDL June 2027 Index Fund - Direct Plan - IDCW;INF754K01PO1;INF754K01PP8;12.8704;;;18-Feb-2026
150771;Edelweiss CRISIL IBX 50:50 Gilt Plus SDL June 2027 Index Fund - Regular Plan - Growth;INF754K01PJ1;;12.7658;;;18-Feb-2026
150772;Edelweiss CRISIL IBX 50:50 Gilt Plus SDL June 2027 Index Fund - Regular Plan - IDCW;INF754K01PK9;INF754K01PL7;12.7663;;;18-Feb-2026
150807;Edelweiss CRISIL IBX 50:50 Gilt Plus SDL Sep 2028 Index Fund - Direct Plan - Growth;INF754K01PV6;;12.9681;;;18-Feb-2026
150850;Edelweiss CRISIL IBX 50:50 Gilt Plus SDL Sep 2028 Index Fund - Direct Plan - IDCW;INF754K01PW4;INF754K01PX2;12.9684;;;18-Feb-2026
150848;Edelweiss CRISIL IBX 50:50 Gilt Plus SDL Sep 2028 Index Fund - Regular Plan - Growth;INF754K01PR4;;12.8576;;;18-Feb-2026
150849;Edelweiss CRISIL IBX 50:50 Gilt Plus SDL Sep 2028 Index Fund - Regular Plan - IDCW;INF754K01PS2;INF754K01PT0;12.8575;;;18-Feb-2026
151365;Edelweiss CRISIL IBX 50:50 Gilt Plus SDL Short Duration Index fund - Direct Plan - Growth;INF754K01RK5;;12.574;;;18-Feb-2026
151397;Edelweiss CRISIL IBX 50:50 Gilt Plus SDL Short Duration Index fund - Direct Plan - IDCW;INF754K01RL3;INF754K01RM1;12.5743;;;18-Feb-2026
151398;Edelweiss CRISIL IBX 50:50 Gilt Plus SDL Short Duration Index fund - Regular Plan - Growth;INF754K01RG3;;12.4121;;;18-Feb-2026
151399;Edelweiss CRISIL IBX 50:50 Gilt Plus SDL Short Duration Index fund - Regular Plan - IDCW;INF754K01RH1;INF754K01RI9;12.413;;;18-Feb-2026
153335;Edelweiss CRISIL IBX AAA Bond NBFC HFC Jun 2027 Index Fund - Direct Plan - Growth Option;INF754K01UG7;;10.8283;;;18-Feb-2026
153333;Edelweiss CRISIL IBX AAA Bond NBFC HFC Jun 2027 Index Fund - Direct Plan - IDCW Option;INF754K01UH5;INF754K01UI3;10.8283;;;18-Feb-2026
153334;Edelweiss CRISIL IBX AAA Bond NBFC HFC Jun 2027 Index Fund - Regular Plan - Growth Option;INF754K01UK9;;10.8065;;;18-Feb-2026
153336;Edelweiss CRISIL IBX AAA Bond NBFC HFC Jun 2027 Index Fund - Regular Plan - IDCW Option;INF754K01UL7;INF754K01UM5;10.8065;;;18-Feb-2026
153115;Edelweiss CRISIL IBX AAA Financial Services - Jan 2028 Index Fund - Direct - Growth;INF754K01TP0;;11.02;;;18-Feb-2026
153128;Edelweiss CRISIL IBX AAA Financial Services - Jan 2028 Index Fund - Direct - IDCW - Payout;INF754K01TQ8;INF754K01TR6;11.02;;;18-Feb-2026
153130;Edelweiss CRISIL IBX AAA Financial Services - Jan 2028 Index Fund - Regular - Growth;INF754K01TT2;;10.991;;;18-Feb-2026
153129;Edelweiss CRISIL IBX AAA Financial Services - Jan 2028 Index Fund - Regular - IDCW - Payout;INF754K01TU0;INF754K01TV8;10.991;;;18-Feb-2026
149254;Edelweiss Nifty 100 Quality 30 Index Fund Direct Plan Growth;INF754K01NJ6;;14.812;;;18-Feb-2026
149255;Edelweiss Nifty 100 Quality 30 Index Fund Direct Plan IDCW;INF754K01NK4;INF754K01NL2;14.6049;;;18-Feb-2026
149256;Edelweiss Nifty 100 Quality 30 Index Fund Regular Plan Growth;INF754K01NF4;;14.4064;;;18-Feb-2026
149257;Edelweiss Nifty 100 Quality 30 Index Fund Regular Plan IDCW;INF754K01NG2;INF754K01NH0;14.4054;;;18-Feb-2026
149250;Edelweiss Nifty 50 Index Fund Direct Plan Growth;INF754K01NB3;;15.2034;;;18-Feb-2026
149251;Edelweiss Nifty 50 Index Fund Direct Plan IDCW;INF754K01NC1;INF754K01ND9;14.9931;;;18-Feb-2026
149252;Edelweiss Nifty 50 Index Fund Regular Plan Growth;INF754K01MX9;;14.6938;;;18-Feb-2026
149253;Edelweiss Nifty 50 Index Fund Regular Plan IDCW;INF754K01MY7;INF754K01MZ4;14.6936;;;18-Feb-2026
152616;Edelweiss Nifty Alpha Low Volatility 30 Index Fund - Direct Plan - Growth;INF754K01SS6;;10.3669;;;18-Feb-2026
152619;Edelweiss Nifty Alpha Low Volatility 30 Index Fund - Direct Plan - IDCW Payout;INF754K01ST4;INF754K01SU2;10.3669;;;18-Feb-2026
152617;Edelweiss Nifty Alpha Low Volatility 30 Index Fund - Regular Plan - Growth;INF754K01SO5;;10.2319;;;18-Feb-2026
152618;Edelweiss Nifty Alpha Low Volatility 30 Index Fund - Regular Plan - IDCW Payout;INF754K01SP2;INF754K01SQ0;10.2319;;;18-Feb-2026
149343;Edelweiss NIFTY Large Midcap 250 Index Fund - Direct Plan Growth;INF754K01NR9;;17.4431;;;18-Feb-2026
149339;Edelweiss NIFTY Large Midcap 250 Index Fund - Direct Plan Payout;INF754K01NS7;INF754K01NT5;17.4431;;;18-Feb-2026
149341;Edelweiss NIFTY Large Midcap 250 Index Fund - Regular Plan Growth;INF754K01NN8;;16.9668;;;18-Feb-2026
149342;Edelweiss NIFTY Large Midcap 250 Index Fund - Regular Plan Payout;INF754K01NO6;INF754K01NP3;16.9661;;;18-Feb-2026
150902;Edelweiss Nifty Midcap150 Momentum 50 Index Fund - Direct Plan - Growth;INF754K01QD2;;18.5432;;;18-Feb-2026
150903;Edelweiss Nifty Midcap150 Momentum 50 Index Fund - Direct Plan - IDCW;INF754K01QE0;INF754K01QF7;18.5462;;;18-Feb-2026
150900;Edelweiss Nifty Midcap150 Momentum 50 Index Fund - Regular Plan - Growth;INF754K01PZ7;;18.1235;;;18-Feb-2026
150901;Edelweiss Nifty Midcap150 Momentum 50 Index Fund - Regular Plan - IDCW;INF754K01QA8;INF754K01QB6;18.1236;;;18-Feb-2026
150899;Edelweiss Nifty Next 50 Index Fund - Direct Plan - Growth;INF754K01QL5;;16.3484;;;18-Feb-2026
150896;Edelweiss Nifty Next 50 Index Fund - Direct Plan - IDCW;INF754K01QM3;INF754K01QN1;16.348;;;18-Feb-2026
150897;Edelweiss Nifty Next 50 Index Fund - Regular Plan - Growth;INF754K01QH3;;15.974;;;18-Feb-2026
150898;Edelweiss Nifty Next 50 Index Fund - Regular Plan - IDCW;INF754K01QI1;INF754K01QJ9;15.9739;;;18-Feb-2026
148794;Edelweiss NIFTY PSU Bond Plus SDL Apr 2026 50: 50 Index Fund - Regular Plan - IDCW Option;INF754K01MA7;INF754K01MB5;13.4436;;;18-Feb-2026
148795;Edelweiss NIFTY PSU Bond Plus SDL Apr 2026 50:50 Index Fund - Direct Plan - Growth;INF754K01MD1;;13.5646;;;18-Feb-2026
148796;Edelweiss NIFTY PSU Bond Plus SDL Apr 2026 50:50 Index Fund - Direct Plan - IDCW Option;INF754K01ME9;INF754K01MF6;13.5651;;;18-Feb-2026
148797;Edelweiss NIFTY PSU Bond Plus SDL Apr 2026 50:50 Index Fund - Regular Plan - Growth;INF754K01LZ6;;13.4424;;;18-Feb-2026
149246;Edelweiss NIFTY PSU Bond Plus SDL Apr 2027 50:50 Index Fund - Direct Plan - IDCW;INF754K01MU5;INF754K01MV3;12.9785;;;18-Feb-2026
149247;Edelweiss NIFTY PSU Bond Plus SDL Apr 2027 50:50 Index Fund - Direct Plan Growth;INF754K01MT7;;12.9803;;;18-Feb-2026
149249;Edelweiss NIFTY PSU Bond Plus SDL Apr 2027 50:50 Index Fund - Regular Plan - Growth;INF754K01MP5;;12.8718;;;18-Feb-2026
149248;Edelweiss NIFTY PSU Bond Plus SDL Apr 2027 50:50 Index Fund - Regular Plan - IDCW;INF754K01MQ3;INF754K01MR1;12.8724;;;18-Feb-2026
150892;Edelweiss Nifty Smallcap 250 Index Fund - Direct Plan - Growth;INF754K01QT8;;16.8314;;;18-Feb-2026
150895;Edelweiss Nifty Smallcap 250 Index Fund - Direct Plan - IDCW;INF754K01QU6;INF754K01QV4;16.8319;;;18-Feb-2026
150894;Edelweiss Nifty Smallcap 250 Index Fund - Regular Plan - Growth;INF754K01QP6;;16.4665;;;18-Feb-2026
150893;Edelweiss Nifty Smallcap 250 Index Fund - Regular Plan - IDCW;INF754K01QQ4;INF754K01QR2;16.4664;;;18-Feb-2026
152985;Edelweiss Nifty500 Multicap Momentum Quality 50 Index Fund - Direct - Growth;INF754K01TN5;;9.0719;;;18-Feb-2026
152982;Edelweiss Nifty500 Multicap Momentum Quality 50 Index Fund - Direct - IDCW - Payout;INF754K01TG9;INF754K01TH7;9.0719;;;18-Feb-2026
152988;Edelweiss Nifty500 Multicap Momentum Quality 50 Index Fund - Regular - Growth;INF754K01TJ3;;8.9925;;;18-Feb-2026
152983;Edelweiss Nifty500 Multicap Momentum Quality 50 Index Fund - Regular - IDCW - Payout;INF754K01TK1;INF754K01TL9;8.9925;;;18-Feb-2026

Groww Mutual Fund
153704;Groww Nifty 50 Index Fund Direct Growth;INF666M01KT3;;10.3018;;;18-Feb-2026
153709;Groww Nifty 50 Index Fund Direct IDCW;INF666M01KU1;INF666M01KV9;10.3018;;;18-Feb-2026
153710;Groww Nifty 50 Index Fund Regular Growth;INF666M01KW7;;10.2598;;;18-Feb-2026
153711;Groww Nifty 50 Index Fund Regular IDCW;INF666M01LJ2;INF666M01LK0;10.2598;;;18-Feb-2026
153230;Groww Nifty India Railways PSU Index Fund - Direct Plan - Growth;INF666M01JK4;;9.0882;;;18-Feb-2026
153231;Groww Nifty India Railways PSU Index Fund - Direct Plan - IDCW;INF666M01JL2;INF666M01JM0;9.0878;;;18-Feb-2026
153232;Groww Nifty India Railways PSU Index Fund - Regular Plan - Growth;INF666M01JN8;;9.0344;;;18-Feb-2026
153233;Groww Nifty India Railways PSU Index Fund - Regular Plan - IDCW;INF666M01JO6;INF666M01JP3;9.0315;;;18-Feb-2026
153939;Groww Nifty Midcap 150 Index Fund Direct Growth;INF666M01MP7;;9.9258;;;18-Feb-2026
153952;Groww Nifty Midcap 150 Index fund Direct IDCW;INF666M01MQ5;INF666M01MR3;9.9258;;;18-Feb-2026
153953;Groww Nifty Midcap 150 Index Fund Regular Growth;INF666M01MS1;;9.9082;;;18-Feb-2026
153954;Groww Nifty Midcap 150 Index Fund Regular IDCW;INF666M01MT9;INF666M01MU7;9.9082;;;18-Feb-2026
153786;Groww Nifty Next 50 Index Fund Direct Growth;INF666M01LT1;;10.3823;;;18-Feb-2026
153797;Groww Nifty Next 50 Index Fund Direct IDCW;INF666M01LU9;INF666M01LV7;10.3823;;;18-Feb-2026
153798;Groww Nifty Next 50 Index Fund Regular Growth;INF666M01LW5;;10.3469;;;18-Feb-2026
153799;Groww Nifty Next 50 Index Fund Regular IDCW;INF666M01LX3;INF666M01LY1;10.3469;;;18-Feb-2026
152636;Groww Nifty Non-Cyclical Consumer Index Fund - Direct Plan - IDCW;INF666M01IF6;INF666M01IG4;10.5589;;;18-Feb-2026
152637;Groww Nifty Non-Cyclical Consumer Index Fund - Direct Plan Growth;INF666M01IE9;;10.5589;;;18-Feb-2026
152635;Groww Nifty Non-Cyclical Consumer Index Fund - IDCW;INF666M01IC3;INF666M01ID1;10.4487;;;18-Feb-2026
152633;Groww Nifty Non-Cyclical Consumer Index Fund - Regular Plan - Growth;INF666M01IB5;;10.4499;;;18-Feb-2026
152431;Groww Nifty Smallcap 250 Index Fund - Direct Plan - Growth;INF666M01HY9;;10.7878;;;18-Feb-2026
152436;Groww Nifty Smallcap 250 Index Fund - Direct Plan - IDCW;INF666M01HZ6;INF666M01IA7;10.7922;;;18-Feb-2026
152433;Groww Nifty Smallcap 250 Index Fund - Regular Plan - Growth;INF666M01HV5;;10.6737;;;18-Feb-2026
152434;Groww Nifty Smallcap 250 Index Fund - Regular Plan - Regular Plan - IDCW;INF666M01HW3;INF666M01HX1;10.6609;;;18-Feb-2026
152092;Groww Nifty Total Market Index Fund - Direct Plan - Growth;INF666M01HM4;;14.1155;;;18-Feb-2026
152125;Groww Nifty Total Market Index Fund - Direct Plan - IDCW;INF666M01HN2;INF666M01HO0;14.1151;;;18-Feb-2026
152127;Groww Nifty Total Market Index Fund - Regular Plan - Growth;INF666M01HJ0;;13.8845;;;18-Feb-2026
152126;Groww Nifty Total Market Index Fund - Regular Plan - IDCW;INF666M01HK8;INF666M01HL6;13.8852;;;18-Feb-2026

HDFC Mutual Fund
151728;HDFC BSE 500 Index Fund - Growth Option - Direct Plan;INF179KC1GG9;;15.9542;;;18-Feb-2026
151729;HDFC BSE 500 Index Fund - Regular Plan - Growth Option;INF179KC1GH7;;15.6951;;;18-Feb-2026
153958;HDFC BSE India Sector Leaders Index Fund - Regular Plan - Growth Option;INF179KC1JX8;;9.7695;;;18-Feb-2026
153959;HDFC BSE India Sector Leaders India Fund - Direct Plan - Growth Option;INF179KC1JY6;;9.781;;;18-Feb-2026
119065;HDFC BSE Sensex Index Fund - Direct Plan;INF179K01WN9;;796.4689;;;18-Feb-2026
101281;HDFC BSE Sensex Index Fund - Growth Plan;INF179K01LA9;;776.9048;;;18-Feb-2026
153517;HDFC CRISIL-IBX Financial Services 3-6 Months Debt Index Fund - Direct Growth Plan;INF179KC1JK5;;10.5279;;;18-Feb-2026
153518;HDFC CRISIL-IBX Financial Services 3-6 Months Debt Index Fund - Regular Growth Plan;INF179KC1JJ7;;10.5135;;;18-Feb-2026
149870;HDFC Nifty 100 Equal Weight Index Fund - Direct Plan - Growth Option;INF179KC1CA1;;17.3856;;;18-Feb-2026
149871;HDFC Nifty 100 Equal Weight Index Fund - Growth Option;INF179KC1CB9;;17.0601;;;18-Feb-2026
149868;HDFC NIFTY 100 Index Fund - Direct Plan - Growth Option;INF179KC1BY3;;15.7278;;;18-Feb-2026
149869;HDFC NIFTY 100 Index Fund - Growth Option;INF179KC1BZ0;;15.4202;;;18-Feb-2026
119063;HDFC Nifty 50 Index Fund - Direct Plan;INF179K01WM1;;251.0643;;;18-Feb-2026
101525;HDFC Nifty 50 Index Fund - Growth Plan;INF179K01KZ8;;245.3762;;;18-Feb-2026
151496;HDFC Nifty G-Sec Apr 2029 Index Fund - Growth Option;INF179KC1FR8;;12.68;;;18-Feb-2026
151495;HDFC Nifty G-Sec Apr 2029 Index Fund - Growth Option - Direct Plan;INF179KC1FQ0;;12.7405;;;18-Feb-2026
150844;HDFC Nifty G-Sec Dec 2026 Index Fund - Growth Option;INF179KC1EG4;;12.6062;;;18-Feb-2026
150845;HDFC Nifty G-Sec Dec 2026 Index Fund - Growth Option - Direct Plan;INF179KC1EE9;;12.6692;;;18-Feb-2026
150846;HDFC Nifty G-Sec July 2031 Index Fund - Growth Option;INF179KC1EI0;;12.9747;;;18-Feb-2026
150847;HDFC Nifty G-Sec July 2031 Index Fund - Growth Option - Direct Plan;INF179KC1EH2;;13.0438;;;18-Feb-2026
151180;HDFC Nifty G-Sec Jun 2027 Index Fund - Growth Option;INF179KC1EK6;;12.6026;;;18-Feb-2026
151181;HDFC Nifty G-Sec Jun 2027 Index Fund - Growth Option - Direct Plan;INF179KC1EJ8;;12.6649;;;18-Feb-2026
151490;HDFC Nifty G-Sec Jun 2036 Index Fund - Growth Option;INF179KC1FT4;;12.8015;;;18-Feb-2026
151489;HDFC Nifty G-Sec Jun 2036 Index Fund - Growth Option - Direct Plan;INF179KC1FS6;;12.8721;;;18-Feb-2026
151182;HDFC Nifty G-Sec Sep 2032 Index Fund - Growth Option;INF179KC1EM2;;12.8359;;;18-Feb-2026
151183;HDFC Nifty G-Sec Sep 2032 Index Fund - Growth Option - Direct Plan;INF179KC1EL4;;12.9067;;;18-Feb-2026
154180;HDFC Nifty India Consumption Index  Fund - Regular Growth Plan;INF179KC1JZ3;;9.9945;;;18-Feb-2026
154179;HDFC Nifty India Consumption Index Fund - Direct Growth Plan;INF179KC1KA4;;9.9947;;;18-Feb-2026
153097;HDFC Nifty India Digital Index Fund - Growth Option - Direct;INF179KC1JB4;;8.5138;;;18-Feb-2026
153096;HDFC Nifty India Digital Index Fund - Growth Option - Regular;INF179KC1JA6;;8.4648;;;18-Feb-2026
152890;HDFC NIFTY LargeMidcap 250 Index Fund - Growth Option;INF179KC1IP6;;10.1487;;;18-Feb-2026
152889;HDFC NIFTY LargeMidcap 250 Index Fund - Growth Option - Direct;INF179KC1IQ4;;10.2152;;;18-Feb-2026
151725;HDFC NIFTY Midcap 150 Index Fund - Growth Option;INF179KC1GD6;;18.6111;;;18-Feb-2026
151724;HDFC NIFTY Midcap 150 Index Fund - Growth Option - Direct Plan;INF179KC1GC8;;18.9157;;;18-Feb-2026
149288;HDFC NIFTY Next 50 Index Fund - Direct Plan - Growth Option;INF179KC1BQ9;;16.5782;;;18-Feb-2026
149287;HDFC NIFTY Next 50 Index Fund - Growth Option;INF179KC1BR7;;16.2724;;;18-Feb-2026
152522;HDFC NIFTY Reality Index Fund - Regular Plan;INF179KC1ID2;;9.3398;;;18-Feb-2026
152521;HDFC NIFTY Realty Index Fund - Direct Plan;INF179KC1IE0;;9.4253;;;18-Feb-2026
151455;HDFC Nifty SDL Oct 2026 Index Fund - Growth Option;INF179KC1FJ5;;12.4289;;;18-Feb-2026
151456;HDFC Nifty SDL Oct 2026 Index Fund - Growth Option - Direct Plan;INF179KC1FI7;;12.4873;;;18-Feb-2026
151571;HDFC NIFTY SDL Plus G-Sec Jun 2027 40:60 Index Fund - Growth Option;INF179KC1GB0;;12.3822;;;18-Feb-2026
151570;HDFC NIFTY SDL Plus G-Sec Jun 2027 40:60 Index Fund - Growth Option - Direct Plan;INF179KC1GA2;;12.4354;;;18-Feb-2026
151726;HDFC NIFTY Smallcap 250 Index Fund - Growth Option;INF179KC1GF1;;17.3522;;;18-Feb-2026
151727;HDFC NIFTY Smallcap 250 Index Fund - Growth Option - Direct Plan;INF179KC1GE4;;17.6297;;;18-Feb-2026
153405;HDFC Nifty Top 20 Equal Weight Index Fund - Direct;INF179KC1JI9;;10.9022;;;18-Feb-2026
153404;HDFC Nifty Top 20 Equal Weight Index Fund - Regular Growth;INF179KC1JH1;;10.8495;;;18-Feb-2026
152713;HDFC NIFTY100 Low Volatility 30 Index Fund - Direct Plan;INF179KC1IM3;HDFCNIVODG;10.7659;;;18-Feb-2026
152714;HDFC NIFTY100 Low Volatility 30 Index Fund - Regular Plan;INF179KC1IL5;;10.6783;;;18-Feb-2026
153264;HDFC Nifty100 Quality 30 Index Fund - Direct Plan;INF179KC1JF5;;10.909;;;18-Feb-2026
153265;HDFC Nifty100 Quality 30 Index Fund - Regular Plan;INF179KC1JE8;;10.8576;;;18-Feb-2026
152430;HDFC NIFTY200 Momentum 30 Index Fund - Direct Plan;INF179KC1IC4;;10.6381;;;18-Feb-2026
152429;HDFC NIFTY200 Momentum 30 Index Fund - Regular Plan;INF179KC1IB6;;10.5355;;;18-Feb-2026
149107;HDFC NIFTY50 Equal weight Index Fund - Direct Plan - Growth Option;INF179KC1BM8;;19.0053;;;18-Feb-2026
149106;HDFC NIFTY50 Equal weight Index Fund - Growth Option;INF179KC1BN6;;18.5686;;;18-Feb-2026
152778;HDFC NIFTY500 Multicap 50:25:25 Index Fund - Direct Plan;INF179KC1IO9;;9.9749;;;18-Feb-2026
152779;HDFC NIFTY500 Multicap 50:25:25 index Fund - Regular Plan;INF179KC1IN1;;9.9034;;;18-Feb-2026

HSBC Mutual Fund
149966;HSBC CRISIL IBX 50:50 Gilt Plus SDL Apr 2028 Index Fund - Direct - Growth;INF336L01QH7;;13.018;;;18-Feb-2026
149962;HSBC CRISIL IBX 50:50 Gilt Plus SDL Apr 2028 Index Fund - Direct - Payout of IDCW;INF336L01QI5;INF336L01QJ3;13.0179;;;18-Feb-2026
149963;HSBC CRISIL IBX 50:50 Gilt Plus SDL Apr 2028 Index Fund - Regular - Growth;INF336L01QK1;;12.9226;;;18-Feb-2026
149964;HSBC CRISIL IBX 50:50 Gilt Plus SDL Apr 2028 Index Fund - Regular - payout of IDCW;INF336L01QL9;INF336L01QM7;12.9224;;;18-Feb-2026
151479;HSBC CRISIL IBX Gilt June 2027 Index Fund - Direct - Growth;INF336L01QT2;;12.4397;;;18-Feb-2026
151482;HSBC CRISIL IBX Gilt June 2027 Index Fund - Direct - IDCW;INF336L01QU0;INF336L01QV8;12.4399;;;18-Feb-2026
151480;HSBC CRISIL IBX Gilt June 2027 Index Fund - Regular - Growth;INF336L01QW6;;12.3454;;;18-Feb-2026
151481;HSBC CRISIL IBX Gilt June 2027 Index Fund - Regular - IDCW;INF336L01QX4;INF336L01QY2;12.3456;;;18-Feb-2026
151157;HSBC NIFTY 50 INDEX FUND - Direct Growth;INF917K01D12;;30.3734;;;18-Feb-2026
151156;HSBC NIFTY 50 INDEX FUND - Direct IDCW;INF917K01C96;INF917K01D04;30.3733;;;18-Feb-2026
151158;HSBC NIFTY 50 INDEX FUND - Regular Growth;INF917K01D38;;29.8138;;;18-Feb-2026
151159;HSBC NIFTY 50 INDEX FUND - Regular IDCW;INF917K01D20;INF917K01D46;29.8138;;;18-Feb-2026
151160;HSBC NIFTY NEXT 50 INDEX FUND - Direct Growth;INF917K01D79;;30.815;;;18-Feb-2026
151163;HSBC NIFTY NEXT 50 INDEX FUND - Direct IDCW;INF917K01D53;INF917K01D61;30.8151;;;18-Feb-2026
151162;HSBC NIFTY NEXT 50 INDEX FUND - Regular Growth;INF917K01D95;;30.0308;;;18-Feb-2026
151161;HSBC NIFTY NEXT 50 INDEX FUND - Regular IDCW;INF917K01D87;INF917K01E03;30.031;;;18-Feb-2026

ICICI Prudential Mutual Fund
141839;ICICI Prudential BSE Sensex Index Fund - Cumulative Option;INF109KB17W7;;27.4256;;;18-Feb-2026
141841;ICICI Prudential BSE Sensex Index Fund - Direct Plan - Cumulative Option;INF109KB10X0;;27.7901;;;18-Feb-2026
141842;ICICI Prudential BSE Sensex Index Fund - Direct Plan - IDCW Option;INF109KB12X6;;27.7899;;;18-Feb-2026
141840;ICICI Prudential BSE Sensex Index Fund - IDCW Option;INF109KB19W3;;27.4263;;;18-Feb-2026
153412;ICICI Prudential CRISIL-IBX Financial Services 3-6 Months Debt Index Fund - Annual IDCW;INF109K1A054;INF109K1A047;10.6237;;;18-Feb-2026
153410;ICICI Prudential CRISIL-IBX Financial Services 3-6 Months Debt Index Fund - Direct Plan - Annual IDCW;INF109K1A070;INF109K1A088;10.6389;;;18-Feb-2026
153411;ICICI Prudential CRISIL-IBX Financial Services 3-6 Months Debt Index Fund - Direct Plan - Growth;INF109K1A062;;10.6389;;;18-Feb-2026
153409;ICICI Prudential CRISIL-IBX Financial Services 3-6 Months Debt Index Fund - Growth;INF109K1A039;;10.6237;;;18-Feb-2026
150452;ICICI Prudential Nifty 200 Momentum 30 Index Fund - Direct Plan - Growth;INF109KC11D8;;17.2625;;;18-Feb-2026
150453;ICICI Prudential Nifty 200 Momentum 30 Index Fund - Direct Plan - IDCW;INF109KC12D6;INF109KC13D4;17.2598;;;18-Feb-2026
150454;ICICI Prudential Nifty 200 Momentum 30 Index Fund - Growth;INF109KC18C5;;16.8866;;;18-Feb-2026
150451;ICICI Prudential Nifty 200 Momentum 30 Index Fund - IDCW;INF109KC19C3;INF109KC10D0;16.8859;;;18-Feb-2026
101349;ICICI Prudential Nifty 50 Index Fund - Cumulative Option;INF109K01PI0;;260.2190;;;18-Feb-2026
120620;ICICI Prudential Nifty 50 Index Fund - Direct Plan Cumulative Option;INF109K012M7;;271.3934;;;18-Feb-2026
135391;ICICI Prudential Nifty 50 Index Fund - Direct Plan IDCW Option;INF109KB1NL1;INF109KB1NM9;36.4964;;;18-Feb-2026
135390;ICICI Prudential Nifty 50 Index Fund - IDCW Option;INF109KB1NN7;INF109KB1NO5;34.6672;;;18-Feb-2026
153161;ICICI Prudential Nifty 500 Index Fund - Direct Plan - Growth;INF109KC16Y3;;10.6597;;;18-Feb-2026
153159;ICICI Prudential Nifty 500 Index Fund - Direct Plan - IDCW;INF109KC18Y9;INF109KC17Y1;10.6595;;;18-Feb-2026
153162;ICICI Prudential Nifty 500 Index Fund - Growth;INF109KC13Y0;;10.5871;;;18-Feb-2026
153160;ICICI Prudential Nifty 500 Index Fund - IDCW;INF109KC15Y5;INF109KC14Y8;10.5872;;;18-Feb-2026
150643;ICICI Prudential Nifty Auto Index Fund - Direct Plan - Growth;INF109KC16J4;;22.7417;;;18-Feb-2026
150644;ICICI Prudential Nifty Auto Index Fund - Direct Plan - IDCW;INF109KC17J2;INF109KC18J0;22.7416;;;18-Feb-2026
150645;ICICI Prudential Nifty Auto Index Fund - Growth;INF109KC13J1;;22.3356;;;18-Feb-2026
150646;ICICI Prudential Nifty Auto Index Fund - IDCW;INF109KC14J9;INF109KC15J6;22.3361;;;18-Feb-2026
149858;ICICI Prudential Nifty Bank Index Fund - Direct Plan Growth;INF109KC11A4;;17.6858;;;18-Feb-2026
149861;ICICI Prudential Nifty Bank Index Fund - Direct Plan IDCW;INF109KC12A2;INF109KC13A0;17.6856;;;18-Feb-2026
149859;ICICI Prudential Nifty Bank Index Fund - Growth;INF109KC1Z89;;17.2306;;;18-Feb-2026
149860;ICICI Prudential Nifty Bank Index Fund - IDCW;INF109KC1Z97;INF109KC10A6;17.2305;;;18-Feb-2026
150734;ICICI Prudential Nifty G-Sec Dec 2030 Index Fund - Annual IDCW;INF109KC16K2;INF109KC17K0;13.0225;;;18-Feb-2026
150735;ICICI Prudential Nifty G-Sec Dec 2030 Index Fund - Direct Plan - Annual IDCW;INF109KC19K6;INF109KC10L3;13.1054;;;18-Feb-2026
150733;ICICI Prudential Nifty G-Sec Dec 2030 Index Fund - Direct Plan - Growth;INF109KC18K8;;13.1061;;;18-Feb-2026
150732;ICICI Prudential Nifty G-Sec Dec 2030 Index Fund - Growth;INF109KC15K4;;13.0223;;;18-Feb-2026
150468;ICICI Prudential Nifty IT Index Fund - Direct Plan - Growth;INF109KC13E2;;11.5336;;;18-Feb-2026
150469;ICICI Prudential Nifty IT Index Fund - Direct Plan - IDCW;INF109KC14E0;INF109KC15E7;11.5393;;;18-Feb-2026
150466;ICICI Prudential Nifty IT Index Fund - Growth;INF109KC10E8;;11.3223;;;18-Feb-2026
150467;ICICI Prudential Nifty IT Index Fund - IDCW;INF109KC11E6;INF109KC12E4;11.3224;;;18-Feb-2026
152482;ICICI Prudential Nifty LargeMidcap 250 Index Fund - Direct Plan - Growth;INF109KC12U0;;12.5504;;;18-Feb-2026
152483;ICICI Prudential Nifty LargeMidcap 250 Index Fund - Direct Plan - IDCW;INF109KC13U8;INF109KC14U6;12.5503;;;18-Feb-2026
152481;ICICI Prudential Nifty LargeMidcap 250 Index Fund - Growth;INF109KC15U3;;12.4184;;;18-Feb-2026
152484;ICICI Prudential Nifty LargeMidcap 250 Index Fund - IDCW;INF109KC16U1;INF109KC17U9;12.4184;;;18-Feb-2026
149389;ICICI Prudential Nifty Midcap 150 Index Fund - Direct Plan - Growth;INF109KC1W58;;19.7979;;;18-Feb-2026
149391;ICICI Prudential Nifty Midcap 150 Index Fund - Direct Plan - IDCW;INF109KC1W66;INF109KC1W74;19.7976;;;18-Feb-2026
149390;ICICI Prudential Nifty Midcap 150 Index Fund - Growth;INF109KC1W25;;19.2324;;;18-Feb-2026
149388;ICICI Prudential Nifty Midcap 150 Index Fund - IDCW;INF109KC1W33;INF109KC1W41;19.2321;;;18-Feb-2026
120684;ICICI Prudential Nifty Next 50 Index Fund - Direct Plan -  Growth;INF109K01Y80;;65.2190;;;18-Feb-2026
120683;ICICI Prudential Nifty Next 50 Index Fund - Direct Plan -  IDCW;INF109K01Y64;INF109K01Y72;65.1945;;;18-Feb-2026
112957;ICICI Prudential Nifty Next 50 Index Fund - Growth;INF109K01IF1;;61.7510;;;18-Feb-2026
112958;ICICI Prudential Nifty Next 50 Index Fund -IDCW;INF109K01PR1;INF109K01IE4;61.7502;;;18-Feb-2026
150930;ICICI Prudential Nifty Pharma Index Fund - Direct Plan - Growth;INF109KC11M9;;17.4422;;;18-Feb-2026
150928;ICICI Prudential Nifty Pharma Index Fund - Direct Plan - IDCW;INF109KC12M7;INF109KC13M5;17.4431;;;18-Feb-2026
150929;ICICI Prudential Nifty Pharma Index Fund - Growth;INF109KC18L6;;17.0952;;;18-Feb-2026
150931;ICICI Prudential Nifty Pharma Index Fund - IDCW;INF109KC19L4;INF109KC10M1;17.0952;;;18-Feb-2026
153679;ICICI Prudential Nifty Private Bank Index Fund - Direct Plan - Growth;INF109K1A369;;10.4510;;;18-Feb-2026
153676;ICICI Prudential Nifty Private Bank Index Fund - Growth;INF109K1A351;;10.4165;;;18-Feb-2026
149224;ICICI Prudential Nifty PSU Bond Plus SDL Sep 2027 40:60 Index Fund - Annual - IDCW;INF109KC1S62;INF109KC1S70;12.8671;;;18-Feb-2026
149227;ICICI Prudential Nifty PSU Bond Plus SDL Sep 2027 40:60 Index Fund - Direct Plan Annual - IDCW;INF109KC1T46;INF109KC1T53;12.9762;;;18-Feb-2026
149210;ICICI Prudential Nifty PSU Bond Plus SDL Sep 2027 40:60 Index Fund - Direct Plan Growth;INF109KC1S88;;12.9762;;;18-Feb-2026
149208;ICICI Prudential Nifty PSU Bond Plus SDL Sep 2027 40:60 Index Fund - Growth;INF109KC1S13;;12.8672;;;18-Feb-2026
150731;ICICI Prudential Nifty SDL Dec 2028 Index Fund - Annual IDCW;INF109KC12L9;INF109KC13L7;13.0127;;;18-Feb-2026
150730;ICICI Prudential Nifty SDL Dec 2028 Index Fund - Direct Plan - Annual IDCW;INF109KC15L2;INF109KC16L0;13.0915;;;18-Feb-2026
150729;ICICI Prudential Nifty SDL Dec 2028 Index Fund - Direct Plan - Growth;INF109KC14L5;;13.0912;;;18-Feb-2026
150728;ICICI Prudential Nifty SDL Dec 2028 Index Fund - Growth;INF109KC11L1;;13.0127;;;18-Feb-2026
151209;ICICI Prudential Nifty SDL Sep 2026 Index Fund - Annual IDCW;INF109KC11P2;INF109KC12P0;12.4582;;;18-Feb-2026
151210;ICICI Prudential Nifty SDL Sep 2026 Index Fund - Direct Plan - Annual IDCW;INF109KC14P6;INF109KC15P3;12.5375;;;18-Feb-2026
151211;ICICI Prudential Nifty SDL Sep 2026 Index Fund - Direct Plan - Growth;INF109KC13P8;;12.5376;;;18-Feb-2026
151208;ICICI Prudential Nifty SDL Sep 2026 Index Fund - Growth;INF109KC10P4;;12.4584;;;18-Feb-2026
149996;ICICI Prudential Nifty SDL Sep 2027 Index Fund - Annual IDCW;INF109KC12B0;INF109KC13B8;12.8006;;;18-Feb-2026
149997;ICICI Prudential Nifty SDL Sep 2027 Index Fund - Direct Plan - Annual IDCW;INF109KC15B3;INF109KC16B1;12.8768;;;18-Feb-2026
149999;ICICI Prudential Nifty SDL Sep 2027 Index Fund - Direct Plan - Growth;INF109KC14B6;;12.8767;;;18-Feb-2026
149998;ICICI Prudential Nifty SDL Sep 2027 Index Fund - Growth;INF109KC11B2;;12.8006;;;18-Feb-2026
149283;ICICI Prudential Nifty Smallcap 250 Index Fund - Direct Plan - Growth;INF109KC1V18;;16.6061;;;18-Feb-2026
149284;ICICI Prudential Nifty Smallcap 250 Index Fund - Direct Plan - IDCW;INF109KC1V26;INF109KC1V34;16.6055;;;18-Feb-2026
149281;ICICI Prudential Nifty Smallcap 250 Index Fund - Growth;INF109KC1U84;;16.1801;;;18-Feb-2026
149282;ICICI Prudential Nifty Smallcap 250 Index Fund - IDCW;INF109KC1U92;INF109KC1V00;16.1807;;;18-Feb-2026
153614;ICICI Prudential Nifty Top 15 Equal Weight Index Fund - Direct Plan - Growth;INF109K1A310;;10.3362;;;18-Feb-2026
153616;ICICI Prudential Nifty Top 15 Equal Weight Index Fund - Direct Plan - IDCW;INF109K1A336;INF109K1A328;10.3367;;;18-Feb-2026
153613;ICICI Prudential Nifty Top 15 Equal Weight Index Fund - Growth;INF109K1A286;;10.2966;;;18-Feb-2026
153615;ICICI Prudential Nifty Top 15 Equal Weight Index Fund - IDCW;INF109K1A302;INF109K1A294;10.2966;;;18-Feb-2026
153546;ICICI Prudential Nifty200 Quality 30 Index Fund - Direct Plan - Growth;INF109K1A252;;9.9806;;;18-Feb-2026
153547;ICICI Prudential Nifty200 Quality 30 Index Fund - Direct Plan - IDCW;INF109K1A278;INF109K1A260;9.9802;;;18-Feb-2026
153544;ICICI Prudential Nifty200 Quality 30 Index Fund - Growth;INF109K1A229;;9.9458;;;18-Feb-2026
153545;ICICI Prudential Nifty200 Quality 30 Index Fund - IDCW;INF109K1A245;INF109K1A237;9.9455;;;18-Feb-2026
152936;ICICI Prudential Nifty200 Value 30 Index Fund - Direct Plan - Growth;INF109KC13X2;;11.6725;;;18-Feb-2026
152933;ICICI Prudential Nifty200 Value 30 Index Fund - Direct Plan - IDCW;INF109KC15X7;INF109KC14X0;11.6725;;;18-Feb-2026
152934;ICICI Prudential Nifty200 Value 30 Index Fund - Growth;INF109KC10X8;;11.5820;;;18-Feb-2026
152935;ICICI Prudential Nifty200 Value 30 Index Fund - IDCW;INF109KC12X4;INF109KC11X6;11.5819;;;18-Feb-2026
150639;ICICI Prudential Nifty50 Equal Weight Index Fund- Direct Plan - Growth;INF109KC10J7;;17.4833;;;18-Feb-2026
150640;ICICI Prudential Nifty50 Equal Weight Index Fund- Direct Plan - IDCW;INF109KC11J5;INF109KC12J3;17.4831;;;18-Feb-2026
150637;ICICI Prudential Nifty50 Equal Weight Index Fund- Growth;INF109KC17I4;;17.1367;;;18-Feb-2026
150638;ICICI Prudential Nifty50 Equal Weight Index Fund- IDCW;INF109KC18I2;INF109KC19I0;17.1365;;;18-Feb-2026
152365;ICICI Prudential Nifty50 Value 20 Index Fund - Direct Plan - Growth;INF109KC16T3;;11.1805;;;18-Feb-2026
152367;ICICI Prudential Nifty50 Value 20 Index Fund - Direct Plan - IDCW;INF109KC17T1;INF109KC18T9;11.1804;;;18-Feb-2026
152366;ICICI Prudential Nifty50 Value 20 Index Fund - Growth;INF109KC19T7;;11.0764;;;18-Feb-2026
152364;ICICI Prudential Nifty50 Value 20 Index Fund - IDCW;INF109KC10U4;INF109KC11U2;11.0764;;;18-Feb-2026

Invesco Mutual Fund
151593;Invesco India Nifty G-sec Jul 2027 Index Fund - Direct Plan - Growth;INF205KA1775;;1243.5469;;;18-Feb-2026
151592;Invesco India Nifty G-sec Jul 2027 Index Fund - Direct Plan - IDCW Payout;INF205KA1783;;1243.5466;;;18-Feb-2026
151590;Invesco India Nifty G-sec Jul 2027 Index Fund - Regular Plan - Growth;INF205KA1759;;1238.1998;;;18-Feb-2026
151591;Invesco India Nifty G-sec Jul 2027 Index Fund - Regular Plan - IDCW Payout;INF205KA1767;;1238.2159;;;18-Feb-2026
151597;Invesco India Nifty G-sec Sep 2032 Index Fund - Direct Plan - Growth;INF205KA1817;;1263.0358;;;18-Feb-2026
151596;Invesco India Nifty G-sec Sep 2032 Index Fund - Direct Plan - IDCW Payout;INF205KA1825;;1263.0361;;;18-Feb-2026
151594;Invesco India Nifty G-sec Sep 2032 Index Fund - Regular Plan - Growth;INF205KA1791;;1257.6361;;;18-Feb-2026
151595;Invesco India Nifty G-sec Sep 2032 Index Fund - Regular Plan - IDCW Payout;INF205KA1809;;1257.6201;;;18-Feb-2026

Jio BlackRock Mutual Fund
153787;JioBlackRock Nifty 50 Index Fund - Direct Plan - Growth Option;INF22M001044;;10.3895;;;18-Feb-2026
153791;JioBlackRock Nifty 8-13 yr G-Sec Index Fund - Direct Plan - Growth Option;INF22M001069;;10.2205;;;18-Feb-2026
153788;JioBlackRock Nifty Midcap 150 Index Fund - Direct Plan - Growth Option;INF22M001077;;10.4219;;;18-Feb-2026
153789;JioBlackRock Nifty Next 50 Index Fund - Direct Plan - Growth Option;INF22M001085;;10.4372;;;18-Feb-2026
153790;JioBlackRock Nifty Smallcap 250 Index Fund - Direct Plan - Growth Option;INF22M001051;;9.5777;;;18-Feb-2026

Kotak Mahindra Mutual Fund
152038;Kotak  BSE Housing Index Fund - Regular Plan - Growth Option;INF174KA1OU1;;13.163;;;18-Feb-2026
152040;Kotak  BSE Housing Index Fund - Regular Plan - IDCW Option;INF174KA1OV9;INF174KA1OW7;13.163;;;18-Feb-2026
152039;Kotak BSE Housing Index Fund - Direct Plan - Growth Option;INF174KA1OX5;;13.341;;;18-Feb-2026
152037;Kotak BSE Housing Index Fund - Direct Plan - IDCW Option;INF174KA1OY3;INF174KA1OZ0;13.339;;;18-Feb-2026
152755;Kotak BSE PSU Index Fund - Direct Plan - Growth;INF174KA1SL1;;10.135;;;18-Feb-2026
152754;Kotak BSE PSU Index Fund - Direct Plan - IDCW Payout and Reinvestment;INF174KA1SM9;INF174KA1SN7;10.136;;;18-Feb-2026
152752;Kotak BSE PSU Index Fund - Regular Plan - Growth;INF174KA1SI7;;10.034;;;18-Feb-2026
152753;Kotak BSE PSU Index Fund - Regular Plan - IDCW Payout and Reinvestment;INF174KA1SJ5;INF174KA1SK3;10.034;;;18-Feb-2026
153284;Kotak BSE Sensex Index Fund - Regular - Growth;INF174KA1US2;;11.1;;;18-Feb-2026
153285;Kotak BSE Sensex Index Fund - Regular - IDCW;INF174KA1UT0;INF174KA1UU8;11.1;;;18-Feb-2026
153286;Kotak BSE Sensex Index Fund- Direct - Growth;INF174KA1UV6;;11.119;;;18-Feb-2026
153287;Kotak BSE Sensex Index Fund- Direct - IDCW;INF174KA1UQ6;INF174KA1UR4;11.119;;;18-Feb-2026
153313;Kotak CRISIL - IBX AAA Bond Financial Services Index Dec 2026 Fund - Direct - Growth;INF174KA1UX2;;10.7654;;;18-Feb-2026
153312;Kotak CRISIL - IBX AAA Bond Financial Services Index Dec 2026 Fund - Direct - IDCW;INF174KA1UY0;INF174KA1UZ7;10.7653;;;18-Feb-2026
153311;Kotak CRISIL - IBX AAA Bond Financial Services Index Dec 2026 Fund - Regular - Growth;INF174KA1VA8;;10.744;;;18-Feb-2026
153310;Kotak CRISIL - IBX AAA Bond Financial Services Index Dec 2026 Fund - Regular - IDCW;INF174KA1VB6;INF174KA1VC4;10.744;;;18-Feb-2026
152869;Kotak CRISIL -IBX AAA Financial Services Index Sep-2027 Fund-DIRECT PLAN-GROWTH Option;INF174KA1TF1;;11.2035;;;18-Feb-2026
152868;Kotak CRISIL -IBX AAA Financial Services Index Sep-2027 Fund-DIRECT PLAN-IDCW;INF174KA1SU2;INF174KA1SV0;11.2018;;;18-Feb-2026
152866;Kotak CRISIL -IBX AAA Financial Services Index Sep-2027 Fund-REGULAR PLAN-GROWTH;INF174KA1SW8;;11.1695;;;18-Feb-2026
152867;Kotak CRISIL-IBX AAA Financial Services Index Sep-2027 Fund-REGULAR PLAN-IDCW;INF174KA1SX6;INF174KA1SY4;11.1695;;;18-Feb-2026
153372;Kotak CRISIL-IBX Financial Services 3-6 Months Debt Index Fund-Direct-Growth;INF174KA1VK7;;10.6579;;;18-Feb-2026
153373;Kotak CRISIL-IBX Financial Services 3-6 Months Debt Index Fund-Direct-IDCW;INF174KA1VL5;INF174KA1VM3;10.6582;;;18-Feb-2026
153375;Kotak CRISIL-IBX Financial Services 3-6 Months Debt Index Fund-Regular-Growth;INF174KA1VN1;;10.6344;;;18-Feb-2026
153374;Kotak CRISIL-IBX Financial Services 3-6 Months Debt Index Fund-Regular-IDCW;INF174KA1VO9;INF174KA1VP6;10.6344;;;18-Feb-2026
153875;Kotak CRISIL-IBX Financial Services 9 to 12 Months Debt Index Fund - Direct - Growth;INF174KA1XM9;;10.2296;;;18-Feb-2026
153876;Kotak CRISIL-IBX Financial Services 9 to 12 Months Debt Index Fund - Direct - IDCW;INF174KA1XN7;INF174KA1XO5;10.2297;;;18-Feb-2026
153877;Kotak CRISIL-IBX Financial Services 9 to 12 Months Debt Index Fund - Regular - Growth;INF174KA1XP2;;10.2213;;;18-Feb-2026
153878;Kotak CRISIL-IBX Financial Services 9 to 12 Months Debt Index Fund - Regular - IDCW;INF174KA1XQ0;INF174KA1XR8;10.2193;;;18-Feb-2026
153146;Kotak Nifty 100 Equal Weight Index Fund - Direct Plan - Growth;INF174KA1TY2;;10.959;;;18-Feb-2026
153143;Kotak Nifty 100 Equal Weight index Fund - Direct Plan - IDCW Option;INF174KA1TZ9;INF174KA1UA0;10.958;;;18-Feb-2026
153145;Kotak Nifty 100 Equal Weight Index Fund - Regular Plan - Growth;INF174KA1UB8;;10.896;;;18-Feb-2026
153144;Kotak Nifty 100 Equal Weight Index Fund - Regular Plan - IDCW Option;INF174KA1UC6;INF174KA1UD4;10.896;;;18-Feb-2026
152663;Kotak NIFTY 100 Low Volatility 30 Index Fund - Direct plan - Growth option;INF174KA1RZ3;;11.2242;;;18-Feb-2026
152665;Kotak NIFTY 100 Low Volatility 30 Index Fund - Direct plan - IDCW option;INF174KA1SA4;INF174KA1SB2;11.2243;;;18-Feb-2026
152664;Kotak NIFTY 100 Low Volatility 30 Index Fund - Regular plan - Growth option;INF174KA1RW0;;11.1048;;;18-Feb-2026
152666;Kotak NIFTY 100 Low Volatility 30 Index Fund - Regular plan - IDCW option;INF174KA1RX8;INF174KA1RY6;11.1048;;;18-Feb-2026
151781;Kotak Nifty 200 Momentum 30 Index Fund - Direct Plan - Growth Option;INF174KA1OB1;;15.148;;;18-Feb-2026
151782;Kotak Nifty 200 Momentum 30 Index Fund - Direct Plan - IDCW Payout;INF174KA1OC9;INF174KA1OD7;15.148;;;18-Feb-2026
151783;Kotak Nifty 200 Momentum 30 Index Fund - Regular Plan - Growth Option;INF174KA1NY5;;14.95;;;18-Feb-2026
151780;Kotak Nifty 200 Momentum 30 Index Fund - Regular Plan - IDCW Payout;INF174KA1NZ2;INF174KA1OA3;14.95;;;18-Feb-2026
153660;KOTAK NIFTY 200 QUALITY 30 INDEX FUND - DIRECT PLAN - GROWTH;INF174KA1WN9;;9.996;;;18-Feb-2026
153658;KOTAK NIFTY 200 QUALITY 30 INDEX FUND - DIRECT PLAN - IDCW - PAYOUT AND REINVESTMENT;INF174KA1WO7;INF174KA1WP4;9.996;;;18-Feb-2026
153659;KOTAK NIFTY 200 QUALITY 30 INDEX FUND - REGULAR PLAN - GROWTH;INF174KA1WQ2;;9.973;;;18-Feb-2026
153661;KOTAK NIFTY 200 QUALITY 30 INDEX FUND - REGULAR PLAN - IDCW - PAYOUT AND REINVESTMENT;INF174KA1WR0;INF174KA1WS8;9.973;;;18-Feb-2026
153150;Kotak Nifty 50 Equal Weight Index Fund - Direct Plan - Growth;INF174KA1UE2;;11.44;;;18-Feb-2026
153147;Kotak Nifty 50 Equal Weight Index Fund - Direct Plan - IDCW Option;INF174KA1UF9;INF174KA1UG7;11.441;;;18-Feb-2026
153148;Kotak Nifty 50 Equal Weight Index Fund - Regular Plan - Growth;INF174KA1UH5;;11.373;;;18-Feb-2026
153149;Kotak Nifty 50 Equal Weight Index Fund - Regular Plan - IDCW Option;INF174KA1UI3;INF174KA1UJ1;11.373;;;18-Feb-2026
148978;Kotak Nifty 50 Index Fund - Direct Plan-Growth;INF174KA1HA7;;17.042;;;18-Feb-2026
148976;Kotak Nifty 50 Index Fund - Direct Plan-IDCW Payout;INF174KA1HB5;INF174KA1HC3;17.039;;;18-Feb-2026
148974;Kotak Nifty 50 Index Fund - Regular Plan-Growth;INF174KA1GX1;;16.796;;;18-Feb-2026
148979;Kotak Nifty 50 Index Fund - Regular Plan-IDCW Payout;INF174KA1GY9;INF174KA1GZ6;16.796;;;18-Feb-2026
153680;Kotak Nifty AAA Bond Financial Services Mar 2028 Index Fund - Direct Plan - Growth;INF174KA1WY6;;10.3542;;;18-Feb-2026
153681;Kotak Nifty AAA Bond Financial Services Mar 2028 Index Fund - Direct Plan - IDCW - Payout & Reinvestment;INF174KA1WZ3;INF174KA1WU4;10.3541;;;18-Feb-2026
153683;Kotak Nifty AAA Bond Financial Services Mar 2028 Index Fund - Regular Plan - Growth;INF174KA1WV2;;10.341;;;18-Feb-2026
153682;Kotak Nifty AAA Bond Financial Services Mar 2028 Index Fund - Regular Plan - IDCW - Payout & Reinvestment;INF174KA1WW0;INF174KA1WX8;10.3411;;;18-Feb-2026
153781;Kotak Nifty Alpha 50 Index Fund - Direct Plan - Growth;INF174KA1XG1;;9.985;;;18-Feb-2026
153782;Kotak Nifty Alpha 50 Index Fund - Direct Plan - IDCW - Payout & Reinvestment;INF174KA1XH9;INF174KA1XI7;9.985;;;18-Feb-2026
153784;Kotak Nifty Alpha 50 Index Fund - Regular Plan - Growth;INF174KA1XJ5;;9.955;;;18-Feb-2026
153783;Kotak Nifty Alpha 50 Index Fund - Regular Plan - IDCW - Payout & Reinvestment;INF174KA1XK3;INF174KA1XL1;9.955;;;18-Feb-2026
153353;Kotak Nifty Commodities Index Fund-Direct Growth;INF174KA1VE0;;12.387;;;18-Feb-2026
153354;KOTAK NIFTY COMMODITIES INDEX FUND-DIRECT-IDCW-PAYOUT & REINVESTMENT;INF174KA1VF7;INF174KA1VG5;12.387;;;18-Feb-2026
153351;KOTAK NIFTY COMMODITIES INDEX FUND-REGULAR GROWTH;INF174KA1VH3;;12.356;;;18-Feb-2026
153352;KOTAK NIFTY COMMODITIES INDEX FUND-REGULAR-IDCW-PAYOUT & REINVESTMENT;INF174KA1VI1;INF174KA1VJ9;12.356;;;18-Feb-2026
151911;Kotak Nifty Financial Services Ex-Bank Index Fund - Direct Plan - Growth option;INF174KA1OR7;;16.777;;;18-Feb-2026
151912;Kotak Nifty Financial Services Ex-Bank Index Fund - Direct Plan - IDCW option;INF174KA1OS5;INF174KA1OT3;16.777;;;18-Feb-2026
151909;Kotak Nifty Financial Services Ex-Bank Index Fund - Regular Plan - Growth option;INF174KA1OO4;;16.548;;;18-Feb-2026
151910;Kotak Nifty Financial Services Ex-Bank Index Fund - Regular Plan - IDCW option;INF174KA1OP1;INF174KA1OQ9;16.548;;;18-Feb-2026
152098;Kotak Nifty G-Sec July 2033 Index Fund - Direct Plan - Growth;INF174KA1PJ1;;12.1806;;;18-Feb-2026
152099;Kotak Nifty G-Sec July 2033 Index Fund - Direct Plan - IDCW Payout;INF174KA1PK9;INF174KA1PL7;12.1807;;;18-Feb-2026
152100;Kotak Nifty G-Sec July 2033 Index Fund - Regular Plan - Growth;INF174KA1PG7;;12.1091;;;18-Feb-2026
152101;Kotak Nifty G-Sec July 2033 Index Fund - Regular Plan - IDCW Payout;INF174KA1PH5;INF174KA1PI3;12.109;;;18-Feb-2026
152873;Kotak Nifty India Tourism Index Fund-Direct Plan-IDCW Option;INF174KA1TA2;INF174KA1TB0;8.716;;;18-Feb-2026
152870;Kotak Nifty India Tourism Index Fund-Direct-Growth Option;INF174KA1SZ1;;8.714;;;18-Feb-2026
152872;Kotak Nifty India Tourism Index Fund-Regular plan-Growth;INF174KA1TC8;;8.636;;;18-Feb-2026
152871;Kotak Nifty India Tourism Index Fund-Regular Plan-IDCW Option;INF174KA1TD6;INF174KA1TE4;8.636;;;18-Feb-2026
153401;KOTAK NIFTY MIDCAP 150 INDEX FUND-DIRECT PLAN-GROWTH;INF174KA1VQ4;;11.386;;;18-Feb-2026
153402;KOTAK NIFTY MIDCAP 150 INDEX FUND-DIRECT PLAN-IDCW-PAYOUT AND REINVESTMENT;INF174KA1VR2;INF174KA1VS0;11.385;;;18-Feb-2026
153399;KOTAK NIFTY MIDCAP 150 INDEX FUND-REGULAR PLAN-GROWTH;INF174KA1VT8;;11.335;;;18-Feb-2026
153400;KOTAK NIFTY MIDCAP 150 INDEX FUND-REGULAR PLAN-IDCW PAYOUT AND REINVESTMENT;INF174KA1VU6;INF174KA1VV4;11.335;;;18-Feb-2026
152916;Kotak Nifty Midcap 150 Momentum 50 Index Fund-Direct Plan-Growth;INF174KA1TM7;;9.51;;;18-Feb-2026
152917;Kotak Nifty Midcap 150 Momentum 50 Index Fund-Direct Plan-IDCW option;INF174KA1TN5;INF174KA1TO3;9.51;;;18-Feb-2026
152918;Kotak Nifty Midcap 150 Momentum 50 Index Fund-Regular Plan-Growth;INF174KA1TP0;;9.426;;;18-Feb-2026
152919;Kotak Nifty Midcap 150 Momentum 50 Index Fund-Regular plan-IDCW option;INF174KA1TQ8;INF174KA1TR6;9.426;;;18-Feb-2026
152767;KOTAK NIFTY MIDCAP 50 INDEX FUND-DIRECT PLAN- GROWTH;INF174KA1SR8;;10.529;;;18-Feb-2026
152768;KOTAK NIFTY MIDCAP 50 INDEX FUND-DIRECT PLAN-IDCW PAYOUT AND REINVESTMENT;INF174KA1SS6;INF174KA1ST4;10.529;;;18-Feb-2026
152765;KOTAK NIFTY MIDCAP 50 INDEX FUND-REGULAR PLAN-GROWTH;INF174KA1SO5;;10.433;;;18-Feb-2026
152766;KOTAK NIFTY MIDCAP 50 INDEX FUND-REGULAR PLAN-IDCW PAYOUT AND REINVESTMENT;INF174KA1SP2;INF174KA1SQ0;10.433;;;18-Feb-2026
148745;Kotak Nifty Next 50 Index Fund - Direct Plan - Growth Option;INF174KA1GA9;;20.5267;;;18-Feb-2026
148746;Kotak Nifty Next 50 Index Fund - Direct Plan -Payout of Income Distribution cum capital withdrawal option;INF174KA1FZ8;INF174KA1GB7;20.5264;;;18-Feb-2026
148743;Kotak Nifty Next 50 Index Fund - Regular Plan - Growth Option;INF174KA1FX3;;20.0211;;;18-Feb-2026
148744;Kotak Nifty Next 50 Index Fund - Regular Plan - Payout of Income Distribution cum capital withdrawal option;INF174KA1FW5;INF174KA1FY1;20.0216;;;18-Feb-2026
149855;Kotak Nifty SDL Apr  2027 Top 12 Equal Weight Index Fund-Direct Plan-Growth;INF174KA1IL2;;12.8472;;;18-Feb-2026
149852;Kotak Nifty SDL Apr  2027 Top 12 Equal Weight Index Fund-Regular Plan- Growth;INF174KA1II8;;12.7678;;;18-Feb-2026
149853;Kotak Nifty SDL Apr  2027 Top 12 Equal Weight Index Fund-Regular Plan-IDCW Option;INF174KA1IJ6;INF174KA1IK4;12.768;;;18-Feb-2026
149854;Kotak Nifty SDL Apr 2027 Top 12 Equal Weight Index Fund-Direct Plan-IDCW Option;INF174KA1IM0;INF174KA1IN8;12.8465;;;18-Feb-2026
149865;Kotak Nifty SDL Apr 2032 Top 12 Equal Weight Index Fund-Direct Plan- Growth;INF174KA1IR9;;13.168;;;18-Feb-2026
149864;Kotak Nifty SDL Apr 2032 Top 12 Equal Weight Index Fund-Direct Plan-IDCW Option;INF174KA1IS7;INF174KA1IT5;13.1665;;;18-Feb-2026
149862;Kotak Nifty SDL Apr 2032 Top 12 Equal Weight Index Fund-Regular Plan-Growth;INF174KA1IO6;;13.0783;;;18-Feb-2026
149866;Kotak Nifty SDL Apr 2032 Top 12 Equal Weight Index Fund-Regular Plan-IDCW Option;INF174KA1IP3;INF174KA1IQ1;13.0823;;;18-Feb-2026
151218;Kotak Nifty SDL Jul 2026 Index Fund Direct Plan Growth;INF174KA1LC5;;12.5149;;;18-Feb-2026
151219;Kotak Nifty SDL Jul 2026 Index Fund Direct Plan IDCW;INF174KA1LD3;INF174KA1LE1;12.0783;;;18-Feb-2026
151216;Kotak Nifty SDL Jul 2026 Index Fund Regular Plan Growth;INF174KA1KZ8;;12.4327;;;18-Feb-2026
151217;Kotak Nifty SDL Jul 2026 Index Fund Regular Plan IDCW;INF174KA1LA9;INF174KA1LB7;12.4328;;;18-Feb-2026
151420;Kotak Nifty SDL Jul 2033 Index Fund Direct Plan Growth Option;INF174KA1MJ8;;12.6276;;;18-Feb-2026
151418;Kotak Nifty SDL Jul 2033 Index Fund Direct Plan IDCW;INF174KA1MK6;INF174KA1ML4;12.2562;;;18-Feb-2026
151417;Kotak Nifty SDL Jul 2033 Index Fund Regular Plan Growth Option;INF174KA1MG4;;12.5379;;;18-Feb-2026
151419;Kotak Nifty SDL Jul 2033 Index Fund Regular Plan IDCW;INF174KA1MH2;INF174KA1MI0;12.5379;;;18-Feb-2026
150725;Kotak Nifty SDL Plus AAA PSU Bond Jul 2028 60:40 Index Fund Direct Plan - Growth;INF174KA1JT3;;12.9252;;;18-Feb-2026
150726;Kotak Nifty SDL Plus AAA PSU Bond Jul 2028 60:40 Index Fund Direct Plan - IDCW;INF174KA1JU1;INF174KA1JV9;12.9253;;;18-Feb-2026
150723;Kotak Nifty SDL Plus AAA PSU Bond Jul 2028 60:40 Index Fund Regular Plan - Growth;INF174KA1JQ9;;12.8415;;;18-Feb-2026
150724;Kotak Nifty SDL Plus AAA PSU Bond Jul 2028 60:40 Index Fund Regular Plan - IDCW;INF174KA1JR7;INF174KA1JS5;12.8374;;;18-Feb-2026
153220;Kotak Nifty SmallCap 250 Index Fund - Direct - IDCW;INF174KA1UL7;INF174KA1UM5;10.506;;;18-Feb-2026
153223;Kotak Nifty SmallCap 250 Index Fund- Direct - Growth;INF174KA1UK9;;10.506;;;18-Feb-2026
153221;Kotak Nifty SmallCap 250 Index Fund- Regular - Growth;INF174KA1UN3;;10.452;;;18-Feb-2026
153222;Kotak Nifty SmallCap 250 Index Fund- Regular - IDCW;INF174KA1UO1;INF174KA1UP8;10.452;;;18-Feb-2026
151649;Kotak Nifty Smallcap 50 Index Fund - Direct Plan - Growth;INF174KA1NB3;;19.79;;;18-Feb-2026
151650;Kotak Nifty Smallcap 50 Index Fund - Direct Plan - IDCW;INF174KA1NC1;INF174KA1ND9;19.801;;;18-Feb-2026
151647;Kotak Nifty Smallcap 50 Index Fund - Regular Plan - Growth;INF174KA1MY7;;19.432;;;18-Feb-2026
151648;Kotak Nifty Smallcap 50 Index Fund - Regular Plan - IDCW;INF174KA1MZ4;INF174KA1NA5;19.432;;;18-Feb-2026
153461;Kotak Nifty Top 10 Equal Weight Index Fund-Direct Plan-Growth;INF174KA1WD0;;10.085;;;18-Feb-2026
153462;Kotak Nifty Top 10 Equal Weight Index Fund-Direct Plan-IDCW-Payout and Reinvestment;INF174KA1WE8;INF174KA1WF5;10.085;;;18-Feb-2026
153463;Kotak Nifty Top 10 Equal Weight Index Fund-Regular Plan-Growth;INF174KA1WG3;;10.027;;;18-Feb-2026
153464;Kotak Nifty Top 10 Equal Weight Index Fund-Regular Plan-IDCW Payout and Reinvestment;INF174KA1WH1;INF174KA1WI9;10.027;;;18-Feb-2026
154145;Kotak Nifty200 Value 30 Index Fund - Direct - Growth;INF174KA1YP0;;10.237;;;18-Feb-2026
154146;Kotak Nifty200 Value 30 Index Fund - Direct - IDCW;INF174KA1YQ8;INF174KA1YR6;10.237;;;18-Feb-2026
154148;Kotak Nifty200 Value 30 Index Fund - Regular - Growth;INF174KA1YS4;;10.235;;;18-Feb-2026
154147;Kotak Nifty200 Value 30 Index Fund - Regular - IDCW;INF174KA1YT2;INF174KA1YU0;10.235;;;18-Feb-2026
154032;Kotak Nifty500 Momentum 50 Index Fund - Direct Plan - Growth;INF174KA1YC8;;10;;;18-Feb-2026
154029;Kotak Nifty500 Momentum 50 Index Fund - Direct Plan - IDCW - Payout & Investment;INF174KA1YD6;INF174KA1YE4;10;;;18-Feb-2026
154030;Kotak Nifty500 Momentum 50 Index Fund - Regular Plan - Growth;INF174KA1YF1;;9.994;;;18-Feb-2026
154031;Kotak Nifty500 Momentum 50 Index Fund - Regular Plan - IDCW - Payout & Reinvestment;INF174KA1YG9;INF174KA1YH7;9.994;;;18-Feb-2026

LIC Mutual Fund
120308;LIC MF BSE Sensex Index Fund-Direct Plan-Growth;INF767K01FJ4;;168.0214;;;18-Feb-2026
120312;LIC MF BSE Sensex Index Fund-Direct Plan-IDCW;INF767K01FI6;INF767K01FK2;56.33;;;18-Feb-2026
101199;LIC MF BSE Sensex Index Fund-Regular Plan-Growth;INF767K01139;;156.2626;;;18-Feb-2026
101198;LIC MF BSE Sensex Index Fund-Regular Plan-IDCW;INF767K01121;INF767K01113;53.5601;;;18-Feb-2026
120307;LIC MF Nifty 50 Index Fund-Direct Plan-Growth;INF767K01FF2;;153.9596;;;18-Feb-2026
120309;LIC MF Nifty 50 Index Fund-Direct Plan-IDCW;INF767K01FG0;INF767K01FH8;56.7279;;;18-Feb-2026
101201;LIC MF Nifty 50 Index Fund-Regular Plan-Growth;INF767K01162;;142.4204;;;18-Feb-2026
101200;LIC MF Nifty 50 Index Fund-Regular Plan-IDCW;INF767K01154;INF767K01147;52.5385;;;18-Feb-2026
151937;LIC MF Nifty Next 50 Index Fund-Direct Plan-Growth;INF397L01AW2;;57.3253;;;18-Feb-2026
151938;LIC MF Nifty Next 50 Index Fund-Direct Plan-IDCW;INF397L01AY8;INF397L01AX0;57.3252;;;18-Feb-2026
151935;LIC MF Nifty Next 50 Index Fund-Regular Plan-Growth;INF397L01174;;52.0917;;;18-Feb-2026
151936;LIC MF Nifty Next 50 Index Fund-Regular Plan-IDCW;INF397L01166;INF397L01182;52.0917;;;18-Feb-2026

Mirae Asset Mutual Fund
150792;Mirae Asset CRISIL IBX Gilt Index - April 2033 Index Fund - Direct Plan - Growth;INF769K01IX5;;13.1719;;;18-Feb-2026
150789;Mirae Asset CRISIL IBX Gilt Index - April 2033 Index Fund - Direct Plan - IDCW;INF769K01IW7;INF769K01IY3;13.1684;;;18-Feb-2026
150790;Mirae Asset CRISIL IBX Gilt Index - April 2033 Index Fund - Regular Plan - Growth;INF769K01IU1;;13.0462;;;18-Feb-2026
150791;Mirae Asset CRISIL IBX Gilt Index - April 2033 Index Fund - Regular Plan - IDCW;INF769K01IT3;INF769K01IV9;13.0471;;;18-Feb-2026
153634;Mirae Asset CRISIL-IBX Financial Services 9-12 Months Debt Index Fund - Direct Plan - Growth;INF769K01OS3;;10.3821;;;18-Feb-2026
153635;Mirae Asset CRISIL-IBX Financial Services 9-12 Months Debt Index Fund - Direct Plan - IDCW;INF769K01OU9;INF769K01OT1;10.3813;;;18-Feb-2026
153636;Mirae Asset CRISIL-IBX Financial Services 9-12 Months Debt Index Fund - Regular Plan - Growth;INF769K01OP9;;10.3692;;;18-Feb-2026
153637;Mirae Asset CRISIL-IBX Financial Services 9-12 Months Debt Index Fund - Regular Plan - IDCW;INF769K01OR5;INF769K01OQ7;10.3694;;;18-Feb-2026
152972;Mirae Asset Nifty 50 Index Fund - Direct Plan - Growth;INF769K01MQ1;;10.7089;;;18-Feb-2026
152973;Mirae Asset Nifty 50 Index Fund - Direct Plan - IDCW;INF769K01MN8;INF769K01MM0;10.7090;;;18-Feb-2026
152974;Mirae Asset Nifty 50 Index Fund - Regular Plan - Growth;INF769K01MO6;;10.6209;;;18-Feb-2026
152975;Mirae Asset Nifty 50 Index Fund - Regular Plan - IDCW;INF769K01MP3;INF769K01MR9;10.6204;;;18-Feb-2026
150788;Mirae Asset Nifty AAA PSU Bond Plus SDL Apr 2026 50:50 Index Fund - Direct Plan - Growth;INF769K01JD5;;12.6563;;;18-Feb-2026
150787;Mirae Asset Nifty AAA PSU Bond Plus SDL Apr 2026 50:50 Index Fund - Direct Plan - IDCW;INF769K01JC7;INF769K01JE3;12.6562;;;18-Feb-2026
150786;Mirae Asset Nifty AAA PSU Bond Plus SDL Apr 2026 50:50 Index Fund - Regular Plan - Growth;INF769K01JA1;;12.5658;;;18-Feb-2026
150785;Mirae Asset Nifty AAA PSU Bond Plus SDL Apr 2026 50:50 Index Fund - Regular Plan - IDCW;INF769K01IZ0;INF769K01JB9;12.5661;;;18-Feb-2026
152976;Mirae Asset Nifty LargeMidcap 250 Index Fund - Direct Plan - Growth;INF769K01MJ6;;10.6077;;;18-Feb-2026
152977;Mirae Asset Nifty LargeMidcap 250 Index Fund - Direct Plan - IDCW;INF769K01ML2;INF769K01MK4;10.6086;;;18-Feb-2026
152978;Mirae Asset Nifty LargeMidcap 250 Index Fund - Regular Plan - Growth;INF769K01MG2;;10.5170;;;18-Feb-2026
152979;Mirae Asset Nifty LargeMidcap 250 Index Fund - Regular Plan - IDCW;INF769K01MI8;INF769K01MH0;10.5164;;;18-Feb-2026
150359;Mirae Asset Nifty SDL Jun 2027 Index Fund - Direct Plan - IDCW;INF769K01IG0;INF769K01II6;12.8570;;;18-Feb-2026
150360;Mirae Asset Nifty SDL Jun 2027 Index Fund - Regular Plan - Growth;INF769K01IE5;;12.7757;;;18-Feb-2026
150361;Mirae Asset Nifty SDL Jun 2027 Index Fund - Regular Plan - IDCW;INF769K01ID7;INF769K01IF2;12.7763;;;18-Feb-2026
150358;Mirae Asset Nifty SDL Jun 2027 Index Fund -Direct Plan - Growth;INF769K01IH8;;12.8565;;;18-Feb-2026
151691;Mirae Asset Nifty SDL June 2028 Index Fund - Direct Plan - Growth;INF769K01JZ8;;12.5183;;;18-Feb-2026
151692;Mirae Asset Nifty SDL June 2028 Index Fund - Direct Plan - IDCW;INF769K01JY1;INF769K01KA9;12.5183;;;18-Feb-2026
151693;Mirae Asset Nifty SDL June 2028 Index Fund - Regular Plan - IDCW;INF769K01JV7;INF769K01JX3;12.3851;;;18-Feb-2026
151694;Mirae Asset Nifty SDL June 2028 Index Fund -Regular Plan - Growth;INF769K01JW5;;12.3848;;;18-Feb-2026
152968;Mirae Asset Nifty Total Market Index Fund - Direct Plan - Growth;INF769K01MD9;;10.4926;;;18-Feb-2026
152969;Mirae Asset Nifty Total Market Index Fund - Direct Plan - IDCW;INF769K01ME7;INF769K01MF4;10.4924;;;18-Feb-2026
152970;Mirae Asset Nifty Total Market Index Fund - Regular Plan - Growth;INF769K01MA5;;10.3971;;;18-Feb-2026
152971;Mirae Asset Nifty Total Market Index Fund - Regular Plan - IDCW;INF769K01MB3;INF769K01MC1;10.3968;;;18-Feb-2026

Navi Mutual Fund
152062;NAVI BSE SENSEX INDEX FUND - DIRECT PLAN - GROWTH;INF959L01HK9;;12.9881;;;18-Feb-2026
152061;NAVI BSE SENSEX INDEX FUND - REGULAR PLAN - GROWTH;INF959L01HJ1;;12.7685;;;18-Feb-2026
149039;Navi Nifty 50 Index Fund-Direct Plan-Growth;INF959L01FP2;;16.9301;;;18-Feb-2026
149040;Navi Nifty 50 Index Fund-Regular Plan-Growth;INF959L01FQ0;;16.7723;;;18-Feb-2026
152751;NAVI NIFTY 500 MULTICAP 50-25-25 DIRECT PLAN;INF959L01HO1;;10.0476;;;18-Feb-2026
152750;NAVI NIFTY 500 MULTICAP 50-25-25 REGULAR PLAN;INF959L01HN3;;9.94;;;18-Feb-2026
149804;Navi Nifty Bank Index Fund- Direct Plan- Growth;INF959L01FT4;;16.1719;;;18-Feb-2026
149805;Navi Nifty Bank Index Fund- Regular Plan- Growth;INF959L01FU2;;15.7067;;;18-Feb-2026
150515;Navi Nifty India Manufacturing Index Fund- Direct Plan- Growth;INF959L01GD6;;19.0958;;;18-Feb-2026
150516;Navi Nifty India Manufacturing Index Fund- Regular Plan- Growth;INF959L01GE4;;18.5807;;;18-Feb-2026
149892;Navi Nifty Midcap 150 Index Fund Direct Plan- Growth;INF959L01FX6;;20.969;;;18-Feb-2026
149893;Navi Nifty Midcap 150 Index Fund Regular Plan- Growth;INF959L01FY4;;20.2742;;;18-Feb-2026
154026;Navi Nifty Midsmall 400 Index Fund - Regular - Growth;INF959L01HS2;;10.1172;;;18-Feb-2026
154027;Navi Nifty midsmallcap 400 Index Fund- Direct - Growth;INF959L01HR4;;10.1325;;;18-Feb-2026
149447;Navi Nifty Next 50 Index Fund- Direct Plan- Growth;INF959L01FR8;;16.7054;;;18-Feb-2026
149448;Navi Nifty Next 50 Index Fund- Regular Plan- Growth;INF959L01FS6;;16.3446;;;18-Feb-2026
153362;Navi Nifty Smallcap 250 Momentum quality index fund- Direct Plan;INF959L01HQ6;;10.7409;;;18-Feb-2026
153363;Navi Nifty Smallcap 250 Momentum quality index fund- Regular Plan;INF959L01HP8;;10.6716;;;18-Feb-2026
152535;Navi NiftyIT Index Fund - Direct Plan- Growth;INF959L01HM5;;9.6986;;;18-Feb-2026
152536;Navi NiftyIT Index Fund - Regular Plan -Growth;INF959L01HL7;;9.5648;;;18-Feb-2026

PGIM India Mutual Fund
151407;PGIM India CRISIL IBX Gilt Index - Apr 2028 Fund - Direct Plan, Growth Option;INF663L01X21;;12.5907;;;18-Feb-2026
151406;PGIM India CRISIL IBX Gilt Index - Apr 2028 Fund - Direct Plan, IDCW Option;INF663L01X39;INF663L01X47;11.0373;;;18-Feb-2026
151404;PGIM India CRISIL IBX Gilt Index - Apr 2028 Fund - Regular Plan, Growth Option;INF663L01X54;;12.5271;;;18-Feb-2026
151405;PGIM India CRISIL IBX Gilt Index - Apr 2028 Fund - Regular Plan, IDCW Option;INF663L01X62;INF663L01X70;10.9785;;;18-Feb-2026

SBI Mutual Fund
153432;SBI BSE PSU BANK INDEX FUND- Direct Plan- Growth;INF200KB1688;;15.3446;;;18-Feb-2026
153433;SBI BSE PSU BANK INDEX FUND- Direct Plan- Income Distribution Cum Capital Withdrawal Option (IDCW);INF200KB1704;INF200KB1696;15.3446;;;18-Feb-2026
153434;SBI BSE PSU BANK INDEX FUND- Regular Plan- Growth;INF200KB1654;;15.2765;;;18-Feb-2026
153431;SBI BSE PSU BANK INDEX FUND- Regular Plan- Income Distribution Cum Capital Withdrawal Option (IDCW);INF200KB1662;INF200KB1670;15.2786;;;18-Feb-2026
151769;SBI BSE Sensex Index Fund - Direct Plan - Growth;INF200KA16Y4;;13.7327;;;18-Feb-2026
151770;SBI BSE Sensex Index Fund - Direct Plan - IDCW;INF200KA17Y2;INF200KA18Y0;13.7327;;;18-Feb-2026
151765;SBI BSE Sensex Index Fund - Regular Plan - Growth;INF200KA13Y1;;13.6482;;;18-Feb-2026
151766;SBI BSE Sensex Index Fund - Regular Plan - IDCW;INF200KA14Y9;INF200KA15Y6;13.6482;;;18-Feb-2026
149474;SBI CPSE Bond Plus SDL Sep 2026 50:50 Index Fund - Direct Plan - Growth;INF200KA13D5;;12.7940;;;18-Feb-2026
149475;SBI CPSE Bond Plus SDL Sep 2026 50:50 Index Fund - Direct Plan - Income Distribution cum Capital Withdrawal Option (IDCW);INF200KA14D3;INF200KA15D0;12.8493;;;18-Feb-2026
149472;SBI CPSE Bond Plus SDL Sep 2026 50:50 Index Fund - Regular Plan - Growth;INF200KA10D1;;12.7074;;;18-Feb-2026
149473;SBI CPSE Bond Plus SDL Sep 2026 50:50 Index Fund - Regular Plan - Income Distribution cum Capital Withdrawal Option (IDCW);INF200KA11D9;INF200KA12D7;12.7076;;;18-Feb-2026
150706;SBI CRISIL IBX Gilt Index - April 2029 Fund - Direct Plan - Growth;INF200KA18Q6;;13.0966;;;18-Feb-2026
150708;SBI CRISIL IBX Gilt Index - April 2029 Fund - Direct Plan - Income Distribution cum Capital Withdrawal Option (IDCW);INF200KA19Q4;INF200KA10R1;13.0967;;;18-Feb-2026
150707;SBI CRISIL IBX Gilt Index - April 2029 Fund - Regular Plan - Growth;INF200KA15Q2;;12.9942;;;18-Feb-2026
150709;SBI CRISIL IBX Gilt Index - April 2029 Fund - Regular Plan - Income Distribution cum Capital Withdrawal Option (IDCW);INF200KA16Q0;INF200KA17Q8;12.9951;;;18-Feb-2026
150681;SBI |CRISIL IBX Gilt Index - June 2036 Fund - Direct Plan - Growth;INF200KA12Q9;;13.2603;;;18-Feb-2026
150682;SBI CRISIL IBX Gilt Index - June 2036 Fund - Direct Plan - Income Distribution cum Capital Withdrawal Option (IDCW);INF200KA13Q7;INF200KA14Q5;13.2603;;;18-Feb-2026
150683;SBI CRISIL IBX Gilt Index - June 2036 Fund - Regular Plan - Growth;INF200KA19P6;;13.1513;;;18-Feb-2026
150680;SBI CRISIL IBX Gilt Index - June 2036 Fund - Regular Plan - Income Distribution cum Capital Withdrawal Option (IDCW);INF200KA10Q3;INF200KA11Q1;13.1517;;;18-Feb-2026
150711;SBI CRISIL IBX SDL Index - September 2027 Fund - Direct Plan - Growth;INF200KA14R3;;12.8773;;;18-Feb-2026
150713;SBI CRISIL IBX SDL Index - September 2027 Fund - Direct Plan - Income Distribution cum Capital Withdrawal Option (IDCW);INF200KA15R0;INF200KA16R8;12.8831;;;18-Feb-2026
150712;SBI CRISIL IBX SDL Index - September 2027 Fund - Regular Plan - Growth;INF200KA11R9;;12.8018;;;18-Feb-2026
150710;SBI CRISIL IBX SDL Index - September 2027 Fund - Regular Plan - Income Distribution cum Capital Withdrawal Option (IDCW);INF200KA12R7;INF200KA13R5;12.8020;;;18-Feb-2026
152908;SBI Nifty 500 Index Fund- Direct Plan- Growth;INF200KB1381;;9.8241;;;18-Feb-2026
152909;SBI Nifty 500 Index Fund- Direct Plan- Income Distribution Cum Capital Withdrawal (IDCW);INF200KB1399;INF200KB1407;9.8242;;;18-Feb-2026
152906;SBI Nifty 500 Index Fund- Regular Plan- Growth;INF200KB1357;;9.7578;;;18-Feb-2026
152907;SBI Nifty 500 Index Fund- Regular Plan- Income Distribution Cum Capital Withdrawal (IDCW);INF200KB1365;INF200KB1373;9.7576;;;18-Feb-2026
153251;SBI Nifty Bank Index Fund- Regular Plan- Income Distribution Cum Capital Withdrawal Option;INF200KB1548;INF200KB1555;12.2242;;;18-Feb-2026
153250;SBI Nifty Bank Index Fund-Direct Plan- Growth;INF200KB1563;;12.2852;;;18-Feb-2026
153252;SBI Nifty Bank Index Fund-Direct Plan- Income Distribution Cum Capital Withdrawal Option;INF200KB1571;INF200KB1589;12.2852;;;18-Feb-2026
153253;SBI Nifty Bank Index Fund-Regular Plan- Growth;INF200KB1530;;12.2242;;;18-Feb-2026
119827;SBI NIFTY INDEX FUND - DIRECT PLAN - GROWTH;INF200K01TE8;;239.9771;;;18-Feb-2026
119826;SBI Nifty Index Fund - Direct Plan - Income Distribution cum Capital Withdrawal Option (IDCW);INF200K01TC2;INF200K01TD0;123.2609;;;18-Feb-2026
102272;SBI NIFTY INDEX FUND - REGULAR PLAN - GROWTH;INF200K01537;;228.4971;;;18-Feb-2026
102273;SBI Nifty Index Fund - Regular Plan - Income Distribution cum Capital Withdrawal Option (IDCW);INF200K01545;INF200K01552;117.2318;;;18-Feb-2026
153015;SBI Nifty India Consumption Index Fund- Direct Plan- Growth;INF200KB1449;;10.3703;;;18-Feb-2026
153014;SBI Nifty India Consumption Index Fund- Direct Plan- IDCW Payout;INF200KB1456;INF200KB1464;10.3703;;;18-Feb-2026
153012;SBI Nifty India Consumption Index Fund- Regular Plan- Growth;INF200KB1415;;10.3051;;;18-Feb-2026
153013;SBI Nifty India Consumption Index Fund- Regular Plan- IDCW Payout;INF200KB1423;INF200KB1431;10.3052;;;18-Feb-2026
153320;SBI Nifty IT Index Fund - Direct Plan - Growth;INF200KB1621;;8.2205;;;18-Feb-2026
153321;SBI Nifty IT Index Fund - Direct Plan - Income Distribution Cum Withdrawal Option (IDCW);INF200KB1639;INF200KB1647;8.2206;;;18-Feb-2026
153323;SBI Nifty IT Index Fund - Regular Plan - Growth;INF200KB1597;;8.1816;;;18-Feb-2026
153322;SBI Nifty IT Index Fund - Regular Plan - Income Distribution Cum Capital Withdrawal Option (IDCW);INF200KB1605;INF200KB1613;8.1816;;;18-Feb-2026
150673;SBI Nifty Midcap 150 Index Fund - Direct Plan - Growth;INF200KA10P5;;19.2849;;;18-Feb-2026
150675;SBI Nifty Midcap 150 Index Fund - Direct Plan - Income Distribution cum Capital Withdrawal Option (IDCW);INF200KA11P3;INF200KA12P1;19.2843;;;18-Feb-2026
150672;SBI Nifty Midcap 150 Index Fund - Regular Plan - Growth;INF200KA17O3;;18.9478;;;18-Feb-2026
150674;SBI Nifty Midcap 150 Index Fund - Regular Plan - Income Distribution cum Capital Withdrawal Option (IDCW);INF200KA18O1;INF200KA19O9;18.9481;;;18-Feb-2026
148945;SBI Nifty Next 50 Index Fund - Direct Plan - Growth;INF200KA1W00;;19.4368;;;18-Feb-2026
148946;SBI Nifty Next 50 Index Fund - Direct Plan - Income Distribution cum Capital Withdrawal Option (IDCW);INF200KA1W18;INF200KA1W26;19.4358;;;18-Feb-2026
148943;SBI Nifty Next 50 Index Fund - Regular Plan - Growth;INF200KA1V76;;19.0073;;;18-Feb-2026
148944;SBI Nifty Next 50 Index Fund - Regular Plan - Income Distribution cum Capital Withdrawal Option (IDCW);INF200KA1V84;INF200KA1V92;19.0075;;;18-Feb-2026
150677;SBI Nifty Smallcap 250 Index Fund - Direct Plan - Growth;INF200KA16P2;;17.6417;;;18-Feb-2026
150678;SBI Nifty Smallcap 250 Index Fund - Direct Plan - Income Distribution cum Capital Withdrawal Option (IDCW);INF200KA17P0;INF200KA18P8;17.6412;;;18-Feb-2026
150676;SBI Nifty Smallcap 250 Index Fund - Regular Plan - Growth;INF200KA13P9;;17.3271;;;18-Feb-2026
150679;SBI Nifty Smallcap 250 Index Fund - Regular Plan - Income Distribution cum Capital Withdrawal Option (IDCW);INF200KA14P7;INF200KA15P4;17.3277;;;18-Feb-2026
153718;SBI Nifty100 Low Volatility 30 Index Fund- Direct Plan- Growth;INF200KB1936;;10.5237;;;18-Feb-2026
153716;SBI Nifty100 Low Volatility 30 Index Fund- Regular Plan- Growth;INF200KB1902;;10.5004;;;18-Feb-2026
153717;SBI Nifty100 Low Volatility 30 Index Fund- Regular Plan- Income Cum Distribution Capital Withdrawal Option (IDCW);INF200KB1910;INF200KB1928;10.5004;;;18-Feb-2026
153719;SBI Nifty100 Low Volatility 30 Index Fund-Direct  Plan- Income Cum Distribution Capital Withdrawal Option (IDCW);INF200KB1944;INF200KB1951;10.5237;;;18-Feb-2026
153662;SBI Nifty200 Momentum 30 Index Fund- Direct Plan- Growth;INF200KB1878;;10.0776;;;18-Feb-2026
153665;SBI Nifty200 Momentum 30 Index Fund- Direct Plan- Income Cum Distribution Capital Withdrawal Option (IDCW);INF200KB1886;INF200KB1894;10.0778;;;18-Feb-2026
153663;SBI Nifty200 Momentum 30 Index Fund- Regular Plan- Growth;INF200KB1845;;10.0539;;;18-Feb-2026
153664;SBI Nifty200 Momentum 30 Index Fund- Regular Plan- Income Distribution Cum Capital Withdrawal Option (IDCW);INF200KB1852;INF200KB1860;10.0540;;;18-Feb-2026
153557;SBI Nifty200 Quality 30 Index Fund- Direct Plan- Income Distribution Cum Capital Withdrawal Option;INF200KB1829;INF200KB1837;10.1320;;;18-Feb-2026
153556;SBI Nifty200 Quality 30 Index Fund- Regular Plan- Income Cum Distribution Withdrawal Option;INF200KB1795;INF200KB1803;10.1040;;;18-Feb-2026
153555;SBI Nifty200 Quality 30 Index Fund-Direct Plan- Growth;INF200KB1811;;10.1320;;;18-Feb-2026
153554;SBI Nifty200 Quality 30 Index Fund-Regular Plan- Growth;INF200KB1787;;10.1040;;;18-Feb-2026
152370;SBI Nifty50 Equal Weight Index Fund - Direct Plan - Growth;INF200KB1027;;12.5165;;;18-Feb-2026
152371;SBI Nifty50 Equal Weight Index Fund - Direct Plan - Income Distribution Cum Capital Withdrawal Option;INF200KB1035;INF200KB1043;12.5157;;;18-Feb-2026
152372;SBI Nifty50 Equal Weight Index Fund - Regular Plan - Growth;INF200KA18Z7;;12.3910;;;18-Feb-2026
152373;SBI Nifty50 Equal Weight Index Fund - Regular Plan - Income Distribution Cum Capital Withdrawal Option;INF200KA19Z5;INF200KB1019;12.3909;;;18-Feb-2026

Sundaram Mutual Fund
149483;Sundaram Nifty 100 Equal Weight Fund (Formerly Known as Principal Nifty 100 Equal Weight Fund) - Direct Plan - Growth Option;INF173K01EZ4;;192.0657;;;18-Feb-2026
149482;Sundaram Nifty 100 Equal Weight Fund (Formerly Known as Principal Nifty 100 Equal Weight Fund)- Direct Plan - Income Distribution CUM Capital Withdrawal Option;INF173K01EW1;INF173K01EX9;84.3740;;;18-Feb-2026
149481;Sundaram Nifty 100 Equal Weight Fund (Formerly Known as Principal Nifty 100 Equal Weight Fund)-Growth;INF173K01AG2;;181.8126;;;18-Feb-2026
149480;Sundaram Nifty 100 Equal Weight Fund (Formerly Known as Principal Nifty 100 Equal Weight Fund-Income Distribution CUM Capital Withdrawal;INF173K01AH0;INF173K01AI8;79.8517;;;18-Feb-2026

Taurus Mutual Fund
118881;Taurus Nifty 50 Index Fund - Direct Plan - Growth;INF044D01CQ5;;52.3183;;;18-Feb-2026
118882;Taurus Nifty 50 Index Fund - Direct Plan - Payout of Income Distribution cum Capital Withdrawal option;INF044D01CR3;INF044D01CS1;48.9640;;;18-Feb-2026
112948;Taurus Nifty 50 Index Fund - Regular Plan - Growth;INF044D01948;;49.0397;;;18-Feb-2026
112949;Taurus Nifty 50 Index Fund - Regular Plan - Payout of Income Distribution cum Capital Withdrawal option;INF044D01914;INF044D01922;31.2669;;;18-Feb-2026

UTI Mutual Fund
143341;UTI Nifty Next 50 Index Fund - Direct Plan - Growth Option;INF789FC12T1;;26.0082;;;18-Feb-2026
143340;UTI Nifty Next 50 Index Fund - Regular Plan - Growth Option;INF789FC11T3;;25.0266;;;18-Feb-2026
151764;UTI BSE Housing Index Fund - Direct Plan - Growth Option;INF789F1AYR1;;14.3177;;;18-Feb-2026
151763;UTI BSE Housing Index Fund - Regular Plan - Growth Option;INF789F1AYS9;;14.1457;;;18-Feb-2026
149881;UTI BSE Low Volatility Index Fund - Direct Plan  - Growth Option;INF789F1AVF2;;17.3275;;;18-Feb-2026
149880;UTI BSE Low Volatility Index Fund - Regular Plan - Growth Option;INF789F1AVE5;;17.0094;;;18-Feb-2026
149803;UTI BSE Sensex Index Fund - Direct Plan - Growth Option;INF789F1AVD7;;15.0459;;;18-Feb-2026
149802;UTI BSE Sensex Index Fund - Regular Plan  -Growth Option;INF789F1AVC9;;14.9865;;;18-Feb-2026
151185;UTI CRISIL SDL Maturity April 2033 Index Fund - Direct Plan - Growth Option;INF789F1AWX3;;12.7118;;;18-Feb-2026
151184;UTI CRISIL SDL Maturity April 2033 Index Fund - Regular Plan - Growth Option;INF789F1AWW5;;12.6097;;;18-Feb-2026
151239;UTI CRISIL SDL Maturity June 2027 Index Fund - Direct Plan - Growth Option;INF789F1AWZ8;;12.6022;;;18-Feb-2026
151238;UTI CRISIL SDL Maturity June 2027 Index Fund - Regular Plan - Growth Option;INF789F1AWY1;;12.5056;;;18-Feb-2026
148703;UTI Nifty 200 Momentum 30 Index Fund - Direct Plan - Growth Option;INF789F1AUT5;;21.9758;;;18-Feb-2026
148704;UTI Nifty 200 Momentum 30 Index Fund - Regular Plan - Growth Option;INF789F1AUS7;;21.4476;;;18-Feb-2026
152859;UTI Nifty 200 Quality 30 Index Fund - Direct Plan - Growth Option;INF789F1AZH9;;9.0321;;;18-Feb-2026
152858;UTI Nifty 200 Quality 30 Index Fund - Regular Plan - Growth Option;INF789F1AZG1;;8.9644;;;18-Feb-2026
120717;UTI Nifty 50 Index Fund - Direct Plan - IDCW;INF789F01WY2;INF789F01WZ9;90.9526;;;18-Feb-2026
120716;UTI Nifty 50 Index Fund - Growth Option- Direct;INF789F01XA0;;180.528;;;18-Feb-2026
100822;UTI Nifty 50 Index Fund - Regular Plan - Growth Option;INF789F01JN2;;177.8974;;;18-Feb-2026
100823;UTI Nifty 50 Index Fund - Regular Plan - IDCW;INF789F01JL6;INF789F01JM4;89.6244;;;18-Feb-2026
151739;UTI Nifty 500 Value 50 Index Fund - Direct Plan - Growth Option;INF789F1AYN0;;23.0192;;;18-Feb-2026
151738;UTI Nifty 500 Value 50 Index Fund - Regular Plan - Growth Option;INF789F1AYO8;;22.7152;;;18-Feb-2026
153086;UTI Nifty Alpha Low-Volatility 30 Index Fund - Direct Plan - Growth Option;INF789F1AZM9;;10.0488;;;18-Feb-2026
153087;UTI Nifty Alpha Low-Volatility 30 Index Fund - Regular Plan - Growth Option;INF789F1AZL1;;9.9851;;;18-Feb-2026
153270;UTI Nifty India Manufacturing Index Fund - Direct Plan - Growth Option;INF789F1AB48;;12.2233;;;18-Feb-2026
153271;UTI Nifty India Manufacturing Index Fund - Regular Plan - Growth Option;INF789F1AB30;;12.1637;;;18-Feb-2026
153089;UTI Nifty Midcap 150 Index Fund - Direct Plan - Growth Option;INF789F1AZO5;;10.626;;;18-Feb-2026
153088;UTI Nifty Midcap 150 Index Fund - Regular Plan - Growth Option;INF789F1AZN7;;10.5593;;;18-Feb-2026
150313;UTI Nifty Midcap 150 Quality 50 Index Fund - Direct Plan - Growth Option;INF789F1AVH8;;14.0141;;;18-Feb-2026
150312;UTI Nifty Midcap 150 Quality 50 Index Fund - Regular Plan - Growth Option;INF789F1AVG0;;13.7684;;;18-Feb-2026
153272;UTI Nifty Midsmallcap 400 Momentum Quality 100 Index Fund - Direct Plan - Growth Option;INF789F1AB22;;10.9037;;;18-Feb-2026
153273;UTI Nifty Midsmallcap 400 Momentum Quality 100 Index Fund - Regular Plan - Growth Option;INF789F1AB06;;10.846;;;18-Feb-2026
152864;UTI Nifty Private Bank Index Fund - Direct Plan - Growth Option;INF789F1AZJ5;;10.8138;;;18-Feb-2026
152865;UTI Nifty Private Bank Index Fund - Regular Plan - Growth Option;INF789F1AZI7;;10.7336;;;18-Feb-2026
151364;UTI NIFTY SDL Plus AAA PSU Bond Apr 2026 75:25 Index Fund - Direct Plan - Growth Option;INF789F1AXL6;;12.4058;;;18-Feb-2026
151363;UTI NIFTY SDL Plus AAA PSU Bond Apr 2026 75:25 Index Fund - Regular Plan - Growth Option;INF789F1AXK8;;12.3135;;;18-Feb-2026
151487;UTI NIFTY SDL Plus AAA PSU Bond Apr 2028- 75:25 Index Fund - Direct Plan - Growth Option;INF789F1AXR3;;12.6082;;;18-Feb-2026
151488;UTI NIFTY SDL Plus AAA PSU Bond Apr 2028- 75:25 Index Fund - Regular Plan - Growth Option;INF789F1AXQ5;;12.5259;;;18-Feb-2026
151762;UTI Nifty50 Equal Weight Index Fund - Direct Plan - Growth Option;INF789F1AYP5;;15.5107;;;18-Feb-2026
151761;UTI Nifty50 Equal Weight Index Fund - Regular Plan - Growth Option;INF789F1AYQ3;;15.3223;;;18-Feb-2026

Zerodha Mutual Fund
153932;Zerodha BSE SENSEX Index Fund;INF0R8F01174;;10.0441;;;18-Feb-2026
152157;Zerodha ELSS Tax Saver Nifty LargeMidcap 250 Index Fund - Direct Plan - Growth option;INF0R8F01026;;14.406;;;18-Feb-2026
153906;Zerodha Nifty 50 Index Fund - Direct Plan - Growth;INF0R8F01158;;10.2628;;;18-Feb-2026
152156;Zerodha Nifty LargeMidcap 250 Index Fund - Direct Plan - Growth option;INF0R8F01018;;14.3854;;;18-Feb-2026
154109;Zerodha Nifty Short Duration G-Sec Index Fund - Direct Plan - Growth Option;INF0R8F01182;;1007.0613;;;18-Feb-2026

Open Ended Schemes ( Other Scheme - Gold ETF )


360 ONE Mutual Fund
153357;360 ONE Gold ETF;INF579M01BB5;;147.1824;;;18-Feb-2026

Angel One Mutual Fund
153826;ANGEL ONE GOLD ETF;INF1J2R01114;;14.0822;;;18-Feb-2026

Axis Mutual Fund
113434;Axis Gold ETF;INF846K01W80;;125.9010;;;18-Feb-2026

Baroda BNP Paribas Mutual Fund
152231;Baroda BNP Paribas Gold ETF;INF251K01SU9;;146.0910;;;18-Feb-2026

Choice Mutual Fund
153933;Choice Gold ETF;INF2KCX01012;;149.8339;;;18-Feb-2026

Edelweiss Mutual Fund
152193;Edelweiss Gold ETF;INF754K01SE6;;150.7118;;;18-Feb-2026

Groww Mutual Fund
152957;Groww Gold ETF;INF666M01OE7;;14.754;;;18-Feb-2026

HDFC Mutual Fund
113049;HDFC Gold ETF - Growth Option;INF179KC1981;;128.9362;;;18-Feb-2026

ICICI Prudential Mutual Fund
113076;ICICI Prudential Gold ETF;INF109KC1NT3;;129.1792;;;18-Feb-2026

Invesco Mutual Fund
112368;Invesco India Gold Exchange Traded Fund;INF205K01361;;13170.9338;;;18-Feb-2026

Kotak Mahindra Mutual Fund
106193;KOTAK GOLD ETF;INF174KA1HJ8;;125.9187;;;18-Feb-2026

LIC Mutual Fund
151961;LIC MF Gold Exchange Traded Fund;INF397L01554;;13696.0221;;;18-Feb-2026

Mirae Asset Mutual Fund
151416;Mirae Asset Gold ETF;INF769K01JP9;;146.5608;;;18-Feb-2026

Quantum Mutual Fund
107693;Quantum Gold Fund;INF082J01408;;125.0307;;;18-Feb-2026

SBI Mutual Fund
111954;SBI Gold ETF;INF200KA16D8;;128.7169;;;18-Feb-2026

The Wealth Company Mutual Fund
154092;The Wealth Company Gold ETF;INF2F0001370;;149.9202;;;18-Feb-2026

UTI Mutual Fund
105463;UTI GOLD Exchange Traded Fund;INF789F1AUX7;;127.2363;;;18-Feb-2026

Open Ended Schemes ( Other Scheme - Other  ETFs )


360 ONE Mutual Fund
153415;360 ONE Silver ETF;INF579M01BC3;;231.9763;;;18-Feb-2026

Angel One Mutual Fund
153451;ANGEL ONE NIFTY 1D RATE LIQUID ETF - GROWTH;INF1J2R01056;;1047.4116;;;18-Feb-2026
153531;ANGEL ONE NIFTY 50 ETF;INF1J2R01064;;10.5889;;;18-Feb-2026
153332;ANGEL ONE NIFTY TOTAL MARKET ETF;INF1J2R01015;;11.9462;;;18-Feb-2026
153957;ANGEL ONE NIFTY TOTAL MARKET MOMENTUM QUALITY 50 ETF;INF1J2R01148;;9.838;;;18-Feb-2026

Axis Mutual Fund
151585;Axis BSE Sensex ETF;INF846K010Q0;;86.2904;;;18-Feb-2026
141545;Axis Nifty 50 ETF;INF846K01W98;;283.7904;;;18-Feb-2026
148926;Axis Nifty AAA Bond Plus SDL Apr 2026 50:50 ETF;INF846K01Z04;;13.2454;;;18-Feb-2026
148559;Axis NIFTY Bank ETF;INF846K01X63;;632.4816;;;18-Feb-2026
148934;Axis NIFTY Healthcare ETF;INF846K01Z12;;148.4245;;;18-Feb-2026
149156;Axis NIFTY India Consumption ETF;INF846K016C7;;122.3007;;;18-Feb-2026
148799;Axis IT ETF;INF846K01Y96;;357.6211;;;18-Feb-2026
153414;Axis Nifty500 Value 50 ETF;INF846KA1119;;33.8693;;;18-Feb-2026
150610;Axis Silver ETF;INF846K011K1;;233.9764;;;18-Feb-2026

Baroda BNP Paribas Mutual Fund
152683;Baroda BNP Paribas Nifty Bank ETF;INF251K01TL6;;61.8059;;;18-Feb-2026

Edelweiss Mutual Fund
147849;Bharat Bond ETF - April 2030;INF754K01KO2;;1569.2785;;;18-Feb-2026
149398;BHARAT Bond ETF - April 2032;INF754K01OB1;;1316.7536;;;18-Feb-2026
150987;BHARAT Bond ETF - April 2033;INF754K01QX0;;1276.8937;;;18-Feb-2026
148445;BHARAT Bond ETF- April 2031;INF754K01LE1;;1400.8525;;;18-Feb-2026
153180;Edelweiss BSE Capital Markets & Insurance  ETF - Growth;INF754K01TX4;;24.5074;;;18-Feb-2026
153947;Edelweiss BSE Sensex ETF - Growth;INF754K01VY8;;83.7206;;;18-Feb-2026
153920;Edelweiss Nifty 1D Rate Liquid ETF - Growth;INF754K01VW2;;1019.0381;;;18-Feb-2026
153966;Edelweiss Nifty 50 ETF - Growth;INF754K01VX0;;25.8286;;;18-Feb-2026
152857;Edelweiss Nifty Bank ETF - Growth;INF754K01TE4;;61.8658;;;18-Feb-2026
153841;Edelweiss Nifty LargeMidcap 250 ETF - Growth;INF754K01VV4;;16.6912;;;18-Feb-2026
152981;Edelweiss Nifty500 Multicap Momentum Quality 50 ETF - Growth;INF754K01TF1;;41.4461;;;18-Feb-2026
152212;Edelweiss Silver ETF;INF754K01SF3;;235.0731;;;18-Feb-2026

Groww Mutual Fund
153744;Groww BSE Power ETF;INF666M01LM6;;10.4097;;;18-Feb-2026
152891;Groww Nifty 1D Rate Liquid ETF;INF666M01IP5;;107.8966;;;18-Feb-2026
153329;Groww Nifty 200 ETF;INF666M01JV1;;11.6735;;;18-Feb-2026
153699;Groww Nifty 50 ETF;INF666M01LL8;;10.3663;;;18-Feb-2026
153583;Groww Nifty 500 Low Volatility 50 ETF;INF666M01LB9;;10.7609;;;18-Feb-2026
153452;Groww Nifty 500 Momentum 50 ETF;INF666M01KJ4;;10.5975;;;18-Feb-2026
153907;Groww Nifty Capital Markets ETF;INF666M01MM4;;10.0126;;;18-Feb-2026
154111;Groww Nifty Chemicals ETF;INF666M01NP5;;28.6018;;;18-Feb-2026
152764;GROWW NIFTY EV & NEW AGE AUTOMOTIVE ETF;INF666M01IH2;;30.8282;;;18-Feb-2026
152845;Groww Nifty India Defence ETF;INF666M01IO8;;81.7337;;;18-Feb-2026
153625;Groww Nifty India Internet ETF;INF666M01LI4;;9.4911;;;18-Feb-2026
153229;Groww Nifty India Railways PSU ETF;INF666M01JJ6;;33.4081;;;18-Feb-2026
154034;Groww Nifty Metal ETF;INF666M01NI0;;11.3712;;;18-Feb-2026
153940;Groww Nifty Midcap 150 ETF;INF666M01MV5;;221.8911;;;18-Feb-2026
153785;Groww Nifty Next 50 ETF;INF666M01LZ8;;70.3358;;;18-Feb-2026
154163;Groww Nifty PSE ETF;INF666M01NQ3;;104.2297;;;18-Feb-2026
153899;Groww Nifty Realty ETF;INF666M01MN2;;9.3957;;;18-Feb-2026
153923;Groww Nifty Smallcap250 ETF;INF666M01MO0;;9.3301;;;18-Feb-2026
153524;Groww Silver ETF;INF666M01OF4;;23.103;;;18-Feb-2026

HDFC Mutual Fund
151376;HDFC BSE 500 ETF - Growth Option;INF179KC1EZ4;;37.9116;;;18-Feb-2026
135854;HDFC BSE Sensex ETF - Growth Plan;INF179KC1HX2;;94.3451;;;18-Feb-2026
150476;HDFC NIFTY 100 ETF - Growth Option;INF179KC1HR4;;27.2458;;;18-Feb-2026
153403;HDFC NIFTY 1D RATE LIQUID ETF GROWTH;INF179KC1JG3;;1048.7429;;;18-Feb-2026
135853;HDFC NIFTY 50 ETF - Growth Plan;INF179KC1965;;288.9808;;;18-Feb-2026
148461;HDFC NIFTY Bank ETF - GROWTH;INF179KC1HY0;;63.1226;;;18-Feb-2026
150621;HDFC NIFTY GROWTH SECTORS 15 ETF - Growth Option;INF179KC1DJ0;;121.6685;;;18-Feb-2026
150801;HDFC NIFTY IT ETF - Growth option;INF179KC1IA8;;34.6457;;;18-Feb-2026
151374;HDFC NIFTY Midcap 150 ETF - Growth Option;INF179KC1HT0;;22.4038;;;18-Feb-2026
150477;HDFC NIFTY NEXT 50 ETF - Growth Option;INF179KC1HS2;;71.5609;;;18-Feb-2026
150802;HDFC NIFTY Private Bank ETF - Growth Option;INF179KC1HZ7;;29.6414;;;18-Feb-2026
152350;HDFC NIFTY PSU BANK ETF;INF179KC1HW4;;96.9769;;;18-Feb-2026
151375;HDFC NIFTY Smallcap 250 ETF - Growth Option;INF179KC1FB2;;162.914;;;18-Feb-2026
150658;HDFC NIFTY100 Low Volatility 30 ETF - Growth Option;INF179KC1HU8;;21.2886;;;18-Feb-2026
150620;HDFC NIFTY100 QUALITY 30 ETF - Growth Option;INF179KC1DL6;;58.6308;;;18-Feb-2026
150657;HDFC NIFTY200 MOMENTUM 30 ETF - Growth Option;INF179KC1HV6;;31.9959;;;18-Feb-2026
150619;HDFC NIFTY 50 VALUE 20 ETF - Growth Option;INF179KC1DK8;;138.658;;;18-Feb-2026
150556;HDFC Silver ETF - Growth Option;INF179KC1DI2;;225.5203;;;18-Feb-2026

ICICI Prudential Mutual Fund
141957;BHARAT 22 ETF;INF109KB15Y7;;126.5221;;;18-Feb-2026
143247;ICICI Prudential BSE 500 ETF;INF109KC1V59;;39.9069;;;18-Feb-2026
153378;ICICI Prudential BSE Liquid Rate ETF - Growth;INF109K1A021;;1050.0883;;;18-Feb-2026
144947;ICICI Prudential BSE Liquid Rate ETF - IDCW;INF109KC1KT9;;1000.0000;;;18-Feb-2026
139519;ICICI Prudential BSE Midcap Select ETF;INF109KC10W0;;18.2028;;;18-Feb-2026
101705;ICICI Prudential BSE Sensex ETF;INF346A01034;;956.1273;;;18-Feb-2026
151196;ICICI Prudential Nifty 10 yr Benchmark G-sec ETF;INF109KC18O0;;259.5819;;;18-Feb-2026
123004;ICICI Prudential Nifty 100 ETF;INF109KC16V9;;29.4362;;;18-Feb-2026
141596;ICICI Prudential Nifty 100 Low Volatility 30 ETF;INF109KC19U5;;22.8780;;;18-Feb-2026
150455;ICICI Prudential Nifty 200 Momentum 30 ETF;INF109KC17C7;;32.2853;;;18-Feb-2026
151907;ICICI Prudential Nifty 200 Quality 30 ETF;INF109KC18V5;;21.2857;;;18-Feb-2026
149928;ICICI Prudential Nifty 5 yr Benchmark G-SEC ETF;INF109KC14A8;;64.3903;;;18-Feb-2026
121366;ICICI Prudential Nifty 50 ETF;INF109K012R6;;290.6017;;;18-Feb-2026
148456;ICICI Prudential Nifty Alpha Low- Volatility 30 ETF;INF109KC17V7;;28.4612;;;18-Feb-2026
149463;ICICI Prudential Nifty Auto ETF;INF109KC10V2;;29.1441;;;18-Feb-2026
147483;ICICI Prudential Nifty Bank ETF;INF109KC15I8;;62.9609;;;18-Feb-2026
151207;ICICI Prudential Nifty Commodities ETF;INF109KC19O8;;100.9358;;;18-Feb-2026
153397;ICICI Prudential Nifty EV & New Age Automotive ETF;INF109K1A153;;30.8950;;;18-Feb-2026
150879;ICICI Prudential Nifty Financial Services Ex-BaNk ETF;INF109KC17L8;;32.7509;;;18-Feb-2026
149072;ICICI Prudential Nifty FMCG ETF;INF109KC19V3;;56.0431;;;18-Feb-2026
148957;ICICI Prudential Nifty Healthcare ETF;INF109KC1Q72;;149.4898;;;18-Feb-2026
149285;ICICI Prudential Nifty India Consumption ETF;INF109KC1V42;;123.0122;;;18-Feb-2026
150526;ICICI Prudential Nifty Infrastructure ETF;INF109KC16E5;;99.9441;;;18-Feb-2026
148466;ICICI Prudential Nifty IT ETF;INF109KC16I6;;36.0316;;;18-Feb-2026
152769;ICICI Prudential Nifty Metal ETF;INF109KC19W1;;12.0300;;;18-Feb-2026
147921;ICICI Prudential Nifty Midcap 150 ETF;INF109KC11W8;;22.8771;;;18-Feb-2026
144587;ICICI Prudential Nifty Next 50 ETF;INF109KC1NS5;;73.8906;;;18-Feb-2026
152748;ICICI Prudential Nifty Oil & Gas ETF;INF109KC18W3;;12.3198;;;18-Feb-2026
147530;ICICI Prudential Nifty Private Bank ETF;INF109KC18U7;;29.3843;;;18-Feb-2026
151572;ICICI Prudential Nifty PSU Bank ETF;INF109KC10S8;;97.2524;;;18-Feb-2026
153617;ICICI Prudential Nifty Top 15 Equal Weight ETF;INF109K1A344;;10.8458;;;18-Feb-2026
152932;ICICI Prudential Nifty200 Value 30 ETF;INF109KC16X5;;16.1445;;;18-Feb-2026
139455;ICICI Prudential Nifty50 Value 20 ETF;INF109KC11V0;;15.0218;;;18-Feb-2026
149464;ICICI PRUDENTIAL SILVER ETF;INF109KC1Y56;;235.0255;;;18-Feb-2026

Invesco Mutual Fund
115284;Invesco India Nifty 50 Exchange Traded Fund;INF205K01DA9;;2941.2056;;;18-Feb-2026

Kotak Mahindra Mutual Fund
109010;Kotak BSE Sensex ETF;INF174KA1JD7;;91.2976;;;18-Feb-2026
153314;Kotak MSCI India ETF;INF174KA1VD2;;30.82;;;18-Feb-2026
153315;Kotak Nifty 100 Equal Weight ETF;INF174KA1UW4;;34.513;;;18-Feb-2026
150000;Kotak Nifty 100 Low Volatility 30 ETF;INF174KA1IY5;;21.7536;;;18-Feb-2026
151358;Kotak Nifty 1D Rate Liquid ETF;INF174KA1LV5;;1091.7701;;;18-Feb-2026
153904;Kotak Nifty 200 Momentum 30 ETF;INF174KA1XS6;;31.722;;;18-Feb-2026
112351;Kotak Nifty 50 ETF;INF174K014P6;;284.4808;;;18-Feb-2026
135744;Kotak Nifty 50 Value 20 ETF - Payout of Income Distribution cum capital withdrawal option;INF174K01Z71;;153.9183;;;18-Feb-2026
149397;Kotak Nifty Alpha 50 ETF;INF174KA1IA5;;49.2251;;;18-Feb-2026
133122;Kotak Nifty Bank ETF;INF174K01F59;;636.3559;;;18-Feb-2026
153934;Kotak Nifty Chemicals ETF;INF174KA1XV0;;28.623;;;18-Feb-2026
150492;Kotak Nifty India Consumption ETF;INF174KA1JE5;;122.0204;;;18-Feb-2026
148763;Kotak Nifty IT ETF;INF174KA1GC5;;35.9532;;;18-Feb-2026
153398;Kotak Nifty Midcap 150 ETF;INF174KA1VW2;;22.471;;;18-Feb-2026
149757;Kotak Nifty Midcap 50 ETF;INF174KA1IB3;;174.6927;;;18-Feb-2026
150531;Kotak Nifty MNC ETF;INF174KA1JF2;;32.0997;;;18-Feb-2026
154101;Kotak Nifty Next 50 ETF;INF174KA1YO3;;70.481;;;18-Feb-2026
106929;Kotak Nifty PSU Bank ETF;INF373I01023;;960.2698;;;18-Feb-2026
153657;Kotak Nifty200 Quality 30 ETF;INF174KA1WT6;;20.835;;;18-Feb-2026
150948;Kotak Silver ETF;INF174KA1KU9;;228.3205;;;18-Feb-2026

LIC Mutual Fund
135672;LIC MF BSE Sensex ETF;INF767K01OT5;;939.4963;;;18-Feb-2026
136473;LIC MF Nifty 100 ETF;INF767K01PC8;;288.6591;;;18-Feb-2026
135607;LIC MF Nifty 50 ETF;INF767K01OS7;;287.765;;;18-Feb-2026
133307;LIC MF Nifty 8-13 yr G-Sec ETF;INF767K01MV5;;28.8623;;;18-Feb-2026
152404;LIC MF Nifty Midcap 100 ETF;INF767K01RN1;;60.4955;;;18-Feb-2026

Mirae Asset Mutual Fund
153379;Mirae Asset BSE 200 Equal Weight ETF;INF769K01OA1;;13.5276;;;18-Feb-2026
154061;Mirae Asset BSE 500 Dividend Leaders 50 ETF;INF769K01PY8;;36.6913;;;18-Feb-2026
154182;Mirae Asset BSE India Defence ETF;INF769K01QC2;;68.4420;;;18-Feb-2026
153384;Mirae Asset BSE Select IPO ETF;INF769K01ON4;;43.9468;;;18-Feb-2026
152097;Mirae Asset BSE Sensex ETF;INF769K01KT9;;85.8227;;;18-Feb-2026
148572;Mirae Asset Nifty 100 ESG Sector Leaders ETF;INF769K01GS9;;43.4931;;;18-Feb-2026
151604;Mirae Asset Nifty 100 Low Volatility 30 ETF;INF769K01JU9;;213.1639;;;18-Feb-2026
153045;Mirae Asset Nifty 1D Rate Liquid ETF - Growth;INF769K01MY5;;1073.1020;;;18-Feb-2026
151908;Mirae Asset Nifty 1D Rate Liquid ETF-IDCW;;INF769K01KS1;1000.0000;;;18-Feb-2026
152134;Mirae Asset Nifty 200 Alpha 30 ETF;INF769K01KU7;;25.7649;;;18-Feb-2026
145633;Mirae Asset Nifty 50 ETF;INF769K01EG9;;278.9129;;;18-Feb-2026
154169;Mirae Asset Nifty 500 Healthcare ETF;INF769K01QA6;;18.5406;;;18-Feb-2026
151695;Mirae Asset Nifty 8-13 yr Gsec ETF;INF769K01KF8;;29.7663;;;18-Feb-2026
151857;Mirae Asset Nifty Bank ETF;INF769K01KR3;;624.5110;;;18-Feb-2026
153945;Mirae Asset Nifty Energy ETF;INF769K01PR2;;36.6493;;;18-Feb-2026
152715;Mirae Asset Nifty EV and New Age Automotive ETF;INF769K01LQ3;;30.9348;;;18-Feb-2026
149105;Mirae Asset Nifty Financial Services ETF;INF769K01HI8;;29.3976;;;18-Feb-2026
154181;Mirae Asset Nifty India Infrastructure & Logistics ETF;INF769K01QB4;;11.6252;;;18-Feb-2026
153642;Mirae Asset Nifty India Internet ETF;INF769K01PB6;;12.8083;;;18-Feb-2026
149786;Mirae Asset Nifty India Manufacturing ETF;INF769K01IB1;;159.7839;;;18-Feb-2026
153191;Mirae Asset Nifty India New Age Consumption ETF;INF769K01NS5;;11.6084;;;18-Feb-2026
152155;Mirae Asset Nifty IT ETF;INF769K01KV5;;34.3545;;;18-Feb-2026
152924;Mirae Asset Nifty Metal ETF;INF769K01LY7;;12.0412;;;18-Feb-2026
149918;Mirae Asset Nifty Midcap 150 ETF;INF769K01IC9;;22.5952;;;18-Feb-2026
152634;Mirae Asset Nifty MidSmallcap400 Momentum Quality 100 ETF;INF769K01LJ8;;47.7473;;;18-Feb-2026
147906;Mirae Asset Nifty Next 50 ETF;INF769K01FN2;;722.1227;;;18-Feb-2026
152929;Mirae Asset Nifty PSU Bank ETF;INF769K01LZ4;;96.6197;;;18-Feb-2026
153946;Mirae Asset Nifty Smallcap 250 ETF;INF769K01PQ4;;16.1851;;;18-Feb-2026
152455;Mirae Asset Nifty Smallcap 250 Momentum Quality 100 ETF;INF769K01LC3;;42.6493;;;18-Feb-2026
154060;Mirae Asset Nifty Top 20 Equal Weight ETF;INF769K01PZ5;;9.5305;;;18-Feb-2026
153519;Mirae Asset Nifty 50 Equal Weight ETF;;;338.5767;;;18-Feb-2026
152811;Mirae Asset Nifty500 Multicap 50:25:25 ETF;INF769K01LX9;;16.3931;;;18-Feb-2026
151779;Mirae Asset Silver ETF;INF769K01KG6;;229.2045;;;18-Feb-2026

Quantum Mutual Fund
108479;Quantum Nifty 50 ETF;INF082J01499;;282.2978;;;18-Feb-2026

SBI Mutual Fund
134014;SBI BSE 100 ETF;INF200KA1572;;298.8361;;;18-Feb-2026
153435;SBI BSE PSU BANK ETF;INF200KB1712;;55.3566;;;18-Feb-2026
121109;SBI BSE SENSEX ETF;INF200K01VT2;;926.9119;;;18-Feb-2026
144916;SBI BSE Sensex Next 50 ETF;INF200KA1VQ2;;936.1208;;;18-Feb-2026
139430;SBI Nifty 10 yr Benchmark G-Sec ETF;INF200KA1JT1;;260.0429;;;18-Feb-2026
153796;SBI Nifty 1D Rate Liquid ETF - Growth;INF200KB1969;;1027.2269;;;18-Feb-2026
152168;SBI NIFTY 1D Rate Liquid ETF - IDCW;;INF200KA13Z8;1000.0000;;;18-Feb-2026
145648;SBI Nifty 200 Quality 30 ETF;INF200KA1WX6;;223.8444;;;18-Feb-2026
135106;SBI Nifty 50 ETF;INF200KA1FS1;;276.0721;;;18-Feb-2026
134008;SBI Nifty Bank ETF;INF200KA1580;;629.9358;;;18-Feb-2026
149041;SBI Nifty Consumption ETF;INF200KA1X17;;122.5670;;;18-Feb-2026
148542;SBI Nifty IT ETF;INF200KA1S14;;359.9310;;;18-Feb-2026
134013;SBI Nifty Next 50 ETF;INF200KA1598;;749.4818;;;18-Feb-2026
148541;SBI Nifty Private Bank ETF;INF200KA1S22;;297.0993;;;18-Feb-2026
152749;SBI Nifty50 Equal Weight ETF;INF200KB1282;;33.9773;;;18-Feb-2026
152725;SBI Silver ETF;INF200KB1217;;230.6508;;;18-Feb-2026

Shriram Mutual Fund
152741;Shriram Nifty 1D Rate Liquid ETF - Growth;INF680P01422;;1092.5239;;;18-Feb-2026

UTI Mutual Fund
146388;UTI - BSE Sensex Next 50 Exchange Traded Fund;INF789F1AUU3;;93.3228;;;18-Feb-2026
141665;UTI Nifty Next 50 Exchange Traded Fund;INF789F1AUW9;;75.5009;;;18-Feb-2026
135321;UTI BSE Sensex ETF;INF789FB1X58;;921.3725;;;18-Feb-2026
152369;UTI Nifty 10 yr Benchmark G-Sec ETF;INF789F1AZF3;;26.1712;;;18-Feb-2026
152368;UTI Nifty 5 yr Benchmark G-Sec ETF;INF789F1AZE6;;64.4351;;;18-Feb-2026
135320;UTI Nifty 50 ETF;INF789F1AZC0;;284.2779;;;18-Feb-2026
148173;UTI Nifty Bank ETF;INF789F1AUV1;;63.4254;;;18-Feb-2026
152355;UTI Nifty IT ETF;INF789F1AZD8;;341.0345;;;18-Feb-2026
152050;UTI Nifty Midcap 150 Exchange Traded Fund;INF789F1AYX9;;223.5209;;;18-Feb-2026
151730;UTI Silver Exchange Traded Fund;INF789F1AYK6;;226.08;;;18-Feb-2026

Zerodha Mutual Fund
152667;Zerodha Nifty 100 ETF;INF0R8F01067;;11.0493;;;18-Feb-2026
152327;Zerodha Nifty 1D Rate Liquid ETF - Growth Option;INF0R8F01034;;112.7864;;;18-Feb-2026
153905;Zerodha Nifty 50 ETF;INF0R8F01166;;10.2803;;;18-Feb-2026
153811;Zerodha Nifty 8-13 Yr G-Sec ETF;INF0R8F01133;;29.8635;;;18-Feb-2026
152668;Zerodha Nifty Midcap 150 ETF;INF0R8F01059;;11.0847;;;18-Feb-2026
153837;Zerodha Nifty Smallcap 100 ETF;INF0R8F01141;;9.7501;;;18-Feb-2026

Open Ended Schemes ( Other Scheme - FoF Domestic )


Angel One Mutual Fund
153828;ANGEL ONE GOLD ETF FOF - REGULAR GROWTH;INF1J2R01106;;13.6108;;;18-Feb-2026
153827;ANGEL ONE GOLD ETF FOF- DIRECT GROWTH;INF1J2R01098;;13.641;;;18-Feb-2026

Axis Mutual Fund
154078;Axis Gold and Silver Passive FOF - Direct Plan - Growth;INF846KA1408;;11.0035;;;18-Feb-2026
154077;Axis Gold and Silver Passive FOF - Regular Plan - Growth;INF846KA1390;;10.9968;;;18-Feb-2026
120473;Axis Gold Fund - Direct Plan - Growth option;INF846K01DS2;;47.5113;;;18-Feb-2026
120472;Axis Gold Fund - Direct Plan - IDCW;INF846K01DQ6;INF846K01DR4;47.5556;;;18-Feb-2026
115897;Axis Gold Fund - Regular Plan - Growth Option;INF846K01AL3;;43.6124;;;18-Feb-2026
115898;Axis Gold Fund - Regular Plan - IDCW;INF846K01AM1;INF846K01AN9;43.6669;;;18-Feb-2026
149847;Axis Multi Factor Passive FoF - Direct Plan - Growth Option;INF846K011G9;;16.0869;;;18-Feb-2026
149846;Axis Multi Factor Passive FoF - Direct Plan - IDCW;INF846K012G7;INF846K013G5;16.0866;;;18-Feb-2026
149844;Axis Multi Factor Passive FoF - Regular Plan - Growth Option;INF846K014G3;;15.8990;;;18-Feb-2026
149845;Axis Multi Factor Passive FoF - Regular Plan - IDCW;INF846K015G0;INF846K016G8;15.8989;;;18-Feb-2026
149243;Axis Nifty AAA Bond Plus SDL Apr 2026 50:50 ETF FOF - Direct Plan - Growth Option;INF846K017C5;;12.6780;;;18-Feb-2026
149242;Axis Nifty AAA Bond Plus SDL Apr 2026 50:50 ETF FOF - Regular Plan - Growth Option;INF846K010D8;;12.6074;;;18-Feb-2026
149245;Axis Nifty AAA Bond Plus SDL Apr 2026 50:50 ETF FOF - Regular Plan - IDCW Option;INF846K011D6;INF846K012D4;12.6073;;;18-Feb-2026
149244;Axis Nifty AAA Bond Plus SDL April 2026 50:50 ETF FOF - Direct Plan - IDCW Option;INF846K018C3;INF846K019C1;12.6779;;;18-Feb-2026
150618;Axis Silver Fund of Fund - Regular Plan - IDCW Option;INF846K019J6;INF846K010K3;39.3016;;;18-Feb-2026
150617;Axis Silver Fund of Fund -Regular Plan- Growth Option;INF846K018J8;;39.3019;;;18-Feb-2026
150616;Axis Silver Fund of Fund- Direct Plan - IDCW Option;INF846K016J2;INF846K017J0;39.9961;;;18-Feb-2026
150615;Axis Silver Fund of Fund- Direct Plan-Growth Option;INF846K015J4;;39.9968;;;18-Feb-2026

Baroda BNP Paribas Mutual Fund
153795;Baroda BNP Paribas Gold ETF Fund of Funds Direct Growth;INF251K01VF4;;15.0254;;;18-Feb-2026
153794;Baroda BNP Paribas Gold ETF Fund of Funds Regular Growth;INF251K01VE7;;15.0100;;;18-Feb-2026
153536;Baroda BNP Paribas Income Plus Arbitrage Active FOF Direct Growth;INF251K01UT7;;10.4111;;;18-Feb-2026
153540;Baroda BNP Paribas Income Plus Arbitrage Active FOF Direct IDCW Payout;INF251K01UU5;INF251K01UV3;10.4111;;;18-Feb-2026
153541;Baroda BNP Paribas Income Plus Arbitrage Active FOF Regular Growth;INF251K01UR1;;10.3956;;;18-Feb-2026
153538;Baroda BNP Paribas Income Plus Arbitrage Active FOF Regular IDCW Payout;INF251K01UX9;INF251K01US9;10.3956;;;18-Feb-2026
153552;Baroda BNP Paribas Multi Asset Active FOF Direct Growth;INF251K01UO8;;11.3301;;;18-Feb-2026
153550;Baroda BNP Paribas Multi Asset Active FOF Direct IDCW Payout;INF251K01UP5;INF251K01UQ3;11.3301;;;18-Feb-2026
153548;Baroda BNP Paribas Multi Asset Active FOF Regular Growth;INF251K01UM2;;11.2571;;;18-Feb-2026
153549;Baroda BNP Paribas Multi Asset Active FOF Regular ICDW Payout;INF251K01UN0;INF251K01UW1;11.2571;;;18-Feb-2026

Groww Mutual Fund
153745;Groww BSE Power ETF FOF Direct Growth;INF666M01LN4;;10.6477;;;18-Feb-2026
153746;Groww BSE Power ETF FOF Direct IDCW;INF666M01LO2;INF666M01LP9;10.6478;;;18-Feb-2026
153748;Groww BSE Power ETF FOF Regular Growth;INF666M01LQ7;;10.6215;;;18-Feb-2026
153747;Groww BSE Power ETF FOF Regular IDCW;INF666M01LR5;INF666M01LS3;10.6215;;;18-Feb-2026
152980;Groww Gold ETF FOF - DIRECT - GROWTH;INF666M01IX9;;18.4311;;;18-Feb-2026
153004;Groww Gold ETF FOF - DIRECT - IDCW;INF666M01IY7;INF666M01IZ4;18.4311;;;18-Feb-2026
153006;Groww Gold ETF FOF - REGULAR - GROWTH;INF666M01JA5;;18.3535;;;18-Feb-2026
153005;Groww Gold ETF FOF - REGULAR - IDCW;INF666M01JB3;INF666M01JC1;18.354;;;18-Feb-2026
153328;Groww Nifty 200 ETF FOF - Direct - Growth;INF666M01JQ1;;11.995;;;18-Feb-2026
153343;Groww Nifty 200 ETF FOF - Direct - IDCW;INF666M01JR9;INF666M01JS7;11.9949;;;18-Feb-2026
153342;Groww Nifty 200 ETF FOF - Regular - Growth;INF666M01JT5;;11.9307;;;18-Feb-2026
153344;Groww Nifty 200 ETF FOF - Regular - IDCW;INF666M01JU3;INF666M01JW9;11.9308;;;18-Feb-2026
153453;Groww Nifty 500 Momentum 50 ETF FOF - Direct Plan - Growth;INF666M01JX7;;10.5162;;;18-Feb-2026
153454;Groww Nifty 500 Momentum 50 ETF FOF - Direct Plan - IDCW;INF666M01JY5;INF666M01KB1;10.5278;;;18-Feb-2026
153455;Groww Nifty 500 Momentum 50 ETF FOF - Regular Plan - IDCW;INF666M01KH8;INF666M01KI6;10.4772;;;18-Feb-2026
153456;Groww Nifty 500 Momentum 50 ETF FOF - Regular Plan- Growth;INF666M01KC9;;10.4773;;;18-Feb-2026
153908;Groww Nifty Capital Markets ETF FOF Direct Growth;INF666M01MG6;;10.1379;;;18-Feb-2026
153917;Groww Nifty Capital Markets ETF FOF Direct IDCW;INF666M01MH4;INF666M01MI2;10.1379;;;18-Feb-2026
153918;Groww Nifty Capital Markets ETF FOF Regular Growth;INF666M01MJ0;;10.1265;;;18-Feb-2026
153919;Groww Nifty Capital Markets ETF FOF Regular IDCW;INF666M01MK8;INF666M01ML6;10.1266;;;18-Feb-2026
152771;Groww Nifty EV & New Age Automotive ETF FOF - Direct Plan - IDCW;INF666M01IM2;INF666M01IN0;9.4531;;;18-Feb-2026
152773;Groww Nifty EV & New Age Automotive ETF FOF - Regular Plan - Growth;INF666M01II0;;9.3908;;;18-Feb-2026
152772;Groww Nifty EV & New Age Automotive ETF FOF - Regular Plan - IDCW;INF666M01IJ8;INF666M01IK6;9.3909;;;18-Feb-2026
152770;Groww Nifty EV & New Age Automotive ETF FOF- Direct Plan - Growth;INF666M01IL4;;9.4526;;;18-Feb-2026
152926;Groww Nifty India Defence ETF FOF - Direct - IDCW;INF666M01IR1;INF666M01IS9;12.0206;;;18-Feb-2026
152925;Groww Nifty India Defence ETF FOF - Direct Growth;INF666M01IQ3;;12.0204;;;18-Feb-2026
152927;Groww Nifty India Defence ETF FOF - Regular - Growth;INF666M01IT7;;11.9538;;;18-Feb-2026
152928;Groww Nifty India Defence ETF FOF - Regular - IDCW;INF666M01IU5;INF666M01IV3;11.9524;;;18-Feb-2026
153626;Groww Nifty India Internet ETF FOF - Direct - Growth;INF666M01LC7;;9.5192;;;18-Feb-2026
153632;Groww Nifty India Internet ETF FOF - Direct - IDCW;INF666M01LD5;INF666M01LE3;9.5192;;;18-Feb-2026
153633;Groww Nifty India Internet ETF FOF - Regular - Growth;INF666M01LF0;;9.4916;;;18-Feb-2026
153631;Groww Nifty India Internet ETF FOF - Regular - IDCW;INF666M01LG8;INF666M01LH6;9.4915;;;18-Feb-2026
154164;Groww Nifty PSE ETF FOF Direct Growth;INF666M01NR1;;9.9996;;;18-Feb-2026
154172;Groww Nifty PSE ETF FOF Direct IDCW;INF666M01NS9;INF666M01NT7;9.9996;;;18-Feb-2026
154173;Groww Nifty PSE ETF FOF Regular Growth;INF666M01NU5;;9.9989;;;18-Feb-2026
154174;Groww Nifty PSE ETF FOF Regular IDCW;INF666M01NV3;INF666M01NW1;9.9989;;;18-Feb-2026
153525;Groww Silver ETF FOF - Direct - Growth;INF666M01KQ9;;22.6381;;;18-Feb-2026
153526;Groww Silver ETF FOF - Direct - IDCW;INF666M01KR7;INF666M01KS5;22.6428;;;18-Feb-2026
153527;Groww Silver ETF FOF - Regular - Growth;INF666M01KX5;;22.566;;;18-Feb-2026
153528;Groww Silver ETF FOF - Regular - IDCW;INF666M01KY3;INF666M01KZ0;22.5659;;;18-Feb-2026

HDFC Mutual Fund
153860;HDFC Diversified Equity All Cap Active FOF - Direct Plan - Growth Plan;INF179KC1JU4;;10.3218;;;18-Feb-2026
153862;HDFC Diversified Equity All Cap Active FOF - IDCW - Direct Plan;INF179KC1JV2;INF179KC1JW0;10.3218;;;18-Feb-2026
153863;HDFC Diversified Equity All Cap Active FOF - IDCW - Regular Plan;INF179KC1JS8;INF179KC1JT6;10.2793;;;18-Feb-2026
153861;HDFC Diversified Equity All Cap Active FOF - Regular Plan - Growth Plan;INF179KC1JR0;;10.2793;;;18-Feb-2026
119132;HDFC Gold ETF Fund of Fund - Direct Plan;INF179K01VX0;;46.9632;;;18-Feb-2026
115934;HDFC Gold ETF Fund of Fund - Growth Option;INF179K01LC5;;44.7704;;;18-Feb-2026
130533;HDFC Income Plus Arbitrage Active FOF - Growth Option;INF179KA1SF8;;40.1709;;;18-Feb-2026
130543;HDFC Income Plus Arbitrage Active FOF - Growth Option - Direct Plan;INF179KA1SC5;;44.3723;;;18-Feb-2026
130540;HDFC Income Plus Arbitrage Active FOF - IDCW Option;INF179KA1SG6;;35.201;;;18-Feb-2026
130547;HDFC Income Plus Arbitrage Active FOF - IDCW Option - Direct Plan;INF179KA1SD3;;38.9767;;;18-Feb-2026
148901;HDFC Multi-Asset Active FOF - Growth Option;INF179KC1BD7;;19.603;;;18-Feb-2026
148903;HDFC Multi-Asset Active FOF - Growth Option -Direct Plan;INF179KC1BA3;;20.722;;;18-Feb-2026
148900;HDFC Multi-Asset Active FOF - IDCW Option;INF179KC1BE5;;19.603;;;18-Feb-2026
148902;HDFC Multi-Asset Active FOF - IDCW Option - Direct Plan;INF179KC1BB1;;20.722;;;18-Feb-2026
150736;HDFC Silver ETF Fund of Fund - Growth Option;INF179KC1DV5;;38.2051;;;18-Feb-2026
150737;HDFC Silver ETF Fund of Fund - Growth Option - Direct Plan;INF179KC1DU7;;38.6822;;;18-Feb-2026

ICICI Prudential Mutual Fund
143904;ICICI Prudential BHARAT 22 FOF - Cumulative Option;INF109KC1FW3;;37.0284;;;18-Feb-2026
143903;ICICI Prudential BHARAT 22 FOF - Direct Plan Cumulative Option;INF109KC1FX1;;37.0422;;;18-Feb-2026
149331;ICICI Prudential BSE 500 ETF FOF - Direct Plan - Growth;INF109KC1V91;;16.1711;;;18-Feb-2026
149333;ICICI Prudential BSE 500 ETF FOF - Direct Plan - IDCW;INF109KC1W09;INF109KC1W17;16.1707;;;18-Feb-2026
149334;ICICI Prudential BSE 500 ETF FOF - Growth;INF109KC1V67;;15.8495;;;18-Feb-2026
149332;ICICI Prudential BSE 500 ETF FOF - IDCW;INF109KC1V75;INF109KC1V83;15.8494;;;18-Feb-2026
120702;ICICI Prudential Diversified Debt Strategy Active FOF  - Direct Plan - Growth;INF109K01X73;;48.3736;;;18-Feb-2026
120703;ICICI Prudential Diversified Debt Strategy Active FOF - Direct Plan -  IDCW;INF109K01X57;INF109K01X65;42.5878;;;18-Feb-2026
102141;ICICI Prudential Diversified Debt Strategy Active FOF - Growth;INF109K01878;;46.4311;;;18-Feb-2026
102143;ICICI Prudential Diversified Debt Strategy Active FOF - IDCW;INF109K01FS0;INF109K01886;40.4999;;;18-Feb-2026
120685;ICICI Prudential Gold ETF FOF - Direct Plan - Growth;INF109K01U92;;48.1491;;;18-Feb-2026
120686;ICICI Prudential Gold ETF FOF - Direct Plan - IDCW;INF109K01U76;INF109K01U84;48.1536;;;18-Feb-2026
115833;ICICI Prudential Gold ETF FOF - Growth;INF109K01TK8;;46.4349;;;18-Feb-2026
115834;ICICI Prudential Gold ETF FOF - IDCW;INF109K01TM4;INF109K01TL6;46.4359;;;18-Feb-2026
120313;ICICI Prudential Income plus Arbitrage Omni FOF - Direct Plan - Growth;INF109K01W82;;69.5492;;;18-Feb-2026
120314;ICICI Prudential Income plus Arbitrage Omni FOF - Direct Plan - IDCW;INF109K01W66;INF109K01W74;53.7815;;;18-Feb-2026
102139;ICICI Prudential Income Plus Arbitrage Omni FOF - Growth;INF109K01811;;64.6838;;;18-Feb-2026
102140;ICICI Prudential Income plus Arbitrage Omni FOF - IDCW;INF109K01EB9;INF109K01829;49.6345;;;18-Feb-2026
120243;ICICI Prudential Multi Sector Passive FOF - Direct Plan -  IDCW;INF109K01W33;INF109K01W41;141.1775;;;18-Feb-2026
120242;ICICI Prudential Multi Sector Passive FOF - Direct Plan - Growth;INF109K01W58;;179.2847;;;18-Feb-2026
102133;ICICI Prudential Multi Sector Passive FOF - Growth;INF109K01795;;171.1203;;;18-Feb-2026
102134;ICICI Prudential Multi Sector Passive FOF - IDCW;INF109K01DW7;INF109K01803;133.3243;;;18-Feb-2026
148822;ICICI Prudential Nifty 100 Low Volatility 30 ETF FOF - Direct Plan - Growth;INF109KC1P81;;19.0997;;;18-Feb-2026
148823;ICICI Prudential Nifty 100 Low Volatility 30 ETF FOF - Direct Plan - IDCW;INF109KC1Q07;INF109KC1P99;19.0998;;;18-Feb-2026
148821;ICICI Prudential Nifty 100 Low Volatility 30 ETF FOF - Growth;INF109KC1P57;;18.6980;;;18-Feb-2026
148824;ICICI Prudential Nifty 100 Low Volatility 30 ETF FOF - IDCW;INF109KC1P73;INF109KC1P65;18.6981;;;18-Feb-2026
149158;ICICI Prudential Nifty Alpha Low - Volatility 30 ETF FOF - Direct Plan - Growth;INF109KC1R89;;15.4937;;;18-Feb-2026
149160;ICICI Prudential Nifty Alpha Low - Volatility 30 ETF FOF - Direct Plan - IDCW;INF109KC1S05;INF109KC1R97;15.4932;;;18-Feb-2026
149157;ICICI Prudential Nifty Alpha Low - Volatility 30 ETF FOF - Growth;INF109KC1R55;;15.1849;;;18-Feb-2026
149159;ICICI Prudential Nifty Alpha Low - Volatility 30 ETF FOF - IDCW;INF109KC1R71;INF109KC1R63;15.1848;;;18-Feb-2026
153394;ICICI Prudential Nifty EV & New Age Automotive ETF FOF - Direct Plan - Growth;INF109K1A120;;11.6833;;;18-Feb-2026
153395;ICICI Prudential Nifty EV & New Age Automotive ETF FOF - Direct Plan - IDCW;INF109K1A146;INF109K1A138;11.6833;;;18-Feb-2026
153396;ICICI Prudential Nifty EV & New Age Automotive ETF FOF - Growth;INF109K1A096;;11.6400;;;18-Feb-2026
153393;ICICI Prudential Nifty EV & New Age Automotive ETF FOF - IDCW;INF109K1A112;INF109K1A104;11.6400;;;18-Feb-2026
149775;ICICI Prudential Silver ETF FOF - Direct Plan - Growth;INF109KC1Y98;;35.7465;;;18-Feb-2026
149776;ICICI Prudential Silver ETF FOF - Direct Plan - IDCW;INF109KC1Z06;INF109KC1Z14;35.7469;;;18-Feb-2026
149777;ICICI Prudential Silver ETF FOF - Growth;INF109KC1Y64;;35.0356;;;18-Feb-2026
149778;ICICI Prudential Silver ETF FOF - IDCW;INF109KC1Y72;INF109KC1Y80;35.0350;;;18-Feb-2026

Invesco Mutual Fund
120531;Invesco India Gold ETF Fund of Fund - Direct Plan - Growth;INF205K01NJ9;;43.6672;;;18-Feb-2026
120530;Invesco India Gold ETF Fund of Fund - Direct Plan - IDCW (Payout / Reinvestment);INF205K01NH3;INF205K01NI1;43.6003;;;18-Feb-2026
116077;Invesco India Gold ETF Fund of Fund - Regular Plan - Growth;INF205K01FA4;;41.9851;;;18-Feb-2026
116075;Invesco India Gold ETF Fund of Fund - Regular Plan - IDCW (Payout / Reinvestment);INF205K01FB2;INF205K01FC0;41.9901;;;18-Feb-2026
153697;Invesco India Income Plus Arbitrage Active Fund of Fund - Direct Plan - Growth;INF205KA1BA3;;1030.38;;;18-Feb-2026
153698;Invesco India Income Plus Arbitrage Active Fund of Fund - Direct Plan - IDCW (Payout / Reinvestment);INF205KA1BB1;INF205KA1BC9;1030.38;;;18-Feb-2026
153695;Invesco India Income Plus Arbitrage Active Fund of Fund - Regular Plan - Growth Plan;INF205KA1AX7;;1027.9776;;;18-Feb-2026
153696;Invesco India Income Plus Arbitrage Active Fund of Fund - Regular Plan - IDCW (Payout / Reinvestment);INF205KA1AY5;INF205KA1AZ2;1027.9777;;;18-Feb-2026

Kotak Mahindra Mutual Fund
114758;Kotak Gold Fund Growth;INF174K01AT3;;57.5909;;;18-Feb-2026
119781;Kotak Gold Fund Growth - Direct;INF174K01MP6;;60.7923;;;18-Feb-2026
114757;Kotak Gold Fund Payout of Income Distribution cum capital withdrawal option;INF174K01AU1;INF174K01AV9;57.5898;;;18-Feb-2026
119780;Kotak Gold Fund Payout of Income Distribution cum capital withdrawal option- Direct;INF174K01MQ4;INF174K01MR2;60.7918;;;18-Feb-2026
153921;Kotak Gold Silver Passive FOF - Direct Plan - Growth;INF174KA1XT4;;15.278;;;18-Feb-2026
153922;Kotak Gold Silver Passive FOF - Regular Plan - Growth;INF174KA1XU2;;15.266;;;18-Feb-2026
150820;Kotak Income Plus Arbitrage Omni  FOF-Regular Plan-Growth;INF174KA1KG8;;12.7819;;;18-Feb-2026
150822;Kotak Income Plus Arbitrage Omni FOF-Direct Plan-Growth;INF174KA1KJ2;;12.8391;;;18-Feb-2026
150823;Kotak Income Plus Arbitrage Omni FOF-Direct Plan-IDCW;INF174KA1KK0;INF174KA1KL8;12.8393;;;18-Feb-2026
150821;Kotak Income Plus Arbitrage Omni FOF-Regular Plan-IDCW;INF174KA1KH6;INF174KA1KI4;12.7817;;;18-Feb-2026
151603;Kotak Silver ETF Fund of Fund - Direct Plan - Growth Option;INF174KA1MQ3;;31.1716;;;18-Feb-2026
151602;Kotak Silver ETF Fund of Fund - Regular Plan - Growth Option;INF174KA1MR1;;30.7648;;;18-Feb-2026

LIC Mutual Fund
151974;LIC MF Gold ETF Fund of Fund-Direct Plan-Growth;INF397L01BU4;;41.16;;;18-Feb-2026
151973;LIC MF Gold ETF Fund of Fund-Regular Plan-Growth;INF397L01992;;38.9617;;;18-Feb-2026

Mahindra Manulife Mutual Fund
154007;Mahindra Manulife Income Plus Arbitrage Active FOF  - Direct - Growth;INF174V01CU4;;10.1130;;;18-Feb-2026
154008;Mahindra Manulife Income Plus Arbitrage Active FOF - Direct - IDCW;INF174V01CV2;INF174V01CW0;10.1130;;;18-Feb-2026
154006;Mahindra Manulife Income Plus Arbitrage Active FOF - Regular - Growth;INF174V01CR0;;10.1012;;;18-Feb-2026
154005;Mahindra Manulife Income Plus Arbitrage Active FOF - Regular - IDCW;INF174V01CS8;INF174V01CT6;10.1012;;;18-Feb-2026

Mirae Asset Mutual Fund
153380;Mirae Asset BSE 200 Equal Weight ETF Fund of Fund - Direct Plan - Growth;INF769K01OE3;;11.565;;;18-Feb-2026
153381;Mirae Asset BSE 200 Equal Weight ETF Fund of Fund - Direct Plan - IDCW;INF769K01OG8;INF769K01OF0;11.562;;;18-Feb-2026
153382;Mirae Asset BSE 200 Equal Weight ETF Fund of Fund - Regular Plan - Growth;INF769K01OB9;;11.507;;;18-Feb-2026
153383;Mirae Asset BSE 200 Equal Weight ETF Fund of Fund - Regular Plan - IDCW;INF769K01OD5;INF769K01OC7;11.507;;;18-Feb-2026
153385;Mirae Asset BSE Select IPO ETF Fund of Fund - Direct Plan - Growth;INF769K01OK0;;10.802;;;18-Feb-2026
153386;Mirae Asset BSE Select IPO ETF Fund of Fund - Direct Plan - IDCW;INF769K01OM6;INF769K01OL8;10.800;;;18-Feb-2026
153387;Mirae Asset BSE Select IPO ETF Fund of Fund - Regular Plan - Growth;INF769K01OH6;;10.765;;;18-Feb-2026
153388;Mirae Asset BSE Select IPO ETF Fund of Fund - Regular Plan - IDCW;INF769K01OJ2;INF769K01OI4;10.748;;;18-Feb-2026
148500;Mirae Asset Diversified Equity Allocator Passive FOF - Direct Plan - Growth;INF769K01GE9;;25.874;;;18-Feb-2026
148501;Mirae Asset Diversified Equity Allocator Passive FOF - Direct Plan - IDCW;INF769K01GD1;INF769K01GF6;25.894;;;18-Feb-2026
148502;Mirae Asset Diversified Equity Allocator Passive FOF - Regular Plan - Growth;INF769K01GB5;;25.768;;;18-Feb-2026
148503;Mirae Asset Diversified Equity Allocator Passive FOF - Regular Plan - IDCW;INF769K01GA7;INF769K01GC3;25.771;;;18-Feb-2026
153007;Mirae Asset Gold ETF Fund of Fund - Direct Plan - Growth;INF769K01MV1;;18.982;;;18-Feb-2026
153008;Mirae Asset Gold ETF Fund of Fund - Direct Plan - IDCW;INF769K01MW9;INF769K01MX7;18.981;;;18-Feb-2026
153009;Mirae Asset Gold ETF Fund of Fund - Regular Plan - Growth;INF769K01MS7;;18.859;;;18-Feb-2026
153010;Mirae Asset Gold ETF Fund of Fund - Regular Plan - IDCW;INF769K01MT5;INF769K01MU3;18.848;;;18-Feb-2026
153812;Mirae Asset Gold Silver Passive FoF - Direct Plan - Growth;INF769K01PM3;;17.021;;;18-Feb-2026
153813;Mirae Asset Gold Silver Passive FoF - Direct Plan - IDCW;INF769K01PO9;INF769K01PN1;17.020;;;18-Feb-2026
153814;Mirae Asset Gold Silver Passive FoF - Regular Plan - Growth;INF769K01PP6;;16.971;;;18-Feb-2026
153815;Mirae Asset Gold Silver Passive FoF - Regular Plan - IDCW;INF769K01PL5;INF769K01PK7;16.967;;;18-Feb-2026
153638;Mirae Asset Income plus Arbitrage Active FOF - Direct Plan - Growth;INF769K01OY1;;10.368;;;18-Feb-2026
153639;Mirae Asset Income plus Arbitrage Active FOF - Direct Plan - IDCW;INF769K01PA8;INF769K01OZ8;10.367;;;18-Feb-2026
153640;Mirae Asset Income plus Arbitrage Active FOF - Regular Plan - Growth;INF769K01OV7;;10.350;;;18-Feb-2026
153641;Mirae Asset Income plus Arbitrage Active FOF - Regular Plan - IDCW;INF769K01OX3;INF769K01OW5;10.350;;;18-Feb-2026
148575;Mirae Asset Nifty 100 ESG Sector Leaders Fund  of Fund Direct IDCW;INF769K01GP5;INF769K01GR1;19.274;;;18-Feb-2026
148573;Mirae Asset Nifty 100 ESG Sector Leaders Fund  of Fund Regular IDCW;INF769K01GM2;INF769K01GO8;18.886;;;18-Feb-2026
148574;Mirae Asset Nifty 100 ESG Sector Leaders Fund of Fund Direct Growth;INF769K01GQ3;;19.279;;;18-Feb-2026
148576;Mirae Asset Nifty 100 ESG Sector Leaders Fund of Fund Regular Growth;INF769K01GN0;;18.924;;;18-Feb-2026
149790;Mirae Asset Nifty India Manufacturing ETF FOF - Direct Plan - Growth;INF769K01HZ2;;20.036;;;18-Feb-2026
149787;Mirae Asset Nifty India Manufacturing ETF FOF - Direct Plan- IDCW;INF769K01HY5;INF769K01IA3;20.037;;;18-Feb-2026
149788;Mirae Asset Nifty India Manufacturing ETF FOF - Regular Plan - Growth;INF769K01HW9;;19.723;;;18-Feb-2026
149789;Mirae Asset Nifty India Manufacturing ETF FOF - Regular Plan - IDCW;INF769K01HV1;INF769K01HX7;19.797;;;18-Feb-2026
153192;Mirae Asset Nifty India New Age Consumption ETF Fund of Fund - Direct Plan - Growth;INF769K01NP1;;9.567;;;18-Feb-2026
153193;Mirae Asset Nifty India New Age Consumption ETF Fund of Fund - Direct Plan - IDCW;INF769K01NR7;INF769K01NQ9;9.566;;;18-Feb-2026
153194;Mirae Asset Nifty India New Age Consumption ETF Fund of Fund - Regular Plan - Growth;INF769K01NM8;;9.527;;;18-Feb-2026
153195;Mirae Asset Nifty India New Age Consumption ETF Fund of Fund - Regular Plan - IDCW;INF769K01NO4;INF769K01NN6;9.528;;;18-Feb-2026
152645;Mirae Asset Nifty MidSmallcap400 Momentum Quality 100 ETF Fund of Fund - Direct Plan - Growth;INF769K01LN0;;9.652;;;18-Feb-2026
152646;Mirae Asset Nifty MidSmallcap400 Momentum Quality 100 ETF Fund of Fund - Direct Plan - IDCW;INF769K01LO8;INF769K01LP5;9.652;;;18-Feb-2026
152647;Mirae Asset Nifty MidSmallcap400 Momentum Quality 100 ETF Fund of Fund - Regular Plan - Growth;INF769K01LK6;;9.563;;;18-Feb-2026
152648;Mirae Asset Nifty MidSmallcap400 Momentum Quality 100 ETF Fund of Fund - Regular Plan - IDCW;INF769K01LL4;INF769K01LM2;9.568;;;18-Feb-2026
152459;Mirae Asset Nifty Smallcap 250 Momentum Quality 100 ETF Fund of Fund - Direct Plan - Growth;INF769K01LG4;;9.474;;;18-Feb-2026
152456;Mirae Asset Nifty Smallcap 250 Momentum Quality 100 ETF Fund of Fund - Direct Plan - IDCW;INF769K01LH2;INF769K01LI0;9.473;;;18-Feb-2026
152457;Mirae Asset Nifty Smallcap 250 Momentum Quality 100 ETF Fund of Fund - Regular Plan - Growth;INF769K01LD1;;9.382;;;18-Feb-2026
152458;Mirae Asset Nifty Smallcap 250 Momentum Quality 100 ETF Fund of Fund - Regular Plan - IDCW;INF769K01LE9;INF769K01LF6;9.384;;;18-Feb-2026
152718;Mirae Asset Nifty200 Alpha 30 ETF Fund of Fund - Direct Plan - Growth;INF769K01LU5;;9.012;;;18-Feb-2026
152719;Mirae Asset Nifty200 Alpha 30 ETF Fund of Fund - Direct Plan - IDCW;INF769K01LV3;INF769K01LW1;9.018;;;18-Feb-2026
152720;Mirae Asset Nifty200 Alpha 30 ETF Fund of Fund - Regular Plan - Growth;INF769K01LR1;;8.951;;;18-Feb-2026
152721;Mirae Asset Nifty200 Alpha 30 ETF Fund of Fund - Regular Plan - IDCW;INF769K01LS9;INF769K01LT7;8.944;;;18-Feb-2026

Quantum Mutual Fund
115132;Quantum Gold Savings Fund - Direct Plan Growth Option;INF082J01150;;57.6524;;;18-Feb-2026
141064;Quantum Gold Savings Fund - Regular Plan Growth Option;INF082J01358;;56.8562;;;18-Feb-2026

SBI Mutual Fund
119789;SBI Gold Fund - Direct Plan - Income Distribution cum Capital Withdrawal Option (IDCW);INF200K01RN3;INF200K01RO1;45.9136;;;18-Feb-2026
115677;SBI Gold Fund - Regular Plan - Income Distribution cum Capital Withdrawal Option (IDCW);INF200K01HB9;INF200K01HC7;43.8883;;;18-Feb-2026
115676;SBI GOLD FUND REGULAR PLAN - GROWTH;INF200K01HA1;;43.8818;;;18-Feb-2026
119788;SBI GOLD FUND- DIRECT PLAN - GROWTH;INF200K01RP8;;45.9798;;;18-Feb-2026
153498;SBI Income Plus Arbitrage Active FOF- Direct Plan- Growth;INF200KB1753;;10.4357;;;18-Feb-2026
153501;SBI Income Plus Arbitrage Active FOF- Direct Plan- Income Distribution Cum Capital Withdrawal Option;INF200KB1761;INF200KB1779;10.4356;;;18-Feb-2026
153500;SBI Income Plus Arbitrage Active FOF- Regular Plan- Growth;INF200KB1720;;10.4213;;;18-Feb-2026
153499;SBI Income Plus Arbitrage Active FOF- Regular Plan- Income Distribution Cum Capital Withdrawal Option;INF200KB1738;INF200KB1746;10.4214;;;18-Feb-2026
152734;SBI Silver ETF FOF- Regular Plan - Income Distribution Cum Capital Withdrawal Option (IDCW);INF200KB1225;INF200KB1274;24.7990;;;18-Feb-2026
152735;SBI Silver ETF Fund of Fund- Direct Plan - Growth;INF200KB1233;;24.9428;;;18-Feb-2026
152736;SBI Silver ETF Fund of Fund- Direct Plan - Income Distribution Cum Capital Withdrawal Option (IDCW);INF200KB1241;INF200KB1258;24.9428;;;18-Feb-2026
152733;SBI Silver ETF Fund of Fund- Regular Plan - Growth;INF200KB1266;;24.7980;;;18-Feb-2026

The Wealth Company Mutual Fund
154131;THE WEALTH COMPANY GOLD ETF FOF DIRECT GROWTH;INF2F0001412;;9.5796;;;18-Feb-2026
154132;THE WEALTH COMPANY GOLD ETF FOF DIRECT IDCW;INF2F0001420;INF2F0001438;9.5796;;;18-Feb-2026
154133;THE WEALTH COMPANY GOLD ETF FOF REGULAR GROWTH;INF2F0001388;;9.5773;;;18-Feb-2026
154134;THE WEALTH COMPANY GOLD ETF FOF REGULAR IDCW;INF2F0001396;INF2F0001404;9.5773;;;18-Feb-2026

UTI Mutual Fund
150714;UTI Gold ETF Fund of Fund - Direct Plan - Growth Option;INF789F1AWB9;;28.9525;;;18-Feb-2026
150715;UTI Gold ETF Fund of Fund - Regular Plan - Growth Opton;INF789F1AWA1;;28.541;;;18-Feb-2026
153442;UTI Income Plus Arbitrage Active Fund of Fund - Direct Plan - Growth Option;INF789F1AB55;;10.5695;;;18-Feb-2026
153441;UTI Income Plus Arbitrage Active Fund of Fund - Regular Plan - Growth Option;INF789F1AB63;;10.5334;;;18-Feb-2026
151731;UTI Silver ETF Fund of Fund - Direct Plan - Growth Option;INF789F1AYL4;;29.8886;;;18-Feb-2026
151732;UTI Silver ETF Fund of Fund - Regular Plan - Growth Option;INF789F1AYM2;;29.5793;;;18-Feb-2026

Zerodha Mutual Fund
153011;Zerodha Gold ETF FoF-Direct Plan - Growth Option;INF0R8F01083;;19.6867;;;18-Feb-2026
153757;Zerodha Multi Asset Passive FoF - Direct - Growth;INF0R8F01117;;11.4924;;;18-Feb-2026
153656;Zerodha Silver ETF FoF - Direct Growth;INF0R8F01109;;21.3803;;;18-Feb-2026

Open Ended Schemes ( Equity Scheme - Flexi Cap Fund )


360 ONE Mutual Fund
151796;360 ONE FLEXICAP FUND-DIRECT PLAN- GROWTH;INF579M01AS1;;15.7443;;;18-Feb-2026
151798;360 ONE FLEXICAP FUND-DIRECT PLAN- IDCW;INF579M01AT9;INF579M01AU7;15.7443;;;18-Feb-2026
151799;360 ONE FLEXICAP FUND-REGULAR PLAN- GROWTH;INF579M01AP7;;15.1044;;;18-Feb-2026
151797;360 ONE FLEXICAP FUND-REGULAR PLAN- IDCW;INF579M01AQ5;INF579M01AR3;15.1044;;;18-Feb-2026

Abakkus Mutual Fund
154043;Abakkus Flexi Cap Fund - Direct - Growth;INF2JJD01136;;10.1900;;;18-Feb-2026
154045;Abakkus Flexi Cap Fund - Direct - IDCW;INF2JJD01128;INF2JJD01110;10.1950;;;18-Feb-2026
154041;Abakkus Flexi Cap Fund - Regular - Growth;INF2JJD01169;;10.1690;;;18-Feb-2026
154042;Abakkus Flexi Cap Fund - Regular - IDCW;INF2JJD01151;INF2JJD01144;10.1690;;;18-Feb-2026

Axis Mutual Fund
141925;Axis Flexi Cap Fund - Direct Plan - Growth;INF846K01B28;;29.81;;;18-Feb-2026
141926;Axis Flexi Cap fund - Direct Plan - IDCW;INF846K01B02;INF846K01B10;19.44;;;18-Feb-2026
141927;Axis Flexi Cap Fund - Regular Plan - Growth;INF846K01B51;;26.84;;;18-Feb-2026
141928;Axis Flexi Cap Fund - Regular Plan - IDCW;INF846K01B36;INF846K01B44;17.68;;;18-Feb-2026

Bank of India Mutual Fund
148404;BANK OF INDIA Flexi Cap Fund Direct Plan -Growth;INF761K01FF5;;38.62;;;18-Feb-2026
148406;BANK OF INDIA Flexi Cap Fund Direct Plan -IDCW;INF761K01FE8;INF761K01FG3;33.01;;;18-Feb-2026
148405;BANK OF INDIA Flexi Cap Fund Regular Plan -Growth;INF761K01FI9;;35.37;;;18-Feb-2026
148407;BANK OF INDIA Flexi Cap Fund Regular Plan -IDCW;INF761K01FH1;INF761K01FJ7;32.13;;;18-Feb-2026

Baroda BNP Paribas Mutual Fund
150387;Baroda BNP Paribas Flexi Cap Fund - Direct Plan - Growth Option;INF251K01QZ2;;16.6287;;;18-Feb-2026
150388;Baroda BNP Paribas Flexi Cap Fund - Direct Plan - IDCW Option;INF251K01RA3;INF251K01RB1;15.1697;;;18-Feb-2026
150385;Baroda BNP Paribas Flexi Cap Fund - Regular Plan - Growth Option;INF251K01QW9;;15.8359;;;18-Feb-2026
150386;Baroda BNP Paribas Flexi Cap Fund - Regular Plan - IDCW Option;INF251K01QX7;INF251K01QY5;14.4479;;;18-Feb-2026

Capitalmind Mutual Fund
153738;CAPITALMIND FLEXI CAP FUND DIRECT GROWTH;INF226401018;;10.3109;;;18-Feb-2026
153739;CAPITALMIND FLEXI CAP FUND REGULAR GROWTH;INF226401026;;10.2328;;;18-Feb-2026

Edelweiss Mutual Fund
140353;Edelweiss Flexi Cap Fund - Direct Plan - Growth Option;INF843K01KK1;;46.248;;;18-Feb-2026
140354;Edelweiss Flexi Cap Fund - Direct Plan - IDCW Option;INF843K01KL9;INF843K01KM7;37.97;;;18-Feb-2026
140356;Edelweiss Flexi Cap Fund - Regular - IDCW Option;INF843K01KO3;INF843K01KP0;32.548;;;18-Feb-2026
140355;Edelweiss Flexi Cap Fund - Regular Plan - Growth Option;INF843K01KN5;;39.64;;;18-Feb-2026

HDFC Mutual Fund
118955;HDFC Flexi Cap Fund - Growth Option - Direct Plan;INF179K01UT0;;2301.096;;;18-Feb-2026
101762;HDFC Flexi Cap Fund - Growth Plan;INF179K01608;;2096.503;;;18-Feb-2026
118954;HDFC Flexi Cap Fund - IDCW Option - Direct Plan;INF179K01VL5;INF179K01VM3;100.397;;;18-Feb-2026
101763;HDFC Flexi Cap Fund - IDCW Plan;INF179K01582;INF179K01590;83.105;;;18-Feb-2026

Helios Mutual Fund
152135;Helios Flexi Cap Fund - Direct Plan - Growth Option;INF0R8701046;;15.39;;;18-Feb-2026
152138;Helios Flexi Cap Fund - Direct Plan - IDCW Option;INF0R8701053;INF0R8701061;15.39;;;18-Feb-2026
152136;Helios Flexi Cap Fund - Regular Plan - Growth Option;INF0R8701012;;14.89;;;18-Feb-2026
152137;Helios Flexi Cap Fund - Regular Plan - IDCW Option;INF0R8701020;INF0R8701038;14.89;;;18-Feb-2026

HSBC Mutual Fund
120046;HSBC Flexi Cap Fund - Direct Growth;INF336L01DH5;;247.2868;;;18-Feb-2026
120045;HSBC Flexi Cap Fund - Direct IDCW;INF336L01DF9;INF336L01DG7;49.2498;;;18-Feb-2026
102252;HSBC Flexi Cap Fund - Regular Growth;INF336L01AF5;;220.7498;;;18-Feb-2026
102251;HSBC Flexi Cap Fund - Regular IDCW;INF336L01AE8;INF336L01AD0;45.3106;;;18-Feb-2026

ICICI Prudential Mutual Fund
148990;ICICI Prudential Flexicap Fund - Direct Plan - Growth;INF109KC1R14;;20.85;;;18-Feb-2026
148991;ICICI Prudential Flexicap Fund - Direct Plan - IDCW;INF109KC1R22;INF109KC1R30;17.63;;;18-Feb-2026
148989;ICICI Prudential Flexicap Fund - Growth;INF109KC1Q80;;19.77;;;18-Feb-2026
148988;ICICI Prudential Flexicap Fund - IDCW;INF109KC1Q98;INF109KC1R06;16.56;;;18-Feb-2026

Invesco Mutual Fund
149763;Invesco India Flexi Cap Fund - Direct Plan - Growth;INF205KA1494;;19.53;;;18-Feb-2026
149765;Invesco India Flexi Cap Fund - Direct Plan - IDCW;INF205KA1486;INF205KA1502;19.53;;;18-Feb-2026
149766;Invesco India Flexi Cap Fund - Regular Plan - Growth;INF205KA1460;;18.37;;;18-Feb-2026
149764;Invesco India Flexi Cap Fund - Regular Plan - IDCW;INF205KA1452;INF205KA1478;18.37;;;18-Feb-2026

Jio BlackRock Mutual Fund
153859;JioBlackRock Flexi Cap Fund - Direct Plan - Growth Option;INF22M001093;;10.28;;;18-Feb-2026

JM Financial Mutual Fund
120492;JM Flexicap Fund (Direct) - Growth Option;INF192K01CC7;;110.4778;;;18-Feb-2026
120491;JM Flexicap Fund (Direct) - IDCW;INF192K01CA1;INF192K01CB9;100.4189;;;18-Feb-2026
109522;JM Flexicap Fund (Regular) - Growth option;INF192K01635;;96.3875;;;18-Feb-2026
109523;JM Flexicap Fund (Regular) - IDCW;INF192K01619;INF192K01627;74.274;;;18-Feb-2026

Kotak Mahindra Mutual Fund
112090;Kotak Flexicap Fund - Growth;INF174K01336;;88.868;;;18-Feb-2026
120166;Kotak Flexicap Fund - Growth - Direct;INF174K01LS2;;100.61;;;18-Feb-2026
112089;Kotak Flexicap Fund - Payout of Income Distribution cum capital withdrawal option;INF174K01351;INF174K01344;53.663;;;18-Feb-2026
120165;Kotak Flexicap Fund - Payout of Income Distribution cum capital withdrawal option- Direct;INF174K01LQ6;INF174K01LR4;61.444;;;18-Feb-2026

LIC Mutual Fund
120264;LIC MF Flexi Cap Fund-Direct Plan-Growth;INF767K01EG3;;110.5922;;;18-Feb-2026
120263;LIC MF Flexi Cap Fund-Direct Plan-IDCW;INF767K01EF5;INF767K01EH1;37.2124;;;18-Feb-2026
100313;LIC MF Flexi Cap Fund-Regular Plan-Growth;INF767K01071;;99.8515;;;18-Feb-2026
100312;LIC MF Flexi Cap Fund-Regular Plan-IDCW;INF767K01063;INF767K01055;31.5093;;;18-Feb-2026

Mahindra Manulife Mutual Fund
149104;Mahindra Manulife Flexi Cap Fund - Direct Plan -Growth;INF174V01AS2;;17.8019;;;18-Feb-2026
149103;Mahindra Manulife Flexi Cap Fund - Direct Plan -IDCW;INF174V01AU8;INF174V01AT0;15.4061;;;18-Feb-2026
149101;Mahindra Manulife Flexi Cap Fund - Regular Plan -Growth;INF174V01AP8;;16.4101;;;18-Feb-2026
149102;Mahindra Manulife Flexi Cap Fund - Regular Plan -IDCW;INF174V01AR4;INF174V01AQ6;14.0661;;;18-Feb-2026

Mirae Asset Mutual Fund
151413;Mirae Asset Flexi Cap Fund - Direct Plan -  IDCW;INF769K01JI4;INF769K01JK0;17.015;;;18-Feb-2026
151412;Mirae Asset Flexi Cap Fund - Direct Plan - Growth;INF769K01JJ2;;17.065;;;18-Feb-2026
151414;Mirae Asset Flexi Cap Fund - Regular Plan - Growth;INF769K01JG8;;16.327;;;18-Feb-2026
151415;Mirae Asset Flexi Cap Fund - Regular Plan - IDCW;INF769K01JF0;INF769K01JH6;16.333;;;18-Feb-2026

Navi Mutual Fund
143793;Navi Flexi Cap Fund - Direct Plan - Growth;INF959L01DT9;;27.6699;;;18-Feb-2026
143798;NAVI FLEXI CAP FUND - DIRECT PLAN ANNUAL IDCW PAYOUT;INF959L01EC3;INF959L01ED1;27.4586;;;18-Feb-2026
143797;NAVI FLEXI CAP FUND - DIRECT PLAN HALF YEARLY IDCW PAYOUT;INF959L01EA7;INF959L01EB5;27.4592;;;18-Feb-2026
143796;NAVI FLEXI CAP FUND - DIRECT PLAN MONTHLY IDCW PAYOUT;INF959L01DW3;INF959L01DX1;27.4534;;;18-Feb-2026
143792;NAVI FLEXI CAP FUND - DIRECT PLAN NORMAL IDCW PAYOUT;INF959L01DU7;INF959L01DV5;27.4235;;;18-Feb-2026
143791;NAVI FLEXI CAP FUND - DIRECT PLAN QUARTERLY IDCW PAYOUT;INF959L01DY9;INF959L01DZ6;27.481;;;18-Feb-2026
143787;Navi Flexi Cap Fund - Regular Plan - Growth;INF959L01EE9;;23.8456;;;18-Feb-2026
143795;NAVI FLEXI CAP FUND - REGULAR PLAN ANNUAL IDCW PAYOUT;INF959L01EN0;INF959L01EO8;23.8463;;;18-Feb-2026
143794;NAVI FLEXI CAP FUND - REGULAR PLAN HALF YEARLY IDCW PAYOUT;INF959L01EL4;INF959L01EM2;23.8494;;;18-Feb-2026
143790;NAVI FLEXI CAP FUND - REGULAR PLAN MONTHLY IDCW PAYOUT;INF959L01EH2;INF959L01EI0;23.855;;;18-Feb-2026
143789;NAVI FLEXI CAP FUND - REGULAR PLAN NORMAL IDCW PAYOUT;INF959L01EF6;INF959L01EG4;23.8491;;;18-Feb-2026
143788;NAVI FLEXI CAP FUND - REGULAR PLAN QUARTERLY IDCW PAYOUT;INF959L01EJ8;INF959L01EK6;23.843;;;18-Feb-2026

NJ Mutual Fund
151917;NJ Flexi Cap Fund - Direct Plan - Growth Option;INF0J8L01156;;13.64;;;18-Feb-2026
151918;NJ Flexi Cap Fund - Direct Plan - IDCW Option;INF0J8L01164;;13.64;;;18-Feb-2026
151920;NJ Flexi Cap Fund - Regular Plan - Growth Option;INF0J8L01131;;13.12;;;18-Feb-2026
151919;NJ Flexi Cap Fund - Regular Plan - IDCW Option;INF0J8L01149;;13.12;;;18-Feb-2026

PGIM India Mutual Fund
133837;PGIM India Flexi Cap Fund - Direct Plan - Dividend Option;INF663L01FG9;INF663L01FH7;22.19;;;18-Feb-2026
133839;PGIM India Flexi Cap Fund - Direct Plan - Growth Option;INF663L01FF1;;42.91;;;18-Feb-2026
133838;PGIM India Flexi Cap Fund - Regular Plan - Dividend Option;INF663L01FK1;INF663L01FL9;19.49;;;18-Feb-2026
133836;PGIM India Flexi Cap Fund - Regular Plan - Growth Option;INF663L01FJ3;;36.43;;;18-Feb-2026

quant Mutual Fund
109830;quant Flexi Cap Fund - Growth Option - Regular Plan;INF966L01457;;97.8107;;;18-Feb-2026
120843;quant Flexi Cap Fund - Growth Option-Direct Plan;INF966L01911;;109.4315;;;18-Feb-2026
120842;quant Flexi Cap Fund - IDCW Option - Direct Plan;INF966L01895;INF966L01903;74.3858;;;18-Feb-2026
109831;quant Flexi Cap Fund - IDCW Option - Regular Plan;INF966L01432;INF966L01440;69.9071;;;18-Feb-2026

Samco Mutual Fund
149450;Samco Flexi Cap Fund - Direct Plan - Growth Option;INF0K1H01024;;10.56;;;18-Feb-2026
149449;Samco Flexi Cap Fund - Regular Plan - Growth Option;INF0K1H01016;;9.96;;;18-Feb-2026

Shriram Mutual Fund
144905;Shriram Flexi Cap Fund - Direct Growth;INF680P01109;;23.2597;;;18-Feb-2026
144906;Shriram Flexi Cap Fund - Direct-IDCW;INF680P01117;INF680P01125;23.0291;;;18-Feb-2026
144902;Shriram Flexi Cap Fund - Regular Growth;INF680P01075;;20.4176;;;18-Feb-2026
144903;Shriram Flexi Cap Fund - Regular-IDCW;INF680P01083;INF680P01091;20.4104;;;18-Feb-2026

Sundaram Mutual Fund
150571;Sundaram Flexicap Fund Direct Growth;INF903JA1LE2;;16.0462;;;18-Feb-2026
150573;Sundaram Flexicap Fund Direct Plan IDCW Payout;INF903JA1LF9;;14.3125;;;18-Feb-2026
150572;Sundaram Flexicap Fund Direct Plan IDCW Reinvestment;;INF903JA1LG7;14.3125;;;18-Feb-2026
150568;Sundaram Flexicap Fund Regular Growth;INF903JA1LB8;;15.2159;;;18-Feb-2026
150569;Sundaram Flexicap Fund Regular Plan IDCW Payout;INF903JA1LC6;;13.5624;;;18-Feb-2026
150570;Sundaram Flexicap Fund Regular Plan IDCW Reinvestment;;INF903JA1LD4;13.5624;;;18-Feb-2026

Taurus Mutual Fund
118884;Taurus Flexi Cap Fund - Direct Plan -  Payout of Income Distribution cum Capital Withdrawal option;INF044D01BV7;INF044D01BW5;117.69;;;18-Feb-2026
118883;Taurus Flexi Cap Fund - Direct Plan - Growth;INF044D01BU9;;233.28;;;18-Feb-2026
100476;Taurus Flexi Cap Fund - Regular Plan - Growth ;INF044D01989;;224.14;;;18-Feb-2026
111640;Taurus Flexi Cap Fund - Regular Plan - Payout of Income Distribution cum Capital Withdrawal option;INF044D01955;INF044D01963;108.77;;;18-Feb-2026

The Wealth Company Mutual Fund
153872;THE WEALTH COMPANY FLEXI CAP FUND - DIRECT GROWTH;INF2F0001040;;10.0068;;;18-Feb-2026
153873;THE WEALTH COMPANY FLEXI CAP FUND - DIRECT IDCW;INF2F0001057;INF2F0001065;10.0063;;;18-Feb-2026
153870;THE WEALTH COMPANY FLEXI CAP FUND - REGULAR GROWTH;INF2F0001016;;9.938;;;18-Feb-2026
153871;THE WEALTH COMPANY FLEXI CAP FUND - REGULAR IDCW;INF2F0001024;INF2F0001032;9.9379;;;18-Feb-2026

Trust Mutual Fund
152584;TRUSTMF Flexi Cap Fund-Direct Plan- Growth;INF0GCD01743;;11.82;;;18-Feb-2026
152585;TRUSTMF Flexi Cap Fund-Direct Plan- IDCW;INF0GCD01750;INF0GCD01768;11.82;;;18-Feb-2026
152582;TRUSTMF Flexi Cap Fund-Regular Plan- Growth;INF0GCD01719;;11.46;;;18-Feb-2026
152583;TRUSTMF Flexi Cap Fund-Regular Plan- IDCW;INF0GCD01727;INF0GCD01735;11.46;;;18-Feb-2026

Unifi Mutual Fund
153543;Unifi Flexi Cap Fund - Direct Growth;INF1MIY01031;;10.3804;;;18-Feb-2026
153542;Unifi Flexi Cap Fund - Regular Growth;INF1MIY01049;;10.2854;;;18-Feb-2026

UTI Mutual Fund
100669;UTI - Flexi Cap Fund-Growth Option;INF789F01513;;310.2777;;;18-Feb-2026
120662;UTI - Flexi Cap Fund-Growth Option - Direct;INF789F01TC4;;334.0323;;;18-Feb-2026
120663;UTI Flexi Cap Fund - Direct Plan - IDCW;INF789F01TA8;INF789F01TB6;222.2931;;;18-Feb-2026
100668;UTI Flexi Cap Fund - Regular Plan - IDCW;INF189A01053;INF789F01505;205.1359;;;18-Feb-2026

WhiteOak Capital Mutual Fund
150349;WhiteOak Capital Flexi Cap Fund Direct Plan IDCW;INF03VN01555;INF03VN01548;18.397;;;18-Feb-2026
150346;WhiteOak Capital Flexi Cap Fund Direct Plan-Growth;INF03VN01530;;18.397;;;18-Feb-2026
150348;WhiteOak Capital Flexi Cap Fund Regular Plan IDCW;INF03VN01522;INF03VN01514;17.462;;;18-Feb-2026
150347;WhiteOak Capital Flexi Cap Fund Regular Plan-Growth;INF03VN01506;;17.462;;;18-Feb-2026

Close Ended Schemes ( Income )


Axis Mutual Fund
151501;Axis Fixed Term Plan - Series 112 (1143 Days) - Direct Plan - Growth;INF846K018O8;;12.4225;;;18-Feb-2026
151506;Axis Fixed Term Plan - Series 112 (1143 Days) - Regular  Plan - Growth;INF846K011P0;;12.3476;;;18-Feb-2026
151504;Axis Fixed Term Plan - Series 112 (1143 Days) - Regular Plan -  Half Yearly IDCW Payout;INF846K013P6;;12.3476;;;18-Feb-2026
151503;Axis Fixed Term Plan - Series 112 (1143 Days) - Regular Plan - Quarterly IDCW Payout;INF846K012P8;;12.3481;;;18-Feb-2026
151586;Axis Fixed Term Plan - Series 113 (1228 Days) - Direct Plan - Growth;INF846K011Q8;;12.3475;;;18-Feb-2026
151587;Axis Fixed Term Plan - Series 113 (1228 Days) - Direct Plan - Quarterly IDCW;INF846K012Q6;;12.3475;;;18-Feb-2026
151588;Axis Fixed Term Plan - Series 113 (1228 Days) - Regular Plan - Growth;INF846K014Q2;;12.2645;;;18-Feb-2026
151629;Axis Fixed Term Plan - Series 113 (1228 Days) - Regular Plan - Half Yearly IDCW;INF846K016Q7;;12.2645;;;18-Feb-2026
151589;Axis Fixed Term Plan - Series 113 (1228 Days) - Regular Plan - Quarterly IDCW;INF846K015Q9;;12.2724;;;18-Feb-2026

HDFC Mutual Fund
151865;HDFC Charity Fund for Cancer Cure - IDCW Option - 50% IDCW Donation Option;INF179KC1HC6;;10.2476;;;18-Feb-2026
151863;HDFC Charity Fund for Cancer Cure - IDCW Option - 75% IDCW Donation Option;INF179KC1HD4;;10.2476;;;18-Feb-2026
151862;HDFC Charity Fund for Cancer Cure - IDCW Option - Direct Plan - 50% IDCW Donation Option;INF179KC1HA0;;10.2476;;;18-Feb-2026
151864;HDFC Charity Fund for Cancer Cure - IDCW Option - Direct Plan - 75% IDCW Donation Option;INF179KC1HB8;;10.2476;;;18-Feb-2026
151224;HDFC FMP 1204D December - Growth Option;INF179KC1EQ3;;12.3412;;;18-Feb-2026
151225;HDFC FMP 1204D December - Growth Option - Direct Plan;INF179KC1EN0;;12.4381;;;18-Feb-2026
151220;HDFC FMP 1204D December - IDCW Option;INF179KC1ER1;;12.3412;;;18-Feb-2026
151221;HDFC FMP 1204D December - IDCW Option - Direct Plan;INF179KC1EO8;;12.4382;;;18-Feb-2026
151222;HDFC FMP 1204D December - Quarterly IDCW Option;INF179KC1ES9;;10.4919;;;18-Feb-2026
151223;HDFC FMP 1204D December - Quarterly IDCW Option - Direct Plan;INF179KC1EP5;;10.4964;;;18-Feb-2026
151564;HDFC FMP 1269D March 2023 - Growth Option;;;12.2389;;;18-Feb-2026
151565;HDFC FMP 1269D March 2023 - Growth Option - Direct Plan;;;12.3286;;;18-Feb-2026
151566;HDFC FMP 1269D March 2023 - IDCW Option;;;12.2389;;;18-Feb-2026
151567;HDFC FMP 1269D March 2023 - IDCW Option - Direct Plan;;;12.3286;;;18-Feb-2026
151568;HDFC FMP 1269D March 2023 - Quarterly IDCW Option;;;10.1476;;;18-Feb-2026
151569;HDFC FMP 1269D March 2023 - Quarterly IDCW Option - Direct Plan;;;10.152;;;18-Feb-2026
150651;HDFC FMP 1359D September - Growth Option;;;12.6464;;;18-Feb-2026
150655;HDFC FMP 1359D September - Growth Option - Direct Plan;;;12.7528;;;18-Feb-2026
150652;HDFC FMP 1359D September - IDCW Option;;;12.6464;;;18-Feb-2026
150653;HDFC FMP 1359D September - IDCW Option - Direct Plan;;;12.7528;;;18-Feb-2026
150656;HDFC FMP 1359D September - Quarterly IDCW Option;;;10.1235;;;18-Feb-2026
150654;HDFC FMP 1359D September - Quarterly IDCW Option - Direct Plan;;;10.1272;;;18-Feb-2026
150546;HDFC FMP 1406D August 2022 - Growth Option;INF179KC1DF8;;12.6284;;;18-Feb-2026
150547;HDFC FMP 1406D August 2022 - Growth Option - Direct Plan;INF179KC1DC5;;12.7427;;;18-Feb-2026
150550;HDFC FMP 1406D August 2022 - IDCW Option;INF179KC1DG6;;12.6284;;;18-Feb-2026
150548;HDFC FMP 1406D August 2022 - IDCW Option - Direct Plan;INF179KC1DD3;;12.7427;;;18-Feb-2026
150551;HDFC FMP 1406D August 2022 - Quarterly IDCW Option;INF179KC1DH4;;10.0919;;;18-Feb-2026
150549;HDFC FMP 1406D August 2022 - Quarterly IDCW Option - Direct Plan;INF179KC1DE1;;10.0958;;;18-Feb-2026
149922;HDFC FMP 1861D March 2022 - Growth Option;INF179KC1CF0;;12.8801;;;18-Feb-2026
149924;HDFC FMP 1861D March 2022 - Growth Option - Direct Plan;INF179KC1CC7;;12.964;;;18-Feb-2026
149925;HDFC FMP 1861D March 2022 - IDCW Option;INF179KC1CG8;;12.8801;;;18-Feb-2026
149926;HDFC FMP 1861D March 2022 - IDCW Option - Direct Plan;INF179KC1CD5;;12.964;;;18-Feb-2026
149927;HDFC FMP 1861D March 2022 - Quarterly Dividend Option;INF179KC1CH6;;10.1016;;;18-Feb-2026
149923;HDFC FMP 1861D March 2022 - Quarterly Dividend Option - Direct Plan;INF179KC1CE3;;10.1039;;;18-Feb-2026
150001;HDFC FMP 1876D March 2022 - Growth Option;INF179KC1CR5;;12.8475;;;18-Feb-2026
150002;HDFC FMP 1876D March 2022 - Growth Option - Direct Plan;INF179KC1CO2;;12.9207;;;18-Feb-2026
150004;HDFC FMP 1876D March 2022 - IDCW Option;INF179KC1CS3;;12.8475;;;18-Feb-2026
150003;HDFC FMP 1876D March 2022 - IDCW Option - Direct Plan;INF179KC1CP9;;12.9207;;;18-Feb-2026
150005;HDFC FMP 1876D March 2022 - Quarterly Dividend Option;INF179KC1CT1;;10.102;;;18-Feb-2026
150006;HDFC FMP 1876D March 2022 - Quarterly Dividend Option - Direct Plan;INF179KC1CQ7;;10.1036;;;18-Feb-2026
151465;HDFC FMP 2638D February 2023 - Growth Option;;;12.8101;;;18-Feb-2026
151470;HDFC FMP 2638D February 2023 - Growth Option - Direct Plan;;;12.9073;;;18-Feb-2026
151468;HDFC FMP 2638D February 2023 - IDCW Option;;;12.8101;;;18-Feb-2026
151467;HDFC FMP 2638D February 2023 - Quarterly IDCW Option;;;10.2519;;;18-Feb-2026
151469;HDFC FMP 2638D February 2023 - Quarterly IDCW Option - Direct Plan;;;10.2563;;;18-Feb-2026

ICICI Prudential Mutual Fund
146797;ICICI Prudential Fixed Maturity Plan - Series 85 - 10 Years Plan I - Cumulative Option;INF109KC1VQ2;;17.3735;;;18-Feb-2026
146795;ICICI Prudential Fixed Maturity Plan - Series 85 - 10 Years Plan I - Direct Plan Cumulative Option;INF109KC1VT6;;17.6101;;;18-Feb-2026
146800;ICICI Prudential Fixed Maturity Plan - Series 85 - 10 Years Plan I - Quarterly IDCW Option;INF109KC1VR0;;17.1662;;;18-Feb-2026
150950;ICICI Prudential Fixed Maturity Plan - Series 88 - 1226 Days Plan F - Direct Plan - Growth;INF109KC17M6;;12.4934;;;18-Feb-2026
150953;ICICI Prudential Fixed Maturity Plan - Series 88 - 1226 Days Plan F - Direct Plan - Half Yearly IDCW;INF109KC19M2;;12.3385;;;18-Feb-2026
150952;ICICI Prudential Fixed Maturity Plan - Series 88 - 1226 Days Plan F - Direct Plan - Quarterly IDCW;INF109KC18M4;;12.2843;;;18-Feb-2026
150949;ICICI Prudential Fixed Maturity Plan - Series 88 - 1226 Days Plan F - Growth;INF109KC14M3;;12.4066;;;18-Feb-2026
150954;ICICI Prudential Fixed Maturity Plan - Series 88 - 1226 Days Plan F - Half Yearly IDCW;INF109KC16M8;;12.2519;;;18-Feb-2026
150951;ICICI Prudential Fixed Maturity Plan - Series 88 - 1226 Days Plan F - Quarterly IDCW;INF109KC15M0;;12.2000;;;18-Feb-2026
151493;ICICI Prudential Fixed Maturity Plan - Series 88 - 1303 Days Plan S - Direct Plan - Growth;INF109KC14R2;;12.4550;;;18-Feb-2026
151492;ICICI Prudential Fixed Maturity Plan - Series 88 - 1303 Days Plan S - Direct Plan - IDCW;INF109KC15R9;;12.4552;;;18-Feb-2026
151491;ICICI Prudential Fixed Maturity Plan - Series 88 - 1303 Days Plan S - Growth;INF109KC12R6;;12.3640;;;18-Feb-2026
151494;ICICI Prudential Fixed Maturity Plan - Series 88 - 1303 Days Plan S - IDCW;INF109KC13R4;;12.3640;;;18-Feb-2026

Kotak Mahindra Mutual Fund
149139;Kotak FMP Series 292 - Direct Plan - Growth;INF174KA1HM2;;13.1493;;;18-Feb-2026
149138;Kotak FMP Series 292 - Direct Plan - IDCW Payout;INF174KA1HN0;;13.1493;;;18-Feb-2026
149136;Kotak FMP Series 292 - Regular Plan - Growth;INF174KA1HK6;;12.9722;;;18-Feb-2026
149137;Kotak FMP Series 292 - Regular Plan - IDCW Payout;INF174KA1HL4;;12.9722;;;18-Feb-2026
151174;Kotak FMP Series 300 - Direct Plan - Growth;INF174KA1KX3;;12.4775;;;18-Feb-2026
151175;Kotak FMP Series 300 - Direct Plan - IDCW Payout;INF174KA1KY1;;12.4776;;;18-Feb-2026
151172;Kotak FMP Series 300 - Regular Plan - Growth;INF174KA1KV7;;12.4377;;;18-Feb-2026
151173;Kotak FMP Series 300 - Regular Plan - IDCW Payout;INF174KA1KW5;;12.4381;;;18-Feb-2026
151286;Kotak FMP Series 304-Direct Plan-Growth Option;INF174KA1LP7;;12.9521;;;18-Feb-2026
151287;Kotak FMP Series 304-Direct Plan-Payout of IDCW;INF174KA1LQ5;;12.9509;;;18-Feb-2026
151285;Kotak FMP Series 304-Regular Plan-Growth Option;INF174KA1LN2;;12.939;;;18-Feb-2026
151288;Kotak FMP Series 304-Regular Plan-Payout of IDCW;INF174KA1LO0;;12.9389;;;18-Feb-2026
151316;Kotak FMP Series 305 - Direct Plan - Growth;INF174KA1LT9;;12.3992;;;18-Feb-2026
151317;Kotak FMP Series 305 - Direct Plan - IDCW;INF174KA1LU7;;12.3991;;;18-Feb-2026
151315;Kotak FMP Series 305 - Regular Plan - Growth;INF174KA1LR3;;12.3419;;;18-Feb-2026
151318;Kotak FMP Series 305 - Regular Plan - IDCW;INF174KA1LS1;;12.3419;;;18-Feb-2026
151681;Kotak FMP Series 308 - Direct Plan - Growth;INF174KA1NG2;;12.5153;;;18-Feb-2026
151682;Kotak FMP Series 308 - Direct Plan - IDCW Payout;INF174KA1NH0;;12.5142;;;18-Feb-2026
151679;Kotak FMP Series 308 - Regular Plan - Growth;INF174KA1NE7;;12.4004;;;18-Feb-2026
151680;Kotak FMP Series 308 - Regular Plan - IDCW Payout;INF174KA1NF4;;12.4004;;;18-Feb-2026
151686;Kotak FMP Series 310 - Direct Plan - Growth Option;INF174KA1NO6;;12.2582;;;18-Feb-2026
151683;Kotak FMP Series 310 - Regular Plan - Growth Option;INF174KA1NM0;;12.1685;;;18-Feb-2026
151685;Kotak FMP Series 310 - Regular Plan - IDCW Payout option;INF174KA1NN8;;12.1683;;;18-Feb-2026

SBI Mutual Fund
146974;SBI Fixed Maturity Plan (FMP) - Series 1 (3668 Days) - Direct Plan - Growth;INF200KA1D03;;17.3068;;;18-Feb-2026
146975;SBI Fixed Maturity Plan (FMP) - Series 1 (3668 Days) - Direct Plan - Income Distribution cum Capital Withdrawal Option (IDCW);INF200KA1D11;;17.3221;;;18-Feb-2026
146976;SBI Fixed Maturity Plan (FMP) - Series 1 (3668 Days) - Regular Plan - Growth;INF200KA1C87;;17.0909;;;18-Feb-2026
146973;SBI Fixed Maturity Plan (FMP) - Series 1 (3668 Days) - Regular Plan - Income Distribution cum Capital Withdrawal Option (IDCW);INF200KA1C95;;17.0909;;;18-Feb-2026
148387;SBI Fixed Maturity Plan (FMP) - Series 34 (3682 Days) - Direct Plan - Growth;INF200KA1Q73;;14.5297;;;18-Feb-2026
148388;SBI Fixed Maturity Plan (FMP) - Series 34 (3682 Days) - Direct Plan - Income Distribution cum Capital Withdrawal Option (IDCW);INF200KA1Q81;;14.5297;;;18-Feb-2026
148389;SBI Fixed Maturity Plan (FMP) - Series 34 (3682 Days) - Regular Plan - Growth;INF200KA1Q57;;14.3395;;;18-Feb-2026
148390;SBI Fixed Maturity Plan (FMP) - Series 34 (3682 Days) - Regular Plan - Income Distribution cum Capital Withdrawal Option (IDCW);INF200KA1Q65;;14.3395;;;18-Feb-2026
149043;SBI Fixed Maturity Plan (FMP) - Series 46 (1850 Days) - Direct Plan - Growth;INF200KA1X41;;13.2683;;;18-Feb-2026
149044;SBI Fixed Maturity Plan (FMP) - Series 46 (1850 Days) - Direct Plan - Income Distribution cum Capital Withdrawal Option (IDCW);INF200KA1X58;;13.2683;;;18-Feb-2026
149045;SBI Fixed Maturity Plan (FMP) - Series 46 (1850 Days) - Regular Plan - Growth;INF200KA1X25;;13.1816;;;18-Feb-2026
149042;SBI Fixed Maturity Plan (FMP) - Series 46 (1850 Days) - Regular Plan - Income Distribution cum Capital Withdrawal Option (IDCW);INF200KA1X33;;13.1817;;;18-Feb-2026
149147;SBI Fixed Maturity Plan (FMP) - Series 49 (1823 Days) - Direct Plan - Growth;INF200KA1Z23;;13.1510;;;18-Feb-2026
149144;SBI Fixed Maturity Plan (FMP) - Series 49 (1823 Days) - Direct Plan - Income Distribution cum Capital Withdrawal Option (IDCW);INF200KA1Z31;;13.1510;;;18-Feb-2026
149145;SBI Fixed Maturity Plan (FMP) - Series 49 (1823 Days) - Regular Plan - Growth;INF200KA1Z07;;13.0692;;;18-Feb-2026
149146;SBI Fixed Maturity Plan (FMP) - Series 49 (1823 Days) - Regular Plan - Income Distribution cum Capital Withdrawal Option (IDCW);INF200KA1Z15;;13.0692;;;18-Feb-2026
149174;SBI Fixed Maturity Plan (FMP) - Series 50 (1843 Days) - Direct Plan - Growth;INF200KA1Z64;;13.0161;;;18-Feb-2026
149175;SBI Fixed Maturity Plan (FMP) - Series 50 (1843 Days) - Direct Plan - Income Distribution Capital Withdrawal Option (IDCW);INF200KA1Z72;;13.0161;;;18-Feb-2026
149172;SBI Fixed Maturity Plan (FMP) - Series 50 (1843 Days) - Regular Plan - Growth;INF200KA1Z49;;12.9208;;;18-Feb-2026
149173;SBI Fixed Maturity Plan (FMP) - Series 50 (1843 Days) - Regular Plan -Income Distribution Capital Withdrawal Option (IDCW);INF200KA1Z56;;12.9208;;;18-Feb-2026
149195;SBI Fixed Maturity Plan (FMP) - Series 51 (1846 Days) - Direct Plan - Growth;INF200KA10A7;;13.0063;;;18-Feb-2026
149194;SBI Fixed Maturity Plan (FMP) - Series 51 (1846 Days) - Direct Plan - Income Distribution Capital Withdrawal Option (IDCW);INF200KA11A5;;13.0067;;;18-Feb-2026
149197;SBI Fixed Maturity Plan (FMP) - Series 51 (1846 Days) - Regular Plan - Growth;INF200KA1Z80;;12.9284;;;18-Feb-2026
149196;SBI Fixed Maturity Plan (FMP) - Series 51 (1846 Days) - Regular Plan - Income Distribution Capital Withdrawal Option (IDCW);INF200KA1Z98;;12.9284;;;18-Feb-2026
149232;SBI Fixed Maturity Plan (FMP) - Series 52 (1848 Days) - Direct Plan - Growth;INF200KA14A9;;12.9874;;;18-Feb-2026
149234;SBI Fixed Maturity Plan (FMP) - Series 52 (1848 Days) - Direct Plan - Income Distribution Cum Withdrawal (IDCW);INF200KA15A6;;12.9874;;;18-Feb-2026
149235;SBI Fixed Maturity Plan (FMP) - Series 52 (1848 Days) - Regular Plan - Growth;INF200KA12A3;;12.9122;;;18-Feb-2026
149233;SBI Fixed Maturity Plan (FMP) - Series 52 (1848 Days) - Regular Plan - Income Distribution Cum Withdrawal (IDCW);INF200KA13A1;;12.9122;;;18-Feb-2026
149279;SBI Fixed Maturity Plan (FMP) - Series 53 (1839 Days) - Direct Plan - Growth;INF200KA18A0;;13.0011;;;18-Feb-2026
149277;SBI Fixed Maturity Plan (FMP) - Series 53 (1839 Days) - Direct Plan - Income Distribution Cum Withdrawal Option (IDCW);INF200KA19A8;;13.0011;;;18-Feb-2026
149278;SBI Fixed Maturity Plan (FMP) - Series 53 (1839 Days) - Regular Plan - Growth;INF200KA16A4;;12.9370;;;18-Feb-2026
149280;SBI Fixed Maturity Plan (FMP) - Series 53 (1839 Days) - Regular Plan - Income  Distribution Cum Withdrawal Option (IDCW);INF200KA17A2;;12.9370;;;18-Feb-2026
149307;SBI Fixed Maturity Plan (FMP) - Series 54 (1842 Days) - Direct Plan - Growth;INF200KA12B1;;12.9807;;;18-Feb-2026
149309;SBI Fixed Maturity Plan (FMP) - Series 54 (1842 Days) - Direct Plan - Income Distribution Cum Withdrawal Option (IDCW);INF200KA13B9;;12.9812;;;18-Feb-2026
149308;SBI Fixed Maturity Plan (FMP) - Series 54 (1842 Days) - Regular Plan - Growth;INF200KA10B5;;12.9134;;;18-Feb-2026
149306;SBI Fixed Maturity Plan (FMP) - Series 54 (1842 Days) - Regular Plan - Income Distribution Cum Capital Withdrawal Option (IDCW);INF200KA11B3;;12.9134;;;18-Feb-2026
149345;SBI Fixed Maturity Plan (FMP) - Series 55 (1849 Days) - Direct Plan - Growth;INF200KA16B2;;12.9515;;;18-Feb-2026
149348;SBI Fixed Maturity Plan (FMP) - Series 55 (1849 Days) - Direct Plan - Income Distribution cum Capital Withdrawal Option (IDCW);INF200KA17B0;;12.9516;;;18-Feb-2026
149347;SBI Fixed Maturity Plan (FMP) - Series 55 (1849 Days) - Regular Plan - Growth;INF200KA14B7;;12.8853;;;18-Feb-2026
149346;SBI Fixed Maturity Plan (FMP) - Series 55 (1849 Days) - Regular Plan - Income Distribution Cum Capital Withdrawal Option (IDCW);INF200KA15B4;;12.8853;;;18-Feb-2026
149431;SBI Fixed Maturity Plan (FMP) - Series 57 (1835 Days) - Direct Plan - Growth;INF200KA14C5;;12.8702;;;18-Feb-2026
149430;SBI Fixed Maturity Plan (FMP) - Series 57 (1835 Days) - Direct Plan - Income Distribution cum Capital Withdrawal Option (IDCW);INF200KA15C2;;12.8704;;;18-Feb-2026
149432;SBI Fixed Maturity Plan (FMP) - Series 57 (1835 Days) - Regular Plan - Growth;INF200KA12C9;;12.8054;;;18-Feb-2026
149433;SBI Fixed Maturity Plan (FMP) - Series 57 (1835 Days) - Regular Plan - Income Distribution cum Capital Withdrawal Option (IDCW);INF200KA13C7;;12.8057;;;18-Feb-2026
149460;SBI Fixed Maturity Plan (FMP) - Series 58 (1842 Days) - Direct Plan - Growth;INF200KA18C6;;12.9874;;;18-Feb-2026
149461;SBI Fixed Maturity Plan (FMP) - Series 58 (1842 Days) - Direct Plan - Income Distribution cum Capital withdrawal option (IDCW);INF200KA19C4;;12.9877;;;18-Feb-2026
149459;SBI Fixed Maturity Plan (FMP) - Series 58 (1842 Days) - Regular Plan - Growth;INF200KA16C0;;12.9241;;;18-Feb-2026
149462;SBI Fixed Maturity Plan (FMP) - Series 58 (1842 Days) - Regular Plan - Income Distribution cum Capital withdrawal option (IDCW);INF200KA17C8;;12.9240;;;18-Feb-2026
149822;SBI Fixed Maturity Plan (FMP) - Series 59 (1618 Days) - Direct Plan - Growth;INF200KA19D2;;12.7669;;;18-Feb-2026
149823;SBI Fixed Maturity Plan (FMP) - Series 59 (1618 Days) - Direct Plan - Income Distribution cum Capital Withdrawal Option (IDCW);INF200KA10E9;;12.7664;;;18-Feb-2026
149825;SBI Fixed Maturity Plan (FMP) - Series 59 (1618 Days) - Regular Plan - Growth;INF200KA17D6;;12.7076;;;18-Feb-2026
149824;SBI Fixed Maturity Plan (FMP) - Series 59 (1618 Days) - Regular Plan - Income Distribution cum Capital Withdrawal Option (IDCW);INF200KA18D4;;12.7076;;;18-Feb-2026
147248;SBI Fixed Maturity Plan (FMP) - Series 6 (3668 Days) - Direct Plan - Growth;INF200KA1F27;;16.8391;;;18-Feb-2026
147249;SBI Fixed Maturity Plan (FMP) - Series 6 (3668 Days) - Direct Plan - Income Distribution cum Capital Withdrawal Option (IDCW);INF200KA1F35;;16.8393;;;18-Feb-2026
147247;SBI Fixed Maturity Plan (FMP) - Series 6 (3668 Days) - Regular Plan - Growth;INF200KA1F01;;16.5685;;;18-Feb-2026
147250;SBI Fixed Maturity Plan (FMP) - Series 6 (3668 Days) - Regular Plan - Income Distribution cum Capital Withdrawal Option (IDCW);INF200KA1F19;;16.5711;;;18-Feb-2026
149878;SBI Fixed Maturity Plan (FMP) - Series 60 (1878 Days) - Direct Plan - Growth;INF200KA13E3;;12.8990;;;18-Feb-2026
149879;SBI Fixed Maturity Plan (FMP) - Series 60 (1878 Days) - Direct Plan - Income Distribution cum Capital Withdrwal Option (IDCW);INF200KA14E1;;12.8992;;;18-Feb-2026
149876;SBI Fixed Maturity Plan (FMP) - Series 60 (1878 Days) - Regular Plan - Growth;INF200KA11E7;;12.8370;;;18-Feb-2026
149877;SBI Fixed Maturity Plan (FMP) - Series 60 (1878 Days) - Regular Plan - Income Distribution cum Capital Withdrawal Option (IDCW);INF200KA12E5;;12.8371;;;18-Feb-2026
149993;SBI Fixed Maturity Plan (FMP)- Series 61 (1927 Days)- Direct Plan- Growth option;INF200KA13F0;;12.9449;;;18-Feb-2026
149995;SBI Fixed Maturity Plan (FMP)- Series 61 (1927 Days)- Direct Plan- Income Distribution Cum Capital withdrawal option;INF200KA14F8;;12.9450;;;18-Feb-2026
149994;SBI Fixed Maturity Plan (FMP)- Series 61 (1927 Days)- Regular Plan- Growth option;INF200KA11F4;;12.8846;;;18-Feb-2026
149992;SBI Fixed Maturity Plan (FMP)- Series 61 (1927 Days)- Regular Plan- Income Distribution Cum Capital withdrawal option;INF200KA12F2;;12.8845;;;18-Feb-2026
150379;SBI Fixed Maturity Plan (FMP) - Series 66 (1361 Days) - Direct Plan - Growth;INF200KA11M0;;12.8404;;;18-Feb-2026
150378;SBI Fixed Maturity Plan (FMP) - Series 66 (1361 Days) - Direct Plan - Income Distribution cum Capital Withdrawal Option (IDCW);INF200KA12M8;;12.8405;;;18-Feb-2026
150377;SBI Fixed Maturity Plan (FMP) - Series 66 (1361 Days) - Regular Plan - Growth;INF200KA19L5;;12.7880;;;18-Feb-2026
150380;SBI Fixed Maturity Plan (FMP) - Series 66 (1361 Days) - Regular Plan - Income Distribution cum Capital Withdrawal Option (IDCW);INF200KA10M2;;12.7880;;;18-Feb-2026
150460;SBI Fixed Maturity Plan (FMP) - Series 67 (1467 Days) - Direct Plan - Growth;INF200KA15M1;;12.8460;;;18-Feb-2026
150458;SBI Fixed Maturity Plan (FMP) - Series 67 (1467 Days) - Direct Plan - IDCW Payout;INF200KA16M9;;12.8460;;;18-Feb-2026
150461;SBI Fixed Maturity Plan (FMP) - Series 67 (1467 Days) - Regular Plan - Growth;INF200KA13M6;;12.7946;;;18-Feb-2026
150459;SBI Fixed Maturity Plan (FMP) - Series 67 (1467 Days) - Regular Plan - IDCW Payout;INF200KA14M4;;12.7950;;;18-Feb-2026
150649;SBI Fixed Maturity Plan (FMP) - Series 68 (1302 Days) - Direct Plan - Growth;INF200KA15O7;;12.6666;;;18-Feb-2026
150650;SBI Fixed Maturity Plan (FMP) - Series 68 (1302 Days) - Direct Plan - IDCW Payout;INF200KA16O5;;12.6690;;;18-Feb-2026
150647;SBI Fixed Maturity Plan (FMP) - Series 68 (1302 Days) - Regular Plan - Growth;INF200KA13O2;;12.6169;;;18-Feb-2026
150648;SBI Fixed Maturity Plan (FMP) - Series 68 (1302 Days) - Regular Plan - IDCW Payout;INF200KA14O0;;12.6169;;;18-Feb-2026
151559;SBI Fixed Maturity Plan (FMP) - Series 79 (1170 Days) - Direct Plan - Growth;INF200KA19W2;;12.3363;;;18-Feb-2026
151558;SBI Fixed Maturity Plan (FMP) - Series 79 (1170 Days) - Direct Plan - Income Distribution cum Capital Withdrawal Payout;INF200KA10X9;;12.3365;;;18-Feb-2026
151556;SBI Fixed Maturity Plan (FMP) - Series 79 (1170 Days) - Regular Plan - Growth;INF200KA17W6;;12.2929;;;18-Feb-2026
151557;SBI Fixed Maturity Plan (FMP) - Series 79 (1170 Days) - Regular Plan - Income Distribution cum Capital Withdrawal Payout;INF200KA18W4;;12.2930;;;18-Feb-2026
148848;SBI Fixed Maturity Plan (FMP) - Series 42 (1857 Days) Direct Plan - Income Distribution cum Capital Withdrawal Option (IDCW);INF200KA1V27;;13.4521;;;18-Feb-2026
148845;SBI Fixed Maturity Plan (FMP) - Series 42 (1857 Days) Regular Plan - Income Distribution cum Capital Withdrawal Option (IDCW);INF200KA1V01;;13.3476;;;18-Feb-2026
148846;SBI Fixed Maturity Plan (FMP) Series 42 (1857 Days) - Direct Plan - Growth;INF200KA1V19;;13.4518;;;18-Feb-2026
148847;SBI Fixed Maturity Plan (FMP) Series 42 (1857 Days) - Regular Plan - Growth;INF200KA1U93;;13.3476;;;18-Feb-2026
148967;SBI Fixed Maturity Plan (FMP) - Series 44 (1855 Days) - Direct Plan - Growth;INF200KA1W59;;13.2933;;;18-Feb-2026
148968;SBI Fixed Maturity Plan (FMP) - Series 44 (1855 Days) - Direct Plan - Income Distribution cum Capital Withdrawal Option (IDCW);INF200KA1W67;;13.2933;;;18-Feb-2026
148966;SBI Fixed Maturity Plan (FMP) - Series 44 (1855 Days) - Regular Plan - Growth;INF200KA1W34;;13.2097;;;18-Feb-2026
148969;SBI Fixed Maturity Plan (FMP) Series 44 (1855 Days) - Regular Plan - Income Distribution cum Capital Withdrawal Option (IDCW);INF200KA1W42;;13.2097;;;18-Feb-2026
148999;SBI Fixed Maturity Plan (FMP) Series 45 (1840 Days) - Direct Plan - Growth;INF200KA1W91;;13.2812;;;18-Feb-2026
148998;SBI Fixed Maturity Plan (FMP) Series 45 (1840 Days) - Direct Plan - Income Distribution cum Capital Withdrawal Option (IDCW);INF200KA1X09;;13.2812;;;18-Feb-2026
148996;SBI Fixed Maturity Plan (FMP) Series 45 (1840 Days) - Regular Plan - Growth;INF200KA1W75;;13.2013;;;18-Feb-2026
148997;SBI Fixed Maturity Plan (FMP) Series 45 (1840Days) - Regular Plan - Income Distribution cum Capital Withdrawal Option (IDCW);INF200KA1W83;;13.2013;;;18-Feb-2026
150919;SBI Fixed Maturity Plan (FMP)-Series 72 (1239 Days) Direct Plan- Growth;INF200KA17S4;;12.5329;;;18-Feb-2026
150916;SBI Fixed Maturity Plan (FMP)-Series 72 (1239 Days) Direct Plan- Income Distribution Cum Capital Withdrawal Payout;INF200KA18S2;;12.5328;;;18-Feb-2026
150917;SBI Fixed Maturity Plan (FMP)-Series 72 (1239 Days) Regular Plan- Growth;INF200KA15S8;;12.4848;;;18-Feb-2026
150918;SBI Fixed Maturity Plan (FMP)-Series 72 (1239 Days) Regular Plan- Income Distribution Cum Capital Withdrawal Payout;INF200KA16S6;;12.4848;;;18-Feb-2026
150984;SBI Fixed Maturity Plan (FMP) - Series 73 (1226 Days) - Direct Plan - Growth;INF200KA11T5;;12.4998;;;18-Feb-2026
150985;SBI Fixed Maturity Plan (FMP) - Series 73 (1226 Days) - Direct Plan - IDCW Payout;INF200KA12T3;;12.4997;;;18-Feb-2026
150986;SBI Fixed Maturity Plan (FMP) - Series 73 (1226 Days) - Regular Plan - Growth;INF200KA19S0;;12.4533;;;18-Feb-2026
150983;SBI Fixed Maturity Plan (FMP) - Series 73 (1226 Days) - Regular Plan - IDCW Payout;INF200KA10T7;;12.4533;;;18-Feb-2026
151252;SBI Fixed Maturity Plan (FMP)-Series 74 (1243 Days)- Direct Plan- Growth;INF200KA11U3;;12.4882;;;18-Feb-2026
151253;SBI Fixed Maturity Plan (FMP)-Series 74 (1243 Days)- Direct Plan- Income Distribution Cum Capital Withdrawal Payout;INF200KA12U1;;12.4882;;;18-Feb-2026
151254;SBI Fixed Maturity Plan (FMP)-Series 74 (1243 Days)- Regular Plan- Growth;INF200KA19T8;;12.4425;;;18-Feb-2026
151255;SBI Fixed Maturity Plan (FMP)-Series 74 (1243 Days)- Regular Plan- Income Distribution Cum Capital Withdrawal Payout;INF200KA10U5;;12.4425;;;18-Feb-2026
151351;SBI Fixed Maturity Plan (FMP) - Series 76 (1221 Days) - Direct Plan - Growth;INF200KA19U6;;12.3940;;;18-Feb-2026
151350;SBI Fixed Maturity Plan (FMP) - Series 76 (1221 Days) - Direct Plan - Income Distribution Cum Capital Withdrawal Payout;INF200KA10V3;;12.3940;;;18-Feb-2026
151349;SBI Fixed Maturity Plan (FMP) - Series 76 (1221 Days) - Regular Plan - Growth;INF200KA17U0;;12.3497;;;18-Feb-2026
151348;SBI Fixed Maturity Plan (FMP) - Series 76 (1221 Days) - Regular Plan - Income Distribution Cum Capital Withdrawal Payout;INF200KA18U8;;12.3498;;;18-Feb-2026
151451;SBI Fixed Maturity Plan (FMP)-Series 78 (1170 Days) Direct Plan- Growth;INF200KA19V4;;12.3847;;;18-Feb-2026
151452;SBI Fixed Maturity Plan (FMP)-Series 78 (1170 Days) Direct Plan- Income Distribution Cum Capital Withdrawal Payout;INF200KA10W1;;12.3848;;;18-Feb-2026
151454;SBI Fixed Maturity Plan (FMP)-Series 78 (1170 Days) Regular Plan- Growth;INF200KA17V8;;12.3400;;;18-Feb-2026
151453;SBI Fixed Maturity Plan (FMP)-Series 78 (1170 Days) Regular Plan- Income Distribution Cum Capital Withdrawal Payout;INF200KA18V6;;12.3393;;;18-Feb-2026
151639;SBI Fixed Maturity Plan (FMP)-Series 81 (1157 Days) Direct Plan- Growth;INF200KA17X4;;12.2950;;;18-Feb-2026
151640;SBI Fixed Maturity Plan (FMP)-Series 81 (1157 Days) Direct Plan- Income Distribution Cum Capital Withdrawal Payout;INF200KA18X2;;12.2951;;;18-Feb-2026
151641;SBI Fixed Maturity Plan (FMP)-Series 81 (1157 Days) Regular Plan- Growth;INF200KA15X8;;12.2531;;;18-Feb-2026
151642;SBI Fixed Maturity Plan (FMP)-Series 81 (1157 Days) Regular Plan- Income Distribution Cum Capital Withdrawal Payout;INF200KA16X6;;12.2531;;;18-Feb-2026

Trust Mutual Fund
151620;TRUSTMF FIXED MATURITY PLAN -SERIES II (1196 DAYS)-DIRECT PLAN -GROWTH;INF0GCD01651;;1265.3896;;;18-Feb-2026
151617;TRUSTMF FIXED MATURITY PLAN -SERIES II (1196 DAYS)-REGULAR PLAN -GROWTH;INF0GCD01636;;1261.5243;;;18-Feb-2026
151618;TRUSTMF FIXED MATURITY PLAN -SERIES II (1196 DAYS)-REGULAR PLAN -IDCW PAYOUT;INF0GCD01644;;1261.5237;;;18-Feb-2026

UTI Mutual Fund
106185;UTI Annual Interval Fund - I - ( Instn Growth Option );INF789F01FJ8;;36.9282;;;18-Feb-2026
123663;UTI Annual Interval Fund - I - Direct Plan - Dividend Option;INF789F01VU2;INF789F01VV0;11.5192;;;18-Feb-2026
123646;UTI Annual Interval Fund - I - Direct Plan - Growth Option;INF789F01VW8;;35.9487;;;18-Feb-2026
106183;UTI Annual Interval Fund - I - Regular Plan - Growth Option;INF789F01FG4;;35.5006;;;18-Feb-2026
106186;UTI Annual Interval Fund - I - Regular Plan - IDCW;INF789F01FE9;INF789F01FF6;11.1504;;;18-Feb-2026
150835;UTI Fixed Term Income Fund - Series XXXV-I (1260 Days) - Direct Plan - Annual IDCW Option;INF789F1AWI4;;11.545;;;18-Feb-2026
150833;UTI Fixed Term Income Fund - Series XXXV-I (1260 Days) - Direct Plan - Growth Option;INF789F1AWK0;;12.6104;;;18-Feb-2026
150837;UTI Fixed Term Income Fund - Series XXXV-I (1260 Days) - Direct Plan - Maturity IDCW Option;INF789F1AWJ2;;12.6104;;;18-Feb-2026
150834;UTI Fixed Term Income Fund - Series XXXV-I (1260 Days) - Direct Plan - Quarterly IDCW Option;INF789F1AWH6;;12.6105;;;18-Feb-2026
150831;UTI Fixed Term Income Fund - Series XXXV-I (1260 days) - Regular Plan - Annual IDCW Option;INF789F1AWD5;;11.2639;;;18-Feb-2026
150832;UTI Fixed Term Income Fund - Series XXXV-I (1260 Days) - Regular Plan - Flexi IDCW Option;INF789F1AWG8;;12.4537;;;18-Feb-2026
150828;UTI Fixed Term Income Fund - Series XXXV-I (1260 Days) - Regular Plan - Growth Option;INF789F1AWF0;;12.4549;;;18-Feb-2026
150829;UTI Fixed Term Income Fund - Series XXXV-I (1260 Days) - Regular Plan - Maturity IDCW Option;INF789F1AWE3;;12.4549;;;18-Feb-2026
150830;UTI Fixed Term Income Fund - Series XXXV-I (1260 Days) - Regular Plan - Quarterly IDCW Option;INF789F1AWC7;;12.4549;;;18-Feb-2026
150965;UTI Fixed Term Income Fund - Series XXXV-II (1223 Days) - Direct Plan - Annual IDCW Option;INF789F1AWS3;;11.3763;;;18-Feb-2026
150970;UTI Fixed Term Income Fund - Series XXXV-II (1223 Days) - Direct Plan - Flexi IDCW Option;INF789F1AWV7;;12.4991;;;18-Feb-2026
150963;UTI Fixed Term Income Fund - Series XXXV-II (1223 Days) - Direct Plan - Growth Option;INF789F1AWU9;;12.4822;;;18-Feb-2026
150966;UTI Fixed Term Income Fund - Series XXXV-II (1223 Days) - Direct Plan - Maturity IDCW Option;INF789F1AWT1;;12.482;;;18-Feb-2026
150964;UTI Fixed Term Income Fund - Series XXXV-II (1223 Days) - Direct Plan - Quarterly IDCW Option;INF789F1AWR5;;12.4836;;;18-Feb-2026
150967;UTI Fixed Term Income Fund - Series XXXV-II (1223 Days) - Regular Plan - Annual IDCW Option;INF789F1AWN4;;11.2361;;;18-Feb-2026
150968;UTI Fixed Term Income Fund - Series XXXV-II (1223 Days) - Regular Plan - Flexi IDCW Option;INF789F1AWQ7;;12.3366;;;18-Feb-2026
150971;UTI Fixed Term Income Fund - Series XXXV-II (1223 Days) - Regular Plan - Growth Option;INF789F1AWP9;;12.3354;;;18-Feb-2026
150969;UTI Fixed Term Income Fund - Series XXXV-II (1223 Days) - Regular Plan - Maturity IDCW Option;INF789F1AWO2;;12.3344;;;18-Feb-2026
150972;UTI Fixed Term Income Fund - Series XXXV-II (1223 Days) - Regular Plan - Quarterly IDCW Option;INF789F1AWM6;;12.3354;;;18-Feb-2026
151334;UTI Fixed Term Income Fund - Series XXXV-III (1176 Days) - Direct Plan - Annual IDCW Option;INF789F1AXF8;;11.3105;;;18-Feb-2026
151341;UTI Fixed Term Income Fund - Series XXXV-III (1176 Days) - Direct Plan - Growth Option;INF789F1AXH4;;12.3833;;;18-Feb-2026
151335;UTI Fixed Term Income Fund - Series XXXV-III (1176 Days) - Direct Plan - Maturity IDCW Option;INF789F1AXG6;;12.3833;;;18-Feb-2026
151333;UTI Fixed Term Income Fund - Series XXXV-III (1176 Days) - Direct Plan - Quarterly IDCW Option;INF789F1AXE1;;12.3856;;;18-Feb-2026
151339;UTI Fixed Term Income Fund - Series XXXV-III (1176 Days) - Regular Plan - Annual IDCW Option;INF789F1AXJ0;;11.1793;;;18-Feb-2026
151332;UTI Fixed Term Income Fund - Series XXXV-III (1176 Days) - Regular Plan - Flexi IDCW Option;INF789F1AXD3;;12.2456;;;18-Feb-2026
151338;UTI Fixed Term Income Fund - Series XXXV-III (1176 Days) - Regular Plan - Growth Option;INF789F1AXC5;;12.2454;;;18-Feb-2026
151331;UTI Fixed Term Income Fund - Series XXXV-III (1176 Days) - Regular Plan - Quarterly IDCW Option;INF789F1AXA9;;12.2476;;;18-Feb-2026
151485;UTI Fixed Term Income Fund Series XXXVI - I (1574 Days) - Direct Plan - Growth Option;INF789F1AXP7;;12.6756;;;18-Feb-2026
151484;UTI Fixed Term Income Fund Series XXXVI - I (1574 Days) - Direct Plan - Payout of IDCW Option;INF789F1AXO0;;12.1225;;;18-Feb-2026
151483;UTI Fixed Term Income Fund Series XXXVI - I (1574 Days) - Regular Plan - Growth Option;INF789F1AXN2;;12.5251;;;18-Feb-2026
151486;UTI Fixed Term Income Fund Series XXXVI - I (1574 Days) - Regular Plan - Payout of IDCW Option;INF789F1AXM4;;11.9762;;;18-Feb-2026

Close Ended Schemes ( ELSS )


Bank of India Mutual Fund
141950;BANK OF INDIA Mid Cap Tax Fund Series 1 Direct Plan Growth;INF761K01DS3;;27.57;;;18-Feb-2026
141949;BANK OF INDIA Mid Cap Tax Fund Series 1 Direct Plan IDCW;INF761K01DT1;;27.57;;;18-Feb-2026
141952;BANK OF INDIA Mid Cap Tax Fund Series 1 Regular Plan Growth;INF761K01DU9;;26.61;;;18-Feb-2026
141951;BANK OF INDIA Mid Cap Tax Fund Series 1 Regular Plan IDCW;INF761K01DV7;;26.61;;;18-Feb-2026
144315;BANK OF INDIA Midcap Tax Fund Series 2 Direct Plan Growth;INF761K01EL6;;32.72;;;18-Feb-2026
144309;BANK OF INDIA Midcap Tax Fund Series 2 Direct Plan IDCW;INF761K01EK8;;32.72;;;18-Feb-2026
144314;BANK OF INDIA Midcap Tax Fund Series 2 Regular Plan Growth;INF761K01EN2;;31.46;;;18-Feb-2026
144316;BANK OF INDIA Midcap Tax Fund Series 2 Regular Plan IDCW;INF761K01EM4;;31.47;;;18-Feb-2026

ICICI Prudential Mutual Fund
142136;ICICI Prudential Long Term Wealth Enhancement Fund - Cumulative Option;INF109KC1077;;29.48;;;18-Feb-2026
142134;ICICI Prudential Long Term Wealth Enhancement Fund - Direct Plan Cumulative Option;INF109KC1093;;30.82;;;18-Feb-2026
142133;ICICI Prudential Long Term Wealth Enhancement Fund - Direct Plan IDCW Option;INF109KC1101;;30.82;;;18-Feb-2026
142135;ICICI Prudential Long Term Wealth Enhancement Fund - IDCW Option;INF109KC1085;;29.48;;;18-Feb-2026

SBI Mutual Fund
136007;SBI Long Term Advantage Fund - Series III - Direct Plan - Growth;INF200KA1HN8;;45.6924;;;18-Feb-2026
136006;SBI Long Term Advantage Fund - Series III - Direct Plan - Income Distribution cum Capital Withdrawal Option (IDCW);INF200KA1HO6;;38.5087;;;18-Feb-2026
136004;SBI Long Term Advantage Fund - Series III - Regular Plan - Growth;INF200KA1HL2;;42.7377;;;18-Feb-2026
136005;SBI Long Term Advantage Fund - Series III - Regular Plan - Income Distribution cum Capital Withdrawal Option (IDCW);INF200KA1HM0;;36.1886;;;18-Feb-2026
140487;SBI Long Term Advantage Fund - Series IV - Direct Plan - Growth;INF200KA1LS9;;51.2572;;;18-Feb-2026
140486;SBI Long Term Advantage Fund - Series IV - Direct Plan - Income Distribution cum Capital Withdrawal Option (IDCW);INF200KA1LT7;;43.4930;;;18-Feb-2026
140488;SBI Long Term Advantage Fund - Series IV - Regular Plan - Growth;INF200KA1LQ3;;48.7037;;;18-Feb-2026
140489;SBI Long Term Advantage Fund - Series IV - Regular Plan - Income Distribution cum Capital Withdrawal Option (IDCW);INF200KA1LR1;;41.2618;;;18-Feb-2026
142138;SBI Long Term Advantage Fund - Series V - Direct Plan - Growth;INF200KA1RW8;;32.2157;;;18-Feb-2026
142140;SBI Long Term Advantage Fund - Series V - Direct Plan - Income Distribution cum Capital Withdrawal Option (IDCW);INF200KA1RX6;;32.2169;;;18-Feb-2026
142137;SBI Long Term Advantage Fund - Series V - Regular Plan - Income Distribution cum Capital Withdrawal Option (IDCW);INF200KA1RV0;;30.9196;;;18-Feb-2026
142139;SBI Long Term Advantage Fund Series V - Regular Plan - Growth;INF200KA1RU2;;30.9325;;;18-Feb-2026
143178;SBI Long Term Advantage Fund - Series VI - Direct Plan - Growth;INF200KA1TO1;;31.7435;;;18-Feb-2026
143179;SBI Long Term Advantage Fund - Series VI - Direct Plan - Income Distribution cum Capital Withdrawal Option (IDCW);INF200KA1TP8;;31.7165;;;18-Feb-2026
143176;SBI Long Term Advantage Fund - Series VI - Regular Plan - Growth;INF200KA1TM5;;30.4955;;;18-Feb-2026
143177;SBI Long Term Advantage Fund - Series VI - Regular Plan - Income Distribution cum Capital Withdrawal Option (IDCW);INF200KA1TN3;;30.5020;;;18-Feb-2026

Sundaram Mutual Fund
139711;Sundaram Long Term Micro Cap Tax Advantage Fund Series III Direct Plan - Growth;INF903JA1443;;33.5611;;;18-Feb-2026
139710;Sundaram Long Term Micro Cap Tax Advantage Fund Series III Direct Plan - Payout of Income Distribution cum Capital Withdrawal (IDCW);INF903JA1450;;29.4318;;;18-Feb-2026
139709;Sundaram Long Term Micro Cap Tax Advantage Fund Series III Regular Plan - Growth;INF903JA1427;;32.5491;;;18-Feb-2026
139712;Sundaram Long Term Micro Cap Tax Advantage Fund Series III Regular Plan - Payout of Income Distribution cum Capital Withdrawal (IDCW);INF903JA1435;;28.4780;;;18-Feb-2026
139990;Sundaram Long Term Micro Cap Tax Advantage Fund Series IV Direct Plan - Growth;INF903JA1526;;29.1049;;;18-Feb-2026
139989;Sundaram Long Term Micro Cap Tax Advantage Fund Series IV Direct Plan - Payout of Income Distribution cum Capital Withdrawal (IDCW);INF903JA1534;;27.7019;;;18-Feb-2026
139992;Sundaram Long Term Micro Cap Tax Advantage Fund Series IV Regular Plan - Growth;INF903JA1500;;28.4454;;;18-Feb-2026
139991;Sundaram Long Term Micro Cap Tax Advantage Fund Series IV Regular Plan - Payout of Income Distribution cum Capital Withdrawal (IDCW);INF903JA1518;;27.0456;;;18-Feb-2026
141564;Sundaram Long Term Micro Cap Tax Advantage Fund Series VI Direct Plan - Growth;INF903JA1AZ0;;27.4172;;;18-Feb-2026
141567;Sundaram Long Term Micro Cap Tax Advantage Fund Series VI Direct Plan - Payout of Income Distribution cum Capital Withdrawal (IDCW);INF903JA1BA1;;26.5360;;;18-Feb-2026
141565;Sundaram Long Term Micro Cap Tax Advantage Fund Series VI Regular Plan - Growth;INF903JA1AX5;;26.1136;;;18-Feb-2026
141566;Sundaram Long Term Micro Cap Tax Advantage Fund Series VI Regular Plan - Payout of Income Distribution cum Capital Withdrawal (IDCW);INF903JA1AY3;;25.2372;;;18-Feb-2026
141141;Sundaram Long Term Micro Cap Tax Advantage Fund Series V Direct Plan - Growth;INF903JA1955;;28.4397;;;18-Feb-2026
141142;Sundaram Long Term Micro Cap Tax Advantage Fund Series V Direct Plan - Payout of Income Distribution cum Capital Withdrawal (IDCW);INF903JA1963;;27.0761;;;18-Feb-2026
141139;Sundaram Long Term Micro Cap Tax Advantage Fund Series V Regular Plan - Growth;INF903JA1930;;27.6161;;;18-Feb-2026
141140;Sundaram Long Term Micro Cap Tax Advantage Fund Series V Regular Plan - Payout of Income Distribution cum Capital Withdrawal (IDCW);INF903JA1948;;26.2591;;;18-Feb-2026
142153;Sundaram Long Term Tax Advantage Fund Series III Direct Plan - Growth;INF903JA1BT1;;29.4414;;;18-Feb-2026
142154;Sundaram Long Term Tax Advantage Fund Series III Direct Plan - Payout of Income Distribution cum Capital Withdrawal (IDCW);INF903JA1BU9;;28.0282;;;18-Feb-2026
142151;Sundaram Long Term Tax Advantage Fund Series III Regular Plan - Growth;INF903JA1BR5;;28.4851;;;18-Feb-2026
142152;Sundaram Long Term Tax Advantage Fund Series III Regular Plan - Payout of Income Distribution cum Capital Withdrawal (IDCW);INF903JA1BS3;;27.0790;;;18-Feb-2026
143079;Sundaram Long Term Tax Advantage Fund Series IV Direct Plan - Growth;INF903JA1CZ6;;33.9081;;;18-Feb-2026
143080;Sundaram Long Term Tax Advantage Fund Series IV Direct Plan - Payout of Income Distribution cum Capital Withdrawal (IDCW);INF903JA1DA7;;31.1540;;;18-Feb-2026
143077;Sundaram Long Term Tax Advantage Fund Series IV Regular Plan - Growth;INF903JA1CX1;;33.2103;;;18-Feb-2026
143078;Sundaram Long Term Tax Advantage Fund Series IV Regular Plan - Payout of Income Distribution cum Capital Withdrawal (IDCW);INF903JA1CY9;;30.4758;;;18-Feb-2026
135682;Sundaram Long Term Tax Advantage Fund Series II Direct Plan - Growth;INF903J011W9;;39.8336;;;18-Feb-2026
135681;Sundaram Long Term Tax Advantage Fund Series II Direct Plan - Payout of Income Distribution cum Capital Withdrawal (IDCW);INF903J012W7;;30.7749;;;18-Feb-2026
135684;Sundaram Long Term Tax Advantage Fund Series II Regular Plan - Growth;INF903J019V4;;38.5864;;;18-Feb-2026
135683;Sundaram Long Term Tax Advantage Fund Series II Regular Plan - Payout of Income Distribution cum Capital Withdrawal (IDCW);INF903J010W1;;29.6515;;;18-Feb-2026

UTI Mutual Fund
101834;UTI - Master Equity Plan Unit Scheme;;;233.3754;;;18-Feb-2026
