Scheme Code;Scheme Name;ISIN Div Payout/ISIN Growth;ISIN Div Reinvestment;Net Asset Value;Repurchase Price;Sale Price;Date

Open Ended Schemes ( Money Market )


Taurus Mutual Fund
139619;Taurus Investor Education Pool - Unclaimed Dividend - Growth;;;10.0000;;;05-Jan-2026
139618;Taurus Investor Education Pool - Unclaimed Redemption - Growth;;;10.0000;;;05-Jan-2026
139617;Taurus Unclaimed Redemption - Growth;;;17.3184;;;05-Jan-2026

Open Ended Schemes ( Equity Scheme - Multi Cap Fund )


Groww Mutual Fund
153034;Groww Multicap Fund - Direct - Growth;INF666M01JD9;;10.9123;;;05-Jan-2026
153098;Groww Multicap Fund - Direct - IDCW;INF666M01JE7;INF666M01JF4;10.9123;;;05-Jan-2026
153100;Groww Multicap Fund - Regular - Growth;INF666M01JG2;;10.7022;;;05-Jan-2026
153099;Groww Multicap Fund - Regular - IDCW;INF666M01JH0;INF666M01JI8;10.7095;;;05-Jan-2026

HDFC Mutual Fund
149366;HDFC Multi Cap Fund - Growth Option;INF179KC1BV9;;19.298;;;05-Jan-2026
149368;HDFC Multi Cap Fund - Growth Option - Direct Plan;INF179KC1BS5;;20.261;;;05-Jan-2026
149365;HDFC Multi Cap Fund - IDCW Option;INF179KC1BW7;INF179KC1BX5;18.286;;;05-Jan-2026
149367;HDFC Multi Cap Fund - IDCW Option - Direct Plan;INF179KC1BT3;INF179KC1BU1;19.319;;;05-Jan-2026

ITI Mutual Fund
147183;ITI Multi Cap Fund - Direct Plan - Growth Option;INF00XX01168;;27.6417;;;05-Jan-2026
147186;ITI Multi Cap Fund - Direct Plan - IDCW Option;INF00XX01176;INF00XX01184;25.4727;;;05-Jan-2026
147184;ITI Multi Cap Fund - Regular Plan - Growth Option;INF00XX01135;;24.2968;;;05-Jan-2026
147185;ITI Multi Cap Fund - Regular Plan - IDCW Option;INF00XX01143;INF00XX01150;22.2730;;;05-Jan-2026

Kotak Mahindra Mutual Fund
149183;Kotak Multicap Fund- Regular Plan -IDCW Option;INF174KA1HT7;INF174KA1HU5;20.353;;;05-Jan-2026
149185;Kotak Multicap Fund-Direct Plan-Growth;INF174KA1HV3;;21.651;;;05-Jan-2026
149187;Kotak Multicap Fund-Direct Plan-IDCW Option;INF174KA1HW1;INF174KA1HX9;21.651;;;05-Jan-2026
149182;Kotak Multicap Fund-Regular Plan-Growth;INF174KA1HS9;;20.354;;;05-Jan-2026

LIC Mutual Fund
150659;LIC MF Multi Cap Fund-Direct Plan-Growth;INF767K01RK7;;18.3309;;;05-Jan-2026
150660;LIC MF Multi Cap Fund-Direct Plan-IDCW;INF767K01RL5;INF767K01RM3;18.3309;;;05-Jan-2026
150661;LIC MF Multi Cap Fund-Regular Plan-Growth;INF767K01RH3;;17.3976;;;05-Jan-2026
150662;LIC MF Multi Cap Fund-Regular Plan-IDCW;INF767K01RI1;INF767K01RJ9;17.3976;;;05-Jan-2026

Mirae Asset Mutual Fund
151810;Mirae Asset Multicap Fund - Direct Plan - Growth;INF769K01KK8;;15.394;;;05-Jan-2026
151811;Mirae Asset Multicap Fund - Direct Plan - IDCW;INF769K01KL6;INF769K01KM4;15.392;;;05-Jan-2026
151812;Mirae Asset Multicap Fund - Regular Plan - Growth;INF769K01KH4;;14.859;;;05-Jan-2026
151813;Mirae Asset Multicap Fund - Regular Plan - IDCW;INF769K01KI2;INF769K01KJ0;14.847;;;05-Jan-2026

Motilal Oswal Mutual Fund
152650;Motilal Oswal Multi Cap Fund Regular Plan Growth;INF247L01CO2;;13.2749;;;05-Jan-2026
152649;Motilal Oswal Multi Cap Fund Regular Plan IDCW;INF247L01CJ2;INF247L01CK0;13.2749;;;05-Jan-2026
152651;Motilal Oswal Multi Cap Fund-Direct Plan Growth;INF247L01CL8;;13.5570;;;05-Jan-2026
152652;Motilal Oswal Multi Cap Fund-Direct Plan IDCW;INF247L01CM6;INF247L01CN4;13.5570;;;05-Jan-2026

PGIM India Mutual Fund
152815;PGIM India Multi Cap Fund - Direct Plan - Growth Option;INF663L01Z03;;10.23;;;05-Jan-2026
152817;PGIM India Multi Cap Fund - Direct Plan - IDCW Option;INF663L01Z11;INF663L01Z29;10.23;;;05-Jan-2026
152816;PGIM India Multi Cap Fund - Regular Plan - Growth Option;INF663L01Y87;;10;;;05-Jan-2026
152818;PGIM India Multi Cap Fund - Regular Plan - IDCW Option;INF663L01Y95;INF663L01Z37;10;;;05-Jan-2026

quant Mutual Fund
100631;quant Multi Cap Fund-GROWTH OPTION - Regular Plan;INF966L01234;;612.1641;;;05-Jan-2026
120823;quant Multi Cap Fund-GROWTH OPTION-Direct Plan;INF966L01614;;670.734;;;05-Jan-2026
120822;quant Multi Cap Fund-IDCW Option - Direct Plan;INF966L01598;INF966L01606;77.678;;;05-Jan-2026
100630;quant Multi Cap Fund-IDCW Option - Regular Plan;INF966L01218;INF966L01226;70.0093;;;05-Jan-2026

SBI Mutual Fund
149887;SBI Multicap Fund- Direct Plan - Income Distribution cum Capital Withdrawal Option (IDCW);INF200KA19E0;INF200KA10F6;17.7367;;;05-Jan-2026
149882;SBI Multicap Fund- Direct Plan- Growth option;INF200KA18E2;;17.7366;;;05-Jan-2026
149886;SBI Multicap Fund- Regular Plan- Growth Option;INF200KA15E8;;17.1219;;;05-Jan-2026
149883;SBI Multicap Fund- Regular Plan- Income Distribution cum Capital Withdrawal Option (IDCW);INF200KA16E6;INF200KA17E4;17.1247;;;05-Jan-2026

Sundaram Mutual Fund
149668;Sundaram Multi Cap Fund (Formerly Known as Principal Multi Cap Growth Fund) - Direct Plan - Income Distribution CUM Capital Withdrawal Option (IDCW);INF173K01FN7;INF173K01FO5;87.3993;;;05-Jan-2026
149666;Sundaram Multi Cap Fund (Formerly Known as Principal Multi Cap Growth Fund)- Income Distribution CUM Capital Withdrawal Option (IDCW);INF173K01957;INF173K01965;64.4605;;;05-Jan-2026
149669;Sundaram Multi Cap Fund (Formerly Known as Principal Multi Cap Growth Fund)-Direct Plan - Growth Option;INF173K01FQ0;;440.5489;;;05-Jan-2026
149667;Sundaram Multi Cap Fund (Formerly Known as Principal Multi Cap Growth Fund)-Growth Option;INF173K01940;;393.8023;;;05-Jan-2026

Tata Mutual Fund
151232;Tata Multicap Fund - Direct Plan - Growth;INF277KA1679;;15.7076;;;05-Jan-2026
151234;Tata Multicap Fund - Direct Plan - IDCW Payout;INF277KA1695;;15.7076;;;05-Jan-2026
151233;Tata Multicap Fund - Direct Plan - IDCW Reinvestment;;INF277KA1687;15.7076;;;05-Jan-2026
151235;Tata Multicap Fund - Regular Plan - Growth;INF277KA1703;;15.0048;;;05-Jan-2026
151237;Tata Multicap Fund - Regular Plan - IDCW Payout;INF277KA1729;;15.0048;;;05-Jan-2026
151236;Tata Multicap Fund - Regular Plan - IDCW Reinvestment;;INF277KA1711;15.0048;;;05-Jan-2026

Trust Mutual Fund
153644;TRUSTMF MULTI CAP FUND -DIRECT PLAN-GROWTH;INF0GCD01834;;10.6;;;05-Jan-2026
153645;TRUSTMF MULTI CAP FUND -REGULAR PLAN-GROWTH;INF0GCD01842;;10.51;;;05-Jan-2026

Union Mutual Fund
150858;Union Multicap Fund - Direct Plan - Growth Option;INF582M01IO7;;17.15;;;05-Jan-2026
150857;Union Multicap Fund - Direct Plan - IDCW Option;INF582M01IP4;INF582M01IQ2;17.15;;;05-Jan-2026
150855;Union Multicap Fund - Regular Plan - Growth Option;INF582M01IS8;;16.49;;;05-Jan-2026
150856;Union Multicap Fund - Regular Plan - IDCW Option;INF582M01IT6;INF582M01IU4;16.49;;;05-Jan-2026

WhiteOak Capital Mutual Fund
152071;WhiteOak Capital Multi Cap Fund Direct Plan Growth;INF03VN01803;;16.179;;;05-Jan-2026
152072;WhiteOak Capital Multi Cap Fund Regular Plan Growth;INF03VN01795;;15.596;;;05-Jan-2026

Open Ended Schemes ( Equity Scheme - Large Cap Fund )


Groww Mutual Fund
119133;Groww Largecap Fund (formerly known as Indiabulls Blue Chip Fund) - Direct Plan - Growth Option;INF666M01600;;53.87;;;05-Jan-2026
116547;Groww Largecap Fund (formerly known as Indiabulls Blue Chip Fund) - Regular Plan- Growth Option;INF666M01162;;44.65;;;05-Jan-2026
119134;Groww Largecap Fund (formerly known as Indiabulls Bluechip Fund)- Direct Plan- - Income Distribution cum capital withdrawal Option (Payout & Reinvestment);INF666M01626;INF666M01618;31.21;;;05-Jan-2026
140814;Groww Largecap Fund (formerly known as Indiabulls Bluechip Fund)- Direct Plan- Half Yearly -Income Distribution cum capital withdrawal Option (Payout & Reinvestment);INF666M01CQ6;INF666M01CR4;30.29;;;05-Jan-2026
140809;Groww Largecap Fund (formerly known as Indiabulls Bluechip Fund)- Direct Plan- Monthly - Income Distribution cum capital withdrawal Option (Payout & Reinvestment);INF666M01CM5;INF666M01CN3;24.06;;;05-Jan-2026
140811;Groww Largecap Fund (formerly known as Indiabulls Bluechip Fund)- Direct Plan- Quarterly - Income Distribution cum capital withdrawal Option (Payout & Reinvestment);INF666M01CO1;INF666M01CP8;30.06;;;05-Jan-2026
116548;Groww Largecap Fund (formerly known as Indiabulls Bluechip Fund)- Regular Plan- - Income Distribution cum capital withdrawal Option (Payout & Reinvestment);INF666M01188;INF666M01170;25.16;;;05-Jan-2026
140813;Groww Largecap Fund (formerly known as Indiabulls Bluechip Fund)- Regular Plan- Half Yearly - Income Distribution cum capital withdrawal Option (Payout & Reinvestment);INF666M01CW4;INF666M01CX2;26.81;;;05-Jan-2026
140810;Groww Largecap Fund (formerly known as Indiabulls Bluechip Fund)- Regular Plan- Monthly - Income Distribution cum capital withdrawal Option (Payout & Reinvestment);INF666M01CS2;INF666M01CT0;25.71;;;05-Jan-2026
140812;Groww Largecap Fund (formerly known as Indiabulls Bluechip Fund)- Regular Plan- Quarterly - Income Distribution cum capital withdrawal Option (Payout & Reinvestment);INF666M01CU8;INF666M01CV6;26.65;;;05-Jan-2026

HDFC Mutual Fund
119018;HDFC Large Cap Fund - Growth Option - Direct Plan;INF179K01YV8;;1290.289;;;05-Jan-2026
102000;HDFC Large Cap Fund - Growth Option - Regular Plan;INF179K01BE2;;1189.627;;;05-Jan-2026
119017;HDFC Large Cap Fund - IDCW Option - Direct Plan;INF179K01YT2;INF179K01YU0;70.924;;;05-Jan-2026
102001;HDFC Large Cap Fund - IDCW Option - Regular Plan;INF179K01BC6;INF179K01BD4;60.054;;;05-Jan-2026

ITI Mutual Fund
148353;ITI Large Cap Fund - Direct Plan - Growth Option;INF00XX01804;;20.2538;;;05-Jan-2026
148352;ITI Large Cap Fund - Direct Plan - IDCW Option;INF00XX01812;INF00XX01820;20.2538;;;05-Jan-2026
148351;ITI Large Cap Fund - Regular Plan - Growth Option;INF00XX01770;;18.2850;;;05-Jan-2026
148354;ITI Large Cap Fund - Regular Plan - IDCW Option;INF00XX01788;INF00XX01796;18.2850;;;05-Jan-2026

JM Financial Mutual Fund
134958;JM Large Cap Fund (Direct) - Annual IDCW;INF192K01JU4;INF192K01JV2;76.1757;;;05-Jan-2026
120490;JM Large Cap Fund (Direct) - Growth Option;INF192K01BZ0;;184.9293;;;05-Jan-2026
134957;JM Large Cap Fund (Direct) - Half Yearly IDCW ;INF192K01JR0;INF192K01JZ3;75.6433;;;05-Jan-2026
120489;JM Large Cap Fund (Direct) - IDCW;INF192K01BX5;INF192K01BY3;74.2469;;;05-Jan-2026
134956;JM Large Cap Fund (Direct) - Monthly IDCW ;INF192K01JJ7;INF192K01JK5;75.4854;;;05-Jan-2026
134960;JM Large Cap Fund (Direct) - Quarterly IDCW;INF192K01JN9;INF192K01JO7;76.1893;;;05-Jan-2026
134961;JM Large Cap Fund (Regular) - Annual IDCW;INF192K01JS8;INF192K01JT6;32.0268;;;05-Jan-2026
100219;JM Large Cap Fund (Regular) - Growth Option;INF192K01601;;160.4369;;;05-Jan-2026
134955;JM Large Cap Fund (Regular) - Half Yearly IDCW;INF192K01JP4;INF192K01JQ2;26.3006;;;05-Jan-2026
100218;JM Large Cap Fund (Regular) - IDCW ;INF192K01585;INF192K01593;31.1446;;;05-Jan-2026
134959;JM Large Cap Fund (Regular) - Monthly IDCW;INF192K01JH1;INF192K01JI9;24.9288;;;05-Jan-2026
134954;JM Large Cap Fund (Regular) - Quarterly IDCW;INF192K01JL3;INF192K01JM1;36.2062;;;05-Jan-2026

Kotak Mahindra Mutual Fund
120152;Kotak Large Cap  Fund - Growth - Direct;INF174K01KW6;;692.018;;;05-Jan-2026
114458;Kotak Large Cap Fund - Growth;INF174K01153;;598.496;;;05-Jan-2026
120153;Kotak Large Cap Fund - Payout of Income Distribution cum capital withdrawal option - Direct;INF174K01KY2;INF174K01KX4;91.521;;;05-Jan-2026
114457;Kotak Large Cap Fund - Payout of Income Distribution cumcapital withdrawal option;INF174K01179;INF174K01161;77.256;;;05-Jan-2026

LIC Mutual Fund
120267;LIC MF Large Cap Fund-Direct Plan-Growth;INF767K01EJ7;;65.8943;;;05-Jan-2026
120268;LIC MF Large Cap Fund-Direct Plan-IDCW;INF767K01EI9;INF767K01EK5;41.4954;;;05-Jan-2026
106871;LIC MF Large Cap Fund-Regular Plan-Growth;INF767K01105;;57.6716;;;05-Jan-2026
100332;LIC MF Large Cap Fund-Regular Plan-IDCW;INF767K01097;INF767K01089;34.83;;;05-Jan-2026

Mirae Asset Mutual Fund
118825;Mirae Asset Large Cap Fund - Direct Plan - Growth;INF769K01AX2;;133.921;;;05-Jan-2026
107578;Mirae Asset Large Cap Fund - Growth Plan;INF769K01010;;118.270;;;05-Jan-2026
118826;Mirae Asset Large Cap Fund Direct IDCW;INF769K01AY0;INF769K01AZ7;75.800;;;05-Jan-2026
107579;Mirae Asset Large Cap Fund Regular IDCW;INF769K01036;INF769K01028;32.855;;;05-Jan-2026

Motilal Oswal Mutual Fund
152354;Motilal Oswal Large Cap Direct Plan Growth;INF247L01CE3;;14.7279;;;05-Jan-2026
152351;Motilal Oswal Large Cap Direct Plan IDCW;INF247L01CF0;INF247L01CG8;13.9084;;;05-Jan-2026
152352;Motilal Oswal Large Cap Regular Plan Growth;INF247L01CB9;;14.3660;;;05-Jan-2026
152353;Motilal Oswal Large Cap Regular Plan IDCW;INF247L01CC7;INF247L01CD5;13.4080;;;05-Jan-2026

PGIM India Mutual Fund
138313;PGIM India Large Cap Fund - Direct Plan - Dividend;INF663L01GS2;INF663L01GT0;28.93;;;05-Jan-2026
138312;PGIM India Large Cap Fund - Direct Plan - Growth;INF663L01GR4;;420.19;;;05-Jan-2026
138307;PGIM India Large Cap Fund - Dividend;INF663L01GU8;INF663L01GV6;20.11;;;05-Jan-2026
138308;PGIM India Large Cap Fund - Growth;INF663L01GW4;;351.64;;;05-Jan-2026

quant Mutual Fund
150440;quant Large Cap Fund - Growth Option - Direct Plan;INF966L01AT0;;16.203;;;05-Jan-2026
150441;quant Large Cap Fund - Growth Option - Regular Plan;INF966L01AW4;;15.3503;;;05-Jan-2026
150439;quant Large Cap Fund - IDCW Option - Direct Plan;INF966L01AU8;INF966L01AV6;16.2706;;;05-Jan-2026
150442;quant Large Cap Fund - IDCW Option - Regular Plan;INF966L01AX2;INF966L01AY0;15.2628;;;05-Jan-2026

SBI Mutual Fund
119585;SBI Large Cap Fund - Direct Plan - Income Distribution cum Capital Withdrawal Option (IDCW);INF200K01QV8;INF200K01QW6;70.0678;;;05-Jan-2026
103616;SBI Large Cap Fund - Regular Plan - Income Distribution cum Capital Withdrawal Option (IDCW);INF200K01164;INF200K01172;55.2704;;;05-Jan-2026
119598;SBI Large Cap FUND-DIRECT PLAN -GROWTH;INF200K01QX4;;107.9636;;;05-Jan-2026
103504;SBI Large Cap FUND-REGULAR PLAN GROWTH;INF200K01180;;97.1558;;;05-Jan-2026

Sundaram Mutual Fund
148509;Sundaram Large Cap Fund (Formerly Known as Sundaram Blue Chip  Fund)  Direct Plan - Reinvestment of Income Distribution cum Capital Withdrawal (IDCW);INF903JA1JE6;;17.2040;;;05-Jan-2026
148505;Sundaram Large Cap Fund (Formerly Known as Sundaram Blue Chip Fund)  Regular Plan - Payout of Income Distribution cum Capital Withdrawal (IDCW);INF903JA1JA4;;15.9046;;;05-Jan-2026
148508;Sundaram Large Cap Fund (Formerly Known as Sundaram Blue Chip Fund) Direct Plan - Payout of Income Distribution cum Capital Withdrawal (IDCW);INF903JA1JD8;;17.2040;;;05-Jan-2026
148506;Sundaram Large Cap Fund (Formerly Known as Sundaram Blue Chip Fund) Regular Plan - Reinvestment of Income Distribution cum Capital Withdrawal (IDCW);INF903JA1JB2;;15.9046;;;05-Jan-2026
148507;Sundaram Large Cap Fund (Formerly Known as Sundaram Blue Chip Fund)Direct Plan - Growth;INF903JA1JC0;;23.6949;;;05-Jan-2026
148504;Sundaram Large Cap Fund(Formerly Known as Sundaram Blue Chip Fund) Regular Plan - Growth;INF903JA1IZ3;;21.9402;;;05-Jan-2026

Tata Mutual Fund
119160;Tata Large Cap Fund -Direct Plan Growth Option;INF277K01QZ7;;612.4774;;;05-Jan-2026
100475;Tata Large Cap Fund -Regular Plan - Growth Option;INF277K01931;;531.0349;;;05-Jan-2026
119159;Tata Large Cap Fund- Direct Plan - Payout of IDCW Option;INF277K01QX2;INF277K01QY0;139.1436;;;05-Jan-2026
102036;Tata Large Cap Fund- Regular Plan - Payout of IDCW Option;INF277K01EG3;INF277K01923;115.7074;;;05-Jan-2026

Taurus Mutual Fund
118870;Taurus Large Cap Fund - Direct Plan - Growth;INF044D01BX3;;171.59;;;05-Jan-2026
118871;Taurus Large Cap Fund - Direct Plan - Payout of Income Distribution cum Capital Withdrawal option;INF044D01BY1;INF044D01BZ8;75.59;;;05-Jan-2026
101209;Taurus Large Cap Fund - Regular Plan - Growth;INF044D01773;;162.05;;;05-Jan-2026
108403;Taurus Large Cap Fund - Regular Plan - Payout of Income Distribution cum Capital Withdrawal option;INF044D01740;INF044D01757;70.99;;;05-Jan-2026

Union Mutual Fund
141248;Union Largecap Fund - Direct Plan - Growth Option;INF582M01CU7;;25.74;;;05-Jan-2026
141249;Union Largecap Fund - Direct Plan - IDCW Option;INF582M01CV5;INF582M01CW3;25.74;;;05-Jan-2026
141247;Union Largecap Fund - Regular Plan - Growth Option;INF582M01CQ5;;24.13;;;05-Jan-2026
141250;Union Largecap Fund - Regular Plan - IDCW Option;INF582M01CR3;INF582M01CS1;24.13;;;05-Jan-2026

WhiteOak Capital Mutual Fund
150797;WhiteOak Capital Large Cap Fund Direct Plan Growth;INF03VN01696;;16.356;;;05-Jan-2026
150798;WhiteOak Capital Large Cap Fund Direct Plan IDCW;INF03VN01704;INF03VN01712;16.356;;;05-Jan-2026
150799;WhiteOak Capital Large Cap Fund Regular Plan Growth;INF03VN01662;;15.530;;;05-Jan-2026
150800;WhiteOak Capital Large Cap Fund Regular Plan IDCW;INF03VN01670;INF03VN01688;15.530;;;05-Jan-2026

Open Ended Schemes ( Equity Scheme - Large & Mid Cap Fund )


HDFC Mutual Fund
130496;HDFC Large and Mid Cap Fund - Growth Option;INF179KA1RT1;;352.939;;;05-Jan-2026
130498;HDFC Large and Mid Cap Fund - Growth Option - Direct Plan;INF179KA1RQ7;;372.49;;;05-Jan-2026
130497;HDFC Large and Mid Cap Fund - IDCW Option;INF179KA1RU9;;38.844;;;05-Jan-2026
130499;HDFC Large and Mid Cap Fund - IDCW Option - Direct Plan;INF179KA1RR5;;50.935;;;05-Jan-2026

Helios Mutual Fund
152941;Helios Large & Mid Cap Fund - Direct Plan - Growth Option;INF0R8701269;;11.36;;;05-Jan-2026
152942;Helios Large & Mid Cap Fund - Direct Plan - IDCW Option;INF0R8701277;INF0R8701285;11.36;;;05-Jan-2026
152943;Helios Large & Mid Cap Fund - Regular Plan - Growth Option;INF0R8701236;;11.15;;;05-Jan-2026
152944;Helios Large & Mid Cap Fund - Regular Plan - IDCW Option;INF0R8701244;INF0R8701251;11.14;;;05-Jan-2026

ITI Mutual Fund
152821;ITI Large & Midcap Fund - Direct Plan - Growth;INF00XX01DA4;;9.9361;;;05-Jan-2026
152823;ITI Large & Midcap Fund - Direct Plan - IDCW Option;INF00XX01DB2;INF00XX01DC0;9.9361;;;05-Jan-2026
152824;ITI Large & Midcap Fund - Regular Plan - Growth;INF00XX01CX8;;9.7161;;;05-Jan-2026
152822;ITI Large & Midcap Fund - Regular Plan - IDCW Option;INF00XX01CY6;INF00XX01CZ3;9.7161;;;05-Jan-2026

JM Financial Mutual Fund
153629;JM Large & Mid Cap Fund (Direct) - Growth Option;INF192K01NK7;;10.5286;;;05-Jan-2026
153630;JM Large & Mid Cap Fund (Direct) - IDCW;INF192K01NP6;INF192K01NL5;10.5286;;;05-Jan-2026
153627;JM Large & Mid Cap Fund (Regular) - Growth Option;INF192K01NM3;;10.4457;;;05-Jan-2026
153628;JM Large & Mid Cap Fund (Regular) - IDCW;INF192K01NO9;INF192K01NN1;10.4457;;;05-Jan-2026

Kotak Mahindra Mutual Fund
120158;Kotak Large & Midcap Fund - Direct- Growth;INF174K01LF9;;411.465;;;05-Jan-2026
103234;Kotak Large & Midcap Fund - Growth-Regular;INF174K01187;;356.699;;;05-Jan-2026
120157;Kotak Large & Midcap Fund - IDCW-Direct;INF174K01LG7;INF174K01LH5;72.606;;;05-Jan-2026
103233;Kotak Large & Midcap Fund - IDCW-Regular;INF174K01203;INF174K01195;62.23;;;05-Jan-2026

LIC Mutual Fund
133710;LIC MF Large & Mid Cap Fund-Direct Plan-Growth;INF767K01NE9;;45.5521;;;05-Jan-2026
133709;LIC MF Large & Mid Cap Fund-Direct Plan-IDCW;INF767K01ND1;INF767K01NF6;36.1411;;;05-Jan-2026
133711;LIC MF Large & Mid Cap Fund-Regular Plan-Growth;INF767K01NB5;;39.3433;;;05-Jan-2026
133712;LIC MF Large & Mid Cap Fund-Regular Plan-IDCW;INF767K01NA7;INF767K01NC3;31.8544;;;05-Jan-2026

Mirae Asset Mutual Fund
118834;Mirae Asset Large & Midcap Fund - Direct Plan - Growth;INF769K01BI1;;179.317;;;05-Jan-2026
118835;Mirae Asset Large & Midcap Fund - Direct Plan - IDCW;INF769K01BJ9;INF769K01BK7;90.591;;;05-Jan-2026
112932;Mirae Asset Large & Midcap Fund - Regular Plan - Growth;INF769K01101;;158.651;;;05-Jan-2026
112931;Mirae Asset Large & Midcap Fund - Regular Plan - IDCW;INF769K01127;INF769K01119;52.589;;;05-Jan-2026

Motilal Oswal Mutual Fund
147704;Motilal Oswal Large and Midcap Fund - Direct Plan Growth;INF247L01999;;36.7610;;;05-Jan-2026
147701;Motilal Oswal Large and Midcap Fund - Regular Plan Growth;INF247L01965;;33.5431;;;05-Jan-2026
147706;Motilal Oswal Large and Midcap Fund Direct - IDCW Payout/Reinvestment;INF247L01AB3;INF247L01AA5;27.9330;;;05-Jan-2026
147703;Motilal Oswal Large and Midcap Fund Regular - IDCW Payout/Reinvestment;INF247L01981;INF247L01973;25.6073;;;05-Jan-2026

Navi Mutual Fund
141414;Navi Large & Midcap Fund - Direct Annual IDCW Payout;INF959L01CR5;INF959L01CS3;43.003;;;05-Jan-2026
141415;Navi Large & Midcap Fund - Direct Half Yearly IDCW Payout;INF959L01CP9;INF959L01CQ7;43.0408;;;05-Jan-2026
135679;Navi Large & Midcap Fund - Direct Normal IDCW Payout;INF959L01CI4;INF959L01CJ2;43.1507;;;05-Jan-2026
141411;Navi Large & Midcap Fund - Regular Annual IDCW payout;INF959L01CV7;INF959L01CW5;37.2573;;;05-Jan-2026
141410;NAVI Large & Midcap Fund - Regular Half Yearly IDCW Payout;INF959L01CT1;INF959L01CU9;36.234;;;05-Jan-2026
135680;Navi Large & Midcap Fund - Regular Normal IDCW Payout;INF959L01CL8;INF959L01CM6;36.2207;;;05-Jan-2026
135677;Navi Large & Midcap Fund- Direct Plan- Growth Option;INF959L01CH6;;43.6766;;;05-Jan-2026
135678;Navi Large & Midcap Fund- Regular Plan- Growth Option;INF959L01CK0;;36.2251;;;05-Jan-2026

PGIM India Mutual Fund
152382;PGIM India Large and Midcap Fund - Direct Plan - Growth Option;INF663L01Y12;;13.08;;;05-Jan-2026
152384;PGIM India Large and Midcap Fund - Direct Plan - IDCW option;INF663L01Y20;INF663L01Y38;12.48;;;05-Jan-2026
152383;PGIM India Large and Midcap Fund - Regular Plan - Growth Option;INF663L01X88;;12.65;;;05-Jan-2026
152385;PGIM India Large and Midcap Fund - Regular Plan - IDCW Option;INF663L01X96;INF663L01Y04;12.36;;;05-Jan-2026

quant Mutual Fund
104515;quant Large & Mid Cap Fund - Bonus Option - Regular Plan;INF966L01424;;114.9174;;;05-Jan-2026
120824;quant Large & Mid Cap Fund - Bonus Option-Direct Plan;INF966L01655;;114.9174;;;05-Jan-2026
104513;quant Large & Mid Cap Fund - Growth Option;INF966L01341;;114.6667;;;05-Jan-2026
120826;quant Large & Mid Cap Fund - Growth Option-Direct Plan;INF966L01648;;126.2585;;;05-Jan-2026
120825;quant Large & Mid Cap Fund - IDCW Option - Direct Plan;INF966L01622;INF966L01630;58.7895;;;05-Jan-2026
104514;quant Large & Mid Cap Fund - IDCW Option - Regular Plan;INF966L01325;INF966L01333;69.9923;;;05-Jan-2026

Sundaram Mutual Fund
119565;Sundaram Large and Midcap Direct Plan - Income Distribution cum Capital Withdrawal (IDCW);INF903J01PP3;INF903J01PQ1;34.6719;;;05-Jan-2026
119566;Sundaram Large and Midcap Fund Direct Plan - Growth;INF903J01PR9;;100.5077;;;05-Jan-2026
105001;Sundaram Large and Midcap Fund Regular Plan - Growth;INF903J01DT1;;88.9260;;;05-Jan-2026
105000;Sundaram Large and Midcap Regular Plan - Income Distribution cum Capital Withdrawal (IDCW);INF903J01DU9;INF903J01DV7;30.0122;;;05-Jan-2026

Tata Mutual Fund
119202;Tata Large & MId Cap Fund -Direct Plan- Growth Option;INF277K01MK8;;602.7182;;;05-Jan-2026
119201;Tata Large & Mid Cap Fund Direct Plan - Payout of IDCW Option;INF277K01MI2;INF277K01MJ0;118.0900;;;05-Jan-2026
101823;Tata Large & Mid Cap Fund Regular Plan - Payout of IDCW Option;INF277K01DH3;INF277K01410;84.7634;;;05-Jan-2026
101824;Tata Large & Mid Cap Fund- Regular Plan - Growth Option;INF277K01428;;525.8537;;;05-Jan-2026

Union Mutual Fund
147750;Union Large & Midcap Fund - Direct Plan - Growth Option;INF582M01GA0;;28.44;;;05-Jan-2026
147751;Union Large & Midcap Fund - Direct Plan - IDCW Option;INF582M01GC6;INF582M01GB8;28.44;;;05-Jan-2026
147748;Union Large & Midcap Fund - Regular Plan - Growth Option;INF582M01GD4;;26.38;;;05-Jan-2026
147749;Union Large & Midcap Fund - Regular Plan - IDCW Option;INF582M01GG7;INF582M01GF9;26.38;;;05-Jan-2026

WhiteOak Capital Mutual Fund
152226;Whiteoak Capital Large & Mid Cap Fund Direct Plan Growth;INF03VN01845;;14.167;;;05-Jan-2026
152225;Whiteoak Capital Large & Mid Cap Fund Regular Plan Growth;INF03VN01837;;13.708;;;05-Jan-2026

Open Ended Schemes ( Equity Scheme - Mid Cap Fund )


HDFC Mutual Fund
118989;HDFC Mid Cap Fund - Growth Option - Direct Plan;INF179K01XQ0;;226.659;;;05-Jan-2026
105758;HDFC Mid Cap Fund - Growth Plan;INF179K01CR2;;205.205;;;05-Jan-2026
118988;HDFC Mid Cap Fund - IDCW Option - Direct Plan;INF179K01XO5;INF179K01XP2;85.547;;;05-Jan-2026
105757;HDFC Mid Cap Fund - IDCW Plan;INF179K01CS0;INF179K01CT8;56.548;;;05-Jan-2026

Helios Mutual Fund
153326;Helios Mid Cap Fund - Direct Plan - Growth Option;INF0R8701327;;12.97;;;05-Jan-2026
153324;Helios Mid Cap Fund - Direct Plan - IDCW Option;INF0R8701335;INF0R8701343;12.97;;;05-Jan-2026
153327;Helios Mid Cap Fund - Regular Plan - Growth Plan;INF0R8701293;;12.81;;;05-Jan-2026
153325;Helios Mid Cap Fund - Regular Plan - IDCW Option;INF0R8701301;INF0R8701319;12.81;;;05-Jan-2026

ITI Mutual Fund
148733;ITI Mid Cap Fund - Direct Plan - Growth Option;INF00XX01929;;24.7011;;;05-Jan-2026
148731;ITI Mid Cap Fund - Direct Plan - IDCW Option;INF00XX01937;INF00XX01945;23.6705;;;05-Jan-2026
148732;ITI Mid Cap Fund - Regular Plan - Growth Option;INF00XX01895;;22.4477;;;05-Jan-2026
148734;ITI Mid Cap Fund - Regular Plan - IDCW Option;INF00XX01903;INF00XX01911;21.4489;;;05-Jan-2026

JM Financial Mutual Fund
150815;JM Midcap Fund (Direct) - Growth;INF192K01MV6;;20.0014;;;05-Jan-2026
150814;JM Midcap Fund (Direct) - IDCW;INF192K01MW4;INF192K01MX2;20.0013;;;05-Jan-2026
150812;JM Midcap Fund (Regular) - Growth;INF192K01MS2;;18.9285;;;05-Jan-2026
150813;JM Midcap Fund (Regular) - IDCW;INF192K01MT0;INF192K01MU8;18.9285;;;05-Jan-2026

Kotak Mahindra Mutual Fund
119774;Kotak Midcap Fund  - Direct Plan - IDCW - Payout & Re-investment of Income Distribution cum capital withdrawal option;INF174K01LU8;INF174K01LV6;95.624;;;05-Jan-2026
119775;Kotak Midcap Fund - Direct Plan - Growth;INF174K01LT0;;160.5;;;05-Jan-2026
104908;Kotak Midcap Fund - Regular Plan - Growth;INF174K01DS9;;138.001;;;05-Jan-2026
104907;Kotak Midcap Fund - Regular Plan - IDCW -Payout & Re-investment of Income Distribution cum capital withdrawal option;INF174K01DU5;INF174K01DT7;75.794;;;05-Jan-2026

LIC Mutual Fund
152002;LIC MF Mid Cap Fund-Direct Plan-Growth;INF397L01JK8;;33.1165;;;05-Jan-2026
151999;LIC MF Mid Cap Fund-Direct Plan-IDCW;INF397L01JH4;INF397L01JI2;31.1142;;;05-Jan-2026
152001;LIC MF Mid Cap Fund-Regular Plan-Growth;INF397L01JO0;;29.4717;;;05-Jan-2026
152000;LIC MF Mid Cap Fund-Regular Plan-IDCW;INF397L01JL6;INF397L01JM4;27.6598;;;05-Jan-2026

Mirae Asset Mutual Fund
147479;Mirae Asset Midcap Fund - Regular Plan-Growth Option;INF769K01EY2;;38.494;;;05-Jan-2026
147478;Mirae Asset Midcap Fund Direct IDCW;INF769K01EZ9;INF769K01FC5;29.918;;;05-Jan-2026
147480;Mirae Asset Midcap Fund Regular IDCW;INF769K01EX4;INF769K01FB7;27.350;;;05-Jan-2026
147445;Mirae Asset Midcap Fund- Direct Growth Option;INF769K01FA9;;41.847;;;05-Jan-2026

Motilal Oswal Mutual Fund
127044;Motilal Oswal Midcap Fund-Direct - IDCW Payout/Reinvestment;INF247L01460;INF247L01452;50.1617;;;05-Jan-2026
127042;Motilal Oswal Midcap Fund-Direct Plan-Growth Option;INF247L01445;;114.4763;;;05-Jan-2026
127040;Motilal Oswal Midcap Fund-Regular - IDCW Payout/Reinvestment;INF247L01437;INF247L01429;48.3359;;;05-Jan-2026
127039;Motilal Oswal Midcap Fund-Regular Plan-Growth Option;INF247L01411;;99.5563;;;05-Jan-2026

PGIM India Mutual Fund
125301;PGIM India Midcap Fund - Direct Plan - Dividend Option - Payout;INF663L01DW1;INF663L01DX9;62.37;;;05-Jan-2026
125307;PGIM India Midcap Fund - Direct Plan - Growth Option;INF663L01DV3;;75.24;;;05-Jan-2026
125306;PGIM India Midcap Fund - Regular Plan - Dividend Option - Payout;INF663L01EA5;INF663L01EB3;25.31;;;05-Jan-2026
125305;PGIM India Midcap Fund - Regular Plan - Growth Option;INF663L01DZ4;;64.6;;;05-Jan-2026

quant Mutual Fund
120841;quant Mid Cap Fund - Growth Option - Direct Plan;INF966L01887;;234.5069;;;05-Jan-2026
101065;quant Mid Cap Fund - Growth Option - Regular Plan;INF966L01176;;208.0194;;;05-Jan-2026
120840;quant Mid Cap Fund - IDCW Option - Direct Plan;INF966L01861;INF966L01879;82.369;;;05-Jan-2026
101066;quant Mid Cap Fund - IDCW Option - Regular Plan;INF966L01150;INF966L01168;73.9516;;;05-Jan-2026

SBI Mutual Fund
119716;SBI MIDCAP FUND - DIRECT PLAN - GROWTH;INF200K01TP4;;269.0907;;;05-Jan-2026
119715;SBI Midcap Fund - Direct Plan - Income Distribution cum Capital Withdrawal Option (IDCW);INF200K01TN9;INF200K01TO7;152.5611;;;05-Jan-2026
102941;SBI MIDCAP FUND - REGULAR PLAN - GROWTH;INF200K01560;;239.1600;;;05-Jan-2026
102942;SBI Midcap Fund - Regular Plan - Income Distribution cum Capital Withdrawal Option (IDCW);INF200K01578;INF200K01586;97.7241;;;05-Jan-2026

Sundaram Mutual Fund
119581;Sundaram Mid Cap Fund Direct Plan - Growth;INF903J01MJ3;;1585.5272;;;05-Jan-2026
119582;Sundaram Mid Cap Fund Direct Plan - Income Distribution cum Capital Withdrawal (IDCW);INF903J01MH7;INF903J01MI5;74.4521;;;05-Jan-2026
101539;Sundaram Mid Cap Fund Regular Plan - Growth;INF903J01173;;1446.5054;;;05-Jan-2026
101538;Sundaram Mid Cap Fund Regular Plan - Income Distribution cum Capital Withdrawal (IDCW);INF903J01181;INF903J01199;66.9546;;;05-Jan-2026

Tata Mutual Fund
119178;Tata Mid Cap Fund - Direct Plan- Growth Option;INF277K01PY2;;521.7401;;;05-Jan-2026
119177;Tata Mid Cap Fund - Direct Plan- IDCW Option;INF277K01PW6;INF277K01PX4;172.2203;;;05-Jan-2026
102328;Tata Mid Cap Fund Regular Plan- Growth Option;INF277K01626;;456.2640;;;05-Jan-2026
102326;Tata Mid Cap Fund-Regular Plan - IDCW Option;INF277K01DS0;INF277K01642;125.9363;;;05-Jan-2026

Taurus Mutual Fund
118872;Taurus Mid Cap Fund - Direct Plan - Growth;INF044D01CA9;;128.63;;;05-Jan-2026
118873;Taurus Mid Cap Fund - Direct Plan - Payout of Income Distribution cum Capital Withdrawal option;INF044D01CB7;INF044D01CC5;114.27;;;05-Jan-2026
100477;Taurus Mid Cap Fund - Regular Plan - Growth;INF044D01815;;121.61;;;05-Jan-2026
111642;Taurus Mid Cap Fund - Regular Plan - Payout of Income Distribution cum Capital Withdrawal option;INF044D01781;INF044D01799;108.40;;;05-Jan-2026

Union Mutual Fund
148073;Union Midcap Fund - Direct Plan - Growth Option;INF582M01GI3;;53.33;;;05-Jan-2026
148074;Union Midcap Fund - Direct Plan - IDCW Option;INF582M01GK9;INF582M01GJ1;53.33;;;05-Jan-2026
148071;Union Midcap Fund - Regular Plan - Growth Option;INF582M01GM5;;49.24;;;05-Jan-2026
148072;Union Midcap Fund - Regular Plan - IDCW Option;INF582M01GO1;INF582M01GN3;49.24;;;05-Jan-2026

WhiteOak Capital Mutual Fund
150584;WhiteOak Capital Mid Cap Fund Direct Plan Growth;INF03VN01597;;21.301;;;05-Jan-2026
150582;WhiteOak Capital Mid Cap Fund Direct Plan IDCW;INF03VN01605;INF03VN01613;21.301;;;05-Jan-2026
150583;WhiteOak Capital Mid Cap Fund Regular Plan Growth;INF03VN01563;;20.207;;;05-Jan-2026
150585;WhiteOak Capital Mid Cap Fund Regular Plan IDCW;INF03VN01571;INF03VN01589;20.207;;;05-Jan-2026

Open Ended Schemes ( Equity Scheme - Small Cap Fund )


HDFC Mutual Fund
130502;HDFC Small Cap Fund - Growth Option;INF179KA1RZ8;;139.867;;;05-Jan-2026
130503;HDFC Small Cap Fund - Growth Option - Direct Plan;INF179KA1RW5;;159.665;;;05-Jan-2026
130501;HDFC Small Cap Fund - IDCW Option;INF179KA1SA9;INF179KA1SB7;44.925;;;05-Jan-2026
130504;HDFC Small Cap Fund - IDCW Option - Direct Plan;INF179KA1RX3;INF179KA1RY1;68.966;;;05-Jan-2026

Helios Mutual Fund
153912;Helios Small Cap Fund - Direct Plan - Growth Option;INF0R8701384;;9.90;;;05-Jan-2026
153910;Helios Small Cap Fund - Direct Plan - IDCW Option;INF0R8701392;INF0R8701400;9.90;;;05-Jan-2026
153909;Helios Small Cap Fund - Regular Plan - Growth Option;INF0R8701350;;9.88;;;05-Jan-2026
153911;Helios Small Cap Fund - Regular Plan - IDCW Option;INF0R8701368;INF0R8701376;9.88;;;05-Jan-2026

ITI Mutual Fund
147919;ITI Small Cap Fund - Direct Plan - Growth Option;INF00XX01747;;31.6995;;;05-Jan-2026
147917;ITI Small Cap Fund - Direct Plan - IDCW Option;INF00XX01754;INF00XX01762;30.6708;;;05-Jan-2026
147920;ITI Small Cap Fund - Regular Plan - Growth Option;INF00XX01713;;28.3508;;;05-Jan-2026
147918;ITI Small Cap Fund - Regular Plan - IDCW Option;INF00XX01721;INF00XX01739;27.3510;;;05-Jan-2026

JM Financial Mutual Fund
152614;JM Small Cap Fund (Direct) - Growth Option;INF192K01NH3;;9.9633;;;05-Jan-2026
152615;JM Small Cap Fund (Direct) - IDCW Option;INF192K01NI1;INF192K01NJ9;9.9635;;;05-Jan-2026
152612;JM Small Cap Fund (Regular) - Growth Option;INF192K01NE0;;9.7038;;;05-Jan-2026
152613;JM Small Cap Fund (Regular) - IDCW Option;INF192K01NF7;INF192K01NG5;9.7039;;;05-Jan-2026

Kotak Mahindra Mutual Fund
102875;Kotak-Small Cap Fund - Growth;INF174K01211;;252.837;;;05-Jan-2026
120164;Kotak-Small Cap Fund - Growth - Direct;INF174K01KT2;;298.216;;;05-Jan-2026
102874;Kotak-Small Cap Fund - Payout of Income Distribution cum capital withdrawal option;INF174K01237;INF174K01229;110.304;;;05-Jan-2026
120163;Kotak-Small Cap Fund - Payout of Income Distribution cum capital withdrawal option - Direct;INF174K01KU0;INF174K01KV8;130.986;;;05-Jan-2026

LIC Mutual Fund
152004;LIC MF Small Cap Fund-Direct Plan-Growth;INF397L01JS1;;33.369;;;05-Jan-2026
152005;LIC MF Small Cap Fund-Direct Plan-IDCW;INF397L01JP7;INF397L01JQ5;33.3629;;;05-Jan-2026
152003;LIC MF Small Cap Fund-Regular Plan-Growth;INF397L01JW3;;29.6218;;;05-Jan-2026
152006;LIC MF Small Cap Fund-Regular Plan-IDCW;INF397L01JT9;INF397L01JU7;29.6214;;;05-Jan-2026

Mirae Asset Mutual Fund
153196;Mirae Asset Small Cap Fund - Direct Plan - Growth;INF769K01NJ4;;11.938;;;05-Jan-2026
153197;Mirae Asset Small Cap Fund - Direct Plan - IDCW;INF769K01NL0;INF769K01NK2;11.938;;;05-Jan-2026
153198;Mirae Asset Small Cap Fund - Regular Plan - Growth;INF769K01NG0;;11.759;;;05-Jan-2026
153199;Mirae Asset Small Cap Fund - Regular Plan - IDCW;INF769K01NI6;INF769K01NH8;11.759;;;05-Jan-2026

Motilal Oswal Mutual Fund
152237;Motilal Oswal Small Cap Fund - Direct - Growth;INF247L01BY3;;14.3983;;;05-Jan-2026
152235;Motilal Oswal Small Cap Fund - Direct IDCW;INF247L01BZ0;INF247L01CA1;14.3982;;;05-Jan-2026
152232;Motilal Oswal Small Cap Fund - Regular - Growth;INF247L01BV9;;14.0006;;;05-Jan-2026
152234;Motilal Oswal Small Cap Fund - Regular - IDCW;INF247L01BW7;INF247L01BX5;14.0009;;;05-Jan-2026

PGIM India Mutual Fund
149031;PGIM India Small Cap Fund - Direct Plan - IDCW Option;INF663L01W14;INF663L01W22;14.95;;;05-Jan-2026
149019;PGIM India Small Cap Fund - Direct Plan- Growth Option;INF663L01W06;;17.38;;;05-Jan-2026
149020;PGIM India Small Cap Fund - Regular Plan - Growth Option;INF663L01W30;;16.13;;;05-Jan-2026
149032;PGIM India Small Cap Fund - Regular Plan - IDCW Option;INF663L01W48;INF663L01W55;14.35;;;05-Jan-2026

quant Mutual Fund
100177;quant Small Cap Fund - Growth - Regular Plan;INF966L01AA0;;254.7287;;;05-Jan-2026
120828;quant Small Cap Fund - Growth Option - Direct Plan;INF966L01689;;277.8661;;;05-Jan-2026
120827;quant Small Cap Fund - IDCW Option - Direct Plan;INF966L01663;INF966L01671;217.2066;;;05-Jan-2026
100176;quant Small Cap Fund - IDCW Option - Regular Plan;INF206A01022;INF966L01044;202.5752;;;05-Jan-2026

Quantum Mutual Fund
152107;QUANTUM SMALL CAP FUND - DIRECT PLAN GROWTH OPTION;INF082J01432;;13.29;;;05-Jan-2026
152108;QUANTUM SMALL CAP FUND - REGULAR PLAN GROWTH OPTION;INF082J01440;;12.86;;;05-Jan-2026

SBI Mutual Fund
125497;SBI Small Cap Fund - Direct Plan - Growth;INF200K01T51;;194.3786;;;05-Jan-2026
125496;SBI Small Cap Fund - Direct Plan - Income Distribution cum Capital Withdrawal Option (IDCW);INF200K01T69;INF200K01T77;132.6716;;;05-Jan-2026
125494;SBI Small Cap Fund - Regular Plan - Growth;INF200K01T28;;169.2049;;;05-Jan-2026
125495;SBI Small Cap Fund - Regular Plan - Income Distribution cum Capital Withdrawal Option (IDCW);INF200K01T36;INF200K01T44;99.9635;;;05-Jan-2026

Sundaram Mutual Fund
119589;Sundaram Small Cap Fund Direct Plan - Growth;INF903J01NK9;;294.3400;;;05-Jan-2026
119588;Sundaram Small Cap Fund Direct Plan - Income Distribution cum Capital Withdrawal (IDCW);INF903J01NI3;INF903J01NJ1;38.6795;;;05-Jan-2026
100795;Sundaram Small Cap Fund Regular Plan - Growth;INF903J01470;;264.5428;;;05-Jan-2026
100794;Sundaram Small Cap Fund Regular Plan - Income Distribution cum Capital Withdrawal (IDCW);INF903J01454;INF903J01462;33.8190;;;05-Jan-2026

Tata Mutual Fund
145209;TATA Small Cap Fund Direct Plan - Reinvestment of Income Distribution cum capital withdrawal option ;;INF277K012O9;41.8770;;;05-Jan-2026
145210;TATA Small Cap Fund Regular Plan - Reinvestment of Income Distribution cum capital withdrawal option ;;INF277K016O0;37.0593;;;05-Jan-2026
145206;Tata Small Cap Fund-Direct Plan-Growth;INF277K011O1;;41.8770;;;05-Jan-2026
145208;Tata Small Cap Fund-Regular Plan-Growth;INF277K015O2;;37.0593;;;05-Jan-2026
145207;TATA SmallCap Fund - Direct Plan - Payout of Income Distribution cum capital withdrawal option ;INF277K013O7;;41.8770;;;05-Jan-2026
145205;TATA SmallCap Fund Regular Plan - Payout of Income Distribution cum capital withdrawal option ;INF277K017O8;;37.0593;;;05-Jan-2026

Trust Mutual Fund
152939;TRUSTMF SMALL CAP FUND -DIRECT PLAN-GROWTH;INF0GCD01800;;10.94;;;05-Jan-2026
152937;TRUSTMF SMALL CAP FUND -DIRECT PLAN-IDCW;INF0GCD01826;INF0GCD01818;10.95;;;05-Jan-2026
152938;TRUSTMF SMALL CAP FUND -REGULAR PLAN- IDCW;INF0GCD01792;INF0GCD01784;10.73;;;05-Jan-2026
152940;TRUSTMF SMALL CAP FUND -REGULAR PLAN-GROWTH;INF0GCD01776;;10.73;;;05-Jan-2026

Union Mutual Fund
129649;Union Small Cap Fund - Direct Plan - Growth Option;INF582M01BU9;;55.31;;;05-Jan-2026
129646;Union Small Cap Fund - Direct Plan - IDCW Option;INF582M01BW5;INF582M01BV7;41.40;;;05-Jan-2026
129647;Union Small Cap Fund - Regular Plan - Growth Option;INF582M01BY1;;49.83;;;05-Jan-2026
129648;Union Small Cap Fund - Regular Plan - IDCW Option;INF582M01CA9;INF582M01BZ8;43.27;;;05-Jan-2026

Open Ended Schemes ( Equity Scheme - Dividend Yield Fund )


HDFC Mutual Fund
148609;HDFC Dividend Yield Fund - Growth Option Direct Plan;INF179KC1AO6;;27.379;;;05-Jan-2026
148610;HDFC Dividend Yield Fund - Growth Plan;INF179KC1AR9;;25.514;;;05-Jan-2026
148608;HDFC Dividend Yield Fund - IDCW Option Direct Plan;INF179KC1AP3;INF179KC1AQ1;23.734;;;05-Jan-2026
148611;HDFC Dividend Yield Fund - IDCW Plan;INF179KC1AS7;INF179KC1AT5;21.885;;;05-Jan-2026

LIC Mutual Fund
152022;LIC MF Dividend Yield Fund-Direct Plan-Growth;INF397L01LC1;;33.9362;;;05-Jan-2026
152021;LIC MF Dividend Yield Fund-Direct Plan-IDCW;INF397L01KZ4;INF397L01LA5;33.921;;;05-Jan-2026
152019;LIC MF Dividend Yield Fund-Regular Plan-Growth;INF397L01KY7;;31.0544;;;05-Jan-2026
152020;LIC MF Dividend Yield Fund-Regular Plan-IDCW;INF397L01KV3;INF397L01KW1;31.0539;;;05-Jan-2026

SBI Mutual Fund
151478;SBI Dividend Yield Fund - Direct Plan - Growth;INF200KA14W3;;16.2013;;;05-Jan-2026
151475;SBI Dividend Yield Fund - Direct Plan - Income Distribution cum Capital Withdrawal (IDCW) Option;INF200KA15W0;INF200KA16W8;16.2028;;;05-Jan-2026
151476;SBI Dividend Yield Fund - Regular Plan - Growth;INF200KA11W9;;15.7381;;;05-Jan-2026
151477;SBI Dividend Yield Fund - Regular Plan - Income Distribution cum Capital Withdrawal (IDCW) Option;INF200KA12W7;INF200KA13W5;15.7379;;;05-Jan-2026

Sundaram Mutual Fund
149700;Sundaram Dividend Yield Fund (Formerly Known as Principal Dividend Yield Fund) - Direct Plan - Growth Option;INF173K01EV3;;154.5333;;;05-Jan-2026
149699;Sundaram Dividend Yield Fund (Formerly Known as Principal Dividend Yield Fund)- Direct Plan - Income Distribution CUM Capital Withdrawal Option;INF173K01ES9;INF173K01ET7;68.9295;;;05-Jan-2026
149698;Sundaram Dividend Yield Fund (Formerly Known as Principal Dividend Yield Fund)- Income Distribution CUM Capital Withdrawal Plan;INF173K01AD9;INF173K01AE7;40.9444;;;05-Jan-2026
149697;Sundaram Dividend Yield Fund (Formerly Known as Principal Dividend Yield Fund)-Growth Plan;INF173K01AC1;;140.8016;;;05-Jan-2026

Tata Mutual Fund
148947;Tata Dividend Yield Fund-Direct Plan-Growth;INF277K015Z8;;20.7187;;;05-Jan-2026
148952;Tata Dividend Yield Fund-Direct Plan-IDCW Payout;INF277K017Z4;;20.7187;;;05-Jan-2026
148951;Tata Dividend Yield Fund-Direct Plan-IDCW Reinvestment;;INF277K016Z6;20.7187;;;05-Jan-2026
148948;Tata Dividend Yield Fund-Regular Plan-Growth;INF277K018Z2;;19.1035;;;05-Jan-2026
148950;Tata Dividend Yield Fund-Regular Plan-IDCW Payout;INF277KA1018;;19.1035;;;05-Jan-2026
148949;Tata Dividend Yield Fund-Regular Plan-IDCW Reinvestment;;INF277K019Z0;19.1035;;;05-Jan-2026

Open Ended Schemes ( Equity Scheme - Value Fund )


Groww Mutual Fund
135341;Groww Value Fund (formerly known as Indiabulls Value Fund) - Direct Plan - Growth Option;INF666M01BE4;;33.4439;;;05-Jan-2026
135343;Groww Value Fund (formerly known as Indiabulls Value Fund) - Regular Plan - Growth Option;INF666M01BH7;;27.8721;;;05-Jan-2026
135342;Groww Value Fund (formerly known as Indiabulls Value Fund)- Direct Plan- - Income Distribution cum capital withdrawal Option (Payout & Reinvestment);INF666M01BF1;INF666M01BG9;33.3206;;;05-Jan-2026
140819;Groww Value Fund (formerly known as Indiabulls Value Fund)- Direct Plan- Half Yearly - Income Distribution cum capital withdrawal Option (Payout & Reinvestment);INF666M01DC4;INF666M01DD2;26.7784;;;05-Jan-2026
140815;Groww Value Fund (formerly known as Indiabulls Value Fund)- Direct Plan- Monthly - Income Distribution cum capital withdrawal Option (Payout & Reinvestment);INF666M01CY0;INF666M01CZ7;24.5279;;;05-Jan-2026
140817;Groww Value Fund (formerly known as Indiabulls Value Fund)- Direct Plan- Quarterly - Income Distribution cum capital withdrawal Option (Payout & Reinvestment);INF666M01DA8;INF666M01DB6;26.7572;;;05-Jan-2026
135344;Groww Value Fund (formerly known as Indiabulls Value Fund)- Regular Plan - Income Distribution cum capital withdrawal Option (Payout & Reinvestment);INF666M01BI5;INF666M01BJ3;27.863;;;05-Jan-2026
140820;Groww Value Fund (formerly known as Indiabulls Value Fund)- Regular Plan- Half Yearly -Income Distribution cum capital withdrawal Option (Payout & Reinvestment);INF666M01DI1;INF666M01DJ9;22.8307;;;05-Jan-2026
140816;Groww Value Fund (formerly known as Indiabulls Value Fund)- Regular Plan- Monthly - Income Distribution cum capital withdrawal Option (Payout & Reinvestment.;INF666M01DE0;INF666M01DF7;21.6301;;;05-Jan-2026
140818;Groww Value Fund (formerly known as Indiabulls Value Fund)- Regular Plan- Quarterly - Income Distribution cum capital withdrawal Option (Payout & Reinvestment);INF666M01DG5;INF666M01DH3;21.0794;;;05-Jan-2026

HDFC Mutual Fund
118935;HDFC Value Fund - Growth Option - Direct Plan;INF179K01VC4;;873.945;;;05-Jan-2026
101764;HDFC Value Fund - Growth Plan;INF179K01426;;779.411;;;05-Jan-2026
118934;HDFC Value Fund - IDCW Option - Direct Plan;INF179K01VA8;INF179K01VB6;45.209;;;05-Jan-2026
101765;HDFC Value Fund - IDCW Plan;INF179K01400;INF179K01418;36.294;;;05-Jan-2026

ITI Mutual Fund
148972;ITI Value Fund - Direct Plan - Growth Option;INF00XX01AQ6;;19.2204;;;05-Jan-2026
148970;ITI Value Fund - Direct Plan - IDCW Option;INF00XX01AR4;INF00XX01AS2;19.2204;;;05-Jan-2026
148973;ITI Value Fund - Regular Plan - Growth Option;INF00XX01AN3;;17.5422;;;05-Jan-2026
148971;ITI Value Fund - Regular Plan - IDCW Option;INF00XX01AO1;INF00XX01AP8;17.5422;;;05-Jan-2026

JM Financial Mutual Fund
120486;JM Value Fund (Direct) - Growth Option;INF192K01BT3;;108.9723;;;05-Jan-2026
120485;JM Value Fund (Direct) - IDCW;INF192K01BR7;INF192K01BS5;74.2471;;;05-Jan-2026
100254;JM Value Fund (Regular) - Growth Option;INF137A01037;;96.4826;;;05-Jan-2026
106168;JM Value Fund (Regular) - IDCW;INF137A01011;INF137A01029;67.3726;;;05-Jan-2026

LIC Mutual Fund
152018;LIC MF Value Fund-Direct Plan-Growth;INF397L01KU5;;26.6887;;;05-Jan-2026
152015;LIC MF Value Fund-Direct Plan-IDCW;INF397L01KR1;;26.6654;;;05-Jan-2026
152016;LIC MF Value Fund-Regular Plan-Growth;INF397L01KQ3;;24.6723;;;05-Jan-2026
152017;LIC MF Value Fund-Regular Plan-IDCW;INF397L01KN0;;24.6724;;;05-Jan-2026

quant Mutual Fund
149335;Quant Value Fund - Growth Option  - Direct Plan;INF966L01AN3;;21.5264;;;05-Jan-2026
149337;Quant Value Fund - Growth Option - Regular Plan;INF966L01AQ6;;20.1184;;;05-Jan-2026
149338;Quant Value Fund - IDCW Option - Direct Plan;INF966L01AO1;INF966L01AP8;20.4529;;;05-Jan-2026
149336;Quant Value Fund - IDCW Option- Regular Plan;INF966L01AR4;INF966L01AS2;20.2285;;;05-Jan-2026

Quantum Mutual Fund
103490;Quantum Value Fund - Direct Plan Growth Option;INF082J01036;;135.27;;;05-Jan-2026
103491;Quantum Value Fund - Direct Plan IDCW;INF082J01044;INF082J01051;135.55;;;05-Jan-2026
141068;Quantum Value Fund - Regular Plan Growth Option;INF082J01242;;128.94;;;05-Jan-2026
141069;Quantum Value Fund - Regular Plan IDCW;INF082J01259;INF082J01267;128.80;;;05-Jan-2026

Sundaram Mutual Fund
119549;Sundaram Value Fund Direct Plan - Growth;INF903J01NN3;;243.5130;;;05-Jan-2026
119548;Sundaram Value Fund Direct Plan - Income Distribution cum Capital Withdrawal (IDCW);INF903J01NL7;INF903J01NM5;21.4908;;;05-Jan-2026
101853;Sundaram Value Fund Regular Plan - Growth;INF903J01538;;229.3224;;;05-Jan-2026
100614;Sundaram Value Fund Regular Plan - Income Distribution cum Capital Withdrawal (IDCW);INF903J01512;INF903J01520;17.6439;;;05-Jan-2026

Tata Mutual Fund
112218;Tata Value Fund - Regular Plan - Payout of IDCW-Option A(5%);INF277K01DI1;INF277K01436;135.7421;;;05-Jan-2026
101672;Tata Value Fund - Regular Plan -Growth Option;INF277K01451;;364.9180;;;05-Jan-2026
119231;Tata Value Fund -Direct Plan Growth Option;INF277K01ND1;;412.8302;;;05-Jan-2026
102428;Tata Value Fund Regular Plan - Payout of IDCW-Option B(10%);INF277K01DJ9;INF277K01444;122.1475;;;05-Jan-2026
119233;Tata Value Fund- Direct Plan - Payout of IDCW -Option B(10%);INF277K01NB5;INF277K01NC3;140.2968;;;05-Jan-2026
119232;Tata Value Fund- Direct Plan -Payout of IDCW-Option A(5%);INF277K01MZ6;INF277K01NA7;151.6917;;;05-Jan-2026

Union Mutual Fund
145473;Union Value Fund - Direct Plan - Growth Option;INF582M01EK4;;31.47;;;05-Jan-2026
145474;Union Value Fund - Direct Plan - IDCW Option;INF582M01EM0;INF582M01EL2;31.47;;;05-Jan-2026
145471;Union Value Fund - Regular Plan - Growth Option;INF582M01EO6;;29.48;;;05-Jan-2026
145472;Union Value Fund - Regular Plan - IDCW Option;INF582M01EQ1;INF582M01EP3;29.48;;;05-Jan-2026

Open Ended Schemes ( Equity Scheme - Contra Fund )


Kotak Mahindra Mutual Fund
119769;Kotak Contra Fund - Direct Plan - Growth;INF174K01KZ9;;187.869;;;05-Jan-2026
119768;Kotak Contra Fund - Direct Plan - IDCW -Payout & Re-investment of Income Distribution cum capital withdrawal option- Direct;INF174K01LA0;INF174K01LB8;66.853;;;05-Jan-2026
103040;Kotak Contra Fund - Regular Plan - Growth;INF174K01245;;158.354;;;05-Jan-2026
103039;Kotak Contra Fund - Regular Plan - IDCW - Payout & Re-investment of Income Distribution cum capital withdrawal option;INF174K01260;INF174K01252;54.584;;;05-Jan-2026

Open Ended Schemes ( Equity Scheme - Focused Fund )


HDFC Mutual Fund
118950;HDFC Focused Fund - Growth Option - Direct Plan;INF179K01VK7;;275.426;;;05-Jan-2026
102760;HDFC Focused Fund - GROWTH PLAN;INF179K01574;;241.759;;;05-Jan-2026
118949;HDFC Focused Fund - IDCW Option - Direct Plan;INF179K01VI1;INF179K01VJ9;35.016;;;05-Jan-2026
102761;HDFC Focused Fund - IDCW PLAN;INF179K01558;INF179K01566;26.842;;;05-Jan-2026

ITI Mutual Fund
151777;ITI Focused Fund - Direct Plan - Growth;INF00XX01CS8;;16.7935;;;05-Jan-2026
151776;ITI Focused Fund - Direct Plan - IDCW;INF00XX01CT6;INF00XX01CU4;16.7935;;;05-Jan-2026
151778;ITI Focused Fund - Regular Plan - Growth;INF00XX01CV2;;16.0122;;;05-Jan-2026
151775;ITI Focused Fund - Regular Plan - IDCW;INF00XX01CW0;INF00XX01CR0;16.0122;;;05-Jan-2026

JM Financial Mutual Fund
120488;JM Focused Fund (Direct)  - Growth Option;INF192K01BW7;;23.9322;;;05-Jan-2026
120487;JM Focused Fund (Direct) -  IDCW;INF192K01BU1;INF192K01BV9;23.4543;;;05-Jan-2026
107410;JM Focused Fund (Regular) - Growth Option;INF192K01577;;20.3506;;;05-Jan-2026
107409;JM Focused Fund (Regular) - IDCW;INF192K01551;INF192K01569;20.3497;;;05-Jan-2026

Kotak Mahindra Mutual Fund
147473;Kotak Focused Fund- Direct Plan- Growth option;INF174KA1EN7;;30.291;;;05-Jan-2026
147477;Kotak Focused Fund- Regular plan _ Growth Option;INF174KA1EK3;;27.389;;;05-Jan-2026
147472;Kotak Focused Fund- Regular Plan-Income Distribution cum capital withdrawal option;INF174KA1EM9;INF174KA1EL1;27.389;;;05-Jan-2026
147475;Kotak Focused Fund-Direct Plan- Income Distribution cum capital withdrawal option;INF174KA1EP2;INF174KA1EO5;30.292;;;05-Jan-2026

LIC Mutual Fund
152010;LIC MF Focused Fund-Direct Plan-Growth;INF397L01KA7;;23.8994;;;05-Jan-2026
152008;LIC MF Focused Fund-Direct Plan-IDCW;INF397L01JX1;INF397L01JY9;23.8744;;;05-Jan-2026
152009;LIC MF Focused Fund-Regular Plan-Growth;INF397L01KE9;;21.6615;;;05-Jan-2026
152007;LIC MF Focused Fund-Regular Plan-IDCW;INF397L01KB5;INF397L01KC3;21.6613;;;05-Jan-2026

Mirae Asset Mutual Fund
147205;Mirae Asset Focused Fund Direct IDCW;INF769K01ET2;INF769K01EW6;26.044;;;05-Jan-2026
147206;Mirae Asset Focused Fund Direct Plan Growth;INF769K01EU0;;28.314;;;05-Jan-2026
147204;Mirae Asset Focused Fund Regular IDCW;INF769K01ER6;INF769K01EV8;23.793;;;05-Jan-2026
147203;Mirae Asset Focused Fund Regular Plan Growth;INF769K01ES4;;25.882;;;05-Jan-2026

Motilal Oswal Mutual Fund
122389;Motilal Oswal Focused 25 Fund (MOF25)- Direct Plan Growth Option;INF247L01189;;52.2622;;;05-Jan-2026
122387;Motilal Oswal Focused 25 Fund (MOF25)- Regular Plan Growth Option;INF247L01155;;44.4748;;;05-Jan-2026
122390;Motilal Oswal Focused 25 Fund Direct - IDCW Payout/Reinvestment;INF247L01205;INF247L01197;23.0811;;;05-Jan-2026
122388;Motilal Oswal Focused 25 Fund Regular - IDCW Payout/Reinvestment;INF247L01171;INF247L01163;19.7270;;;05-Jan-2026

Old Bridge Mutual Fund
152358;Old Bridge Focused Fund - Direct Growth;INF0S5R01042;;12.95;;;05-Jan-2026
152359;Old Bridge Focused Fund - Direct IDCW;INF0S5R01059;INF0S5R01067;12.95;;;05-Jan-2026
152361;Old Bridge Focused Fund - Regular Growth;INF0S5R01034;;12.69;;;05-Jan-2026
152363;Old Bridge Focused Fund - Regular IDCW;INF0S5R01018;INF0S5R01026;12.69;;;05-Jan-2026

quant Mutual Fund
109275;quant Focused Fund - Growth Option - Regular Plan;INF966L01374;;87.0982;;;05-Jan-2026
120834;quant Focused Fund - Growth Option-Direct Plan;INF966L01853;;97.2827;;;05-Jan-2026
120835;quant Focused Fund - IDCW Option - Direct Plan;INF966L01838;INF966L01846;56.8691;;;05-Jan-2026
109274;quant Focused Fund - IDCW Option - Regular Plan;INF966L01358;INF966L01366;64.7613;;;05-Jan-2026

Sundaram Mutual Fund
149533;Sundaram Focused Fund (Formerly Known as Principal Focused Multicap Fund)- Direct Plan - Growth Option;INF173K01EK6;;183.1408;;;05-Jan-2026
149534;Sundaram Focused Fund (Formerly Known as Principal Focused Multicap Fund)- Direct Plan - Income Distribution CUM Capital Withdrawal Option (IDCW);INF173K01EM2;INF173K01EL4;46.5698;;;05-Jan-2026
149531;Sundaram Focused Fund (Formerly Known as Principal Focused Multicap Fund)- Income Distribution CUM Capital Withdrawal Option (IDCW);INF173K01197;INF173K01205;42.6326;;;05-Jan-2026
149532;Sundaram Focused Fund (Formerly Known as Principal Focused Multicap Fund)-Growth Option;INF173K01189;;164.6272;;;05-Jan-2026

Tata Mutual Fund
147759;TATA Focused Fund Direct Plan - Payout of Income Distribution cum capital withdrawal option;INF277K019X5;;26.6143;;;05-Jan-2026
147758;TATA Focused Fund Direct Plan - Reinvestment of Income Distribution cum capital withdrawal option;;INF277K018X7;26.6143;;;05-Jan-2026
147761;TATA Focused Fund Regular Plan - Payout of Income Distribution cum capital withdrawal option;INF277K012Y8;;24.0647;;;05-Jan-2026
147756;TATA Focused Fund Regular Plan - Reinvestment of Income Distribution cum capital withdrawal option;;INF277K011Y0;24.0647;;;05-Jan-2026
147757;Tata Focused Fund-Direct Plan-Growth;INF277K017X9;;26.6143;;;05-Jan-2026
147760;Tata Focused Fund-Regular Plan-Growth;INF277K010Y2;;24.0647;;;05-Jan-2026

Union Mutual Fund
147492;Union Focused Fund - Direct Plan - Growth Option;INF582M01FS4;;27.14;;;05-Jan-2026
147491;Union Focused Fund - Direct Plan - IDCW Option;INF582M01FU0;INF582M01FT2;27.14;;;05-Jan-2026
147490;Union Focused Fund - Regular Plan - Growth Option;INF582M01FW6;;25.53;;;05-Jan-2026
147493;Union Focused Fund - Regular Plan - IDCW Option;INF582M01FY2;INF582M01FX4;25.53;;;05-Jan-2026

Open Ended Schemes ( Equity Scheme - Sectoral/ Thematic )


Groww Mutual Fund
152254;Groww Banking & Financial Services Fund - Direct Plan - Growth;INF666M01HS1;;12.6081;;;05-Jan-2026
152274;Groww Banking & Financial Services Fund - Regular - Growth;INF666M01HP7;;12.1483;;;05-Jan-2026
152276;Groww Banking & Financial Services Fund - Regular Plan - IDCW;INF666M01HQ5;INF666M01HR3;12.1483;;;05-Jan-2026
152273;Groww Banking & Financial Services Fund-IDCW;INF666M01HT9;INF666M01HU7;12.6073;;;05-Jan-2026

HDFC Mutual Fund
148987;HDFC Banking & Financial Services Fund - Growth Option;INF179KC1BJ4;;18.224;;;05-Jan-2026
148986;HDFC Banking & Financial Services Fund - Growth Option - Direct Plan;INF179KC1BG0;;19.442;;;05-Jan-2026
148984;HDFC Banking & Financial Services Fund - IDCW Option;INF179KC1BK2;INF179KC1BL0;15.997;;;05-Jan-2026
148985;HDFC Banking & Financial Services Fund - IDCW Option - Direct Plan;INF179KC1BH8;INF179KC1BI6;17.183;;;05-Jan-2026
150803;HDFC Business Cycle Fund - Growth Option;INF179KC1EB5;;14.876;;;05-Jan-2026
150805;HDFC Business Cycle Fund - Growth Option - Direct Plan;INF179KC1DY9;;15.465;;;05-Jan-2026
150806;HDFC Business Cycle Fund - IDCW Option;INF179KC1EC3;INF179KC1ED1;14.876;;;05-Jan-2026
150804;HDFC Business Cycle Fund - IDCW Option - Direct Plan;INF179KC1DZ6;INF179KC1EA7;15.465;;;05-Jan-2026
151751;HDFC Defence Fund - Growth Option;INF179KC1GL9;;23.942;;;05-Jan-2026
151750;HDFC Defence Fund - Growth Option - Direct Plan;INF179KC1GI5;;24.663;;;05-Jan-2026
151748;HDFC Defence Fund - IDCW Option;INF179KC1GM7;INF179KC1GN5;23.942;;;05-Jan-2026
151749;HDFC Defence Fund - IDCW Option - Direct Plan;INF179KC1GJ3;INF179KC1GK1;24.663;;;05-Jan-2026
141923;HDFC Housing Opportunities Fund  - Growth Option;INF179KC1AX7;;22.787;;;05-Jan-2026
141924;HDFC Housing Opportunities Fund  - Growth Option - Direct Plan;INF179KC1AU3;;24.74;;;05-Jan-2026
141922;HDFC Housing Opportunities Fund  - IDCW Option;INF179KC1AY5;INF179KC1AZ2;16.335;;;05-Jan-2026
141921;HDFC Housing Opportunities Fund  - IDCW Option - Direct Plan;INF179KC1AV1;INF179KC1AW9;18.14;;;05-Jan-2026
118979;HDFC Infrastructure Fund - Growth Option - Direct Plan;INF179K01WQ2;;53.444;;;05-Jan-2026
107524;HDFC Infrastructure Fund - Growth Plan;INF179K01GF8;;48.141;;;05-Jan-2026
118978;HDFC Infrastructure Fund - IDCW Option - Direct Plan;INF179K01WP4;INF179K01WR0;32.705;;;05-Jan-2026
107525;HDFC Infrastructure Fund - IDCW Plan;INF179K01GE1;INF179K01GG6;20.646;;;05-Jan-2026
153620;HDFC INNOVATION FUND - DIRECT PLAN - GROWTH OPTION;INF179KC1JO7;;10.318;;;05-Jan-2026
153643;HDFC INNOVATION FUND - IDCW - DIRECT PLAN;INF179KC1JP4;INF179KC1JQ2;10.318;;;05-Jan-2026
153647;HDFC INNOVATION FUND - IDCW - REGULAR PLAN;INF179KC1JM1;INF179KC1JN9;10.256;;;05-Jan-2026
153619;HDFC INNOVATION FUND - REGULAR PLAN - GROWTH OPTION;INF179KC1JL3;;10.256;;;05-Jan-2026
152600;HDFC Manufacturing fund - Growth Option - Direct Plan;INF179KC1II1;;11.47;;;05-Jan-2026
152602;HDFC Manufacturing fund - Growth Option - Regular Plan;INF179KC1IF7;;11.256;;;05-Jan-2026
152603;HDFC Manufacturing fund - IDCW - Direct Plan;INF179KC1IJ9;INF179KC1IK7;11.47;;;05-Jan-2026
152601;HDFC Manufacturing fund - IDCW - Regular Plan;INF179KC1IG5;INF179KC1IH3;11.256;;;05-Jan-2026
151457;HDFC MNC Fund - Growth Option;INF179KC1FF3;;13.752;;;05-Jan-2026
151458;HDFC MNC Fund - Growth Option - Direct Plan;INF179KC1FC0;;14.223;;;05-Jan-2026
151459;HDFC MNC Fund - IDCW Option;INF179KC1FG1;INF179KC1FH9;13.752;;;05-Jan-2026
151460;HDFC MNC Fund - IDCW Option - Direct Plan;INF179KC1FD8;INF179KC1FE6;14.223;;;05-Jan-2026
151803;HDFC Non-Cyclical Consumer Fund - Growth Option;INF179KC1GR6;;14.177;;;05-Jan-2026
151804;HDFC Non-Cyclical Consumer Fund - Growth Option - Direct Plan;INF179KC1GO3;;14.613;;;05-Jan-2026
151802;HDFC Non-Cyclical Consumer Fund - IDCW Option;INF179KC1GS4;INF179KC1GT2;14.177;;;05-Jan-2026
151805;HDFC Non-Cyclical Consumer Fund - IDCW Option - Direct Plan;INF179KC1GP0;INF179KC1GQ8;14.613;;;05-Jan-2026
152084;HDFC Pharma and Healthcare Fund - Growth Option;INF179KC1HL7;;17.375;;;05-Jan-2026
152082;HDFC Pharma and Healthcare Fund - Growth Option - Direct Plan;INF179KC1HO1;;17.855;;;05-Jan-2026
152083;HDFC Pharma and Healthcare Fund - IDCW Option;INF179KC1HM5;INF179KC1HN3;17.375;;;05-Jan-2026
152081;HDFC Pharma and Healthcare Fund - IDCW Option - Direct Plan;INF179KC1HP8;INF179KC1HQ6;17.855;;;05-Jan-2026
152058;HDFC Technology Fund - Growth Option;INF179KC1HF9;;13.81;;;05-Jan-2026
152059;HDFC Technology Fund - Growth Option - Direct Plan;INF179KC1HI3;;14.203;;;05-Jan-2026
152057;HDFC Technology Fund - IDCW Option;INF179KC1HG7;INF179KC1HH5;13.81;;;05-Jan-2026
152060;HDFC Technology Fund - IDCW Option - Direct Plan;INF179KC1HJ1;INF179KC1HK9;14.203;;;05-Jan-2026
151900;HDFC Transportation and Logistics Fund - Growth Option;INF179KC1GX4;;18.54;;;05-Jan-2026
151901;HDFC Transportation and Logistics Fund - Growth Option - Direct Plan;INF179KC1GU0;;19.078;;;05-Jan-2026
151902;HDFC Transportation and Logistics Fund - IDCW Option;INF179KC1GY2;INF179KC1GZ9;18.54;;;05-Jan-2026
151899;HDFC Transportation and Logistics Fund - IDCW Option - Direct Plan;INF179KC1GV8;INF179KC1GW6;19.078;;;05-Jan-2026

Helios Mutual Fund
152679;Helios Financial Services Fund - Direct Plan - Growth Option;INF0R8701202;;12.34;;;05-Jan-2026
152680;Helios Financial Services Fund - Direct Plan - IDCW Option;INF0R8701210;INF0R8701228;12.34;;;05-Jan-2026
152682;Helios Financial Services Fund - Regular Plan - Growth Option;INF0R8701178;;12.05;;;05-Jan-2026
152681;Helios Financial Services Fund - Regular Plan - IDCW Option;INF0R8701186;INF0R8701194;12.05;;;05-Jan-2026

ITI Mutual Fund
149321;ITI Banking and Financial Services Fund - Direct Plan - Growth Option;INF00XX01BU6;;17.7361;;;05-Jan-2026
149322;ITI Banking and Financial Services Fund - Direct Plan - IDCW Option;INF00XX01BV4;INF00XX01BW2;17.7361;;;05-Jan-2026
149323;ITI Banking and Financial Services Fund - Regular Plan - IDCW Option;INF00XX01BS0;INF00XX01BT8;16.3480;;;05-Jan-2026
149324;ITI Banking and Financial Services Fund -Regular Plan - Growth Option;INF00XX01BR2;;16.3480;;;05-Jan-2026
153260;ITI Bharat Consumption Fund - Direct Plan - Growth;INF00XX01DG1;;11.8106;;;05-Jan-2026
153261;ITI Bharat Consumption Fund - Direct Plan - IDCW Option;INF00XX01DH9;INF00XX01DI7;11.8106;;;05-Jan-2026
153262;ITI Bharat Consumption Fund - Regular Plan - IDCW Option;INF00XX01DE6;INF00XX01DF3;11.6268;;;05-Jan-2026
153263;ITI Bharat Consumption Fund - Regular Plan Plan - Growth;INF00XX01DD8;;11.6268;;;05-Jan-2026
149268;ITI Pharma and Healthcare Fund - Direct Plan - Growth Option;INF00XX01BO9;;17.0841;;;05-Jan-2026
149271;ITI Pharma and Healthcare Fund - Direct Plan - IDCW Option;INF00XX01BP6;INF00XX01BQ4;17.0841;;;05-Jan-2026
149270;ITI Pharma and Healthcare Fund - Regular Plan - Growth Option;INF00XX01BL5;;15.7074;;;05-Jan-2026
149269;ITI Pharma and Healthcare Fund - Regular Plan - IDCW Option;INF00XX01BM3;INF00XX01BN1;15.7074;;;05-Jan-2026

Kotak Mahindra Mutual Fund
153753;Kotak Active Momentum Fund - Direct Plan - Growth option;INF174KA1XA4;;10.662;;;05-Jan-2026
153754;Kotak Active Momentum Fund - Direct Plan - IDCW - Payout and Reinvestment;INF174KA1XB2;INF174KA1XC0;10.663;;;05-Jan-2026
153755;Kotak Active Momentum Fund - Regular Plan - Growth;INF174KA1XD8;;10.606;;;05-Jan-2026
153756;Kotak Active Momentum Fund - Regular Plan - IDCW - Payout & Reinvestment;INF174KA1XE6;INF174KA1XF3;10.606;;;05-Jan-2026
151384;Kotak Banking & Financial Services Fund - Direct Plan - Growth;INF174KA1MD1;;17.126;;;05-Jan-2026
151383;Kotak Banking & Financial Services Fund - Direct Plan - IDCW Payout;INF174KA1ME9;INF174KA1MF6;17.123;;;05-Jan-2026
151381;Kotak Banking & Financial Services Fund - Regular Plan - Growth;INF174KA1MA7;;16.375;;;05-Jan-2026
151382;Kotak Banking & Financial Services Fund - Regular Plan - IDCW Payout;INF174KA1MB5;INF174KA1MC3;16.375;;;05-Jan-2026
150624;Kotak Business Cycle - Direct Plan - Growth;INF174KA1JN6;;17.553;;;05-Jan-2026
150625;Kotak Business Cycle Fund-Direct Plan-IDCW option;INF174KA1JO4;INF174KA1JP1;17.552;;;05-Jan-2026
150626;Kotak Business Cycle Fund-Regular Plan--Growth;INF174KA1JK2;;16.696;;;05-Jan-2026
150622;Kotak Business Cycle Fund-Regular Plan-IDCW option;INF174KA1JL0;INF174KA1JM8;16.696;;;05-Jan-2026
152169;Kotak Consumption Fund - Direct plan - Growth Option;INF174KA1PP8;;14.829;;;05-Jan-2026
152172;Kotak Consumption Fund - Direct plan - IDCW Option;INF174KA1PQ6;INF174KA1PR4;14.828;;;05-Jan-2026
152170;Kotak Consumption Fund - Regular plan - Growth Option;INF174KA1PM5;;14.329;;;05-Jan-2026
152171;Kotak Consumption Fund - Regular plan - IDCW Option;INF174KA1PN3;INF174KA1PO1;14.327;;;05-Jan-2026
153447;Kotak Energy Opportunities Fund-Direct-Growth;INF174KA1VX0;;10.412;;;05-Jan-2026
153448;Kotak Energy Opportunities Fund-Direct-IDCW-Payout & Reinvestment;INF174KA1VY8;INF174KA1VZ5;10.412;;;05-Jan-2026
153449;Kotak Energy Opportunities Fund-Regular-Growth;INF174KA1WA6;;10.302;;;05-Jan-2026
153450;Kotak Energy Opportunities Fund-Regular-IDCW-Payout & Reinvestment;INF174KA1WB4;INF174KA1WC2;10.302;;;05-Jan-2026
148606;Kotak ESG Exclusionary Strategy Fund - Direct Plan - Growth Option;INF174KA1FI4;;19.382;;;05-Jan-2026
148605;Kotak ESG Exclusionary Strategy Fund - Direct Plan - Payout of Income Distribution cum capital withdrawal option;INF174KA1FH6;INF174KA1FJ2;19.383;;;05-Jan-2026
148602;Kotak ESG Exclusionary Strategy Fund - Regular Plan - Growth Option;INF174KA1FF0;;17.869;;;05-Jan-2026
148603;Kotak ESG Exclusionary Strategy Fund - Regular Plan - Payout of Income Distribution cum capital withdrawal option;INF174KA1FE3;INF174KA1FG8;17.869;;;05-Jan-2026
152214;Kotak Healthcare Fund - Direct Plan - Growth Option;INF174KA1PZ7;;13.858;;;05-Jan-2026
152215;Kotak Healthcare Fund - Direct Plan - IDCW Option;INF174KA1QA8;INF174KA1QB6;13.857;;;05-Jan-2026
152216;Kotak Healthcare Fund - Regular Plan - Growth Option;INF174KA1PW4;;13.394;;;05-Jan-2026
152213;Kotak Healthcare Fund - Regular Plan - IDCW Option;INF174KA1PX2;INF174KA1PY0;13.398;;;05-Jan-2026
133796;Kotak Infrastructure & Economic Reform Fund - Standard Plan-Growth;INF178L01095;;66.247;;;05-Jan-2026
133799;Kotak Infrastructure & Economic Reform Fund - Standard Plan-Payout of Income Distribution cum capital withdrawal option;INF178L01079;INF178L01087;52.983;;;05-Jan-2026
133801;Kotak Infrastructure & Economic Reform Fund- Direct Plan- Growth Option;INF178L01AL9;;78.664;;;05-Jan-2026
133800;Kotak Infrastructure & Economic Reform Fund- Direct Plan- Payout of Income Distribution cum capital withdrawal option;INF178L01AK1;INF178L01AJ3;77.764;;;05-Jan-2026
149841;Kotak Manufacture in India Fund - Direct Plan Growth;INF174KA1IF4;;21.34;;;05-Jan-2026
149842;Kotak Manufacture in India Fund - Direct Plan IDCW Option;INF174KA1IG2;INF174KA1IH0;21.34;;;05-Jan-2026
149840;Kotak Manufacture in India Fund - Regular Plan Growth;INF174KA1IC1;;20.081;;;05-Jan-2026
149843;Kotak Manufacture in India Fund - Regular Plan IDCW Option;INF174KA1ID9;INF174KA1IE7;20.081;;;05-Jan-2026
152910;Kotak MNC Fund-Direct Plan-Growth;INF174KA1TG9;;11.049;;;05-Jan-2026
152911;Kotak MNC Fund-Direct Plan-IDCW Option;INF174KA1TH7;INF174KA1TI5;11.049;;;05-Jan-2026
152913;Kotak MNC Fund-Regular Plan- Growth;INF174KA1TJ3;;10.859;;;05-Jan-2026
152912;KotaK MNC Fund-Regular Plan-IDCW OPTION;INF174KA1TK1;INF174KA1TL9;10.859;;;05-Jan-2026
151881;Kotak Quant Fund - Direct Plan - Growth Option;INF174KA1OL0;;15.609;;;05-Jan-2026
151880;Kotak Quant Fund - Direct plan - IDCW Payout;INF174KA1OM8;INF174KA1ON6;15.609;;;05-Jan-2026
151878;Kotak Quant Fund - Regular Plan - Growth Option;INF174KA1OI6;;15.481;;;05-Jan-2026
151879;Kotak Quant Fund - Regular Plan - IDCW Payout;INF174KA1OJ4;INF174KA1OK2;15.363;;;05-Jan-2026
153970;Kotak Rural Opportunities Fund - Direct Plan - Growth;INF174KA1XW8;;10.247;;;05-Jan-2026
153967;Kotak Rural Opportunities Fund - Direct Plan - IDCW Divdend - Payouout & Reinvestment;INF174KA1XX6;INF174KA1XY4;10.247;;;05-Jan-2026
153969;Kotak Rural Opportunities Fund - Regular Plan - Growth;INF174KA1XZ1;;10.231;;;05-Jan-2026
153968;Kotak Rural Opportunities Fund - Regular Plan - IDCW Dividend - Payout & Reinvestment;INF174KA1YA2;INF174KA1YB0;10.231;;;05-Jan-2026
152702;Kotak Special Opportunities Fund - Direct Plan - Growth Option;INF174KA1SF3;;10.354;;;05-Jan-2026
152704;Kotak Special Opportunities Fund - Direct Plan - IDCW Payout Option;INF174KA1SG1;;10.354;;;05-Jan-2026
152703;Kotak Special Opportunities Fund - Regular Plan - Growth Option;INF174KA1SC0;;10.137;;;05-Jan-2026
152700;Kotak Special Opportunities Fund - Regular Plan - IDCW Option;INF174KA1SD8;INF174KA1SE6;10.137;;;05-Jan-2026
153117;Kotak Transportation & Logistics Fund-Direct -IDCW-PAYOUT & REINVESTMENT;INF174KA1TT2;INF174KA1TU0;12.084;;;05-Jan-2026
153118;Kotak Transportation & Logistics Fund-Direct Growth;INF174KA1TS4;;12.084;;;05-Jan-2026
153116;Kotak Transportation & Logistics Fund-Regular-Growth;INF174KA1TV8;;11.884;;;05-Jan-2026
153119;Kotak Transportation & Logistics Fund-Regular-IDCW Payout & Reinvestment;INF174KA1TW6;INF174KA1TX4;11.884;;;05-Jan-2026

LIC Mutual Fund
134017;LIC MF Banking and Financial Services Fund-Direct Plan-Growth;INF767K01NK6;;25.7743;;;05-Jan-2026
133908;LIC MF Banking and Financial Services Fund-Direct Plan-IDCW;INF767K01NJ8;INF767K01NL4;25.5993;;;05-Jan-2026
134016;LIC MF Banking and Financial Services Fund-Regular Plan-Growth;INF767K01NH2;;22.6991;;;05-Jan-2026
134015;LIC MF Banking and Financial Services Fund-Regular Plan-IDCW;INF767K01NG4;INF767K01NI0;22.6951;;;05-Jan-2026
153948;LIC MF Consumption Fund-Direct Plan-Growth;INF767K01SD0;;10.0064;;;05-Jan-2026
153949;LIC MF Consumption Fund-Direct Plan-IDCW;INF767K01SF5;INF767K01SE8;10.0064;;;05-Jan-2026
153950;LIC MF Consumption Fund-Regular Plan-Growth;INF767K01SA6;;9.9843;;;05-Jan-2026
153951;LIC MF Consumption Fund-Regular Plan-IDCW;INF767K01SC2;INF767K01SB4;9.9843;;;05-Jan-2026
152024;LIC MF Healthcare Fund-Direct Plan-Growth;INF397L01LK4;;32.1752;;;05-Jan-2026
152023;LIC MF Healthcare Fund-Direct Plan-IDCW;INF397L01LH0;INF397L01LI8;32.1662;;;05-Jan-2026
152025;LIC MF Healthcare Fund-Regular Plan-Growth;INF397L01LG2;;29.3082;;;05-Jan-2026
152026;LIC MF Healthcare Fund-Regular Plan-IDCW;INF397L01LD9;INF397L01LE7;29.3086;;;05-Jan-2026
120351;LIC MF Infrastructure Fund-Direct Plan-Growth;INF767K01GW5;;57.5745;;;05-Jan-2026
120350;LIC MF Infrastructure Fund-Direct Plan-IDCW;INF767K01GV7;INF767K01GX3;56.5319;;;05-Jan-2026
107763;LIC MF Infrastructure Fund-Regular Plan-Growth;INF767K01501;;50.0422;;;05-Jan-2026
107764;LIC MF Infrastructure Fund-Regular Plan-IDCW;INF767K01485;INF767K01493;50.0435;;;05-Jan-2026
152920;LIC MF Manufacturing Fund-Direct Plan-Growth;INF767K01RR2;;10.2699;;;05-Jan-2026
152921;LIC MF Manufacturing Fund-Direct Plan-IDCW;INF767K01RT8;INF767K01RS0;10.2699;;;05-Jan-2026
152922;LIC MF Manufacturing Fund-Regular Plan-Growth;INF767K01RO9;;10.0567;;;05-Jan-2026
152923;LIC MF Manufacturing Fund-Regular Plan-IDCW;INF767K01RQ4;INF767K01RP6;10.0567;;;05-Jan-2026

Mirae Asset Mutual Fund
148624;Mirae Asset Banking and Financial Services Fund Direct  IDCW;INF769K01GW1;INF769K01GY7;23.906;;;05-Jan-2026
148623;Mirae Asset Banking and Financial Services Fund Direct Growth;INF769K01GX9;;24.006;;;05-Jan-2026
148621;Mirae Asset Banking and Financial Services Fund Regular Growth;INF769K01GU5;;22.178;;;05-Jan-2026
148622;Mirae Asset Banking and Financial Services Fund Regular IDCW;INF769K01GT7;INF769K01GV3;22.206;;;05-Jan-2026
118837;Mirae Asset Great Consumer Fund - Direct Plan - Growth;INF769K01BL5;;113.297;;;05-Jan-2026
114931;Mirae Asset Great Consumer Fund - Regular Plan - Growth option;INF769K01135;;94.438;;;05-Jan-2026
118838;Mirae Asset Great Consumer Fund Direct IDCW;INF769K01BM3;INF769K01BN1;68.026;;;05-Jan-2026
114930;Mirae Asset Great Consumer Fund Regular IDCW;INF769K01150;INF769K01143;26.458;;;05-Jan-2026
143785;Mirae Asset Healthcare Fund -Regular Growth;INF769K01EA2;;38.414;;;05-Jan-2026
143783;Mirae Asset Healthcare Fund Direct Growth;INF769K01ED6;;43.116;;;05-Jan-2026
143784;Mirae Asset Healthcare Fund Direct IDCW;INF769K01EE4;INF769K01EF1;28.325;;;05-Jan-2026
143786;Mirae Asset Healthcare Fund Regular IDCW;INF769K01EB0;INF769K01EC8;24.662;;;05-Jan-2026
153983;Mirae Asset Infrastructure Fund - Direct Plan - Growth;INF769K01PV4;;10.301;;;05-Jan-2026
153984;Mirae Asset Infrastructure Fund - Direct Plan - IDCW;INF769K01PX0;INF769K01PW2;10.301;;;05-Jan-2026
153985;Mirae Asset Infrastructure Fund - Regular Plan - Growth;INF769K01PS0;;10.285;;;05-Jan-2026
153986;Mirae Asset Infrastructure Fund - Regular Plan - IDCW;INF769K01PU6;INF769K01PT8;10.287;;;05-Jan-2026

Motilal Oswal Mutual Fund
153366;Motilal Oswal Active Momentum Fund - Regular- IDCW;INF247L01ET7;INF247L01EU5;12.4282;;;05-Jan-2026
153364;Motilal Oswal Active Momentum Fund- Direct-Growth;INF247L01EP5;;12.4379;;;05-Jan-2026
153367;Motilal Oswal Active Momentum Fund- Direct-IDCW;INF247L01EQ3;INF247L01ER1;12.4376;;;05-Jan-2026
153365;Motilal Oswal Active Momentum Fund- Regular- Growth;INF247L01ES9;;12.4279;;;05-Jan-2026
152796;Motilal Oswal Business Cycle Fund - Direct Plan- Growth;INF247L01DG6;;12.8276;;;05-Jan-2026
152797;Motilal Oswal Business Cycle Fund - Direct Plan- IDCW;INF247L01DH4;INF247L01DI2;12.8268;;;05-Jan-2026
152794;Motilal Oswal Business Cycle Fund-Regular Plan-Growth;INF247L01DD3;;12.5707;;;05-Jan-2026
152795;Motilal Oswal Business Cycle Fund-Regular Plan-IDCW;INF247L01DE1;INF247L01DF8;12.5708;;;05-Jan-2026
153913;Motilal Oswal Consumption Fund-Direct-Growth;INF247L01GA2;;9.8949;;;05-Jan-2026
153914;Motilal Oswal Consumption Fund-Direct-IDCW;INF247L01GB0;INF247L01GC8;9.8949;;;05-Jan-2026
153916;Motilal Oswal Consumption Fund-Regular-Growth;INF247L01GD6;;9.8652;;;05-Jan-2026
153915;Motilal Oswal Consumption Fund-Regular-IDCW;INF247L01GE4;INF247L01GF1;9.8652;;;05-Jan-2026
152964;Motilal Oswal Digital India Fund - Direct Plan - Growth;INF247L01DN2;;10.5024;;;05-Jan-2026
152965;Motilal Oswal Digital India Fund - Direct Plan- IDCW;INF247L01DO0;INF247L01DP7;10.5020;;;05-Jan-2026
152967;Motilal Oswal Digital India Fund - Regular Plan - IDCW;INF247L01DR3;INF247L01DS1;10.3206;;;05-Jan-2026
152966;Motilal Oswal Digital India Fund - Regular Plan- Growth;INF247L01DQ5;;10.3206;;;05-Jan-2026
153484;Motilal Oswal Infrastructure Fund-Direct-Growth;INF247L01EW1;;12.2800;;;05-Jan-2026
153483;Motilal Oswal Infrastructure Fund-Direct-IDCW;INF247L01EX9;INF247L01EY7;12.2800;;;05-Jan-2026
153482;Motilal Oswal Infrastructure Fund-Regular-Growth;INF247L01EZ4;;12.2604;;;05-Jan-2026
153485;Motilal Oswal Infrastructure Fund-Regular-IDCW;INF247L01FA4;INF247L01FB2;12.2604;;;05-Jan-2026
153258;Motilal Oswal Innovation Opportunities Fund - Direct Plan- Growth;INF247L01EJ8;;12.6909;;;05-Jan-2026
153259;Motilal Oswal Innovation Opportunities Fund - Direct Plan- IDCW;INF247L01EK6;INF247L01EL4;12.6900;;;05-Jan-2026
153256;Motilal Oswal Innovation Opportunities Fund- Regular Plan- Growth;INF247L01EM2;;12.5384;;;05-Jan-2026
153257;Motilal Oswal Innovation Opportunities Fund- Regular Plan- IDCW;INF247L01EN0;INF247L01EO8;12.5385;;;05-Jan-2026
152762;Motilal Oswal Manufacturing Fund - Direct Plan - IDCW;INF247L01DB7;INF247L01DC5;11.5184;;;05-Jan-2026
152760;Motilal Oswal Manufacturing Fund - Direct Plan- Growth;INF247L01DA9;;11.5190;;;05-Jan-2026
152761;Motilal Oswal Manufacturing Fund - Regular Plan - IDCW;INF247L01CY1;INF247L01CZ8;11.2861;;;05-Jan-2026
152763;Motilal Owsal Manufacturing Fund - Regular Plan - Growth;INF247L01CX3;;11.2863;;;05-Jan-2026
152694;Motilal Oswal Quant Fund - Direct - Growth;INF247L01CS3;;10.5773;;;05-Jan-2026
152695;Motilal Oswal Quant Fund - Direct - IDCW;INF247L01CT1;INF247L01CU9;9.9467;;;05-Jan-2026
152692;Motilal Oswal Quant Fund - Regular - Growth;INF247L01CP9;;9.9889;;;05-Jan-2026
152693;Motilal Oswal Quant Fund - Regular - IDCW;INF247L01CQ7;INF247L01CR5;9.2095;;;05-Jan-2026
153558;Motilal Oswal Services Fund - Direct Plan - Growth;INF247L01FE6;;10.9497;;;05-Jan-2026
153563;Motilal Oswal Services Fund - Direct Plan - IDCW;INF247L01FI7;INF247L01FF3;10.9497;;;05-Jan-2026
153561;Motilal Oswal Services Fund - Regular Plan - Growth;INF247L01FG1;;10.9324;;;05-Jan-2026
153562;Motilal Oswal Services Fund - Regular Plan - IDCW;INF247L01FJ5;INF247L01FH9;10.9324;;;05-Jan-2026
153749;Motilal Oswal Special Opportunities Fund - Direct - Growth;INF247L01FS6;;10.6889;;;05-Jan-2026
153750;Motilal Oswal Special Opportunities Fund - Direct- IDCW;INF247L01FT4;INF247L01FU2;10.6889;;;05-Jan-2026
153752;Motilal Oswal Special Opportunities Fund-Regular Plan- IDCW;INF247L01FW8;INF247L01FX6;10.6847;;;05-Jan-2026
153751;Motilal Oswal Special Opportunities Fund-Regular Plan-Growth;INF247L01FV0;;10.6847;;;05-Jan-2026

PGIM India Mutual Fund
153039;PGIM India Healthcare Fund - Direct Plan - Growth Option;INF663L01Z45;;10.06;;;05-Jan-2026
153037;PGIM India Healthcare Fund - Direct Plan - IDCW Option;INF663L01Z60;INF663L01Z78;10.06;;;05-Jan-2026
153040;PGIM India Healthcare Fund - Regular Plan - Growth Option;INF663L01Z52;;9.88;;;05-Jan-2026
153038;PGIM India Healthcare Fund - Regular Plan - IDCW Option;INF663L01Z86;INF663L01Z94;9.88;;;05-Jan-2026

quant Mutual Fund
151791;quant BFSI Fund - Growth Option - Direct Plan;INF966L01BX0;;20.4505;;;05-Jan-2026
151788;quant BFSI Fund - Growth Option - Regular Plan;INF966L01CA6;;19.6262;;;05-Jan-2026
151790;quant BFSI Fund - IDCW Option - Direct Plan;INF966L01BY8;INF966L01BZ5;20.4739;;;05-Jan-2026
151789;quant BFSI Fund - IDCW Option - Regular Plan;INF966L01CB4;INF966L01CC2;19.6247;;;05-Jan-2026
151757;quant Business Cycle Fund - Growth Option - Direct Plan;INF966L01BR2;;16.5383;;;05-Jan-2026
151758;quant Business Cycle Fund - Growth Option - Regular Plan;INF966L01BU6;;15.882;;;05-Jan-2026
151759;quant Business Cycle Fund - IDCW Option - Direct Plan;INF966L01BS0;INF966L01BT8;16.5267;;;05-Jan-2026
151760;quant Business Cycle Fund - IDCW Option - Regular Plan;INF966L01BV4;INF966L01BW2;15.8973;;;05-Jan-2026
152255;quant Commodities Fund - Growth Option - Direct Plan;INF966L01DF3;;14.0463;;;05-Jan-2026
152256;quant Commodities Fund - Growth Option - Regular Plan;INF966L01DC0;;13.6211;;;05-Jan-2026
152257;quant Commodities Fund - IDCW Option - Direct Plan;INF966L01DG1;INF966L01DH9;14.042;;;05-Jan-2026
152258;quant Commodities Fund - IDCW Option - Regular Plan;INF966L01DD8;INF966L01DE6;13.619;;;05-Jan-2026
152336;quant Consumption Fund - Growth Option - Direct Plan;INF966L01DN7;;10.0883;;;05-Jan-2026
152338;quant Consumption Fund - Growth Option - Regular Plan;INF966L01DI7;;9.7878;;;05-Jan-2026
152339;quant Consumption Fund - IDCW Option - Direct Plan;INF966L01DO5;INF966L01DP2;10.0932;;;05-Jan-2026
152337;quant Consumption Fund - IDCW Option - Regular Plan;INF966L01DL1;INF966L01DM9;9.7917;;;05-Jan-2026
148564;quant ESG Integration Strategy Fund - Growth Option - Direct Plan;INF966L01AD4;;36.9858;;;05-Jan-2026
148560;quant ESG Integration Strategy Fund - Growth Option - Regular Plan;INF966L01AB8;;34.1462;;;05-Jan-2026
148563;quant ESG Integration Strategy Fund - IDCW Option - Direct Plan;INF966L01AE2;INF966L01AG7;36.9406;;;05-Jan-2026
148561;quant ESG Integration Strategy Fund - IDCW Option - Regular Plan;INF966L01AC6;INF966L01AF9;33.9805;;;05-Jan-2026
151853;quant Healthcare Fund - Growth Option - Direct Plan;INF966L01CD0;;15.7846;;;05-Jan-2026
151855;quant Healthcare Fund - Growth Option - Regular Plan;INF966L01CG3;;15.1584;;;05-Jan-2026
151854;quant Healthcare Fund - IDCW Option - Direct Plan;INF966L01CE8;INF966L01CF5;15.7832;;;05-Jan-2026
151856;quant Healthcare Fund - IDCW Option - Regular Plan;INF966L01CH1;INF966L01CI9;15.1579;;;05-Jan-2026
106170;quant Infrastructure Fund - Growth Option;INF966L01523;;37.9382;;;05-Jan-2026
120833;quant Infrastructure Fund - Growth Option-Direct Plan;INF966L01721;;41.8743;;;05-Jan-2026
120832;quant Infrastructure Fund - IDCW Option - Direct Plan;INF966L01705;INF966L01713;41.8411;;;05-Jan-2026
106169;quant Infrastructure Fund - IDCW Option - Regular Plan;INF966L01507;INF966L01515;37.8527;;;05-Jan-2026
151916;quant Manufacturing Fund - Growth Option - Direct Plan;INF966L01CJ7;;15.183;;;05-Jan-2026
151913;quant Manufacturing Fund - Growth Option - Regular Plan;INF966L01CN9;;14.629;;;05-Jan-2026
151914;quant Manufacturing Fund - IDCW Option - Direct Plan;INF966L01CK5;INF966L01CL3;15.1796;;;05-Jan-2026
151915;quant Manufacturing Fund - IDCW Option - Regular Plan;INF966L01CO7;INF966L01CP4;14.7407;;;05-Jan-2026
152189;quant Momentum Fund - Growth Option - Direct Plan;INF966L01CZ3;;15.057;;;05-Jan-2026
152190;quant Momentum Fund - Growth Option - Regular Plan;INF966L01CW0;;14.6454;;;05-Jan-2026
152192;quant Momentum Fund - IDCW Option - Direct Plan;INF966L01DA4;INF966L01DB2;15.0421;;;05-Jan-2026
152191;quant Momentum Fund - IDCW Option - Regular Plan;INF966L01CX8;INF966L01CY6;14.599;;;05-Jan-2026
152415;quant PSU Fund - Growth Option - Direct Plan;INF966L01DT4;;10.7281;;;05-Jan-2026
152413;quant PSU Fund - Growth Option - Regular Plan;INF966L01DQ0;;10.4454;;;05-Jan-2026
152416;quant PSU Fund - IDCW Option - Direct Plan;INF966L01DU2;INF966L01DV0;10.7346;;;05-Jan-2026
152414;quant PSU Fund - IDCW Option - Regular Plan;INF966L01DR8;INF966L01DS6;10.445;;;05-Jan-2026
148925;quant Quantamental Fund - Growth Option - Direct Plan;INF966L01AK9;;25.8102;;;05-Jan-2026
148923;quant Quantamental Fund - Growth Option - Regular Plan;INF966L01AH5;;24.0115;;;05-Jan-2026
148924;quant Quantamental Fund - IDCW Option - Direct Plan;INF966L01AL7;INF966L01AM5;25.9527;;;05-Jan-2026
148922;quant Quantamental Fund - IDCW Option - Regular Plan;INF966L01AI3;INF966L01AJ1;24.0394;;;05-Jan-2026
152067;quant Teck Fund - Growth Option - Direct Plan;INF966L01CT6;;11.6743;;;05-Jan-2026
152070;quant Teck Fund - Growth Option - Regular Plan;INF966L01CQ2;;11.2501;;;05-Jan-2026
152068;quant Teck Fund - IDCW Option - Direct Plan;INF966L01CU4;INF966L01CV2;11.6685;;;05-Jan-2026
152069;quant Teck Fund - IDCW Option - Regular Plan;INF966L01CR0;INF966L01CS8;11.2518;;;05-Jan-2026

Quantum Mutual Fund
147372;QUANTUM ESG BEST IN CLASS STRATEGY FUND - DIRECT PLAN - GROWTH OPTION;INF082J01382;;25.94;;;05-Jan-2026
147371;QUANTUM ESG BEST IN CLASS STRATEGY FUND - REGULAR PLAN - GROWTH OPTION;INF082J01390;;24.43;;;05-Jan-2026
153094;Quantum Ethical Fund - Direct Plan Growth Option;INF082J01473;;10.02;;;05-Jan-2026
153095;Quantum Ethical Fund - Regular Plan Growth Option;INF082J01481;;9.88;;;05-Jan-2026

SBI Mutual Fund
152657;SBI Automotive Opportunities Fund - Direct Plan - Growth;INF200KB1183;;11.8096;;;05-Jan-2026
152655;SBI Automotive Opportunities Fund - Direct Plan - Income Distribution Cum Capital Withdrawal Option;INF200KB1191;INF200KB1209;11.8093;;;05-Jan-2026
152658;SBI Automotive Opportunities Fund - Regular Plan - Growth;INF200KB1159;;11.5978;;;05-Jan-2026
152656;SBI Automotive Opportunities Fund - Regular Plan - Income Distribution Cum Capital Withdrawal Option;INF200KB1167;INF200KB1175;11.5980;;;05-Jan-2026
133859;SBI BANKING & FINANCIAL SERVICES FUND - DIRECT PLAN - GROWTH;INF200KA1507;;51.8772;;;05-Jan-2026
133857;SBI Banking & Financial Services Fund - Direct Plan - Income Distribution cum Capital Withdrawal Option (IDCW);INF200KA1515;INF200KA1523;46.3704;;;05-Jan-2026
133858;SBI BANKING & FINANCIAL SERVICES FUND - REGULAR PLAN - GROWTH;INF200KA1473;;46.2399;;;05-Jan-2026
133860;SBI Banking & Financial Services Fund - Regular Plan - Income Distribution cum Capital Withdrawal Option (IDCW);INF200KA1481;INF200KA1499;41.5259;;;05-Jan-2026
119705;SBI COMMA Fund - DIRECT PLAN - Growth;INF200K01SB6;;121.3105;;;05-Jan-2026
119613;SBI Comma Fund - Direct Plan - Income Distribution cum Capital Withdrawal Option (IDCW);INF200K01RZ7;INF200K01SA8;69.0313;;;05-Jan-2026
103145;SBI COMMA Fund - REGULAR PLAN - Growth;INF200K01339;;111.8206;;;05-Jan-2026
103146;SBI Comma Fund - Regular Plan - Income Distribution cum Capital Withdrawal Option (IDCW);INF200K01313;INF200K01321;63.4706;;;05-Jan-2026
120575;SBI CONSUMPTION OPPORTUNITIES FUND - DIRECT PLAN - GROWTH;INF200K01RM5;;351.7365;;;05-Jan-2026
119730;SBI Consumption Opportunities Fund - Direct Plan - Income Distribution cum Capital Withdrawal Option (IDCW);INF200K01RK9;INF200K01RL7;247.6190;;;05-Jan-2026
120576;SBI CONSUMPTION OPPORTUNITIES FUND - REGULAR - GROWTH;INF200K01VR6;;306.7902;;;05-Jan-2026
100645;SBI Consumption Opportunities Fund - Regular Plan - Income Distribution cum Capital Withdrawal Option (IDCW);INF200K01404;INF200K01412;184.7088;;;05-Jan-2026
152417;SBI Energy Opportunities Fund - Direct Plan - Growth;INF200KB1126;;11.1861;;;05-Jan-2026
152420;SBI Energy Opportunities Fund - Direct Plan - Income Distribution Cum Capital Withdrawal Option;INF200KB1134;INF200KB1142;11.1859;;;05-Jan-2026
152418;SBI Energy Opportunities Fund - Regular Plan - Growth;INF200KB1092;;10.9585;;;05-Jan-2026
152419;SBI Energy Opportunities Fund - Regular Plan - Income Distribution Cum Capital Withdrawal Option;INF200KB1100;INF200KB1118;10.9588;;;05-Jan-2026
146643;SBI Equity Minimum Variance Fund - Direct Plan - Growth;INF200KA1A71;;25.3852;;;05-Jan-2026
146642;SBI Equity Minimum Variance Fund - Direct Plan - Income Distribution cum Capital Withdrawal Option (IDCW);INF200KA1A89;INF200KA1A97;25.3836;;;05-Jan-2026
146644;SBI Equity Minimum Variance Fund - Regular Plan - Growth;INF200KA1A48;;24.7691;;;05-Jan-2026
146641;SBI Equity Minimum Variance Fund - Regular Plan - Income Distribution cum Capital Withdrawal Option (IDCW);INF200KA1A55;INF200KA1A63;24.7731;;;05-Jan-2026
119708;SBI ESG Exclusionary Strategy Fund - Direct Plan - Income Distribution cum Capital Withdrawal Option (IDCW);INF200K01SC4;INF200K01SD2;98.2731;;;05-Jan-2026
119709;SBI ESG Exclusionary Strategy Fund - Direct Plan -Growth;INF200K01SE0;;273.7446;;;05-Jan-2026
104523;SBI ESG Exclusionary Strategy Fund - Regular Plan - Growth;INF200K01214;;249.1494;;;05-Jan-2026
101295;SBI ESG Exclusionary Strategy Fund - Regular Plan - Income Distribution cum Capital Withdrawal Option (IDCW);INF200K01198;INF200K01206;77.9202;;;05-Jan-2026
119700;SBI INFRASTRUCTURE FUND -  DIRECT PLAN - GROWTH;INF200K01RS2;;54.3256;;;05-Jan-2026
106096;SBI INFRASTRUCTURE FUND -  REGULAR PLAN - GROWTH;INF200K01CT2;;50.1071;;;05-Jan-2026
119695;SBI Infrastructure Fund - Direct Plan - Income Distribution cum Capital Withdrawal Option (IDCW);INF200K01RQ6;INF200K01RR4;48.0789;;;05-Jan-2026
106095;SBI Infrastructure Fund - Regular Plan - Income Distribution cum Capital Withdrawal Option (IDCW);INF200K01CU0;INF200K01CV8;44.5744;;;05-Jan-2026
152776;SBI Innovative Opportunities Fund - Direct Plan - Growth;INF200KB1324;;10.0930;;;05-Jan-2026
152777;SBI Innovative Opportunities Fund - Direct Plan - Income Distribution Cum Capital Withdrawal Option;INF200KB1332;INF200KB1340;10.0931;;;05-Jan-2026
152774;SBI Innovative Opportunities Fund - Regular Plan - Growth;INF200KB1290;;9.9367;;;05-Jan-2026
152775;SBI Innovative Opportunities Fund - Regular Plan - Income Distribution Cum Capital Withdrawal Option;INF200KB1308;INF200KB1316;9.9371;;;05-Jan-2026
119710;SBI MNC Fund - Direct Plan - Income Distribution cum Capital Withdrawal Option (IDCW);INF200K01SL5;INF200K01SM3;140.4056;;;05-Jan-2026
119711;SBI MNC FUND - DIRECT PLAN -GROWTH;INF200K01SN1;;393.3317;;;05-Jan-2026
103114;SBI MNC Fund - Regular Plan - Income Distribution cum Capital Withdrawal Option (IDCW);INF200K01255;INF200K01263;108.7229;;;05-Jan-2026
103034;SBI MNC FUND - REGULAR PLAN -GROWTH;INF200K01271;;355.8942;;;05-Jan-2026
119732;SBI PSU Fund - DIRECT PLAN - GROWTH;INF200K01UY4;;38.2704;;;05-Jan-2026
119733;SBI PSU Fund - Direct Plan - Income Distribution cum Capital Withdrawal Option (IDCW);INF200K01UW8;INF200K01UX6;38.2145;;;05-Jan-2026
112923;SBI PSU Fund - Regular Plan - Income Distribution cum Capital Withdrawal Option (IDCW);INF200K01BD8;INF200K01BE6;34.5890;;;05-Jan-2026
113099;SBI PSU Fund - REGULAR PLAN -Growth;INF200K01BC0;;34.5930;;;05-Jan-2026
153154;SBI Quant Fund- Direct Plan- Growth;INF200KB1506;;10.6764;;;05-Jan-2026
153151;SBI Quant Fund- Direct Plan- Income Distribution cum Capital Withdrawal Option (IDCW);INF200KB1514;INF200KB1522;10.6762;;;05-Jan-2026
153153;SBI Quant Fund- Regular Plan- Growth;INF200KB1472;;10.5476;;;05-Jan-2026
153152;SBI Quant Fund- Regular Plan- Income Distribution Cum Capital Withdrawal Option (IDCW);INF200KB1480;INF200KB1498;10.5476;;;05-Jan-2026

Shriram Mutual Fund
153076;Shriram Multi Sector Rotation Fund - Direct Plan Growth Option;INF680P01455;;8.4095;;;05-Jan-2026
153077;Shriram Multi Sector Rotation Fund - Regular Plan Growth Option;INF680P01463;;8.2555;;;05-Jan-2026

Sundaram Mutual Fund
152677;Sundaram Business Cycle Fund Direct Plan Growth;INF903JA1LQ6;;11.2586;;;05-Jan-2026
152676;Sundaram Business Cycle Fund Direct Plan IDCW Payout;INF903JA1LR4;;11.2586;;;05-Jan-2026
152673;Sundaram Business Cycle Fund Direct Plan IDCW Reinvestment;;INF903JA1LS2;11.2586;;;05-Jan-2026
152678;Sundaram Business Cycle Fund Regular Plan Growth;INF903JA1LN3;;10.9866;;;05-Jan-2026
152674;Sundaram Business Cycle Fund Regular Plan IDCW Payout;INF903JA1LO1;;10.9866;;;05-Jan-2026
152675;Sundaram Business Cycle Fund Regular Plan IDCW Reinvestment;;INF903JA1LP8;10.9866;;;05-Jan-2026
119595;Sundaram Consumption Fund (Formerly Known as Sundaram Rural and Consumption Fund Direct Plan - Growth);INF903J01NH5;;107.8849;;;05-Jan-2026
103743;Sundaram Consumption Fund (Formerly Known as Sundaram Rural and Consumption Fund Regular Plan - Income Distribution cum Capital Withdrawal (IDCW);INF903J01546;INF903J01553;27.5825;;;05-Jan-2026
119594;Sundaram Consumption Fund (Formerly Known asSundaram Rural and Consumption Fund Direct Plan - Income Distribution cum Capital Withdrawal (IDCW);INF903J01NF9;INF903J01NG7;30.8881;;;05-Jan-2026
102142;Sundaram Consumption Fund(Formerly Known as Sundaram Rural and Consumption Fund Regular Plan - Growth);INF903J01561;;98.0154;;;05-Jan-2026
119597;Sundaram Financial Services Opportunities Fund Direct Plan - Growth;INF903J01NB8;;128.1209;;;05-Jan-2026
119596;Sundaram Financial Services Opportunities Fund Direct Plan - Income Distribution cum Capital Withdrawal (IDCW);INF903J01MZ9;INF903J01NA0;37.6966;;;05-Jan-2026
109059;Sundaram Financial Services Opportunities Fund Regular Plan - Growth;INF903J01629;;112.8447;;;05-Jan-2026
109058;Sundaram Financial Services Opportunities Fund Regular Plan - Income Distribution cum Capital Withdrawal (IDCW);INF903J01603;INF903J01611;32.6354;;;05-Jan-2026
129212;Sundaram Infrastructure Advantage Fund Direct Plan - Growth;INF903J01F92;;105.3424;;;05-Jan-2026
129211;Sundaram Infrastructure Advantage Fund Direct Plan - Income Distribution cum Capital Withdrawal (IDCW);INF903J01G00;INF903J01G18;60.6531;;;05-Jan-2026
129213;Sundaram Infrastructure Advantage Fund Regular Plan - Growth;INF903J01F68;;98.3343;;;05-Jan-2026
129210;Sundaram Infrastructure Advantage Fund Regular Plan - Income Distribution cum Capital Withdrawal (IDCW);INF903J01F76;INF903J01F84;56.3152;;;05-Jan-2026
153669;Sundaram Multi-Factor Fund - Direct - Growth;INF903JA1LV6;;10.7194;;;05-Jan-2026
153670;Sundaram Multi-Factor Fund - Direct - IDCW Payout;INF903JA1LU8;;10.7194;;;05-Jan-2026
153666;Sundaram Multi-Factor Fund - Direct - IDCW Reinvestment;;INF903JA1LT0;10.7194;;;05-Jan-2026
153667;Sundaram Multi-Factor Fund - Regular - Growth;INF903JA1LY0;;10.6366;;;05-Jan-2026
153671;Sundaram Multi-Factor Fund - Regular - IDCW Payout;INF903JA1LX2;;10.6366;;;05-Jan-2026
153668;Sundaram Multi-Factor Fund - Regular - IDCW Reinvestment;;INF903JA1LW4;10.6366;;;05-Jan-2026

Tata Mutual Fund
135789;TATA Banking & Financial Services Fund Direct Plan - Payout of Income Distribution cum capital withdrawal option ;INF277K01Z28;;53.5194;;;05-Jan-2026
135792;TATA Banking & Financial Services Fund Direct Plan - Reinvestment of Income Distribution cum capital withdrawal option ;;INF277K01Z36;53.5194;;;05-Jan-2026
135790;TATA Banking & Financial Services Fund Regular Plan - Payout of Income Distribution cum capital withdrawal option ;INF277K01Y94;;41.9809;;;05-Jan-2026
135791;TATA Banking & Financial Services Fund Regular Plan - Reinvestment of Income Distribution cum capital withdrawal option ;;INF277K01Z02;41.9809;;;05-Jan-2026
135793;Tata Banking And Financial Services Fund-Direct Plan-Growth;INF277K01Z10;;53.5194;;;05-Jan-2026
135794;Tata Banking And Financial Services Fund-Regular Plan-Growth;INF277K01Y86;;45.6435;;;05-Jan-2026
149071;Tata Business Cycle Fund-Direct Plan-Growth;INF277KA1166;;20.5505;;;05-Jan-2026
149066;Tata Business Cycle Fund-Direct Plan-IDCW Payout;INF277KA1174;;20.5505;;;05-Jan-2026
149067;Tata Business Cycle Fund-Direct Plan-IDCW Reinvestment;;INF277KA1182;20.5505;;;05-Jan-2026
149068;Tata Business Cycle Fund-Regular Plan-Growth;INF277KA1190;;19.1480;;;05-Jan-2026
149070;Tata Business Cycle Fund-Regular Plan-IDCW Payout;INF277KA1208;;19.1480;;;05-Jan-2026
149069;Tata Business Cycle Fund-Regular Plan-IDCW Reinvestment;;INF277KA1216;19.1480;;;05-Jan-2026
135795;TATA Digital India Fund Direct Plan - Payout of Income Distribution cum capital withdrawal option ;INF277K01Z85;;56.9571;;;05-Jan-2026
135798;TATA Digital India Fund Direct Plan - Reinvestment of Income Distribution cum capital withdrawal option ;;INF277K01Z93;56.9571;;;05-Jan-2026
135796;TATA Digital India Fund Regular Plan - Payout of Income Distribution cum capital withdrawal option ;INF277K01Z51;;48.6003;;;05-Jan-2026
135799;TATA Digital India Fund Regular Plan - Reinvestment of Income Distribution cum capital withdrawal option ;;INF277K01Z69;48.6003;;;05-Jan-2026
135800;Tata Digital India Fund-Direct Plan-Growth;INF277K01Z77;;56.9571;;;05-Jan-2026
135797;Tata Digital India Fund-Regular Plan-Growth;INF277K01Z44;;48.6003;;;05-Jan-2026
119172;Tata Ethical Fund -Direct Plan- Growth Option;INF277K01NG4;;450.9109;;;05-Jan-2026
119171;Tata Ethical Fund- Direct Plan - Payout of IDCW Option;INF277K01NE9;INF277K01NF6;247.5356;;;05-Jan-2026
101833;Tata Ethical Fund- Regular Plan - Payout of IDCW Option;INF277K01EH1;INF277K01949;160.0252;;;05-Jan-2026
100415;Tata Ethical Fund-Regular Plan - Growth Option;INF277K01956;;392.6234;;;05-Jan-2026
150532;Tata Housing Opportunities Fund - Direct Plan - Growth;INF277KA1497;;16.1959;;;05-Jan-2026
150534;Tata Housing Opportunities Fund - Direct Plan - IDCW Payout;INF277KA1513;;16.1959;;;05-Jan-2026
150533;Tata Housing Opportunities Fund - Direct Plan - IDCW Reinvestment;;INF277KA1505;16.1959;;;05-Jan-2026
150537;Tata Housing Opportunities Fund - Regular Plan - Growth;INF277KA1521;;15.2888;;;05-Jan-2026
150535;Tata Housing Opportunities Fund - Regular Plan - IDCW Payout;INF277KA1547;;15.2888;;;05-Jan-2026
150536;Tata Housing Opportunities Fund - Regular Plan - IDCW Reinvestment;;INF277KA1539;15.2888;;;05-Jan-2026
135806;TATA India Consumer Fund Direct Plan - Payout of Income Distribution cum capital withdrawal option ;INF277K014A4;;51.9313;;;05-Jan-2026
135801;TATA India Consumer Fund Direct Plan - Reinvestment of Income Distribution cum capital withdrawal option ;;INF277K015A1;51.9313;;;05-Jan-2026
135802;TATA India Consumer Fund Regular Plan - Payout of Income Distribution cum capital withdrawal option;INF277K011A0;;41.3710;;;05-Jan-2026
135803;TATA India Consumer Fund Regular Plan - Reinvestment of Income Distribution cum capital withdrawal option ;;INF277K012A8;41.3710;;;05-Jan-2026
135805;Tata India Consumer Fund-Direct Plan-Growth;INF277K013A6;;51.9313;;;05-Jan-2026
135804;Tata India Consumer Fund-Regular Plan-Growth;INF277K010A2;;44.8637;;;05-Jan-2026
153055;Tata India Innovation Fund- Direct Growth;INF277KA1CU2;;10.1227;;;05-Jan-2026
153057;Tata India Innovation Fund- Direct IDCW payout;INF277KA1CW8;;10.1227;;;05-Jan-2026
153056;Tata India Innovation Fund- Direct IDCW Reinvestment;;INF277KA1CV0;10.1227;;;05-Jan-2026
153059;Tata India Innovation Fund- Regular Growth;INF277KA1CR8;;9.9524;;;05-Jan-2026
153054;Tata India Innovation Fund- Regular IDCW payout;INF277KA1CT4;;9.9524;;;05-Jan-2026
153058;Tata India Innovation Fund- Regular IDCW Reinvestment;;INF277KA1CS6;9.9524;;;05-Jan-2026
135807;TATA India Pharma & Health Care Fund Direct Plan - Payout of Income Distribution cum capital withdrawal option ;INF277K010B0;;35.6612;;;05-Jan-2026
135809;TATA India Pharma & Health Care Fund Regular Plan - Payout of Income Distribution cum capital withdrawal option ;INF277K017A7;;30.4488;;;05-Jan-2026
135808;TATA India Pharma & Healthcare Fund Direct Plan - Reinvestment of Income Distribution cum capital withdrawal option;;INF277K011B8;35.6612;;;05-Jan-2026
135811;TATA India Pharma & Healthcare Fund Regular Plan - Reinvestment of Income Distribution cum capital withdrawal option ;;INF277K018A5;30.4488;;;05-Jan-2026
135810;Tata India Pharma & Healthcare Fund-Direct Plan-Growth;INF277K019A3;;35.6612;;;05-Jan-2026
135812;Tata India Pharma & Healthcare Fund-Regular Plan-Growth;INF277K016A9;;30.4488;;;05-Jan-2026
119243;Tata Infrastructure Fund -Direct Plan -Growth Option;INF277K01PQ8;;184.5805;;;05-Jan-2026
101852;TATA Infrastructure Fund Regular Plan - Payout of IDCW Option;INF277K01DY8;INF277K01774;80.1269;;;05-Jan-2026
119244;Tata Infrastructure Fund- Direct Plan - Payout of IDCW Option;INF277K01PO3;INF277K01PP0;96.7135;;;05-Jan-2026
101766;Tata Infrastructure Fund-Regular Plan- Growth Option;INF277K01782;;169.0436;;;05-Jan-2026
135817;TATA Resources & Energy Fund Direct Plan - Payout of Income Distribution cum capital withdrawal option ;INF277K016B7;;55.5163;;;05-Jan-2026
135816;TATA Resources & Energy Fund Direct Plan - Reinvestment of Income Distribution cum capital withdrawal option ;;INF277K017B5;55.5163;;;05-Jan-2026
135814;TATA Resources & Energy Fund Regular Plan - Payout of Income Distribution cum capital withdrawal option ;INF277K013B4;;42.9612;;;05-Jan-2026
135818;TATA Resources & Energy Fund Regular Plan - Reinvestment of Income Distribution cum capital withdrawal option ;;INF277K014B2;42.9612;;;05-Jan-2026
135813;Tata Resources & Energy Fund-Direct Plan-Growth;INF277K015B9;;55.5163;;;05-Jan-2026
135815;Tata Resources & Energy Fund-Regular Plan-Growth;INF277K012B6;;46.9685;;;05-Jan-2026

Taurus Mutual Fund
118868;Taurus Banking & Financial Services Fund - Direct Plan - Growth;INF044D01CN2;;62.13;;;05-Jan-2026
118869;Taurus Banking & Financial Services Fund - Direct Plan - Payout of Income Distribution cum Capital Withdrawal option;INF044D01CO0;INF044D01CP7;61.41;;;05-Jan-2026
117312;Taurus Banking & Financial Services Fund - Regular Plan - Growth;INF044D01BI4;;55.37;;;05-Jan-2026
117313;Taurus Banking & Financial Services Fund - Regular Plan - Payout of Income Distribution cum Capital Withdrawal option;INF044D01BJ2;INF044D01BK0;49.57;;;05-Jan-2026
111903;Taurus Ethical Fund -  Regular Plan - Bonus Option;INF044D01823;;130.56;;;05-Jan-2026
118876;Taurus Ethical Fund - Direct Plan - Growth;INF044D01CJ0;;148.04;;;05-Jan-2026
118877;Taurus Ethical Fund - Direct Plan - Payout of Income Distribution cum Capital Withdrawal option;INF044D01CK8;INF044D01CL6;99.38;;;05-Jan-2026
111787;Taurus Ethical Fund - Regular Plan - Growth;INF044D01864;;130.58;;;05-Jan-2026
111788;Taurus Ethical Fund - Regular Plan - Payout of Income Distribution cum Capital Withdrawal option;INF044D01831;INF044D01849;88.27;;;05-Jan-2026
118878;Taurus Ethical Fund-Direct Plan-Bonus Option #;INF044D01CM4;;48.52;;;05-Jan-2026
118879;Taurus Infrastructure Fund - Direct Plan - Growth ;INF044D01CD3;;73.17;;;05-Jan-2026
118880;Taurus Infrastructure Fund - Direct Plan - Payout of Income Distribution cum Capital Withdrawal option;INF044D01CE1;INF044D01CF8;68.14;;;05-Jan-2026
105417;Taurus Infrastructure Fund - Regular Plan - Growth;INF044D01906;;68.02;;;05-Jan-2026
105418;Taurus Infrastructure Fund - Regular Plan - Payout of Income Distribution cum Capital Withdrawal option;INF044D01872;INF044D01880;63.89;;;05-Jan-2026

Union Mutual Fund
153109;Union Active Momentum Fund - Direct Plan - Growth Option;INF582M01KG9;;8.76;;;05-Jan-2026
153110;Union Active Momentum Fund - Direct Plan - IDCW Option;INF582M01KH7;INF582M01KI5;8.76;;;05-Jan-2026
153111;Union Active Momentum Fund - Regular Plan - Growth Option;INF582M01KC8;;8.63;;;05-Jan-2026
153112;Union Active Momentum Fund - Regular Plan - IDCW Option;INF582M01KD6;INF582M01KE4;8.63;;;05-Jan-2026
152409;Union Business Cycle Fund - Direct Plan - Growth Option;INF582M01JQ0;;11.83;;;05-Jan-2026
152410;Union Business Cycle Fund - Direct Plan - IDCW Option;INF582M01JR8;INF582M01JS6;11.83;;;05-Jan-2026
152411;Union Business Cycle Fund - Regular Plan - Growth Option;INF582M01JM9;;11.53;;;05-Jan-2026
152412;Union Business Cycle Fund - Regular Plan - IDCW Option;INF582M01JN7;INF582M01JO5;11.53;;;05-Jan-2026
154020;Union Consumption Fund - Direct Plan - Growth Option;INF582M01MH3;;10.06;;;05-Jan-2026
154021;Union Consumption Fund - Direct Plan - IDCW Option;INF582M01MI1;INF582M01MJ9;10.06;;;05-Jan-2026
154022;Union Consumption Fund - Regular Plan - Growth Option;INF582M01MD2;;10.05;;;05-Jan-2026
154023;Union Consumption Fund - Regular Plan - IDCW Option;INF582M01ME0;INF582M01MF7;10.05;;;05-Jan-2026
151905;Union Innovation & Opportunities Fund - Direct Plan - Growth Option;INF582M01JE6;;14.86;;;05-Jan-2026
151904;Union Innovation & Opportunities Fund - Direct Plan - IDCW Option;INF582M01JF3;INF582M01JG1;14.86;;;05-Jan-2026
151903;Union Innovation & Opportunities Fund - Regular Plan - Growth Option;INF582M01JA4;;14.36;;;05-Jan-2026
151906;Union Innovation & Opportunities Fund - Regular Plan - IDCW Option;INF582M01JB2;INF582M01JC0;14.36;;;05-Jan-2026

WhiteOak Capital Mutual Fund
152321;WhiteOak Capital Banking & Financial Services Fund - Direct Growth;INF03VN01860;;13.601;;;05-Jan-2026
152322;WhiteOak Capital Banking & Financial Services Fund - Regular Growth;INF03VN01852;;13.160;;;05-Jan-2026
152915;WhiteOak Capital Digital Bharat Fund Direct Plan Growth;INF03VN01936;;10.890;;;05-Jan-2026
152914;WhiteOak Capital Digital Bharat Fund Regular Plan Growth;INF03VN01944;;10.659;;;05-Jan-2026
152962;WhiteOak Capital ESG Best-In-Class Strategy Fund Direct Plan Growth;INF03VN01951;;10.957;;;05-Jan-2026
152963;WhiteOak Capital ESG Best-In-Class Strategy Fund Regular Plan Growth;INF03VN01969;;10.732;;;05-Jan-2026
152349;WhiteOak Capital Pharma and Heathcare Fund Direct Plan Growth;INF03VN01886;;14.335;;;05-Jan-2026
152348;WhiteOak Capital Pharma and Heathcare Fund Regular Plan Growth;INF03VN01878;;13.863;;;05-Jan-2026
153189;WhiteOak Capital Quality Equity Fund Direct Plan Growth;INF03VN01977;;10.933;;;05-Jan-2026
153190;WhiteOak Capital Quality Equity Fund Regular Plan Growth;INF03VN01985;;10.757;;;05-Jan-2026
152644;WhiteOak Capital Special Opportunities Fund - Direct Growth;INF03VN01902;;13.770;;;05-Jan-2026
152643;WhiteOak Capital Special Opportunities Fund - Regular Growth;INF03VN01894;;13.357;;;05-Jan-2026

Open Ended Schemes ( Equity Scheme - ELSS )


Groww Mutual Fund
141807;Groww ELSS Tax Saver Fund (formerly known as Indiabulls Tax Savings Fund)- Direct Plan- Dividend Option;INF666M01DL5;;23.11;;;05-Jan-2026
141808;Groww ELSS Tax Saver Fund (formerly known as Indiabulls Tax Savings Fund)- Direct Plan- Growth Option;INF666M01DK7;;23.15;;;05-Jan-2026
141810;Groww ELSS Tax Saver Fund (formerly known as Indiabulls Tax Savings Fund)- Regular Plan- - Income Distribution cum capital withdrawal Option (Payout);INF666M01DO9;;20.27;;;05-Jan-2026
141862;Groww ELSS Tax Saver Fund (formerly known as Indiabulls Tax Savings Fund)-Regular Plan-Growth Option;INF666M01DN1;;20.26;;;05-Jan-2026

HDFC Mutual Fund
119060;HDFC ELSS Tax saver - Growth Option - Direct Plan;INF179K01YS4;;1590.974;;;05-Jan-2026
101979;HDFC ELSS Tax saver - Growth Plan;INF179K01BB8;;1469.032;;;05-Jan-2026
119059;HDFC ELSS Tax saver - IDCW Option - Direct Plan;INF179K01YQ8;INF179K01YR6;106.656;;;05-Jan-2026
101980;HDFC ELSS Tax saver - IDCW Plan;INF179K01AZ9;INF179K01BA0;78.514;;;05-Jan-2026

ITI Mutual Fund
147541;ITI ELSS Tax Saver Fund - Direct Plan - Growth Option;INF00XX01390;;28.2394;;;05-Jan-2026
147542;ITI ELSS Tax Saver Fund - Direct Plan - IDCW Option;INF00XX01408;;26.0402;;;05-Jan-2026
147544;ITI ELSS Tax Saver Fund - Regular Plan - Growth Option;INF00XX01374;;24.9511;;;05-Jan-2026
147543;ITI ELSS Tax Saver Fund - Regular Plan - IDCW Option;INF00XX01382;;22.8960;;;05-Jan-2026

JM Financial Mutual Fund
120494;JM ELSS Tax Saver Fund (Direct) - Growth Option;INF192K01CE3;;57.7331;;;05-Jan-2026
120493;JM ELSS Tax Saver Fund (Direct) - IDCW;INF192K01CD5;;56.3097;;;05-Jan-2026
107288;JM ELSS Tax Saver Fund (Regular) - Growth option;INF192K01650;;50.2428;;;05-Jan-2026
107287;JM ELSS Tax Saver Fund (Regular) - IDCW;INF192K01643;;50.242;;;05-Jan-2026

Kotak Mahindra Mutual Fund
103339;Kotak ELSS Tax Saver Fund-Growth;INF174K01369;;118.657;;;05-Jan-2026
119773;Kotak ELSS Tax Saver Fund-Growth - Direct;INF174K01LI3;;139.726;;;05-Jan-2026
103338;Kotak ELSS Tax Saver Fund-Payout of Income Distribution cum capital withdrawal option;INF174K01385;;44.407;;;05-Jan-2026
119772;Kotak ELSS Tax Saver Fund-Payout of Income Distribution cum capital withdrawal option - Direct;INF174K01LJ1;;58.53;;;05-Jan-2026

LIC Mutual Fund
120270;LIC MF ELSS Tax Saver-Direct Plan-Growth;INF767K01EM1;;178.8245;;;05-Jan-2026
120269;LIC MF ELSS Tax Saver-Direct Plan-IDCW;INF767K01EL3;INF767K01EN9;39.4898;;;05-Jan-2026
100865;LIC MF ELSS Tax Saver-Regular Plan-Growth;INF767K01956;;155.7853;;;05-Jan-2026
100864;LIC MF ELSS Tax Saver-Regular Plan-IDCW;INF767K01931;INF767K01949;32.6126;;;05-Jan-2026
134878;LIC MF ULIS (10 Yrs. Regular Premium Reducing Cover Half-Yearly)-Direct Plan-IDCW Reinvestment;;INF767K01DR2;40.7788;;;05-Jan-2026
134865;LIC MF ULIS (10 Yrs. Regular Premium Reducing Cover Half-Yearly)-Regular Plan-IDCW Reinvestment;;INF767K01998;36.5067;;;05-Jan-2026
134876;LIC MF ULIS (10 Yrs. Regular Premium Reducing Cover Monthly)-Direct Plan-IDCW Reinvestment;;INF767K01DQ4;40.7788;;;05-Jan-2026
134847;LIC MF ULIS (10 Yrs. Regular Premium Reducing Cover Monthly)-Regular Plan-IDCW Reinvestment;;INF767K01980;36.5067;;;05-Jan-2026
135976;LIC MF ULIS (10 Yrs. Regular Premium Reducing Cover Quarterly)-Direct Plan-IDCW Reinvestment;;INF767K01OY5;40.7788;;;05-Jan-2026
135979;LIC MF ULIS (10 Yrs. Regular Premium Reducing Cover Quarterly)-Regular Plan-IDCW Reinvestment;;INF767K01OV1;36.5067;;;05-Jan-2026
134877;LIC MF ULIS (10 Yrs. Regular Premium Reducing Cover Yearly)-Direct Plan-IDCW Reinvestment;;INF767K01DS0;40.7788;;;05-Jan-2026
134864;LIC MF ULIS (10 Yrs. Regular Premium Reducing Cover Yearly)-Regular Plan-IDCW Reinvestment;;INF767K01AA4;36.5067;;;05-Jan-2026
134879;LIC MF ULIS (10 Yrs. Regular Premium Uniform Cover Half-Yearly)-Direct Plan-IDCW Reinvestment;;INF767K01DU6;40.7788;;;05-Jan-2026
134867;LIC MF ULIS (10 Yrs. Regular Premium Uniform Cover Half-Yearly)-Regular Plan-IDCW Reinvestment;;INF767K01AC0;36.5067;;;05-Jan-2026
134881;LIC MF ULIS (10 Yrs. Regular Premium Uniform Cover Monthly)-Direct Plan-IDCW Reinvestment;;INF767K01DT8;40.7788;;;05-Jan-2026
134863;LIC MF ULIS (10 Yrs. Regular Premium Uniform Cover Monthly)-Regular Plan-IDCW Reinvestment;;INF767K01AB2;36.5067;;;05-Jan-2026
135977;LIC MF ULIS (10 Yrs. Regular Premium Uniform Cover Quarterly)-Direct Plan-IDCW Reinvestment;;INF767K01PB0;40.7788;;;05-Jan-2026
135983;LIC MF ULIS (10 Yrs. Regular Premium Uniform Cover Quarterly)-Regular Plan-IDCW Reinvestment;;INF767K01PA2;36.5067;;;05-Jan-2026
134880;LIC MF ULIS (10 Yrs. Regular Premium Uniform Cover Yearly)-Direct Plan-IDCW Reinvestment;;INF767K01DV4;40.7788;;;05-Jan-2026
134868;LIC MF ULIS (10 Yrs. Regular Premium Uniform Cover Yearly)-Regular Plan-IDCW Reinvestment;;INF767K01AD8;36.5067;;;05-Jan-2026
134875;LIC MF ULIS (10 Yrs. Single Premium)-Direct Plan-IDCW Reinvestment;;INF767K01DP6;40.7788;;;05-Jan-2026
134846;LIC MF ULIS (10 Yrs. Single Premium)-Regular Plan-IDCW Reinvestment;;INF767K01972;36.5067;;;05-Jan-2026
134882;LIC MF ULIS (15 Yrs. Regular Premium Reducing Cover Half-Yearly)-Direct Plan-IDCW Reinvestment;;INF767K01DX0;40.7788;;;05-Jan-2026
134870;LIC MF ULIS (15 Yrs. Regular Premium Reducing Cover Half-Yearly)-Regular Plan-IDCW Reinvestment;;INF767K01AF3;36.5067;;;05-Jan-2026
134884;LIC MF ULIS (15 Yrs. Regular Premium Reducing Cover Monthly)-Direct Plan-IDCW Reinvestment;;INF767K01DW2;40.7788;;;05-Jan-2026
134869;LIC MF ULIS (15 Yrs. Regular Premium Reducing Cover Monthly)-Regular Plan-IDCW Reinvestment;;INF767K01AE6;36.5067;;;05-Jan-2026
135978;LIC MF ULIS (15 Yrs. Regular Premium Reducing Cover Quarterly)-Direct Plan-IDCW Reinvestment;;INF767K01OX7;40.7788;;;05-Jan-2026
135981;LIC MF ULIS (15 Yrs. Regular Premium Reducing Cover Quarterly)-Regular Plan-IDCW Reinvestment;;INF767K01OU3;36.5067;;;05-Jan-2026
134883;LIC MF ULIS (15 Yrs. Regular Premium Reducing Cover Yearly)-Direct Plan-IDCW Reinvestment;;INF767K01DY8;40.7788;;;05-Jan-2026
134871;LIC MF ULIS (15 Yrs. Regular Premium Reducing Cover Yearly)-Regular Plan-IDCW Reinvestment;;INF767K01AG1;36.5067;;;05-Jan-2026
134885;LIC MF ULIS (15 Yrs. Regular Premium Uniform Cover Half-Yearly)-Direct Plan-IDCW Reinvestment;;INF767K01EA6;40.7788;;;05-Jan-2026
134873;LIC MF ULIS (15 Yrs. Regular Premium Uniform Cover Half-Yearly)-Regular Plan-IDCW Reinvestment;;INF767K01AI7;36.5067;;;05-Jan-2026
134887;LIC MF ULIS (15 Yrs. Regular Premium Uniform Cover Monthly)-Direct Plan-IDCW Reinvestment;;INF767K01DZ5;40.7788;;;05-Jan-2026
134872;LIC MF ULIS (15 Yrs. Regular Premium Uniform Cover Monthly)-Regular Plan-IDCW Reinvestment;;INF767K01AH9;36.5067;;;05-Jan-2026
135980;LIC MF ULIS (15 Yrs. Regular Premium Uniform Cover Quarterly)-Direct Plan-IDCW Reinvestment;;INF767K01OZ2;40.7788;;;05-Jan-2026
135982;LIC MF ULIS (15 Yrs. Regular Premium Uniform Cover Quarterly)-Regular Plan-IDCW Reinvestment;;INF767K01OW9;36.5067;;;05-Jan-2026
134886;LIC MF ULIS (15 Yrs. Regular Premium Uniform Cover Yearly)-Direct Plan-IDCW Reinvestment;;INF767K01EB4;40.7788;;;05-Jan-2026
134874;LIC MF ULIS (15Yrs. Regular Premium Uniform Cover Yearly)-Regular Plan-IDCW Reinvestment;;INF767K01AJ5;36.5067;;;05-Jan-2026
120259;LIC MF ULIS (5 Yrs. Single Premium)-Direct Plan-IDCW Reinvestment;;INF767K01DO9;40.7788;;;05-Jan-2026
100325;LIC MF ULIS (5 Yrs. Single Premium)-Regular Plan-IDCW Reinvestment;;INF767K01964;36.5067;;;05-Jan-2026

Mirae Asset Mutual Fund
135781;Mirae Asset ELSS Tax Saver Fund - Direct Plan - Growth;INF769K01DM9;;58.318;;;05-Jan-2026
135782;Mirae Asset ELSS Tax Saver Fund - Direct Plan - IDCW;INF769K01DN7;;27.250;;;05-Jan-2026
135784;Mirae Asset ELSS Tax Saver Fund - Regular Plan - Growth;INF769K01DK3;;51.317;;;05-Jan-2026
135783;Mirae Asset ELSS Tax Saver Fund - Regular Plan - IDCW;INF769K01DL1;;23.033;;;05-Jan-2026

Motilal Oswal Mutual Fund
133386;Motilal Oswal ELSS Tax Saver Fund - Direct Plan - Growth Option;INF247L01569;;58.6032;;;05-Jan-2026
133383;Motilal Oswal ELSS Tax Saver Fund - IDCW Payout;INF247L01551;;30.1789;;;05-Jan-2026
133385;Motilal Oswal ELSS Tax Saver Fund - Regular Plan - Growth Option;INF247L01544;;50.8739;;;05-Jan-2026
133384;Motilal Oswal ELSS Tax Saver Fund Direct - IDCW Payout;INF247L01577;;38.9429;;;05-Jan-2026

Navi Mutual Fund
135653;Navi ELSS Tax Saver Fund - Direct Plan IDCW Payout;INF959L01CE3;;35.4373;;;05-Jan-2026
135652;Navi ELSS Tax Saver Fund - Regular Plan IDCW Payout;INF959L01CG8;;30.0031;;;05-Jan-2026
135654;Navi ELSS Tax Saver Fund- Direct Plan- Growth Option;INF959L01CD5;;35.8862;;;05-Jan-2026
135655;Navi ELSS Tax Saver Fund- Regular Plan- Growth Option;INF959L01CF0;;30.006;;;05-Jan-2026
151471;NAVI ELSS TAX SAVER NIFTY 50 INDEX FUND - DIRECT PLAN GROWTH;INF959L01GR6;;15.8564;;;05-Jan-2026
151473;NAVI ELSS TAX SAVER NIFTY 50 INDEX FUND - DIRECT PLAN IDCW PAYOUT;INF959L01GT2;;15.8636;;;05-Jan-2026
151472;NAVI ELSS TAX SAVER NIFTY 50 INDEX FUND - REGULAR PLAN GROWTH;INF959L01GS4;;15.4315;;;05-Jan-2026
151474;NAVI ELSS TAX SAVER NIFTY 50 INDEX FUND - REGULAR PLAN IDCW PAYOUT;INF959L01GU0;;15.4925;;;05-Jan-2026

PGIM India Mutual Fund
135600;PGIM India ELSS Tax Saver Fund - Direct Plan - Dividend Option;INF663L01FO3;;19.69;;;05-Jan-2026
135601;PGIM India ELSS Tax Saver Fund - Direct Plan - Growth Option;INF663L01FN5;;40.54;;;05-Jan-2026
135599;PGIM India ELSS Tax Saver Fund - Regular Plan - Dividend Option;INF663L01FR6;;18.4;;;05-Jan-2026
135598;PGIM India ELSS Tax Saver Fund - Regular Plan - Growth Option;INF663L01FQ8;;35.17;;;05-Jan-2026

PPFAS Mutual Fund
147481;Parag Parikh ELSS Tax Saver Fund- Direct Growth;INF879O01100;;34.5801;;;05-Jan-2026
147482;Parag Parikh ELSS Tax Saver Fund- Regular Growth;INF879O01092;;32.0124;;;05-Jan-2026

quant Mutual Fund
120847;quant ELSS Tax Saver Fund - Growth Option - Direct Plan;INF966L01986;;428.5282;;;05-Jan-2026
100175;quant ELSS Tax Saver Fund - Growth Option - Regular Plan;INF966L01135;;381.1723;;;05-Jan-2026
120846;quant ELSS Tax Saver Fund - IDCW Option - Direct Plan;INF966L01960;INF966L01127;57.1251;;;05-Jan-2026
100174;quant ELSS Tax Saver Fund - IDCW Option - Regular Plan;INF966L01119;;52.9301;;;05-Jan-2026

Quantum Mutual Fund
111549;Quantum ELSS Tax Saver Fund - Direct Plan Growth Option;INF082J01069;;134.85;;;05-Jan-2026
111550;Quantum ELSS Tax Saver Fund - Direct Plan IDCW;INF082J01077;INF082J01085;133.98;;;05-Jan-2026
141070;Quantum ELSS Tax Saver Fund - Regular Plan Growth Option;INF082J01366;;127.94;;;05-Jan-2026
141071;Quantum ELSS Tax Saver Fund - Regular Plan IDCW;INF082J01374;;127.07;;;05-Jan-2026

SBI Mutual Fund
119722;SBI ELSS Tax Saver Fund - Direct Plan - Income Distribution cum Capital Withdrawal Option (IDCW);INF200K01UK3;;122.2912;;;05-Jan-2026
119723;SBI ELSS Tax Saver FUND - DIRECT PLAN -GROWTH;INF200K01UM9;;493.7292;;;05-Jan-2026
103883;SBI ELSS Tax Saver Fund - Regular Plan - Income Distribution cum Capital Withdrawal Option (IDCW);INF200K01479;;92.3535;;;05-Jan-2026
105628;SBI ELSS Tax Saver FUND - REGULAR PLAN- GROWTH;INF200K01495;;455.5263;;;05-Jan-2026

Shriram Mutual Fund
145819;Shriram ELSS Tax Saver Fund - Direct Growth;INF680P01158;;24.5776;;;05-Jan-2026
145822;Shriram ELSS Tax Saver Fund - Direct- IDCW;INF680P01166;;24.3892;;;05-Jan-2026
145820;Shriram ELSS Tax Saver Fund - Regular Growth;INF680P01133;;21.724;;;05-Jan-2026
145821;Shriram ELSS Tax Saver Fund - Regular-IDCW;INF680P01141;;21.7269;;;05-Jan-2026

Sundaram Mutual Fund
149571;Sundaram ELSS Tax Saver Fund Direct Plan - Income Distribution CUM Capital Withdrawal Option (IDCW);INF173K01NN1;;568.2659;;;05-Jan-2026
149570;Sundaram ELSS Tax Saver Fund Direct Plan Growth;INF173K01HZ7;;568.8448;;;05-Jan-2026
149569;Sundaram ELSS Tax Saver Fund Regular Growth;INF173K01361;;530.8164;;;05-Jan-2026
149572;Sundaram ELSS Tax Saver Fund Regular Plan - Income Distribution CUM Capital Withdrawal Option (IDCW);INF173K01NM3;;425.6836;;;05-Jan-2026

Tata Mutual Fund
119281;Tata ELSS Fund- Direct Plan - Payout of IDCW Option;INF277K01I94;;241.3162;;;05-Jan-2026
100474;Tata ELSS Fund- Regular Plan - Payout of IDCW Option;INF277K01I60;;104.5023;;;05-Jan-2026
132756;Tata ELSS Fund-Growth-Direct Plan;INF277K01I86;;53.7269;;;05-Jan-2026
132757;Tata ELSS Fund-Growth-Regular Plan;INF277K01I52;;46.6966;;;05-Jan-2026

Taurus Mutual Fund
118866;Taurus ELSS Tax Saver Fund - Direct Plan - Growth;INF044D01CG6;INF044D01AA3;200.35;;;05-Jan-2026
118867;Taurus ELSS Tax Saver Fund - Direct Plan - Payout of Income Distribution cum Capital Withdrawal option;INF044D01CH4;INF044D01CI2;92.34;;;05-Jan-2026
100480;Taurus ELSS Tax Saver Fund - Regular Plan - Growth;INF044D01AC9;;183.26;;;05-Jan-2026
108402;Taurus ELSS Tax Saver Fund - Regular Plan - Payout of Income Distribution cum Capital Withdrawal option;INF044D01997;;85.85;;;05-Jan-2026

Union Mutual Fund
119307;Union ELSS Tax Saver Fund - Direct Plan - Growth Option;INF582M01765;;73.04;;;05-Jan-2026
119306;Union ELSS Tax Saver Fund - Direct Plan - IDCW Option;INF582M01781;INF582M01773;73.04;;;05-Jan-2026
116051;Union ELSS Tax Saver Fund - Growth Option;INF582M01302;;66.97;;;05-Jan-2026
116052;Union ELSS Tax Saver Fund - IDCW Option;INF582M01328;INF582M01310;37.44;;;05-Jan-2026

WhiteOak Capital Mutual Fund
150587;WhiteOak Capital ELSS Tax Saver Fund Direct Plan Growth;INF03VN01621;;18.942;;;05-Jan-2026
150586;WhiteOak Capital ELSS Tax Saver Fund Direct Plan IDCW;INF03VN01639;;18.942;;;05-Jan-2026
150589;WhiteOak Capital ELSS Tax Saver Fund Regular Plan Growth;INF03VN01647;;17.925;;;05-Jan-2026
150588;WhiteOak Capital ELSS Tax Saver Fund Regular Plan IDCW;INF03VN01654;;17.925;;;05-Jan-2026

Open Ended Schemes ( Debt Scheme - Overnight Fund )


Groww Mutual Fund
147458;Groww Overnight Fund (formerly known as Indiabulls Overnight Fund)- Direct Plan- - Income Distribution cum capital withdrawal Option ( Reinvestment);;INF666M01GM6;1001.3419;;;05-Jan-2026
147452;Groww Overnight Fund (formerly known as Indiabulls Overnight Fund)- Direct Plan- Fortnightly - Income Distribution cum capital withdrawal Option (Payout & Reinvestment);INF666M01GP9;INF666M01GQ7;1216.577;;;05-Jan-2026
147450;Groww Overnight Fund (formerly known as Indiabulls Overnight Fund)- Direct Plan- Growth Option;INF666M01GL8;;1371.7737;;;05-Jan-2026
147453;Groww Overnight Fund (formerly known as Indiabulls Overnight Fund)- Direct Plan- Monthly - Income Distribution cum capital withdrawal Option (Payout & Reinvestment);INF666M01GR5;INF666M01GS3;1001.8867;;;05-Jan-2026
147451;Groww Overnight Fund (formerly known as Indiabulls Overnight Fund)- Direct Plan- Weekly - Income Distribution cum capital withdrawal Option (Payout & Reinvestment);INF666M01GN4;INF666M01GO2;1002.1652;;;05-Jan-2026
147455;Groww Overnight Fund (formerly known as Indiabulls Overnight Fund)- Regular Plan- - Income Distribution cum capital withdrawal Option ( Reinvestment);;INF666M01GU9;1001.0412;;;05-Jan-2026
147457;Groww Overnight Fund (formerly known as Indiabulls Overnight Fund)- Regular Plan- Fortnightly - Income Distribution cum capital withdrawal Option (Payout & Reinvestment);INF666M01GX3;INF666M01GY1;1002.2742;;;05-Jan-2026
147454;Groww Overnight Fund (formerly known as Indiabulls Overnight Fund)- Regular Plan- Growth Option;INF666M01GT1;;1363.4798;;;05-Jan-2026
147459;Groww Overnight Fund (formerly known as Indiabulls Overnight Fund)- Regular Plan- Monthly - Income Distribution cum capital withdrawal Option (Payout & Reinvestment);INF666M01GZ8;INF666M01HA9;1001.9728;;;05-Jan-2026
147456;Groww Overnight Fund (formerly known as Indiabulls Overnight Fund)- Regular Plan- Weekly - Income Distribution cum capital withdrawal Option (Payout & Reinvestment);INF666M01GV7;INF666M01GW5;1000.9961;;;05-Jan-2026
149394;Groww Overnight Fund (formerly known as Indiabulls Overnight Fund)- Unclaimed Dividend < 3 years;;;1269.2785;;;05-Jan-2026
149396;Groww Overnight Fund (formerly known as Indiabulls Overnight Fund)- Unclaimed Redemption < 3 Years;;;1258.6855;;;05-Jan-2026
149395;Groww Overnight Fund (formerly known as Indiabulls Overnight Fund)- Unclaimed Redemption > 3 Years;;;1000;;;05-Jan-2026

HDFC Mutual Fund
119109;HDFC Overnight Fund - Daily IDCW Option - Direct Plan;;INF179KB1HY1;1042.66;;;05-Jan-2026
101996;HDFC Overnight Fund - Growth Option;INF179KB1HS3;;3906.6526;;;05-Jan-2026
119110;HDFC Overnight Fund - Growth Option - Direct Plan;INF179KB1HT1;;3946.3175;;;05-Jan-2026
101997;HDFC Overnight Fund - IDCW Option (Daily);;INF179KB1IF8;1042.66;;;05-Jan-2026

Helios Mutual Fund
152151;Helios Overnight Fund - Direct Plan - Daily IDCW Option;INF0R8701087;;1000.0000;;;05-Jan-2026
152152;Helios Overnight Fund - Direct Plan - Growth Option;INF0R8701079;;1142.2425;;;05-Jan-2026
152154;Helios Overnight Fund - Regular Plan - Daily IDCW Option;INF0R8701103;;1000.0000;;;05-Jan-2026
152153;Helios Overnight Fund - Regular Plan - Growth Option;INF0R8701095;;1140.9844;;;05-Jan-2026

ITI Mutual Fund
147713;ITI Overnight Fund - Direct Plan - Growth Option;INF00XX01564;;1348.1577;;;05-Jan-2026
147717;ITI Overnight Fund - Direct Plan - Monthly IDCW Option;INF00XX01630;INF00XX01606;1002.3840;;;05-Jan-2026
147709;ITI Overnight Fund - Regular Plan - Daily IDCW Option;;INF00XX01481;1000.9997;;;05-Jan-2026
147716;ITI Overnight Fund - Regular Plan - Fortnightly IDCW Option;INF00XX01531;INF00XX01507;1002.4185;;;05-Jan-2026
147714;ITI Overnight Fund - Regular Plan - Growth Option;INF00XX01473;;1339.7035;;;05-Jan-2026
147718;ITI Overnight Fund - Regular Plan - Monthly IDCW Option;INF00XX01549;INF00XX01515;1001.0714;;;05-Jan-2026
147712;ITI Overnight Fund - Regular Plan - Weekly IDCW Option;;INF00XX01499;1001.8991;;;05-Jan-2026

Jio BlackRock Mutual Fund
153650;JioBlackRock Overnight Fund - Direct Plan - Growth Option;INF22M001036;;1027.7326;;;05-Jan-2026
154070;JioBlackRock Overnight Fund - Unclaimed Redemption - Upto 3 years - Growth Option;;;1004.9290;;;05-Jan-2026

JM Financial Mutual Fund
147838;JM Overnight Fund (Direct) - Daily IDCW;;INF192K01LY2;1000;;;05-Jan-2026
147835;JM Overnight Fund (Direct) - Weekly IDCW;INF192K01LZ9;INF192K01MA0;1000.8892;;;05-Jan-2026
147839;JM Overnight Fund (Regular) - Daily IDCW;;INF192K01LU0;1000;;;05-Jan-2026
147836;JM Overnight Fund (Regular) - Growth;INF192K01LX4;;1344.0409;;;05-Jan-2026
147834;JM Overnight Fund (Regular) - Weekly IDCW;INF192K01LV8;INF192K01LW6;1000.8721;;;05-Jan-2026
147837;JM Overnight Fund - (Direct) - Growth;INF192K01MB8;;1349.7684;;;05-Jan-2026
149828;JM Overnight Fund - (Direct) - Unclaimed IDCW - Growth Plan;;;1355.8496;;;05-Jan-2026
149827;JM Overnight Fund - (Direct) - Unclaimed IDCW I.E.F. - Growth Plan;;;1073.9936;;;05-Jan-2026
149829;JM Overnight Fund - (Direct) - Unclaimed Redemption - Growth Plan;;;1349.7879;;;05-Jan-2026
149826;JM Overnight Fund - (Direct) - Unclaimed Redemption I.E.F. - Growth Plan;;;1073.9936;;;05-Jan-2026

Kotak Mahindra Mutual Fund
146141;Kotak Overnight Fund -Direct Plan-Growth Option;INF174KA1BF9;;1420.0442;;;05-Jan-2026
146142;Kotak Overnight Fund -Regular plan-Growth Option;INF174KA1BC6;;1411.0618;;;05-Jan-2026
146140;Kotak Overnight Fund-Direct Plan- Daily Reinvestment of Income Distribution cum capital withdrawal option;;INF174KA1BE2;1003.6055;;;05-Jan-2026
146138;Kotak Overnight Fund-Regular Plan- Daily Reinvestment of Income Distribution cum capital withdrawal option;;INF174KA1BB8;1004.7568;;;05-Jan-2026

LIC Mutual Fund
147516;LIC MF Overnight Fund-Direct Plan-Daily IDCW;;INF767K01QG7;1092.0296;;;05-Jan-2026
147515;LIC MF Overnight Fund-Direct Plan-Growth;INF767K01QI3;;1379.8211;;;05-Jan-2026
147513;LIC MF Overnight Fund-Direct Plan-IDCW;INF767K01QE2;INF767K01QF9;1379.9608;;;05-Jan-2026
147514;LIC MF Overnight Fund-Direct Plan-Weekly IDCW;;INF767K01QH5;1075.7615;;;05-Jan-2026
147517;LIC MF Overnight Fund-Regular Plan-Daily IDCW;;INF767K01QB8;1090.7242;;;05-Jan-2026
147519;LIC MF Overnight Fund-Regular Plan-Growth;INF767K01QD4;;1368.7091;;;05-Jan-2026
147512;LIC MF Overnight Fund-Regular Plan-IDCW;INF767K01PZ9;INF767K01QA0;1210.7207;;;05-Jan-2026
147518;LIC MF Overnight Fund-Regular Plan-Weekly IDCW;;INF767K01QC6;1180.3192;;;05-Jan-2026

Mirae Asset Mutual Fund
147737;Mirae Asset Overnight Fund Direct Daily IDCW;;INF769K01FJ0;1000.0059;;;05-Jan-2026
147738;Mirae Asset Overnight Fund Direct Monthly IDCW;INF769K01FF8;INF769K01FI2;1001.7550;;;05-Jan-2026
147736;Mirae Asset Overnight Fund Direct Plan Growth;INF769K01FG6;;1365.1202;;;05-Jan-2026
147740;Mirae Asset Overnight Fund Direct Weekly IDCW;;INF769K01FK8;1000.7204;;;05-Jan-2026
147743;Mirae Asset Overnight Fund Regular Daily  IDCW ;;INF769K01FL6;1000.0099;;;05-Jan-2026
147742;Mirae Asset Overnight Fund Regular Monthly IDCW;INF769K01FD3;INF769K01FH4;1001.7332;;;05-Jan-2026
147739;Mirae Asset Overnight Fund Regular Plan Growth;INF769K01FE1;;1357.3729;;;05-Jan-2026
147741;Mirae Asset Overnight Fund Regular Weekly IDCW;;INF769K01FM4;1000.7046;;;05-Jan-2026

PGIM India Mutual Fund
147605;PGIM India Overnight Fund - Direct Plan - Daily Dividend Option;;INF663L01T35;1000.0086;;;05-Jan-2026
147606;PGIM India Overnight Fund - Direct Plan - Growth Option;INF663L01T01;;1373.0702;;;05-Jan-2026
147608;PGIM India Overnight Fund - Direct Plan - Weekly Dividend Option;INF663L01T19;INF663L01T27;1000.7023;;;05-Jan-2026
147609;PGIM India Overnight Fund - Regular Plan - Daily Dividend Option;;INF663L01T76;1000;;;05-Jan-2026
147607;PGIM India Overnight Fund - Regular Plan - Weekly Dividend Option;INF663L01T50;INF663L01T68;1007.6161;;;05-Jan-2026
147600;PGIM India Overnight Fund - Regular Plan- Growth Option;INF663L01T43;;1367.0818;;;05-Jan-2026

quant Mutual Fund
151190;quant Overnight Fund - Growth Option - Direct Plan;INF966L01AZ7;;12.1742;;;05-Jan-2026
151195;quant Overnight Fund - Growth Option - Regular Plan;INF966L01BC4;;12.1354;;;05-Jan-2026
151193;quant Overnight Fund - IDCW Option - Direct Plan;INF966L01BA8;INF966L01BB6;12.1784;;;05-Jan-2026
151191;quant Overnight Fund - IDCW Option - Regular Plan;INF966L01BD2;INF966L01BE0;12.1234;;;05-Jan-2026
154083;quant Overnight Fund - Unclaimed IDCW Greater than 3 years;;;10;;;05-Jan-2026
154086;quant Overnight Fund - Unclaimed IDCW Less than 3 years;;;10.0294;;;05-Jan-2026
154085;quant Overnight Fund - Unclaimed Redemption Greater than 3 years;;;10;;;05-Jan-2026
154084;quant Overnight Fund - Unclaimed Redemption Less than 3 years;;;10.0293;;;05-Jan-2026

SBI Mutual Fund
119831;SBI Overnight Fund - Direct Plan - Daily Income Distribution cum Capital Withdrawal Option (IDCW);;INF200K01TJ7;1343.5769;;;05-Jan-2026
119833;SBI OVERNIGHT FUND - DIRECT PLAN - GROWTH;INF200K01TK5;;4328.7025;;;05-Jan-2026
119832;SBI Overnight Fund - Direct Plan - Weekly Income Distribution cum Capital Withdrawal Option (IDCW);INF200K01TL3;INF200K01TM1;1371.9839;;;05-Jan-2026
114297;SBI Overnight Fund - Regular Plan - Daily Income Distribution cum Capital Withdrawal Option (IDCW);;INF200K01LN6;1337.7575;;;05-Jan-2026
101206;SBI OVERNIGHT FUND - REGULAR PLAN - GROWTH;INF200K01LQ9;;4271.2890;;;05-Jan-2026
103140;SBI Overnight Fund - Regular Plan - Weekly Income Distribution cum Capital Withdrawal Option (IDCW);INF200K01LO4;INF200K01LP1;1365.9423;;;05-Jan-2026

Shriram Mutual Fund
150562;Shriram Overnight Fund -  Direct Growth;INF680P01323;;12.2916;;;05-Jan-2026
150561;Shriram Overnight Fund - Direct Daily IDCW;;INF680P01331;10.0001;;;05-Jan-2026
150567;Shriram Overnight Fund - Direct Monthly IDCW;INF680P01380;INF680P01398;10.0302;;;05-Jan-2026
150558;Shriram Overnight Fund - Regular Daily IDCW;;INF680P01257;10.0001;;;05-Jan-2026
150565;Shriram Overnight Fund - Regular Growth;INF680P01232;;12.257;;;05-Jan-2026
150560;Shriram Overnight Fund - Regular Monthly IDCW;INF680P01307;INF680P01315;10.0301;;;05-Jan-2026

Sundaram Mutual Fund
146963;Sundaram Overnight Fund Direct Plan - Growth;INF903JA1HG5;;1414.0358;;;05-Jan-2026
146962;Sundaram Overnight Fund Direct Plan - Monthly Payout of Income Distribution cum Capital Withdrawal (IDCW);INF903JA1HH3;;1021.9854;;;05-Jan-2026
146957;Sundaram Overnight Fund Direct Plan - Monthly Reinvestment of Income Distribution cum Capital Withdrawal (IDCW);INF903JA1HM3;;1021.9854;;;05-Jan-2026
146959;Sundaram Overnight Fund Regular Plan - Growth;INF903JA1GZ7;;1404.6229;;;05-Jan-2026
146960;Sundaram Overnight Fund Regular Plan - Monthly Payout of Income Distribution cum Capital Withdrawal (IDCW);INF903JA1HA8;;1017.4062;;;05-Jan-2026
146961;Sundaram Overnight Fund Regular Plan - Monthly Reinvestment of Income Distribution cum Capital Withdrawal (IDCW);INF903JA1HF7;;1017.4062;;;05-Jan-2026

Tata Mutual Fund
146978;TATA Overnight Fund Direct Plan - Daily Reinvestment of Income Distribution cum capital withdrawal option   ;;INF277K019T3;1000.0000;;;05-Jan-2026
146979;TATA Overnight Fund Regular Plan - Daily Reinvestment of Income Distribution cum capital withdrawal option   ;;INF277K017T7;1000.0000;;;05-Jan-2026
146980;Tata Overnight Fund-Direct Plan-Growth;INF277K018T5;;1405.0333;;;05-Jan-2026
146977;Tata Overnight Fund-Regular Plan-Growth;INF277K016T9;;1394.3460;;;05-Jan-2026

Trust Mutual Fund
149796;TRUST MF OVERNIGHT FUND-DIRECT PLAN-DAILY IDCW REINVESTMENT;;INF0GCD01461;1234.1611;;;05-Jan-2026
149797;TRUST MF OVERNIGHT FUND-DIRECT PLAN-GROWTH;INF0GCD01453;;1259.3308;;;05-Jan-2026
149798;TRUST MF OVERNIGHT FUND-REGULAR PLAN-DAILY IDCW REINVESTMENT;;INF0GCD01446;1233.83;;;05-Jan-2026
149795;TRUST MF OVERNIGHT FUND-REGULAR-GROWTH;INF0GCD01438;;1256.854;;;05-Jan-2026

Union Mutual Fund
147002;Union Overnight Fund - Direct Plan - Daily IDCW Option;;INF582M01FB0;1000.8004;;;05-Jan-2026
147003;Union Overnight Fund - Direct Plan - Growth Option;INF582M01FA2;;1401.0989;;;05-Jan-2026
147006;Union Overnight Fund - Direct Plan - Monthly IDCW Option;INF582M01FG9;INF582M01FE4;1002.0712;;;05-Jan-2026
146998;Union Overnight Fund - Regular Plan - Daily IDCW Option;;INF582M01FK1;1001.2621;;;05-Jan-2026
146997;Union Overnight Fund - Regular Plan - Growth Option;INF582M01FJ3;;1391.7449;;;05-Jan-2026
147000;Union Overnight Fund - Regular Plan - Monthly IDCW Option;INF582M01FP0;INF582M01FN5;1002.0123;;;05-Jan-2026
149451;Union Overnight Fund - Unclaimed Amounts Plan - IDCW Beyond 3 years;;;1000.0000;;;05-Jan-2026
149452;Union Overnight Fund - Unclaimed Amounts Plan - IDCW Upto 3 years;;;1262.3697;;;05-Jan-2026
149453;Union Overnight Fund - Unclaimed Amounts Plan - Redemption Beyond 3 years;;;1000.0000;;;05-Jan-2026
149454;Union Overnight Fund - Unclaimed Amounts Plan - Redemption Upto 3 years;;;1262.4395;;;05-Jan-2026

Zerodha Mutual Fund
153436;Zerodha Overnight Fund - Direct Plan - Growth Option;INF0R8F01075;;10.4215;;;05-Jan-2026

Open Ended Schemes ( Debt Scheme - Liquid Fund )


Groww Mutual Fund
119135;Groww Liquid Fund ( formerly known as Indiabulls Liquid )Fund - Direct Plan - Growth Option;INF666M01451;;2634.1645;;;05-Jan-2026
119136;Groww Liquid Fund (formerly known as Indiabulls Liquid Fund) - Direct Plan- - Income Distribution cum capital withdrawal Option ( Reinvestment);;INF666M01469;1002.0907;;;05-Jan-2026
115991;Groww Liquid Fund (formerly known as Indiabulls Liquid Fund) - Regular Plan - Growth Option;INF666M01014;;2600.991;;;05-Jan-2026
119138;Groww Liquid Fund (formerly known as Indiabulls Liquid Fund)- Direct Plan- Fortnightly - Income Distribution cum capital withdrawal Option (Payout & Reinvestment);INF666M01501;INF666M01485;1003.5792;;;05-Jan-2026
119139;Groww Liquid Fund (formerly known as Indiabulls Liquid Fund)- Direct Plan- Monthly - Income Distribution cum capital withdrawal Option (Payout & Reinvestment);INF666M01519;INF666M01493;1029.9898;;;05-Jan-2026
119137;Groww Liquid Fund (formerly known as Indiabulls Liquid Fund)- Direct Plan- Weekly - Income Distribution cum capital withdrawal Option (Payout & Reinvestment);INF666M01527;INF666M01477;1001.7855;;;05-Jan-2026
115992;Groww Liquid Fund (formerly known as Indiabulls Liquid Fund)- Regular Plan- - Income Distribution cum capital withdrawal Option (Reinvestment);;INF666M01022;1002.0894;;;05-Jan-2026
115995;Groww Liquid Fund (formerly known as Indiabulls Liquid Fund)- Regular Plan- Monthly - Income Distribution cum capital withdrawal Option (Payout & Reinvestment);INF666M01071;INF666M01055;1002.3159;;;05-Jan-2026
115993;Groww Liquid Fund (formerly known as Indiabulls Liquid Fund)- Regular Plan- Weekly - Income Distribution cum capital withdrawal Option (Payout & Reinvestment);INF666M01089;INF666M01030;1001.7855;;;05-Jan-2026
115994;Groww Liquid Fund (formerly known as Indiabulls Liquid) Fund- Regular Plan- Fortnightly - Income Distribution cum capital withdrawal Option (Payout & Reinvestment);INF666M01063;INF666M01048;1003.5404;;;05-Jan-2026

HDFC Mutual Fund
119091;HDFC Liquid Fund - Growth Option - Direct Plan;INF179KB1HP9;;5335.7637;;;05-Jan-2026
100868;HDFC Liquid Fund - Growth Plan;INF179KB1HK0;;5276.1877;;;05-Jan-2026
100875;HDFC Liquid Fund - IDCW Daily;;INF179KB1IC5;1019.82;;;05-Jan-2026
119089;HDFC Liquid Fund - IDCW Daily - Direct Plan;;INF179KB1HV7;1019.82;;;05-Jan-2026
100876;HDFC Liquid Fund - IDCW Monthly;INF179KB1HM6;INF179KB1HL8;1027.6702;;;05-Jan-2026
119090;HDFC Liquid Fund - IDCW Monthly - Direct Plan;INF179KB1HO2;INF179KB1HQ7;1027.686;;;05-Jan-2026
100874;HDFC Liquid Fund - IDCW Plan Weekly;INF179KB1ID3;;1032.4063;;;05-Jan-2026
119088;HDFC Liquid Fund - IDCW Weekly - Direct Plan;;;1032.4222;;;05-Jan-2026

ITI Mutual Fund
147161;ITI Liquid Fund - Direct Plan - Annually IDCW Option;INF00XX01366;INF00XX01333;1415.3118;;;05-Jan-2026
147158;ITI Liquid Fund - Direct Plan - Daily IDCW Option;;INF00XX01291;1001.4007;;;05-Jan-2026
147157;ITI Liquid Fund - Direct Plan - Growth Option;INF00XX01283;;1413.5017;;;05-Jan-2026
147163;ITI Liquid Fund - Direct Plan - Monthly IDCW Option;INF00XX01358;INF00XX01325;1002.7315;;;05-Jan-2026
147159;ITI Liquid Fund - Direct Plan - Weekly IDCW Option;;INF00XX01309;1002.2310;;;05-Jan-2026
147162;ITI Liquid Fund - Regular Plan - Annually IDCW Option;INF00XX01275;INF00XX01242;1407.8571;;;05-Jan-2026
147154;ITI Liquid Fund - Regular Plan - Daily IDCW Option;;INF00XX01200;1001.0000;;;05-Jan-2026
147153;ITI Liquid Fund - Regular Plan - Growth Option;INF00XX01192;;1400.4032;;;05-Jan-2026
147156;ITI Liquid Fund - Regular Plan - Monthly IDCW Option;INF00XX01267;INF00XX01234;1002.6923;;;05-Jan-2026
147164;ITI Liquid Fund - Regular Plan - Weekly IDCW Option;;INF00XX01218;1002.2025;;;05-Jan-2026

Jio BlackRock Mutual Fund
153651;JioBlackRock Liquid Fund - Direct Plan - Growth Option;INF22M001010;;1030.0348;;;05-Jan-2026

JM Financial Mutual Fund
120411;JM Liquid Fund (Direct) - Daily IDCW;;INF192K01CH6;10.4302;;;05-Jan-2026
120406;JM Liquid Fund (Direct) - Growth Option;INF192K01CM6;;74.1688;;;05-Jan-2026
120408;JM Liquid Fund (Direct) - Quarterly IDCW;INF192K01CK0;INF192K01CL8;42.1087;;;05-Jan-2026
120407;JM Liquid Fund (Direct) - Weekly IDCW;INF192K01CI4;INF192K01CJ2;11.0198;;;05-Jan-2026
100244;JM Liquid Fund (Regular) - Quarterly IDCW;INF192K01866;INF192K01874;41.5144;;;05-Jan-2026
100247;JM Liquid Fund (Regular) - Super Institutional Plan - Growth Option;INF192K01981;;42.1684;;;05-Jan-2026
100233;JM Liquid Fund (Regular) - Weekly IDCW;INF192K01841;INF192K01858;11.0171;;;05-Jan-2026
100234;JM Liquid Fund - Growth Option;INF192K01882;;73.3456;;;05-Jan-2026
148414;JM Liquid Fund - Unclaimed Application Refund Amount I.E.F. (Direct) - Growth Plan;;;41.4437;;;05-Jan-2026
148413;JM Liquid Fund - Unclaimed Brokerage I.E.F. (Direct) - Growth Plan;;;41.4437;;;05-Jan-2026
101549;JM Liquid Fund (Regular) - Bonus Option - Principal Units;INF192K01890;;23.4855;;;05-Jan-2026
101078;JM Liquid Fund (Regular) - Daily IDCW;;INF192K01833;10.4302;;;05-Jan-2026

Kotak Mahindra Mutual Fund
119764;Kotak Liquid Fund - Direct Plan - Daily Reinvestment of Income Distribution cum capital withdrawal option;;INF174K01NH1;1222.81;;;05-Jan-2026
119766;Kotak Liquid Fund - Direct Plan - Growth;INF174K01NE8;;5489.7326;;;05-Jan-2026
100833;Kotak Liquid Fund - Regular  - Daily Reinvestment of Income Distribution cum capital withdrawal option;;INF174K01NL3;1230.5551;;;05-Jan-2026
100835;Kotak Liquid Fund - Regular Plan - Growth;INF174K01NI9;;5435.0971;;;05-Jan-2026
153586;Kotak Liquid Fund - Regular Plan - Weekly - Reinvestment & Payout of Income Distribution cum capital withdrawal option;INF174KA1WK5;INF174KA1WM1;1009.703;;;05-Jan-2026

LIC Mutual Fund
120248;LIC MF Liquid Fund-Direct Plan-Daily IDCW;INF767K01DL5;INF767K01DM3;1034.6038;;;05-Jan-2026
120249;LIC MF Liquid Fund-Direct Plan-Growth;INF767K01DN1;;4932.5692;;;05-Jan-2026
151930;LIC MF Liquid Fund-Direct Plan-Monthly IDCW;INF397L01AK7;INF397L01AJ9;1197.3616;;;05-Jan-2026
151932;LIC MF Liquid Fund-Direct Plan-Weekly IDCW;INF397L01AM3;INF397L01AL5;1069.5064;;;05-Jan-2026
101184;LIC MF Liquid Fund-Regular Plan-Daily IDCW;INF767K01IQ3;INF767K01IR1;1000.1751;;;05-Jan-2026
101185;LIC MF Liquid Fund-Regular Plan-Growth;INF767K01IS9;;4860.13;;;05-Jan-2026
151928;LIC MF Liquid Fund-Regular Plan-Monthly IDCW;INF397L01976;INF397L01968;1177.4246;;;05-Jan-2026
151927;LIC MF Liquid Fund-Regular Plan-Weekly IDCW;INF397L01950;INF397L01943;1002.4358;;;05-Jan-2026

Mirae Asset Mutual Fund
118859;Mirae Asset Liquid Fund - Direct Plan - Growth;INF769K01CM1;;2870.3249;;;05-Jan-2026
118862;Mirae Asset Liquid Fund - Direct Plan - Weekly IDCW;INF769K01PD2;INF769K01CP4;1217.1833;;;05-Jan-2026
118861;Mirae Asset Liquid Fund - Direct Plan -Daily IDCW;;INF769K01CO7;1075.8332;;;05-Jan-2026
118860;Mirae Asset Liquid Fund - Direct Plan -Monthly IDCW;INF769K01CN9;INF769K01CQ2;1137.0402;;;05-Jan-2026
111647;Mirae Asset Liquid Fund - Regular - Daily IDCW;;INF769K01804;1066.4347;;;05-Jan-2026
111646;Mirae Asset Liquid Fund - Regular Plan - Growth;INF769K01788;;2820.0223;;;05-Jan-2026
111645;Mirae Asset Liquid Fund - Regular Plan - Monthly IDCW;INF769K01838;INF769K01820;1154.6980;;;05-Jan-2026
111644;Mirae Asset Liquid Fund - Regular Plan - Weekly IDCW;INF769K01PC4;INF769K01812;1153.4579;;;05-Jan-2026

Motilal Oswal Mutual Fund
145834;Motilal Oswal Liquid Fund - Direct Growth;INF247L01734;;14.3426;;;05-Jan-2026
145946;Motilal Oswal Liquid Fund - Regular Growth;INF247L01726;;14.1883;;;05-Jan-2026
147442;Motilal Oswal Liquid Fund - Unclaimed Dividend - Greater than 3 years;;;10.0000;;;05-Jan-2026
147441;Motilal Oswal Liquid Fund - Unclaimed Dividend- Upto 3 years;;;13.9681;;;05-Jan-2026
147443;Motilal Oswal Liquid Fund - Unclaimed Redemption - Greater than 3 years;;;10.0000;;;05-Jan-2026
147444;Motilal Oswal Liquid Fund - Unclaimed Redemption - Upto 3 years;;;13.6901;;;05-Jan-2026
146218;Motilal Oswal Liquid Fund Direct - IDCW  Quarterly Payout/Reinvestment;INF247L01791;INF247L01783;10.0197;;;05-Jan-2026
146226;Motilal Oswal Liquid Fund Direct - IDCW Fortnightly Reinvestment;;INF247L01759;10.0206;;;05-Jan-2026
146223;Motilal Oswal Liquid Fund Direct - IDCW Monthly Payout/Reinvestment;INF247L01775;INF247L01767;10.0463;;;05-Jan-2026
146228;Motilal Oswal Liquid Fund Direct - IDCW Reinvestment;;INF247L01742;10.0077;;;05-Jan-2026
146229;Motilal Oswal Liquid Fund Direct - IDCW Weekly Reinvestment;;INF247L01809;10.0104;;;05-Jan-2026
146227;Motilal Oswal Liquid Fund Regular - IDCW Daily Reinvestment;;INF247L01817;10.0055;;;05-Jan-2026
146230;Motilal Oswal Liquid Fund Regular - IDCW Fortnightly Reinvestment;;INF247L01825;10.0200;;;05-Jan-2026
146220;Motilal Oswal Liquid Fund Regular - IDCW Monthly Payout/Reinvestment;INF247L01841;INF247L01833;10.0458;;;05-Jan-2026
146222;Motilal Oswal Liquid Fund Regular - IDCW Quarterly Payout/Reinvestment;INF247L01866;INF247L01858;10.0192;;;05-Jan-2026
146224;Motilal Oswal Liquid Fund Regular - IDCW Weekly Reinvestment;;INF247L01874;10.0174;;;05-Jan-2026

Navi Mutual Fund
119163;Navi Liquid Fund - Direct Plan Daily IDCW - ReInvestment;;INF959L01GK1;10.0129;;;05-Jan-2026
119161;Navi Liquid Fund - Direct Plan Monthly IDCW - Payout;INF959L01GG9;INF959L01GH7;10.029;;;05-Jan-2026
119162;Navi Liquid Fund - Direct Plan Weekly IDCW - Payout;INF959L01GI5;INF959L01GJ3;10.0163;;;05-Jan-2026
112645;Navi Liquid Fund - Regular Plan Daily IDCW;;INF959L01GM7;10.0129;;;05-Jan-2026
112647;Navi Liquid Fund - Regular Plan Monthly IDCW;INF959L01GN5;INF959L01GO3;10.0288;;;05-Jan-2026
112646;Navi Liquid Fund - Regular Plan Weekly IDCW;INF959L01GP0;INF959L01GQ8;10.0166;;;05-Jan-2026
119164;Navi Liquid Fund-Direct Plan-Growth Option;INF959L01GF1;;29.4642;;;05-Jan-2026
112636;Navi Liquid Fund-Regular Plan-Growth Option;INF959L01GL9;;29.1966;;;05-Jan-2026
140437;Navi Liquid Fund-Unclaimed Redemption and Dividend Plan greater than 3 years;INF959L01CO2;;10;;;05-Jan-2026
139386;Navi Liquid Fund-Unclaimed Redemption and Dividend Plan less than 3 years;INF959L01CN4;;29.3666;;;05-Jan-2026

PGIM India Mutual Fund
138285;PGIM India Liquid Fund - Daily Dividend;;INF223J01BO9;100.304;;;05-Jan-2026
138297;PGIM India Liquid Fund - Direct Plan - Daily Dividend;INF223J01NR7;;126.336;;;05-Jan-2026
138299;PGIM India Liquid Fund - Direct Plan - Growth;INF223J01NS5;;354.482;;;05-Jan-2026
138298;PGIM India Liquid Fund - Direct Plan - Monthly Dividend;INF223J01NT3;INF223J01NU1;116.6306;;;05-Jan-2026
138301;PGIM India Liquid Fund - Direct Plan - Weekly Dividend;INF223J01NV9;INF223J01NW7;100.553;;;05-Jan-2026
138288;PGIM India Liquid Fund - Growth;INF223J01BP6;;350.0963;;;05-Jan-2026
138287;PGIM India Liquid Fund - Monthly Dividend;INF223J01BL5;;117.0877;;;05-Jan-2026
138289;PGIM India Liquid Fund - Weekly Dividend;INF223J01BU6;;100.5522;;;05-Jan-2026

PPFAS Mutual Fund
143263;Parag Parikh Liquid Fund- Direct Plan- Daily Reinvestment of IDCW;;INF879O01118;1000.5405;;;05-Jan-2026
143269;Parag Parikh Liquid Fund- Direct Plan- Growth;INF879O01068;;1502.5430;;;05-Jan-2026
143262;Parag Parikh Liquid Fund- Direct Plan- Monthly IDCW;INF879O01076;INF879O01084;1004.2933;;;05-Jan-2026
143265;Parag Parikh Liquid Fund- Direct Plan- Weekly Reinvestment of IDCW;;INF879O01134;1001.0000;;;05-Jan-2026
143264;Parag Parikh Liquid Fund- Regular Plan- Daily Reinvestment of IDCW;;INF879O01126;1000.5404;;;05-Jan-2026
143260;Parag Parikh Liquid Fund- Regular Plan- Growth;INF879O01035;;1490.9649;;;05-Jan-2026
143261;Parag Parikh Liquid Fund- Regular Plan- Monthly IDCW;INF879O01043;INF879O01050;1004.2743;;;05-Jan-2026
143266;Parag Parikh Liquid Fund- Regular Plan- Weekly Reinvestment of IDCW;;INF879O01142;1001.0000;;;05-Jan-2026

quant Mutual Fund
120837;quant Liquid Fund - Growth Option - Direct Plan;INF966L01820;;43.6518;;;05-Jan-2026
103225;quant Liquid Fund - Growth Option - Regular Plan;INF966L01317;;42.476;;;05-Jan-2026
120838;quant Liquid Fund - Monthly IDCW Option - Direct Plan;INF966L01796;INF966L01812;15.7295;;;05-Jan-2026
103228;quant Liquid Fund - Monthly IDCW Option - Regular Plan;INF966L01291;INF966L01309;15.167;;;05-Jan-2026
120839;quant Liquid Fund - Weekly IDCW Option - Direct Plan;INF966L01788;INF966L01804;14.6539;;;05-Jan-2026
103227;quant Liquid Fund - Weekly IDCW Option - Regular Plan;INF966L01499;INF966L01283;14.4944;;;05-Jan-2026
120836;quant Liquid Fund-Daily IDCW Option - Direct Plan;;INF966L01770;13.2267;;;05-Jan-2026
103226;quant Liquid Fund-Daily IDCW Option - Regular Plan;;INF966L01275;12.7259;;;05-Jan-2026

Quantum Mutual Fund
103736;Quantum Liquid Fund - Direct Plan Daily IDCW;;INF082J01135;10.0102;;;05-Jan-2026
103734;Quantum Liquid Fund - Direct Plan Growth Option;INF082J01127;;36.2461;;;05-Jan-2026
103735;Quantum Liquid Fund - Direct Plan Monthly IDCW;INF082J01143;INF082J01200;10.0290;;;05-Jan-2026
141065;Quantum Liquid Fund - Regular Plan Daily IDCW;;INF082J01317;10.0002;;;05-Jan-2026
141066;Quantum Liquid Fund - Regular Plan Growth Option;INF082J01309;;35.9726;;;05-Jan-2026
141067;Quantum Liquid Fund - Regular Plan Monthly IDCW;INF082J01325;INF082J01333;10.0262;;;05-Jan-2026
152299;Quantum Liquid Fund - Unclaimed IDCW Plan Above 3 years;;;10.0000;;;05-Jan-2026
152298;Quantum Liquid Fund - Unclaimed IDCW Plan Below 3 years;;;11.3960;;;05-Jan-2026
152301;Quantum Liquid Fund - Unclaimed Redemption Plan Above 3 years;;;10.0000;;;05-Jan-2026
152300;Quantum Liquid Fund - Unclaimed Redemption Plan Below 3 years;;;10.9615;;;05-Jan-2026

SBI Mutual Fund
119804;SBI Liquid Fund - Direct Paln - Fortnightly Income Distribution cum Capital Withdrawal Option (IDCW);INF200K01UR8;INF200K01US6;1387.0028;;;05-Jan-2026
119805;SBI Liquid Fund - Direct Plan - Daily Income Distribution cum Capital Withdrawal Option (IDCW);;INF200K01UQ0;1144.0484;;;05-Jan-2026
119799;SBI Liquid Fund - Direct Plan - Weekly Income Distribution cum Capital Withdrawal Option (IDCW);INF200K01UU2;INF200K01UV0;1386.1587;;;05-Jan-2026
119800;SBI Liquid Fund - DIRECT PLAN -Growth;INF200K01UT4;;4247.4413;;;05-Jan-2026
105274;SBI Liquid Fund - Institutional - Growth;INF200K01LU1;;4241.8768;;;05-Jan-2026
105275;SBI Liquid Fund - Institutional Daily Income Distribution cum Capital Withdrawal Option (IDCW);;INF200K01LR7;1362.7556;;;05-Jan-2026
105281;SBI Liquid Fund - Regular Plan - Daily Income Distribution cum Capital Withdrawal Option (IDCW);;INF200K01LX5;1140.7391;;;05-Jan-2026
105283;SBI Liquid Fund - Regular Plan - Fortnightly Income Distribution cum Capital Withdrawal Option (IDCW);INF200K01LY3;INF200K01LZ0;1379.0593;;;05-Jan-2026
105282;SBI Liquid Fund - Regular Plan - Weekly Income Distribution cum Capital Withdrawal Option (IDCW);INF200K01MB9;INF200K01MC7;1379.2530;;;05-Jan-2026
105280;SBI Liquid Fund - REGULAR PLAN -Growth;INF200K01MA1;;4202.1279;;;05-Jan-2026

Shriram Mutual Fund
153035;Shriram Liquid Fund - Direct Plan Growth Option;INF680P01430;;1073.8053;;;05-Jan-2026
153036;Shriram Liquid Fund - Regular Plan Growth Option;INF680P01448;;1072.0378;;;05-Jan-2026
153282;Shriram Unclaimed IDCW Liquid Fund;;;1046.8599;;;05-Jan-2026
153283;Shriram Unclaimed IDCW Stable Scheme Liquid Fund;;;1000;;;05-Jan-2026
153280;Shriram Unclaimed Redemption Liquid Fund;;;1059.4894;;;05-Jan-2026
153281;Shriram Unclaimed Redemption Stable Scheme Liquid Fund;;;1000;;;05-Jan-2026

Sundaram Mutual Fund
149664;Sundaram Liquid Fund (Formerly Known as Principal Cash Management Fund) - Direct Plan - Growth Option;INF173K01GU0;;2400.8497;;;05-Jan-2026
149660;Sundaram Liquid Fund (Formerly Known as Principal Cash Management Fund) - Regular Plan IDCW;INF173K01DD3;INF173K01DE1;1043.9383;;;05-Jan-2026
149662;Sundaram Liquid Fund (Formerly Known as Principal Cash Management Fund) -Direct Plan - IDCW;INF173K01GV8;INF173K01GW6;1045.7839;;;05-Jan-2026
149661;Sundaram Liquid Fund (Formerly Known as Principal Cash Management Fund) -Growth Option;INF173K01DA9;;2370.7603;;;05-Jan-2026

Tata Mutual Fund
153689;Tata Liquid Fund - Direct Plan - Weekly IDCW Reinvestment;;INF277KA1EE2;1031.3038;;;05-Jan-2026
153688;Tata Liquid Fund - Regular Plan - Weekly IDCW Reinvestment;;INF277KA1EF9;1027.0282;;;05-Jan-2026
102672;Tata Liquid Fund -Regular Plan - Growth Option;INF277K01YD8;;4235.9256;;;05-Jan-2026
119862;Tata Liquid Fund- Direct Plan - Daily Reinvestment of IDCW Option;;INF277K012D2;1001.5187;;;05-Jan-2026
119861;Tata Liquid Fund- Direct Plan-Growth Option;INF277K01YE6;;4289.5079;;;05-Jan-2026
101714;Tata Liquid Fund- Regular Plan - Daily Reinvestment of IDCW Option;;INF277K011D4;1001.5157;;;05-Jan-2026

Trust Mutual Fund
148842;TRUSTMF Liquid Fund-Direct Plan-Daily Income Distribution cum Capital Withdrawal;;INF0GCD01263;1256.1813;;;05-Jan-2026
148841;TRUSTMF Liquid Fund-Direct Plan-Growth;INF0GCD01255;;1315.6601;;;05-Jan-2026
148839;TRUSTMF Liquid Fund-Direct Plan-Monthly Income Distribution cum Capital Withdrawal;INF0GCD01305;INF0GCD01297;1187.3909;;;05-Jan-2026
148837;TRUSTMF Liquid Fund-Direct Plan-Weekly Income Distribution cum Capital Withdrawal;INF0GCD01271;INF0GCD01289;1214.8224;;;05-Jan-2026
148834;TRUSTMF Liquid Fund-Regular Plan-Daily Income Distribution cum Capital Withdrawal;;INF0GCD01206;1189.497;;;05-Jan-2026
148833;TRUSTMF Liquid Fund-Regular Plan-Growth;INF0GCD01198;;1306.326;;;05-Jan-2026
148843;TRUSTMF Liquid Fund-Regular Plan-Monthly Income Distribution cum Capital Withdrawal;INF0GCD01248;INF0GCD01230;1179.0643;;;05-Jan-2026
148836;TRUSTMF Liquid Fund-Regular Plan-Weekly Income Distribution cum Capital Withdrawal;INF0GCD01214;INF0GCD01222;1164.8522;;;05-Jan-2026

Union Mutual Fund
115401;Union Liquid Fund - Daily IDCW Option;;INF582M01021;1001.1995;;;05-Jan-2026
119301;Union Liquid Fund - Direct Plan - Daily IDCW Option;;INF582M01682;1001.1995;;;05-Jan-2026
119305;Union Liquid Fund - Direct Plan - Fortnightly IDCW Option;INF582M01724;INF582M01708;1002.7178;;;05-Jan-2026
119303;Union Liquid Fund - Direct Plan - Growth Option;INF582M01674;;2621.1003;;;05-Jan-2026
119302;Union Liquid Fund - Direct Plan - Monthly IDCW Option;INF582M01732;INF582M01716;1002.8001;;;05-Jan-2026
119304;Union Liquid Fund - Direct Plan - Weekly IDCW Option;;INF582M01690;1002.4998;;;05-Jan-2026
115399;Union Liquid Fund - Fortnightly IDCW Option;INF582M01062;INF582M01047;1002.6936;;;05-Jan-2026
115398;Union Liquid Fund - Growth Option;INF582M01013;;2588.0079;;;05-Jan-2026
115400;Union Liquid Fund - Monthly IDCW Option;INF582M01070;INF582M01054;1002.3807;;;05-Jan-2026
115402;Union Liquid Fund - Weekly IDCW Option;;INF582M01039;1002.7134;;;05-Jan-2026

WhiteOak Capital Mutual Fund
145969;WhiteOak Capital Liquid Fund- Direct plan-Daily Reinvestment of Income Distribution cum capital withdrawal option (IDCW);;INF03VN01019;1001.5964;;;05-Jan-2026
145966;WhiteOak Capital Liquid Fund- Direct plan-Fortnightly Payout/ Reinvestment of Income Distribution cum capital withdrawal option (IDCW);INF03VN01027;INF03VN01035;1002.7429;;;05-Jan-2026
145971;WhiteOak Capital Liquid Fund- Direct plan-Growth Option;INF03VN01043;;1454.9394;;;05-Jan-2026
145967;WhiteOak Capital Liquid Fund- Direct plan-Monthly  Payout/ Reinvestment of Income Distribution cum capital withdrawal option (IDCW);INF03VN01050;INF03VN01068;1005.0725;;;05-Jan-2026
145970;WhiteOak Capital Liquid Fund- Direct plan-Weekly Payout/ Reinvestment of Income Distribution cum capital withdrawal option (IDCW);INF03VN01076;INF03VN01084;1002.8555;;;05-Jan-2026
145963;WhiteOak Capital Liquid Fund- Regular plan-Daily Reinvestment of Income Distribution cum capital withdrawal option (IDCW);;INF03VN01092;1001.5950;;;05-Jan-2026
145965;WhiteOak Capital Liquid Fund- Regular plan-Fortnightly Payout/ Reinvestment of Income Distribution cum capital withdrawal option (IDCW);INF03VN01100;INF03VN01118;1003.9845;;;05-Jan-2026
145968;WhiteOak Capital Liquid Fund- Regular plan-Growth Option;INF03VN01126;;1445.5679;;;05-Jan-2026
145972;WhiteOak Capital Liquid Fund- Regular plan-Monthly Payout/ Reinvestment of Income Distribution cum capital withdrawal option (IDCW);INF03VN01134;INF03VN01142;1004.7531;;;05-Jan-2026
145964;WhiteOak Capital Liquid Fund- Regular plan-Weekly Payout/ Reinvestment of Income Distribution cum capital withdrawal option (IDCW);INF03VN01159;INF03VN01167;1002.8237;;;05-Jan-2026

Open Ended Schemes ( Debt Scheme - Ultra Short Duration Fund )


HDFC Mutual Fund
145041;HDFC Ultra Short Term Fund - Daily IDCW Option;;INF179KB12R1;10.103;;;05-Jan-2026
145039;HDFC Ultra Short Term Fund - Direct Plan-Daily IDCW Option;;INF179KB16Q4;10.092;;;05-Jan-2026
145034;HDFC Ultra Short Term Fund - Direct Plan-Growth Option;INF179KB15Q6;;15.9885;;;05-Jan-2026
145036;HDFC Ultra Short Term Fund - Direct Plan-Monthly IDCW Option;INF179KB10R5;INF179KB19Q8;10.0609;;;05-Jan-2026
145035;HDFC Ultra Short Term Fund - Direct Plan-Weekly IDCW Option;INF179KB18Q0;INF179KB17Q2;10.0608;;;05-Jan-2026
145040;HDFC Ultra Short Term Fund - Growth Option;INF179KB11R3;;15.6232;;;05-Jan-2026
145037;HDFC Ultra Short Term Fund - Monthly IDCW Option;INF179KB16R2;INF179KB15R4;10.1603;;;05-Jan-2026
145038;HDFC Ultra Short Term Fund - Weekly IDCW Option;INF179KB14R7;INF179KB13R9;10.0602;;;05-Jan-2026

ITI Mutual Fund
148909;ITI Ultra Short Duration Fund - Direct Plan - Annually IDCW Option;INF00XX01AM5;INF00XX01AJ1;1322.2908;;;05-Jan-2026
148910;ITI Ultra Short Duration Fund - Direct Plan - Daily IDCW;;INF00XX01AF9;1001.0000;;;05-Jan-2026
148913;ITI Ultra Short Duration Fund - Direct Plan - Growth Option;INF00XX01AE2;;1320.6174;;;05-Jan-2026
148916;ITI Ultra Short Duration Fund - Direct Plan - Monthly IDCW Option;INF00XX01AL7;INF00XX01AI3;1002.2575;;;05-Jan-2026
148917;ITI Ultra Short Duration Fund - Regular Plan - Annually IDCW Option;INF00XX01AD4;INF00XX01AA0;1270.8291;;;05-Jan-2026
148912;ITI Ultra Short Duration Fund - Regular Plan - Daily IDCW Option;;INF00XX01960;1001.0000;;;05-Jan-2026
148911;ITI Ultra Short Duration Fund - Regular Plan - Fortnightly IDCW Option;INF00XX01AB8;INF00XX01986;1002.0986;;;05-Jan-2026
148906;ITI Ultra Short Duration Fund - Regular Plan - Growth Option;INF00XX01952;;1270.7738;;;05-Jan-2026
148914;ITI Ultra Short Duration Fund - Regular Plan - Monthly IDCW Option;INF00XX01AC6;INF00XX01994;1002.0935;;;05-Jan-2026
148907;ITI Ultra Short Duration Fund - Regular Plan - Weekly IDCW Option;;INF00XX01978;1002.0451;;;05-Jan-2026

Kotak Mahindra Mutual Fund
102591;Kotak Savings Fund -Growth;INF174K01FD6;;44.187;;;05-Jan-2026
102592;Kotak Savings Fund -Monthly Payout of Income Distribution cum capital withdrawal option;INF174K01FH7;;10.7523;;;05-Jan-2026
119750;Kotak Savings Fund-Growth - Direct;INF174K01JP2;;46.3997;;;05-Jan-2026
119751;Kotak Savings Fund-Monthly Payout of Income Distribution cum capital withdrawal option - Direct;INF174K01JQ0;;20.0007;;;05-Jan-2026

LIC Mutual Fund
147771;LIC MF Ultra Short Duration Fund-Direct Plan-Daily IDCW;;INF767K01QP8;1102.1317;;;05-Jan-2026
147772;LIC MF Ultra Short Duration Fund-Direct Plan-Growth;INF767K01QU8;;1393.5696;;;05-Jan-2026
147773;LIC MF Ultra Short Duration Fund-Direct Plan-Monthly IDCW;INF767K01QT0;INF767K01QS2;1393.3953;;;05-Jan-2026
147769;LIC MF Ultra Short Duration Fund-Direct Plan-Weekly IDCW;INF767K01QR4;INF767K01QQ6;1102.5164;;;05-Jan-2026
147766;LIC MF Ultra Short Duration Fund-Regular Plan-Daily IDCW;;INF767K01QJ1;1093.4116;;;05-Jan-2026
147770;LIC MF Ultra Short Duration Fund-Regular Plan-Growth;INF767K01QO1;;1358.8677;;;05-Jan-2026
147768;LIC MF Ultra Short Duration Fund-Regular Plan-Monthly IDCW;INF767K01QN3;INF767K01QM5;1359.0851;;;05-Jan-2026
147767;LIC MF Ultra Short Duration Fund-Regular Plan-Weekly IDCW;INF767K01QL7;INF767K01QK9;1030.7605;;;05-Jan-2026

Mirae Asset Mutual Fund
148529;Mirae Asset Ultra Short Duration Fund Direct Growth;INF769K01GK6;;1366.5717;;;05-Jan-2026
148532;Mirae Asset Ultra Short Duration Fund Direct IDCW;INF769K01GJ8;INF769K01GL4;1366.2696;;;05-Jan-2026
148530;Mirae Asset Ultra Short Duration Fund Regular Growth;INF769K01GH2;;1350.4581;;;05-Jan-2026
148531;Mirae Asset Ultra Short Duration Fund Regular IDCW;INF769K01GG4;INF769K01GI0;1349.9685;;;05-Jan-2026

Motilal Oswal Mutual Fund
124234;Motilal Oswal Ultra Short Term Fund (MOFUSTF) -Direct Plan- Growth;INF247L01247;;17.9632;;;05-Jan-2026
124233;Motilal Oswal Ultra Short Term Fund (MOFUSTF)-Regular Plan- Growth;INF247L01213;;16.8962;;;05-Jan-2026
124316;Motilal Oswal Ultra Short Term Fund Direct - IDCW Daily Reinvestment;;INF247L01346;11.7326;;;05-Jan-2026
124311;Motilal Oswal Ultra Short Term Fund Direct - IDCW Fortnightly Reinvestment;;INF247L01361;11.8084;;;05-Jan-2026
124312;Motilal Oswal Ultra Short Term Fund Direct - IDCW Quarterly Payout/Reinvestment;INF247L01403;INF247L01387;11.9715;;;05-Jan-2026
124306;Motilal Oswal Ultra Short Term Fund Direct - IDCW Weekly Reinvestment;;INF247L01353;11.7265;;;05-Jan-2026
124308;Motilal Oswal Ultra Short Term Fund Direct Plan - IDCW Monthly Payout/Reinvestment;INF247L01395;INF247L01379;11.7557;;;05-Jan-2026
124303;Motilal Oswal Ultra Short Term Fund Regular - IDCW Daily Reinvestment;;INF247L01270;11.4495;;;05-Jan-2026
124313;Motilal Oswal Ultra Short Term Fund Regular - IDCW Fortnightly Reinvestment;;INF247L01296;11.5105;;;05-Jan-2026
124315;Motilal Oswal Ultra Short Term Fund Regular - IDCW Monthly Payout/Reinvestment;INF247L01320;INF247L01304;11.4820;;;05-Jan-2026
124305;Motilal Oswal Ultra Short Term Fund Regular - IDCW Quarterly Payout/Reinvestment;INF247L01338;INF247L01312;11.6490;;;05-Jan-2026
124310;Motilal Oswal Ultra Short Term Fund Regular - IDCW Weekly Reinvestment;;INF247L01288;11.4628;;;05-Jan-2026

PGIM India Mutual Fund
138342;PGIM India Ultra Short Duration Fund - Daily Dividend;INF223J01FH4;;10.0203;;;05-Jan-2026
138361;PGIM India Ultra Short Duration Fund - Direct Plan - Daily Dividend;;INF223J01QL3;10.0241;;;05-Jan-2026
138358;PGIM India Ultra Short Duration Fund - Direct Plan - Growth;INF223J01QO7;;36.7409;;;05-Jan-2026
138359;PGIM India Ultra Short Duration Fund - Direct Plan - Monthly Dividend;INF223J01QP4;;12.4416;;;05-Jan-2026
138362;PGIM India Ultra Short Duration Fund - Direct Plan - Weekly Dividend;INF223J01QR0;INF223J01QS8;10.2676;;;05-Jan-2026
138343;PGIM India Ultra Short Duration Fund - Growth;INF223J01FK8;;35.0187;;;05-Jan-2026
138344;PGIM India Ultra Short Duration Fund - Monthly Dividend;INF223J01FL6;INF223J01FM4;15.1237;;;05-Jan-2026
138341;PGIM India Ultra Short Duration Fund - Weekly Dividend;INF223J01FO0;INF223J01FP7;10.0793;;;05-Jan-2026

SBI Mutual Fund
119784;SBI Ultra Short Duration Fund - Direct Plan - Daily Income Distribution cum Capital Withdrawal Option (IDCW);;INF200K01TG3;2347.7768;;;05-Jan-2026
119828;SBI ULTRA SHORT DURATION FUND - DIRECT PLAN - GROWTH;INF200K01TF5;;6278.7020;;;05-Jan-2026
119829;SBI Ultra Short Duration Fund - Direct Plan - Weekly Income Distribution cum Capital Withdrawal Option (IDCW);INF200K01TH1;INF200K01TI9;1273.1097;;;05-Jan-2026
105080;SBI Ultra Short Duration Fund - Regular Plan - Daily Income Distribution cum Capital Withdrawal Option (IDCW);;INF200K01LK2;2321.4872;;;05-Jan-2026
100641;SBI ULTRA SHORT DURATION FUND - REGULAR PLAN - GROWTH;INF200K01LJ4;;6163.4299;;;05-Jan-2026
103884;SBI Ultra Short Duration Fund - Regular Plan - Weekly Income Distribution cum Capital Withdrawal Option (IDCW);INF200K01LM8;INF200K01LL0;1265.1296;;;05-Jan-2026

Sundaram Mutual Fund
149537;Sundaram Ultra Short Duration Fund (Formerly Known as Principal Ultra Short Term Fund) - Income Distribution CUM Capital Withdrawal Option (IDCW);INF173K01CX3;INF173K01CY1;1076.6960;;;05-Jan-2026
149539;Sundaram Ultra Short Duration Fund (Formerly Known as Principal Ultra Short Term Fund)- Direct Plan -Growth Option;INF173K01HI3;;3024.6503;;;05-Jan-2026
149540;Sundaram Ultra Short Duration Fund (Formerly Known as Principal Ultra Short Term Fund)- Direct Plan Income Distribution CUM Capital Withdrawal Option (IDCW);INF173K01HK9;INF173K01HJ1;1089.2146;;;05-Jan-2026
149535;Sundaram Ultra Short Duration Fund (Formerly Known as Principal Ultra Short Term Fund)-Growth Option;INF173K01CU9;;2755.3220;;;05-Jan-2026

Tata Mutual Fund
146076;TATA Ultra Short Term Fund Direct Plan - Monthly Reinvestment of Income Distribution cum capital withdrawal option  ;;INF277K013T6;15.4162;;;05-Jan-2026
146068;TATA Ultra Short Term Fund Direct Plan - Weekly Reinvestment of Income Distribution cum capital withdrawal option   ;;INF277K015T1;10.4156;;;05-Jan-2026
146073;TATA Ultra Short Term Fund Regular Plan - Monthly Reinvestment of Income Distribution cum capital withdrawal option  ;;INF277K018S7;14.5915;;;05-Jan-2026
146074;TATA Ultra Short Term Fund Regular Plan -Weekly Reinvestment of Income Distribution cum capital withdrawal option  ;;INF277K010T2;10.3876;;;05-Jan-2026
146069;TATA Ultra Short Term Fund-Direct Plan - Monthly Payout of Income Distribution cum capital withdrawal option ;INF277K012T8;;15.4162;;;05-Jan-2026
146067;TATA Ultra Short Term Fund-Direct Plan - Weekly Payout of Income Distribution cum capital withdrawal option ;INF277K014T4;;10.4156;;;05-Jan-2026
146075;Tata Ultra Short Term Fund-Direct Plan-Growth;INF277K011T0;;15.3994;;;05-Jan-2026
146072;TATA Ultra Short Term Fund-Regular Plan - Monthly Payout of Income Distribution cum capital withdrawal option ;INF277K017S9;;14.5915;;;05-Jan-2026
146071;TATA Ultra Short Term Fund-Regular Plan - Weekly Payout of Income Distribution cum capital withdrawal option ;INF277K019S5;;10.3876;;;05-Jan-2026
146070;Tata Ultra Short Term Fund-Regular Plan-Growth;INF277K016S1;;14.5881;;;05-Jan-2026

WhiteOak Capital Mutual Fund
147316;WhiteOak Capital Ultra Short Duration Fund- Direct plan-Daily Reinvestment of Income Distribution cum capital withdrawal option (IDCW);;INF03VN01175;1004.9897;;;05-Jan-2026
147315;WhiteOak Capital Ultra Short Duration Fund- Direct plan-Fortnightly Payout/ Reinvestment of Income Distribution cum capital withdrawal option (IDCW);INF03VN01183;INF03VN01191;1005.7953;;;05-Jan-2026
147311;WhiteOak Capital Ultra Short Duration Fund- Direct plan-Growth Option;INF03VN01209;;1453.1767;;;05-Jan-2026
147312;WhiteOak Capital Ultra Short Duration Fund- Direct plan-Monthly Payout/ Reinvestment of Income Distribution cum capital withdrawal option (IDCW);INF03VN01217;INF03VN01225;1009.0803;;;05-Jan-2026
147313;WhiteOak Capital Ultra Short Duration Fund- Direct plan-Weekly Payout/ Reinvestment of Income Distribution cum capital withdrawal option (IDCW);INF03VN01233;INF03VN01241;1005.8876;;;05-Jan-2026
147308;WhiteOak Capital Ultra Short Duration Fund- Regular plan-Daily Reinvestment of Income Distribution cum capital withdrawal option (IDCW);;INF03VN01258;1004.9906;;;05-Jan-2026
147309;WhiteOak Capital Ultra Short Duration Fund- Regular plan-Fortnightly Payout/ Reinvestment of Income Distribution cum capital withdrawal option (IDCW);INF03VN01266;INF03VN01274;1005.6776;;;05-Jan-2026
147307;WhiteOak Capital Ultra Short Duration Fund- Regular plan-Growth Option;INF03VN01282;;1399.9105;;;05-Jan-2026
147314;WhiteOak Capital Ultra Short Duration Fund- Regular plan-Monthly Payout/ Reinvestment of Income Distribution cum capital withdrawal option (IDCW);INF03VN01290;INF03VN01308;1007.6793;;;05-Jan-2026
147310;WhiteOak Capital Ultra Short Duration Fund- Regular plan-Weekly Payout/ Reinvestment of Income Distribution cum capital withdrawal option (IDCW);INF03VN01316;INF03VN01324;1007.2201;;;05-Jan-2026

Open Ended Schemes ( Debt Scheme - Low Duration Fund )


HDFC Mutual Fund
105548;HDFC Low Duration  Fund - Daily IDCW;;INF179K01434;10.1428;;;05-Jan-2026
118945;HDFC Low Duration  Fund - Direct Plan - Daily IDCW;;INF179KC1IR2;10.0655;;;05-Jan-2026
118942;HDFC Low Duration  Fund - Direct Plan - Growth;INF179K01VF7;;64.774;;;05-Jan-2026
118943;HDFC Low Duration  Fund - Direct Plan - Monthly IDCW;INF179K01VG5;INF179K01VH3;10.1515;;;05-Jan-2026
118944;HDFC Low Duration  Fund - Direct Plan - Weekly IDCW;INF179KC1IS0;INF179KC1IT8;10.0689;;;05-Jan-2026
102452;HDFC Low Duration  Fund - Growth;INF179K01442;;59.544;;;05-Jan-2026
105543;HDFC Low Duration  Fund - Monthly IDCW;INF179K01459;INF179K01467;10.1478;;;05-Jan-2026
102453;HDFC Low Duration  Fund - Weekly IDCW;INF179K01475;INF179K01483;10.0678;;;05-Jan-2026

JM Financial Mutual Fund
143610;JM Low Duration Fund (Direct) - Bonus Option - Principal Units;INF192K01FL1;;23.6976;;;05-Jan-2026
143604;JM Low Duration Fund (Direct) - Daily IDCW;;INF192K01DT9;10.85;;;05-Jan-2026
143606;JM Low Duration Fund (Direct) - Fortnightly IDCW;;INF192K01DV5;11.1314;;;05-Jan-2026
143612;JM Low Duration Fund (Direct) - Growth;INF192K01DW3;;39.3586;;;05-Jan-2026
143611;JM Low Duration Fund (Direct) - Weekly IDCW;;INF192K01DU7;11.4617;;;05-Jan-2026
143603;JM Low Duration Fund (Regular) - Daily IDCW;;INF192K01AV1;10.82;;;05-Jan-2026
143605;JM Low Duration Fund (Regular) - Fortnightly IDCW ;;INF192K01AX7;11.0904;;;05-Jan-2026
143607;JM Low Duration Fund (Regular) - Growth Option;INF192K01AY5;;38.2187;;;05-Jan-2026
143608;JM Low Duration Fund (Regular) - Weekly IDCW;;INF192K01AW9;11.4207;;;05-Jan-2026
143609;JM Low Duration Fund - Bonus Option - Principal Units;INF192K01FJ5;;23.0258;;;05-Jan-2026

Kotak Mahindra Mutual Fund
133812;Kotak Low Duration Fund - Direct Plan- Standard Income Distribution cum capital withdrawal option;INF178L01AZ9;INF178L01AY2;1603.0244;;;05-Jan-2026
133810;Kotak Low Duration Fund- Direct Plan- Growth Option;INF178L01AX4;;3772.0237;;;05-Jan-2026
133805;Kotak Low Duration Fund- Regular Plan-Growth Option;INF178L01202;;3445.2151;;;05-Jan-2026
133809;Kotak Low Duration Fund- Regular Plan-Standard Income Distribution cum capital withdrawal option;INF178L01210;INF178L01228;1313.2197;;;05-Jan-2026

LIC Mutual Fund
120316;LIC MF Low Duration Fund-Direct Plan-Daily IDCW;INF767K01FL0;INF767K01FN6;10.05;;;05-Jan-2026
120315;LIC MF Low Duration Fund-Direct Plan-Growth;INF767K01FM8;;44.3126;;;05-Jan-2026
120317;LIC MF Low Duration Fund-Direct Plan-Monthly IDCW;INF767K01FP1;INF767K01FO4;23.142;;;05-Jan-2026
120318;LIC MF Low Duration Fund-Direct Plan-Weekly IDCW;INF767K01JJ6;INF767K01JK4;15.4354;;;05-Jan-2026
111676;LIC MF Low Duration Fund-Regular Plan-Daily IDCW;INF767K01AK3;INF767K01AL1;10.7485;;;05-Jan-2026
101830;LIC MF Low Duration Fund-Regular Plan-Growth;INF767K01AO5;;40.7188;;;05-Jan-2026
101829;LIC MF Low Duration Fund-Regular Plan-Monthly IDCW;INF767K01AM9;INF767K01AN7;14.0409;;;05-Jan-2026
111675;LIC MF Low Duration Fund-Regular Plan-Weekly IDCW;INF767K01AP2;INF767K01AQ0;13.9636;;;05-Jan-2026

Mirae Asset Mutual Fund
118843;Mirae Asset Low Duration Fund - Direct Plan - Daily IDCW;;INF769K01BR2;1208.9337;;;05-Jan-2026
118840;Mirae Asset Low Duration Fund - Direct Plan - Growth;INF769K01BO9;;2543.3033;;;05-Jan-2026
118841;Mirae Asset Low Duration Fund - Direct Plan - Monthly IDCW;INF769K01BP6;INF769K01BT8;1161.7463;;;05-Jan-2026
118842;Mirae Asset Low Duration Fund - Direct Plan - Quarterly IDCW;INF769K01BQ4;INF769K01BU6;1014.8360;;;05-Jan-2026
118844;Mirae Asset Low Duration Fund - Direct Plan - Weekly IDCW;;INF769K01BS0;1455.0873;;;05-Jan-2026
107700;Mirae Asset Low Duration Fund - Regular Plan - Daily IDCW;;INF769K01986;1005.1646;;;05-Jan-2026
107705;Mirae Asset Low Duration Fund - Regular Plan - Growth;INF769K01937;;2328.5355;;;05-Jan-2026
107704;Mirae Asset Low Duration Fund - Regular Plan - Monthly IDCW;INF769K01960;INF769K01AA0;1088.9244;;;05-Jan-2026
107702;Mirae Asset Low Duration Fund - Regular Plan - Quarterly IDCW;INF769K01978;INF769K01AB8;1013.3819;;;05-Jan-2026
107701;Mirae Asset Low Duration Fund - Regular Plan - Weekly IDCW;;INF769K01994;1107.0678;;;05-Jan-2026

SBI Mutual Fund
119810;SBI Low Duration Fund - Direct Plan - Daily Income Distribution cum Capital Withdrawal Option (IDCW);;INF200K01VJ3;1446.9872;;;05-Jan-2026
119811;SBI Low Duration Fund - Direct Plan - Fortnightly Income Distribution cum Capital Withdrawal Option (IDCW);INF200K01VK1;INF200K01VL9;1472.2839;;;05-Jan-2026
119812;SBI LOW DURATION FUND - DIRECT PLAN - GROWTH;INF200K01VM7;;3753.6460;;;05-Jan-2026
119818;SBI Low Duration Fund - Direct Plan - Monthly Income Distribution cum Capital Withdrawal Option (IDCW);INF200K01VN5;INF200K01VO3;1668.0091;;;05-Jan-2026
119819;SBI Low Duration Fund - Direct Plan - Weekly Income Distribution cum Capital Withdrawal Option (IDCW);INF200K01VP0;INF200K01VQ8;1449.1042;;;05-Jan-2026
106213;SBI Low Duration Fund - Regular Plan - Daily Income Distribution cum Capital Withdrawal Option (IDCW);;INF200K01ML8;1401.9888;;;05-Jan-2026
106215;SBI Low Duration Fund - Regular Plan - Fornightly Income Distribution cum Capital Withdrawal Option (IDCW);INF200K01MM6;INF200K01MN4;1426.5296;;;05-Jan-2026
106212;SBI LOW DURATION FUND - REGULAR PLAN - GROWTH;INF200K01MO2;;3599.3322;;;05-Jan-2026
106216;SBI Low Duration Fund - Regular Plan - Monthly Income Distribution cum Capital Withdrawal Option (IDCW);INF200K01MP9;INF200K01MQ7;1578.6189;;;05-Jan-2026
106214;SBI Low Duration Fund - Regular Plan - Weekly Income Distribution cum Capital Withdrawal Option (IDCW);INF200K01MR5;INF200K01MS3;1401.9777;;;05-Jan-2026
106221;SBI Short Horizon Debt Fund - Ultra Short Term Fund - Institutional Plan - Daily Income Distribution cum Capital Withdrawal Option (IDCW);;INF200K01MD5;1402.3205;;;05-Jan-2026
106217;SBI Short Horizon Debt Fund - Ultra Short Term Fund - Institutional Plan - Growth;INF200K01MG8;;3662.8075;;;05-Jan-2026
106222;SBI Short Horizon Debt Fund - Ultra Short Term Fund- Institutional Plan - Weekly Income Distribution cum Capital Withdrawal Option (IDCW);INF200K01MJ2;INF200K01MK0;1398.8393;;;05-Jan-2026

Sundaram Mutual Fund
149526;Sundaram Low Duration Fund (Formerly Known as Principal Low Duration Fund) - Direct Plan - Growth Option;INF173K01FS6;;3833.3242;;;05-Jan-2026
149525;Sundaram Low Duration Fund (Formerly Known as Principal Low Duration Fund) - Direct Plan - Income Distribution CUM Capital Withdrawal Option (IDCW);INF173K01FT4;INF173K01FU2;1121.4239;;;05-Jan-2026
149519;Sundaram Low Duration Fund (Formerly Known as Principal Low Duration Fund)- Growth Option;INF173K01DG6;;3561.2495;;;05-Jan-2026
149521;Sundaram Low Duration Fund (Formerly Known as Principal Low Duration Fund)- Income Distribution CUM Capital Withdrawal Option (IDCW);INF173K01DJ0;INF173K01DK8;1103.8983;;;05-Jan-2026

Tata Mutual Fund
119863;Tata Treasury Advantage Fund - Direct Plan - Growth Option;INF277K01OK4;;4175.8817;;;05-Jan-2026
103159;Tata Treasury Advantage Fund - Regular Plan - Growth Option;INF277K01MA9;;4053.6726;;;05-Jan-2026
119864;Tata Treasury Advantage Fund Direct Plan - Daily Reinvestment of IDCW Option;;INF277K018B3;1003.5316;;;05-Jan-2026
119957;Tata Treasury Advantage Fund Direct Plan - Periodic Payout of IDCW Option;INF277K01OL2;INF277K01OM0;2648.7090;;;05-Jan-2026
119865;Tata Treasury Advantage Fund Direct Plan - Weekly Payout of IDCW Option;INF277K019B1;INF277K010C8;1009.2288;;;05-Jan-2026
103160;Tata Treasury Advantage Fund Regular Plan - Daily Reinvestment of IDCW Option;;INF277K01LZ8;1003.5288;;;05-Jan-2026
115464;Tata Treasury Advantage Fund Regular Plan - Periodic Payout of IDCW Option;INF277K01MC5;INF277K01ME1;2569.3264;;;05-Jan-2026
103158;Tata Treasury Advantage Fund Regular Plan - Weekly Payout of IDCW Option;INF277K01MD3;INF277K01MB7;1009.1726;;;05-Jan-2026

Union Mutual Fund
153654;Union Low Duration Fund - Direct Plan - Growth Option;INF582M01LQ6;;10.2800;;;05-Jan-2026
153655;Union Low Duration Fund - Direct Plan - IDCW Option;INF582M01LR4;INF582M01LS2;10.2800;;;05-Jan-2026
153652;Union Low Duration Fund - Regular Plan - Growth Option;INF582M01LU8;;10.2423;;;05-Jan-2026
153653;Union Low Duration Fund - Regular Plan - IDCW Option;INF582M01LN3;INF582M01LO1;10.2423;;;05-Jan-2026

Open Ended Schemes ( Debt Scheme - Money Market Fund )


Groww Mutual Fund
153982;Groww Money Market Fund Direct Growth;INF666M01MW3;;10.0734;;;05-Jan-2026
153991;Groww Money Market Fund Direct IDCW;INF666M01MX1;INF666M01MY9;10.0734;;;05-Jan-2026
153992;Groww Money Market Fund Regular Growth;INF666M01MZ6;;10.0661;;;05-Jan-2026
153993;Groww Money Market Fund Regular IDCW;INF666M01NA7;INF666M01NB5;10.0663;;;05-Jan-2026

HDFC Mutual Fund
101994;HDFC Money Market Fund - Daily IDCW Option;;INF179KB1IG6;1063.64;;;05-Jan-2026
119093;HDFC Money Market Fund - Daily IDCW Option - Direct Plan;;INF179KB1HZ8;1063.64;;;05-Jan-2026
101993;HDFC Money Market Fund - Growth Option;INF179KB1HR5;;5905.0486;;;05-Jan-2026
119092;HDFC Money Market Fund - Growth Option - Direct Plan;INF179KB1HU9;;6027.6905;;;05-Jan-2026
101995;HDFC Money Market Fund - Weekly IDCW Option;INF179KB1IH4;INF179KB1II2;1063.6993;;;05-Jan-2026
119094;HDFC Money Market Fund - Weekly IDCW Option -Direct Plan;INF179KB1IA9;INF179KB1IB7;1063.736;;;05-Jan-2026

Jio BlackRock Mutual Fund
153649;JioBlackRock Money Market Fund - Direct Plan - Growth Option;INF22M001028;;1030.1450;;;05-Jan-2026

Kotak Mahindra Mutual Fund
101893;Kotak Money Market Fund - (Growth);INF174K01NA6;;4639.8504;;;05-Jan-2026
119746;Kotak Money Market Fund - (Growth) - Direct;INF174K01MW2;;4685.9673;;;05-Jan-2026
101892;Kotak Money market Fund - (Monthly Payout of Income Distribution cum capital withdrawal option);INF174K018O0;INF174K01NB4;1050.9484;;;05-Jan-2026
119747;Kotak Money Market Fund - (Monthly Payout of Income Distribution cum capital withdrawal option) - Direct;INF174K019O8;INF174K01MX0;1250.6003;;;05-Jan-2026

LIC Mutual Fund
150392;LIC MF Money Market Fund-Direct Plan-Growth;INF767K01RE0;;1244.5816;;;05-Jan-2026
150391;LIC MF Money Market Fund-Direct Plan-IDCW;INF767K01RF7;INF767K01RG5;1244.5817;;;05-Jan-2026
150393;LIC MF Money Market Fund-Regular Plan-Growth;INF767K01RB6;;1227.8645;;;05-Jan-2026
150394;LIC MF Money Market Fund-Regular Plan-IDCW;INF767K01RC4;INF767K01RD2;1227.8645;;;05-Jan-2026

Mirae Asset Mutual Fund
149112;Mirae Asset Money Market Fund Direct Growth;INF769K01HN8;;1321.2296;;;05-Jan-2026
149113;Mirae Asset Money Market Fund Direct IDCW;INF769K01HM0;INF769K01HO6;1319.0503;;;05-Jan-2026
149115;Mirae Asset Money Market Fund Regular Growth;INF769K01HK4;;1300.6269;;;05-Jan-2026
149114;Mirae Asset Money Market Fund Regular IDCW;INF769K01HJ6;INF769K01HL2;1300.6170;;;05-Jan-2026

PGIM India Mutual Fund
148162;PGIM India Money Market Fund - Direct Plan - Daily Dividend Option;;INF663L01U16;1010.4294;;;05-Jan-2026
148161;PGIM India Money Market Fund - Direct Plan - Growth Option;INF663L01T84;;1412.247;;;05-Jan-2026
148163;PGIM India Money Market Fund - Direct Plan - Monthly Dividend Option;INF663L01T92;;1069.8458;;;05-Jan-2026
148164;PGIM India Money Market Fund - Direct Plan - Weekly Dividend Option;;INF663L01U08;1000.77;;;05-Jan-2026
148160;PGIM India Money Market Fund - Regular Plan - Daily Dividend Option;;INF663L01U57;1009.0935;;;05-Jan-2026
148159;PGIM India Money Market Fund - Regular Plan - Growth Option;INF663L01U24;;1369.2714;;;05-Jan-2026
148157;PGIM India Money Market Fund - Regular Plan - Monthly Dividend Option;INF663L01U32;;1060.2728;;;05-Jan-2026
148158;PGIM India Money Market Fund - Regular Plan - Weekly Dividend Option;;INF663L01U40;1001.5578;;;05-Jan-2026
152111;PGIM India Money Market Fund - Segregated Portfolio 1 - Direct Plan - Annual IDCW option;;;0;;;05-Jan-2026
152114;PGIM India Money Market Fund - Segregated Portfolio 1 - Direct Plan - Growth Option;;;0;;;05-Jan-2026
152112;PGIM India Money Market Fund - Segregated Portfolio 1 - Direct Plan - Monthly IDCW Option;;;0;;;05-Jan-2026
152113;PGIM India Money Market Fund - Segregated Portfolio 1 - Direct Plan - Quarterly IDCW option;;;0;;;05-Jan-2026
152120;PGIM India Money Market Fund - Segregated Portfolio 1 - Regular Plan - Annual IDCW Option;;;0;;;05-Jan-2026
152122;PGIM India Money Market Fund - Segregated Portfolio 1 - Regular plan - Growth option;;;0;;;05-Jan-2026
152119;PGIM India Money Market Fund - Segregated Portfolio 1 - Regular Plan - Monthly IDCW option;;;0;;;05-Jan-2026
152121;PGIM India Money Market Fund - Segregated Portfolio 1 - Regular Plan - Quarterly IDCW Option;;;0;;;05-Jan-2026

SBI Mutual Fund
119821;SBI  SAVINGS FUND - DIRECT PLAN - GROWTH;INF200K01SZ5;;45.9745;;;05-Jan-2026
102503;SBI  SAVINGS FUND - REGULAR PLAN - GROWTH;INF200K01636;;42.7618;;;05-Jan-2026
119820;SBI Savings Fund - Direct Plan - Income Distribution cum Capital Withdrawal Option (IDCW);INF200K01SX0;INF200K01SY8;18.2229;;;05-Jan-2026
119822;SBI Savings Fund - Direct Plan Daily Income Distribution cum Capital Withdrawal Option (IDCW);;INF200K01SW2;14.3558;;;05-Jan-2026
119823;SBI Savings Fund - Direct Plan Weekly Income Distribution cum Capital Withdrawal Option (IDCW);INF200K01TA6;INF200K01TB4;16.5929;;;05-Jan-2026
102504;SBI Savings Fund - Regular Plan - Income Distribution cum Capital Withdrawal Option (IDCW);INF200K01644;INF200K01651;16.8610;;;05-Jan-2026
114348;SBI Savings Fund - Regular Plan Daily Income Distribution cum Capital Withdrawal Option (IDCW);;INF200KA1K20;13.9390;;;05-Jan-2026
102860;SBI Savings Fund - Regular Plan Weekly Income Distribution cum Capital Withdrawal Option (IDCW);INF200K01669;INF200K01677;15.9126;;;05-Jan-2026

Sundaram Mutual Fund
145050;Sundaram Money Market Fund Direct Plan - Growth;INF903JA1FR6;;15.6035;;;05-Jan-2026
145051;Sundaram Money Market Fund Direct Plan - Income Distribution cum Capital Withdrawal (IDCW);INF903JA1FS4;;10.9709;;;05-Jan-2026
145056;Sundaram Money Market Fund Direct Plan - Income Distribution cum Capital Withdrawal(IDCW);;INF903JA1FX4;10.9709;;;05-Jan-2026
145042;Sundaram Money Market Fund Regular Plan - Growth;INF903JA1FJ3;;15.4899;;;05-Jan-2026
145049;Sundaram Money Market Fund Regular Plan -Income Distribution cum Capital Withdrawal(IDCW);;INF903JA1FP0;10.9371;;;05-Jan-2026
145044;Sundaram Money Market Fund Regular Plan- Income Distribution cum Capital Withdrawal (IDCW);INF903JA1FK1;;10.9371;;;05-Jan-2026

Tata Mutual Fund
119421;Tata Money Market Fund- Direct Plan - Daily Reinvestment of IDCW Option;;INF277K011C6;1114.5200;;;05-Jan-2026
119424;Tata Money Market Fund- Direct Plan- Growth Option;INF277K01PR6;;4976.1375;;;05-Jan-2026
101986;Tata Money Market Fund- Regular Plan - Daily Reinvestment of IDCW Option;;INF277K014C0;1114.5200;;;05-Jan-2026
101847;Tata Money Market Fund-Regular Plan - Growth Option;INF277K01LQ7;;4878.3879;;;05-Jan-2026

Trust Mutual Fund
150513;TRUSTMF MONEY MARKET FUND-DIRECT PLAN-GROWTH;INF0GCD01503;;1265.5493;;;05-Jan-2026
150514;TRUSTMF MONEY MARKET FUND-DIRECT PLAN-MONTHLY IDCW;INF0GCD01529;INF0GCD01511;1142.0542;;;05-Jan-2026
150511;TRUSTMF MONEY MARKET FUND-REGULAR PLAN-GROWTH;INF0GCD01479;;1257.283;;;05-Jan-2026
150512;TRUSTMF MONEY MARKET FUND-REGULAR PLAN-MONTHLY IDCW;INF0GCD01495;INF0GCD01487;1134.2858;;;05-Jan-2026

Union Mutual Fund
149117;Union Money Market Fund - Direct Plan -  Growth Option;INF582M01HG5;;1307.6885;;;05-Jan-2026
149123;Union Money Market Fund - Direct Plan -  Monthly IDCW Option;INF582M01HK7;INF582M01HJ9;1010.4057;;;05-Jan-2026
149116;Union Money Market Fund - Regular Plan -  Growth Option;INF582M01HO9;;1267.6538;;;05-Jan-2026
149122;Union Money Market Fund - Regular Plan -  Monthly IDCW Option;INF582M01HS0;INF582M01HR2;1002.5667;;;05-Jan-2026

Open Ended Schemes ( Debt Scheme - Short Duration Fund )


Groww Mutual Fund
123708;Groww Short Duration Fund (formerly known as Indiabulls Short Term Fund )- Regular Plan - Growth Option;INF666M01AJ5;;2138.1077;;;05-Jan-2026
123704;Groww Short Duration Fund (formerly known as Indiabulls Short Term Fund) - Direct Plan - Growth Option;INF666M01AC0;;2463.3325;;;05-Jan-2026
123706;Groww Short Duration Fund (formerly known as Indiabulls Short Term Fund)- Direct Plan- Fortnightly - Income Distribution cum capital withdrawal Option (Payout & Reinvestment);INF666M01AH9;INF666M01AE6;1018.5207;;;05-Jan-2026
123707;Groww Short Duration Fund (formerly known as Indiabulls Short Term Fund)- Direct Plan- Monthly - Income Distribution cum capital withdrawal Option (Payout & Reinvestment);INF666M01AI7;INF666M01AF3;1018.4784;;;05-Jan-2026
123705;Groww Short Duration Fund (formerly known as Indiabulls Short Term Fund)- Direct Plan- Weekly - Income Distribution cum capital withdrawal Option (Payout & Reinvestment);INF666M01AG1;INF666M01AD8;1019.4239;;;05-Jan-2026
123710;Groww Short Duration Fund (formerly known as Indiabulls Short Term Fund)- Regular Plan- Fortnightly - Income Distribution cum capital withdrawal Option (Payout & Reinvestment);INF666M01AO5;INF666M01AL1;1017.942;;;05-Jan-2026
123711;Groww Short Duration Fund (formerly known as Indiabulls Short Term Fund)- Regular Plan- Monthly - Income Distribution cum capital withdrawal Option (Payout & Reinvestment);INF666M01AP2;INF666M01AM9;1024.6557;;;05-Jan-2026
123709;Groww Short Duration Fund (formerly known as Indiabulls Short Term Fund)- Regular Plan- Weekly - Income Distribution cum capital withdrawal Option (Payout & Reinvestment);INF666M01AN7;INF666M01AK3;1019.2649;;;05-Jan-2026

HDFC Mutual Fund
119015;HDFC Short Term  Debt Fund - Fortnightly IDCW - Direct Plan;;;10.3119;;;05-Jan-2026
113048;HDFC Short Term  Debt Fund - Fortnightly IDCW Option;INF179K01CV4;INF179K01CW2;10.2046;;;05-Jan-2026
113047;HDFC Short Term  Debt Fund - Growth Option;INF179K01CU6;;33.0136;;;05-Jan-2026
119016;HDFC Short Term  Debt Fund - Growth Option - Direct Plan;INF179K01YM7;;34.1298;;;05-Jan-2026
133367;HDFC Short Term  Debt Fund - Normal IDCW - Direct Plan;INF179KA1Q53;;20.2217;;;05-Jan-2026
133368;HDFC Short Term  Debt Fund - Normal IDCW Option;INF179KA1Q79;;19.618;;;05-Jan-2026

JM Financial Mutual Fund
150545;JM Short Duration Fund (Direct) - Growth;INF192K01MP8;;12.6814;;;05-Jan-2026
150544;JM Short Duration Fund (Direct) - IDCW;INF192K01MQ6;INF192K01MR4;12.6817;;;05-Jan-2026
150542;JM Short Duration Fund (Regular) - Growth;INF192K01MM5;;12.3473;;;05-Jan-2026
150543;JM Short Duration Fund (Regular) - IDCW;INF192K01MN3;INF192K01MO1;12.348;;;05-Jan-2026

Kotak Mahindra Mutual Fund
135500;Kotak Bond Short Term Plan - Direct - Standard Income Distribution cum capital withdrawal option;INF174K01Z14;INF174K01Z22;16.7442;;;05-Jan-2026
135501;Kotak Bond Short Term Plan - Regular Plan - Normal Dividend;INF174K01Y98;INF174K01Z06;12.6828;;;05-Jan-2026
101373;Kotak Bond Short Term Plan-(Growth);INF174K01ES7;;53.5607;;;05-Jan-2026
119739;Kotak Bond Short Term Plan-(Growth) - Direct;INF174K01JI7;;59.1766;;;05-Jan-2026

LIC Mutual Fund
145954;LIC MF Short Duration Fund-Direct Plan-Growth;INF767K01PW6;;16.0426;;;05-Jan-2026
145953;LIC MF Short Duration Fund-Direct Plan-IDCW;INF767K01PX4;INF767K01PY2;16.0426;;;05-Jan-2026
151959;LIC MF Short Duration Fund-Direct Plan-Monthly IDCW;INF397L01BH1;INF397L01BI9;16.0407;;;05-Jan-2026
151960;LIC MF Short Duration Fund-Direct Plan-Weekly IDCW;INF397L01BK5;INF397L01BL3;16.0413;;;05-Jan-2026
145952;LIC MF Short Duration Fund-Regular Plan-Growth;INF767K01PT2;;14.9446;;;05-Jan-2026
145951;LIC MF Short Duration Fund-Regular Plan-IDCW;INF767K01PU0;INF767K01PV8;14.9446;;;05-Jan-2026
151955;LIC MF Short Duration Fund-Regular Plan-Monthly IDCW;INF397L01406;INF397L01414;14.945;;;05-Jan-2026
151956;LIC MF Short Duration Fund-Regular Plan-Weekly IDCW;INF397L01430;INF397L01448;12.8103;;;05-Jan-2026

Mirae Asset Mutual Fund
142641;Mirae Asset Short Duration Fund - Direct Plan - Growth;INF769K01DX6;;17.2214;;;05-Jan-2026
142640;Mirae Asset Short Duration Fund - Direct Plan - IDCW;INF769K01DY4;INF769K01DZ1;17.1790;;;05-Jan-2026
142642;Mirae Asset Short Duration Fund - Regular Plan - Growth;INF769K01DU2;;16.1662;;;05-Jan-2026
142643;Mirae Asset Short Duration Fund - Regular Plan - IDCW;INF769K01DV0;INF769K01DW8;16.1697;;;05-Jan-2026

SBI Mutual Fund
106230;SBI Short Horizon Debt Fund - Short Term Fund - Retail Dividend - Fortnightly Income Distribution cum Capital Withdrawal Option (IDCW);INF200K01IA9;INF200K01IB7;15.5520;;;05-Jan-2026
106229;SBI Short Horizon Debt Fund - Short Term Fund - Retail Dividend - Monthly Income Distribution cum Capital Withdrawal Option (IDCW);INF200K01IC5;INF200K01ID3;17.1461;;;05-Jan-2026
106228;SBI Short Horizon Debt Fund - Short Term Fund - Retail Dividend - Weekly Income Distribution cum Capital Withdrawal Option (IDCW);INF200K01IE1;INF200K01IF8;15.5286;;;05-Jan-2026
106227;SBI SHORT HORIZON DEBT FUND-SHORT TERM FUND - RETAIL - GROWTH;INF200K01IG6;;37.4348;;;05-Jan-2026
119813;SBI Short Term Debt Fund - Direct Plan - Monthly Income Distribution cum Capital Withdrawal Option (IDCW);INF200K01VF1;INF200K01VG9;19.6425;;;05-Jan-2026
119816;SBI SHORT TERM DEBT FUND - DIRECT PLAN -GROWTH;INF200K01VE4;;35.2256;;;05-Jan-2026
119815;SBI Short Term Debt Fund - Direct Plan Fortnightly Income Distribution cum Capital Withdrawal Option (IDCW);INF200K01VC8;INF200K01VD6;23.7260;;;05-Jan-2026
119817;SBI Short Term Debt Fund - Direct Plan Weekly Income Distribution cum Capital Withdrawal Option (IDCW);INF200K01VH7;INF200K01VI5;15.4299;;;05-Jan-2026
106233;SBI Short Term Debt Fund - Regular Plan - Monthly Income Distribution cum Capital Withdrawal Option (IDCW);INF200K01HV7;INF200K01HW5;18.2922;;;05-Jan-2026
106231;SBI SHORT TERM DEBT FUND - REGULAR PLAN -GROWTH;INF200K01HZ8;;33.0866;;;05-Jan-2026
106234;SBI Short Term Debt Fund - Regular Plan Fortnightly Income Distribution cum Capital Withdrawal Option (IDCW);INF200K01HT1;INF200K01HU9;14.9869;;;05-Jan-2026
106232;SBI Short Term Debt Fund - Regular Plan Weekly Income Distribution cum Capital Withdrawal Option (IDCW);INF200K01HX3;INF200K01HY1;15.0017;;;05-Jan-2026

Sundaram Mutual Fund
149588;Sundaram Short Duration Fund (Formerly Known as Principal Short Term Debt Fund) - Direct Plan - Income Distribution CUM Capital Withdrawal Plan (IDCW);INF173K01GQ8;INF173K01GR6;13.2318;;;05-Jan-2026
149587;Sundaram Short Duration Fund (Formerly Known as Principal Short Term Debt Fund)- Direct Plan - Growth Option;INF173K01GP0;;49.4140;;;05-Jan-2026
149585;Sundaram Short Duration Fund (Formerly Known as Principal Short Term Debt Fund)- Growth Plan;INF173K01BA3;;45.5243;;;05-Jan-2026
149586;Sundaram Short Duration Fund (Formerly Known as Principal Short Term Debt Fund)- Income Distribution CUM Capital Withdrawal Option (IDCW);INF173K01BB1;INF173K01BC9;13.1238;;;05-Jan-2026

Tata Mutual Fund
119949;Tata Short Term Bond Fund - Direct Plan - Growth Option;INF277K01QR4;;54.4628;;;05-Jan-2026
101548;Tata Short Term Bond Fund -Regular Plan- Growth Option;INF277K01972;;49.0183;;;05-Jan-2026
119950;Tata Short Term Bond Fund Direct Plan - Monthly Payout of IDCW Option;INF277K01QP8;INF277K01QQ6;24.7375;;;05-Jan-2026
133974;Tata Short Term Bond Fund- Direct Plan - Periodic Payout of IDCW Option;INF277K01P38;INF277K01P46;28.9003;;;05-Jan-2026
101547;Tata Short Term Bond Fund- Regular Plan - Monthly Payout of IDCW Option;INF277K01EI9;INF277K01964;22.1364;;;05-Jan-2026
133975;Tata Short Term Bond Fund- Regular Plan - Periodic Payout of IDCW Option;INF277K01P12;INF277K01P20;25.9722;;;05-Jan-2026

Trust Mutual Fund
149076;TRUSTMF Short Duration Fund-Direct Plan-Growth;INF0GCD01370;;1314.7117;;;05-Jan-2026
149078;TRUSTMF Short Duration Fund-Direct Plan-Monthly Income Distribution Cum Capital Withdrawal;INF0GCD01396;INF0GCD01404;1147.0059;;;05-Jan-2026
149079;TRUSTMF Short Duration Fund-Direct Plan-Quarterly Income Distribution Cum Capital Withdrawal;INF0GCD01412;INF0GCD01420;1160.144;;;05-Jan-2026
149077;TRUSTMF Short Duration Fund-Direct Plan-Weekly Income Distribution Cum Capital Withdrawal;;INF0GCD01388;1124.0455;;;05-Jan-2026
149073;TRUSTMF Short Duration Fund-Regular Plan-Growth;INF0GCD01313;;1285.9393;;;05-Jan-2026
149080;TRUSTMF Short Duration Fund-Regular Plan-Monthly Income Distribution Cum Capital Withdrawal;INF0GCD01339;INF0GCD01347;1130.0944;;;05-Jan-2026
149075;TRUSTMF Short Duration Fund-Regular Plan-Quarterly Income Distribution Cum Capital Withdrawal;INF0GCD01354;INF0GCD01362;1132.9568;;;05-Jan-2026
149074;TRUSTMF Short Duration Fund-Regular Plan-Weekly Income Distribution Cum Capital Withdrawal;;INF0GCD01321;1107.7478;;;05-Jan-2026

Union Mutual Fund
153242;Union Short Duration Fund - Direct Plan - Growth Option;INF582M01KO3;;10.7043;;;05-Jan-2026
153243;Union Short Duration Fund - Direct Plan - IDCW Option;INF582M01KP0;INF582M01KQ8;10.7043;;;05-Jan-2026
153240;Union Short Duration Fund - Regular Plan - Growth Option;INF582M01KK1;;10.6638;;;05-Jan-2026
153241;Union Short Duration Fund - Regular Plan - IDCW Option;INF582M01KL9;INF582M01KM7;10.6638;;;05-Jan-2026

Open Ended Schemes ( Debt Scheme - Medium Duration Fund )


HDFC Mutual Fund
101990;HDFC Medium Term Debt Fund - Fornightly IDCW Option;INF179K01897;INF179K01905;10.1073;;;05-Jan-2026
119080;HDFC Medium Term Debt Fund - Fortnightly IDCW Opt - Direct Plan;INF179KA1NP8;INF179KA1NO1;10.1092;;;05-Jan-2026
101989;HDFC Medium Term Debt Fund - Growth Option;INF179K01913;;57.9511;;;05-Jan-2026
119081;HDFC Medium Term Debt Fund - Growth Option - Direct Plan;INF179K01WI9;;63.104;;;05-Jan-2026
132852;HDFC Medium Term Debt Fund - IDCW Option;INF179KA1E16;INF179KA1E08;19.5561;;;05-Jan-2026
132853;HDFC Medium Term Debt Fund - IDCW Option - Direct Plan;INF179KA1D90;INF179KA1D82;21.0855;;;05-Jan-2026

Kotak Mahindra Mutual Fund
128079;Kotak Medium Term Fund - Direct - Standard Income Distribution cum capital withdrawal option;INF174K01VSI;INF174K01VU7;26.3806;;;05-Jan-2026
128006;Kotak Medium Term Fund - Direct Growth;INF174K01VQ5;;26.3782;;;05-Jan-2026
128009;Kotak Medium Term Fund - Growth;INF174K01VL6;;23.6141;;;05-Jan-2026
128078;Kotak Medium Term Fund - Standard Income Distribution cum capital withdrawal option;INF174K01VN2;INF174K01VP7;14.494;;;05-Jan-2026

SBI Mutual Fund
119824;SBI MEDIUM DURATION FUND - DIRECT PLAN - GROWTH;INF200K01VB0;;57.0345;;;05-Jan-2026
119825;SBI Medium Duration Fund - Direct Plan - Income Distribution cum Capital Withdrawal Option (IDCW);INF200K01UZ1;INF200K01VA2;22.1703;;;05-Jan-2026
102053;SBI MEDIUM DURATION FUND - REGULAR PLAN - GROWTH;INF200K01719;;52.6358;;;05-Jan-2026
102054;SBI Medium Duration Fund - Regular Plan - Income Distribution cum Capital Withdrawal Option (IDCW);INF200K01727;INF200K01735;20.4031;;;05-Jan-2026

Sundaram Mutual Fund
119675;Sundaram Medium Duration Fund (Formerly Known as Sundaram Medium Term Bond Fund) Direct Plan - Growth;INF903J01PO6;;78.7333;;;05-Jan-2026
119672;Sundaram Medium Duration Fund (Formerly Known as Sundaram Medium Term Bond Fund) Direct Plan-Income Distribution cum Capital Withdrawal (IDCW);INF903J01PK4;INF903J01PL2;27.2885;;;05-Jan-2026
100603;Sundaram Medium Duration Fund (Formerly Known as Sundaram Medium Term Bond Fund) Regular Plan - Growth;INF903J01FQ2;;70.2353;;;05-Jan-2026
100602;Sundaram Medium Duration Fund (Formerly Known as Sundaram Medium Term Bond Fund) Regular Plan-Income Distribution cum Capital Withdrawal(IDCW);INF903J01FR0;INF903J01FU4;13.3615;;;05-Jan-2026

Open Ended Schemes ( Debt Scheme - Medium to Long Duration Fund )


HDFC Mutual Fund
100124;HDFC Income Fund - Growth Option;INF179K01962;;58.7119;;;05-Jan-2026
119069;HDFC Income Fund - Growth Option - Direct Plan;INF179K01WL3;;65.1424;;;05-Jan-2026
133365;HDFC Income Fund - Normal IDCW - Direct Plan;INF179KA1Q12;;20.6008;;;05-Jan-2026
133366;HDFC Income Fund - Normal IDCW Option;INF179KA1Q38;;18.5154;;;05-Jan-2026
100123;HDFC Income Fund - Quarterly IDCW Option;INF179K01947;INF179K01954;11.3673;;;05-Jan-2026
119068;HDFC Income Fund - Quarterly IDCW- Direct Plan;INF179K01WJ7;INF179K01WK5;12.76;;;05-Jan-2026

JM Financial Mutual Fund
120430;JM Medium to Long Duration Fund (Direct) - Growth Option;INF192K01CW5;;70.4036;;;05-Jan-2026
120431;JM Medium to Long Duration Fund (Direct) - Quarterly IDCW;INF192K01CU9;INF192K01CV7;24.8776;;;05-Jan-2026
100223;JM Medium to Long Duration Fund (Regular) - Growth Option;INF192K01AB3;;63.029;;;05-Jan-2026
100222;JM Medium to Long Duration Fund (Regular) - Quarterly IDCW;INF192K01999;INF192K01AA5;21.4302;;;05-Jan-2026
101181;JM Medium to Long Duration Fund (Regular) - Bonus Option- Principal Units;INF192K01AC1;;25.787;;;05-Jan-2026

Kotak Mahindra Mutual Fund
119734;Kotak Bond Fund - Direct Plan - Standard IDCW option;INF174K01JD8;;29.1563;;;05-Jan-2026
119735;Kotak Bond Fund - Growth - Direct;INF174K01JC0;;87.6007;;;05-Jan-2026
100300;Kotak Bond Fund - Regular Plan - Standard IDCW Option;INF174K01EQ1;INF174K01EP3;47.5615;;;05-Jan-2026
100299;Kotak Bond Fund - Regular Plan Growth;INF174K01EM0;;77.63;;;05-Jan-2026

LIC Mutual Fund
151990;LIC MF Medium to Long Duration Fund-Direct Plan-Annual IDCW;INF397L01GD9;;19.1919;;;05-Jan-2026
120279;LIC MF Medium to Long Duration Fund-Direct Plan-Growth;INF767K01EW0;;79.4349;;;05-Jan-2026
120278;LIC MF Medium to Long Duration Fund-Direct Plan-IDCW;INF767K01EV2;INF767K01EX8;19.192;;;05-Jan-2026
151988;LIC MF Medium to Long Duration Fund-Direct Plan-Quarterly IDCW;INF397L01GA5;;19.1921;;;05-Jan-2026
151989;LIC MF Medium to Long Duration Fund-Regular Plan-Annual IDCW;INF397L01FX9;;16.073;;;05-Jan-2026
100315;LIC MF Medium to Long Duration Fund-Regular Plan-Growth;INF767K01923;;73.328;;;05-Jan-2026
100314;LIC MF Medium to Long Duration Fund-Regular Plan-IDCW;INF767K01907;INF767K01915;16.0732;;;05-Jan-2026
151986;LIC MF Medium to Long Duration Fund-Regular Plan-Quarterly IDCW;INF397L01FU5;;16.0731;;;05-Jan-2026

SBI Mutual Fund
119713;SBI Medium to Long Duration Fund - Direct Plan - Half Yearly - Income Distribution cum Capital Withdrawal Option (IDCW);INF200K01SP6;INF200K01SQ4;22.0176;;;05-Jan-2026
121940;SBI Medium to Long Duration Fund - Direct Plan - Quarterly Income Distribution cum Capital Withdrawal Option (IDCW);INF200K01YS8;INF200K01YT6;22.5408;;;05-Jan-2026
100638;SBI Medium to Long Duration Fund - Regular Plan - Half Yearly - Income Distribution cum Capital Withdrawal Option (IDCW);INF200K01610;INF200K01628;18.7451;;;05-Jan-2026
121944;SBI Medium to Long Duration Fund - Regular Plan - Quarterly Income Distribution cum Capital Withdrawal Option (IDCW);INF200K01YQ2;INF200K01YR0;20.1821;;;05-Jan-2026
119712;SBI Medium to Long Duration Fund-DIRECT PLAN - Bonus;INF200K01SO9;;47.0681;;;05-Jan-2026
119714;SBI Medium to Long Duration Fund-DIRECT PLAN -Growth;INF200K01SR2;;77.6023;;;05-Jan-2026
100640;SBI Medium to Long Duration Fund-REGULAR PLAN-Bonus;INF200K01602;;43.4231;;;05-Jan-2026
100639;SBI Medium to Long Duration Fund-REGULAR PLAN-Growth;INF200K01594;;71.6659;;;05-Jan-2026

Open Ended Schemes ( Debt Scheme - Long Duration Fund )


HDFC Mutual Fund
151314;HDFC Long Duration Debt Fund - Growth Option;INF179KC1EW1;;12.1927;;;05-Jan-2026
151313;HDFC Long Duration Debt Fund - Growth Option - Direct Plan;INF179KC1ET7;;12.3202;;;05-Jan-2026
151311;HDFC Long Duration Debt Fund - IDCW Option;INF179KC1EX9;INF179KC1EY7;10.565;;;05-Jan-2026
151312;HDFC Long Duration Debt Fund - IDCW Option - Direct Plan;INF179KC1EU5;INF179KC1EV3;10.3238;;;05-Jan-2026

Kotak Mahindra Mutual Fund
152491;Kotak Long Duration Fund - Direct Plan - Growth;INF174KA1RF5;;10.9505;;;05-Jan-2026
152492;Kotak Long Duration Fund - Direct Plan - IDCW;INF174KA1RG3;INF174KA1RH1;10.9508;;;05-Jan-2026
152489;Kotak Long Duration Fund - Regular Plan - Growth;INF174KA1RC2;;10.8933;;;05-Jan-2026
152490;Kotak Long Duration Fund - Regular Plan - IDCW;INF174KA1RD0;INF174KA1RE8;10.8935;;;05-Jan-2026

Mirae Asset Mutual Fund
153105;Mirae Asset Long Duration Fund - Direct Plan - Growth;INF769K01NC9;;10.3410;;;05-Jan-2026
153106;Mirae Asset Long Duration Fund - Direct Plan - IDCW;INF769K01ND7;INF769K01NF2;10.3365;;;05-Jan-2026
153107;Mirae Asset Long Duration Fund - Regular Plan - Growth;INF769K01MZ2;;10.2860;;;05-Jan-2026
153108;Mirae Asset Long Duration Fund - Regular Plan - IDCW;INF769K01NA3;INF769K01NB1;10.2859;;;05-Jan-2026

SBI Mutual Fund
151214;SBI Long Duration Fund - Direct Plan - Growth;INF200KA16T4;;12.5079;;;05-Jan-2026
151215;SBI Long Duration Fund - Direct Plan - Income Distribution cum Capital Withdrawal Option (IDCW);INF200KA17T2;INF200KA18T0;12.5083;;;05-Jan-2026
151212;SBI Long Duration Fund - Regular Plan - Growth;INF200KA13T1;;12.3492;;;05-Jan-2026
151213;SBI Long Duration Fund - Regular Plan - Income Distribution cum Capital Withdrawal Option (IDCW);INF200KA14T9;INF200KA15T6;12.3495;;;05-Jan-2026

Open Ended Schemes ( Debt Scheme - Dynamic Bond )


Groww Mutual Fund
145589;Groww Dynamic Bond Fund (formerly known as Indiabulls Dynamic Bond Fund) - Direct Plan - Growth option;INF666M01EK5;;1539.8705;;;05-Jan-2026
145590;Groww Dynamic Bond Fund (formerly known as Indiabulls Dynamic Bond Fund) - Regular Plan - Growth option;INF666M01ES8;;1469.4491;;;05-Jan-2026
145596;Groww Dynamic Bond Fund (formerly known as Indiabulls Dynamic Bond Fund)- Direct Plan- - Income Distribution cum capital withdrawal Option ( Reinvestment);;INF666M01EL3;1014.6713;;;05-Jan-2026
145595;Groww Dynamic Bond Fund (formerly known as Indiabulls Dynamic Bond Fund)- Direct Plan- Fortnightly - Income Distribution cum capital withdrawal Option (Payout & Reinvestment);INF666M01EO7;INF666M01EP4;1016.7886;;;05-Jan-2026
145591;Groww Dynamic Bond Fund (formerly known as Indiabulls Dynamic Bond Fund)- Direct Plan- Monthly - Income Distribution cum capital withdrawal Option (Payout & Reinvestment);INF666M01EQ2;INF666M01ER0;1008.3464;;;05-Jan-2026
145597;Groww Dynamic Bond Fund (formerly known as Indiabulls Dynamic Bond Fund)- Direct Plan- Weekly - Income Distribution cum capital withdrawal Option (Payout & Reinvestment);INF666M01EM1;INF666M01EN9;1013.6675;;;05-Jan-2026
145593;Groww Dynamic Bond Fund (formerly known as Indiabulls Dynamic Bond Fund)- Regular Plan- - Income Distribution cum capital withdrawal Option ( Reinvestment);;INF666M01ET6;1012.0944;;;05-Jan-2026
145598;Groww Dynamic Bond Fund (formerly known as Indiabulls Dynamic Bond Fund)- Regular Plan- Fortnightly - Income Distribution cum capital withdrawal Option (Payout & Reinvestment);INF666M01EW0;INF666M01EX8;1009.5196;;;05-Jan-2026
145592;Groww Dynamic Bond Fund (formerly known as Indiabulls Dynamic Bond Fund)- Regular Plan- Monthly - Income Distribution cum capital withdrawal Option (Payout & Reinvestment);INF666M01EY6;INF666M01EZ3;1003.8012;;;05-Jan-2026
145594;Groww Dynamic Bond Fund (formerly known as Indiabulls Dynamic Bond Fund)- Regular Plan- Weekly - Income Distribution cum capital withdrawal Option (Payout & Reinvestment);INF666M01EU4;INF666M01EV2;1009.289;;;05-Jan-2026

HDFC Mutual Fund
101872;HDFC Dynamic Debt Fund - Growth Option;INF179K01848;;90.1573;;;05-Jan-2026
119075;HDFC Dynamic Debt Fund - Growth Option - Direct Plan;INF179K01WB4;;99.8791;;;05-Jan-2026
119072;HDFC Dynamic Debt Fund - Half Yearly IDCW - Direct Plan;INF179K01WC2;INF179K01WD0;13.7048;;;05-Jan-2026
101874;HDFC Dynamic Debt Fund - Half Yearly IDCW Option;INF179K01855;INF179K01863;11.6875;;;05-Jan-2026
133369;HDFC Dynamic Debt Fund - Normal IDCW - Direct Plan;INF179KA1Q95;;21.0302;;;05-Jan-2026
133370;HDFC Dynamic Debt Fund - Normal IDCW Option;INF179KA1R11;;19.3151;;;05-Jan-2026
119073;HDFC Dynamic Debt Fund - Quarterly IDCW - Direct Plan;INF179K01WE8;INF179K01WF5;14.0556;;;05-Jan-2026
101873;HDFC Dynamic Debt Fund - Quarterly IDCW Option;INF179K01871;INF179K01889;12.5609;;;05-Jan-2026
119074;HDFC Dynamic Debt Fund - Yearly IDCW - Direct Plan;INF179K01WG3;INF179K01WH1;15.3721;;;05-Jan-2026
101875;HDFC Dynamic Debt Fund - Yearly IDCW Option;INF179K01921;INF179K01939;13.7747;;;05-Jan-2026

ITI Mutual Fund
149030;ITI Dynamic Bond Fund - Direct Plan - Annually IDCW Option;INF00XX01BK7;INF00XX01BG5;13.2066;;;05-Jan-2026
149029;ITI Dynamic Bond Fund - Direct Plan - Growth Option;INF00XX01BC4;;13.2068;;;05-Jan-2026
149028;ITI Dynamic Bond Fund - Direct Plan - Half Yearly IDCW Option;INF00XX01BJ9;INF00XX01BF7;10.9784;;;05-Jan-2026
149023;ITI Dynamic Bond Fund - Direct Plan - Monthly IDCWOption;INF00XX01BH3;INF00XX01BD2;10.1171;;;05-Jan-2026
149025;ITI Dynamic Bond Fund - Direct Plan - Quarterly IDCW Option;INF00XX01BI1;INF00XX01BE0;13.2338;;;05-Jan-2026
149027;ITI Dynamic Bond Fund - Regular Plan - Annually IDCWOption;INF00XX01BB6;INF00XX01AX2;12.5949;;;05-Jan-2026
149021;ITI Dynamic Bond Fund - Regular Plan - Growth Option;INF00XX01AT0;;12.5940;;;05-Jan-2026
149026;ITI Dynamic Bond Fund - Regular Plan - Half Yearly IDCW Option;INF00XX01BA8;INF00XX01AW4;12.5970;;;05-Jan-2026
149022;ITI Dynamic Bond Fund - Regular Plan - Monthly IDCW Option;INF00XX01AY0;INF00XX01AU8;9.9505;;;05-Jan-2026
149024;ITI Dynamic Bond Fund - Regular Plan - Quarterly IDCW Option;INF00XX01AZ7;INF00XX01AV6;12.5969;;;05-Jan-2026

JM Financial Mutual Fund
120432;JM Dynamic Bond Fund (Direct) - Daily IDCW;;INF192K01CZ8;10.0807;;;05-Jan-2026
120434;JM Dynamic Bond Fund (Direct) - IDCW;INF192K01DB7;INF192K01DC5;45.549;;;05-Jan-2026
133414;JM Dynamic Bond Fund (Direct) - Monthly IDCW;INF192K01IL5;INF192K01IM3;45.8992;;;05-Jan-2026
120433;JM Dynamic Bond Fund (Direct) - Weekly IDCW;;INF192K01DA9;10.5345;;;05-Jan-2026
105639;JM Dynamic Bond Fund (Regular) - Daily IDCW;;INF192K01668;10.0203;;;05-Jan-2026
101806;JM Dynamic Bond Fund (Regular) - Growth Option;INF192K01700;;42.3548;;;05-Jan-2026
101805;JM Dynamic Bond Fund (Regular) - IDCW;INF192K01684;INF192K01692;42.4877;;;05-Jan-2026
133390;JM Dynamic Bond Fund (Regular) - Monthly IDCW;INF192K01IJ9;INF192K01IK7;42.6892;;;05-Jan-2026
105637;JM Dynamic Bond Fund (Regular) - Weekly IDCW;;INF192K01676;10.5204;;;05-Jan-2026
120435;JM Dynamic Bond Fund - (Direct) - Growth Option;INF192K01DD3;;45.3055;;;05-Jan-2026

Kotak Mahindra Mutual Fund
119753;Kotak Dynamic Bond Fund - Direct Plan - Standard Income Distribution cum capital withdrawal option;INF174K01JX6;;14.6367;;;05-Jan-2026
119755;Kotak Dynamic Bond Fund - Growth - Direct;INF174K01JU2;;41.7053;;;05-Jan-2026
117998;Kotak Dynamic Bond Fund Regular Plan - Standard Income Distribution cum capital withdrawal option;INF174K01IY6;INF174K01IZ3;14.3486;;;05-Jan-2026
108511;Kotak Dynamic Bond Fund Regular Plan Growth;INF174K01FA2;;38.0857;;;05-Jan-2026

Mirae Asset Mutual Fund
140769;Mirae Asset Dynamic Bond Fund -Direct Plan -Growth;INF769K01DR8;;18.2500;;;05-Jan-2026
140770;Mirae Asset Dynamic Bond Fund Direct IDCW;INF769K01DS6;INF769K01DT4;18.2311;;;05-Jan-2026
140772;Mirae Asset Dynamic Bond Fund Regular IDCW;INF769K01DP2;INF769K01DQ0;16.6217;;;05-Jan-2026
140771;Mirae Asset Dynamic Bond Fund-Regular Plan Growth;INF769K01DO5;;16.6213;;;05-Jan-2026

PGIM India Mutual Fund
120084;PGIM India Dynamic Bond Fund - Direct Plan-Growth Option;INF663L01AD7;;3033.9388;;;05-Jan-2026
120086;PGIM India Dynamic Bond Fund - Direct Plan-Quarterly Dividend Option;INF663L01AI6;INF663L01AH8;1185.6425;;;05-Jan-2026
116484;PGIM India Dynamic Bond Fund - Dividend Option - Quarterly;INF663L01526;INF663L01534;1067.3563;;;05-Jan-2026
116485;PGIM India Dynamic Bond Fund - Growth Option;INF663L01484;;2653.9827;;;05-Jan-2026

Quantum Mutual Fund
134494;Quantum Dynamic Bond Fund - Direct Plan Growth Option;INF082J01176;;22.1310;;;05-Jan-2026
134493;Quantum Dynamic Bond Fund - Direct Plan Monthly IDCW;INF082J01184;INF082J01192;10.2921;;;05-Jan-2026
141061;Quantum Dynamic Bond Fund - Regular Plan Growth Option;INF082J01218;;21.7251;;;05-Jan-2026
141060;Quantum Dynamic Bond Fund - Regular Plan Monthly IDCW;INF082J01226;INF082J01234;10.3506;;;05-Jan-2026

SBI Mutual Fund
119671;SBI Dynamic Bond Fund - DIRECT PLAN - Growth;INF200K01RD4;;39.6886;;;05-Jan-2026
119670;SBI Dynamic Bond Fund - Direct Plan - Income Distribution cum Capital Withdrawal Option (IDCW);INF200K01RB8;INF200K01RC6;22.1685;;;05-Jan-2026
102205;SBI Dynamic Bond Fund - REGULAR PLAN - Growth;INF200K01958;;36.1325;;;05-Jan-2026
102206;SBI Dynamic Bond Fund - Regular Plan - Income Distribution cum Capital Withdrawal Option (IDCW);INF200K01966;INF200K01974;18.9427;;;05-Jan-2026

Union Mutual Fund
119311;Union Dynamic Bond Fund - Direct Plan - Growth Option;INF582M01799;;24.5860;;;05-Jan-2026
119310;Union Dynamic Bond Fund - Direct Plan - IDCW Option;INF582M01815;INF582M01807;16.4685;;;05-Jan-2026
116555;Union Dynamic Bond Fund - Growth Option;INF582M01336;;23.2432;;;05-Jan-2026
116556;Union Dynamic Bond Fund - IDCW Option;INF582M01351;INF582M01344;15.4963;;;05-Jan-2026

Open Ended Schemes ( Debt Scheme - Corporate Bond Fund )


HDFC Mutual Fund
113070;HDFC Corporate Bond Fund - Growth Option;INF179K01DC2;;33.3874;;;05-Jan-2026
118987;HDFC Corporate Bond Fund - Growth Option - Direct Plan;INF179K01XD8;;34.1611;;;05-Jan-2026
132848;HDFC Corporate Bond Fund - IDCW Option;INF179KA1D33;INF179KA1D25;20.2116;;;05-Jan-2026
132849;HDFC Corporate Bond Fund - IDCW Option - Direct Plan;INF179KA1D17;;20.9315;;;05-Jan-2026
113071;HDFC Corporate Bond Fund - Quarterly IDCW Option;INF179K01DD0;INF179K01DE8;10.5098;;;05-Jan-2026
118986;HDFC Corporate Bond Fund - Quarterly IDCW Option - Direct Plan;INF179K01XB2;INF179K01XC0;10.4129;;;05-Jan-2026

Kotak Mahindra Mutual Fund
133791;Kotak Corporate Bond Fund- Direct Plan- Growth Option;INF178L01BY0;;4064.7229;;;05-Jan-2026
133792;Kotak Corporate Bond Fund- Direct Plan- Monthly Payout of Income Distribution cum capital withdrawal option;INF178L01BZ7;;1074.3182;;;05-Jan-2026
133782;Kotak Corporate Bond Fund- Regular Plan-Growth Option;INF178L01BO1;;3886.2289;;;05-Jan-2026
133787;Kotak Corporate Bond Fund- Regular Plan-Monthly Dividend Option;INF178L01BQ6;INF178L01BP8;1265.9842;;;05-Jan-2026

Mirae Asset Mutual Fund
148755;Mirae Asset Corporate Bond Fund Direct Growth Plan;INF769K01HD9;;13.3850;;;05-Jan-2026
148756;Mirae Asset Corporate Bond Fund Direct IDCW;INF769K01HC1;INF769K01HE7;13.3818;;;05-Jan-2026
148757;Mirae Asset Corporate Bond Fund Regular Growth;INF769K01HA5;;13.1055;;;05-Jan-2026
148758;Mirae Asset Corporate Bond Fund Regular IDCW;INF769K01GZ4;INF769K01HB3;13.1055;;;05-Jan-2026

PGIM India Mutual Fund
138317;PGIM India Corporate Bond Fund - Annual Dividend;INF223J01CY6;INF223J01CZ3;10.7695;;;05-Jan-2026
138329;PGIM India Corporate Bond Fund - Direct Plan - Annual Dividend;INF223J01OM6;;16.6014;;;05-Jan-2026
138330;PGIM India Corporate Bond Fund - Direct Plan - Growth;INF223J01OO2;;49.5365;;;05-Jan-2026
138331;PGIM India Corporate Bond Fund - Direct Plan - Monthly Dividend;INF223J01OP9;;14.8728;;;05-Jan-2026
138332;PGIM India Corporate Bond Fund - Direct Plan - Quarterly Dividend;INF223J01OR5;INF223J01OS3;12.9928;;;05-Jan-2026
138318;PGIM India Corporate Bond Fund - Growth;INF223J01DB2;;44.2991;;;05-Jan-2026
138316;PGIM India Corporate Bond Fund - Monthly Dividend;INF223J01DC0;INF223J01DD8;12.7534;;;05-Jan-2026
138315;PGIM India Corporate Bond Fund - Quarterly Dividend;INF223J01DE6;INF223J01DF3;11.4362;;;05-Jan-2026

SBI Mutual Fund
146215;SBI Corporate Bond Fund - Direct Plan - Growth;INF200KA1YR4;;16.4704;;;05-Jan-2026
146212;SBI Corporate Bond Fund - Direct Plan - Monthly Income Distribution cum Capital Withdrawal Option (IDCW);INF200KA1YS2;INF200KA1YT0;15.5464;;;05-Jan-2026
146216;SBI Corporate Bond Fund - Direct Plan - Quarterly Income Distribution cum Capital Withdrawal Option (IDCW);INF200KA1YU8;INF200KA1YV6;16.0115;;;05-Jan-2026
146207;SBI Corporate Bond Fund - Regular Plan - Growth;INF200KA1YM5;;15.9535;;;05-Jan-2026
146208;SBI Corporate Bond Fund - Regular Plan - Monthly Income Distribution cum Capital Withdrawal Option (IDCW);INF200KA1YN3;INF200KA1YO1;15.0561;;;05-Jan-2026
146210;SBI Corporate Bond Fund - Regular Plan - Quarterly Income Distribution cum Capital Withdrawal Option (IDCW);INF200KA1YP8;INF200KA1YQ6;15.5006;;;05-Jan-2026

Sundaram Mutual Fund
119621;Sundaram Corporate Bond Fund Direct Plan - Growth;INF903J01NR4;;42.7385;;;05-Jan-2026
119630;Sundaram Corporate Bond Fund Direct Plan-Income Distribution cum Capital Withdrawal(IDCW);INF903J01NU8;INF903J01NV6;19.0783;;;05-Jan-2026
100786;Sundaram Corporate Bond Fund Regular Plan - Income Distribution cum Capital Withdrawal (IDCW );INF903J01HY2;INF903J01IC6;18.4591;;;05-Jan-2026
100789;Sundaram Corporate Bond Fund Regular Plan- Growth;INF903J01HW6;;41.2799;;;05-Jan-2026

Tata Mutual Fund
149361;Tata Corporate Bond Fund-Direct Plan-Growth;INF277KA1224;;12.9874;;;05-Jan-2026
149364;Tata Corporate Bond Fund-Direct Plan-IDCW Monthly Payout;INF277KA1240;;12.9874;;;05-Jan-2026
149357;Tata Corporate Bond Fund-Direct Plan-IDCW Monthly Reinvestment;;INF277KA1273;12.9874;;;05-Jan-2026
149355;Tata Corporate Bond Fund-Direct Plan-IDCW Periodic Payout;INF277KA1232;;12.9874;;;05-Jan-2026
149356;Tata Corporate Bond Fund-Direct Plan-IDCW Periodic Reinvestment;;INF277KA1265;12.9874;;;05-Jan-2026
149362;Tata Corporate Bond Fund-Direct Plan-IDCW Quarterly Payout;INF277KA1257;;12.9874;;;05-Jan-2026
149358;Tata Corporate Bond Fund-Direct Plan-IDCW Quarterly Reinvestment;;INF277KA1281;12.9874;;;05-Jan-2026
149351;Tata Corporate Bond Fund-Regular Plan-Growth;INF277KA1299;;12.6899;;;05-Jan-2026
149353;Tata Corporate Bond Fund-Regular Plan-IDCW Monthly Payout;INF277KA1315;;12.6899;;;05-Jan-2026
149363;Tata Corporate Bond Fund-Regular Plan-IDCW Monthly Reinvestment;;INF277KA1349;12.6899;;;05-Jan-2026
149360;Tata Corporate Bond Fund-Regular Plan-IDCW Periodic Payout;INF277KA1307;;12.6899;;;05-Jan-2026
149352;Tata Corporate Bond Fund-Regular Plan-IDCW Periodic Reinvestment;;INF277KA1331;12.6899;;;05-Jan-2026
149354;Tata Corporate Bond Fund-Regular Plan-IDCW Quarterly Payout;INF277KA1323;;12.6899;;;05-Jan-2026
149359;Tata Corporate Bond Fund-Regular Plan-IDCW Quarterly Reinvestment;;INF277KA1356;12.6899;;;05-Jan-2026

Trust Mutual Fund
151320;TRUSTMF CORPORATE BOND FUND-DIRECT PLAN-GROWTH;INF0GCD01560;;1234.3026;;;05-Jan-2026
151321;TRUSTMF CORPORATE BOND FUND-DIRECT PLAN-MONTHLY IDCW;INF0GCD01586;INF0GCD01578;1170.0685;;;05-Jan-2026
151322;TRUSTMF CORPORATE BOND FUND-REGULAR PLAN-GROWTH;INF0GCD01537;;1219.7535;;;05-Jan-2026
151319;TRUSTMF CORPORATE BOND FUND-REGULAR PLAN-MONTHLY IDCW;INF0GCD01552;INF0GCD01545;1153.696;;;05-Jan-2026

Union Mutual Fund
143241;Union Corporate Bond Fund - Direct Plan - Growth Option;INF582M01DU5;;16.0719;;;05-Jan-2026
143242;Union Corporate Bond Fund - Direct Plan - IDCW Option;INF582M01DW1;INF582M01DV3;16.0719;;;05-Jan-2026
143239;Union Corporate Bond Fund - Regular Plan - Growth Option;INF582M01DY7;;15.6914;;;05-Jan-2026
143240;Union Corporate Bond Fund - Regular Plan - IDCW Option;INF582M01EA5;INF582M01DZ4;15.6914;;;05-Jan-2026

Open Ended Schemes ( Debt Scheme - Credit Risk Fund )


HDFC Mutual Fund
128053;HDFC Credit Risk Debt Fund - Growth Option;INF179KA1GC0;;24.8622;;;05-Jan-2026
128051;HDFC Credit Risk Debt Fund - Growth Option - Direct Plan;INF179KA1FZ3;;26.9438;;;05-Jan-2026
133148;HDFC Credit Risk Debt Fund - IDCW Option;INF179KA1I87;INF179KA1I79;22.8939;;;05-Jan-2026
133147;HDFC Credit Risk Debt Fund - IDCW Option - Direct Plan;INF179KA1I61;INF179KA1I53;23.6191;;;05-Jan-2026
128050;HDFC Credit Risk Debt Fund - Quarterly IDCW - Direct Plan;INF179KA1GA4;INF179KA1GB2;10.7511;;;05-Jan-2026
128052;HDFC Credit Risk Debt Fund - Quarterly IDCW Option;INF179KA1GD8;INF179KA1GE6;10.403;;;05-Jan-2026

Kotak Mahindra Mutual Fund
119740;Kotak Credit Risk Fund - Direct Plan - Standard Income Distribution cum capital withdrawal option;INF174K01MG5;;25.9822;;;05-Jan-2026
117716;Kotak Credit Risk Fund - Growth;INF174K01DY7;;30.6074;;;05-Jan-2026
119741;Kotak Credit Risk Fund - Growth - Direct;INF174K01LZ7;;34.5924;;;05-Jan-2026
117715;Kotak Credit Risk Fund - Regular Plan - Standard Income Distribution cum capital withdrawal option;INF174K01EG2;INF174K01EF4;13.3108;;;05-Jan-2026

SBI Mutual Fund
119792;SBI Credit Risk Fund - Direct Plan - Daily Income Distribution cum Capital Withdrawal Option (IDCW);;INF200K01SS0;16.1928;;;05-Jan-2026
119793;SBI Credit Risk Fund - Direct Plan - Income Distribution cum Capital Withdrawal Option (IDCW);INF200K01ST8;INF200K01SU6;23.7476;;;05-Jan-2026
119798;SBI CREDIT RISK FUND - DIRECT PLAN -GROWTH;INF200K01SV4;;51.0308;;;05-Jan-2026
118211;SBI Credit Risk Fund - Regular Plan - Daily Income Distribution cum Capital Withdrawal Option (IDCW);;INF200K01QK1;15.5890;;;05-Jan-2026
102505;SBI CREDIT RISK FUND - REGULAR PLAN - GROWTH;INF200K01685;;47.1002;;;05-Jan-2026
102506;SBI Credit Risk Fund - Regular Plan - Income Distribution cum Capital Withdrawal Option (IDCW);INF200K01693;INF200K01701;21.2933;;;05-Jan-2026

Open Ended Schemes ( Debt Scheme - Banking and PSU Fund )


HDFC Mutual Fund
128628;HDFC Banking and PSU Debt Fund - Growth Option;INF179KA1JC4;;23.6434;;;05-Jan-2026
128629;HDFC Banking and PSU Debt Fund - Growth Option - Direct Plan;INF179KA1IZ7;;24.6676;;;05-Jan-2026
128627;HDFC Banking and PSU Debt Fund - IDCW Option;INF179KA1JD2;INF179KA1JE0;10.1392;;;05-Jan-2026
128626;HDFC Banking and PSU Debt Fund - IDCW Option - Direct Plan;INF179KA1JA8;INF179KA1JB6;10.0282;;;05-Jan-2026

ITI Mutual Fund
148534;ITI Banking & PSU Debt Fund - Direct Plan - Growth Option;INF00XX01861;;13.7452;;;05-Jan-2026
148536;ITI Banking & PSU Debt Fund - Direct Plan - IDCW Option;INF00XX01879;INF00XX01887;13.7472;;;05-Jan-2026
148535;ITI Banking & PSU Debt Fund - Regular Plan - Growth Option;INF00XX01838;;13.3568;;;05-Jan-2026
148533;ITI Banking & PSU Debt Fund - Regular Plan - IDCW Option;INF00XX01846;INF00XX01853;13.3580;;;05-Jan-2026

Kotak Mahindra Mutual Fund
123690;Kotak Banking and PSU Debt - Growth;INF174K01FO3;;67.3734;;;05-Jan-2026
123691;Kotak Banking and PSU Debt - Monthly Payout of Income Distribution cum capital withdrawal option;INF174K01FQ8;INF174K01FP0;12.6579;;;05-Jan-2026
123693;Kotak Banking and PSU Debt Direct - Growth;INF174K01KH7;;70.3244;;;05-Jan-2026
123692;Kotak Banking and PSU Debt Direct - Monthly Payout of Income Distribution cum capital withdrawal option;INF174K01KK1;INF174K01KL9;10.2676;;;05-Jan-2026

LIC Mutual Fund
120337;LIC MF Banking & PSU Fund-Direct Plan-Daily IDCW;INF767K01GJ2;INF767K01GM6;14.3052;;;05-Jan-2026
120338;LIC MF Banking & PSU Fund-Direct Plan-Growth;INF767K01GI4;;38.6294;;;05-Jan-2026
120339;LIC MF Banking & PSU Fund-Direct Plan-Monthly IDCW;INF767K01GK0;INF767K01GN4;14.5483;;;05-Jan-2026
120336;LIC MF Banking & PSU Fund-Direct Plan-Weekly IDCW;INF767K01GL8;INF767K01GO2;10.0494;;;05-Jan-2026
105822;LIC MF Banking & PSU Fund-Regular Plan-Daily IDCW;INF767K01519;INF767K01527;11.4622;;;05-Jan-2026
105823;LIC MF Banking & PSU Fund-Regular Plan-Growth;INF767K01535;;35.7259;;;05-Jan-2026
105856;LIC MF Banking & PSU Fund-Regular Plan-Monthly IDCW;INF767K01543;INF767K01550;13.3709;;;05-Jan-2026
105857;LIC MF Banking & PSU Fund-Regular Plan-Weekly IDCW;INF767K01568;INF767K01576;10.3812;;;05-Jan-2026

Mirae Asset Mutual Fund
148419;Mirae Asset Banking and PSU Fund - Direct Plan - Growth;INF769K01FY9;;13.6004;;;05-Jan-2026
148417;Mirae Asset Banking and PSU Fund - Direct Plan - IDCW;INF769K01FX1;INF769K01FZ6;13.5947;;;05-Jan-2026
148416;Mirae Asset Banking and PSU Fund - Regular Plan - Growth;INF769K01FV5;;13.2722;;;05-Jan-2026
148418;Mirae Asset Banking and PSU Fund - Regular plan - IDCW;INF769K01FU7;INF769K01FW3;13.2732;;;05-Jan-2026

SBI Mutual Fund
125502;SBI Banking & PSU Fund - Direct Plan - Daily Income Distribution cum Capital Withdrawal Option (IDCW);;INF200K01V16;1501.1267;;;05-Jan-2026
125503;SBI BANKING & PSU FUND - Direct Plan - Growth;INF200K01V08;;3407.9918;;;05-Jan-2026
125505;SBI Banking & PSU Fund - Direct Plan - Monthly Income Distribution cum Capital Withdrawal Option (IDCW);INF200K01V40;INF200K01V57;1310.0382;;;05-Jan-2026
125504;SBI Banking & PSU Fund - Direct Plan - Weekly Income Distribution cum Capital Withdrawal Option (IDCW);INF200K01V32;INF200K01V24;1497.7932;;;05-Jan-2026
125498;SBI BANKING & PSU FUND - Regular Paln - Growth;INF200K01U41;;3200.3762;;;05-Jan-2026
125499;SBI Banking & PSU Fund - Regular Plan - Daily Income Distribution cum Capital Withdrawal Option (IDCW);;INF200K01U58;1460.0995;;;05-Jan-2026
125501;SBI Banking & PSU Fund - Regular Plan - Monthly Income Distribution cum Capital Withdrawal Option (IDCW);INF200K01U82;INF200K01U90;1224.1650;;;05-Jan-2026
125500;SBI Banking & PSU Fund - Regular Plan - Weekly Income Distribution cum Capital Withdrawal Option (IDCW);INF200K01U74;INF200K01U66;1459.7527;;;05-Jan-2026

Sundaram Mutual Fund
119625;Sundaram Banking & PSU Fund (Formerly Known as Sundaram Banking and PSU Debt Fund) Direct Plan - Growth;INF903J01PA5;;44.9422;;;05-Jan-2026
119626;Sundaram Banking & PSU Fund (Formerly Known as Sundaram Banking and PSU Debt Fund) Direct Plan - Income Distribution cum Capital Withdrawal (IDCW);INF903J01PB3;INF903J01PE7;11.1884;;;05-Jan-2026
100784;Sundaram Banking & PSU Fund (Formerly Known as Sundaram Banking and PSU Debt Fund) Regular Plan - Growth;INF903J01IN3;;44.2802;;;05-Jan-2026
100793;Sundaram Banking & PSU Fund (Formerly Known as Sundaram Banking and PSU Debt Fund) Regular Plan - Income Distribution cum Capital Withdrawal (IDCW);INF903J01IO1;INF903J01IR4;11.2215;;;05-Jan-2026

Trust Mutual Fund
148656;TRUSTMF BANKING & PSU FUND - DIRECT GROWTH;INF0GCD01107;;1336.6767;;;05-Jan-2026
148655;TRUSTMF BANKING & PSU FUND - REGULAR GROWTH;INF0GCD01016;;1304.1248;;;05-Jan-2026
148672;TRUSTMF BANKING & PSU FUND DIRECT PLAN ANNUAL INCOME DISTRIBUTION CUM CAPITAL WITHDRAWAL OPTION;INF0GCD01180;INF0GCD01172;1172.4958;;;05-Jan-2026
148678;TRUSTMF BANKING & PSU FUND DIRECT PLAN DAILY INCOME DISTRIBUTION CUM CAPITAL WITHDRAWAL;;INF0GCD01115;1325.1163;;;05-Jan-2026
148681;TRUSTMF BANKING & PSU FUND DIRECT PLAN MONTHLY INCOME DISTRIBUTION CUM CAPITAL WITHDRAWAL OPTION;INF0GCD01149;INF0GCD01131;1154.4444;;;05-Jan-2026
148670;TRUSTMF BANKING & PSU FUND DIRECT PLAN QUARTERLY INCOME DISTRIBUTION CUM CAPITAL WITHDRAWAL;INF0GCD01164;INF0GCD01156;1170.3505;;;05-Jan-2026
148675;TRUSTMF BANKING & PSU FUND DIRECT PLAN WEEKLY INCOME DISTRIBUTION CUM CAPITAL WITHDRAWAL;;INF0GCD01123;1130.8007;;;05-Jan-2026
148669;TRUSTMF BANKING & PSU FUND REGULAR PLAN ANNUAL INCOME DISTRIBUTION CUM CAPITAL WITHDRAWAL;INF0GCD01099;INF0GCD01081;1141.7398;;;05-Jan-2026
148667;TRUSTMF BANKING & PSU FUND REGULAR PLAN DAILY INCOME DISTRIBUTION CUM CAPITAL WITHDRAWAL;;INF0GCD01024;1245.6279;;;05-Jan-2026
148674;TRUSTMF BANKING & PSU FUND REGULAR PLAN MONTHLY INCOME DISTRIBUTION CUM CAPITAL WITHDRAWAL;INF0GCD01057;INF0GCD01040;1132.4525;;;05-Jan-2026
148668;TRUSTMF BANKING & PSU FUND REGULAR PLAN QUARTERLY INCOME DISTRIBUTION CUM CAPITAL WITHDRAWAL;INF0GCD01073;INF0GCD01065;1141.3396;;;05-Jan-2026
148679;TRUSTMF BANKING & PSU FUND REGULAR PLAN WEEKLY INCOME DISTRIBUTION CUM CAPITAL WITHDRAWAL;;INF0GCD01032;1112.1377;;;05-Jan-2026

Open Ended Schemes ( Debt Scheme - Gilt Fund )


Groww Mutual Fund
153477;Groww Gilt Fund - Direct - Growth;INF666M01KK2;;9.9026;;;05-Jan-2026
153502;Groww Gilt Fund - Direct - IDCW;INF666M01KL0;INF666M01KM8;9.9015;;;05-Jan-2026
153503;Groww Gilt Fund - Regular - Growth;INF666M01KN6;;9.8374;;;05-Jan-2026
153504;Groww Gilt Fund - Regular - IDCW;INF666M01KO4;INF666M01KP1;9.8376;;;05-Jan-2026

HDFC Mutual Fund
119116;HDFC Gilt Fund - Growth Option - Direct Plan;INF179K01VS0;;58.8503;;;05-Jan-2026
101083;HDFC Gilt Fund - Growth Plan;INF179K01756;;55.7829;;;05-Jan-2026
119115;HDFC Gilt Fund - IDCW Option - Direct Plan;INF179K01VR2;INF179K01VT8;12.9445;;;05-Jan-2026
101084;HDFC Gilt Fund - IDCW Plan;INF179K01772;INF179K01764;12.1032;;;05-Jan-2026

Kotak Mahindra Mutual Fund
100281;Kotak Gilt-Investment  Provident Fund and Trust-Growth;INF174K01FL9;;97.3258;;;05-Jan-2026
119757;Kotak Gilt-Investment  Provident Fund and Trust-Growth - Direct;INF174K01KM7;;111.1572;;;05-Jan-2026
100280;Kotak Gilt-Investment  Provident Fund and Trust-Payout of Income Distribution cum capital withdrawal option;INF174K01FM7;;11.7238;;;05-Jan-2026
100265;Kotak Gilt-Investment Regular-Growth;INF174K01FI5;;95.1311;;;05-Jan-2026
119759;Kotak Gilt-Investment Regular-Growth - Direct;INF174K01KE4;;108.5271;;;05-Jan-2026
100264;Kotak Gilt-Investment Regular-Payout of Income Distribution cum capital withdrawal option;INF174K01FK1;INF174K01FJ3;18.5889;;;05-Jan-2026
119758;Kotak Gilt-Investment Regular-Payout of Income Distribution cum capital withdrawal option - Direct;INF174K01KF1;;23.8816;;;05-Jan-2026

LIC Mutual Fund
120282;LIC MF Gilt Fund-Direct Plan-Growth;INF767K01EZ3;;65.3013;;;05-Jan-2026
120283;LIC MF Gilt Fund-Direct Plan-IDCW;INF767K01EY6;INF767K01FA3;18.8134;;;05-Jan-2026
100319;LIC MF Gilt Fund-PF Plan-Growth;INF767K01733;;34.1;;;05-Jan-2026
100318;LIC MF Gilt Fund-PF Plan-IDCW;INF767K01717;INF767K01725;22.0662;;;05-Jan-2026
100317;LIC MF Gilt Fund-Regular Plan-Growth;INF767K01709;;59.0411;;;05-Jan-2026
100316;LIC MF Gilt Fund-Regular Plan-IDCW;INF767K01683;INF767K01691;17.0186;;;05-Jan-2026

PGIM India Mutual Fund
138472;PGIM India Gilt Fund - Direct Plan - Growth;INF223J01ND7;;32.7957;;;05-Jan-2026
138474;PGIM India Gilt Fund - Direct Plan - Quarterly Dividend;INF223J01NB1;;14.3748;;;05-Jan-2026
138470;PGIM India Gilt Fund - Growth;INF223J01AQ6;;30.177;;;05-Jan-2026
138467;PGIM India Gilt Fund - Quarterly Dividend;INF223J01AO1;INF223J01AP8;13.5126;;;05-Jan-2026

quant Mutual Fund
151228;quant Gilt Fund - Growth Option - Direct Plan;INF966L01BF7;;12.2063;;;05-Jan-2026
151230;quant Gilt Fund - Growth Option - Regular Plan;INF966L01BI1;;11.8678;;;05-Jan-2026
151229;quant Gilt Fund - IDCW Option - Direct Plan;INF966L01BG5;INF966L01BH3;12.2132;;;05-Jan-2026
151231;quant Gilt Fund - IDCW Option - Regular Plan;INF966L01BJ9;INF966L01BK7;11.876;;;05-Jan-2026

SBI Mutual Fund
101934;SBI GILT FUND -  GROWTH - PF (Fixed Period - 3 Yrs) Option;INF200K01AH1;;39.7216;;;05-Jan-2026
101932;SBI GILT FUND -  GROWTH - PF (Regular) Option;INF200K01AK5;;42.5232;;;05-Jan-2026
119707;SBI GILT FUND - DIRECT PLAN - GROWTH;INF200K01SH3;;70.3086;;;05-Jan-2026
119706;SBI Gilt Fund - Direct Plan - Income Distribution cum Capital Withdrawal Option (IDCW);INF200K01SF7;INF200K01SG5;22.4394;;;05-Jan-2026
101950;SBI Gilt Fund - Income Distribution cum Capital Withdrawal Option (IDCW) - PF (Fixed Period - 1 Yr);INF200K01AC2;INF200K01AD0;20.4595;;;05-Jan-2026
101951;SBI Gilt Fund - Income Distribution cum Capital Withdrawal Option (IDCW) - PF (Fixed Period - 2 Yrs);INF200K01AF5;INF200K01AG3;20.7042;;;05-Jan-2026
101952;SBI Gilt Fund - Income Distribution cum Capital Withdrawal Option (IDCW) - PF (Fixed Period - 3 Yrs);INF200K01AI9;INF200K01AJ7;20.0744;;;05-Jan-2026
101001;SBI GILT FUND - REGULAR PLAN - GROWTH;INF200K01982;;66.2231;;;05-Jan-2026
100999;SBI Gilt Fund - Regular Plan - Income Distribution cum Capital Withdrawal Option (IDCW);INF200K01990;INF200K01AA6;20.3634;;;05-Jan-2026

Tata Mutual Fund
119954;Tata Gilt Securities Fund - Direct Plan - Payout of IDCW Option;INF277K01OV1;INF277K01OW9;24.7941;;;05-Jan-2026
101049;Tata Gilt Securities Fund - Regular Plan - Payout of IDCW Option;INF277K01DN1;INF277K01535;21.6829;;;05-Jan-2026
101042;Tata Gilt Securities Fund -Regular Plan- Growth Option;INF277K01519;;78.2178;;;05-Jan-2026
119953;Tata Gilt Securities Fund- Direct Plan - Growth Option;INF277K01OX7;;88.0548;;;05-Jan-2026

Union Mutual Fund
150408;Union Gilt Fund - Direct Plan - Annual IDCW Option;INF582M01IA6;INF582M01IB4;12.3136;;;05-Jan-2026
150407;Union Gilt Fund - Direct Plan - Growth Option;INF582M01HW2;;12.3136;;;05-Jan-2026
150456;Union Gilt Fund - Direct Plan - Half-yearly IDCW Option;INF582M01HX0;INF582M01HY8;12.3136;;;05-Jan-2026
150406;Union Gilt Fund - Regular Plan - Annual IDCW Option;INF582M01IH1;INF582M01II9;12.1076;;;05-Jan-2026
150405;Union Gilt Fund - Regular Plan - Growth Option;INF582M01ID0;;12.1076;;;05-Jan-2026
150457;Union Gilt Fund - Regular Plan - Half-yearly IDCW Option;INF582M01IE8;INF582M01IF5;12.1076;;;05-Jan-2026

Open Ended Schemes ( Debt Scheme - Gilt Fund with 10 year constant duration )


SBI Mutual Fund
120137;SBI CONSTANT MATURITY 10 YEAR GILT FUND - DIRECT PLAN - GROWTH;INF200K01SK7;;67.3942;;;05-Jan-2026
120136;SBI Constant Maturity 10 Year Gilt Fund - Direct Plan - Income Distribution cum Capital Withdrawal Option (IDCW);INF200K01SI1;INF200K01SJ9;21.9223;;;05-Jan-2026
101002;SBI CONSTANT MATURITY 10 Year GILT FUND - REGULAR PLAN - GROWTH;INF200K01AN9;;64.7124;;;05-Jan-2026
101003;SBI Constant Maturity 10 Year Gilt Fund - Regular Plan - Income Distribution cum Capital Withdrawal Option (IDCW);INF200K01AO7;INF200K01AP4;21.0467;;;05-Jan-2026

Open Ended Schemes ( Debt Scheme - Floater Fund )


HDFC Mutual Fund
106838;HDFC Floating Rate Debt Fund - Daily IDCW Option;;INF179K01699;10.0791;;;05-Jan-2026
118959;HDFC Floating Rate Debt Fund - Direct Plan - Daily IDCW;;INF179KC1IU6;10.0794;;;05-Jan-2026
118961;HDFC Floating Rate Debt Fund - Direct Plan - Growth Option;INF179K01VQ4;;52.7128;;;05-Jan-2026
118960;HDFC Floating Rate Debt Fund - Direct Plan - Monthly IDCW;INF179K01VO9;INF179K01VP6;10.1477;;;05-Jan-2026
118962;HDFC Floating Rate Debt Fund - Direct Plan - Weekly IDCW;INF179KC1IW2;;10.0436;;;05-Jan-2026
106841;HDFC Floating Rate Debt Fund - Growth Option;INF179K01707;;51.6143;;;05-Jan-2026
106839;HDFC Floating Rate Debt Fund - Monthly IDCW Option;INF179K01715;INF179K01723;10.1472;;;05-Jan-2026
106840;HDFC Floating Rate Debt Fund - Weekly IDCW Option;INF179K01731;INF179KC1IV4;10.0431;;;05-Jan-2026

Kotak Mahindra Mutual Fund
147269;KOTAK FLOATING RATE FUND-DIRECT PLAN-GROWTH OPTION;INF174KA1EC0;;1604.4621;;;05-Jan-2026
147267;KOTAK FLOATING RATE FUND-DIRECT PLAN-Standard Reinvestment of Income Distribution cum capital withdrawal option;;INF174KA1EF3;1397.7362;;;05-Jan-2026
147266;KOTAK FLOATING RATE FUND-REGULAR PLAN-GROWTH OPTION;INF174KA1DY6;;1564.2568;;;05-Jan-2026
147265;KOTAK FLOATING RATE FUND-REGULAR PLAN-STANDARD Reinvestment of Income Distribution cum capital withdrawal option;;INF174KA1EB2;1394.0878;;;05-Jan-2026

SBI Mutual Fund
148550;SBI Floating Rate Debt Fund - Direct Plan - Growth;INF200KA1R64;;13.7786;;;05-Jan-2026
148551;SBI Floating Rate DEBT Fund - Direct Plan - Monthly Income Distribution cum Capital Withdrawal Option (IDCW);INF200KA1R72;INF200KA1R80;13.7777;;;05-Jan-2026
148549;SBI Floating Rate DEBT Fund - Direct Plan - Quarterly Income Distribution cum Capital Withdrawal Option (IDCW);INF200KA1R98;INF200KA1S06;13.7788;;;05-Jan-2026
148543;SBI Floating Rate Debt Fund - Regular Plan - Growth;INF200KA1R15;;13.6425;;;05-Jan-2026
148544;SBI Floating Rate DEBT Fund - Regular Plan - Monthly Income Distribution cum Capital Withdrawal Option (IDCW);INF200KA1R23;INF200KA1R31;13.6461;;;05-Jan-2026
148546;SBI Floating Rate DEBT Fund - Regular Plan - Quarterly Income Distribution cum Capital Withdrawal Option (IDCW);INF200KA1R49;INF200KA1R56;13.6436;;;05-Jan-2026

Tata Mutual Fund
149007;Tata Floating Rate Fund -Direct Plan-Growth;INF277KA1026;;13.4198;;;05-Jan-2026
149037;Tata Floating Rate Fund-Direct Plan-IDCW Monthly Dividend Reinvestment;;INF277KA1075;13.4198;;;05-Jan-2026
149000;Tata Floating Rate Fund-Direct Plan-IDCW Monthly Payout;INF277KA1042;;13.4198;;;05-Jan-2026
149033;Tata Floating Rate Fund-Direct Plan-IDCW Periodic Dividend Reinvestment;;INF277KA1067;13.4198;;;05-Jan-2026
149002;Tata Floating Rate Fund-Direct Plan-IDCW Periodic Payout;INF277KA1034;;13.4198;;;05-Jan-2026
149034;Tata Floating Rate Fund-Direct Plan-IDCW Quarterly Dividend Reinvestment;;INF277KA1083;13.4198;;;05-Jan-2026
149001;Tata Floating Rate Fund-Direct Plan-IDCW Quarterly Payout;INF277KA1059;;13.4198;;;05-Jan-2026
149003;Tata Floating Rate Fund-Regular Plan-Growth;INF277KA1091;;13.1594;;;05-Jan-2026
149035;Tata Floating Rate Fund-Regular Plan-IDCW Monthly Dividend Reinvestment;;INF277KA1141;13.1594;;;05-Jan-2026
149004;Tata Floating Rate Fund-Regular Plan-IDCW Monthly Payout;INF277KA1117;;13.1594;;;05-Jan-2026
149036;Tata Floating Rate Fund-Regular Plan-IDCW Periodic Dividend Reinvestment;;INF277KA1133;13.1594;;;05-Jan-2026
149006;Tata Floating Rate Fund-Regular Plan-IDCW Periodic Payout;INF277KA1109;;13.1594;;;05-Jan-2026
149038;Tata Floating Rate Fund-Regular Plan-IDCW Quarterly Dividend Reinvestment;;INF277KA1158;13.1594;;;05-Jan-2026
149005;Tata Floating Rate Fund-Regular Plan-IDCW Quarterly Payout;INF277KA1125;;13.1594;;;05-Jan-2026

Open Ended Schemes ( Hybrid Scheme - Conservative Hybrid Fund )


HDFC Mutual Fund
119118;HDFC Hybrid Debt Fund - Growth Option - Direct Plan;INF179K01XE6;;89.1561;;;05-Jan-2026
102147;HDFC Hybrid Debt Fund - Growth Plan;INF179K01AE4;;83.5702;;;05-Jan-2026
102148;HDFC Hybrid Debt Fund - IDCW Monthly;INF179K01AA2;INF179K01AB0;14.0347;;;05-Jan-2026
119119;HDFC Hybrid Debt Fund - IDCW Monthly - Direct Plan;INF179K01XF3;INF179K01XG1;15.7219;;;05-Jan-2026
102149;HDFC Hybrid Debt Fund - IDCW Quarterly;INF179K01AC8;INF179K01AD6;14.7322;;;05-Jan-2026
119120;HDFC Hybrid Debt Fund - IDCW Quarterly - Direct Plan;INF179K01XH9;INF179K01XI7;16.5118;;;05-Jan-2026

Kotak Mahindra Mutual Fund
114859;Kotak Debt Hybrid - Growth;INF174K01393;;59.6793;;;05-Jan-2026
120154;Kotak Debt Hybrid - Growth - Direct;INF174K01JZ1;;69.2946;;;05-Jan-2026
114858;Kotak Debt Hybrid - Monthly Payout of Income Distribution cum capital withdrawal option;INF174K01419;INF174K01401;12.7667;;;05-Jan-2026
120155;Kotak Debt Hybrid - Monthly Payout of Income Distribution cum capital withdrawal option - Direct;INF174K01KA2;INF174K01KB0;13.9928;;;05-Jan-2026

LIC Mutual Fund
120276;LIC MF Conservative Hybrid Fund-Direct Plan-Growth;INF767K01EO7;;93.2154;;;05-Jan-2026
120277;LIC MF Conservative Hybrid Fund-Direct Plan-Monthly IDCW;INF767K01EP4;INF767K01ES8;13.4888;;;05-Jan-2026
120274;LIC MF Conservative Hybrid Fund-Direct Plan-Quarterly IDCW;INF767K01EQ2;INF767K01ET6;18.6039;;;05-Jan-2026
120275;LIC MF Conservative Hybrid Fund-Direct Plan-Yearly IDCW;INF767K01ER0;INF767K01EU4;14.978;;;05-Jan-2026
101869;LIC MF Conservative Hybrid Fund-Regular Plan-Growth;INF767K01808;;83.6785;;;05-Jan-2026
101866;LIC MF Conservative Hybrid Fund-Regular Plan-Monthly IDCW;INF767K01816;INF767K01824;13.0647;;;05-Jan-2026
101867;LIC MF Conservative Hybrid Fund-Regular Plan-Quarterly IDCW;INF767K01832;INF767K01840;14.6986;;;05-Jan-2026
101868;LIC MF Conservative Hybrid Fund-Regular Plan-Yearly IDCW;INF767K01857;INF767K01865;12.5623;;;05-Jan-2026

PPFAS Mutual Fund
148958;Parag Parikh Conservative Hybrid Fund - Direct Plan - Growth;INF879O01175;;15.6264;;;05-Jan-2026
148961;Parag Parikh Conservative Hybrid Fund - Direct Plan - Monthly IDCW;INF879O01167;INF879O01159;11.1014;;;05-Jan-2026
148959;Parag Parikh Conservative Hybrid Fund - Regular Plan - Growth;INF879O01209;;15.4124;;;05-Jan-2026
148960;Parag Parikh Conservative Hybrid Fund - Regular Plan - Monthly IDCW;INF879O01191;INF879O01183;10.8491;;;05-Jan-2026

SBI Mutual Fund
119836;SBI Conservative Hybrid Fund  - Direct Plan - Quarterly Income Distribution cum Capital Withdrawal Option (IDCW);INF200K01TV2;INF200K01TW0;24.9424;;;05-Jan-2026
119837;SBI Conservative Hybrid Fund - Direct Plan - Annual Income Distribution cum Capital Withdrawal Option (IDCW);INF200K01TQ2;INF200K01TR0;32.5545;;;05-Jan-2026
119839;SBI Conservative Hybrid Fund - Direct Plan - Growth;INF200K01TS8;;81.6347;;;05-Jan-2026
119838;SBI Conservative Hybrid Fund - Direct Plan - Monthly Income Distribution cum Capital Withdrawal Option (IDCW);INF200K01TT6;INF200K01TU4;28.5307;;;05-Jan-2026
100929;SBI Conservative Hybrid Fund - Regular Plan - Annual Income Distribution cum Capital Withdrawal Option (IDCW);INF200K01909;INF200K01917;26.2978;;;05-Jan-2026
100968;SBI Conservative Hybrid Fund - Regular Plan - Growth;INF200K01859;;74.5535;;;05-Jan-2026
100927;SBI Conservative Hybrid Fund - Regular Plan - Monthly Income Distribution cum Capital Withdrawal Option (IDCW);INF200K01867;INF200K01875;21.8355;;;05-Jan-2026
100928;SBI Conservative Hybrid Fund - Regular Plan - Quarterly Income Distribution cum Capital Withdrawal Option (IDCW);INF200K01883;INF200K01891;21.5022;;;05-Jan-2026

Sundaram Mutual Fund
119635;Sundaram Conservative Hybrid Fund (Formerly Known as Sundaram Debt Oriented Hybrid Fund) Direct Plan - Growth;INF903J01OP6;;33.1324;;;05-Jan-2026
119637;Sundaram Conservative Hybrid Fund (Formerly Known as Sundaram Debt Oriented Hybrid Fund) Direct Plan -Income Distribution cum Capital Withdrawal (IDCW);INF903J01OR2;INF903J01OU6;20.8168;;;05-Jan-2026
112868;Sundaram Conservative Hybrid Fund (Formerly Known as Sundaram Debt Oriented Hybrid Fund) Regular Plan - Growth;INF903J01HB0;;29.9153;;;05-Jan-2026
112870;Sundaram Conservative Hybrid Fund (Formerly Known as Sundaram Debt Oriented Hybrid Fund) Regular Plan -Income Distribution cum Capital Withdrawal (IDCW);INF903J01HD6;INF903J01HG9;18.6814;;;05-Jan-2026

Open Ended Schemes ( Hybrid Scheme - Balanced Hybrid Fund )


WhiteOak Capital Mutual Fund
152132;WhiteOak Capital Balanced Hybrid Fund Direct Plan Growth;INF03VN01829;;13.763;;;05-Jan-2026
152133;WhiteOak Capital Balanced Hybrid Fund Regular Plan Growth;INF03VN01811;;13.318;;;05-Jan-2026

Open Ended Schemes ( Hybrid Scheme - Aggressive Hybrid Fund )


Groww Mutual Fund
145599;Groww Aggressive Hybrid Fund (formerly known as Indiabulls Equity Hybrid Fund) - Direct Plan - Growth option;INF666M01FA3;;24.0079;;;05-Jan-2026
145605;Groww Aggressive Hybrid Fund (formerly known as Indiabulls Equity Hybrid Fund) - Regular Plan - Growth option;INF666M01FJ4;;21.378;;;05-Jan-2026
145600;Groww Aggressive Hybrid Fund (formerly known as Indiabulls Equity Hybrid Fund)- Direct Plan- - Income Distribution cum capital withdrawal Option (Payout & Reinvestment);INF666M01FB1;INF666M01FC9;23.809;;;05-Jan-2026
145602;Groww Aggressive Hybrid Fund (formerly known as Indiabulls Equity Hybrid Fund)- Direct Plan- Half Yearly - Income Distribution cum capital withdrawal Option (Payout & Reinvestment);INF666M01FH8;INF666M01FI6;23.0901;;;05-Jan-2026
145606;Groww Aggressive Hybrid Fund (formerly known as Indiabulls Equity Hybrid Fund)- Direct Plan- Monthly - Income Distribution cum capital withdrawal Option (Payout & Reinvestment);INF666M01FD7;INF666M01FE5;23.7712;;;05-Jan-2026
145601;Groww Aggressive Hybrid Fund (formerly known as Indiabulls Equity Hybrid Fund)- Direct Plan- Quarterly - Income Distribution cum capital withdrawal Option (Payout & Reinvestment);INF666M01FF2;INF666M01FG0;23.5267;;;05-Jan-2026
145603;Groww Aggressive Hybrid Fund (formerly known as Indiabulls Equity Hybrid Fund)- Regular Plan- - Income Distribution cum capital withdrawal Option (Payout & Reinvestment);INF666M01FK2;INF666M01FL0;21.3749;;;05-Jan-2026
145608;Groww Aggressive Hybrid Fund (formerly known as Indiabulls Equity Hybrid Fund)- Regular Plan- Half Yearly - Income Distribution cum capital withdrawal Option (Payout & Reinvestment);INF666M01FQ9;INF666M01FR7;21.3277;;;05-Jan-2026
145604;Groww Aggressive Hybrid Fund (formerly known as Indiabulls Equity Hybrid Fund)- Regular Plan- Monthly - Income Distribution cum capital withdrawal Option (Payout & Reinvestment.;INF666M01FM8;INF666M01FN6;21.3761;;;05-Jan-2026
145607;Groww Aggressive Hybrid Fund (formerly known as Indiabulls Equity Hybrid Fund)- Regular Plan- Quarterly - Income Distribution cum capital withdrawal Option (Payout & Reinvestment);INF666M01FO4;INF666M01FP1;22.6593;;;05-Jan-2026

HDFC Mutual Fund
119062;HDFC Hybrid Equity Fund - Growth Option - Direct Plan;INF179K01XZ1;;131.539;;;05-Jan-2026
102948;HDFC Hybrid Equity Fund - Growth Plan;INF179K01AS4;;120.965;;;05-Jan-2026
119061;HDFC Hybrid Equity Fund - IDCW Option - Direct Plan;INF179K01XX6;INF179K01XY4;19.235;;;05-Jan-2026
102947;HDFC Hybrid Equity Fund - IDCW Plan;INF179K01AQ8;INF179K01AR6;16.648;;;05-Jan-2026

JM Financial Mutual Fund
130904;JM Aggressive Hybrid Fund (Direct) - Annual Bonus Option;INF192K01HB8;;138.8159;;;05-Jan-2026
131477;JM Aggressive Hybrid Fund (Direct) - Annual IDCW;INF192K01HJ1;INF192K01HK9;46.7622;;;05-Jan-2026
120484;JM Aggressive Hybrid Fund (Direct) - Growth Option;INF192K01BQ9;;138.5897;;;05-Jan-2026
133402;JM Aggressive Hybrid Fund (Direct) - Half Yearly IDCW;INF192K01HH5;INF192K01HI3;99.7245;;;05-Jan-2026
120483;JM Aggressive Hybrid Fund (Direct) - IDCW;INF192K01BO4;INF192K01BP1;76.4075;;;05-Jan-2026
133412;JM Aggressive Hybrid Fund (Direct) - Monthly IDCW;INF192K01HN3;INF192K01HO1;99.6953;;;05-Jan-2026
133406;JM Aggressive Hybrid Fund (Direct) - Quarterly IDCW;INF192K01HR4;INF192K01HS2;35.0651;;;05-Jan-2026
131476;JM Aggressive Hybrid Fund (Regular) - Annual IDCW;INF192K01HF9;INF192K01HG7;33.4352;;;05-Jan-2026
133408;JM Aggressive Hybrid Fund (Regular) - Half Yearly IDCW;INF192K01HD4;INF192K01HE2;87.8769;;;05-Jan-2026
100220;JM Aggressive Hybrid Fund (Regular) - IDCW;INF192K01528;INF192K01536;33.6744;;;05-Jan-2026
133404;JM Aggressive Hybrid Fund (Regular) - Monthly IDCW;INF192K01HL7;INF192K01HM5;87.1782;;;05-Jan-2026
133405;JM Aggressive Hybrid Fund (Regular) - Quarterly IDCW;INF192K01HP8;INF192K01HQ6;31.1158;;;05-Jan-2026
100221;JM Aggressive Hybrid Fund (Regular) -Growth Option;INF192K01544;;120.3987;;;05-Jan-2026

Kotak Mahindra Mutual Fund
119767;Kotak Aggressive Hybrid Fund - Direct Plan - IDCW - Payout & Reinvestment of Income Distribution cum  capital withdrawal option;INF174K01LL7;INF174K01LM5;46.285;;;05-Jan-2026
133035;Kotak Aggressive Hybrid Fund - Direct Plan -Growth;INF174K01F00;;75.504;;;05-Jan-2026
100286;Kotak Aggressive Hybrid Fund - Regular Plan - IDCW - Payout & Reinvestment of Income Distribution cum capital withdrawal option;INF174K01450;INF174K01443;37.558;;;05-Jan-2026
133036;Kotak Aggressive Hybrid Fund - Regular Plan -Growth;INF174K01E92;;63.909;;;05-Jan-2026

LIC Mutual Fund
120261;LIC MF Aggressive Hybrid Fund-Direct Plan-Growth;INF767K01ED0;;231.2752;;;05-Jan-2026
120260;LIC MF Aggressive Hybrid Fund-Direct Plan-IDCW;INF767K01EC2;INF767K01EE8;22.5246;;;05-Jan-2026
100323;LIC MF Aggressive Hybrid Fund-Regular Plan-Growth;INF767K01030;;202.689;;;05-Jan-2026
100321;LIC MF Aggressive Hybrid Fund-Regular Plan-IDCW;INF767K01022;INF767K01014;16.0959;;;05-Jan-2026

Mirae Asset Mutual Fund
134813;Mirae Asset Aggressive Hybrid Fund - Direct Plan - Growth;INF769K01DH9;;39.588;;;05-Jan-2026
134814;Mirae Asset Aggressive Hybrid Fund - Direct Plan - IDCW;INF769K01DI7;INF769K01DJ5;21.899;;;05-Jan-2026
134815;Mirae Asset Aggressive Hybrid Fund - Regular Plan - Growth;INF769K01DE6;;33.723;;;05-Jan-2026
134816;Mirae Asset Aggressive Hybrid Fund - Regular Plan - IDCW;INF769K01DF3;INF769K01DG1;17.804;;;05-Jan-2026

Navi Mutual Fund
143163;Navi Aggressive Hybrid Fund - Direct Plan - Growth;INF959L01CX3;;24.504;;;05-Jan-2026
143195;Navi Aggressive Hybrid Fund - Direct Plan Annual IDCW;INF959L01DG6;INF959L01DH4;24.3996;;;05-Jan-2026
143186;Navi Aggressive Hybrid Fund - Direct Plan Half Yearly IDCW;INF959L01DE1;INF959L01DF8;24.3963;;;05-Jan-2026
143192;Navi Aggressive Hybrid Fund - Direct Plan Monthly IDCW;INF959L01DA9;INF959L01DB7;24.3947;;;05-Jan-2026
143167;Navi Aggressive Hybrid Fund - Direct Plan Normal IDCW;INF959L01CY1;INF959L01CZ8;24.3961;;;05-Jan-2026
143185;Navi Aggressive Hybrid Fund - Direct Plan Quarterly IDCW;INF959L01DC5;INF959L01DD3;24.3951;;;05-Jan-2026
143162;Navi Aggressive Hybrid Fund - Regular Plan - Growth;INF959L01DI2;;21.3415;;;05-Jan-2026
143198;Navi Aggressive Hybrid Fund - Regular Plan Annual IDCW;INF959L01DR3;INF959L01DS1;21.3389;;;05-Jan-2026
143189;Navi Aggressive Hybrid Fund - Regular Plan Half Yearly IDCW;INF959L01DP7;INF959L01DQ5;21.3548;;;05-Jan-2026
143197;Navi Aggressive Hybrid Fund - Regular Plan Monthly IDCW;INF959L01DL6;INF959L01DM4;21.3409;;;05-Jan-2026
143166;Navi Aggressive Hybrid Fund - Regular Plan Normal IDCW;INF959L01DJ0;INF959L01DK8;21.3427;;;05-Jan-2026
143199;Navi Aggressive Hybrid Fund - Regular Plan Quarterly IDCW;INF959L01DN2;INF959L01DO0;21.3416;;;05-Jan-2026

quant Mutual Fund
101070;quant Aggressive Hybrid Fund - Growth Option - Regular Plan;INF966L01267;;438.7285;;;05-Jan-2026
120819;quant Aggressive Hybrid Fund-Growth Option-Direct Plan;INF966L01556;;480.7686;;;05-Jan-2026
101069;quant Aggressive Hybrid Fund-IDCW Option - Regular Plan;INF966L01242;INF966L01259;60.5129;;;05-Jan-2026
120818;quant Aggressive Hybrid Fund-IDCW Option-Direct Plan;INF966L01531;INF966L01549;66.5891;;;05-Jan-2026

SBI Mutual Fund
119609;SBI EQUITY HYBRID FUND - DIRECT PLAN - Growth;INF200K01RY0;;346.5761;;;05-Jan-2026
119604;SBI Equity Hybrid Fund - Direct Plan - Income Distribution cum Capital Withdrawal Option (IDCW);INF200K01RW4;INF200K01RX2;101.4151;;;05-Jan-2026
101551;SBI Equity Hybrid Fund - Regular Plan - Income Distribution cum Capital Withdrawal Option (IDCW);INF200K01115;INF200K01123;66.2814;;;05-Jan-2026
102885;SBI EQUITY HYBRID FUND - REGULAR PLAN -Growth;INF200K01107;;312.7870;;;05-Jan-2026

Shriram Mutual Fund
125711;Shriram Aggressive Hybrid Fund- Direct Growth;INF680P01042;;37.6235;;;05-Jan-2026
125712;Shriram Aggressive Hybrid Fund- Direct- IDCW;INF680P01059;INF680P01067;29.6771;;;05-Jan-2026
125713;Shriram Aggressive Hybrid Fund- Regular Growth;INF680P01018;;32.623;;;05-Jan-2026
125714;Shriram Aggressive Hybrid Fund- Regular-IDCW;INF680P01026;INF680P01034;26.0843;;;05-Jan-2026

Sundaram Mutual Fund
149601;Sundaram Aggressive Hybrid Fund (Formerly Known as Principal Hybrid Equity Fund)- Direct Plan - Growth Option;INF173K01FE6;;191.3764;;;05-Jan-2026
149600;Sundaram Aggressive Hybrid Fund (Formerly Known as Principal Hybrid Equity Fund)- Monthly Income Distribution CUM Capital Withdrawal;INF173K01CI4;INF173K01CJ2;27.4476;;;05-Jan-2026
149599;Sundaram Aggressive Hybrid Fund (Formerly Known as Principal Hybrid Equity Fund)-Growth;INF173K01CL8;;166.1070;;;05-Jan-2026
149602;Sundaram Aggressive Hybrid Fund(Formerly Known as Principal Hybrid Equity Fund)-Direct Plan - Monthly Income Distribution CUM Capital Withdrawal Option;INF173K01FB2;INF173K01FC0;42.6357;;;05-Jan-2026

Tata Mutual Fund
119053;Tata Aggressive Hybrid Fund -Direct Plan- Growth Option;INF277K01MN2;;512.7867;;;05-Jan-2026
119057;Tata Aggressive Hybrid Fund- Direct Plan - Monthly Payout of IDCW Option;INF277K01MO0;INF277K01MP7;106.5601;;;05-Jan-2026
119058;Tata Aggressive Hybrid Fund- Direct Plan - Periodic Payout of IDCW Option;INF277K01ML6;INF277K01MM4;112.3668;;;05-Jan-2026
100414;Tata Aggressive Hybrid Fund- Regular Plan - Growth Option;INF277K01303;;454.7400;;;05-Jan-2026
113134;Tata Aggressive Hybrid Fund- Regular Plan - Monthly Payout of IDCW Option;INF277K01CS2;INF277K01CW4;89.3901;;;05-Jan-2026
101222;Tata Aggressive Hybrid Fund- Regular Plan - Periodic Payout of IDCW Option;INF277K01DB6;INF277K01295;92.6776;;;05-Jan-2026

Union Mutual Fund
148592;Union Aggressive Hybrid Fund - Direct Plan - Growth Option;INF582M01GY0;;19.68;;;05-Jan-2026
148593;Union Aggressive Hybrid Fund - Direct Plan - IDCW Option;INF582M01HA8;INF582M01GZ7;19.07;;;05-Jan-2026
148591;Union Aggressive Hybrid Fund - Regular Plan - Growth Option;INF582M01HC4;;18.57;;;05-Jan-2026
148590;Union Aggressive Hybrid Fund - Regular Plan - IDCW Option;INF582M01HE0;INF582M01HD2;17.96;;;05-Jan-2026

Open Ended Schemes ( Hybrid Scheme - Dynamic Asset Allocation or Balanced Advantage )


HDFC Mutual Fund
100119;HDFC Balanced Advantage Fund - Growth Plan;INF179K01830;;537.825;;;05-Jan-2026
118968;HDFC Balanced Advantage Fund - Growth Plan - Direct Plan;INF179K01WA6;;582.914;;;05-Jan-2026
100120;HDFC Balanced Advantage Fund - IDCW Plan;INF179K01814;INF179K01822;39.118;;;05-Jan-2026
118969;HDFC Balanced Advantage Fund - IDCW Plan - Direct Plan;INF179K01VY8;INF179K01VZ5;46.053;;;05-Jan-2026

Helios Mutual Fund
152509;Helios Balanced Advantage Fund- Direct Plan- Growth Option;INF0R8701145;;12.13;;;05-Jan-2026
152511;Helios Balanced Advantage Fund- Direct Plan-IDCW Option;INF0R8701152;INF0R8701160;12.13;;;05-Jan-2026
152512;Helios Balanced Advantage Fund- Regular Plan- Growth Option;INF0R8701111;;11.79;;;05-Jan-2026
152510;Helios Balanced Advantage Fund- Regular Plan-IDCW Option;INF0R8701129;INF0R8701137;11.79;;;05-Jan-2026

ITI Mutual Fund
147789;ITI Balanced Advantage Fund - Direct Plan - Growth Option;INF00XX01689;;16.7332;;;05-Jan-2026
147788;ITI Balanced Advantage Fund - Direct Plan - IDCW Option;INF00XX01697;INF00XX01705;14.4966;;;05-Jan-2026
147787;ITI Balanced Advantage Fund - Regular Plan - Growth Option;INF00XX01655;;14.8751;;;05-Jan-2026
147786;ITI Balanced Advantage Fund - Regular Plan - IDCW Option;INF00XX01663;INF00XX01671;12.6841;;;05-Jan-2026

Kotak Mahindra Mutual Fund
144335;Kotak Balanced Advantage Fund  - Direct Plan -Growth Option;INF174KA1210;;23.073;;;05-Jan-2026
144336;Kotak Balanced Advantage Fund - Regular Plan - Payout of Income Distribution cum capital withdrawal option Option;INF174KA1160;INF174KA1178;21.159;;;05-Jan-2026
144334;Kotak Balanced Advantage Fund -Direct Plan  -Payout of Income Distribution cum capital withdrawal option;INF174KA1194;INF174KA1202;23.073;;;05-Jan-2026
144333;Kotak Balanced Advantage Fund -Regular Plan - Growth Option;INF174KA1186;;21.159;;;05-Jan-2026

LIC Mutual Fund
149261;LIC MF Balanced Advantage Fund-Direct Plan-Growth;INF767K01QY0;;14.7304;;;05-Jan-2026
149260;LIC MF Balanced Advantage Fund-Direct Plan-IDCW;INF767K01QZ7;INF767K01RA8;13.1787;;;05-Jan-2026
149259;LIC MF Balanced Advantage Fund-Regular Plan-Growth;INF767K01QV6;;13.7452;;;05-Jan-2026
149258;LIC MF Balanced Advantage Fund-Regular Plan-IDCW;INF767K01QW4;INF767K01QX2;12.4584;;;05-Jan-2026

Mirae Asset Mutual Fund
150470;Mirae Asset Balanced Advantage Fund Direct Plan- Growth;INF769K01IN6;;15.339;;;05-Jan-2026
150471;Mirae Asset Balanced Advantage Fund Direct Plan- IDCW;INF769K01IM8;INF769K01IO4;15.328;;;05-Jan-2026
150474;Mirae Asset Balanced Advantage Fund Regular Plan IDCW;INF769K01IJ4;INF769K01IL0;14.621;;;05-Jan-2026
150473;Mirae Asset Balanced Advantage Fund Regular Plan- Growth;INF769K01IK2;;14.624;;;05-Jan-2026

Motilal Oswal Mutual Fund
139872;Motilal Oswal Balanced Advantage Fund  (MOFDYNAMIC) - Direct Plan - Growth Option;INF247L01635;;21.5787;;;05-Jan-2026
139863;Motilal Oswal Balanced Advantage Fund (MOFDYNAMIC) - Regular Plan - Annual Dividend Payout Option;INF247L01601;INF247L01627;13.8322;;;05-Jan-2026
139870;Motilal Oswal Balanced Advantage Fund (MOFDYNAMIC) - Regular Plan - Growth Option;INF247L01585;;19.2913;;;05-Jan-2026
139866;Motilal Oswal Balanced Advantage Fund Direct - Annual IDCW Payout/Reinvestment;INF247L01650;INF247L01676;14.6853;;;05-Jan-2026
139865;Motilal Oswal Balanced Advantage Fund Direct - Quarterly IDCW Payout/Reinvestment;INF247L01643;INF247L01668;12.6239;;;05-Jan-2026
139871;Motilal Oswal Balanced Advantage Fund Regular - Quarterly IDCW Payout/Reinvestment;INF247L01593;INF247L01619;11.7336;;;05-Jan-2026

PGIM India Mutual Fund
148658;PGIM India Balanced Advantage Fund -  Direct Plan - Growth Option;INF663L01V49;;16.98;;;05-Jan-2026
148659;PGIM India Balanced Advantage Fund - Direct Plan - Dividend Option;INF663L01V56;INF663L01V64;12.23;;;05-Jan-2026
148660;PGIM India Balanced Advantage Fund - Regular Plan - Dividend Option;INF663L01V80;INF663L01V98;11.8;;;05-Jan-2026
148657;PGIM India Balanced Advantage Fund - Regular Plan - Growth Option;INF663L01V72;;15.58;;;05-Jan-2026

PPFAS Mutual Fund
152469;Parag Parikh Dynamic Asset Allocation Fund - Direct Plan - Monthly IDCW Reinvestment;;INF879O01282;10.5700;;;05-Jan-2026
152468;Parag Parikh Dynamic Asset Allocation Fund - Direct Plan Growth;INF879O01266;;11.5460;;;05-Jan-2026
152467;Parag Parikh Dynamic Asset Allocation Fund - Regular Plan - Monthly IDCW Reinvestment;;INF879O01258;10.3645;;;05-Jan-2026
152464;Parag Parikh Dynamic Asset Allocation Fund - Regular Plan Growth;INF879O01233;;11.4812;;;05-Jan-2026

quant Mutual Fund
151713;quant Dynamic Asset Allocation Fund - Growth Option - Direct Plan;INF966L01BL5;;17.2745;;;05-Jan-2026
151714;quant Dynamic Asset Allocation Fund - Growth Option - Regular Plan;INF966L01BO9;;16.572;;;05-Jan-2026
151712;quant Dynamic Asset Allocation Fund - IDCW Option - Direct Plan;INF966L01BM3;INF966L01BN1;17.2691;;;05-Jan-2026
151715;quant Dynamic Asset Allocation Fund - IDCW Option - Regular Plan;INF966L01BP6;INF966L01BQ4;16.5735;;;05-Jan-2026

SBI Mutual Fund
149134;SBI Balanced Advantage Fund - Direct Plan - Growth;INF200KA1Y73;;16.8731;;;05-Jan-2026
149135;SBI Balanced Advantage Fund - Direct Plan - Income Distribution cum Capital Withdrawal Option (IDCW);INF200KA1Y81;INF200KA1Y99;16.8735;;;05-Jan-2026
149132;SBI Balanced Advantage Fund - Regular Plan - Growth;INF200KA1Y40;;16.1773;;;05-Jan-2026
149133;SBI Balanced Advantage Fund - Regular Plan - Income Distribution cum Capital Withdrawal Option (IDCW);INF200KA1Y57;INF200KA1Y65;16.1775;;;05-Jan-2026

Shriram Mutual Fund
147406;Shriram Balanced Advantage Fund - Direct Growth;INF680P01208;;19.4998;;;05-Jan-2026
147403;Shriram Balanced Advantage Fund - Direct- IDCW;INF680P01216;INF680P01224;19.3469;;;05-Jan-2026
147405;Shriram Balanced Advantage Fund - Regular Growth;INF680P01174;;17.2777;;;05-Jan-2026
147404;Shriram Balanced Advantage Fund - Regular-IDCW;INF680P01182;INF680P01190;17.3004;;;05-Jan-2026

Sundaram Mutual Fund
149717;Sundaram Balanced Advantage Fund ( Formerly Known as Principal Balanced Advantage Fund) - Direct Plan - Growth Option;INF173K01FI7;;42.7162;;;05-Jan-2026
149718;Sundaram Balanced Advantage Fund (Formerly Known as Principal Balanced Advantage Fund) - Direct Plan - Monthly Income Distribution CUM Capital Withdrawal Option;INF173K01FF3;INF173K01FG1;19.0447;;;05-Jan-2026
149715;Sundaram Balanced Advantage Fund (Formerly Known as Principal Balanced Advantage Fund) - Growth Option;INF173K01585;;36.1653;;;05-Jan-2026
149716;Sundaram Balanced Advantage Fund (Formerly Known as Principal Balanced Advantage Fund) - Monthly Income Distribution CUM Capital Withdrawal Option;INF173K01551;INF173K01569;15.4681;;;05-Jan-2026

Tata Mutual Fund
146006;TATA Balanced Advantage Fund Direct Plan - Payout of Income Distribution cum capital withdrawal option ;INF277K014S6;;23.5912;;;05-Jan-2026
146008;TATA Balanced Advantage Fund Direct Plan - Reinvestment of Income Distribution cum capital withdrawal option ;;INF277K015S3;23.5912;;;05-Jan-2026
146005;TATA Balanced Advantage Fund Regular Plan - Payout of Income Distribution cum capital withdrawal option ;INF277K011S2;;21.1738;;;05-Jan-2026
146009;TATA Balanced Advantage Fund Regular Plan - Reinvestment of Income Distribution cum capital withdrawal option;;INF277K012S0;21.1738;;;05-Jan-2026
146010;Tata Balanced Advantage Fund-Direct Plan-Growth;INF277K013S8;;23.5912;;;05-Jan-2026
146007;Tata Balanced Advantage Fund-Regular Plan-Growth;INF277K010S4;;21.1738;;;05-Jan-2026

Union Mutual Fund
142038;Union Balanced Advantage Fund - Direct Plan - Growth Option;INF582M01DE9;;22.55;;;05-Jan-2026
142037;Union Balanced Advantage Fund - Direct Plan - IDCW Option;INF582M01DG4;INF582M01DF6;21.86;;;05-Jan-2026
142035;Union Balanced Advantage Fund - Regular Plan - Growth Option;INF582M01DI0;;20.81;;;05-Jan-2026
142036;Union Balanced Advantage Fund - Regular Plan - IDCW Option;INF582M01DK6;INF582M01DJ8;20.12;;;05-Jan-2026

WhiteOak Capital Mutual Fund
151267;WhiteOak Capital Balanced Advantage Fund Direct Plan Growth;INF03VN01738;;15.452;;;05-Jan-2026
151268;WhiteOak Capital Balanced Advantage Fund Regular Plan Growth;INF03VN01720;;14.753;;;05-Jan-2026

Open Ended Schemes ( Hybrid Scheme - Multi Asset Allocation )


Groww Mutual Fund
153821;Groww Multi Asset Allocation Fund Direct Growth;INF666M01MA9;;10.492;;;05-Jan-2026
153852;Groww Multi Asset Allocation Fund Direct IDCW;INF666M01MB7;INF666M01MC5;10.4892;;;05-Jan-2026
153851;Groww Multi Asset Allocation Fund Regular Growth;INF666M01MD3;;10.4405;;;05-Jan-2026
153850;Groww Multi Asset Allocation Fund Regular IDCW;INF666M01ME1;INF666M01MF8;10.4406;;;05-Jan-2026

HDFC Mutual Fund
103131;HDFC Multi-Asset Fund - Growth Option;INF179K01AP0;;76.088;;;05-Jan-2026
119131;HDFC Multi-Asset Fund - Growth Option - Direct Plan;INF179K01XW8;;85.335;;;05-Jan-2026
103130;HDFC Multi-Asset Fund - IDCW Option;INF179K01AN5;INF179K01AO3;18.308;;;05-Jan-2026
119130;HDFC Multi-Asset Fund - IDCW Option - Direct Plan;INF179K01XU2;INF179K01XV0;22.738;;;05-Jan-2026

Kotak Mahindra Mutual Fund
152064;Kotak Multi Asset Allocation Fund - Direct Plan - Growth Option;INF174KA1PD4;;16.279;;;05-Jan-2026
152063;Kotak Multi Asset Allocation Fund - Direct Plan - IDCW Option;INF174KA1PE2;INF174KA1PF9;15.959;;;05-Jan-2026
152065;Kotak Multi Asset Allocation Fund - Regular Plan - Growth Option;INF174KA1PA0;;15.769;;;05-Jan-2026
152066;Kotak Multi Asset Allocation Fund - Regular Plan - IDCW Option;INF174KA1PB8;INF174KA1PC6;15.46;;;05-Jan-2026

LIC Mutual Fund
153246;LIC MF Multi Asset Allocation Fund-Direct Plan-Growth;INF767K01RZ5;;12.4042;;;05-Jan-2026
153247;LIC MF Multi Asset Allocation Fund-Direct Plan-IDCW;INF767K01RY8;INF767K01RX0;12.4042;;;05-Jan-2026
153248;LIC MF Multi Asset Allocation Fund-Regular Plan-Growth;INF767K01RW2;;12.2227;;;05-Jan-2026
153249;LIC MF Multi Asset Allocation Fund-Regular Plan-IDCW;INF767K01RV4;INF767K01RU6;12.2227;;;05-Jan-2026

Mirae Asset Mutual Fund
152344;Mirae Asset Multi Asset Allocation Fund - Direct Plan - Growth;INF769K01KZ6;;13.759;;;05-Jan-2026
152345;Mirae Asset Multi Asset Allocation Fund - Direct Plan - IDCW;INF769K01LA7;INF769K01LB5;13.758;;;05-Jan-2026
152347;Mirae Asset Multi Asset Allocation Fund - Regular Plan - Growth;INF769K01KW3;;13.343;;;05-Jan-2026
152346;Mirae Asset Multi Asset Allocation Fund - Regular Plan - IDCW;INF769K01KX1;INF769K01KY9;13.340;;;05-Jan-2026

PGIM India Mutual Fund
153987;PGIM India Multi Asset Allocation Fund - Direct Plan - Growth Option;INF663L010A3;;10.36;;;05-Jan-2026
153990;PGIM India Multi Asset Allocation Fund - Direct Plan - IDCW Option;INF663L011A1;INF663L012A9;10.36;;;05-Jan-2026
153988;PGIM India Multi Asset Allocation Fund - Regular Plan - Growth Option;INF663L013A7;;10.35;;;05-Jan-2026
153989;PGIM India Multi Asset Allocation Fund - Regular Plan - IDCW Option;INF663L014A5;INF663L015A2;10.35;;;05-Jan-2026

quant Mutual Fund
120820;quant Multi Asset Allocation Fund - IDCW Option - Direct Plan;INF966L01564;INF966L01572;157.9967;;;05-Jan-2026
101071;quant Multi Asset Allocation Fund - IDCW Option - Regular Plan;INF966L01184;INF966L01192;145.6491;;;05-Jan-2026
101072;quant Multi Asset Allocation Fund-GROWTH OPTION - Regular Plan;INF966L01200;;158.8853;;;05-Jan-2026
120821;quant Multi Asset Allocation Fund-GROWTH OPTION-Direct Plan;INF966L01580;;171.4377;;;05-Jan-2026

Quantum Mutual Fund
152474;Quantum Multi Asset Allocation Fund - Direct Plan Growth Option;INF082J01457;;12.62;;;05-Jan-2026
152475;Quantum Multi Asset Allocation Fund - Regular Plan Growth Option;INF082J01465;;12.26;;;05-Jan-2026

SBI Mutual Fund
119840;SBI Multi Asset Allocation Fund - Direct Plan - Annual Income Distribution cum Capital Withdrawal Option (IDCW);INF200K01TX8;INF200K01TY6;41.7015;;;05-Jan-2026
119843;SBI MULTI ASSET ALLOCATION FUND - DIRECT PLAN - GROWTH;INF200K01TZ3;;73.1933;;;05-Jan-2026
119841;SBI Multi Asset Allocation Fund - Direct Plan - Monthly Income Distribution cum Capital Withdrawal Option (IDCW);INF200K01UA4;INF200K01UB2;32.8665;;;05-Jan-2026
119842;SBI Multi Asset Allocation Fund - Direct Plan - Quarterly Income Distribution cum Capital Withdrawal Option (IDCW);INF200K01UC0;INF200K01UD8;34.7665;;;05-Jan-2026
103409;SBI Multi Asset Allocation Fund - Regular Plan - Annual Income Distribution cum Capital Withdrawal Option (IDCW);INF200K01784;INF200K01792;37.1811;;;05-Jan-2026
103408;SBI MULTI ASSET ALLOCATION FUND - REGULAR PLAN - GROWTH;INF200K01800;;65.7512;;;05-Jan-2026
103400;SBI Multi Asset Allocation Fund - Regular Plan - Monthly Income Distribution cum Capital Withdrawal Option (IDCW);INF200K01818;INF200K01826;29.4014;;;05-Jan-2026
103401;SBI Multi Asset Allocation Fund - Regular Plan - Quarterly Income Distribution cum Capital Withdrawal Option (IDCW);INF200K01834;INF200K01842;29.3726;;;05-Jan-2026

Shriram Mutual Fund
152051;Shriram Multi Asset Allocation Fund - Direct Growth;INF680P01406;;13.936;;;05-Jan-2026
152052;Shriram Multi Asset Allocation Fund - Regular Growth;INF680P01414;;13.3483;;;05-Jan-2026

Sundaram Mutual Fund
152314;Sundaram Multi Asset Allocation Fund Direct Plan Growth;INF903JA1LK9;;13.8374;;;05-Jan-2026
152316;Sundaram Multi Asset Allocation Fund Direct Plan IDCW Payout;INF903JA1LL7;;13.8374;;;05-Jan-2026
152312;Sundaram Multi Asset Allocation Fund Direct Plan IDCW Reinvestment;;INF903JA1LM5;13.8374;;;05-Jan-2026
152311;Sundaram Multi Asset Allocation Fund Regular Plan Growth;INF903JA1LH5;;13.4258;;;05-Jan-2026
152315;Sundaram Multi Asset Allocation Fund Regular Plan IDCW Payout;INF903JA1LI3;;13.4258;;;05-Jan-2026
152313;Sundaram Multi Asset Allocation Fund Regular Plan IDCW Reinvestment;;INF903JA1LJ1;13.4258;;;05-Jan-2026

Union Mutual Fund
152787;Union Multi Asset Allocation Fund- Direct Plan - Growth Option;INF582M01JY4;;12.22;;;05-Jan-2026
152784;Union Multi Asset Allocation Fund- Direct Plan - IDCW Option;INF582M01JZ1;INF582M01KA2;12.22;;;05-Jan-2026
152786;Union Multi Asset Allocation Fund- Regular Plan - Growth Option;INF582M01JU2;;12.03;;;05-Jan-2026
152785;Union Multi Asset Allocation Fund- Regular Plan - IDCW Option;INF582M01JV0;INF582M01JW8;12.03;;;05-Jan-2026

Open Ended Schemes ( Hybrid Scheme - Arbitrage Fund )


HDFC Mutual Fund
118931;HDFC ARBITRAGE FUND - Growth Option - Direct Plan;INF179K01UU8;;33.027;;;05-Jan-2026
118930;HDFC ARBITRAGE FUND - Quarterly IDCW Option - Direct Plan;INF179K01UV6;INF179K01UW4;25.028;;;05-Jan-2026
106796;HDFC ARBITRAGE FUND - Retail Growth Option;INF179K01319;;30.584;;;05-Jan-2026
106799;HDFC ARBITRAGE FUND - Retail IDCW Option;;;22.793;;;05-Jan-2026
106797;HDFC ARBITRAGE FUND - Retail Quarterly IDCW Option;INF179K01327;;21.802;;;05-Jan-2026
106793;HDFC ARBITRAGE FUND - Wholesale Growth Option;INF179K01343;;31.562;;;05-Jan-2026
129052;HDFC ARBITRAGE FUND - Wholesale Growth Option - Direct Plan;INF179KA1KT6;;20.835;;;05-Jan-2026
106795;HDFC ARBITRAGE FUND - Wholesale IDCW Option;INF179KA1KM1;INF179KA1KL3;10.935;;;05-Jan-2026
129053;HDFC ARBITRAGE FUND - Wholesale IDCW Option - Direct Plan;INF179KA1KQ2;INF179KA1KP4;11.654;;;05-Jan-2026
129054;HDFC ARBITRAGE FUND - Wholesale Monthly IDCW - Direct Plan;INF179KA1KS8;INF179KA1KR0;11.263;;;05-Jan-2026
129051;HDFC ARBITRAGE FUND - Wholesale Monthly IDCW Option  ;INF179KA1KO7;INF179KA1KN9;11.394;;;05-Jan-2026

ITI Mutual Fund
147617;ITI Arbitrage Fund - Direct Plan - Growth Option;INF00XX01440;;13.9924;;;05-Jan-2026
147615;ITI Arbitrage Fund - Direct Plan - IDCW Option;INF00XX01457;INF00XX01465;13.9924;;;05-Jan-2026
147618;ITI Arbitrage Fund - Regular Plan - Growth Option;INF00XX01416;;13.3486;;;05-Jan-2026
147616;ITI Arbitrage Fund - Regular Plan - IDCW Option;INF00XX01424;INF00XX01432;13.3486;;;05-Jan-2026

Jio BlackRock Mutual Fund
154076;JioBlackRock Arbitrage Fund - Direct Plan - Growth Option;INF22M001101;;10.0478;;;05-Jan-2026

JM Financial Mutual Fund
133395;JM Arbitrage Fund (Direct) - Annual Bonus Option - Principal Units;INF192K01GX4;;18.436;;;05-Jan-2026
135173;JM Arbitrage Fund (Direct) - Annual IDCW;INF192K01KY4;INF192K01KZ1;16.3336;;;05-Jan-2026
130604;JM Arbitrage Fund (Direct) - Bonus Option - Principal Units;INF192K01GL9;;19.2084;;;05-Jan-2026
120482;JM Arbitrage Fund (Direct) - Growth Option;INF192K01BN6;;35.8931;;;05-Jan-2026
135171;JM Arbitrage Fund (Direct) - Half Yearly IDCW;INF192K01KU2;INF192K01KV0;16.6011;;;05-Jan-2026
135172;JM Arbitrage Fund (Direct) - Monthly IDCW;INF192K01KM9;INF192K01KN7;14.4938;;;05-Jan-2026
135174;JM Arbitrage Fund (Direct) - Quarterly IDCW;INF192K01KQ0;INF192K01KR8;17.0558;;;05-Jan-2026
120481;JM Arbitrage Fund (Direct)- IDCW;INF192K01BL0;INF192K01BM8;16.9141;;;05-Jan-2026
135167;JM Arbitrage Fund (Regular) - Annual IDCW;INF192K01KW8;INF192K01KX6;14.8176;;;05-Jan-2026
130603;JM Arbitrage Fund (Regular) - Bonus Option - Principal Units;INF192K01GJ3;;18.2335;;;05-Jan-2026
103780;JM Arbitrage Fund (Regular) - Growth Option;INF192K01510;;33.5391;;;05-Jan-2026
135170;JM Arbitrage Fund (Regular) - Half Yearly IDCW;INF192K01KS6;INF192K01KT4;14.9251;;;05-Jan-2026
103781;JM Arbitrage Fund (Regular) - IDCW ;INF192K01494;INF192K01502;15.5667;;;05-Jan-2026
135168;JM Arbitrage Fund (Regular) - Monthly IDCW;INF192K01KK3;INF192K01KL1;13.1863;;;05-Jan-2026
135169;JM Arbitrage Fund (Regular) - Quarterly IDCW;INF192K01KO5;INF192K01KP2;15.1462;;;05-Jan-2026

Kotak Mahindra Mutual Fund
119770;Kotak  Arbitrage Fund - Direct Plan - IDCW -Payout &  Reinvestment of Income Distribution cum capital withdrawal option;INF174K01LE2;INF174K01LD4;11.2252;;;05-Jan-2026
119771;Kotak Arbitrage Fund - Direct Plan - Growth;INF174K01LC6;;41.3669;;;05-Jan-2026
105968;Kotak Arbitrage Fund - Regular Plan - Growth;INF174K01302;;38.5914;;;05-Jan-2026
105967;Kotak Arbitrage Fund - Regular Plan - IDCW - Payout & Re-investment of Income Distribution cum capital withdrawal option;INF174K01328;INF174K01310;10.741;;;05-Jan-2026

LIC Mutual Fund
145895;LIC MF Arbitrage Fund-Direct Plan-Growth;INF767K01PP0;;14.9097;;;05-Jan-2026
145894;LIC MF Arbitrage Fund-Direct Plan-Monthly IDCW;INF767K01PR6;INF767K01PS4;13.5552;;;05-Jan-2026
145891;LIC MF Arbitrage Fund-Direct Plan-Weekly IDCW;;INF767K01PQ8;14.0107;;;05-Jan-2026
145890;LIC MF Arbitrage Fund-Regular Plan-Growth;INF767K01PL9;;14.2122;;;05-Jan-2026
145892;LIC MF Arbitrage Fund-Regular Plan-Monthly IDCW;INF767K01PN5;INF767K01PO3;13.8854;;;05-Jan-2026
145893;LIC MF Arbitrage Fund-Regular Plan-Weekly IDCW;;INF767K01PM7;13.7969;;;05-Jan-2026

Mirae Asset Mutual Fund
148401;Mirae Asset Arbitrage Fund Direct Growth;INF769K01FS1;;13.959;;;05-Jan-2026
148402;Mirae Asset Arbitrage Fund Direct IDCW;INF769K01FR3;INF769K01FT9;13.940;;;05-Jan-2026
148400;Mirae Asset Arbitrage Fund Regular Growth;INF769K01FP7;;13.400;;;05-Jan-2026
148403;Mirae Asset Arbitrage Fund Regular IDCW;INF769K01FO0;INF769K01FQ5;13.400;;;05-Jan-2026

Motilal Oswal Mutual Fund
153187;Motilal Oswal Arbitrage Fund-Direct Plan-Growth;INF247L01ED1;;10.7794;;;05-Jan-2026
153185;Motilal Oswal Arbitrage Fund-Direct Plan-IDCW;INF247L01EE9;INF247L01EF6;10.7793;;;05-Jan-2026
153188;Motilal Oswal Arbitrage Fund-Regular Plan-Growth;INF247L01EG4;;10.6796;;;05-Jan-2026
153186;Motilal Oswal Arbitrage Fund-Regular Plan-IDCW;INF247L01EH2;INF247L01EI0;10.6796;;;05-Jan-2026

Old Bridge Mutual Fund
153981;Old Bridge Arbitrage Fund - Direct - IDCW Payout;INF0S5R01075;;10.0960;;;05-Jan-2026
153979;Old Bridge Arbitrage Fund Direct Growth;INF0S5R01125;;10.0960;;;05-Jan-2026
153977;Old Bridge Arbitrage Fund Regular Growth;INF0S5R01091;;10.0831;;;05-Jan-2026
153980;Old Bridge Arbitrage Fund Regular IDCW Payout;INF0S5R01109;;10.0831;;;05-Jan-2026

PGIM India Mutual Fund
138875;PGIM India Arbitrage Fund - Direct Plan - Growth;INF223J013N7;;20.2288;;;05-Jan-2026
138878;PGIM India Arbitrage Fund - Direct Plan - Monthly Dividend;INF223J011N1;INF223J016N0;11.4187;;;05-Jan-2026
138877;PGIM India Arbitrage Fund - Direct Plan - Regular Dividend;INF223J019M6;INF223J014N5;12.6543;;;05-Jan-2026
138876;PGIM India Arbitrage Fund - Regular Plan - Growth;INF223J019N4;;18.8611;;;05-Jan-2026
138883;PGIM India Arbitrage Fund - Regular Plan - Monthly Dividend;INF223J011M3;INF223J015M4;11.2335;;;05-Jan-2026
138887;PGIM India Arbitrage Fund - Regular Plan - Regular Dividend;INF223J019L8;INF223J013M9;11.9233;;;05-Jan-2026

PPFAS Mutual Fund
152109;Parag Parikh Arbitrage Fund - Direct Plan Growth;INF879O01225;;11.6382;;;05-Jan-2026
152110;Parag Parikh Arbitrage Fund - Regular Plan Growth;INF879O01217;;11.5499;;;05-Jan-2026

quant Mutual Fund
153426;quant Arbitrage Fund - Growth Option - Direct Plan;INF966L01DW8;;10.5465;;;05-Jan-2026
153428;quant Arbitrage Fund - Growth Option - Regular Plan;INF966L01DZ1;;10.5016;;;05-Jan-2026
153427;quant Arbitrage Fund - IDCW Option - Direct Plan;INF966L01DX6;INF966L01DY4;10.5419;;;05-Jan-2026
153429;quant Arbitrage Fund - IDCW Option - Regular Plan;INF966L01EA2;INF966L01EB0;10.5018;;;05-Jan-2026

SBI Mutual Fund
119574;SBI Arbitrage Opportunities Fund - Direct Plan - Gr;INF200K01QU0;;37.1342;;;05-Jan-2026
119567;SBI Arbitrage Opportunities Fund - Direct Plan - Income Distribution cum Capital Withdrawal Option (IDCW);INF200K01QS4;INF200K01QT2;20.0641;;;05-Jan-2026
104457;SBI Arbitrage Opportunities Fund - Regular Plan - Gr;INF200K01156;;34.8384;;;05-Jan-2026
104458;SBI Arbitrage Opportunities Fund - Regular Plan - Income Distribution cum Capital Withdrawal Option (IDCW);INF200K01131;INF200K01149;18.3212;;;05-Jan-2026

Sundaram Mutual Fund
149552;Sundaram Arbitrage Fund (Formerly Know as Principal Arbitrage Fund) - Regular Plan - Growth;INF173K01NB6;;14.8617;;;05-Jan-2026
149551;Sundaram Arbitrage Fund (Formerly Known as Principal Arbitrage Fund)- Regular Plan - Monthly Income Distribution CUM Capital Withdrawal;INF173K01MY0;INF173K01NA8;13.0666;;;05-Jan-2026
149550;Sundaram Arbitrage Fund (Formerly Known as Prinicpal Arbitrage Fund) - Direct Plan - Growth;INF173K01NF7;;15.7445;;;05-Jan-2026
149549;Sundaram Arbitrage Fund( Formerly Known as Principal Arbitrage Fund) - Direct Plan- Monthly Income Distribution CUM Capital Withdrawal;INF173K01NC4;INF173K01NE0;13.6137;;;05-Jan-2026

Tata Mutual Fund
145727;TATA Arbitrage Fund Direct Plan - Monthly Payout of Income Distribution cum capital withdrawal option ;INF277K018Q1;;15.0158;;;05-Jan-2026
145725;TATA Arbitrage Fund Direct Plan - Monthly Reinvestment of Income Distribution cum capital withdrawal option;;INF277K019Q9;15.0158;;;05-Jan-2026
145728;TATA Arbitrage Fund Regular Plan - Monthly Payout of Income Distribution cum capital withdrawal option ;INF277K016Q5;;14.1466;;;05-Jan-2026
145726;TATA Arbitrage Fund Regular Plan - Monthly Reinvestment of Income Distribution cum capital withdrawal option ;;INF277K010R6;14.1466;;;05-Jan-2026
145724;Tata Arbitrage Fund-Direct Plan-Growth;INF277K017Q3;;15.6306;;;05-Jan-2026
145723;Tata Arbitrage Fund-Regular Plan-Growth;INF277K015Q7;;14.7995;;;05-Jan-2026

Trust Mutual Fund
153804;TRUSTMF ARBITRAGE FUND -DIRECT PLAN-GROWTH;INF0GCD01859;;10.2286;;;05-Jan-2026
153805;TRUSTMF ARBITRAGE FUND -REGULAR PLAN-GROWTH;INF0GCD01867;;10.1992;;;05-Jan-2026

Union Mutual Fund
146297;Union Arbitrage Fund - Direct Plan - Growth Option;INF582M01ES7;;14.9851;;;05-Jan-2026
146296;Union Arbitrage Fund - Direct Plan - IDCW Option;INF582M01EU3;INF582M01ET5;14.6295;;;05-Jan-2026
146294;Union Arbitrage Fund - Regular Plan - Growth Option;INF582M01EW9;;14.4361;;;05-Jan-2026
146295;Union Arbitrage Fund - Regular Plan - IDCW Option;INF582M01EY5;INF582M01EX7;14.0958;;;05-Jan-2026

WhiteOak Capital Mutual Fund
152849;WhiteOak Capital Arbitrage Fund Direct Plan Growth;INF03VN01910;;10.987;;;05-Jan-2026
152850;WhiteOak Capital Arbitrage Fund Regular Plan Growth;INF03VN01928;;10.879;;;05-Jan-2026

Open Ended Schemes ( Hybrid Scheme - Equity Savings )


HDFC Mutual Fund
119128;HDFC Equity Savings Fund - Growth Option - Direct Plan;INF179K01XT4;;76.545;;;05-Jan-2026
101585;HDFC Equity Savings Fund - GROWTH PLAN;INF179K01AM7;;68.075;;;05-Jan-2026
119129;HDFC Equity Savings Fund - IDCW Option - Direct Plan;INF179K01XR8;INF179K01XS6;15.519;;;05-Jan-2026
101586;HDFC Equity Savings Fund - IDCW PLAN;INF179K01AK1;INF179K01AL9;12.878;;;05-Jan-2026

Kotak Mahindra Mutual Fund
131373;Kotak Equity Savings Fund - Direct - Growth;INF174K01D28;;30.2238;;;05-Jan-2026
131375;Kotak Equity Savings Fund - Direct - Monthly Payout of Income Distribution cum capital withdrawal option;INF174K01D36;INF174K01D51;21.6978;;;05-Jan-2026
131372;Kotak Equity Savings Fund - Regular - Growth;INF174K01C78;;27.3765;;;05-Jan-2026
131374;Kotak Equity Savings Fund - Regular - Monthly Payout of Income Distribution cum capital withdrawal option;INF174K01C86;INF174K01D02;20.0441;;;05-Jan-2026

LIC Mutual Fund
151952;LIC MF Equity Savings Fund-Direct Plan-Growth;INF397L01AZ5;;31.9294;;;05-Jan-2026
151953;LIC MF Equity Savings Fund-Direct Plan-Monthly IDCW;INF397L01BA6;INF397L01BB4;21.5662;;;05-Jan-2026
151954;LIC MF Equity Savings Fund-Direct Plan-Quarterly IDCW;INF397L01BD0;INF397L01BE8;17.7868;;;05-Jan-2026
151950;LIC MF Equity Savings Fund-Regular Plan-Growth;INF397L01315;;28.145;;;05-Jan-2026
151949;LIC MF Equity Savings Fund-Regular Plan-Monthly IDCW;INF397L01257;INF397L01265;22.1744;;;05-Jan-2026
151951;LIC MF Equity Savings Fund-Regular Plan-Quarterly IDCW;INF397L01281;INF397L01299;20.9648;;;05-Jan-2026

Mirae Asset Mutual Fund
145694;Mirae Asset Equity Savings Fund Direct IDCW;INF769K01EJ3;INF769K01EM7;14.683;;;05-Jan-2026
145696;Mirae Asset Equity Savings Fund Regular IDCW;INF769K01EH7;INF769K01EL9;13.510;;;05-Jan-2026
145693;Mirae Asset Equity Savings Fund- Direct Plan- Growth;INF769K01EK1;;22.585;;;05-Jan-2026
145695;Mirae Asset Equity Savings Fund- Regular Plan- Growth;INF769K01EI5;;20.998;;;05-Jan-2026

PGIM India Mutual Fund
138371;PGIM India Equity Savings Fund - Annual Dividend option;INF223J01EZ9;INF223J01FA9;15.4996;;;05-Jan-2026
138375;PGIM India Equity Savings Fund - Direct Plan - Annual Dividend;INF223J01QA6;INF223J01QB4;16.4838;;;05-Jan-2026
138376;PGIM India Equity Savings Fund - Direct Plan - Growth;INF223J01QD0;;57.3302;;;05-Jan-2026
138377;PGIM India Equity Savings Fund - Direct Plan - Monthly Dividend;INF223J01QE8;INF223J01QF5;13.9872;;;05-Jan-2026
138372;PGIM India Equity Savings Fund - Growth Option;INF223J01FB7;;50.4381;;;05-Jan-2026
138369;PGIM India Equity Savings Fund - Monthly Dividend option;INF223J01FC5;INF223J01FD3;12.7109;;;05-Jan-2026

quant Mutual Fund
153705;quant Equity Savings Fund - Growth Option - Direct Plan;INF966L01EC8;;10.1993;;;05-Jan-2026
153707;quant Equity Savings Fund - Growth Option - Regular Plan;INF966L01EF1;;10.121;;;05-Jan-2026
153706;quant Equity Savings Fund - IDCW Option - Direct Plan;INF966L01ED6;INF966L01EE4;10.19;;;05-Jan-2026
153708;quant Equity Savings Fund - IDCW Option - Regular Plan;INF966L01EG9;INF966L01EH7;10.1208;;;05-Jan-2026

SBI Mutual Fund
134643;SBI Equity Savings Fund - Direct Plan - Growth;INF200KA1DF3;;27.0201;;;05-Jan-2026
134641;SBI Equity Savings Fund - Direct Plan - Monthly Income Distribution cum Capital Withdrawal Option (IDCW);INF200KA1DG1;INF200KA1DH9;24.7328;;;05-Jan-2026
134640;SBI Equity Savings Fund - Direct Plan - Quarterly Income Distribution cum Capital Withdrawal Option (IDCW);INF200KA1DI7;INF200KA1DJ5;25.5873;;;05-Jan-2026
134644;SBI Equity Savings Fund - Regular Plan - Growth;INF200KA1DA4;;24.4392;;;05-Jan-2026
134639;SBI Equity Savings Fund - Regular Plan - Monthly Income Distribution cum Capital Withdrawal Option (IDCW);INF200KA1DB2;INF200KA1DC0;22.6578;;;05-Jan-2026
134642;SBI Equity Savings Fund - Regular Plan - Quarterly Income Distribution cum Capital Withdrawal Option (IDCW);INF200KA1DD8;INF200KA1DE6;23.1103;;;05-Jan-2026

Sundaram Mutual Fund
149677;Sundaram Equity Savings Fund (Formerly Known as  Principal Equity Savings Fund) - Direct Plan - Income Distribution CUM Capital Withdrawal Option (IDCW);INF173K01HC6;INF173K01HD4;16.8911;;;05-Jan-2026
149679;Sundaram Equity Savings Fund (Formerly Known as Principal Equity Savings Fund) - Direct Plan - Growth Option;INF173K01GZ9;;84.5755;;;05-Jan-2026
149674;Sundaram Equity Savings Fund (Formerly Known as Principal Equity Savings Fund) - Growth Option;INF173K01213;;72.3373;;;05-Jan-2026
149675;Sundaram Equity Savings Fund (Formerly Known as Principal Equity Savings Fund)- Income Distribution CUM Capital Withdrawal (IDCW);INF173K01247;INF173K01254;15.6234;;;05-Jan-2026

Union Mutual Fund
144312;Union Equity Savings Fund - Direct Plan - Growth Option;INF582M01EC1;;17.92;;;05-Jan-2026
144313;Union Equity Savings Fund - Direct Plan - IDCW Option;INF582M01EE7;INF582M01ED9;17.92;;;05-Jan-2026
144310;Union Equity Savings Fund - Regular Plan - Growth Option;INF582M01EG2;;17.19;;;05-Jan-2026
144311;Union Equity Savings Fund - Regular Plan - IDCW Option;INF582M01EI8;INF582M01EH0;17.19;;;05-Jan-2026

WhiteOak Capital Mutual Fund
153355;WhiteOak Capital Equity Savings Fund Direct Plan Growth;INF03VN01AB7;;11.456;;;05-Jan-2026
153356;WhiteOak Capital Equity Savings Fund Regular Plan Growth;INF03VN01AC5;;11.315;;;05-Jan-2026

Open Ended Schemes ( Solution Oriented Scheme - Retirement Fund )


HDFC Mutual Fund
136090;HDFC Retirement Savings Fund - Equity Plan - Growth Option;INF179KB1MG8;;52.113;;;05-Jan-2026
136094;HDFC Retirement Savings Fund - Equity Plan - Growth Option - Direct Plan;INF179KB1MF0;;59.306;;;05-Jan-2026
136466;HDFC Retirement Savings Fund - Hybrid-Debt Plan - Growth Option;INF179KB1MK0;;22.0014;;;05-Jan-2026
136465;HDFC Retirement Savings Fund - Hybrid-Debt Plan - Growth Option - Direct Plan;INF179KB1MJ2;;24.9462;;;05-Jan-2026
136463;HDFC Retirement Savings Fund - Hybrid-Equity Plan - Growth Option;INF179KB1MI4;;39.765;;;05-Jan-2026
136464;HDFC Retirement Savings Fund - Hybrid-Equity Plan - Growth Option - Direct Plan;INF179KB1MH6;;45.372;;;05-Jan-2026

PGIM India Mutual Fund
152537;PGIM India Retirement Fund - Direct Plan - Growth Option;INF663L01Y61;;12.3;;;05-Jan-2026
152539;PGIM India Retirement Fund - Direct Plan - IDCW Payout Option;INF663L01Y79;;12.3;;;05-Jan-2026
152538;PGIM India Retirement Fund - Regular Plan - Growth Option;INF663L01Y46;;11.96;;;05-Jan-2026
152540;PGIM India Retirement Fund - Regular Plan - IDCW Payout Option;INF663L01Y53;;11.96;;;05-Jan-2026

SBI Mutual Fund
148685;SBI Retirement Benefit Fund - Aggressive Hybrid Plan - Direct Plan - Growth;INF200KA1S97;;20.7426;;;05-Jan-2026
148686;SBI Retirement Benefit Fund - Aggressive Hybrid Plan - Direct Plan - Income Distribution cum Capital Withdrawal Option (IDCW);INF200KA1T05;;20.7448;;;05-Jan-2026
148695;SBI Retirement Benefit Fund - Aggressive Hybrid Plan - Regular Plan - Growth;INF200KA1S71;;19.5964;;;05-Jan-2026
148684;SBI Retirement Benefit Fund - Aggressive Hybrid Plan - Regular Plan - Income Distribution cum Capital Withdrawal Option (IDCW);INF200KA1S89;;19.5959;;;05-Jan-2026
148683;SBI Retirement Benefit Fund - Aggressive Plan - Direct Plan - Growth;INF200KA1S55;;21.9633;;;05-Jan-2026
148694;SBI Retirement Benefit Fund - Aggressive Plan - Direct Plan - Income Distribution cum Capital Withdrawal Option (IDCW);INF200KA1S63;;21.9516;;;05-Jan-2026
148698;SBI Retirement Benefit Fund - Aggressive Plan - Regular Plan - Growth;INF200KA1S30;;20.6394;;;05-Jan-2026
148691;SBI Retirement Benefit Fund - Aggressive Plan - Regular Plan - Income Distribution cum Capital Withdrawal Option (IDCW);INF200KA1S48;;20.6399;;;05-Jan-2026
148690;SBI Retirement Benefit Fund - Conservative Hybrid Plan - Direct Plan - Growth;INF200KA1T70;;16.2637;;;05-Jan-2026
148693;SBI Retirement Benefit Fund - Conservative Hybrid Plan - Direct Plan - Income Distribution cum Capital Withdrawal Option (IDCW);INF200KA1T88;;16.2616;;;05-Jan-2026
148692;SBI Retirement Benefit Fund - Conservative Hybrid Plan - Regular Plan - Growth;INF200KA1T54;;15.7889;;;05-Jan-2026
148697;SBI Retirement Benefit Fund - Conservative Hybrid Plan - Regular Plan - Income Distribution cum Capital Withdrawal Option (IDCW);INF200KA1T62;;15.7906;;;05-Jan-2026
148688;SBI Retirement Benefit Fund - Conservative Plan - Direct Plan - Growth;INF200KA1T39;;14.8010;;;05-Jan-2026
148689;SBI Retirement Benefit Fund - Conservative Plan - Direct Plan - Income Distribution cum Capital Withdrawal Option (IDCW);INF200KA1T47;;14.7988;;;05-Jan-2026
148696;SBI Retirement Benefit Fund - Conservative Plan - Regular Plan - Growth;INF200KA1T13;;14.4456;;;05-Jan-2026
148687;SBI Retirement Benefit Fund - Conservative Plan - Regular Plan - Income Distribution cum Capital Withdrawal Option (IDCW);INF200KA1T21;;14.4455;;;05-Jan-2026

Tata Mutual Fund
119256;Tata Retirement Savings Fund- Conservative Plan-Direct Plan-Growth Option;INF277K01QM5;;37.6386;;;05-Jan-2026
115944;Tata Retirement Savings Fund- Conservative Plan-Regular Plan-Growth Option;INF277K01FI6;;31.9673;;;05-Jan-2026
119255;Tata Retirement Savings Fund- Moderate Plan -Direct Plan-Growth Option;INF277K01QN3;;77.8281;;;05-Jan-2026
115943;Tata Retirement Savings Fund- Moderate Plan-Regular Plan-Growth Option;INF277K01FH8;;64.9248;;;05-Jan-2026
115942;Tata Retirement Savings Fund - Progressive Plan -Regular Plan-Growth Option;INF277K01FG0;;65.4168;;;05-Jan-2026
119251;Tata Retirement Savings Fund- Progressive Plan -Direct Plan-Growth Option;INF277K01QO1;;79.9869;;;05-Jan-2026

Union Mutual Fund
150554;Union Retirement Fund - Direct Plan - Growth Option;INF582M01IK5;;17.11;;;05-Jan-2026
150555;Union Retirement Fund - Direct Plan - IDCW Option;INF582M01IL3;;17.11;;;05-Jan-2026
150552;Union Retirement Fund - Regular Plan - Growth Option;INF582M01IM1;;16.32;;;05-Jan-2026
150553;Union Retirement Fund - Regular Plan - IDCW Option;INF582M01IN9;;16.32;;;05-Jan-2026

Open Ended Schemes ( Solution Oriented Scheme - Children’s Fund )


HDFC Mutual Fund
119066;HDFC Childrens Fund - Direct Plan;INF179KC1IX0;;331.62;;;05-Jan-2026
100900;HDFC Childrens Fund - Growth Plan;INF179KC1IY8;;297.878;;;05-Jan-2026

LIC Mutual Fund
120285;LIC MF Children's Fund-Direct Plan-Growth;INF767K01FB1;;36.7285;;;05-Jan-2026
101271;LIC MF Children's Fund-Regular Plan-Growth;INF767K01048;;32.8232;;;05-Jan-2026

SBI Mutual Fund
119719;SBI Children's Fund - Savings Plan - DIRECT PLAN - GROWTH;INF200K01QR6;;121.1309;;;05-Jan-2026
101169;SBI Children's Fund - Savings Plan - REGULAR PLAN - GROWTH;INF200K01776;;110.9306;;;05-Jan-2026

Tata Mutual Fund
101491;Tata Childrens Fund -Regular Plan-Growth Option;INF277K01AJ5;;61.5242;;;05-Jan-2026
119312;Tata Childrens Fund-Direct Plan-Growth Option;INF277K01QW4;;68.6210;;;05-Jan-2026

Union Mutual Fund
152219;Union Children's Fund - Direct Plan - Growth Option;INF582M01JK3;;13.23;;;05-Jan-2026
152220;Union Children's Fund - Direct Plan - IDCW Option;INF582M01JL1;;13.23;;;05-Jan-2026
152217;Union Children's Fund - Regular Plan - Growth Option;INF582M01JI7;;12.87;;;05-Jan-2026
152218;Union Children's Fund - Regular Plan - IDCW Option;INF582M01JJ5;;11.20;;;05-Jan-2026

Open Ended Schemes ( Other Scheme - Index Funds )


Angel One Mutual Fund
153529;ANGEL ONE NIFTY 50 INDEX FUND-DIRECT-GROWTH;INF1J2R01072;;10.7386;;;05-Jan-2026
153530;ANGEL ONE NIFTY 50 INDEX FUND-REGULAR-GROWTH;INF1J2R01080;;10.705;;;05-Jan-2026
153330;ANGEL ONE NIFTY TOTAL MARKET INDEX FUND DIRECT PLAN GROWTH OPTION;INF1J2R01023;;12.1423;;;05-Jan-2026
153331;ANGEL ONE NIFTY TOTAL MARKET INDEX FUND REGULAR PLAN GROWTH OPTION;INF1J2R01031;;12.0647;;;05-Jan-2026
153956;ANGEL ONE NIFTY TOTAL MARKET MOMENTUM QUALITY 50 INDEX FUND - DIRECT GROWTH;INF1J2R01122;;9.7508;;;05-Jan-2026
153955;ANGEL ONE NIFTY TOTAL MARKET MOMENTUM QUALITY 50 INDEX FUND - REGULAR GROWTH;INF1J2R01130;;9.7422;;;05-Jan-2026

Groww Mutual Fund
153704;Groww Nifty 50 Index Fund Direct Growth;INF666M01KT3;;10.4691;;;05-Jan-2026
153709;Groww Nifty 50 Index Fund Direct IDCW;INF666M01KU1;INF666M01KV9;10.4691;;;05-Jan-2026
153710;Groww Nifty 50 Index Fund Regular Growth;INF666M01KW7;;10.4352;;;05-Jan-2026
153711;Groww Nifty 50 Index Fund Regular IDCW;INF666M01LJ2;INF666M01LK0;10.4352;;;05-Jan-2026
153230;Groww Nifty India Railways PSU Index Fund - Direct Plan - Growth;INF666M01JK4;;9.7165;;;05-Jan-2026
153231;Groww Nifty India Railways PSU Index Fund - Direct Plan - IDCW;INF666M01JL2;INF666M01JM0;9.7161;;;05-Jan-2026
153232;Groww Nifty India Railways PSU Index Fund - Regular Plan - Growth;INF666M01JN8;;9.666;;;05-Jan-2026
153233;Groww Nifty India Railways PSU Index Fund - Regular Plan - IDCW;INF666M01JO6;INF666M01JP3;9.6629;;;05-Jan-2026
153939;Groww Nifty Midcap 150 Index Fund Direct Growth;INF666M01MP7;;10.094;;;05-Jan-2026
153952;Groww Nifty Midcap 150 Index fund Direct IDCW;INF666M01MQ5;INF666M01MR3;10.094;;;05-Jan-2026
153953;Groww Nifty Midcap 150 Index Fund Regular Growth;INF666M01MS1;;10.0842;;;05-Jan-2026
153954;Groww Nifty Midcap 150 Index Fund Regular IDCW;INF666M01MT9;INF666M01MU7;10.0842;;;05-Jan-2026
153786;Groww Nifty Next 50 Index Fund Direct Growth;INF666M01LT1;;10.3875;;;05-Jan-2026
153797;Groww Nifty Next 50 Index Fund Direct IDCW;INF666M01LU9;INF666M01LV7;10.3875;;;05-Jan-2026
153798;Groww Nifty Next 50 Index Fund Regular Growth;INF666M01LW5;;10.3609;;;05-Jan-2026
153799;Groww Nifty Next 50 Index Fund Regular IDCW;INF666M01LX3;INF666M01LY1;10.3609;;;05-Jan-2026
152636;Groww Nifty Non-Cyclical Consumer Index Fund - Direct Plan - IDCW;INF666M01IF6;INF666M01IG4;10.8615;;;05-Jan-2026
152637;Groww Nifty Non-Cyclical Consumer Index Fund - Direct Plan Growth;INF666M01IE9;;10.8616;;;05-Jan-2026
152635;Groww Nifty Non-Cyclical Consumer Index Fund - IDCW;INF666M01IC3;INF666M01ID1;10.756;;;05-Jan-2026
152633;Groww Nifty Non-Cyclical Consumer Index Fund - Regular Plan - Growth;INF666M01IB5;;10.7571;;;05-Jan-2026
152431;Groww Nifty Smallcap 250 Index Fund - Direct Plan - Growth;INF666M01HY9;;11.2294;;;05-Jan-2026
152436;Groww Nifty Smallcap 250 Index Fund - Direct Plan - IDCW;INF666M01HZ6;INF666M01IA7;11.234;;;05-Jan-2026
152433;Groww Nifty Smallcap 250 Index Fund - Regular Plan - Growth;INF666M01HV5;;11.1187;;;05-Jan-2026
152434;Groww Nifty Smallcap 250 Index Fund - Regular Plan - Regular Plan - IDCW;INF666M01HW3;INF666M01HX1;11.1054;;;05-Jan-2026
152092;Groww Nifty Total Market Index Fund - Direct Plan - Growth;INF666M01HM4;;14.3657;;;05-Jan-2026
152125;Groww Nifty Total Market Index Fund - Direct Plan - IDCW;INF666M01HN2;INF666M01HO0;14.3653;;;05-Jan-2026
152127;Groww Nifty Total Market Index Fund - Regular Plan - Growth;INF666M01HJ0;;14.1417;;;05-Jan-2026
152126;Groww Nifty Total Market Index Fund - Regular Plan - IDCW;INF666M01HK8;INF666M01HL6;14.1425;;;05-Jan-2026

HDFC Mutual Fund
151728;HDFC BSE 500 Index Fund - Growth Option - Direct Plan;INF179KC1GG9;;16.2322;;;05-Jan-2026
151729;HDFC BSE 500 Index Fund - Regular Plan - Growth Option;INF179KC1GH7;;15.9775;;;05-Jan-2026
153958;HDFC BSE India Sector Leaders Index Fund - Regular Plan - Growth Option;INF179KC1JX8;;10.0026;;;05-Jan-2026
153959;HDFC BSE India Sector Leaders India Fund - Direct Plan - Growth Option;INF179KC1JY6;;10.0087;;;05-Jan-2026
119065;HDFC BSE Sensex Index Fund - Direct Plan;INF179K01WN9;;812.3854;;;05-Jan-2026
101281;HDFC BSE Sensex Index Fund - Growth Plan;INF179K01LA9;;792.5834;;;05-Jan-2026
153517;HDFC CRISIL-IBX Financial Services 3-6 Months Debt Index Fund - Direct Growth Plan;INF179KC1JK5;;10.4572;;;05-Jan-2026
153518;HDFC CRISIL-IBX Financial Services 3-6 Months Debt Index Fund - Regular Growth Plan;INF179KC1JJ7;;10.4447;;;05-Jan-2026
149870;HDFC Nifty 100 Equal Weight Index Fund - Direct Plan - Growth Option;INF179KC1CA1;;17.4313;;;05-Jan-2026
149871;HDFC Nifty 100 Equal Weight Index Fund - Growth Option;INF179KC1CB9;;17.1146;;;05-Jan-2026
149868;HDFC NIFTY 100 Index Fund - Direct Plan - Growth Option;INF179KC1BY3;;15.9404;;;05-Jan-2026
149869;HDFC NIFTY 100 Index Fund - Growth Option;INF179KC1BZ0;;15.6371;;;05-Jan-2026
119063;HDFC Nifty 50 Index Fund - Direct Plan;INF179K01WM1;;255.0409;;;05-Jan-2026
101525;HDFC Nifty 50 Index Fund - Growth Plan;INF179K01KZ8;;249.3085;;;05-Jan-2026
151496;HDFC Nifty G-Sec Apr 2029 Index Fund - Growth Option;INF179KC1FR8;;12.5931;;;05-Jan-2026
151495;HDFC Nifty G-Sec Apr 2029 Index Fund - Growth Option - Direct Plan;INF179KC1FQ0;;12.6515;;;05-Jan-2026
150844;HDFC Nifty G-Sec Dec 2026 Index Fund - Growth Option;INF179KC1EG4;;12.5213;;;05-Jan-2026
150845;HDFC Nifty G-Sec Dec 2026 Index Fund - Growth Option - Direct Plan;INF179KC1EE9;;12.5822;;;05-Jan-2026
150846;HDFC Nifty G-Sec July 2031 Index Fund - Growth Option;INF179KC1EI0;;12.8219;;;05-Jan-2026
150847;HDFC Nifty G-Sec July 2031 Index Fund - Growth Option - Direct Plan;INF179KC1EH2;;12.8882;;;05-Jan-2026
151180;HDFC Nifty G-Sec Jun 2027 Index Fund - Growth Option;INF179KC1EK6;;12.5139;;;05-Jan-2026
151181;HDFC Nifty G-Sec Jun 2027 Index Fund - Growth Option - Direct Plan;INF179KC1EJ8;;12.5736;;;05-Jan-2026
151490;HDFC Nifty G-Sec Jun 2036 Index Fund - Growth Option;INF179KC1FT4;;12.647;;;05-Jan-2026
151489;HDFC Nifty G-Sec Jun 2036 Index Fund - Growth Option - Direct Plan;INF179KC1FS6;;12.7142;;;05-Jan-2026
151182;HDFC Nifty G-Sec Sep 2032 Index Fund - Growth Option;INF179KC1EM2;;12.7204;;;05-Jan-2026
151183;HDFC Nifty G-Sec Sep 2032 Index Fund - Growth Option - Direct Plan;INF179KC1EL4;;12.7886;;;05-Jan-2026
153097;HDFC Nifty India Digital Index Fund - Growth Option - Direct;INF179KC1JB4;;9.484;;;05-Jan-2026
153096;HDFC Nifty India Digital Index Fund - Growth Option - Regular;INF179KC1JA6;;9.4344;;;05-Jan-2026
152890;HDFC NIFTY LargeMidcap 250 Index Fund - Growth Option;INF179KC1IP6;;10.305;;;05-Jan-2026
152889;HDFC NIFTY LargeMidcap 250 Index Fund - Growth Option - Direct;INF179KC1IQ4;;10.3669;;;05-Jan-2026
151725;HDFC NIFTY Midcap 150 Index Fund - Growth Option;INF179KC1GD6;;18.9353;;;05-Jan-2026
151724;HDFC NIFTY Midcap 150 Index Fund - Growth Option - Direct Plan;INF179KC1GC8;;19.2343;;;05-Jan-2026
149288;HDFC NIFTY Next 50 Index Fund - Direct Plan - Growth Option;INF179KC1BQ9;;16.5878;;;05-Jan-2026
149287;HDFC NIFTY Next 50 Index Fund - Growth Option;INF179KC1BR7;;16.2889;;;05-Jan-2026
152522;HDFC NIFTY Reality Index Fund - Regular Plan;INF179KC1ID2;;10.2138;;;05-Jan-2026
152521;HDFC NIFTY Realty Index Fund - Direct Plan;INF179KC1IE0;;10.3026;;;05-Jan-2026
151455;HDFC Nifty SDL Oct 2026 Index Fund - Growth Option;INF179KC1FJ5;;12.3455;;;05-Jan-2026
151456;HDFC Nifty SDL Oct 2026 Index Fund - Growth Option - Direct Plan;INF179KC1FI7;;12.402;;;05-Jan-2026
151571;HDFC NIFTY SDL Plus G-Sec Jun 2027 40:60 Index Fund - Growth Option;INF179KC1GB0;;12.2947;;;05-Jan-2026
151570;HDFC NIFTY SDL Plus G-Sec Jun 2027 40:60 Index Fund - Growth Option - Direct Plan;INF179KC1GA2;;12.3458;;;05-Jan-2026
151726;HDFC NIFTY Smallcap 250 Index Fund - Growth Option;INF179KC1GF1;;18.067;;;05-Jan-2026
151727;HDFC NIFTY Smallcap 250 Index Fund - Growth Option - Direct Plan;INF179KC1GE4;;18.346;;;05-Jan-2026
153405;HDFC Nifty Top 20 Equal Weight Index Fund - Direct;INF179KC1JI9;;11.0991;;;05-Jan-2026
153404;HDFC Nifty Top 20 Equal Weight Index Fund - Regular Growth;INF179KC1JH1;;11.0519;;;05-Jan-2026
152713;HDFC NIFTY100 Low Volatility 30 Index Fund - Direct Plan;INF179KC1IM3;HDFCNIVODG;10.9739;;;05-Jan-2026
152714;HDFC NIFTY100 Low Volatility 30 Index Fund - Regular Plan;INF179KC1IL5;;10.8912;;;05-Jan-2026
153264;HDFC Nifty100 Quality 30 Index Fund - Direct Plan;INF179KC1JF5;;11.3316;;;05-Jan-2026
153265;HDFC Nifty100 Quality 30 Index Fund - Regular Plan;INF179KC1JE8;;11.2843;;;05-Jan-2026
152430;HDFC NIFTY200 Momentum 30 Index Fund - Direct Plan;INF179KC1IC4;;10.622;;;05-Jan-2026
152429;HDFC NIFTY200 Momentum 30 Index Fund - Regular Plan;INF179KC1IB6;;10.5257;;;05-Jan-2026
149107;HDFC NIFTY50 Equal weight Index Fund - Direct Plan - Growth Option;INF179KC1BM8;;19.0397;;;05-Jan-2026
149106;HDFC NIFTY50 Equal weight Index Fund - Growth Option;INF179KC1BN6;;18.6125;;;05-Jan-2026
152778;HDFC NIFTY500 Multicap 50:25:25 Index Fund - Direct Plan;INF179KC1IO9;;10.1838;;;05-Jan-2026
152779;HDFC NIFTY500 Multicap 50:25:25 index Fund - Regular Plan;INF179KC1IN1;;10.1165;;;05-Jan-2026

Jio BlackRock Mutual Fund
153787;JioBlackRock Nifty 50 Index Fund - Direct Plan - Growth Option;INF22M001044;;10.5537;;;05-Jan-2026
153791;JioBlackRock Nifty 8-13 yr G-Sec Index Fund - Direct Plan - Growth Option;INF22M001069;;10.1560;;;05-Jan-2026
153788;JioBlackRock Nifty Midcap 150 Index Fund - Direct Plan - Growth Option;INF22M001077;;10.5958;;;05-Jan-2026
153789;JioBlackRock Nifty Next 50 Index Fund - Direct Plan - Growth Option;INF22M001085;;10.4426;;;05-Jan-2026
153790;JioBlackRock Nifty Smallcap 250 Index Fund - Direct Plan - Growth Option;INF22M001051;;9.9642;;;05-Jan-2026

Kotak Mahindra Mutual Fund
152038;Kotak  BSE Housing Index Fund - Regular Plan - Growth Option;INF174KA1OU1;;13.504;;;05-Jan-2026
152040;Kotak  BSE Housing Index Fund - Regular Plan - IDCW Option;INF174KA1OV9;INF174KA1OW7;13.504;;;05-Jan-2026
152039;Kotak BSE Housing Index Fund - Direct Plan - Growth Option;INF174KA1OX5;;13.678;;;05-Jan-2026
152037;Kotak BSE Housing Index Fund - Direct Plan - IDCW Option;INF174KA1OY3;INF174KA1OZ0;13.676;;;05-Jan-2026
152755;Kotak BSE PSU Index Fund - Direct Plan - Growth;INF174KA1SL1;;9.554;;;05-Jan-2026
152754;Kotak BSE PSU Index Fund - Direct Plan - IDCW Payout and Reinvestment;INF174KA1SM9;INF174KA1SN7;9.554;;;05-Jan-2026
152752;Kotak BSE PSU Index Fund - Regular Plan - Growth;INF174KA1SI7;;9.465;;;05-Jan-2026
152753;Kotak BSE PSU Index Fund - Regular Plan - IDCW Payout and Reinvestment;INF174KA1SJ5;INF174KA1SK3;9.465;;;05-Jan-2026
153284;Kotak BSE Sensex Index Fund - Regular - Growth;INF174KA1US2;;11.332;;;05-Jan-2026
153285;Kotak BSE Sensex Index Fund - Regular - IDCW;INF174KA1UT0;INF174KA1UU8;11.332;;;05-Jan-2026
153286;Kotak BSE Sensex Index Fund- Direct - Growth;INF174KA1UV6;;11.349;;;05-Jan-2026
153287;Kotak BSE Sensex Index Fund- Direct - IDCW;INF174KA1UQ6;INF174KA1UR4;11.349;;;05-Jan-2026
153313;Kotak CRISIL - IBX AAA Bond Financial Services Index Dec 2026 Fund - Direct - Growth;INF174KA1UX2;;10.7045;;;05-Jan-2026
153312;Kotak CRISIL - IBX AAA Bond Financial Services Index Dec 2026 Fund - Direct - IDCW;INF174KA1UY0;INF174KA1UZ7;10.7043;;;05-Jan-2026
153311;Kotak CRISIL - IBX AAA Bond Financial Services Index Dec 2026 Fund - Regular - Growth;INF174KA1VA8;;10.6858;;;05-Jan-2026
153310;Kotak CRISIL - IBX AAA Bond Financial Services Index Dec 2026 Fund - Regular - IDCW;INF174KA1VB6;INF174KA1VC4;10.6857;;;05-Jan-2026
152869;Kotak CRISIL -IBX AAA Financial Services Index Sep-2027 Fund-DIRECT PLAN-GROWTH Option;INF174KA1TF1;;11.1364;;;05-Jan-2026
152868;Kotak CRISIL -IBX AAA Financial Services Index Sep-2027 Fund-DIRECT PLAN-IDCW;INF174KA1SU2;INF174KA1SV0;11.1347;;;05-Jan-2026
152866;Kotak CRISIL -IBX AAA Financial Services Index Sep-2027 Fund-REGULAR PLAN-GROWTH;INF174KA1SW8;;11.1054;;;05-Jan-2026
152867;Kotak CRISIL-IBX AAA Financial Services Index Sep-2027 Fund-REGULAR PLAN-IDCW;INF174KA1SX6;INF174KA1SY4;11.1054;;;05-Jan-2026
153372;Kotak CRISIL-IBX Financial Services 3-6 Months Debt Index Fund-Direct-Growth;INF174KA1VK7;;10.5909;;;05-Jan-2026
153373;Kotak CRISIL-IBX Financial Services 3-6 Months Debt Index Fund-Direct-IDCW;INF174KA1VL5;INF174KA1VM3;10.5913;;;05-Jan-2026
153375;Kotak CRISIL-IBX Financial Services 3-6 Months Debt Index Fund-Regular-Growth;INF174KA1VN1;;10.5705;;;05-Jan-2026
153374;Kotak CRISIL-IBX Financial Services 3-6 Months Debt Index Fund-Regular-IDCW;INF174KA1VO9;INF174KA1VP6;10.5705;;;05-Jan-2026
153875;Kotak CRISIL-IBX Financial Services 9 to 12 Months Debt Index Fund - Direct - Growth;INF174KA1XM9;;10.1699;;;05-Jan-2026
153876;Kotak CRISIL-IBX Financial Services 9 to 12 Months Debt Index Fund - Direct - IDCW;INF174KA1XN7;INF174KA1XO5;10.1699;;;05-Jan-2026
153877;Kotak CRISIL-IBX Financial Services 9 to 12 Months Debt Index Fund - Regular - Growth;INF174KA1XP2;;10.1641;;;05-Jan-2026
153878;Kotak CRISIL-IBX Financial Services 9 to 12 Months Debt Index Fund - Regular - IDCW;INF174KA1XQ0;INF174KA1XR8;10.1641;;;05-Jan-2026
153146;Kotak Nifty 100 Equal Weight Index Fund - Direct Plan - Growth;INF174KA1TY2;;10.99;;;05-Jan-2026
153143;Kotak Nifty 100 Equal Weight index Fund - Direct Plan - IDCW Option;INF174KA1TZ9;INF174KA1UA0;10.99;;;05-Jan-2026
153145;Kotak Nifty 100 Equal Weight Index Fund - Regular Plan - Growth;INF174KA1UB8;;10.934;;;05-Jan-2026
153144;Kotak Nifty 100 Equal Weight Index Fund - Regular Plan - IDCW Option;INF174KA1UC6;INF174KA1UD4;10.934;;;05-Jan-2026
152663;Kotak NIFTY 100 Low Volatility 30 Index Fund - Direct plan - Growth option;INF174KA1RZ3;;11.4379;;;05-Jan-2026
152665;Kotak NIFTY 100 Low Volatility 30 Index Fund - Direct plan - IDCW option;INF174KA1SA4;INF174KA1SB2;11.4379;;;05-Jan-2026
152664;Kotak NIFTY 100 Low Volatility 30 Index Fund - Regular plan - Growth option;INF174KA1RW0;;11.3248;;;05-Jan-2026
152666;Kotak NIFTY 100 Low Volatility 30 Index Fund - Regular plan - IDCW option;INF174KA1RX8;INF174KA1RY6;11.3248;;;05-Jan-2026
151781;Kotak Nifty 200 Momentum 30 Index Fund - Direct Plan - Growth Option;INF174KA1OB1;;15.119;;;05-Jan-2026
151782;Kotak Nifty 200 Momentum 30 Index Fund - Direct Plan - IDCW Payout;INF174KA1OC9;INF174KA1OD7;15.119;;;05-Jan-2026
151783;Kotak Nifty 200 Momentum 30 Index Fund - Regular Plan - Growth Option;INF174KA1NY5;;14.931;;;05-Jan-2026
151780;Kotak Nifty 200 Momentum 30 Index Fund - Regular Plan - IDCW Payout;INF174KA1NZ2;INF174KA1OA3;14.931;;;05-Jan-2026
153660;KOTAK NIFTY 200 QUALITY 30 INDEX FUND - DIRECT PLAN - GROWTH;INF174KA1WN9;;10.393;;;05-Jan-2026
153658;KOTAK NIFTY 200 QUALITY 30 INDEX FUND - DIRECT PLAN - IDCW - PAYOUT AND REINVESTMENT;INF174KA1WO7;INF174KA1WP4;10.393;;;05-Jan-2026
153659;KOTAK NIFTY 200 QUALITY 30 INDEX FUND - REGULAR PLAN - GROWTH;INF174KA1WQ2;;10.374;;;05-Jan-2026
153661;KOTAK NIFTY 200 QUALITY 30 INDEX FUND - REGULAR PLAN - IDCW - PAYOUT AND REINVESTMENT;INF174KA1WR0;INF174KA1WS8;10.374;;;05-Jan-2026
153150;Kotak Nifty 50 Equal Weight Index Fund - Direct Plan - Growth;INF174KA1UE2;;11.461;;;05-Jan-2026
153147;Kotak Nifty 50 Equal Weight Index Fund - Direct Plan - IDCW Option;INF174KA1UF9;INF174KA1UG7;11.461;;;05-Jan-2026
153148;Kotak Nifty 50 Equal Weight Index Fund - Regular Plan - Growth;INF174KA1UH5;;11.401;;;05-Jan-2026
153149;Kotak Nifty 50 Equal Weight Index Fund - Regular Plan - IDCW Option;INF174KA1UI3;INF174KA1UJ1;11.401;;;05-Jan-2026
148978;Kotak Nifty 50 Index Fund - Direct Plan-Growth;INF174KA1HA7;;17.312;;;05-Jan-2026
148976;Kotak Nifty 50 Index Fund - Direct Plan-IDCW Payout;INF174KA1HB5;INF174KA1HC3;17.308;;;05-Jan-2026
148974;Kotak Nifty 50 Index Fund - Regular Plan-Growth;INF174KA1GX1;;17.067;;;05-Jan-2026
148979;Kotak Nifty 50 Index Fund - Regular Plan-IDCW Payout;INF174KA1GY9;INF174KA1GZ6;17.066;;;05-Jan-2026
153680;Kotak Nifty AAA Bond Financial Services Mar 2028 Index Fund - Direct Plan - Growth;INF174KA1WY6;;10.2973;;;05-Jan-2026
153681;Kotak Nifty AAA Bond Financial Services Mar 2028 Index Fund - Direct Plan - IDCW - Payout & Reinvestment;INF174KA1WZ3;INF174KA1WU4;10.2971;;;05-Jan-2026
153683;Kotak Nifty AAA Bond Financial Services Mar 2028 Index Fund - Regular Plan - Growth;INF174KA1WV2;;10.2867;;;05-Jan-2026
153682;Kotak Nifty AAA Bond Financial Services Mar 2028 Index Fund - Regular Plan - IDCW - Payout & Reinvestment;INF174KA1WW0;INF174KA1WX8;10.2867;;;05-Jan-2026
153781;Kotak Nifty Alpha 50 Index Fund - Direct Plan - Growth;INF174KA1XG1;;9.88;;;05-Jan-2026
153782;Kotak Nifty Alpha 50 Index Fund - Direct Plan - IDCW - Payout & Reinvestment;INF174KA1XH9;INF174KA1XI7;9.88;;;05-Jan-2026
153784;Kotak Nifty Alpha 50 Index Fund - Regular Plan - Growth;INF174KA1XJ5;;9.858;;;05-Jan-2026
153783;Kotak Nifty Alpha 50 Index Fund - Regular Plan - IDCW - Payout & Reinvestment;INF174KA1XK3;INF174KA1XL1;9.857;;;05-Jan-2026
153353;Kotak Nifty Commodities Index Fund-Direct Growth;INF174KA1VE0;;12.129;;;05-Jan-2026
153354;KOTAK NIFTY COMMODITIES INDEX FUND-DIRECT-IDCW-PAYOUT & REINVESTMENT;INF174KA1VF7;INF174KA1VG5;12.129;;;05-Jan-2026
153351;KOTAK NIFTY COMMODITIES INDEX FUND-REGULAR GROWTH;INF174KA1VH3;;12.103;;;05-Jan-2026
153352;KOTAK NIFTY COMMODITIES INDEX FUND-REGULAR-IDCW-PAYOUT & REINVESTMENT;INF174KA1VI1;INF174KA1VJ9;12.103;;;05-Jan-2026
151911;Kotak Nifty Financial Services Ex-Bank Index Fund - Direct Plan - Growth option;INF174KA1OR7;;16.865;;;05-Jan-2026
151912;Kotak Nifty Financial Services Ex-Bank Index Fund - Direct Plan - IDCW option;INF174KA1OS5;INF174KA1OT3;16.865;;;05-Jan-2026
151909;Kotak Nifty Financial Services Ex-Bank Index Fund - Regular Plan - Growth option;INF174KA1OO4;;16.645;;;05-Jan-2026
151910;Kotak Nifty Financial Services Ex-Bank Index Fund - Regular Plan - IDCW option;INF174KA1OP1;INF174KA1OQ9;16.645;;;05-Jan-2026
152098;Kotak Nifty G-Sec July 2033 Index Fund - Direct Plan - Growth;INF174KA1PJ1;;12.0822;;;05-Jan-2026
152099;Kotak Nifty G-Sec July 2033 Index Fund - Direct Plan - IDCW Payout;INF174KA1PK9;INF174KA1PL7;12.0823;;;05-Jan-2026
152100;Kotak Nifty G-Sec July 2033 Index Fund - Regular Plan - Growth;INF174KA1PG7;;12.015;;;05-Jan-2026
152101;Kotak Nifty G-Sec July 2033 Index Fund - Regular Plan - IDCW Payout;INF174KA1PH5;INF174KA1PI3;12.0149;;;05-Jan-2026
152873;Kotak Nifty India Tourism Index Fund-Direct Plan-IDCW Option;INF174K1TA2;INF174KA1TB0;9.248;;;05-Jan-2026
152870;Kotak Nifty India Tourism Index Fund-Direct-Growth Option;INF174KA1SZ1;;9.247;;;05-Jan-2026
152872;Kotak Nifty India Tourism Index Fund-Regular plan-Growth;INF174KA1TC8;;9.171;;;05-Jan-2026
152871;Kotak Nifty India Tourism Index Fund-Regular Plan-IDCW Option;INF174KA1TD6;INF174KA1TE4;9.171;;;05-Jan-2026
153401;KOTAK NIFTY MIDCAP 150 INDEX FUND-DIRECT PLAN-GROWTH;INF174KA1VQ4;;11.577;;;05-Jan-2026
153402;KOTAK NIFTY MIDCAP 150 INDEX FUND-DIRECT PLAN-IDCW-PAYOUT AND REINVESTMENT;INF174KA1VR2;INF174KA1VS0;11.577;;;05-Jan-2026
153399;KOTAK NIFTY MIDCAP 150 INDEX FUND-REGULAR PLAN-GROWTH;INF174KA1VT8;;11.532;;;05-Jan-2026
153400;KOTAK NIFTY MIDCAP 150 INDEX FUND-REGULAR PLAN-IDCW PAYOUT AND REINVESTMENT;INF174KA1VU6;INF174KA1VV4;11.532;;;05-Jan-2026
152916;Kotak Nifty Midcap 150 Momentum 50 Index Fund-Direct Plan-Growth;INF174KA1TM7;;9.474;;;05-Jan-2026
152917;Kotak Nifty Midcap 150 Momentum 50 Index Fund-Direct Plan-IDCW option;INF174KA1TN5;INF174KA1TO3;9.474;;;05-Jan-2026
152918;Kotak Nifty Midcap 150 Momentum 50 Index Fund-Regular Plan-Growth;INF174KA1TP0;;9.398;;;05-Jan-2026
152919;Kotak Nifty Midcap 150 Momentum 50 Index Fund-Regular plan-IDCW option;INF174KA1TQ8;INF174KA1TR6;9.397;;;05-Jan-2026
152767;KOTAK NIFTY MIDCAP 50 INDEX FUND-DIRECT PLAN- GROWTH;INF174KA1SR8;;10.743;;;05-Jan-2026
152768;KOTAK NIFTY MIDCAP 50 INDEX FUND-DIRECT PLAN-IDCW PAYOUT AND REINVESTMENT;INF174KA1SS6;INF174KA1ST4;10.743;;;05-Jan-2026
152765;KOTAK NIFTY MIDCAP 50 INDEX FUND-REGULAR PLAN-GROWTH;INF174KA1SO5;;10.652;;;05-Jan-2026
152766;KOTAK NIFTY MIDCAP 50 INDEX FUND-REGULAR PLAN-IDCW PAYOUT AND REINVESTMENT;INF174KA1SP2;INF174KA1SQ0;10.652;;;05-Jan-2026
148745;Kotak Nifty Next 50 Index Fund - Direct Plan - Growth Option;INF174KA1GA9;;20.5357;;;05-Jan-2026
148746;Kotak Nifty Next 50 Index Fund - Direct Plan -Payout of Income Distribution cum capital withdrawal option;INF174KA1FZ8;INF174KA1GB7;20.5355;;;05-Jan-2026
148743;Kotak Nifty Next 50 Index Fund - Regular Plan - Growth Option;INF174KA1FX3;;20.0394;;;05-Jan-2026
148744;Kotak Nifty Next 50 Index Fund - Regular Plan - Payout of Income Distribution cum capital withdrawal option;INF174KA1FW5;INF174KA1FY1;20.0399;;;05-Jan-2026
149855;Kotak Nifty SDL Apr  2027 Top 12 Equal Weight Index Fund-Direct Plan-Growth;INF174KA1IL2;;12.7591;;;05-Jan-2026
149852;Kotak Nifty SDL Apr  2027 Top 12 Equal Weight Index Fund-Regular Plan- Growth;INF174KA1II8;;12.6826;;;05-Jan-2026
149853;Kotak Nifty SDL Apr  2027 Top 12 Equal Weight Index Fund-Regular Plan-IDCW Option;INF174KA1IJ6;INF174KA1IK4;12.6828;;;05-Jan-2026
149854;Kotak Nifty SDL Apr 2027 Top 12 Equal Weight Index Fund-Direct Plan-IDCW Option;INF174KA1IM0;INF174KA1IN8;12.7584;;;05-Jan-2026
149865;Kotak Nifty SDL Apr 2032 Top 12 Equal Weight Index Fund-Direct Plan- Growth;INF174KA1IR9;;12.9792;;;05-Jan-2026
149864;Kotak Nifty SDL Apr 2032 Top 12 Equal Weight Index Fund-Direct Plan-IDCW Option;INF174KA1IS7;INF174KA1IT5;12.9778;;;05-Jan-2026
149862;Kotak Nifty SDL Apr 2032 Top 12 Equal Weight Index Fund-Regular Plan-Growth;INF174KA1IO6;;12.8933;;;05-Jan-2026
149866;Kotak Nifty SDL Apr 2032 Top 12 Equal Weight Index Fund-Regular Plan-IDCW Option;INF174KA1IP3;INF174KA1IQ1;12.8973;;;05-Jan-2026
151218;Kotak Nifty SDL Jul 2026 Index Fund Direct Plan Growth;INF174KA1LC5;;12.4261;;;05-Jan-2026
151219;Kotak Nifty SDL Jul 2026 Index Fund Direct Plan IDCW;INF174KA1LD3;INF174KA1LE1;11.9905;;;05-Jan-2026
151216;Kotak Nifty SDL Jul 2026 Index Fund Regular Plan Growth;INF174KA1KZ8;;12.3476;;;05-Jan-2026
151217;Kotak Nifty SDL Jul 2026 Index Fund Regular Plan IDCW;INF174KA1LA9;INF174KA1LB7;12.3477;;;05-Jan-2026
151420;Kotak Nifty SDL Jul 2033 Index Fund Direct Plan Growth Option;INF174KA1MJ8;;12.4688;;;05-Jan-2026
151418;Kotak Nifty SDL Jul 2033 Index Fund Direct Plan IDCW;INF174KA1MK6;INF174KA1ML4;12.1021;;;05-Jan-2026
151417;Kotak Nifty SDL Jul 2033 Index Fund Regular Plan Growth Option;INF174KA1MG4;;12.3835;;;05-Jan-2026
151419;Kotak Nifty SDL Jul 2033 Index Fund Regular Plan IDCW;INF174KA1MH2;INF174KA1MI0;12.3835;;;05-Jan-2026
150725;Kotak Nifty SDL Plus AAA PSU Bond Jul 2028 60:40 Index Fund Direct Plan - Growth;INF174KA1JT3;;12.8402;;;05-Jan-2026
150726;Kotak Nifty SDL Plus AAA PSU Bond Jul 2028 60:40 Index Fund Direct Plan - IDCW;INF174KA1JU1;INF174KA1JV9;12.8403;;;05-Jan-2026
150723;Kotak Nifty SDL Plus AAA PSU Bond Jul 2028 60:40 Index Fund Regular Plan - Growth;INF174KA1JQ9;;12.7599;;;05-Jan-2026
150724;Kotak Nifty SDL Plus AAA PSU Bond Jul 2028 60:40 Index Fund Regular Plan - IDCW;INF174KA1JR7;INF174KA1JS5;12.7559;;;05-Jan-2026
153220;Kotak Nifty SmallCap 250 Index Fund - Direct - IDCW;INF174KA1UL7;INF174KA1UM5;10.933;;;05-Jan-2026
153223;Kotak Nifty SmallCap 250 Index Fund- Direct - Growth;INF174KA1UK9;;10.932;;;05-Jan-2026
153221;Kotak Nifty SmallCap 250 Index Fund- Regular - Growth;INF174KA1UN3;;10.883;;;05-Jan-2026
153222;Kotak Nifty SmallCap 250 Index Fund- Regular - IDCW;INF174KA1UO1;INF174KA1UP8;10.883;;;05-Jan-2026
151649;Kotak Nifty Smallcap 50 Index Fund - Direct Plan - Growth;INF174KA1NB3;;20.339;;;05-Jan-2026
151650;Kotak Nifty Smallcap 50 Index Fund - Direct Plan - IDCW;INF174KA1NC1;INF174KA1ND9;20.35;;;05-Jan-2026
151647;Kotak Nifty Smallcap 50 Index Fund - Regular Plan - Growth;INF174KA1MY7;;19.985;;;05-Jan-2026
151648;Kotak Nifty Smallcap 50 Index Fund - Regular Plan - IDCW;INF174KA1MZ4;INF174KA1NA5;19.985;;;05-Jan-2026
153461;Kotak Nifty Top 10 Equal Weight Index Fund-Direct Plan-Growth;INF174KA1WD0;;10.486;;;05-Jan-2026
153462;Kotak Nifty Top 10 Equal Weight Index Fund-Direct Plan-IDCW-Payout and Reinvestment;INF174KA1WE8;INF174KA1WF5;10.486;;;05-Jan-2026
153463;Kotak Nifty Top 10 Equal Weight Index Fund-Regular Plan-Growth;INF174KA1WG3;;10.435;;;05-Jan-2026
153464;Kotak Nifty Top 10 Equal Weight Index Fund-Regular Plan-IDCW Payout and Reinvestment;INF174KA1WH1;INF174KA1WI9;10.435;;;05-Jan-2026
154032;Kotak Nifty500 Momentum 50 Index Fund - Direct Plan - Growth;INF174KA1YC8;;10.081;;;05-Jan-2026
154029;Kotak Nifty500 Momentum 50 Index Fund - Direct Plan - IDCW - Payout & Investment;INF174KA1YD6;INF174KA1YE4;10.081;;;05-Jan-2026
154030;Kotak Nifty500 Momentum 50 Index Fund - Regular Plan - Growth;INF174KA1YF1;;10.079;;;05-Jan-2026
154031;Kotak Nifty500 Momentum 50 Index Fund - Regular Plan - IDCW - Payout & Reinvestment;INF174KA1YG9;INF174KA1YH7;10.079;;;05-Jan-2026

LIC Mutual Fund
120308;LIC MF BSE Sensex Index Fund-Direct Plan-Growth;INF767K01FJ4;;171.5024;;;05-Jan-2026
120312;LIC MF BSE Sensex Index Fund-Direct Plan-IDCW;INF767K01FI6;INF767K01FK2;57.4974;;;05-Jan-2026
101199;LIC MF BSE Sensex Index Fund-Regular Plan-Growth;INF767K01139;;159.5649;;;05-Jan-2026
101198;LIC MF BSE Sensex Index Fund-Regular Plan-IDCW;INF767K01121;INF767K01113;54.692;;;05-Jan-2026
120307;LIC MF Nifty 50 Index Fund-Direct Plan-Growth;INF767K01FF2;;156.4912;;;05-Jan-2026
120309;LIC MF Nifty 50 Index Fund-Direct Plan-IDCW;INF767K01FG0;INF767K01FH8;57.6613;;;05-Jan-2026
101201;LIC MF Nifty 50 Index Fund-Regular Plan-Growth;INF767K01162;;144.8388;;;05-Jan-2026
101200;LIC MF Nifty 50 Index Fund-Regular Plan-IDCW;INF767K01154;INF767K01147;53.4307;;;05-Jan-2026
151937;LIC MF Nifty Next 50 Index Fund-Direct Plan-Growth;INF397L01AW2;;57.3596;;;05-Jan-2026
151938;LIC MF Nifty Next 50 Index Fund-Direct Plan-IDCW;INF397L01AY8;INF397L01AX0;57.3595;;;05-Jan-2026
151935;LIC MF Nifty Next 50 Index Fund-Regular Plan-Growth;INF397L01174;;52.1562;;;05-Jan-2026
151936;LIC MF Nifty Next 50 Index Fund-Regular Plan-IDCW;INF397L01166;INF397L01182;52.1562;;;05-Jan-2026

Mirae Asset Mutual Fund
150792;Mirae Asset CRISIL IBX Gilt Index - April 2033 Index Fund - Direct Plan - Growth;INF769K01IX5;;13.0684;;;05-Jan-2026
150789;Mirae Asset CRISIL IBX Gilt Index - April 2033 Index Fund - Direct Plan - IDCW;INF769K01IW7;INF769K01IY3;13.0650;;;05-Jan-2026
150790;Mirae Asset CRISIL IBX Gilt Index - April 2033 Index Fund - Regular Plan - Growth;INF769K01IU1;;12.9482;;;05-Jan-2026
150791;Mirae Asset CRISIL IBX Gilt Index - April 2033 Index Fund - Regular Plan - IDCW;INF769K01IT3;INF769K01IV9;12.9491;;;05-Jan-2026
153634;Mirae Asset CRISIL-IBX Financial Services 9-12 Months Debt Index Fund - Direct Plan - Growth;INF769K01OS3;;10.3238;;;05-Jan-2026
153635;Mirae Asset CRISIL-IBX Financial Services 9-12 Months Debt Index Fund - Direct Plan - IDCW;INF769K01OU9;INF769K01OT1;10.3233;;;05-Jan-2026
153636;Mirae Asset CRISIL-IBX Financial Services 9-12 Months Debt Index Fund - Regular Plan - Growth;INF769K01OP9;;10.3130;;;05-Jan-2026
153637;Mirae Asset CRISIL-IBX Financial Services 9-12 Months Debt Index Fund - Regular Plan - IDCW;INF769K01OR5;INF769K01OQ7;10.3132;;;05-Jan-2026
152972;Mirae Asset Nifty 50 Index Fund - Direct Plan - Growth;INF769K01MQ1;;10.8736;;;05-Jan-2026
152973;Mirae Asset Nifty 50 Index Fund - Direct Plan - IDCW;INF769K01MN8;INF769K01MM0;10.8736;;;05-Jan-2026
152974;Mirae Asset Nifty 50 Index Fund - Regular Plan - Growth;INF769K01MO6;;10.7918;;;05-Jan-2026
152975;Mirae Asset Nifty 50 Index Fund - Regular Plan - IDCW;INF769K01MP3;INF769K01MR9;10.7913;;;05-Jan-2026
150788;Mirae Asset Nifty AAA PSU Bond Plus SDL Apr 2026 50:50 Index Fund - Direct Plan - Growth;INF769K01JD5;;12.5724;;;05-Jan-2026
150787;Mirae Asset Nifty AAA PSU Bond Plus SDL Apr 2026 50:50 Index Fund - Direct Plan - IDCW;INF769K01JC7;INF769K01JE3;12.5724;;;05-Jan-2026
150786;Mirae Asset Nifty AAA PSU Bond Plus SDL Apr 2026 50:50 Index Fund - Regular Plan - Growth;INF769K01JA1;;12.4860;;;05-Jan-2026
150785;Mirae Asset Nifty AAA PSU Bond Plus SDL Apr 2026 50:50 Index Fund - Regular Plan - IDCW;INF769K01IZ0;INF769K01JB9;12.4863;;;05-Jan-2026
152976;Mirae Asset Nifty LargeMidcap 250 Index Fund - Direct Plan - Growth;INF769K01MJ6;;10.7709;;;05-Jan-2026
152977;Mirae Asset Nifty LargeMidcap 250 Index Fund - Direct Plan - IDCW;INF769K01ML2;INF769K01MK4;10.7718;;;05-Jan-2026
152978;Mirae Asset Nifty LargeMidcap 250 Index Fund - Regular Plan - Growth;INF769K01MG2;;10.6865;;;05-Jan-2026
152979;Mirae Asset Nifty LargeMidcap 250 Index Fund - Regular Plan - IDCW;INF769K01MI8;INF769K01MH0;10.6859;;;05-Jan-2026
150359;Mirae Asset Nifty SDL Jun 2027 Index Fund - Direct Plan - IDCW;INF769K01IG0;INF769K01II6;12.7620;;;05-Jan-2026
150360;Mirae Asset Nifty SDL Jun 2027 Index Fund - Regular Plan - Growth;INF769K01IE5;;12.6839;;;05-Jan-2026
150361;Mirae Asset Nifty SDL Jun 2027 Index Fund - Regular Plan - IDCW;INF769K01ID7;INF769K01IF2;12.6845;;;05-Jan-2026
150358;Mirae Asset Nifty SDL Jun 2027 Index Fund -Direct Plan - Growth;INF769K01IH8;;12.7615;;;05-Jan-2026
151691;Mirae Asset Nifty SDL June 2028 Index Fund - Direct Plan - Growth;INF769K01JZ8;;12.4409;;;05-Jan-2026
151692;Mirae Asset Nifty SDL June 2028 Index Fund - Direct Plan - IDCW;INF769K01JY1;INF769K01KA9;12.4409;;;05-Jan-2026
151693;Mirae Asset Nifty SDL June 2028 Index Fund - Regular Plan - IDCW;INF769K01JV7;INF769K01JX3;12.3140;;;05-Jan-2026
151694;Mirae Asset Nifty SDL June 2028 Index Fund -Regular Plan - Growth;INF769K01JW5;;12.3137;;;05-Jan-2026
152968;Mirae Asset Nifty Total Market Index Fund - Direct Plan - Growth;INF769K01MD9;;10.6757;;;05-Jan-2026
152969;Mirae Asset Nifty Total Market Index Fund - Direct Plan - IDCW;INF769K01ME7;INF769K01MF4;10.6754;;;05-Jan-2026
152970;Mirae Asset Nifty Total Market Index Fund - Regular Plan - Growth;INF769K01MA5;;10.5869;;;05-Jan-2026
152971;Mirae Asset Nifty Total Market Index Fund - Regular Plan - IDCW;INF769K01MB3;INF769K01MC1;10.5866;;;05-Jan-2026

Motilal Oswal Mutual Fund
153596;Motilal Oswal BSE 1000 Index Fund - Direct Plan - Growth;INF247L01FM9;;10.3261;;;05-Jan-2026
153597;Motilal Oswal BSE 1000 Index Fund - Regular Plan - Growth;INF247L01FN7;;10.2852;;;05-Jan-2026
150518;Motilal Oswal BSE Enhanced Value Index Fund-Direct plan;INF247L01BF2;;28.7898;;;05-Jan-2026
150519;Motilal Oswal BSE Enhanced Value Index Fund-Regular plan;INF247L01BG0;;28.1377;;;05-Jan-2026
150443;Motilal Oswal BSE Financials ex Bank 30 Index Fund Direct Growth;INF247L01BC9;;18.5648;;;05-Jan-2026
150444;Motilal Oswal BSE Financials ex Bank 30 Index Fund Regular Growth;INF247L01BD7;;18.1289;;;05-Jan-2026
149919;Motilal Oswal BSE Low Volatility Index Fund-Direct plan;INF247L01AY5;;17.4244;;;05-Jan-2026
149920;Motilal Oswal BSE Low Volatility Index Fund-Regular plan;INF247L01AZ2;;17.0026;;;05-Jan-2026
150521;Motilal Oswal BSE Quality Index Fund-Direct plan;INF247L01BI6;;17.5579;;;05-Jan-2026
150522;Motilal Oswal BSE Quality Index Fund-Regular plan;INF247L01BJ4;;17.1545;;;05-Jan-2026
149800;Motilal Oswal Nifty 200 Momentum 30 Index Fund-Direct Plan;INF247L01AV1;;15.8047;;;05-Jan-2026
149799;Motilal Oswal Nifty 200 Momentum 30 Index Fund-Regular Plan;INF247L01AW9;;15.3945;;;05-Jan-2026
147794;Motilal Oswal Nifty 50 Index Fund - Direct plan - Growth;INF247L01AE7;;22.7325;;;05-Jan-2026
147795;Motilal Oswal Nifty 50 Index Fund - Regular plan - Growth;INF247L01AF4;;22.1789;;;05-Jan-2026
147625;Motilal Oswal Nifty 500 Index Fund - Direct Plan;INF247L01957;;27.9362;;;05-Jan-2026
147626;Motilal Oswal Nifty 500 Index Fund - Regular Plan;INF247L01940;;26.7748;;;05-Jan-2026
152875;Motilal Oswal Nifty 500 Momentum 50 Index Fund-Direct Plan-Growth;INF247L01DL6;;8.2774;;;05-Jan-2026
152876;Motilal Oswal Nifty 500 Momentum 50 Index Fund-Regular Plan-Growth;INF247L01DM4;;8.2034;;;05-Jan-2026
147619;Motilal Oswal Nifty Bank Index - Regular Plan;INF247L01882;;21.2797;;;05-Jan-2026
147620;Motilal Oswal Nifty Bank Index Fund - Direct Plan;INF247L01890;;22.2557;;;05-Jan-2026
153138;Motilal Oswal Nifty Capital Market Index Fund - Direct Plan - Growth;INF247L01EB5;;11.1301;;;05-Jan-2026
153137;Motilal Oswal Nifty Capital Market Index Fund - Regular Plan - Growth;INF247L01EC3;;11.0518;;;05-Jan-2026
152712;Motilal Oswal Nifty India Defence Index Fund Direct Plan Growth;INF247L01CW5;;10.4075;;;05-Jan-2026
152711;Motilal Oswal Nifty India Defence Index Fund Regular Plan Growth;INF247L01CV7;;10.2935;;;05-Jan-2026
151814;Motilal Oswal Nifty Microcap 250 Index Fund- Direct- Growth Option;INF247L01BQ9;;16.7404;;;05-Jan-2026
151815;Motilal Oswal Nifty Microcap 250 Index Fund- Regular- Growth Option;INF247L01BR7;;16.4708;;;05-Jan-2026
147622;Motilal Oswal Nifty Midcap 150 Index Fund - Direct Plan;INF247L01916;;40.7907;;;05-Jan-2026
147621;Motilal Oswal Nifty Midcap 150 Index Fund - Regular Plan;INF247L01908;;38.9546;;;05-Jan-2026
153027;Motilal Oswal Nifty MidSmall Financial Services Index Fund - Direct Plan- Growth;INF247L01DW3;;13.7642;;;05-Jan-2026
153026;Motilal Oswal Nifty MidSmall Financial Services Index Fund-Regular Plan-Growth;INF247L01DX1;;13.6881;;;05-Jan-2026
153023;Motilal Oswal Nifty MidSmall Healthcare Index Fund- Direct Plan-Growth;INF247L01EA7;;10.6817;;;05-Jan-2026
153022;Motilal Oswal Nifty MidSmall Healthcare Index Fund-Regular Plan-Growth;INF247L01DT9;;10.6239;;;05-Jan-2026
153025;Motilal Oswal Nifty MidSmall India Consumption Index Fund - Direct Plan- Growth;INF247L01DU7;;10.0887;;;05-Jan-2026
153024;Motilal Oswal Nifty MidSmall India Consumption Index Fund-Regular Plan-Growth;INF247L01DV5;;10.0333;;;05-Jan-2026
153029;Motilal Oswal Nifty MidSmall IT and Telecom Index Fund - Direct Plan- Growth;INF247L01DY9;;9.8446;;;05-Jan-2026
153028;Motilal Oswal Nifty MidSmall IT and Telecom Index Fund-Regular Plan-Growth;INF247L01DZ6;;9.7895;;;05-Jan-2026
147796;Motilal Oswal Nifty Next 50 Index Fund - Direct plan - Growth;INF247L01AC1;;25.1984;;;05-Jan-2026
147797;Motilal Oswal Nifty Next 50 Index Fund - Regular plan - Growth;INF247L01AD9;;24.1809;;;05-Jan-2026
147624;Motilal Oswal Nifty Smallcap 250 Index - Regular Plan;INF247L01924;;36.0830;;;05-Jan-2026
147623;Motilal Oswal Nifty Smallcap 250 Index Fund- Direct Plan;INF247L01932;;37.6997;;;05-Jan-2026

Navi Mutual Fund
152062;NAVI BSE SENSEX INDEX FUND - DIRECT PLAN - GROWTH;INF959L01HK9;;13.2502;;;05-Jan-2026
152061;NAVI BSE SENSEX INDEX FUND - REGULAR PLAN - GROWTH;INF959L01HJ1;;13.035;;;05-Jan-2026
149039;Navi Nifty 50 Index Fund-Direct Plan-Growth;INF959L01FP2;;17.1961;;;05-Jan-2026
149040;Navi Nifty 50 Index Fund-Regular Plan-Growth;INF959L01FQ0;;17.0402;;;05-Jan-2026
152751;NAVI NIFTY 500 MULTICAP 50-25-25 DIRECT PLAN;INF959L01HO1;;10.2532;;;05-Jan-2026
152750;NAVI NIFTY 500 MULTICAP 50-25-25 REGULAR PLAN;INF959L01HN3;;10.1515;;;05-Jan-2026
149804;Navi Nifty Bank Index Fund- Direct Plan- Growth;INF959L01FT4;;15.7809;;;05-Jan-2026
149805;Navi Nifty Bank Index Fund- Regular Plan- Growth;INF959L01FU2;;15.3417;;;05-Jan-2026
150515;Navi Nifty India Manufacturing Index Fund- Direct Plan- Growth;INF959L01GD6;;18.9824;;;05-Jan-2026
150516;Navi Nifty India Manufacturing Index Fund- Regular Plan- Growth;INF959L01GE4;;18.4829;;;05-Jan-2026
149892;Navi Nifty Midcap 150 Index Fund Direct Plan- Growth;INF959L01FX6;;21.3199;;;05-Jan-2026
149893;Navi Nifty Midcap 150 Index Fund Regular Plan- Growth;INF959L01FY4;;20.6338;;;05-Jan-2026
154026;Navi Nifty Midsmall 400 Index Fund - Regular - Growth;INF959L01HS2;;10.3731;;;05-Jan-2026
154027;Navi Nifty midsmallcap 400 Index Fund- Direct - Growth;INF959L01HR4;;10.3799;;;05-Jan-2026
149447;Navi Nifty Next 50 Index Fund- Direct Plan- Growth;INF959L01FR8;;16.7131;;;05-Jan-2026
149448;Navi Nifty Next 50 Index Fund- Regular Plan- Growth;INF959L01FS6;;16.3689;;;05-Jan-2026
153362;Navi Nifty Smallcap 250 Momentum quality index fund- Direct Plan;INF959L01HQ6;;11.1743;;;05-Jan-2026
153363;Navi Nifty Smallcap 250 Momentum quality index fund- Regular Plan;INF959L01HP8;;11.1123;;;05-Jan-2026
152535;Navi NiftyIT Index Fund - Direct Plan- Growth;INF959L01HM5;;11.1516;;;05-Jan-2026
152536;Navi NiftyIT Index Fund - Regular Plan -Growth;INF959L01HL7;;11.0063;;;05-Jan-2026

PGIM India Mutual Fund
151407;PGIM India CRISIL IBX Gilt Index - Apr 2028 Fund - Direct Plan, Growth Option;INF663L01X21;;12.4935;;;05-Jan-2026
151406;PGIM India CRISIL IBX Gilt Index - Apr 2028 Fund - Direct Plan, IDCW Option;INF663L01X39;INF663L01X47;10.9521;;;05-Jan-2026
151404;PGIM India CRISIL IBX Gilt Index - Apr 2028 Fund - Regular Plan, Growth Option;INF663L01X54;;12.4331;;;05-Jan-2026
151405;PGIM India CRISIL IBX Gilt Index - Apr 2028 Fund - Regular Plan, IDCW Option;INF663L01X62;INF663L01X70;10.8961;;;05-Jan-2026

SBI Mutual Fund
153432;SBI BSE PSU BANK INDEX FUND- Direct Plan- Growth;INF200KB1688;;14.1016;;;05-Jan-2026
153433;SBI BSE PSU BANK INDEX FUND- Direct Plan- Income Distribution Cum Capital Withdrawal Option (IDCW);INF200KB1704;INF200KB1696;14.1016;;;05-Jan-2026
153434;SBI BSE PSU BANK INDEX FUND- Regular Plan- Growth;INF200KB1654;;14.0481;;;05-Jan-2026
153431;SBI BSE PSU BANK INDEX FUND- Regular Plan- Income Distribution Cum Capital Withdrawal Option (IDCW);INF200KB1662;INF200KB1670;14.0486;;;05-Jan-2026
151769;SBI BSE Sensex Index Fund - Direct Plan - Growth;INF200KA16Y4;;14.0083;;;05-Jan-2026
151770;SBI BSE Sensex Index Fund - Direct Plan - IDCW;INF200KA17Y2;INF200KA18Y0;14.0083;;;05-Jan-2026
151765;SBI BSE Sensex Index Fund - Regular Plan - Growth;INF200KA13Y1;;13.9254;;;05-Jan-2026
151766;SBI BSE Sensex Index Fund - Regular Plan - IDCW;INF200KA14Y9;INF200KA15Y6;13.9254;;;05-Jan-2026
149474;SBI CPSE Bond Plus SDL Sep 2026 50:50 Index Fund - Direct Plan - Growth;INF200KA13D5;;12.7107;;;05-Jan-2026
149475;SBI CPSE Bond Plus SDL Sep 2026 50:50 Index Fund - Direct Plan - Income Distribution cum Capital Withdrawal Option (IDCW);INF200KA14D3;INF200KA15D0;12.7656;;;05-Jan-2026
149472;SBI CPSE Bond Plus SDL Sep 2026 50:50 Index Fund - Regular Plan - Growth;INF200KA10D1;;12.6266;;;05-Jan-2026
149473;SBI CPSE Bond Plus SDL Sep 2026 50:50 Index Fund - Regular Plan - Income Distribution cum Capital Withdrawal Option (IDCW);INF200KA11D9;INF200KA12D7;12.6269;;;05-Jan-2026
150706;SBI CRISIL IBX Gilt Index - April 2029 Fund - Direct Plan - Growth;INF200KA18Q6;;13.0043;;;05-Jan-2026
150708;SBI CRISIL IBX Gilt Index - April 2029 Fund - Direct Plan - Income Distribution cum Capital Withdrawal Option (IDCW);INF200KA19Q4;INF200KA10R1;13.0044;;;05-Jan-2026
150707;SBI CRISIL IBX Gilt Index - April 2029 Fund - Regular Plan - Growth;INF200KA15Q2;;12.9061;;;05-Jan-2026
150709;SBI CRISIL IBX Gilt Index - April 2029 Fund - Regular Plan - Income Distribution cum Capital Withdrawal Option (IDCW);INF200KA16Q0;INF200KA17Q8;12.9070;;;05-Jan-2026
150681;SBI |CRISIL IBX Gilt Index - June 2036 Fund - Direct Plan - Growth;INF200KA12Q9;;13.0968;;;05-Jan-2026
150682;SBI CRISIL IBX Gilt Index - June 2036 Fund - Direct Plan - Income Distribution cum Capital Withdrawal Option (IDCW);INF200KA13Q7;INF200KA14Q5;13.0968;;;05-Jan-2026
150683;SBI CRISIL IBX Gilt Index - June 2036 Fund - Regular Plan - Growth;INF200KA19P6;;12.9925;;;05-Jan-2026
150680;SBI CRISIL IBX Gilt Index - June 2036 Fund - Regular Plan - Income Distribution cum Capital Withdrawal Option (IDCW);INF200KA10Q3;INF200KA11Q1;12.9929;;;05-Jan-2026
150711;SBI CRISIL IBX SDL Index - September 2027 Fund - Direct Plan - Growth;INF200KA14R3;;12.7724;;;05-Jan-2026
150713;SBI CRISIL IBX SDL Index - September 2027 Fund - Direct Plan - Income Distribution cum Capital Withdrawal Option (IDCW);INF200KA15R0;INF200KA16R8;12.7781;;;05-Jan-2026
150712;SBI CRISIL IBX SDL Index - September 2027 Fund - Regular Plan - Growth;INF200KA11R9;;12.6997;;;05-Jan-2026
150710;SBI CRISIL IBX SDL Index - September 2027 Fund - Regular Plan - Income Distribution cum Capital Withdrawal Option (IDCW);INF200KA12R7;INF200KA13R5;12.6999;;;05-Jan-2026
152908;SBI Nifty 500 Index Fund- Direct Plan- Growth;INF200KB1381;;9.9885;;;05-Jan-2026
152909;SBI Nifty 500 Index Fund- Direct Plan- Income Distribution Cum Capital Withdrawal (IDCW);INF200KB1399;INF200KB1407;9.9885;;;05-Jan-2026
152906;SBI Nifty 500 Index Fund- Regular Plan- Growth;INF200KB1357;;9.9269;;;05-Jan-2026
152907;SBI Nifty 500 Index Fund- Regular Plan- Income Distribution Cum Capital Withdrawal (IDCW);INF200KB1365;INF200KB1373;9.9266;;;05-Jan-2026
153251;SBI Nifty Bank Index Fund- Regular Plan- Income Distribution Cum Capital Withdrawal Option;INF200KB1548;INF200KB1555;11.9355;;;05-Jan-2026
153250;SBI Nifty Bank Index Fund-Direct Plan- Growth;INF200KB1563;;11.9882;;;05-Jan-2026
153252;SBI Nifty Bank Index Fund-Direct Plan- Income Distribution Cum Capital Withdrawal Option;INF200KB1571;INF200KB1589;11.9882;;;05-Jan-2026
153253;SBI Nifty Bank Index Fund-Regular Plan- Growth;INF200KB1530;;11.9355;;;05-Jan-2026
119827;SBI NIFTY INDEX FUND - DIRECT PLAN - GROWTH;INF200K01TE8;;243.7828;;;05-Jan-2026
119826;SBI Nifty Index Fund - Direct Plan - Income Distribution cum Capital Withdrawal Option (IDCW);INF200K01TC2;INF200K01TD0;125.2156;;;05-Jan-2026
102272;SBI NIFTY INDEX FUND - REGULAR PLAN - GROWTH;INF200K01537;;232.1811;;;05-Jan-2026
102273;SBI Nifty Index Fund - Regular Plan - Income Distribution cum Capital Withdrawal Option (IDCW);INF200K01545;INF200K01552;119.1219;;;05-Jan-2026
153015;SBI Nifty India Consumption Index Fund- Direct Plan- Growth;INF200KB1449;;10.6906;;;05-Jan-2026
153014;SBI Nifty India Consumption Index Fund- Direct Plan- IDCW Payout;INF200KB1456;INF200KB1464;10.6906;;;05-Jan-2026
153012;SBI Nifty India Consumption Index Fund- Regular Plan- Growth;INF200KB1415;;10.6295;;;05-Jan-2026
153013;SBI Nifty India Consumption Index Fund- Regular Plan- IDCW Payout;INF200KB1423;INF200KB1431;10.6296;;;05-Jan-2026
153320;SBI Nifty IT Index Fund - Direct Plan - Growth;INF200KB1621;;9.4619;;;05-Jan-2026
153321;SBI Nifty IT Index Fund - Direct Plan - Income Distribution Cum Withdrawal Option (IDCW);INF200KB1639;INF200KB1647;9.4620;;;05-Jan-2026
153323;SBI Nifty IT Index Fund - Regular Plan - Growth;INF200KB1597;;9.4221;;;05-Jan-2026
153322;SBI Nifty IT Index Fund - Regular Plan - Income Distribution Cum Capital Withdrawal Option (IDCW);INF200KB1605;INF200KB1613;9.4221;;;05-Jan-2026
150673;SBI Nifty Midcap 150 Index Fund - Direct Plan - Growth;INF200KA10P5;;19.6077;;;05-Jan-2026
150675;SBI Nifty Midcap 150 Index Fund - Direct Plan - Income Distribution cum Capital Withdrawal Option (IDCW);INF200KA11P3;INF200KA12P1;19.6070;;;05-Jan-2026
150672;SBI Nifty Midcap 150 Index Fund - Regular Plan - Growth;INF200KA17O3;;19.2745;;;05-Jan-2026
150674;SBI Nifty Midcap 150 Index Fund - Regular Plan - Income Distribution cum Capital Withdrawal Option (IDCW);INF200KA18O1;INF200KA19O9;19.2748;;;05-Jan-2026
148945;SBI Nifty Next 50 Index Fund - Direct Plan - Growth;INF200KA1W00;;19.4486;;;05-Jan-2026
148946;SBI Nifty Next 50 Index Fund - Direct Plan - Income Distribution cum Capital Withdrawal Option (IDCW);INF200KA1W18;INF200KA1W26;19.4475;;;05-Jan-2026
148943;SBI Nifty Next 50 Index Fund - Regular Plan - Growth;INF200KA1V76;;19.0279;;;05-Jan-2026
148944;SBI Nifty Next 50 Index Fund - Regular Plan - Income Distribution cum Capital Withdrawal Option (IDCW);INF200KA1V84;INF200KA1V92;19.0281;;;05-Jan-2026
150677;SBI Nifty Smallcap 250 Index Fund - Direct Plan - Growth;INF200KA16P2;;18.3614;;;05-Jan-2026
150678;SBI Nifty Smallcap 250 Index Fund - Direct Plan - Income Distribution cum Capital Withdrawal Option (IDCW);INF200KA17P0;INF200KA18P8;18.3610;;;05-Jan-2026
150676;SBI Nifty Smallcap 250 Index Fund - Regular Plan - Growth;INF200KA13P9;;18.0431;;;05-Jan-2026
150679;SBI Nifty Smallcap 250 Index Fund - Regular Plan - Income Distribution cum Capital Withdrawal Option (IDCW);INF200KA14P7;INF200KA15P4;18.0436;;;05-Jan-2026
153718;SBI Nifty100 Low Volatility 30 Index Fund- Direct Plan- Growth;INF200KB1936;;10.7250;;;05-Jan-2026
153716;SBI Nifty100 Low Volatility 30 Index Fund- Regular Plan- Growth;INF200KB1902;;10.7061;;;05-Jan-2026
153717;SBI Nifty100 Low Volatility 30 Index Fund- Regular Plan- Income Cum Distribution Capital Withdrawal Option (IDCW);INF200KB1910;INF200KB1928;10.7061;;;05-Jan-2026
153719;SBI Nifty100 Low Volatility 30 Index Fund-Direct  Plan- Income Cum Distribution Capital Withdrawal Option (IDCW);INF200KB1944;INF200KB1951;10.7250;;;05-Jan-2026
153662;SBI Nifty200 Momentum 30 Index Fund- Direct Plan- Growth;INF200KB1878;;10.0632;;;05-Jan-2026
153665;SBI Nifty200 Momentum 30 Index Fund- Direct Plan- Income Cum Distribution Capital Withdrawal Option (IDCW);INF200KB1886;INF200KB1894;10.0634;;;05-Jan-2026
153663;SBI Nifty200 Momentum 30 Index Fund- Regular Plan- Growth;INF200KB1845;;10.0441;;;05-Jan-2026
153664;SBI Nifty200 Momentum 30 Index Fund- Regular Plan- Income Distribution Cum Capital Withdrawal Option (IDCW);INF200KB1852;INF200KB1860;10.0441;;;05-Jan-2026
153557;SBI Nifty200 Quality 30 Index Fund- Direct Plan- Income Distribution Cum Capital Withdrawal Option;INF200KB1829;INF200KB1837;10.5342;;;05-Jan-2026
153556;SBI Nifty200 Quality 30 Index Fund- Regular Plan- Income Cum Distribution Withdrawal Option;INF200KB1795;INF200KB1803;10.5101;;;05-Jan-2026
153555;SBI Nifty200 Quality 30 Index Fund-Direct Plan- Growth;INF200KB1811;;10.5342;;;05-Jan-2026
153554;SBI Nifty200 Quality 30 Index Fund-Regular Plan- Growth;INF200KB1787;;10.5101;;;05-Jan-2026
152370;SBI Nifty50 Equal Weight Index Fund - Direct Plan - Growth;INF200KB1027;;12.5399;;;05-Jan-2026
152371;SBI Nifty50 Equal Weight Index Fund - Direct Plan - Income Distribution Cum Capital Withdrawal Option;INF200KB1035;INF200KB1043;12.5391;;;05-Jan-2026
152372;SBI Nifty50 Equal Weight Index Fund - Regular Plan - Growth;INF200KA18Z7;;12.4214;;;05-Jan-2026
152373;SBI Nifty50 Equal Weight Index Fund - Regular Plan - Income Distribution Cum Capital Withdrawal Option;INF200KA19Z5;INF200KB1019;12.4213;;;05-Jan-2026

Sundaram Mutual Fund
149483;Sundaram Nifty 100 Equal Weight Fund (Formerly Known as Principal Nifty 100 Equal Weight Fund) - Direct Plan - Growth Option;INF173K01EZ4;;192.5608;;;05-Jan-2026
149482;Sundaram Nifty 100 Equal Weight Fund (Formerly Known as Principal Nifty 100 Equal Weight Fund)- Direct Plan - Income Distribution CUM Capital Withdrawal Option;INF173K01EW1;INF173K01EX9;84.5915;;;05-Jan-2026
149481;Sundaram Nifty 100 Equal Weight Fund (Formerly Known as Principal Nifty 100 Equal Weight Fund)-Growth;INF173K01AG2;;182.4044;;;05-Jan-2026
149480;Sundaram Nifty 100 Equal Weight Fund (Formerly Known as Principal Nifty 100 Equal Weight Fund-Income Distribution CUM Capital Withdrawal;INF173K01AH0;INF173K01AI8;80.1117;;;05-Jan-2026

Tata Mutual Fund
154066;Tata BSE Multicap Consumption 50:30:20 Index Fund - Direct Plan Growth Option;INF277KA1EP8;;10.1156;;;05-Jan-2026
154069;Tata BSE Multicap Consumption 50:30:20 Index Fund - Direct Plan IDCW Payout Option;INF277KA1ER4;;10.1156;;;05-Jan-2026
154068;Tata BSE Multicap Consumption 50:30:20 Index Fund - Direct Plan IDCW Reinvestment Option;;INF277KA1EQ6;10.1156;;;05-Jan-2026
154064;Tata BSE Multicap Consumption 50:30:20 Index Fund - Regular Plan Growth Option;INF277KA1EM5;;10.1138;;;05-Jan-2026
154065;Tata BSE Multicap Consumption 50:30:20 Index Fund - Regular Plan IDCW Payout Option;INF277KA1EO1;;10.1138;;;05-Jan-2026
154067;Tata BSE Multicap Consumption 50:30:20 Index Fund - Regular Plan IDCW Reinvestment Option;;INF277KA1EN3;10.1138;;;05-Jan-2026
153420;Tata BSE Quality Index Fund Direct plan Growth Option;INF277KA1DK1;;11.4499;;;05-Jan-2026
153421;Tata BSE Quality Index Fund Direct plan IDCW Payout Option;INF277KA1DO3;;11.4499;;;05-Jan-2026
153422;Tata BSE Quality Index Fund Direct plan IDCW Reinvestment Option;;INF277KA1DP0;11.4499;;;05-Jan-2026
153425;Tata BSE Quality Index Fund Regular plan Growth Option;INF277KA1DH7;;11.3839;;;05-Jan-2026
153424;Tata BSE Quality Index Fund Regular plan IDCW Payout Option;INF277KA1DJ3;;11.3839;;;05-Jan-2026
153423;Tata BSE Quality Index Fund Regular plan IDCW Reinvestment Option;;INF277KA1DI5;11.3839;;;05-Jan-2026
153132;Tata BSE Select Business Groups Index Fund - Direct Growth;INF277KA1DA2;;10.7745;;;05-Jan-2026
153131;Tata BSE Select Business Groups Index Fund - Direct IDCW Payout;INF277KA1DC8;;10.7745;;;05-Jan-2026
153135;Tata BSE Select Business Groups Index Fund - Direct IDCW Reinvestment;;INF277KA1DB0;10.7745;;;05-Jan-2026
153134;Tata BSE Select Business Groups Index Fund - Regular Growth;INF277KA1CX6;;10.6837;;;05-Jan-2026
153133;Tata BSE Select Business Groups Index Fund - Regular IDCW Payout;INF277KA1CZ1;;10.6837;;;05-Jan-2026
153136;Tata BSE Select Business Groups Index Fund - Regular IDCW Reinvestment;;INF277KA1CY4;10.6837;;;05-Jan-2026
119287;Tata S&P BSE Sensex Index Fund - Direct Plan;INF277K01PK1;;227.6378;;;05-Jan-2026
101746;Tata S&P BSE Sensex Index Fund -Regular Plan;INF277K01758;;214.7898;;;05-Jan-2026
150692;TATA CRISIL-IBX GILT INDEX - APRIL 2026 INDEX FUND - DIRECT PLAN - GROWTH;INF277KA1554;;12.5989;;;05-Jan-2026
150693;TATA CRISIL-IBX GILT INDEX - APRIL 2026 INDEX FUND - DIRECT PLAN - IDCW PAYOUT;INF277KA1570;;12.5989;;;05-Jan-2026
150697;TATA CRISIL-IBX GILT INDEX - APRIL 2026 INDEX FUND - DIRECT PLAN - IDCW REINVESTMENT;;INF277KA1562;12.5989;;;05-Jan-2026
150694;TATA CRISIL-IBX GILT INDEX - APRIL 2026 INDEX FUND - REGULAR PLAN - GROWTH;INF277KA1588;;12.4947;;;05-Jan-2026
150695;TATA CRISIL-IBX GILT INDEX - APRIL 2026 INDEX FUND - REGULAR PLAN - IDCW PAYOUT;INF277KA1604;;12.4947;;;05-Jan-2026
150696;TATA CRISIL-IBX GILT INDEX - APRIL 2026 INDEX FUND - REGULAR PLAN - IDCW REINVESTMENT;;INF277KA1596;12.4947;;;05-Jan-2026
119288;Tata Nifty 50 Index Fund -Direct Plan;INF277K01PJ3;;177.4454;;;05-Jan-2026
101659;Tata Nifty 50 Index Fund -Regular Plan;INF277K01741;;163.3695;;;05-Jan-2026
152557;Tata Nifty Auto Index Fund - Direct Plan - Growth;INF277KA1AU6;;13.1019;;;05-Jan-2026
152559;Tata Nifty Auto Index Fund - Direct Plan - IDCW payout;INF277KA1AV4;;13.1019;;;05-Jan-2026
152558;Tata Nifty Auto Index Fund - Direct Plan - IDCW Reinvestment;;INF277KA1AW2;13.1019;;;05-Jan-2026
152560;Tata Nifty Auto Index Fund - Regular Plan - Growth;INF277KA1AR2;;12.9525;;;05-Jan-2026
152561;Tata Nifty Auto Index Fund - Regular Plan - IDCW Payout;INF277KA1AS0;;12.9525;;;05-Jan-2026
152556;Tata Nifty Auto Index Fund - Regular Plan - IDCW Reinvestment;;INF277KA1AT8;12.9525;;;05-Jan-2026
152951;Tata Nifty Capital Markets Index Fund - Direct Plan Growth Option;INF277KA1CO5;;12.7554;;;05-Jan-2026
152953;Tata Nifty Capital Markets Index Fund - Direct Plan IDCW Payout Option;INF277KA1CQ0;;12.7554;;;05-Jan-2026
152952;Tata Nifty Capital Markets Index Fund - Direct Plan IDCW Reinvestment Option;;INF277KA1CP2;12.7554;;;05-Jan-2026
152954;Tata Nifty Capital Markets Index Fund - Regular Plan Growth Option;INF277KA1CL1;;12.6593;;;05-Jan-2026
152956;Tata Nifty Capital Markets Index Fund - Regular Plan IDCW Payout Option;INF277KA1CN7;;12.6593;;;05-Jan-2026
152955;Tata Nifty Capital Markets Index Fund - Regular Plan IDCW Reinvestment Option;;INF277KA1CM9;12.6593;;;05-Jan-2026
152577;Tata Nifty Financial Services Index Fund - Direct Plan - Growth;INF277KA1BA6;;13.0597;;;05-Jan-2026
152579;Tata Nifty Financial Services Index Fund - Direct Plan - IDCW Payout;INF277KA1BB4;;13.0597;;;05-Jan-2026
152578;Tata Nifty Financial Services Index Fund - Direct Plan - IDCW Reinvestment;;INF277KA1BC2;13.0597;;;05-Jan-2026
152574;Tata Nifty Financial Services Index Fund - Regular Plan - Growth;INF277KA1AX0;;12.9114;;;05-Jan-2026
152575;Tata Nifty Financial Services Index Fund - Regular Plan - IDCW Payout;INF277KA1AY8;;12.9114;;;05-Jan-2026
152576;Tata Nifty Financial Services Index Fund - Regular Plan - IDCW Reinvestment;;INF277KA1AZ5;12.9114;;;05-Jan-2026
151301;Tata Nifty G Sec Dec 2026 Index Fund-Direct Plan-Growth;INF277KA1794;;12.3975;;;05-Jan-2026
151302;Tata Nifty G Sec Dec 2026 Index Fund-Direct Plan-IDCW Payout;INF277KA1810;;12.3975;;;05-Jan-2026
151305;Tata Nifty G Sec Dec 2026 Index Fund-Direct Plan-IDCW Reinvestment;;INF277KA1802;12.3975;;;05-Jan-2026
151306;Tata Nifty G Sec Dec 2026 Index Fund-Regular Plan-Growth;INF277KA1828;;12.2753;;;05-Jan-2026
151304;Tata Nifty G Sec Dec 2026 Index Fund-Regular Plan-IDCW Payout;INF277KA1844;;12.2753;;;05-Jan-2026
151303;Tata Nifty G SEc Dec 2026 Index Fund-Regular Plan-IDCW Reinvestment;;INF277KA1836;12.2753;;;05-Jan-2026
151273;Tata Nifty G-Sec Dec 2029 Index Fund - Direct Plan - Growth;INF277KA1737;;12.7010;;;05-Jan-2026
151274;Tata Nifty G-Sec Dec 2029 Index Fund - Direct Plan - IDCW Payout;INF277KA1752;;12.7010;;;05-Jan-2026
151278;Tata Nifty G-Sec Dec 2029 Index Fund - Direct Plan - IDCW Reinvestment;;INF277KA1745;12.7010;;;05-Jan-2026
151275;Tata Nifty G-Sec Dec 2029 Index Fund - Regular Plan - Growth;INF277KA1760;;12.5720;;;05-Jan-2026
151277;Tata Nifty G-Sec Dec 2029 Index Fund - Regular Plan - IDCW Payout;INF277KA1786;;12.5720;;;05-Jan-2026
151276;Tata Nifty G-Sec Dec 2029 Index Fund - Regular Plan - IDCW Reinvestment;;INF277KA1778;12.5720;;;05-Jan-2026
152742;Tata Nifty India Tourism Index Fund - Direct - Growth;INF277KA1CC0;;9.8301;;;05-Jan-2026
152744;Tata Nifty India Tourism Index Fund - Direct - IDCW Payout;INF277KA1CD8;;9.8301;;;05-Jan-2026
152743;Tata Nifty India Tourism Index Fund - Direct - IDCW Reinvestment;;INF277KA1CE6;9.8301;;;05-Jan-2026
152746;Tata Nifty India Tourism Index Fund - Regular - Growth;INF277KA1BZ3;;9.7309;;;05-Jan-2026
152745;Tata Nifty India Tourism Index Fund - Regular - IDCW Payout;INF277KA1CA4;;9.7309;;;05-Jan-2026
152747;Tata Nifty India Tourism Index Fund - Regular - IDCW Reinvestment;;INF277KA1CB2;9.7309;;;05-Jan-2026
153581;Tata Nifty Midcap 150 Index Fund - Direct Plan - Growth Option;INF277KA1DZ9;;10.7129;;;05-Jan-2026
153579;Tata Nifty Midcap 150 Index Fund - Direct Plan - IDCW Payout Option;INF277KA1EB8;;10.7129;;;05-Jan-2026
153577;Tata Nifty Midcap 150 Index Fund - Direct Plan - IDCW Reinvestment Option;;INF277KA1EA0;10.7129;;;05-Jan-2026
153580;Tata Nifty Midcap 150 Index Fund - Regular Plan - Growth Option;INF277KA1DW6;;10.6568;;;05-Jan-2026
153582;Tata Nifty Midcap 150 Index Fund - Regular Plan - IDCW Payout Option;INF277KA1DY2;;10.6568;;;05-Jan-2026
153578;Tata Nifty Midcap 150 Index Fund - Regular Plan - IDCW Reinvestment Option;;INF277KA1DX4;10.6568;;;05-Jan-2026
150738;Tata Nifty Midcap 150 Momentum 50 Index Fund - Growth - Direct Plan;INF277KA1612;;18.4476;;;05-Jan-2026
150741;Tata Nifty Midcap 150 Momentum 50 Index Fund - Growth - Regular Plan;INF277KA1646;;18.0183;;;05-Jan-2026
150740;Tata Nifty Midcap 150 Momentum 50 Index Fund - IDCW Payout - Direct Plan;INF277KA1638;;18.4476;;;05-Jan-2026
150742;Tata Nifty Midcap 150 Momentum 50 Index Fund - IDCW Payout - Regular Plan;INF277KA1661;;18.0183;;;05-Jan-2026
150739;Tata Nifty Midcap 150 Momentum 50 Index Fund - IDCW Reinvestment - Direct Plan;;INF277KA1620;18.4476;;;05-Jan-2026
150743;Tata Nifty Midcap 150 Momentum 50 Index Fund - IDCW Reinvestment - Regular Plan;;INF277KA1653;18.0183;;;05-Jan-2026
152564;Tata Nifty MidSmall Healthcare Index Fund - Direct Plan - Growth;INF277KA1BG3;;12.9716;;;05-Jan-2026
152565;Tata Nifty MidSmall Healthcare Index Fund - Direct Plan - IDCW Payout;INF277KA1BH1;;12.9716;;;05-Jan-2026
152566;Tata Nifty MidSmall Healthcare Index Fund - Direct Plan - IDCW Reinvestment;;INF277KA1BI9;12.9716;;;05-Jan-2026
152567;Tata Nifty MidSmall Healthcare Index Fund - Regular Plan - Growth;INF277KA1BD0;;12.8250;;;05-Jan-2026
152562;Tata Nifty MidSmall Healthcare Index Fund - Regular Plan - IDCW Payout;INF277KA1BE8;;12.8250;;;05-Jan-2026
152563;Tata Nifty MidSmall Healthcare Index Fund - Regular Plan - IDCW Reinvestment;;INF277KA1BF5;12.8250;;;05-Jan-2026
153858;Tata Nifty Next 50 Index Fund - Direct Plan Growth Option;INF277KA1EJ1;;10.3395;;;05-Jan-2026
153854;Tata Nifty Next 50 Index Fund - Direct Plan IDCW Payout Option;INF277KA1EL7;;10.3395;;;05-Jan-2026
153853;Tata Nifty Next 50 Index Fund - Direct Plan IDCW Reinvestment Option;;INF277KA1EK9;10.3395;;;05-Jan-2026
153855;Tata Nifty Next 50 Index Fund - Regular Plan Growth Option;INF277KA1EG7;;10.3159;;;05-Jan-2026
153857;Tata Nifty Next 50 Index Fund - Regular Plan IDCW Payout Option;INF277KA1EI3;;10.3159;;;05-Jan-2026
153856;Tata Nifty Next 50 Index Fund - Regular Plan IDCW Reinvestment Option;;INF277KA1EH5;10.3159;;;05-Jan-2026
152570;Tata Nifty Realty Index Fund - Direct Plan - Growth;INF277KA1AO9;;9.4305;;;05-Jan-2026
152571;Tata Nifty Realty Index Fund - Direct Plan - IDCW Payout;INF277KA1AP6;;9.4305;;;05-Jan-2026
152572;Tata Nifty Realty Index Fund - Direct Plan - IDCW Reinvestment;;INF277KA1AQ4;9.4305;;;05-Jan-2026
152573;Tata Nifty Realty Index Fund - Regular Plan - Growth;INF277KA1AL5;;9.3188;;;05-Jan-2026
152568;Tata Nifty Realty Index Fund - Regular Plan - IDCW Payout;INF277KA1AM3;;9.3188;;;05-Jan-2026
152569;Tata Nifty Realty Index Fund - Regular Plan - IDCW Reinvestment;;INF277KA1AN1;9.3188;;;05-Jan-2026
150331;Tata Nifty SDL Plus AAA PSU Bond Dec 6040 Index Fund -Regular Plan-IDCW Payout;INF277KA1414;;12.7666;;;05-Jan-2026
150326;Tata Nifty SDL Plus AAA PSU Bond Dec 6040 Index Fund- Direct Plan-Growth;INF277KA1372;;12.8985;;;05-Jan-2026
150328;Tata Nifty SDL Plus AAA PSU Bond Dec 6040 Index Fund-Direct Plan- IDCW Reinvestment;;INF277KA1398;12.8985;;;05-Jan-2026
150327;Tata Nifty SDL Plus AAA PSU Bond Dec 6040 Index Fund-Direct Plan-IDCW Payout;INF277KA1380;;12.8985;;;05-Jan-2026
150330;Tata Nifty SDL Plus AAA PSU Bond Dec 6040 Index Fund-Regular Plan -Growth;INF277KA1406;;12.7666;;;05-Jan-2026
150329;Tata Nifty SDL Plus AAA PSU Bond Dec 6040 Index Fund-Regular Plan- IDCW Reinvestment;;INF277KA1422;12.7666;;;05-Jan-2026
152837;Tata Nifty200 Alpha 30 Index Fund - Direct - IDCW Payout;INF277KA1CJ5;;8.7011;;;05-Jan-2026
152833;Tata Nifty200 Alpha 30 Index Fund - Direct - IDCW Reinvestment;;INF277KA1CK3;8.7011;;;05-Jan-2026
152836;Tata Nifty200 Alpha 30 Index Fund - Direct -Growth;INF277KA1CI7;;8.7011;;;05-Jan-2026
152835;Tata Nifty200 Alpha 30 Index Fund - Regular - IDCW Payout;INF277KA1CG1;;8.6219;;;05-Jan-2026
152838;Tata Nifty200 Alpha 30 Index Fund - Regular - IDCW Reinvestment;;INF277KA1CH9;8.6219;;;05-Jan-2026
152834;Tata Nifty200 Alpha 30 Index Fund - Regular -Growth;INF277KA1CF3;;8.6219;;;05-Jan-2026
152588;Tata Nifty500 Multicap India Manufacturing 50:30:20 Index Fund -Direct Plan-Growth;INF277KA1BM1;;12.0369;;;05-Jan-2026
152589;Tata Nifty500 Multicap India Manufacturing 50:30:20 Index Fund -Direct Plan-IDCW-Payout;INF277KA1BN9;;12.0369;;;05-Jan-2026
152593;Tata Nifty500 Multicap India Manufacturing 50:30:20 Index Fund -Direct Plan-IDCW-Reinvestment;;INF277KA1BO7;12.0369;;;05-Jan-2026
152592;Tata Nifty500 Multicap India Manufacturing 50:30:20 Index Fund -Regular Plan -IDCW-Reinvestment;;INF277KA1BL3;11.9017;;;05-Jan-2026
152590;Tata Nifty500 Multicap India Manufacturing 50:30:20 Index Fund -Regular Plan-Growth;INF277KA1BJ7;;11.9017;;;05-Jan-2026
152591;Tata Nifty500 Multicap India Manufacturing 50:30:20 Index Fund -Regular Plan-IDCW Payout;INF277KA1BK5;;11.9017;;;05-Jan-2026
152595;Tata Nifty500 Multicap Infrastructure 50:30:20 Index Fund - Direct Plan - Growth;INF277KA1BS8;;11.2264;;;05-Jan-2026
152598;Tata Nifty500 Multicap Infrastructure 50:30:20 Index Fund - Direct Plan - IDCW Payout;INF277KA1BT6;;11.2264;;;05-Jan-2026
152594;Tata Nifty500 Multicap Infrastructure 50:30:20 Index Fund - Direct Plan - IDCW Reinvestment;;INF277KA1BU4;11.2264;;;05-Jan-2026
152596;Tata Nifty500 Multicap Infrastructure 50:30:20 Index Fund - Regular Plan - Growth;INF277KA1BP4;;11.0961;;;05-Jan-2026
152597;Tata Nifty500 Multicap Infrastructure 50:30:20 Index Fund - Regular Plan - IDCW Payout;INF277KA1BQ2;;11.0961;;;05-Jan-2026
152599;Tata Nifty500 Multicap Infrastructure 50:30:20 Index Fund - Regular Plan - IDCW Reinvestment;;INF277KA1BR0;11.0961;;;05-Jan-2026

Taurus Mutual Fund
118881;Taurus Nifty 50 Index Fund - Direct Plan - Growth;INF044D01CQ5;;53.1846;;;05-Jan-2026
118882;Taurus Nifty 50 Index Fund - Direct Plan - Payout of Income Distribution cum Capital Withdrawal option;INF044D01CR3;INF044D01CS1;49.7748;;;05-Jan-2026
112948;Taurus Nifty 50 Index Fund - Regular Plan - Growth;INF044D01948;;49.8718;;;05-Jan-2026
112949;Taurus Nifty 50 Index Fund - Regular Plan - Payout of Income Distribution cum Capital Withdrawal option;INF044D01914;INF044D01922;31.7974;;;05-Jan-2026

Zerodha Mutual Fund
153932;Zerodha BSE SENSEX Index Fund;INF0R8F01174;;10.245;;;05-Jan-2026
152157;Zerodha ELSS Tax Saver Nifty LargeMidcap 250 Index Fund - Direct Plan - Growth option;INF0R8F01026;;14.6132;;;05-Jan-2026
153906;Zerodha Nifty 50 Index Fund - Direct Plan - Growth;INF0R8F01158;;10.427;;;05-Jan-2026
152156;Zerodha Nifty LargeMidcap 250 Index Fund - Direct Plan - Growth option;INF0R8F01018;;14.5928;;;05-Jan-2026

Open Ended Schemes ( Other Scheme - Gold ETF )


Angel One Mutual Fund
153826;ANGEL ONE GOLD ETF;INF1J2R01114;;12.6834;;;05-Jan-2026

Groww Mutual Fund
152957;Groww Gold ETF;INF666M01IW1;;132.8896;;;05-Jan-2026

HDFC Mutual Fund
113049;HDFC Gold ETF - Growth Option;INF179KC1981;;116.0458;;;05-Jan-2026

Kotak Mahindra Mutual Fund
106193;KOTAK GOLD ETF;INF174KA1HJ8;;113.3143;;;05-Jan-2026

LIC Mutual Fund
151961;LIC MF Gold Exchange Traded Fund;INF397L01554;;12205.5682;;;05-Jan-2026

Mirae Asset Mutual Fund
151416;Mirae Asset Gold ETF;INF769K01JP9;;131.9639;;;05-Jan-2026

Motilal Oswal Mutual Fund
153780;Motilal Oswal Gold ETF;INF247L01FY4;;134.4789;;;05-Jan-2026

Quantum Mutual Fund
107693;Quantum Gold Fund;INF082J01408;;112.4754;;;05-Jan-2026

SBI Mutual Fund
111954;SBI Gold ETF;INF200KA16D8;;115.8706;;;05-Jan-2026

Tata Mutual Fund
152284;Tata Gold Exchange Traded Fund;INF277KA1976;;13.2948;;;05-Jan-2026

Union Mutual Fund
153337;Union Gold ETF;INF582M01KS4;;133.0312;;;05-Jan-2026

Open Ended Schemes ( Other Scheme - Other  ETFs )


Angel One Mutual Fund
153451;ANGEL ONE NIFTY 1D RATE LIQUID ETF - GROWTH;INF1J2R01056;;1041.572;;;05-Jan-2026
153531;ANGEL ONE NIFTY 50 ETF;INF1J2R01064;;10.7548;;;05-Jan-2026
153332;ANGEL ONE NIFTY TOTAL MARKET ETF;INF1J2R01015;;12.1537;;;05-Jan-2026
153957;ANGEL ONE NIFTY TOTAL MARKET MOMENTUM QUALITY 50 ETF;INF1J2R01148;;9.7499;;;05-Jan-2026

Groww Mutual Fund
153744;Groww BSE Power ETF;INF666M01LM6;;10.0658;;;05-Jan-2026
152891;Groww Nifty 1D Rate Liquid ETF;INF666M01IP5;;107.3297;;;05-Jan-2026
153329;Groww Nifty 200 ETF;INF666M01JV1;;11.8368;;;05-Jan-2026
153699;Groww Nifty 50 ETF;INF666M01LL8;;10.5287;;;05-Jan-2026
153583;Groww Nifty 500 Low Volatility 50 ETF;INF666M01LB9;;10.8594;;;05-Jan-2026
153452;Groww Nifty 500 Momentum 50 ETF;INF666M01KJ4;;10.6844;;;05-Jan-2026
153907;Groww Nifty Capital Markets ETF;INF666M01MM4;;9.8697;;;05-Jan-2026
152764;GROWW NIFTY EV & NEW AGE AUTOMOTIVE ETF;INF666M01IH2;;32.0255;;;05-Jan-2026
152845;Groww Nifty India Defence ETF;INF666M01IO8;;79.28;;;05-Jan-2026
153625;Groww Nifty India Internet ETF;INF666M01LI4;;10.4259;;;05-Jan-2026
153229;Groww Nifty India Railways PSU ETF;INF666M01JJ6;;35.7083;;;05-Jan-2026
154034;Groww Nifty Metal ETF;INF666M01NI0;;10.9;;;05-Jan-2026
153940;Groww Nifty Midcap 150 ETF;INF666M01MV5;;225.5455;;;05-Jan-2026
153785;Groww Nifty Next 50 ETF;INF666M01LZ8;;70.3726;;;05-Jan-2026
153899;Groww Nifty Realty ETF;INF666M01MN2;;10.2697;;;05-Jan-2026
153923;Groww Nifty Smallcap250 ETF;INF666M01MO0;;9.7037;;;05-Jan-2026
153524;Groww Silver ETF;INF666M01LA1;;232.221;;;05-Jan-2026

HDFC Mutual Fund
151376;HDFC BSE 500 ETF - Growth Option;INF179KC1EZ4;;38.5726;;;05-Jan-2026
135854;HDFC BSE Sensex ETF - Growth Plan;INF179KC1HX2;;96.2079;;;05-Jan-2026
150476;HDFC NIFTY 100 ETF - Growth Option;INF179KC1HR4;;27.6104;;;05-Jan-2026
153403;HDFC NIFTY 1D RATE LIQUID ETF GROWTH;INF179KC1JG3;;1043.0922;;;05-Jan-2026
135853;HDFC NIFTY 50 ETF - Growth Plan;INF179KC1965;;293.4969;;;05-Jan-2026
148461;HDFC NIFTY Bank ETF - GROWTH;INF179KC1HY0;;61.5957;;;05-Jan-2026
150621;HDFC NIFTY GROWTH SECTORS 15 ETF - Growth Option;INF179KC1DJ0;;131.2387;;;05-Jan-2026
150801;HDFC NIFTY IT ETF - Growth option;INF179KC1IA8;;39.8667;;;05-Jan-2026
151374;HDFC NIFTY Midcap 150 ETF - Growth Option;INF179KC1HT0;;22.7745;;;05-Jan-2026
150477;HDFC NIFTY NEXT 50 ETF - Growth Option;INF179KC1HS2;;71.591;;;05-Jan-2026
150802;HDFC NIFTY Private Bank ETF - Growth Option;INF179KC1HZ7;;29.3403;;;05-Jan-2026
152350;HDFC NIFTY PSU BANK ETF;INF179KC1HW4;;88.0348;;;05-Jan-2026
151375;HDFC NIFTY Smallcap 250 ETF - Growth Option;INF179KC1FB2;;169.5074;;;05-Jan-2026
150658;HDFC NIFTY100 Low Volatility 30 ETF - Growth Option;INF179KC1HU8;;21.693;;;05-Jan-2026
150620;HDFC NIFTY100 QUALITY 30 ETF - Growth Option;INF179KC1DL6;;60.8914;;;05-Jan-2026
150657;HDFC NIFTY200 MOMENTUM 30 ETF - Growth Option;INF179KC1HV6;;31.9398;;;05-Jan-2026
150619;HDFC NIFTY 50 VALUE 20 ETF - Growth Option;INF179KC1DK8;;139.9913;;;05-Jan-2026
150556;HDFC Silver ETF - Growth Option;INF179KC1DI2;;227.0036;;;05-Jan-2026

Kotak Mahindra Mutual Fund
109010;Kotak BSE Sensex ETF;INF174KA1JD7;;93.1186;;;05-Jan-2026
153314;Kotak MSCI India ETF;INF174KA1VD2;;31.315;;;05-Jan-2026
153315;Kotak Nifty 100 Equal Weight ETF;INF174KA1UW4;;34.596;;;05-Jan-2026
150000;Kotak Nifty 100 Low Volatility 30 ETF;INF174KA1IY5;;22.1611;;;05-Jan-2026
151358;Kotak Nifty 1D Rate Liquid ETF;INF174KA1LV5;;1085.5128;;;05-Jan-2026
153904;Kotak Nifty 200 Momentum 30 ETF;INF174KA1XS6;;31.663;;;05-Jan-2026
112351;Kotak Nifty 50 ETF;INF174K014P6;;288.9222;;;05-Jan-2026
135744;Kotak Nifty 50 Value 20 ETF - Payout of Income Distribution cum capital withdrawal option;INF174K01Z71;;155.3844;;;05-Jan-2026
149397;Kotak Nifty Alpha 50 ETF;INF174KA1IA5;;48.674;;;05-Jan-2026
133122;Kotak Nifty Bank ETF;INF174K01F59;;620.9543;;;05-Jan-2026
153934;Kotak Nifty Chemicals ETF;INF174KA1XV0;;29.239;;;05-Jan-2026
150492;Kotak Nifty India Consumption ETF;INF174KA1JE5;;125.7292;;;05-Jan-2026
148763;Kotak Nifty IT ETF;INF174KA1GC5;;41.3543;;;05-Jan-2026
153398;Kotak Nifty Midcap 150 ETF;INF174KA1VW2;;22.841;;;05-Jan-2026
149757;Kotak Nifty Midcap 50 ETF;INF174KA1IB3;;178.092;;;05-Jan-2026
150531;Kotak Nifty MNC ETF;INF174KA1JF2;;31.6837;;;05-Jan-2026
106929;Kotak Nifty PSU Bank ETF;INF373I01023;;871.923;;;05-Jan-2026
153657;Kotak Nifty200 Quality 30 ETF;INF174KA1WT6;;21.656;;;05-Jan-2026
150948;Kotak Silver ETF;INF174KA1KU9;;229.7067;;;05-Jan-2026

LIC Mutual Fund
135672;LIC MF BSE Sensex ETF;INF767K01OT5;;958.1136;;;05-Jan-2026
136473;LIC MF Nifty 100 ETF;INF767K01PC8;;292.5387;;;05-Jan-2026
135607;LIC MF Nifty 50 ETF;INF767K01OS7;;292.2659;;;05-Jan-2026
133307;LIC MF Nifty 8-13 yr G-Sec ETF;INF767K01MV5;;28.6804;;;05-Jan-2026
152404;LIC MF Nifty Midcap 100 ETF;INF767K01RN1;;61.5034;;;05-Jan-2026

Mirae Asset Mutual Fund
153379;Mirae Asset BSE 200 Equal Weight ETF;INF769K01OA1;;13.6676;;;05-Jan-2026
154061;Mirae Asset BSE 500 Dividend Leaders 50 ETF;INF769K01PY8;;36.8160;;;05-Jan-2026
153384;Mirae Asset BSE Select IPO ETF;INF769K01ON4;;46.4107;;;05-Jan-2026
152097;Mirae Asset BSE Sensex ETF;INF769K01KT9;;87.5163;;;05-Jan-2026
149379;Mirae Asset Hang Seng TECH ETF;INF769K01HS7;;22.2804;;;05-Jan-2026
148572;Mirae Asset Nifty 100 ESG Sector Leaders ETF;INF769K01GS9;;44.8467;;;05-Jan-2026
151604;Mirae Asset Nifty 100 Low Volatility 30 ETF;INF769K01JU9;;217.2219;;;05-Jan-2026
153045;Mirae Asset Nifty 1D Rate Liquid ETF - Growth;INF769K01MY5;;1066.9944;;;05-Jan-2026
151908;Mirae Asset Nifty 1D Rate Liquid ETF-IDCW;;INF769K01KS1;1000.0000;;;05-Jan-2026
152134;Mirae Asset Nifty 200 Alpha 30 ETF;INF769K01KU7;;25.4804;;;05-Jan-2026
145633;Mirae Asset Nifty 50 ETF;INF769K01EG9;;283.2704;;;05-Jan-2026
151695;Mirae Asset Nifty 8-13 yr Gsec ETF;INF769K01KF8;;29.5464;;;05-Jan-2026
151857;Mirae Asset Nifty Bank ETF;INF769K01KR3;;609.3547;;;05-Jan-2026
153945;Mirae Asset Nifty Energy ETF;INF769K01PR2;;36.0562;;;05-Jan-2026
152715;Mirae Asset Nifty EV and New Age Automotive ETF;INF769K01LQ3;;32.1316;;;05-Jan-2026
149105;Mirae Asset Nifty Financial Services ETF;INF769K01HI8;;28.7645;;;05-Jan-2026
153642;Mirae Asset Nifty India Internet ETF;INF769K01PB;;14.0668;;;05-Jan-2026
149786;Mirae Asset Nifty India Manufacturing ETF;INF769K01IB1;;158.8473;;;05-Jan-2026
153191;Mirae Asset Nifty India New Age Consumption ETF;INF769K01NS5;;12.0514;;;05-Jan-2026
152155;Mirae Asset Nifty IT ETF;INF769K01KV5;;39.5259;;;05-Jan-2026
152924;Mirae Asset Nifty Metal ETF;INF769K01LY7;;11.5397;;;05-Jan-2026
149918;Mirae Asset Nifty Midcap 150 ETF;INF769K01IC9;;22.9647;;;05-Jan-2026
152634;Mirae Asset Nifty MidSmallcap400 Momentum Quality 100 ETF;INF769K01LJ8;;48.0727;;;05-Jan-2026
147906;Mirae Asset Nifty Next 50 ETF;INF769K01FN2;;722.3005;;;05-Jan-2026
152929;Mirae Asset Nifty PSU Bank ETF;INF769K01LZ4;;87.6940;;;05-Jan-2026
153946;Mirae Asset Nifty Smallcap 250 ETF;INF769K01PQ4;;16.8368;;;05-Jan-2026
152455;Mirae Asset Nifty Smallcap 250 Momentum Quality 100 ETF;INF769K01LC3;;44.3758;;;05-Jan-2026
154060;Mirae Asset Nifty Top 20 Equal Weight ETF;INF769K01PZ5;;9.6976;;;05-Jan-2026
153519;Mirae Asset Nifty 50 Equal Weight ETF;;;339.0392;;;05-Jan-2026
152811;Mirae Asset Nifty500 Multicap 50:25:25 ETF;INF769K01LX9;;16.7323;;;05-Jan-2026
151779;Mirae Asset Silver ETF;INF769K01KG6;;230.4741;;;05-Jan-2026

Motilal Oswal Mutual Fund
150517;Motilal Oswal BSE Enhanced Value ETF;INF247L01BE5;;118.7152;;;05-Jan-2026
150445;Motilal Oswal BSE Healthcare ETF;INF247L01BB1;;44.4967;;;05-Jan-2026
153564;Motilal Oswal BSE India Infrastructure ETF;INF247L01FL1;;60.9212;;;05-Jan-2026
149921;Motilal Oswal BSE Low Volatility ETF;INF247L01BL0;;39.3896;;;05-Jan-2026
150520;Motilal Oswal BSE Quality ETF;INF247L01BH8;;200.0649;;;05-Jan-2026
154003;Motilal Oswal BSE Select IPO ETF;INF247L01GI5;;46.4754;;;05-Jan-2026
153928;Motilal Oswal Nifty 100 ETF;INF247L01GG9;;26.9082;;;05-Jan-2026
149801;Motilal Oswal Nifty 200 Momentum 30 ETF;INF247L01BK2;;64.0733;;;05-Jan-2026
148620;Motilal Oswal Nifty 5 year Benchmark G-sec ETF;INF247L01AK4;;62.8193;;;05-Jan-2026
153532;MOTILAL OSWAL NIFTY 50 EQUAL WEIGHT ETF;INF247L01FC0;;33.9289;;;05-Jan-2026
113069;Motilal Oswal Nifty 50 ETF;INF247L01536;;272.6728;;;05-Jan-2026
152106;Motilal Oswal Nifty 500 ETF;INF247L01BU1;;24.4719;;;05-Jan-2026
152874;Motilal Oswal Nifty 500 Momentum 50 ETF;INF247L01DK8;;52.8232;;;05-Jan-2026
153724;Motilal Oswal Nifty Alpha 50 ETF;INF247L01FR8;;50.6464;;;05-Jan-2026
153406;Motilal Oswal Nifty Capital Market ETF;INF247L01EV3;;47.0164;;;05-Jan-2026
153931;Motilal Oswal Nifty Energy ETF;INF247L01GH7;;36.0663;;;05-Jan-2026
152846;Motilal Oswal Nifty India Defence ETF;INF247L01DJ0;;87.1125;;;05-Jan-2026
153572;Motilal Oswal Nifty India Manufacturing ETF;INF247L01FK3;;155.9013;;;05-Jan-2026
153618;Motilal Oswal Nifty India Tourism ETF;INF247L01FP2;;85.2372;;;05-Jan-2026
114456;Motilal Oswal Nifty Midcap 100 ETF;INF247L01023;;65.8810;;;05-Jan-2026
153694;Motilal Oswal Nifty Midcap150 Momentum 50 ETF;INF247L01FQ0;;63.5404;;;05-Jan-2026
154062;Motilal Oswal Nifty MNC ETF;INF247L01GK1;;30.7807;;;05-Jan-2026
153535;MOTILAL OSWAL NIFTY NEXT 50 ETF;INF247L01FD8;;69.9367;;;05-Jan-2026
153608;Motilal Oswal Nifty PSE ETF;INF247L01FO5;;102.2448;;;05-Jan-2026
152541;Motilal Oswal Nifty Realty ETF;INF247L01CI4;;91.7094;;;05-Jan-2026
154033;Motilal Oswal Nifty Services Sector ETF;INF247L01GJ3;;33.7982;;;05-Jan-2026
152546;Motilal Oswal Nifty Smallcap 250 ETF;INF247L01CH6;;16.9044;;;05-Jan-2026
153820;Motilal Oswal Silver ETF;INF247L01FZ1;;233.9172;;;05-Jan-2026

Quantum Mutual Fund
108479;Quantum Nifty 50 ETF;INF082J01028;;2867.4699;;;05-Jan-2026

SBI Mutual Fund
134014;SBI BSE 100 ETF;INF200KA1572;;303.2523;;;05-Jan-2026
153435;SBI BSE PSU BANK ETF;INF200KB1712;;50.8411;;;05-Jan-2026
121109;SBI BSE SENSEX ETF;INF200K01VT2;;945.2307;;;05-Jan-2026
144916;SBI BSE Sensex Next 50 ETF;INF200KA1VQ2;;945.0980;;;05-Jan-2026
139430;SBI Nifty 10 yr Benchmark G-Sec ETF;INF200KA1JT1;;258.8114;;;05-Jan-2026
153796;SBI Nifty 1D Rate Liquid ETF - Growth;INF200KB1969;;1021.4100;;;05-Jan-2026
152168;SBI NIFTY 1D Rate Liquid ETF - IDCW;;INF200KA13Z8;1000.0000;;;05-Jan-2026
145648;SBI Nifty 200 Quality 30 ETF;INF200KA1WX6;;232.7045;;;05-Jan-2026
135106;SBI Nifty 50 ETF;INF200KA1FS1;;280.3864;;;05-Jan-2026
134008;SBI Nifty Bank ETF;INF200KA1580;;614.7194;;;05-Jan-2026
149041;SBI Nifty Consumption ETF;INF200KA1X17;;126.3173;;;05-Jan-2026
148542;SBI Nifty IT ETF;INF200KA1S14;;414.1820;;;05-Jan-2026
134013;SBI Nifty Next 50 ETF;INF200KA1598;;749.7213;;;05-Jan-2026
148541;SBI Nifty Private Bank ETF;INF200KA1S22;;294.0663;;;05-Jan-2026
152749;SBI Nifty50 Equal Weight ETF;INF200KB1282;;34.0320;;;05-Jan-2026
152725;SBI Silver ETF;INF200KB1217;;231.8110;;;05-Jan-2026

Shriram Mutual Fund
152741;Shriram Nifty 1D Rate Liquid ETF - Growth;INF680P01422;;1086.6046;;;05-Jan-2026

Tata Mutual Fund
145801;Tata Nifty 50 Exchange Traded Fund;INF277K015R5;;283.7292;;;05-Jan-2026
149959;Tata Nifty India Digital Exchange Traded Fund;INF277KA1364;;97.6320;;;05-Jan-2026
147614;Tata Nifty Private Bank Exchange Traded Fund;INF277K010X4;;298.1730;;;05-Jan-2026
152285;Tata Silver Exchange Traded Fund;INF277KA1984;;23.2162;;;05-Jan-2026

Zerodha Mutual Fund
152667;Zerodha Nifty 100 ETF;INF0R8F01067;;11.1955;;;05-Jan-2026
152327;Zerodha Nifty 1D Rate Liquid ETF - Growth Option;INF0R8F01034;;112.1538;;;05-Jan-2026
153905;Zerodha Nifty 50 ETF;INF0R8F01166;;10.438;;;05-Jan-2026
153811;Zerodha Nifty 8-13 Yr G-Sec ETF;INF0R8F01133;;29.6661;;;05-Jan-2026
152668;Zerodha Nifty Midcap 150 ETF;INF0R8F01059;;11.258;;;05-Jan-2026
153837;Zerodha Nifty Smallcap 100 ETF;INF0R8F01141;;10.1126;;;05-Jan-2026

Open Ended Schemes ( Other Scheme - FoF Domestic )


Angel One Mutual Fund
153828;ANGEL ONE GOLD ETF FOF - REGULAR GROWTH;INF1J2R01106;;12.3623;;;05-Jan-2026
153827;ANGEL ONE GOLD ETF FOF- DIRECT GROWTH;INF1J2R01098;;12.3822;;;05-Jan-2026

Groww Mutual Fund
153745;Groww BSE Power ETF FOF Direct Growth;INF666M01LN4;;10.195;;;05-Jan-2026
153746;Groww BSE Power ETF FOF Direct IDCW;INF666M01LO2;INF666M01LP9;10.195;;;05-Jan-2026
153748;Groww BSE Power ETF FOF Regular Growth;INF666M01LQ7;;10.1755;;;05-Jan-2026
153747;Groww BSE Power ETF FOF Regular IDCW;INF666M01LR5;INF666M01LS3;10.1755;;;05-Jan-2026
152980;Groww Gold ETF FOF - DIRECT - GROWTH;INF666M01IX9;;16.8083;;;05-Jan-2026
153004;Groww Gold ETF FOF - DIRECT - IDCW;INF666M01IY7;INF666M01IZ4;16.8082;;;05-Jan-2026
153006;Groww Gold ETF FOF - REGULAR - GROWTH;INF666M01JA5;;16.744;;;05-Jan-2026
153005;Groww Gold ETF FOF - REGULAR - IDCW;INF666M01JB3;INF666M01JC1;16.7456;;;05-Jan-2026
153328;Groww Nifty 200 ETF FOF - Direct - Growth;INF666M01JQ1;;12.2249;;;05-Jan-2026
153343;Groww Nifty 200 ETF FOF - Direct - IDCW;INF666M01JR9;INF666M01JS7;12.2248;;;05-Jan-2026
153342;Groww Nifty 200 ETF FOF - Regular - Growth;INF666M01JT5;;12.1675;;;05-Jan-2026
153344;Groww Nifty 200 ETF FOF - Regular - IDCW;INF666M01JU3;INF666M01JW9;12.1675;;;05-Jan-2026
153453;Groww Nifty 500 Momentum 50 ETF FOF - Direct Plan - Growth;INF666M01JX7;;10.608;;;05-Jan-2026
153454;Groww Nifty 500 Momentum 50 ETF FOF - Direct Plan - IDCW;INF666M01JY5;INF666M01KB1;10.6197;;;05-Jan-2026
153455;Groww Nifty 500 Momentum 50 ETF FOF - Regular Plan - IDCW;INF666M01KH8;INF666M01KI6;10.5745;;;05-Jan-2026
153456;Groww Nifty 500 Momentum 50 ETF FOF - Regular Plan- Growth;INF666M01KC9;;10.5745;;;05-Jan-2026
153908;Groww Nifty Capital Markets ETF FOF Direct Growth;INF666M01MG6;;10.037;;;05-Jan-2026
153917;Groww Nifty Capital Markets ETF FOF Direct IDCW;INF666M01MH4;INF666M01MI2;10.037;;;05-Jan-2026
153918;Groww Nifty Capital Markets ETF FOF Regular Growth;INF666M01MJ0;;10.0322;;;05-Jan-2026
153919;Groww Nifty Capital Markets ETF FOF Regular IDCW;INF666M01MK8;INF666M01ML6;10.0322;;;05-Jan-2026
152771;Groww Nifty EV & New Age Automotive ETF FOF - Direct Plan - IDCW;INF666M01IM2;INF666M01IN0;9.8262;;;05-Jan-2026
152773;Groww Nifty EV & New Age Automotive ETF FOF - Regular Plan - Growth;INF666M01II0;;9.7665;;;05-Jan-2026
152772;Groww Nifty EV & New Age Automotive ETF FOF - Regular Plan - IDCW;INF666M01IJ8;INF666M01IK6;9.7666;;;05-Jan-2026
152770;Groww Nifty EV & New Age Automotive ETF FOF- Direct Plan - Growth;INF666M01IL4;;9.8258;;;05-Jan-2026
152926;Groww Nifty India Defence ETF FOF - Direct - IDCW;INF666M01IR1;INF666M01IS9;11.6914;;;05-Jan-2026
152925;Groww Nifty India Defence ETF FOF - Direct Growth;INF666M01IQ3;;11.6912;;;05-Jan-2026
152927;Groww Nifty India Defence ETF FOF - Regular - Growth;INF666M01IT7;;11.6324;;;05-Jan-2026
152928;Groww Nifty India Defence ETF FOF - Regular - IDCW;INF666M01IU5;INF666M01IV3;11.631;;;05-Jan-2026
153626;Groww Nifty India Internet ETF FOF - Direct - Growth;INF666M01LC7;;10.4445;;;05-Jan-2026
153632;Groww Nifty India Internet ETF FOF - Direct - IDCW;INF666M01LD5;INF666M01LE3;10.4445;;;05-Jan-2026
153633;Groww Nifty India Internet ETF FOF - Regular - Growth;INF666M01LF0;;10.4199;;;05-Jan-2026
153631;Groww Nifty India Internet ETF FOF - Regular - IDCW;INF666M01LG8;INF666M01LH6;10.4199;;;05-Jan-2026
153525;Groww Silver ETF FOF - Direct - Growth;INF666M01KQ9;;22.7331;;;05-Jan-2026
153526;Groww Silver ETF FOF - Direct - IDCW;INF666M01KR7;INF666M01KS5;22.7379;;;05-Jan-2026
153527;Groww Silver ETF FOF - Regular - Growth;INF666M01KX5;;22.6729;;;05-Jan-2026
153528;Groww Silver ETF FOF - Regular - IDCW;INF666M01KY3;INF666M01KZ0;22.6729;;;05-Jan-2026

HDFC Mutual Fund
153860;HDFC Diversified Equity All Cap Active FOF - Direct Plan - Growth Plan;INF179KC1JU4;;10.4106;;;05-Jan-2026
153862;HDFC Diversified Equity All Cap Active FOF - IDCW - Direct Plan;INF179KC1JV2;INF179KC1JW0;10.4106;;;05-Jan-2026
153863;HDFC Diversified Equity All Cap Active FOF - IDCW - Regular Plan;INF179KC1JS8;INF179KC1JT6;10.3805;;;05-Jan-2026
153861;HDFC Diversified Equity All Cap Active FOF - Regular Plan - Growth Plan;INF179KC1JR0;;10.3805;;;05-Jan-2026
119132;HDFC Gold ETF Fund of Fund - Direct Plan;INF179K01VX0;;42.6378;;;05-Jan-2026
115934;HDFC Gold ETF Fund of Fund - Growth Option;INF179K01LC5;;40.6641;;;05-Jan-2026
130533;HDFC Income Plus Arbitrage Active FOF - Growth Option;INF179KA1SF8;;39.9288;;;05-Jan-2026
130543;HDFC Income Plus Arbitrage Active FOF - Growth Option - Direct Plan;INF179KA1SC5;;44.0911;;;05-Jan-2026
130540;HDFC Income Plus Arbitrage Active FOF - IDCW Option;INF179KA1SG6;;34.9889;;;05-Jan-2026
130547;HDFC Income Plus Arbitrage Active FOF - IDCW Option - Direct Plan;INF179KA1SD3;;38.7297;;;05-Jan-2026
148901;HDFC Multi-Asset Active FOF - Growth Option;INF179KC1BD7;;19.423;;;05-Jan-2026
148903;HDFC Multi-Asset Active FOF - Growth Option -Direct Plan;INF179KC1BA3;;20.505;;;05-Jan-2026
148900;HDFC Multi-Asset Active FOF - IDCW Option;INF179KC1BE5;;19.423;;;05-Jan-2026
148902;HDFC Multi-Asset Active FOF - IDCW Option - Direct Plan;INF179KC1BB1;;20.505;;;05-Jan-2026
150736;HDFC Silver ETF Fund of Fund - Growth Option;INF179KC1DV5;;38.7054;;;05-Jan-2026
150737;HDFC Silver ETF Fund of Fund - Growth Option - Direct Plan;INF179KC1DU7;;39.1599;;;05-Jan-2026

Kotak Mahindra Mutual Fund
114758;Kotak Gold Fund Growth;INF174K01AT3;;52.1261;;;05-Jan-2026
119781;Kotak Gold Fund Growth - Direct;INF174K01MP6;;55.0022;;;05-Jan-2026
114757;Kotak Gold Fund Payout of Income Distribution cum capital withdrawal option;INF174K01AU1;INF174K01AV9;52.1261;;;05-Jan-2026
119780;Kotak Gold Fund Payout of Income Distribution cum capital withdrawal option- Direct;INF174K01MQ4;INF174K01MR2;55.0017;;;05-Jan-2026
153921;Kotak Gold Silver Passive FOF - Direct Plan - Growth;INF174KA1XT4;;14.433;;;05-Jan-2026
153922;Kotak Gold Silver Passive FOF - Regular Plan - Growth;INF174KA1XU2;;14.425;;;05-Jan-2026
150820;Kotak Income Plus Arbitrage Omni  FOF-Regular Plan-Growth;INF174KA1KG8;;12.6877;;;05-Jan-2026
150822;Kotak Income Plus Arbitrage Omni FOF-Direct Plan-Growth;INF174KA1KJ2;;12.7406;;;05-Jan-2026
150823;Kotak Income Plus Arbitrage Omni FOF-Direct Plan-IDCW;INF174KA1KK0;INF174KA1KL8;12.7408;;;05-Jan-2026
150821;Kotak Income Plus Arbitrage Omni FOF-Regular Plan-IDCW;INF174KA1KH6;INF174KA1KI4;12.6875;;;05-Jan-2026
151603;Kotak Silver ETF Fund of Fund - Direct Plan - Growth Option;INF174KA1MQ3;;31.3757;;;05-Jan-2026
151602;Kotak Silver ETF Fund of Fund - Regular Plan - Growth Option;INF174KA1MR1;;30.9805;;;05-Jan-2026

LIC Mutual Fund
151974;LIC MF Gold ETF Fund of Fund-Direct Plan-Growth;INF397L01BU4;;37.3743;;;05-Jan-2026
151973;LIC MF Gold ETF Fund of Fund-Regular Plan-Growth;INF397L01992;;35.3893;;;05-Jan-2026

Mirae Asset Mutual Fund
153380;Mirae Asset BSE 200 Equal Weight ETF Fund of Fund - Direct Plan - Growth;INF769K01OE3;;11.712;;;05-Jan-2026
153381;Mirae Asset BSE 200 Equal Weight ETF Fund of Fund - Direct Plan - IDCW;INF769K01OG8;INF769K01OF0;11.709;;;05-Jan-2026
153382;Mirae Asset BSE 200 Equal Weight ETF Fund of Fund - Regular Plan - Growth;INF769K01OB9;;11.661;;;05-Jan-2026
153383;Mirae Asset BSE 200 Equal Weight ETF Fund of Fund - Regular Plan - IDCW;INF769K01OD5;INF769K01OC7;11.661;;;05-Jan-2026
153385;Mirae Asset BSE Select IPO ETF Fund of Fund - Direct Plan - Growth;INF769K01OK0;;11.406;;;05-Jan-2026
153386;Mirae Asset BSE Select IPO ETF Fund of Fund - Direct Plan - IDCW;INF769K01OM6;INF769K01OL8;11.404;;;05-Jan-2026
153387;Mirae Asset BSE Select IPO ETF Fund of Fund - Regular Plan - Growth;INF769K01OH6;;11.374;;;05-Jan-2026
153388;Mirae Asset BSE Select IPO ETF Fund of Fund - Regular Plan - IDCW;INF769K01OJ2;INF769K01OI4;11.356;;;05-Jan-2026
148500;Mirae Asset Diversified Equity Allocator Passive FOF - Direct Plan - Growth;INF769K01GE9;;26.222;;;05-Jan-2026
148501;Mirae Asset Diversified Equity Allocator Passive FOF - Direct Plan - IDCW;INF769K01GD1;INF769K01GF6;26.243;;;05-Jan-2026
148502;Mirae Asset Diversified Equity Allocator Passive FOF - Regular Plan - Growth;INF769K01GB5;;26.117;;;05-Jan-2026
148503;Mirae Asset Diversified Equity Allocator Passive FOF - Regular Plan - IDCW;INF769K01GA7;INF769K01GC3;26.120;;;05-Jan-2026
153007;Mirae Asset Gold ETF Fund of Fund - Direct Plan - Growth;INF769K01MV1;;17.206;;;05-Jan-2026
153008;Mirae Asset Gold ETF Fund of Fund - Direct Plan - IDCW;INF769K01MW9;INF769K01MX7;17.206;;;05-Jan-2026
153009;Mirae Asset Gold ETF Fund of Fund - Regular Plan - Growth;INF769K01MS7;;17.107;;;05-Jan-2026
153010;Mirae Asset Gold ETF Fund of Fund - Regular Plan - IDCW;INF769K01MT5;INF769K01MU3;17.097;;;05-Jan-2026
153812;Mirae Asset Gold Silver Passive FoF - Direct Plan - Growth;INF769K01PM3;;16.080;;;05-Jan-2026
153813;Mirae Asset Gold Silver Passive FoF - Direct Plan - IDCW;INF769K01PO9;INF769K01PN1;16.079;;;05-Jan-2026
153814;Mirae Asset Gold Silver Passive FoF - Regular Plan - Growth;INF769K01PP6;;16.043;;;05-Jan-2026
153815;Mirae Asset Gold Silver Passive FoF - Regular Plan - IDCW;INF769K01PL5;INF769K01PK7;16.040;;;05-Jan-2026
149380;Mirae Asset Hang Seng TECH ETF Fund of Fund Regular Plan - Growth Option;INF769K01HT5;;13.021;;;05-Jan-2026
149381;Mirae AssetHang Seng TECH ETF Fund of Fund Direct Plan - Growth Option;INF769K01HU3;;13.267;;;05-Jan-2026
153638;Mirae Asset Income plus Arbitrage Active FOF - Direct Plan - Growth;INF769K01OY1;;10.304;;;05-Jan-2026
153639;Mirae Asset Income plus Arbitrage Active FOF - Direct Plan - IDCW;INF769K01PA8;INF769K01OZ8;10.304;;;05-Jan-2026
153640;Mirae Asset Income plus Arbitrage Active FOF - Regular Plan - Growth;INF769K01OV7;;10.289;;;05-Jan-2026
153641;Mirae Asset Income plus Arbitrage Active FOF - Regular Plan - IDCW;INF769K01OX3;INF769K01OW5;10.289;;;05-Jan-2026
148575;Mirae Asset Nifty 100 ESG Sector Leaders Fund  of Fund Direct IDCW;INF769K01GP5;INF769K01GR1;19.865;;;05-Jan-2026
148573;Mirae Asset Nifty 100 ESG Sector Leaders Fund  of Fund Regular IDCW;INF769K01GM2;INF769K01GO8;19.473;;;05-Jan-2026
148574;Mirae Asset Nifty 100 ESG Sector Leaders Fund of Fund Direct Growth;INF769K01GQ3;;19.869;;;05-Jan-2026
148576;Mirae Asset Nifty 100 ESG Sector Leaders Fund of Fund Regular Growth;INF769K01GN0;;19.513;;;05-Jan-2026
149790;Mirae Asset Nifty India Manufacturing ETF FOF - Direct Plan - Growth;INF769K01HZ2;;19.949;;;05-Jan-2026
149787;Mirae Asset Nifty India Manufacturing ETF FOF - Direct Plan- IDCW;INF769K01HY5;INF769K01IA3;19.951;;;05-Jan-2026
149788;Mirae Asset Nifty India Manufacturing ETF FOF - Regular Plan - Growth;INF769K01HW9;;19.646;;;05-Jan-2026
149789;Mirae Asset Nifty India Manufacturing ETF FOF - Regular Plan - IDCW;INF769K01HV1;INF769K01HX7;19.719;;;05-Jan-2026
153192;Mirae Asset Nifty India New Age Consumption ETF Fund of Fund - Direct Plan - Growth;INF769K01NP1;;9.911;;;05-Jan-2026
153193;Mirae Asset Nifty India New Age Consumption ETF Fund of Fund - Direct Plan - IDCW;INF769K01NR7;INF769K01NQ9;9.911;;;05-Jan-2026
153194;Mirae Asset Nifty India New Age Consumption ETF Fund of Fund - Regular Plan - Growth;INF769K01NM8;;9.874;;;05-Jan-2026
153195;Mirae Asset Nifty India New Age Consumption ETF Fund of Fund - Regular Plan - IDCW;INF769K01NO4;INF769K01NN6;9.875;;;05-Jan-2026
152645;Mirae Asset Nifty MidSmallcap400 Momentum Quality 100 ETF Fund of Fund - Direct Plan - Growth;INF769K01LN0;;9.724;;;05-Jan-2026
152646;Mirae Asset Nifty MidSmallcap400 Momentum Quality 100 ETF Fund of Fund - Direct Plan - IDCW;INF769K01LO8;INF769K01LP5;9.724;;;05-Jan-2026
152647;Mirae Asset Nifty MidSmallcap400 Momentum Quality 100 ETF Fund of Fund - Regular Plan - Growth;INF769K01LK6;;9.641;;;05-Jan-2026
152648;Mirae Asset Nifty MidSmallcap400 Momentum Quality 100 ETF Fund of Fund - Regular Plan - IDCW;INF769K01LL4;INF769K01LM2;9.646;;;05-Jan-2026
152459;Mirae Asset Nifty Smallcap 250 Momentum Quality 100 ETF Fund of Fund - Direct Plan - Growth;INF769K01LG4;;9.856;;;05-Jan-2026
152456;Mirae Asset Nifty Smallcap 250 Momentum Quality 100 ETF Fund of Fund - Direct Plan - IDCW;INF769K01LH2;INF769K01LI0;9.856;;;05-Jan-2026
152457;Mirae Asset Nifty Smallcap 250 Momentum Quality 100 ETF Fund of Fund - Regular Plan - Growth;INF769K01LD1;;9.767;;;05-Jan-2026
152458;Mirae Asset Nifty Smallcap 250 Momentum Quality 100 ETF Fund of Fund - Regular Plan - IDCW;INF769K01LE9;INF769K01LF6;9.769;;;05-Jan-2026
152718;Mirae Asset Nifty200 Alpha 30 ETF Fund of Fund - Direct Plan - Growth;INF769K01LU5;;8.923;;;05-Jan-2026
152719;Mirae Asset Nifty200 Alpha 30 ETF Fund of Fund - Direct Plan - IDCW;INF769K01LV3;INF769K01LW1;8.929;;;05-Jan-2026
152720;Mirae Asset Nifty200 Alpha 30 ETF Fund of Fund - Regular Plan - Growth;INF769K01LR1;;8.869;;;05-Jan-2026
152721;Mirae Asset Nifty200 Alpha 30 ETF Fund of Fund - Regular Plan - IDCW;INF769K01LS9;INF769K01LT7;8.862;;;05-Jan-2026

Motilal Oswal Mutual Fund
149240;Motilal Oswal 5 Year G-Sec Fund Of Fund Direct -Growth;INF247L01AQ1;;12.7939;;;05-Jan-2026
149241;Motilal Oswal 5 Year G-Sec Fund Of Fund Regular -Growth;INF247L01AR9;;12.7535;;;05-Jan-2026
150642;Motilal Oswal Gold and Silver ETFs Fund of Funds(Direct Plan);INF247L01BM8;;29.2078;;;05-Jan-2026
150641;Motilal Oswal Gold and Silver ETFs Fund of Funds(Regular Plan);INF247L01BN6;;28.8703;;;05-Jan-2026
145552;Motilal Oswal Nasdaq 100 Fund of Fund- Direct Plan Growth;INF247L01718;;49.6363;;;05-Jan-2026
145551;Motilal Oswal Nasdaq 100 Fund of Fund- Regular Plan Growth;INF247L01700;;48.2770;;;05-Jan-2026

Quantum Mutual Fund
115132;Quantum Gold Savings Fund - Direct Plan Growth Option;INF082J01150;;52.2017;;;05-Jan-2026
141064;Quantum Gold Savings Fund - Regular Plan Growth Option;INF082J01358;;51.5090;;;05-Jan-2026

SBI Mutual Fund
119789;SBI Gold Fund - Direct Plan - Income Distribution cum Capital Withdrawal Option (IDCW);INF200K01RN3;INF200K01RO1;41.6113;;;05-Jan-2026
115677;SBI Gold Fund - Regular Plan - Income Distribution cum Capital Withdrawal Option (IDCW);INF200K01HB9;INF200K01HC7;39.7863;;;05-Jan-2026
115676;SBI GOLD FUND REGULAR PLAN - GROWTH;INF200K01HA1;;39.7756;;;05-Jan-2026
119788;SBI GOLD FUND- DIRECT PLAN - GROWTH;INF200K01RP8;;41.6713;;;05-Jan-2026
153498;SBI Income Plus Arbitrage Active FOF- Direct Plan- Growth;INF200KB1753;;10.3690;;;05-Jan-2026
153501;SBI Income Plus Arbitrage Active FOF- Direct Plan- Income Distribution Cum Capital Withdrawal Option;INF200KB1761;INF200KB1779;10.3689;;;05-Jan-2026
153500;SBI Income Plus Arbitrage Active FOF- Regular Plan- Growth;INF200KB1720;;10.3566;;;05-Jan-2026
153499;SBI Income Plus Arbitrage Active FOF- Regular Plan- Income Distribution Cum Capital Withdrawal Option;INF200KB1738;INF200KB1746;10.3567;;;05-Jan-2026
152734;SBI Silver ETF FOF- Regular Plan - Income Distribution Cum Capital Withdrawal Option (IDCW);INF200KB1225;INF200KB1274;24.9726;;;05-Jan-2026
152735;SBI Silver ETF Fund of Fund- Direct Plan - Growth;INF200KB1233;;25.1068;;;05-Jan-2026
152736;SBI Silver ETF Fund of Fund- Direct Plan - Income Distribution Cum Capital Withdrawal Option (IDCW);INF200KB1241;INF200KB1258;25.1069;;;05-Jan-2026
152733;SBI Silver ETF Fund of Fund- Regular Plan - Growth;INF200KB1266;;24.9721;;;05-Jan-2026

Tata Mutual Fund
152287;Tata Gold ETF Fund of Fund Direct Plan Growth Option;INF277KA1869;;21.0263;;;05-Jan-2026
152288;Tata Gold ETF Fund of Fund Direct Plan IDCW Payout Option;INF277KA1885;;21.0263;;;05-Jan-2026
152289;Tata Gold ETF Fund of Fund Direct Plan IDCW Reinvestment Option;;INF277KA1877;21.0263;;;05-Jan-2026
152290;Tata Gold ETF Fund of Fund Regular Plan Growth Option;INF277KA1901;;20.7921;;;05-Jan-2026
152286;Tata Gold ETF Fund of Fund Regular Plan IDCW Payout Option;INF277KA1851;;20.7921;;;05-Jan-2026
152291;Tata Gold ETF Fund of Fund Regular Plan IDCW Reinvestment Option;;INF277KA1919;20.7921;;;05-Jan-2026
153513;Tata Income Plus Arbitrage Active FOF - Direct Plan Growth Option;INF277KA1DT2;;10.3207;;;05-Jan-2026
153512;Tata Income Plus Arbitrage Active FOF - Direct Plan IDCW Payout Option;INF277KA1DV8;;10.3207;;;05-Jan-2026
153509;Tata Income Plus Arbitrage Active FOF - Direct Plan IDCW Reinvestment Option;;INF277KA1DU0;10.3207;;;05-Jan-2026
153511;Tata Income Plus Arbitrage Active FOF - Regular Plan Growth Option;INF277KA1DQ8;;10.2872;;;05-Jan-2026
153510;Tata Income Plus Arbitrage Active FOF - Regular Plan IDCW Payout Option;INF277KA1DS4;;10.2872;;;05-Jan-2026
153514;Tata Income Plus Arbitrage Active FOF - Regular Plan IDCW Reinvestment Option;;INF277KA1DR6;10.2872;;;05-Jan-2026
150345;Tata Nifty India Digital ETF Fund of Fund -Regular Plan-Growth;INF277KA1463;;15.1421;;;05-Jan-2026
150341;Tata Nifty India Digital ETF Fund of Fund-Direct Plan- IDCW Reinvestment;;INF277KA1455;15.3974;;;05-Jan-2026
150344;Tata Nifty India Digital ETF Fund of Fund-Direct Plan-Growth;INF277KA1430;;15.3974;;;05-Jan-2026
150340;Tata Nifty India Digital ETF Fund of Fund-Direct Plan-IDCW Payout;INF277KA1448;;15.3974;;;05-Jan-2026
150342;Tata Nifty India Digital ETF Fund of Fund-Regular Plan-IDCW Payout;INF277KA1471;;15.1421;;;05-Jan-2026
150343;Tata Nifty India Digital ETF Fund of Fund-Regular Plan-IDCW Reinvestment;;INF277KA1489;15.1421;;;05-Jan-2026
152293;Tata Silver ETF Fund of Fund Direct Plan Growth Option;INF277KA1943;;30.8953;;;05-Jan-2026
152294;Tata Silver ETF Fund of Fund Direct Plan IDCW Payout Option;INF277KA1968;;30.8953;;;05-Jan-2026
152295;Tata Silver ETF Fund of Fund Direct Plan IDCW Reinvestment Option;;INF277KA1950;30.8953;;;05-Jan-2026
152297;Tata Silver ETF Fund of Fund Regular Plan Growth Option;INF277KA1893;;30.6212;;;05-Jan-2026
152296;Tata Silver ETF Fund of Fund Regular Plan IDCW Payout Option;INF277KA1935;;30.6212;;;05-Jan-2026
152292;Tata Silver ETF Fund of Fund Regular Plan IDCW Reinvestment Option;;INF277KA1927;30.6212;;;05-Jan-2026

Union Mutual Fund
153824;Union Diversified Equity All Cap Active FOF - Direct Plan - Growth Option;INF582M01LZ7;;10.1045;;;05-Jan-2026
153825;Union Diversified Equity All Cap Active FOF - Direct Plan - IDCW Option;INF582M01MA8;INF582M01MB6;10.1045;;;05-Jan-2026
153822;Union Diversified Equity All Cap Active FOF - Regular Plan - Growth Option;INF582M01LV6;;10.0728;;;05-Jan-2026
153823;Union Diversified Equity All Cap Active FOF - Regular Plan - IDCW Option;INF582M01LW4;INF582M01LX2;10.0728;;;05-Jan-2026
153340;Union Gold ETF Fund of Fund - Direct Plan - Growth Option;INF582M01LA0;;15.5584;;;05-Jan-2026
153339;Union Gold ETF Fund of Fund - Direct Plan - IDCW Option;INF582M01KW6;;15.5584;;;05-Jan-2026
153338;Union Gold ETF Fund of Fund - Regular Plan - Growth Option;INF582M01KT2;;15.5238;;;05-Jan-2026
153341;Union Gold ETF Fund of Fund - Regular Plan - IDCW Option;INF582M01KU0;;15.5238;;;05-Jan-2026
153575;Union Income Plus Arbitrage Active FOF - Direct Plan - Growth Option;INF582M01LF9;;10.1952;;;05-Jan-2026
153576;Union Income Plus Arbitrage Active FOF - Direct Plan - IDCW Option;INF582M01LG7;INF582M01LH5;10.1952;;;05-Jan-2026
153573;Union Income Plus Arbitrage Active FOF - Regular Plan - Growth Option;INF582M01LB8;;10.1665;;;05-Jan-2026
153574;Union Income Plus Arbitrage Active FOF - Regular Plan - IDCW Option;INF582M01LC6;INF582M01LD4;10.1665;;;05-Jan-2026

Zerodha Mutual Fund
153011;Zerodha Gold ETF FoF-Direct Plan - Growth Option;INF0R8F01083;;17.8279;;;05-Jan-2026
153757;Zerodha Multi Asset Passive FoF - Direct - Growth;INF0R8F01117;;11.2613;;;05-Jan-2026
153656;Zerodha Silver ETF FoF - Direct Growth;INF0R8F01109;;21.5848;;;05-Jan-2026

Open Ended Schemes ( Equity Scheme - Flexi Cap Fund )


HDFC Mutual Fund
118955;HDFC Flexi Cap Fund - Growth Option - Direct Plan;INF179K01UT0;;2296.88;;;05-Jan-2026
101762;HDFC Flexi Cap Fund - Growth Plan;INF179K01608;;2094.325;;;05-Jan-2026
118954;HDFC Flexi Cap Fund - IDCW Option - Direct Plan;INF179K01VL5;INF179K01VM3;100.215;;;05-Jan-2026
101763;HDFC Flexi Cap Fund - IDCW Plan;INF179K01582;INF179K01590;83.019;;;05-Jan-2026

Helios Mutual Fund
152135;Helios Flexi Cap Fund - Direct Plan - Growth Option;INF0R8701046;;15.68;;;05-Jan-2026
152138;Helios Flexi Cap Fund - Direct Plan - IDCW Option;INF0R8701053;INF0R8701061;15.68;;;05-Jan-2026
152136;Helios Flexi Cap Fund - Regular Plan - Growth Option;INF0R8701012;;15.20;;;05-Jan-2026
152137;Helios Flexi Cap Fund - Regular Plan - IDCW Option;INF0R8701020;INF0R8701038;15.20;;;05-Jan-2026

ITI Mutual Fund
151379;ITI Flexi Cap Fund- Direct Plan- Growth;INF00XX01CO7;;19.3526;;;05-Jan-2026
151380;ITI Flexi Cap Fund- Direct Plan- IDCW;INF00XX01CP4;INF00XX01CQ2;19.3526;;;05-Jan-2026
151377;ITI Flexi Cap Fund- Regular Plan- Growth;INF00XX01CL3;;18.4061;;;05-Jan-2026
151378;ITI Flexi Cap Fund- Regular Plan- IDCW;INF00XX01CM1;INF00XX01CN9;18.4061;;;05-Jan-2026

Jio BlackRock Mutual Fund
153859;JioBlackRock Flexi Cap Fund - Direct Plan - Growth Option;INF22M001093;;10.32;;;05-Jan-2026

JM Financial Mutual Fund
120492;JM Flexicap Fund (Direct) - Growth Option;INF192K01CC7;;111.2742;;;05-Jan-2026
120491;JM Flexicap Fund (Direct) - IDCW;INF192K01CA1;INF192K01CB9;101.1427;;;05-Jan-2026
109522;JM Flexicap Fund (Regular) - Growth option;INF192K01635;;97.2263;;;05-Jan-2026
109523;JM Flexicap Fund (Regular) - IDCW;INF192K01619;INF192K01627;74.9203;;;05-Jan-2026

Kotak Mahindra Mutual Fund
112090;Kotak Flexicap Fund - Growth;INF174K01336;;88.217;;;05-Jan-2026
120166;Kotak Flexicap Fund - Growth - Direct;INF174K01LS2;;99.772;;;05-Jan-2026
112089;Kotak Flexicap Fund - Payout of Income Distribution cum capital withdrawal option;INF174K01351;INF174K01344;53.269;;;05-Jan-2026
120165;Kotak Flexicap Fund - Payout of Income Distribution cum capital withdrawal option- Direct;INF174K01LQ6;INF174K01LR4;60.932;;;05-Jan-2026

LIC Mutual Fund
120264;LIC MF Flexi Cap Fund-Direct Plan-Growth;INF767K01EG3;;114.2707;;;05-Jan-2026
120263;LIC MF Flexi Cap Fund-Direct Plan-IDCW;INF767K01EF5;INF767K01EH1;38.4515;;;05-Jan-2026
100313;LIC MF Flexi Cap Fund-Regular Plan-Growth;INF767K01071;;103.274;;;05-Jan-2026
100312;LIC MF Flexi Cap Fund-Regular Plan-IDCW;INF767K01063;INF767K01055;32.5893;;;05-Jan-2026

Mirae Asset Mutual Fund
151413;Mirae Asset Flexi Cap Fund - Direct Plan -  IDCW;INF769K01JI4;INF769K01JK0;17.287;;;05-Jan-2026
151412;Mirae Asset Flexi Cap Fund - Direct Plan - Growth;INF769K01JJ2;;17.338;;;05-Jan-2026
151414;Mirae Asset Flexi Cap Fund - Regular Plan - Growth;INF769K01JG8;;16.617;;;05-Jan-2026
151415;Mirae Asset Flexi Cap Fund - Regular Plan - IDCW;INF769K01JF0;INF769K01JH6;16.623;;;05-Jan-2026

Motilal Oswal Mutual Fund
129047;Motilal Oswal Flexi Cap Fund Direct - IDCW Payout/Reinvestment;INF247L01528;INF247L01510;35.9600;;;05-Jan-2026
129046;Motilal Oswal Flexi cap Fund Direct Plan-Growth Option;INF247L01502;;67.6315;;;05-Jan-2026
129049;Motilal Oswal Flexi cap Fund Regular - IDCW Payout/Reinvestment;INF247L01494;INF247L01486;34.3202;;;05-Jan-2026
129048;Motilal Oswal Flexi Cap Fund Regular Plan-Growth Option;INF247L01478;;60.7871;;;05-Jan-2026

Navi Mutual Fund
143793;Navi Flexi Cap Fund - Direct Plan - Growth;INF959L01DT9;;27.6723;;;05-Jan-2026
143798;NAVI FLEXI CAP FUND - DIRECT PLAN ANNUAL IDCW PAYOUT;INF959L01EC3;INF959L01ED1;27.461;;;05-Jan-2026
143797;NAVI FLEXI CAP FUND - DIRECT PLAN HALF YEARLY IDCW PAYOUT;INF959L01EA7;INF959L01EB5;27.4618;;;05-Jan-2026
143796;NAVI FLEXI CAP FUND - DIRECT PLAN MONTHLY IDCW PAYOUT;INF959L01DW3;INF959L01DX1;27.456;;;05-Jan-2026
143792;NAVI FLEXI CAP FUND - DIRECT PLAN NORMAL IDCW PAYOUT;INF959L01DU7;INF959L01DV5;27.4269;;;05-Jan-2026
143791;NAVI FLEXI CAP FUND - DIRECT PLAN QUARTERLY IDCW PAYOUT;INF959L01DY9;INF959L01DZ6;27.4828;;;05-Jan-2026
143787;Navi Flexi Cap Fund - Regular Plan - Growth;INF959L01EE9;;23.8957;;;05-Jan-2026
143795;NAVI FLEXI CAP FUND - REGULAR PLAN ANNUAL IDCW PAYOUT;INF959L01EN0;INF959L01EO8;23.8963;;;05-Jan-2026
143794;NAVI FLEXI CAP FUND - REGULAR PLAN HALF YEARLY IDCW PAYOUT;INF959L01EL4;INF959L01EM2;23.8994;;;05-Jan-2026
143790;NAVI FLEXI CAP FUND - REGULAR PLAN MONTHLY IDCW PAYOUT;INF959L01EH2;INF959L01EI0;23.9051;;;05-Jan-2026
143789;NAVI FLEXI CAP FUND - REGULAR PLAN NORMAL IDCW PAYOUT;INF959L01EF6;INF959L01EG4;23.8991;;;05-Jan-2026
143788;NAVI FLEXI CAP FUND - REGULAR PLAN QUARTERLY IDCW PAYOUT;INF959L01EJ8;INF959L01EK6;23.893;;;05-Jan-2026

PGIM India Mutual Fund
133837;PGIM India Flexi Cap Fund - Direct Plan - Dividend Option;INF663L01FG9;INF663L01FH7;22.58;;;05-Jan-2026
133839;PGIM India Flexi Cap Fund - Direct Plan - Growth Option;INF663L01FF1;;43.66;;;05-Jan-2026
133838;PGIM India Flexi Cap Fund - Regular Plan - Dividend Option;INF663L01FK1;INF663L01FL9;19.86;;;05-Jan-2026
133836;PGIM India Flexi Cap Fund - Regular Plan - Growth Option;INF663L01FJ3;;37.13;;;05-Jan-2026

quant Mutual Fund
109830;quant Flexi Cap Fund - Growth Option - Regular Plan;INF966L01457;;99.9688;;;05-Jan-2026
120843;quant Flexi Cap Fund - Growth Option-Direct Plan;INF966L01911;;111.6959;;;05-Jan-2026
120842;quant Flexi Cap Fund - IDCW Option - Direct Plan;INF966L01895;INF966L01903;75.9252;;;05-Jan-2026
109831;quant Flexi Cap Fund - IDCW Option - Regular Plan;INF966L01432;INF966L01440;71.4496;;;05-Jan-2026

Shriram Mutual Fund
144905;Shriram Flexi Cap Fund - Direct Growth;INF680P01109;;23.6189;;;05-Jan-2026
144906;Shriram Flexi Cap Fund - Direct-IDCW;INF680P01117;INF680P01125;23.3857;;;05-Jan-2026
144902;Shriram Flexi Cap Fund - Regular Growth;INF680P01075;;20.7725;;;05-Jan-2026
144903;Shriram Flexi Cap Fund - Regular-IDCW;INF680P01083;INF680P01091;20.7681;;;05-Jan-2026

Sundaram Mutual Fund
150571;Sundaram Flexicap Fund Direct Growth;INF903JA1LE2;;16.1794;;;05-Jan-2026
150573;Sundaram Flexicap Fund Direct Plan IDCW Payout;INF903JA1LF9;;14.4313;;;05-Jan-2026
150572;Sundaram Flexicap Fund Direct Plan IDCW Reinvestment;;INF903JA1LG7;14.4313;;;05-Jan-2026
150568;Sundaram Flexicap Fund Regular Growth;INF903JA1LB8;;15.3670;;;05-Jan-2026
150569;Sundaram Flexicap Fund Regular Plan IDCW Payout;INF903JA1LC6;;13.6970;;;05-Jan-2026
150570;Sundaram Flexicap Fund Regular Plan IDCW Reinvestment;;INF903JA1LD4;13.6970;;;05-Jan-2026

Tata Mutual Fund
144547;TATA Flexi Cap Fund - Direct Plan - Payout of Income Distribution cum capital withdrawal option ;INF277K017K6;;28.0865;;;05-Jan-2026
144548;Tata Flexi Cap Fund -Regular Plan-Growth;INF277K019K2;;25.1491;;;05-Jan-2026
144543;TATA Flexi Cap Fund Direct Plan - Reinvestment of Income Distribution cum capital withdrawal option;;INF277K016K8;28.0865;;;05-Jan-2026
144544;TATA Flexi Cap Fund Regular Plan - Payout of Income Distribution cum capital withdrawal option ;INF277K011L7;;25.1491;;;05-Jan-2026
144545;TATA Flexi Cap Fund Regular Plan - Reinvestment of Income Distribution cum capital withdrawal option ;;INF277K010L9;25.1491;;;05-Jan-2026
144546;Tata Flexi Cap Fund-Direct Plan-Growth;INF277K015K0;;28.0865;;;05-Jan-2026

Taurus Mutual Fund
118884;Taurus Flexi Cap Fund - Direct Plan -  Payout of Income Distribution cum Capital Withdrawal option;INF044D01BV7;INF044D01BW5;118.38;;;05-Jan-2026
118883;Taurus Flexi Cap Fund - Direct Plan - Growth;INF044D01BU9;;234.65;;;05-Jan-2026
100476;Taurus Flexi Cap Fund - Regular Plan - Growth ;INF044D01989;;225.48;;;05-Jan-2026
111640;Taurus Flexi Cap Fund - Regular Plan - Payout of Income Distribution cum Capital Withdrawal option;INF044D01955;INF044D01963;109.42;;;05-Jan-2026

Trust Mutual Fund
152584;TRUSTMF Flexi Cap Fund-Direct Plan- Growth;INF0GCD01743;;11.94;;;05-Jan-2026
152585;TRUSTMF Flexi Cap Fund-Direct Plan- IDCW;INF0GCD01750;INF0GCD01768;11.94;;;05-Jan-2026
152582;TRUSTMF Flexi Cap Fund-Regular Plan- Growth;INF0GCD01719;;11.6;;;05-Jan-2026
152583;TRUSTMF Flexi Cap Fund-Regular Plan- IDCW;INF0GCD01727;INF0GCD01735;11.6;;;05-Jan-2026

Union Mutual Fund
119292;Union Flexi Cap Fund - Direct Plan - Growth Option;INF582M01633;;58.82;;;05-Jan-2026
119293;Union Flexi Cap Fund - Direct Plan - IDCW Option;INF582M01658;INF582M01641;51.38;;;05-Jan-2026
115270;Union Flexi Cap Fund - Growth Option;INF582M01104;;52.55;;;05-Jan-2026
115290;Union Flexi Cap Fund - IDCW Option;INF582M01120;INF582M01112;33.19;;;05-Jan-2026

WhiteOak Capital Mutual Fund
150349;WhiteOak Capital Flexi Cap Fund Direct Plan IDCW;INF03VN01555;INF03VN01548;18.856;;;05-Jan-2026
150346;WhiteOak Capital Flexi Cap Fund Direct Plan-Growth;INF03VN01530;;18.856;;;05-Jan-2026
150348;WhiteOak Capital Flexi Cap Fund Regular Plan IDCW;INF03VN01522;INF03VN01514;17.926;;;05-Jan-2026
150347;WhiteOak Capital Flexi Cap Fund Regular Plan-Growth;INF03VN01506;;17.926;;;05-Jan-2026

Close Ended Schemes ( Income )


HDFC Mutual Fund
151865;HDFC Charity Fund for Cancer Cure - IDCW Option - 50% IDCW Donation Option;INF179KC1HC6;;10.1784;;;05-Jan-2026
151863;HDFC Charity Fund for Cancer Cure - IDCW Option - 75% IDCW Donation Option;INF179KC1HD4;;10.1784;;;05-Jan-2026
151862;HDFC Charity Fund for Cancer Cure - IDCW Option - Direct Plan - 50% IDCW Donation Option;INF179KC1HA0;;10.1785;;;05-Jan-2026
151864;HDFC Charity Fund for Cancer Cure - IDCW Option - Direct Plan - 75% IDCW Donation Option;INF179KC1HB8;;10.1785;;;05-Jan-2026
151224;HDFC FMP 1204D December - Growth Option;INF179KC1EQ3;;12.2642;;;05-Jan-2026
151225;HDFC FMP 1204D December - Growth Option - Direct Plan;INF179KC1EN0;;12.3571;;;05-Jan-2026
151220;HDFC FMP 1204D December - IDCW Option;INF179KC1ER1;;12.2642;;;05-Jan-2026
151221;HDFC FMP 1204D December - IDCW Option - Direct Plan;INF179KC1EO8;;12.3571;;;05-Jan-2026
151222;HDFC FMP 1204D December - Quarterly IDCW Option;INF179KC1ES9;;10.4265;;;05-Jan-2026
151223;HDFC FMP 1204D December - Quarterly IDCW Option - Direct Plan;INF179KC1EP5;;10.428;;;05-Jan-2026
151564;HDFC FMP 1269D March 2023 - Growth Option;;;12.1676;;;05-Jan-2026
151565;HDFC FMP 1269D March 2023 - Growth Option - Direct Plan;;;12.253;;;05-Jan-2026
151566;HDFC FMP 1269D March 2023 - IDCW Option;;;12.1676;;;05-Jan-2026
151567;HDFC FMP 1269D March 2023 - IDCW Option - Direct Plan;;;12.253;;;05-Jan-2026
151568;HDFC FMP 1269D March 2023 - Quarterly IDCW Option;;;10.0884;;;05-Jan-2026
151569;HDFC FMP 1269D March 2023 - Quarterly IDCW Option - Direct Plan;;;10.0897;;;05-Jan-2026
150651;HDFC FMP 1359D September - Growth Option;;;12.5695;;;05-Jan-2026
150655;HDFC FMP 1359D September - Growth Option - Direct Plan;;;12.6719;;;05-Jan-2026
150652;HDFC FMP 1359D September - IDCW Option;;;12.5695;;;05-Jan-2026
150653;HDFC FMP 1359D September - IDCW Option - Direct Plan;;;12.6719;;;05-Jan-2026
150656;HDFC FMP 1359D September - Quarterly IDCW Option;;;10.062;;;05-Jan-2026
150654;HDFC FMP 1359D September - Quarterly IDCW Option - Direct Plan;;;10.063;;;05-Jan-2026
150546;HDFC FMP 1406D August 2022 - Growth Option;INF179KC1DF8;;12.5457;;;05-Jan-2026
150547;HDFC FMP 1406D August 2022 - Growth Option - Direct Plan;INF179KC1DC5;;12.6557;;;05-Jan-2026
150550;HDFC FMP 1406D August 2022 - IDCW Option;INF179KC1DG6;;12.5457;;;05-Jan-2026
150548;HDFC FMP 1406D August 2022 - IDCW Option - Direct Plan;INF179KC1DD3;;12.6557;;;05-Jan-2026
150551;HDFC FMP 1406D August 2022 - Quarterly IDCW Option;INF179KC1DH4;;10.0258;;;05-Jan-2026
150549;HDFC FMP 1406D August 2022 - Quarterly IDCW Option - Direct Plan;INF179KC1DE1;;10.0269;;;05-Jan-2026
149922;HDFC FMP 1861D March 2022 - Growth Option;INF179KC1CF0;;12.7893;;;05-Jan-2026
149924;HDFC FMP 1861D March 2022 - Growth Option - Direct Plan;INF179KC1CC7;;12.8708;;;05-Jan-2026
149925;HDFC FMP 1861D March 2022 - IDCW Option;INF179KC1CG8;;12.7893;;;05-Jan-2026
149926;HDFC FMP 1861D March 2022 - IDCW Option - Direct Plan;INF179KC1CD5;;12.8708;;;05-Jan-2026
149927;HDFC FMP 1861D March 2022 - Quarterly Dividend Option;INF179KC1CH6;;10.0305;;;05-Jan-2026
149923;HDFC FMP 1861D March 2022 - Quarterly Dividend Option - Direct Plan;INF179KC1CE3;;10.0313;;;05-Jan-2026
150001;HDFC FMP 1876D March 2022 - Growth Option;INF179KC1CR5;;12.7526;;;05-Jan-2026
150002;HDFC FMP 1876D March 2022 - Growth Option - Direct Plan;INF179KC1CO2;;12.8237;;;05-Jan-2026
150004;HDFC FMP 1876D March 2022 - IDCW Option;INF179KC1CS3;;12.7526;;;05-Jan-2026
150003;HDFC FMP 1876D March 2022 - IDCW Option - Direct Plan;INF179KC1CP9;;12.8237;;;05-Jan-2026
150005;HDFC FMP 1876D March 2022 - Quarterly Dividend Option;INF179KC1CT1;;10.0274;;;05-Jan-2026
150006;HDFC FMP 1876D March 2022 - Quarterly Dividend Option - Direct Plan;INF179KC1CQ7;;10.0278;;;05-Jan-2026
151465;HDFC FMP 2638D February 2023 - Growth Option;;;12.6602;;;05-Jan-2026
151470;HDFC FMP 2638D February 2023 - Growth Option - Direct Plan;;;12.7524;;;05-Jan-2026
151468;HDFC FMP 2638D February 2023 - IDCW Option;;;12.6602;;;05-Jan-2026
151467;HDFC FMP 2638D February 2023 - Quarterly IDCW Option;;;10.132;;;05-Jan-2026
151469;HDFC FMP 2638D February 2023 - Quarterly IDCW Option - Direct Plan;;;10.1332;;;05-Jan-2026

Kotak Mahindra Mutual Fund
149139;Kotak FMP Series 292 - Direct Plan - Growth;INF174KA1HM2;;13.0601;;;05-Jan-2026
149138;Kotak FMP Series 292 - Direct Plan - IDCW Payout;INF174KA1HN0;;13.06;;;05-Jan-2026
149136;Kotak FMP Series 292 - Regular Plan - Growth;INF174KA1HK6;;12.8888;;;05-Jan-2026
149137;Kotak FMP Series 292 - Regular Plan - IDCW Payout;INF174KA1HL4;;12.8888;;;05-Jan-2026
151174;Kotak FMP Series 300 - Direct Plan - Growth;INF174KA1KX3;;12.3993;;;05-Jan-2026
151175;Kotak FMP Series 300 - Direct Plan - IDCW Payout;INF174KA1KY1;;12.3993;;;05-Jan-2026
151172;Kotak FMP Series 300 - Regular Plan - Growth;INF174KA1KV7;;12.3612;;;05-Jan-2026
151173;Kotak FMP Series 300 - Regular Plan - IDCW Payout;INF174KA1KW5;;12.3616;;;05-Jan-2026
151286;Kotak FMP Series 304-Direct Plan-Growth Option;INF174KA1LP7;;12.8105;;;05-Jan-2026
151287;Kotak FMP Series 304-Direct Plan-Payout of IDCW;INF174KA1LQ5;;12.8092;;;05-Jan-2026
151285;Kotak FMP Series 304-Regular Plan-Growth Option;INF174KA1LN2;;12.798;;;05-Jan-2026
151288;Kotak FMP Series 304-Regular Plan-Payout of IDCW;INF174KA1LO0;;12.7979;;;05-Jan-2026
151316;Kotak FMP Series 305 - Direct Plan - Growth;INF174KA1LT9;;12.323;;;05-Jan-2026
151317;Kotak FMP Series 305 - Direct Plan - IDCW;INF174KA1LU7;;12.3229;;;05-Jan-2026
151315;Kotak FMP Series 305 - Regular Plan - Growth;INF174KA1LR3;;12.2683;;;05-Jan-2026
151318;Kotak FMP Series 305 - Regular Plan - IDCW;INF174KA1LS1;;12.2683;;;05-Jan-2026
151681;Kotak FMP Series 308 - Direct Plan - Growth;INF174KA1NG2;;12.4217;;;05-Jan-2026
151682;Kotak FMP Series 308 - Direct Plan - IDCW Payout;INF174KA1NH0;;12.4207;;;05-Jan-2026
151679;Kotak FMP Series 308 - Regular Plan - Growth;INF174KA1NE7;;12.3123;;;05-Jan-2026
151680;Kotak FMP Series 308 - Regular Plan - IDCW Payout;INF174KA1NF4;;12.3123;;;05-Jan-2026
151686;Kotak FMP Series 310 - Direct Plan - Growth Option;INF174KA1NO6;;12.1812;;;05-Jan-2026
151683;Kotak FMP Series 310 - Regular Plan - Growth Option;INF174KA1NM0;;12.0957;;;05-Jan-2026
151685;Kotak FMP Series 310 - Regular Plan - IDCW Payout option;INF174KA1NN8;;12.0957;;;05-Jan-2026

SBI Mutual Fund
146974;SBI Fixed Maturity Plan (FMP) - Series 1 (3668 Days) - Direct Plan - Growth;INF200KA1D03;;17.1657;;;05-Jan-2026
146975;SBI Fixed Maturity Plan (FMP) - Series 1 (3668 Days) - Direct Plan - Income Distribution cum Capital Withdrawal Option (IDCW);INF200KA1D11;;17.1802;;;05-Jan-2026
146976;SBI Fixed Maturity Plan (FMP) - Series 1 (3668 Days) - Regular Plan - Growth;INF200KA1C87;;16.9528;;;05-Jan-2026
146973;SBI Fixed Maturity Plan (FMP) - Series 1 (3668 Days) - Regular Plan - Income Distribution cum Capital Withdrawal Option (IDCW);INF200KA1C95;;16.9527;;;05-Jan-2026
148387;SBI Fixed Maturity Plan (FMP) - Series 34 (3682 Days) - Direct Plan - Growth;INF200KA1Q73;;14.3730;;;05-Jan-2026
148388;SBI Fixed Maturity Plan (FMP) - Series 34 (3682 Days) - Direct Plan - Income Distribution cum Capital Withdrawal Option (IDCW);INF200KA1Q81;;14.3730;;;05-Jan-2026
148389;SBI Fixed Maturity Plan (FMP) - Series 34 (3682 Days) - Regular Plan - Growth;INF200KA1Q57;;14.1883;;;05-Jan-2026
148390;SBI Fixed Maturity Plan (FMP) - Series 34 (3682 Days) - Regular Plan - Income Distribution cum Capital Withdrawal Option (IDCW);INF200KA1Q65;;14.1884;;;05-Jan-2026
149043;SBI Fixed Maturity Plan (FMP) - Series 46 (1850 Days) - Direct Plan - Growth;INF200KA1X41;;13.1789;;;05-Jan-2026
149044;SBI Fixed Maturity Plan (FMP) - Series 46 (1850 Days) - Direct Plan - Income Distribution cum Capital Withdrawal Option (IDCW);INF200KA1X58;;13.1790;;;05-Jan-2026
149045;SBI Fixed Maturity Plan (FMP) - Series 46 (1850 Days) - Regular Plan - Growth;INF200KA1X25;;13.0947;;;05-Jan-2026
149042;SBI Fixed Maturity Plan (FMP) - Series 46 (1850 Days) - Regular Plan - Income Distribution cum Capital Withdrawal Option (IDCW);INF200KA1X33;;13.0948;;;05-Jan-2026
149147;SBI Fixed Maturity Plan (FMP) - Series 49 (1823 Days) - Direct Plan - Growth;INF200KA1Z23;;13.0584;;;05-Jan-2026
149144;SBI Fixed Maturity Plan (FMP) - Series 49 (1823 Days) - Direct Plan - Income Distribution cum Capital Withdrawal Option (IDCW);INF200KA1Z31;;13.0584;;;05-Jan-2026
149145;SBI Fixed Maturity Plan (FMP) - Series 49 (1823 Days) - Regular Plan - Growth;INF200KA1Z07;;12.9786;;;05-Jan-2026
149146;SBI Fixed Maturity Plan (FMP) - Series 49 (1823 Days) - Regular Plan - Income Distribution cum Capital Withdrawal Option (IDCW);INF200KA1Z15;;12.9786;;;05-Jan-2026
149174;SBI Fixed Maturity Plan (FMP) - Series 50 (1843 Days) - Direct Plan - Growth;INF200KA1Z64;;12.9315;;;05-Jan-2026
149175;SBI Fixed Maturity Plan (FMP) - Series 50 (1843 Days) - Direct Plan - Income Distribution Capital Withdrawal Option (IDCW);INF200KA1Z72;;12.9315;;;05-Jan-2026
149172;SBI Fixed Maturity Plan (FMP) - Series 50 (1843 Days) - Regular Plan - Growth;INF200KA1Z49;;12.8390;;;05-Jan-2026
149173;SBI Fixed Maturity Plan (FMP) - Series 50 (1843 Days) - Regular Plan -Income Distribution Capital Withdrawal Option (IDCW);INF200KA1Z56;;12.8390;;;05-Jan-2026
149195;SBI Fixed Maturity Plan (FMP) - Series 51 (1846 Days) - Direct Plan - Growth;INF200KA10A7;;12.9185;;;05-Jan-2026
149194;SBI Fixed Maturity Plan (FMP) - Series 51 (1846 Days) - Direct Plan - Income Distribution Capital Withdrawal Option (IDCW);INF200KA11A5;;12.9189;;;05-Jan-2026
149197;SBI Fixed Maturity Plan (FMP) - Series 51 (1846 Days) - Regular Plan - Growth;INF200KA1Z80;;12.8429;;;05-Jan-2026
149196;SBI Fixed Maturity Plan (FMP) - Series 51 (1846 Days) - Regular Plan - Income Distribution Capital Withdrawal Option (IDCW);INF200KA1Z98;;12.8429;;;05-Jan-2026
149232;SBI Fixed Maturity Plan (FMP) - Series 52 (1848 Days) - Direct Plan - Growth;INF200KA14A9;;12.8987;;;05-Jan-2026
149234;SBI Fixed Maturity Plan (FMP) - Series 52 (1848 Days) - Direct Plan - Income Distribution Cum Withdrawal (IDCW);INF200KA15A6;;12.8987;;;05-Jan-2026
149235;SBI Fixed Maturity Plan (FMP) - Series 52 (1848 Days) - Regular Plan - Growth;INF200KA12A3;;12.8257;;;05-Jan-2026
149233;SBI Fixed Maturity Plan (FMP) - Series 52 (1848 Days) - Regular Plan - Income Distribution Cum Withdrawal (IDCW);INF200KA13A1;;12.8257;;;05-Jan-2026
149279;SBI Fixed Maturity Plan (FMP) - Series 53 (1839 Days) - Direct Plan - Growth;INF200KA18A0;;12.9158;;;05-Jan-2026
149277;SBI Fixed Maturity Plan (FMP) - Series 53 (1839 Days) - Direct Plan - Income Distribution Cum Withdrawal Option (IDCW);INF200KA19A8;;12.9158;;;05-Jan-2026
149278;SBI Fixed Maturity Plan (FMP) - Series 53 (1839 Days) - Regular Plan - Growth;INF200KA16A4;;12.8535;;;05-Jan-2026
149280;SBI Fixed Maturity Plan (FMP) - Series 53 (1839 Days) - Regular Plan - Income  Distribution Cum Withdrawal Option (IDCW);INF200KA17A2;;12.8535;;;05-Jan-2026
149307;SBI Fixed Maturity Plan (FMP) - Series 54 (1842 Days) - Direct Plan - Growth;INF200KA12B1;;12.9008;;;05-Jan-2026
149309;SBI Fixed Maturity Plan (FMP) - Series 54 (1842 Days) - Direct Plan - Income Distribution Cum Withdrawal Option (IDCW);INF200KA13B9;;12.9013;;;05-Jan-2026
149308;SBI Fixed Maturity Plan (FMP) - Series 54 (1842 Days) - Regular Plan - Growth;INF200KA10B5;;12.8355;;;05-Jan-2026
149306;SBI Fixed Maturity Plan (FMP) - Series 54 (1842 Days) - Regular Plan - Income Distribution Cum Capital Withdrawal Option (IDCW);INF200KA11B3;;12.8355;;;05-Jan-2026
149345;SBI Fixed Maturity Plan (FMP) - Series 55 (1849 Days) - Direct Plan - Growth;INF200KA16B2;;12.8728;;;05-Jan-2026
149348;SBI Fixed Maturity Plan (FMP) - Series 55 (1849 Days) - Direct Plan - Income Distribution cum Capital Withdrawal Option (IDCW);INF200KA17B0;;12.8729;;;05-Jan-2026
149347;SBI Fixed Maturity Plan (FMP) - Series 55 (1849 Days) - Regular Plan - Growth;INF200KA14B7;;12.8084;;;05-Jan-2026
149346;SBI Fixed Maturity Plan (FMP) - Series 55 (1849 Days) - Regular Plan - Income Distribution Cum Capital Withdrawal Option (IDCW);INF200KA15B4;;12.8084;;;05-Jan-2026
149431;SBI Fixed Maturity Plan (FMP) - Series 57 (1835 Days) - Direct Plan - Growth;INF200KA14C5;;12.7931;;;05-Jan-2026
149430;SBI Fixed Maturity Plan (FMP) - Series 57 (1835 Days) - Direct Plan - Income Distribution cum Capital Withdrawal Option (IDCW);INF200KA15C2;;12.7932;;;05-Jan-2026
149432;SBI Fixed Maturity Plan (FMP) - Series 57 (1835 Days) - Regular Plan - Growth;INF200KA12C9;;12.7302;;;05-Jan-2026
149433;SBI Fixed Maturity Plan (FMP) - Series 57 (1835 Days) - Regular Plan - Income Distribution cum Capital Withdrawal Option (IDCW);INF200KA13C7;;12.7305;;;05-Jan-2026
149460;SBI Fixed Maturity Plan (FMP) - Series 58 (1842 Days) - Direct Plan - Growth;INF200KA18C6;;12.9002;;;05-Jan-2026
149461;SBI Fixed Maturity Plan (FMP) - Series 58 (1842 Days) - Direct Plan - Income Distribution cum Capital withdrawal option (IDCW);INF200KA19C4;;12.9005;;;05-Jan-2026
149459;SBI Fixed Maturity Plan (FMP) - Series 58 (1842 Days) - Regular Plan - Growth;INF200KA16C0;;12.8387;;;05-Jan-2026
149462;SBI Fixed Maturity Plan (FMP) - Series 58 (1842 Days) - Regular Plan - Income Distribution cum Capital withdrawal option (IDCW);INF200KA17C8;;12.8387;;;05-Jan-2026
149822;SBI Fixed Maturity Plan (FMP) - Series 59 (1618 Days) - Direct Plan - Growth;INF200KA19D2;;12.6887;;;05-Jan-2026
149823;SBI Fixed Maturity Plan (FMP) - Series 59 (1618 Days) - Direct Plan - Income Distribution cum Capital Withdrawal Option (IDCW);INF200KA10E9;;12.6883;;;05-Jan-2026
149825;SBI Fixed Maturity Plan (FMP) - Series 59 (1618 Days) - Regular Plan - Growth;INF200KA17D6;;12.6312;;;05-Jan-2026
149824;SBI Fixed Maturity Plan (FMP) - Series 59 (1618 Days) - Regular Plan - Income Distribution cum Capital Withdrawal Option (IDCW);INF200KA18D4;;12.6312;;;05-Jan-2026
147248;SBI Fixed Maturity Plan (FMP) - Series 6 (3668 Days) - Direct Plan - Growth;INF200KA1F27;;16.7040;;;05-Jan-2026
147249;SBI Fixed Maturity Plan (FMP) - Series 6 (3668 Days) - Direct Plan - Income Distribution cum Capital Withdrawal Option (IDCW);INF200KA1F35;;16.7043;;;05-Jan-2026
147247;SBI Fixed Maturity Plan (FMP) - Series 6 (3668 Days) - Regular Plan - Growth;INF200KA1F01;;16.4400;;;05-Jan-2026
147250;SBI Fixed Maturity Plan (FMP) - Series 6 (3668 Days) - Regular Plan - Income Distribution cum Capital Withdrawal Option (IDCW);INF200KA1F19;;16.4426;;;05-Jan-2026
149878;SBI Fixed Maturity Plan (FMP) - Series 60 (1878 Days) - Direct Plan - Growth;INF200KA13E3;;12.8117;;;05-Jan-2026
149879;SBI Fixed Maturity Plan (FMP) - Series 60 (1878 Days) - Direct Plan - Income Distribution cum Capital Withdrwal Option (IDCW);INF200KA14E1;;12.8119;;;05-Jan-2026
149876;SBI Fixed Maturity Plan (FMP) - Series 60 (1878 Days) - Regular Plan - Growth;INF200KA11E7;;12.7517;;;05-Jan-2026
149877;SBI Fixed Maturity Plan (FMP) - Series 60 (1878 Days) - Regular Plan - Income Distribution cum Capital Withdrawal Option (IDCW);INF200KA12E5;;12.7517;;;05-Jan-2026
149993;SBI Fixed Maturity Plan (FMP)- Series 61 (1927 Days)- Direct Plan- Growth option;INF200KA13F0;;12.8491;;;05-Jan-2026
149995;SBI Fixed Maturity Plan (FMP)- Series 61 (1927 Days)- Direct Plan- Income Distribution Cum Capital withdrawal option;INF200KA14F8;;12.8492;;;05-Jan-2026
149994;SBI Fixed Maturity Plan (FMP)- Series 61 (1927 Days)- Regular Plan- Growth option;INF200KA11F4;;12.7908;;;05-Jan-2026
149992;SBI Fixed Maturity Plan (FMP)- Series 61 (1927 Days)- Regular Plan- Income Distribution Cum Capital withdrawal option;INF200KA12F2;;12.7908;;;05-Jan-2026
150379;SBI Fixed Maturity Plan (FMP) - Series 66 (1361 Days) - Direct Plan - Growth;INF200KA11M0;;12.7575;;;05-Jan-2026
150378;SBI Fixed Maturity Plan (FMP) - Series 66 (1361 Days) - Direct Plan - Income Distribution cum Capital Withdrawal Option (IDCW);INF200KA12M8;;12.7575;;;05-Jan-2026
150377;SBI Fixed Maturity Plan (FMP) - Series 66 (1361 Days) - Regular Plan - Growth;INF200KA19L5;;12.7068;;;05-Jan-2026
150380;SBI Fixed Maturity Plan (FMP) - Series 66 (1361 Days) - Regular Plan - Income Distribution cum Capital Withdrawal Option (IDCW);INF200KA10M2;;12.7068;;;05-Jan-2026
150460;SBI Fixed Maturity Plan (FMP) - Series 67 (1467 Days) - Direct Plan - Growth;INF200KA15M1;;12.7601;;;05-Jan-2026
150458;SBI Fixed Maturity Plan (FMP) - Series 67 (1467 Days) - Direct Plan - IDCW Payout;INF200KA16M9;;12.7602;;;05-Jan-2026
150461;SBI Fixed Maturity Plan (FMP) - Series 67 (1467 Days) - Regular Plan - Growth;INF200KA13M6;;12.7105;;;05-Jan-2026
150459;SBI Fixed Maturity Plan (FMP) - Series 67 (1467 Days) - Regular Plan - IDCW Payout;INF200KA14M4;;12.7109;;;05-Jan-2026
150649;SBI Fixed Maturity Plan (FMP) - Series 68 (1302 Days) - Direct Plan - Growth;INF200KA15O7;;12.5893;;;05-Jan-2026
150650;SBI Fixed Maturity Plan (FMP) - Series 68 (1302 Days) - Direct Plan - IDCW Payout;INF200KA16O5;;12.5918;;;05-Jan-2026
150647;SBI Fixed Maturity Plan (FMP) - Series 68 (1302 Days) - Regular Plan - Growth;INF200KA13O2;;12.5414;;;05-Jan-2026
150648;SBI Fixed Maturity Plan (FMP) - Series 68 (1302 Days) - Regular Plan - IDCW Payout;INF200KA14O0;;12.5414;;;05-Jan-2026
151559;SBI Fixed Maturity Plan (FMP) - Series 79 (1170 Days) - Direct Plan - Growth;INF200KA19W2;;12.2575;;;05-Jan-2026
151558;SBI Fixed Maturity Plan (FMP) - Series 79 (1170 Days) - Direct Plan - Income Distribution cum Capital Withdrawal Payout;INF200KA10X9;;12.2577;;;05-Jan-2026
151556;SBI Fixed Maturity Plan (FMP) - Series 79 (1170 Days) - Regular Plan - Growth;INF200KA17W6;;12.2159;;;05-Jan-2026
151557;SBI Fixed Maturity Plan (FMP) - Series 79 (1170 Days) - Regular Plan - Income Distribution cum Capital Withdrawal Payout;INF200KA18W4;;12.2160;;;05-Jan-2026
148848;SBI Fixed Maturity Plan (FMP) - Series 42 (1857 Days) Direct Plan - Income Distribution cum Capital Withdrawal Option (IDCW);INF200KA1V27;;13.3650;;;05-Jan-2026
148845;SBI Fixed Maturity Plan (FMP) - Series 42 (1857 Days) Regular Plan - Income Distribution cum Capital Withdrawal Option (IDCW);INF200KA1V01;;13.2634;;;05-Jan-2026
148846;SBI Fixed Maturity Plan (FMP) Series 42 (1857 Days) - Direct Plan - Growth;INF200KA1V19;;13.3648;;;05-Jan-2026
148847;SBI Fixed Maturity Plan (FMP) Series 42 (1857 Days) - Regular Plan - Growth;INF200KA1U93;;13.2634;;;05-Jan-2026
148967;SBI Fixed Maturity Plan (FMP) - Series 44 (1855 Days) - Direct Plan - Growth;INF200KA1W59;;13.2050;;;05-Jan-2026
148968;SBI Fixed Maturity Plan (FMP) - Series 44 (1855 Days) - Direct Plan - Income Distribution cum Capital Withdrawal Option (IDCW);INF200KA1W67;;13.2050;;;05-Jan-2026
148966;SBI Fixed Maturity Plan (FMP) - Series 44 (1855 Days) - Regular Plan - Growth;INF200KA1W34;;13.1237;;;05-Jan-2026
148969;SBI Fixed Maturity Plan (FMP) Series 44 (1855 Days) - Regular Plan - Income Distribution cum Capital Withdrawal Option (IDCW);INF200KA1W42;;13.1237;;;05-Jan-2026
148999;SBI Fixed Maturity Plan (FMP) Series 45 (1840 Days) - Direct Plan - Growth;INF200KA1W91;;13.1936;;;05-Jan-2026
148998;SBI Fixed Maturity Plan (FMP) Series 45 (1840 Days) - Direct Plan - Income Distribution cum Capital Withdrawal Option (IDCW);INF200KA1X09;;13.1936;;;05-Jan-2026
148996;SBI Fixed Maturity Plan (FMP) Series 45 (1840 Days) - Regular Plan - Growth;INF200KA1W75;;13.1158;;;05-Jan-2026
148997;SBI Fixed Maturity Plan (FMP) Series 45 (1840Days) - Regular Plan - Income Distribution cum Capital Withdrawal Option (IDCW);INF200KA1W83;;13.1158;;;05-Jan-2026
150919;SBI Fixed Maturity Plan (FMP)-Series 72 (1239 Days) Direct Plan- Growth;INF200KA17S4;;12.4543;;;05-Jan-2026
150916;SBI Fixed Maturity Plan (FMP)-Series 72 (1239 Days) Direct Plan- Income Distribution Cum Capital Withdrawal Payout;INF200KA18S2;;12.4543;;;05-Jan-2026
150917;SBI Fixed Maturity Plan (FMP)-Series 72 (1239 Days) Regular Plan- Growth;INF200KA15S8;;12.4081;;;05-Jan-2026
150918;SBI Fixed Maturity Plan (FMP)-Series 72 (1239 Days) Regular Plan- Income Distribution Cum Capital Withdrawal Payout;INF200KA16S6;;12.4080;;;05-Jan-2026
150984;SBI Fixed Maturity Plan (FMP) - Series 73 (1226 Days) - Direct Plan - Growth;INF200KA11T5;;12.4215;;;05-Jan-2026
150985;SBI Fixed Maturity Plan (FMP) - Series 73 (1226 Days) - Direct Plan - IDCW Payout;INF200KA12T3;;12.4214;;;05-Jan-2026
150986;SBI Fixed Maturity Plan (FMP) - Series 73 (1226 Days) - Regular Plan - Growth;INF200KA19S0;;12.3768;;;05-Jan-2026
150983;SBI Fixed Maturity Plan (FMP) - Series 73 (1226 Days) - Regular Plan - IDCW Payout;INF200KA10T7;;12.3768;;;05-Jan-2026
151252;SBI Fixed Maturity Plan (FMP)-Series 74 (1243 Days)- Direct Plan- Growth;INF200KA11U3;;12.4054;;;05-Jan-2026
151253;SBI Fixed Maturity Plan (FMP)-Series 74 (1243 Days)- Direct Plan- Income Distribution Cum Capital Withdrawal Payout;INF200KA12U1;;12.4054;;;05-Jan-2026
151254;SBI Fixed Maturity Plan (FMP)-Series 74 (1243 Days)- Regular Plan- Growth;INF200KA19T8;;12.3615;;;05-Jan-2026
151255;SBI Fixed Maturity Plan (FMP)-Series 74 (1243 Days)- Regular Plan- Income Distribution Cum Capital Withdrawal Payout;INF200KA10U5;;12.3615;;;05-Jan-2026
151351;SBI Fixed Maturity Plan (FMP) - Series 76 (1221 Days) - Direct Plan - Growth;INF200KA19U6;;12.3160;;;05-Jan-2026
151350;SBI Fixed Maturity Plan (FMP) - Series 76 (1221 Days) - Direct Plan - Income Distribution Cum Capital Withdrawal Payout;INF200KA10V3;;12.3161;;;05-Jan-2026
151349;SBI Fixed Maturity Plan (FMP) - Series 76 (1221 Days) - Regular Plan - Growth;INF200KA17U0;;12.2736;;;05-Jan-2026
151348;SBI Fixed Maturity Plan (FMP) - Series 76 (1221 Days) - Regular Plan - Income Distribution Cum Capital Withdrawal Payout;INF200KA18U8;;12.2736;;;05-Jan-2026
151451;SBI Fixed Maturity Plan (FMP)-Series 78 (1170 Days) Direct Plan- Growth;INF200KA19V4;;12.3046;;;05-Jan-2026
151452;SBI Fixed Maturity Plan (FMP)-Series 78 (1170 Days) Direct Plan- Income Distribution Cum Capital Withdrawal Payout;INF200KA10W1;;12.3044;;;05-Jan-2026
151454;SBI Fixed Maturity Plan (FMP)-Series 78 (1170 Days) Regular Plan- Growth;INF200KA17V8;;12.2617;;;05-Jan-2026
151453;SBI Fixed Maturity Plan (FMP)-Series 78 (1170 Days) Regular Plan- Income Distribution Cum Capital Withdrawal Payout;INF200KA18V6;;12.2609;;;05-Jan-2026
151639;SBI Fixed Maturity Plan (FMP)-Series 81 (1157 Days) Direct Plan- Growth;INF200KA17X4;;12.2133;;;05-Jan-2026
151640;SBI Fixed Maturity Plan (FMP)-Series 81 (1157 Days) Direct Plan- Income Distribution Cum Capital Withdrawal Payout;INF200KA18X2;;12.2133;;;05-Jan-2026
151641;SBI Fixed Maturity Plan (FMP)-Series 81 (1157 Days) Regular Plan- Growth;INF200KA15X8;;12.1731;;;05-Jan-2026
151642;SBI Fixed Maturity Plan (FMP)-Series 81 (1157 Days) Regular Plan- Income Distribution Cum Capital Withdrawal Payout;INF200KA16X6;;12.1731;;;05-Jan-2026

Trust Mutual Fund
151620;TRUSTMF FIXED MATURITY PLAN -SERIES II (1196 DAYS)-DIRECT PLAN -GROWTH;INF0GCD01651;;1256.0881;;;05-Jan-2026
151617;TRUSTMF FIXED MATURITY PLAN -SERIES II (1196 DAYS)-REGULAR PLAN -GROWTH;INF0GCD01636;;1252.3906;;;05-Jan-2026
151618;TRUSTMF FIXED MATURITY PLAN -SERIES II (1196 DAYS)-REGULAR PLAN -IDCW PAYOUT;INF0GCD01644;;1252.39;;;05-Jan-2026

Union Mutual Fund
151622;Union Fixed Maturity Plan - Series 13 - Direct Plan - Growth Option;INF582M01IW0;;12.1389;;;05-Jan-2026
151624;Union Fixed Maturity Plan - Series 13 - Regular Plan - Growth Option;INF582M01IY6;;12.0385;;;05-Jan-2026
151623;Union Fixed Maturity Plan - Series 13 - Regular Plan - IDCW Payout Option;INF582M01IZ3;;12.0385;;;05-Jan-2026

Close Ended Schemes ( ELSS )


SBI Mutual Fund
136007;SBI Long Term Advantage Fund - Series III - Direct Plan - Growth;INF200KA1HN8;;46.0848;;;05-Jan-2026
136006;SBI Long Term Advantage Fund - Series III - Direct Plan - Income Distribution cum Capital Withdrawal Option (IDCW);INF200KA1HO6;;38.8395;;;05-Jan-2026
136004;SBI Long Term Advantage Fund - Series III - Regular Plan - Growth;INF200KA1HL2;;43.1258;;;05-Jan-2026
136005;SBI Long Term Advantage Fund - Series III - Regular Plan - Income Distribution cum Capital Withdrawal Option (IDCW);INF200KA1HM0;;36.5173;;;05-Jan-2026
140487;SBI Long Term Advantage Fund - Series IV - Direct Plan - Growth;INF200KA1LS9;;52.0689;;;05-Jan-2026
140486;SBI Long Term Advantage Fund - Series IV - Direct Plan - Income Distribution cum Capital Withdrawal Option (IDCW);INF200KA1LT7;;44.1817;;;05-Jan-2026
140488;SBI Long Term Advantage Fund - Series IV - Regular Plan - Growth;INF200KA1LQ3;;49.5002;;;05-Jan-2026
140489;SBI Long Term Advantage Fund - Series IV - Regular Plan - Income Distribution cum Capital Withdrawal Option (IDCW);INF200KA1LR1;;41.9366;;;05-Jan-2026
142138;SBI Long Term Advantage Fund - Series V - Direct Plan - Growth;INF200KA1RW8;;32.8431;;;05-Jan-2026
142140;SBI Long Term Advantage Fund - Series V - Direct Plan - Income Distribution cum Capital Withdrawal Option (IDCW);INF200KA1RX6;;32.8443;;;05-Jan-2026
142137;SBI Long Term Advantage Fund - Series V - Regular Plan - Income Distribution cum Capital Withdrawal Option (IDCW);INF200KA1RV0;;31.5357;;;05-Jan-2026
142139;SBI Long Term Advantage Fund Series V - Regular Plan - Growth;INF200KA1RU2;;31.5489;;;05-Jan-2026
143178;SBI Long Term Advantage Fund - Series VI - Direct Plan - Growth;INF200KA1TO1;;32.4960;;;05-Jan-2026
143179;SBI Long Term Advantage Fund - Series VI - Direct Plan - Income Distribution cum Capital Withdrawal Option (IDCW);INF200KA1TP8;;32.4685;;;05-Jan-2026
143176;SBI Long Term Advantage Fund - Series VI - Regular Plan - Growth;INF200KA1TM5;;31.2319;;;05-Jan-2026
143177;SBI Long Term Advantage Fund - Series VI - Regular Plan - Income Distribution cum Capital Withdrawal Option (IDCW);INF200KA1TN3;;31.2385;;;05-Jan-2026

Sundaram Mutual Fund
139711;Sundaram Long Term Micro Cap Tax Advantage Fund Series III Direct Plan - Growth;INF903JA1443;;35.0039;;;05-Jan-2026
139710;Sundaram Long Term Micro Cap Tax Advantage Fund Series III Direct Plan - Payout of Income Distribution cum Capital Withdrawal (IDCW);INF903JA1450;;30.6971;;;05-Jan-2026
139709;Sundaram Long Term Micro Cap Tax Advantage Fund Series III Regular Plan - Growth;INF903JA1427;;33.9586;;;05-Jan-2026
139712;Sundaram Long Term Micro Cap Tax Advantage Fund Series III Regular Plan - Payout of Income Distribution cum Capital Withdrawal (IDCW);INF903JA1435;;29.7113;;;05-Jan-2026
139990;Sundaram Long Term Micro Cap Tax Advantage Fund Series IV Direct Plan - Growth;INF903JA1526;;30.3248;;;05-Jan-2026
139989;Sundaram Long Term Micro Cap Tax Advantage Fund Series IV Direct Plan - Payout of Income Distribution cum Capital Withdrawal (IDCW);INF903JA1534;;28.8630;;;05-Jan-2026
139992;Sundaram Long Term Micro Cap Tax Advantage Fund Series IV Regular Plan - Growth;INF903JA1500;;29.6416;;;05-Jan-2026
139991;Sundaram Long Term Micro Cap Tax Advantage Fund Series IV Regular Plan - Payout of Income Distribution cum Capital Withdrawal (IDCW);INF903JA1518;;28.1829;;;05-Jan-2026
141564;Sundaram Long Term Micro Cap Tax Advantage Fund Series VI Direct Plan - Growth;INF903JA1AZ0;;28.6889;;;05-Jan-2026
141567;Sundaram Long Term Micro Cap Tax Advantage Fund Series VI Direct Plan - Payout of Income Distribution cum Capital Withdrawal (IDCW);INF903JA1BA1;;27.7669;;;05-Jan-2026
141565;Sundaram Long Term Micro Cap Tax Advantage Fund Series VI Regular Plan - Growth;INF903JA1AX5;;27.3344;;;05-Jan-2026
141566;Sundaram Long Term Micro Cap Tax Advantage Fund Series VI Regular Plan - Payout of Income Distribution cum Capital Withdrawal (IDCW);INF903JA1AY3;;26.4170;;;05-Jan-2026
141141;Sundaram Long Term Micro Cap Tax Advantage Fund Series V Direct Plan - Growth;INF903JA1955;;29.6864;;;05-Jan-2026
141142;Sundaram Long Term Micro Cap Tax Advantage Fund Series V Direct Plan - Payout of Income Distribution cum Capital Withdrawal (IDCW);INF903JA1963;;28.2630;;;05-Jan-2026
141139;Sundaram Long Term Micro Cap Tax Advantage Fund Series V Regular Plan - Growth;INF903JA1930;;28.8344;;;05-Jan-2026
141140;Sundaram Long Term Micro Cap Tax Advantage Fund Series V Regular Plan - Payout of Income Distribution cum Capital Withdrawal (IDCW);INF903JA1948;;27.4175;;;05-Jan-2026
142153;Sundaram Long Term Tax Advantage Fund Series III Direct Plan - Growth;INF903JA1BT1;;30.4779;;;05-Jan-2026
142154;Sundaram Long Term Tax Advantage Fund Series III Direct Plan - Payout of Income Distribution cum Capital Withdrawal (IDCW);INF903JA1BU9;;29.0149;;;05-Jan-2026
142151;Sundaram Long Term Tax Advantage Fund Series III Regular Plan - Growth;INF903JA1BR5;;29.4961;;;05-Jan-2026
142152;Sundaram Long Term Tax Advantage Fund Series III Regular Plan - Payout of Income Distribution cum Capital Withdrawal (IDCW);INF903JA1BS3;;28.0400;;;05-Jan-2026
143079;Sundaram Long Term Tax Advantage Fund Series IV Direct Plan - Growth;INF903JA1CZ6;;35.1920;;;05-Jan-2026
143080;Sundaram Long Term Tax Advantage Fund Series IV Direct Plan - Payout of Income Distribution cum Capital Withdrawal (IDCW);INF903JA1DA7;;32.3336;;;05-Jan-2026
143077;Sundaram Long Term Tax Advantage Fund Series IV Regular Plan - Growth;INF903JA1CX1;;34.4740;;;05-Jan-2026
143078;Sundaram Long Term Tax Advantage Fund Series IV Regular Plan - Payout of Income Distribution cum Capital Withdrawal (IDCW);INF903JA1CY9;;31.6355;;;05-Jan-2026
135682;Sundaram Long Term Tax Advantage Fund Series II Direct Plan - Growth;INF903J011W9;;39.7153;;;05-Jan-2026
135681;Sundaram Long Term Tax Advantage Fund Series II Direct Plan - Payout of Income Distribution cum Capital Withdrawal (IDCW);INF903J012W7;;30.6835;;;05-Jan-2026
135684;Sundaram Long Term Tax Advantage Fund Series II Regular Plan - Growth;INF903J019V4;;38.4815;;;05-Jan-2026
135683;Sundaram Long Term Tax Advantage Fund Series II Regular Plan - Payout of Income Distribution cum Capital Withdrawal (IDCW);INF903J010W1;;29.5709;;;05-Jan-2026
