Scheme Code;Scheme Name;ISIN Div Payout/ISIN Growth;ISIN Div Reinvestment;Net Asset Value;Repurchase Price;Sale Price;Date

Open Ended Schemes ( Money Market )


Taurus Mutual Fund
139619;Taurus Investor Education Pool - Unclaimed Dividend - Growth;;;10.0000;;;21-Jan-2026
139618;Taurus Investor Education Pool - Unclaimed Redemption - Growth;;;10.0000;;;21-Jan-2026
139617;Taurus Unclaimed Redemption - Growth;;;17.3478;;;21-Jan-2026

Open Ended Schemes ( Equity Scheme - Multi Cap Fund )


Bajaj Finserv Mutual Fund
153309;BAJAJ FINSERV MULTI CAP FUND - DIRECT - GROWTH;INF0QA701AV7;;11.232;;;21-Jan-2026
153306;BAJAJ FINSERV MULTI CAP FUND - DIRECT - IDCW;INF0QA701AW5;INF0QA701AX3;11.232;;;21-Jan-2026
153307;BAJAJ FINSERV MULTI CAP FUND - REGULAR - GROWTH;INF0QA701AS3;;11.074;;;21-Jan-2026
153308;BAJAJ FINSERV MULTI CAP FUND - REGULAR - IDCW;INF0QA701AT1;INF0QA701AU9;11.074;;;21-Jan-2026

Bank of India Mutual Fund
151443;Bank of India Multi Cap Fund Direct Plan - Growth;INF761K01FR0;;18.27;;;21-Jan-2026
151444;Bank of India Multi Cap Fund Direct Plan - IDCW;INF761K01FQ2;INF761K01FS8;18.24;;;21-Jan-2026
151445;Bank of India Multi Cap Fund Regular Plan - Growth;INF761K01FU4;;17.70;;;21-Jan-2026
151446;Bank of India Multi Cap Fund Regular Plan - IDCW;INF761K01FT6;INF761K01FV2;17.69;;;21-Jan-2026

Baroda BNP Paribas Mutual Fund
119354;Baroda BNP Paribas MULTI CAP FUND - Direct Plan - Growth Option;INF955L01AG0;;309.9987;;;21-Jan-2026
119353;Baroda BNP Paribas MULTI CAP FUND - Direct Plan - IDCW Option;INF955L01AE5;;53.9226;;;21-Jan-2026
102020;Baroda BNP Paribas MULTI CAP FUND - Regular Plan - Growth Option;INF955L01674;;274.7305;;;21-Jan-2026
102021;Baroda BNP Paribas MULTI CAP FUND - Regular Plan - IDCW Option;INF955L01658;INF955L01666;50.5012;;;21-Jan-2026

DSP Mutual Fund
152310;DSP Multicap Fund - Direct - Growth;INF740KA1UC1;;11.822;;;21-Jan-2026
152309;DSP Multicap Fund - Direct - IDCW;INF740KA1UD9;INF740KA1UE7;11.822;;;21-Jan-2026
152307;DSP Multicap Fund - Regular - Growth;INF740KA1TZ4;;11.477;;;21-Jan-2026
152308;DSP Multicap Fund - Regular - IDCW;INF740KA1UA5;INF740KA1UB3;11.477;;;21-Jan-2026

Franklin Templeton Mutual Fund
152739;Franklin India Multi Cap Fund - Direct - Growth;INF090I01XA7;;10.3534;;;21-Jan-2026
152737;Franklin India Multi Cap Fund - Direct - IDCW;INF090I01XB5;INF090I01XC3;10.3534;;;21-Jan-2026
152738;Franklin India Multi Cap Fund - Growth;INF090I01WX1;;10.1294;;;21-Jan-2026
152740;Franklin India Multi Cap Fund - IDCW;INF090I01WY9;INF090I01WZ6;10.1294;;;21-Jan-2026

Groww Mutual Fund
153034;Groww Multicap Fund - Direct - Growth;INF666M01JD9;;10.2213;;;21-Jan-2026
153098;Groww Multicap Fund - Direct - IDCW;INF666M01JE7;INF666M01JF4;10.2213;;;21-Jan-2026
153100;Groww Multicap Fund - Regular - Growth;INF666M01JG2;;10.0163;;;21-Jan-2026
153099;Groww Multicap Fund - Regular - IDCW;INF666M01JH0;INF666M01JI8;10.0232;;;21-Jan-2026

ICICI Prudential Mutual Fund
120599;ICICI Prudential Multicap Fund - Direct Plan -  Growth;INF109K014O9;;856.74;;;21-Jan-2026
120598;ICICI Prudential Multicap Fund - Direct Plan -  IDCW;INF109K012O3;INF109K013O1;57.27;;;21-Jan-2026
101228;ICICI Prudential Multicap Fund - Growth;INF109K01613;;764.64;;;21-Jan-2026
101706;ICICI Prudential Multicap Fund - IDCW;INF109K01FK7;INF109K01621;30.79;;;21-Jan-2026

ITI Mutual Fund
147183;ITI Multi Cap Fund - Direct Plan - Growth Option;INF00XX01168;;25.9088;;;21-Jan-2026
147186;ITI Multi Cap Fund - Direct Plan - IDCW Option;INF00XX01176;INF00XX01184;23.8758;;;21-Jan-2026
147184;ITI Multi Cap Fund - Regular Plan - Growth Option;INF00XX01135;;22.7578;;;21-Jan-2026
147185;ITI Multi Cap Fund - Regular Plan - IDCW Option;INF00XX01143;INF00XX01150;20.8622;;;21-Jan-2026

Kotak Mahindra Mutual Fund
149183;Kotak Multicap Fund- Regular Plan -IDCW Option;INF174KA1HT7;INF174KA1HU5;19.276;;;21-Jan-2026
149185;Kotak Multicap Fund-Direct Plan-Growth;INF174KA1HV3;;20.516;;;21-Jan-2026
149187;Kotak Multicap Fund-Direct Plan-IDCW Option;INF174KA1HW1;INF174KA1HX9;20.515;;;21-Jan-2026
149182;Kotak Multicap Fund-Regular Plan-Growth;INF174KA1HS9;;19.277;;;21-Jan-2026

LIC Mutual Fund
150659;LIC MF Multi Cap Fund-Direct Plan-Growth;INF767K01RK7;;17.0826;;;21-Jan-2026
150660;LIC MF Multi Cap Fund-Direct Plan-IDCW;INF767K01RL5;INF767K01RM3;17.0826;;;21-Jan-2026
150661;LIC MF Multi Cap Fund-Regular Plan-Growth;INF767K01RH3;;16.2019;;;21-Jan-2026
150662;LIC MF Multi Cap Fund-Regular Plan-IDCW;INF767K01RI1;INF767K01RJ9;16.2019;;;21-Jan-2026

Mahindra Manulife Mutual Fund
141223;Mahindra Manulife Multi Cap Fund - Direct Plan - IDCW;INF174V01366;INF174V01358;30.6135;;;21-Jan-2026
141226;Mahindra Manulife Multi Cap Fund - Direct Plan -Growth;INF174V01341;;40.6570;;;21-Jan-2026
141224;Mahindra Manulife Multi Cap Fund - Regular Plan - Growth;INF174V01317;;34.7920;;;21-Jan-2026
141225;Mahindra Manulife Multi Cap Fund - Regular Plan - IDCW;INF174V01333;INF174V01325;25.2508;;;21-Jan-2026

Mirae Asset Mutual Fund
151810;Mirae Asset Multicap Fund - Direct Plan - Growth;INF769K01KK8;;14.558;;;21-Jan-2026
151811;Mirae Asset Multicap Fund - Direct Plan - IDCW;INF769K01KL6;INF769K01KM4;14.557;;;21-Jan-2026
151812;Mirae Asset Multicap Fund - Regular Plan - Growth;INF769K01KH4;;14.044;;;21-Jan-2026
151813;Mirae Asset Multicap Fund - Regular Plan - IDCW;INF769K01KI2;INF769K01KJ0;14.033;;;21-Jan-2026

quant Mutual Fund
100631;quant Multi Cap Fund-GROWTH OPTION - Regular Plan;INF966L01234;;566.3801;;;21-Jan-2026
120823;quant Multi Cap Fund-GROWTH OPTION-Direct Plan;INF966L01614;;620.8691;;;21-Jan-2026
120822;quant Multi Cap Fund-IDCW Option - Direct Plan;INF966L01598;INF966L01606;71.903;;;21-Jan-2026
100630;quant Multi Cap Fund-IDCW Option - Regular Plan;INF966L01218;INF966L01226;64.773;;;21-Jan-2026

SBI Mutual Fund
149887;SBI Multicap Fund- Direct Plan - Income Distribution cum Capital Withdrawal Option (IDCW);INF200KA19E0;INF200KA10F6;16.8483;;;21-Jan-2026
149882;SBI Multicap Fund- Direct Plan- Growth option;INF200KA18E2;;16.8482;;;21-Jan-2026
149886;SBI Multicap Fund- Regular Plan- Growth Option;INF200KA15E8;;16.2583;;;21-Jan-2026
149883;SBI Multicap Fund- Regular Plan- Income Distribution cum Capital Withdrawal Option (IDCW);INF200KA16E6;INF200KA17E4;16.2610;;;21-Jan-2026

Sundaram Mutual Fund
149668;Sundaram Multi Cap Fund (Formerly Known as Principal Multi Cap Growth Fund) - Direct Plan - Income Distribution CUM Capital Withdrawal Option (IDCW);INF173K01FN7;INF173K01FO5;81.7892;;;21-Jan-2026
149666;Sundaram Multi Cap Fund (Formerly Known as Principal Multi Cap Growth Fund)- Income Distribution CUM Capital Withdrawal Option (IDCW);INF173K01957;INF173K01965;60.2937;;;21-Jan-2026
149669;Sundaram Multi Cap Fund (Formerly Known as Principal Multi Cap Growth Fund)-Direct Plan - Growth Option;INF173K01FQ0;;412.2700;;;21-Jan-2026
149667;Sundaram Multi Cap Fund (Formerly Known as Principal Multi Cap Growth Fund)-Growth Option;INF173K01940;;368.3464;;;21-Jan-2026

Trust Mutual Fund
153644;TRUSTMF MULTI CAP FUND -DIRECT PLAN-GROWTH;INF0GCD01834;;10.04;;;21-Jan-2026
153645;TRUSTMF MULTI CAP FUND -REGULAR PLAN-GROWTH;INF0GCD01842;;9.94;;;21-Jan-2026

WhiteOak Capital Mutual Fund
152071;WhiteOak Capital Multi Cap Fund Direct Plan Growth;INF03VN01803;;15.362;;;21-Jan-2026
152072;WhiteOak Capital Multi Cap Fund Regular Plan Growth;INF03VN01795;;14.799;;;21-Jan-2026

Open Ended Schemes ( Equity Scheme - Large Cap Fund )


Bajaj Finserv Mutual Fund
152783;BAJAJ FINSERV LARGE CAP FUND - DIRECT PLAN - GROWTH;INF0QA701896;;10.293;;;21-Jan-2026
152781;BAJAJ FINSERV LARGE CAP FUND - DIRECT PLAN - IDCW;INF0QA701904;INF0QA701912;10.293;;;21-Jan-2026
152780;BAJAJ FINSERV LARGE CAP FUND - REGULAR PLAN - GROWTH;INF0QA701862;;10.076;;;21-Jan-2026
152782;BAJAJ FINSERV LARGE CAP FUND - REGULAR PLAN - IDCW;INF0QA701870;INF0QA701888;10.076;;;21-Jan-2026

Bank of India Mutual Fund
148980;BANK OF INDIA Large Cap Fund Direct Plan Growth;INF761K01FL3;;17.19;;;21-Jan-2026
148981;BANK OF INDIA Large Cap Fund Direct Plan IDCW;INF761K01FK5;INF761K01FM1;17.16;;;21-Jan-2026
148982;BANK OF INDIA Large Cap Fund Regular Plan Growth;INF761K01FO7;;16.21;;;21-Jan-2026
148983;BANK OF INDIA Large Cap Fund Regular Plan IDCW;INF761K01FN9;INF761K01FP4;16.21;;;21-Jan-2026

Baroda BNP Paribas Mutual Fund
150187;BARODA BNP PARIBAS LARGE CAP Fund - Direct Plan - Growth Option;INF251K01HN7;;253.7439;;;21-Jan-2026
150188;BARODA BNP PARIBAS LARGE CAP Fund - Direct Plan - IDCW Option;INF251K01HL1;INF251K01HM9;28.1779;;;21-Jan-2026
150186;BARODA BNP PARIBAS LARGE CAP Fund - Regular Plan - IDCW Option;INF251K01910;INF251K01902;23.3105;;;21-Jan-2026
150185;BARODA BNP PARIBAS LARGE CAP Fund- Regular Plan - Growth Option;INF251K01894;;218.6426;;;21-Jan-2026

DSP Mutual Fund
119250;DSP Large Cap Fund - Direct Plan - Growth;INF740K01PR3;;517.484;;;21-Jan-2026
119249;DSP Large Cap Fund - Direct Plan - IDCW;INF740K01PS1;INF740K01PT9;30.23;;;21-Jan-2026
101635;DSP Large Cap Fund - Regular Plan - Growth;INF740K01243;;471.158;;;21-Jan-2026
101636;DSP Large Cap Fund - Regular Plan - IDCW;INF740K01227;INF740K01235;26.165;;;21-Jan-2026

Groww Mutual Fund
119133;Groww Largecap Fund (formerly known as Indiabulls Blue Chip Fund) - Direct Plan - Growth Option;INF666M01600;;51.65;;;21-Jan-2026
116547;Groww Largecap Fund (formerly known as Indiabulls Blue Chip Fund) - Regular Plan- Growth Option;INF666M01162;;42.78;;;21-Jan-2026
119134;Groww Largecap Fund (formerly known as Indiabulls Bluechip Fund)- Direct Plan- - Income Distribution cum capital withdrawal Option (Payout & Reinvestment);INF666M01626;INF666M01618;29.92;;;21-Jan-2026
140814;Groww Largecap Fund (formerly known as Indiabulls Bluechip Fund)- Direct Plan- Half Yearly -Income Distribution cum capital withdrawal Option (Payout & Reinvestment);INF666M01CQ6;INF666M01CR4;29.04;;;21-Jan-2026
140809;Groww Largecap Fund (formerly known as Indiabulls Bluechip Fund)- Direct Plan- Monthly - Income Distribution cum capital withdrawal Option (Payout & Reinvestment);INF666M01CM5;INF666M01CN3;23.07;;;21-Jan-2026
140811;Groww Largecap Fund (formerly known as Indiabulls Bluechip Fund)- Direct Plan- Quarterly - Income Distribution cum capital withdrawal Option (Payout & Reinvestment);INF666M01CO1;INF666M01CP8;28.82;;;21-Jan-2026
116548;Groww Largecap Fund (formerly known as Indiabulls Bluechip Fund)- Regular Plan- - Income Distribution cum capital withdrawal Option (Payout & Reinvestment);INF666M01188;INF666M01170;24.11;;;21-Jan-2026
140813;Groww Largecap Fund (formerly known as Indiabulls Bluechip Fund)- Regular Plan- Half Yearly - Income Distribution cum capital withdrawal Option (Payout & Reinvestment);INF666M01CW4;INF666M01CX2;25.69;;;21-Jan-2026
140810;Groww Largecap Fund (formerly known as Indiabulls Bluechip Fund)- Regular Plan- Monthly - Income Distribution cum capital withdrawal Option (Payout & Reinvestment);INF666M01CS2;INF666M01CT0;24.64;;;21-Jan-2026
140812;Groww Largecap Fund (formerly known as Indiabulls Bluechip Fund)- Regular Plan- Quarterly - Income Distribution cum capital withdrawal Option (Payout & Reinvestment);INF666M01CU8;INF666M01CV6;25.54;;;21-Jan-2026

ICICI Prudential Mutual Fund
120585;ICICI Prudential Large Cap Fund (erstwhile Bluechip Fund)  - Direct Plan - IDCW;INF109K014L5;INF109K015L2;61.86;;;21-Jan-2026
108466;ICICI Prudential Large Cap Fund (erstwhile Bluechip Fund)  - Growth;INF109K01BL4;;111.01;;;21-Jan-2026
108465;ICICI Prudential Large Cap Fund (erstwhile Bluechip Fund)  - IDCW;INF109K01EP9;INF109K01BM2;29.93;;;21-Jan-2026
120586;ICICI Prudential Large Cap Fund (erstwhile Bluechip Fund) - Direct Plan - Growth;INF109K016L0;;122.26;;;21-Jan-2026

ITI Mutual Fund
148353;ITI Large Cap Fund - Direct Plan - Growth Option;INF00XX01804;;19.2201;;;21-Jan-2026
148352;ITI Large Cap Fund - Direct Plan - IDCW Option;INF00XX01812;INF00XX01820;19.2201;;;21-Jan-2026
148351;ITI Large Cap Fund - Regular Plan - Growth Option;INF00XX01770;;17.3379;;;21-Jan-2026
148354;ITI Large Cap Fund - Regular Plan - IDCW Option;INF00XX01788;INF00XX01796;17.3379;;;21-Jan-2026

JM Financial Mutual Fund
134958;JM Large Cap Fund (Direct) - Annual IDCW;INF192K01JU4;INF192K01JV2;72.4843;;;21-Jan-2026
120490;JM Large Cap Fund (Direct) - Growth Option;INF192K01BZ0;;175.9677;;;21-Jan-2026
134957;JM Large Cap Fund (Direct) - Half Yearly IDCW ;INF192K01JR0;INF192K01JZ3;71.9777;;;21-Jan-2026
120489;JM Large Cap Fund (Direct) - IDCW;INF192K01BX5;INF192K01BY3;70.649;;;21-Jan-2026
134956;JM Large Cap Fund (Direct) - Monthly IDCW ;INF192K01JJ7;INF192K01JK5;71.8275;;;21-Jan-2026
134960;JM Large Cap Fund (Direct) - Quarterly IDCW;INF192K01JN9;INF192K01JO7;72.4972;;;21-Jan-2026
134961;JM Large Cap Fund (Regular) - Annual IDCW;INF192K01JS8;INF192K01JT6;30.454;;;21-Jan-2026
100219;JM Large Cap Fund (Regular) - Growth Option;INF192K01601;;152.5579;;;21-Jan-2026
134955;JM Large Cap Fund (Regular) - Half Yearly IDCW;INF192K01JP4;INF192K01JQ2;25.009;;;21-Jan-2026
100218;JM Large Cap Fund (Regular) - IDCW ;INF192K01585;INF192K01593;29.6151;;;21-Jan-2026
134959;JM Large Cap Fund (Regular) - Monthly IDCW;INF192K01JH1;INF192K01JI9;23.7046;;;21-Jan-2026
134954;JM Large Cap Fund (Regular) - Quarterly IDCW;INF192K01JL3;INF192K01JM1;34.4281;;;21-Jan-2026

Kotak Mahindra Mutual Fund
120152;Kotak Large Cap  Fund - Growth - Direct;INF174K01KW6;;664.4;;;21-Jan-2026
114458;Kotak Large Cap Fund - Growth;INF174K01153;;574.333;;;21-Jan-2026
120153;Kotak Large Cap Fund - Payout of Income Distribution cum capital withdrawal option - Direct;INF174K01KY2;INF174K01KX4;87.869;;;21-Jan-2026
114457;Kotak Large Cap Fund - Payout of Income Distribution cumcapital withdrawal option;INF174K01179;INF174K01161;74.137;;;21-Jan-2026

LIC Mutual Fund
120267;LIC MF Large Cap Fund-Direct Plan-Growth;INF767K01EJ7;;62.443;;;21-Jan-2026
120268;LIC MF Large Cap Fund-Direct Plan-IDCW;INF767K01EI9;INF767K01EK5;39.3218;;;21-Jan-2026
106871;LIC MF Large Cap Fund-Regular Plan-Growth;INF767K01105;;54.6241;;;21-Jan-2026
100332;LIC MF Large Cap Fund-Regular Plan-IDCW;INF767K01097;INF767K01089;32.9896;;;21-Jan-2026

Mahindra Manulife Mutual Fund
146550;Mahindra Manulife Large Cap Fund - Direct Plan - IDCW;INF174V01747;INF174V01739;19.8073;;;21-Jan-2026
146549;Mahindra Manulife Large Cap Fund - Direct Plan -Growth;INF174V01721;;26.1670;;;21-Jan-2026
146551;Mahindra Manulife Large Cap Fund - Regular Plan - Growth;INF174V01697;;23.1261;;;21-Jan-2026
146548;Mahindra Manulife Large Cap Fund - Regular Plan - IDCW;INF174V01713;INF174V01705;17.0068;;;21-Jan-2026

Mirae Asset Mutual Fund
118825;Mirae Asset Large Cap Fund - Direct Plan - Growth;INF769K01AX2;;128.187;;;21-Jan-2026
107578;Mirae Asset Large Cap Fund - Growth Plan;INF769K01010;;113.158;;;21-Jan-2026
118826;Mirae Asset Large Cap Fund Direct IDCW;INF769K01AY0;INF769K01AZ7;72.554;;;21-Jan-2026
107579;Mirae Asset Large Cap Fund Regular IDCW;INF769K01036;INF769K01028;31.435;;;21-Jan-2026

quant Mutual Fund
150440;quant Large Cap Fund - Growth Option - Direct Plan;INF966L01AT0;;15.1994;;;21-Jan-2026
150441;quant Large Cap Fund - Growth Option - Regular Plan;INF966L01AW4;;14.3904;;;21-Jan-2026
150439;quant Large Cap Fund - IDCW Option - Direct Plan;INF966L01AU8;INF966L01AV6;15.2627;;;21-Jan-2026
150442;quant Large Cap Fund - IDCW Option - Regular Plan;INF966L01AX2;INF966L01AY0;14.3083;;;21-Jan-2026

SBI Mutual Fund
119585;SBI Large Cap Fund - Direct Plan - Income Distribution cum Capital Withdrawal Option (IDCW);INF200K01QV8;INF200K01QW6;67.5724;;;21-Jan-2026
103616;SBI Large Cap Fund - Regular Plan - Income Distribution cum Capital Withdrawal Option (IDCW);INF200K01164;INF200K01172;53.2861;;;21-Jan-2026
119598;SBI Large Cap FUND-DIRECT PLAN -GROWTH;INF200K01QX4;;104.1186;;;21-Jan-2026
103504;SBI Large Cap FUND-REGULAR PLAN GROWTH;INF200K01180;;93.6678;;;21-Jan-2026

Sundaram Mutual Fund
148509;Sundaram Large Cap Fund (Formerly Known as Sundaram Blue Chip  Fund)  Direct Plan - Reinvestment of Income Distribution cum Capital Withdrawal (IDCW);INF903JA1JE6;;16.5837;;;21-Jan-2026
148505;Sundaram Large Cap Fund (Formerly Known as Sundaram Blue Chip Fund)  Regular Plan - Payout of Income Distribution cum Capital Withdrawal (IDCW);INF903JA1JA4;;15.3227;;;21-Jan-2026
148508;Sundaram Large Cap Fund (Formerly Known as Sundaram Blue Chip Fund) Direct Plan - Payout of Income Distribution cum Capital Withdrawal (IDCW);INF903JA1JD8;;16.5837;;;21-Jan-2026
148506;Sundaram Large Cap Fund (Formerly Known as Sundaram Blue Chip Fund) Regular Plan - Reinvestment of Income Distribution cum Capital Withdrawal (IDCW);INF903JA1JB2;;15.3227;;;21-Jan-2026
148507;Sundaram Large Cap Fund (Formerly Known as Sundaram Blue Chip Fund)Direct Plan - Growth;INF903JA1JC0;;22.8406;;;21-Jan-2026
148504;Sundaram Large Cap Fund(Formerly Known as Sundaram Blue Chip Fund) Regular Plan - Growth;INF903JA1IZ3;;21.1375;;;21-Jan-2026

Taurus Mutual Fund
118870;Taurus Large Cap Fund - Direct Plan - Growth;INF044D01BX3;;163.65;;;21-Jan-2026
118871;Taurus Large Cap Fund - Direct Plan - Payout of Income Distribution cum Capital Withdrawal option;INF044D01BY1;INF044D01BZ8;72.09;;;21-Jan-2026
101209;Taurus Large Cap Fund - Regular Plan - Growth;INF044D01773;;154.54;;;21-Jan-2026
108403;Taurus Large Cap Fund - Regular Plan - Payout of Income Distribution cum Capital Withdrawal option;INF044D01740;INF044D01757;67.70;;;21-Jan-2026

WhiteOak Capital Mutual Fund
150797;WhiteOak Capital Large Cap Fund Direct Plan Growth;INF03VN01696;;15.840;;;21-Jan-2026
150798;WhiteOak Capital Large Cap Fund Direct Plan IDCW;INF03VN01704;INF03VN01712;15.840;;;21-Jan-2026
150799;WhiteOak Capital Large Cap Fund Regular Plan Growth;INF03VN01662;;15.031;;;21-Jan-2026
150800;WhiteOak Capital Large Cap Fund Regular Plan IDCW;INF03VN01670;INF03VN01688;15.031;;;21-Jan-2026

Open Ended Schemes ( Equity Scheme - Large & Mid Cap Fund )


Bajaj Finserv Mutual Fund
152408;Bajaj Finserv Large and Mid Cap Fund- Direct Plan- Growth;INF0QA701763;;12.372;;;21-Jan-2026
152405;Bajaj Finserv Large and Mid Cap Fund- Direct Plan- IDCW;INF0QA701771;INF0QA701789;12.372;;;21-Jan-2026
152406;Bajaj Finserv Large and Mid Cap Fund- Regular Plan- Growth;INF0QA701730;;12.032;;;21-Jan-2026
152407;Bajaj Finserv Large and Mid Cap Fund- Regular Plan- IDCW;INF0QA701748;INF0QA701755;12.032;;;21-Jan-2026

Bank of India Mutual Fund
119349;BANK OF INDIA Large & Mid Cap Fund Direct  Plan- Quarterly IDCW;INF761K01678;INF761K01660;28.18;;;21-Jan-2026
119300;BANK OF INDIA Large & Mid Cap Fund Direct Plan- Bonus;INF761K01629;;52.39;;;21-Jan-2026
119350;BANK OF INDIA Large & Mid Cap Fund Direct Plan-Growth;INF761K01652;;101.46;;;21-Jan-2026
119346;BANK OF INDIA Large & Mid Cap Fund Direct Plan-Regular IDCW;INF761K01645;INF761K01637;27.76;;;21-Jan-2026
110599;BANK OF INDIA Large & Mid Cap Fund Eco Plan- Growth;INF761K01041;;96.80;;;21-Jan-2026
110601;BANK OF INDIA Large & Mid Cap Fund Eco Plan-Bonus;INF761K01017;;96.80;;;21-Jan-2026
110604;BANK OF INDIA Large & Mid Cap Fund Eco Plan-Quarterly IDCW;INF761K01058;INF761K01066;27.31;;;21-Jan-2026
110608;BANK OF INDIA Large & Mid Cap Fund Eco Plan-Regular IDCW;INF761K01025;INF761K01033;27.10;;;21-Jan-2026
110603;BANK OF INDIA Large & Mid Cap Fund Regular Plan- Growth;INF761K01108;;87.72;;;21-Jan-2026
110598;BANK OF INDIA Large & Mid Cap Fund Regular Plan- Quarterly IDCW;INF761K01116;INF761K01124;31.94;;;21-Jan-2026
110607;BANK OF INDIA Large & Mid Cap Fund Regular Plan- Regular IDCW;INF761K01082;INF761K01090;26.18;;;21-Jan-2026
110606;BANK OF INDIA Large & Mid Cap Fund Regular Plan-Bonus;INF761K01074;;87.71;;;21-Jan-2026

Baroda BNP Paribas Mutual Fund
148474;Baroda BNP Paribas Large and Mid Cap Fund- Direct Plan -Growth Option;INF955L01JU2;;28.8171;;;21-Jan-2026
148475;Baroda BNP Paribas Large and Mid Cap Fund-Direct Plan-IDCW Option;INF955L01JV0;INF955L01JW8;22.0841;;;21-Jan-2026
148471;Baroda BNP Paribas Large and Mid Cap Fund-Regular Plan-Growth Option;INF955L01JR8;;26.6484;;;21-Jan-2026
148472;Baroda BNP Paribas Large and Mid Cap Fund-Regular plan-IDCW Option;INF955L01JS6;INF955L01JT4;19.2114;;;21-Jan-2026

DSP Mutual Fund
119218;DSP Large & Mid Cap Fund - Direct Plan - Growth;INF740K01PL6;;701.626;;;21-Jan-2026
119219;DSP Large & Mid Cap Fund - Direct Plan - IDCW;INF740K01PM4;INF740K01PN2;113.802;;;21-Jan-2026
103819;DSP Large & Mid Cap Fund - Regular Plan - Growth;INF740K01094;;624.674;;;21-Jan-2026
103820;DSP Large & Mid Cap Fund - Regular Plan - IDCW;INF740K01078;INF740K01086;39.709;;;21-Jan-2026

Franklin Templeton Mutual Fund
118510;Franklin India Large & Mid Cap Fund - Direct - Growth;INF090I01IN1;;207.1178;;;21-Jan-2026
118509;Franklin India Large & Mid cap Fund - Direct - IDCW;INF090I01IL5;INF090I01IM3;24.5742;;;21-Jan-2026
102883;Franklin India Large & Mid Cap Fund - Growth Plan;INF090I01205;;187.8466;;;21-Jan-2026
102884;Franklin India Large & Mid Cap Fund - IDCW;INF090I01189;INF090I01197;21.4334;;;21-Jan-2026

Helios Mutual Fund
152941;Helios Large & Mid Cap Fund - Direct Plan - Growth Option;INF0R8701269;;10.71;;;21-Jan-2026
152942;Helios Large & Mid Cap Fund - Direct Plan - IDCW Option;INF0R8701277;INF0R8701285;10.71;;;21-Jan-2026
152943;Helios Large & Mid Cap Fund - Regular Plan - Growth Option;INF0R8701236;;10.50;;;21-Jan-2026
152944;Helios Large & Mid Cap Fund - Regular Plan - IDCW Option;INF0R8701244;INF0R8701251;10.49;;;21-Jan-2026

ICICI Prudential Mutual Fund
120596;ICICI Prudential Large & Mid Cap Fund - Direct Plan - Growth;INF109K011O5;;1134.07;;;21-Jan-2026
120597;ICICI Prudential Large & Mid Cap Fund - Direct Plan - IDCW;INF109K019N0;INF109K010O7;52.98;;;21-Jan-2026
100349;ICICI Prudential Large & Mid Cap Fund - Growth;INF109K01431;;1010.59;;;21-Jan-2026
100348;ICICI Prudential Large & Mid Cap Fund - IDCW;INF109K01EQ7;INF109K01449;29.65;;;21-Jan-2026

ITI Mutual Fund
152821;ITI Large & Midcap Fund - Direct Plan - Growth;INF00XX01DA4;;9.2941;;;21-Jan-2026
152823;ITI Large & Midcap Fund - Direct Plan - IDCW Option;INF00XX01DB2;INF00XX01DC0;9.2941;;;21-Jan-2026
152824;ITI Large & Midcap Fund - Regular Plan - Growth;INF00XX01CX8;;9.0813;;;21-Jan-2026
152822;ITI Large & Midcap Fund - Regular Plan - IDCW Option;INF00XX01CY6;INF00XX01CZ3;9.0813;;;21-Jan-2026

JM Financial Mutual Fund
153629;JM Large & Mid Cap Fund (Direct) - Growth Option;INF192K01NK7;;10.0089;;;21-Jan-2026
153630;JM Large & Mid Cap Fund (Direct) - IDCW;INF192K01NP6;INF192K01NL5;10.0089;;;21-Jan-2026
153627;JM Large & Mid Cap Fund (Regular) - Growth Option;INF192K01NM3;;9.9225;;;21-Jan-2026
153628;JM Large & Mid Cap Fund (Regular) - IDCW;INF192K01NO9;INF192K01NN1;9.9224;;;21-Jan-2026

Kotak Mahindra Mutual Fund
120158;Kotak Large & Midcap Fund - Direct- Growth;INF174K01LF9;;395.159;;;21-Jan-2026
103234;Kotak Large & Midcap Fund - Growth-Regular;INF174K01187;;342.409;;;21-Jan-2026
120157;Kotak Large & Midcap Fund - IDCW-Direct;INF174K01LG7;INF174K01LH5;69.729;;;21-Jan-2026
103233;Kotak Large & Midcap Fund - IDCW-Regular;INF174K01203;INF174K01195;59.738;;;21-Jan-2026

LIC Mutual Fund
133710;LIC MF Large & Mid Cap Fund-Direct Plan-Growth;INF767K01NE9;;42.5435;;;21-Jan-2026
133709;LIC MF Large & Mid Cap Fund-Direct Plan-IDCW;INF767K01ND1;INF767K01NF6;33.754;;;21-Jan-2026
133711;LIC MF Large & Mid Cap Fund-Regular Plan-Growth;INF767K01NB5;;36.7235;;;21-Jan-2026
133712;LIC MF Large & Mid Cap Fund-Regular Plan-IDCW;INF767K01NA7;INF767K01NC3;29.7332;;;21-Jan-2026

Mahindra Manulife Mutual Fund
147841;Mahindra Manulife Large & Mid Cap Fund - Direct Plan - IDCW;INF174V01960;INF174V01952;22.9015;;;21-Jan-2026
147840;Mahindra Manulife Large & Mid Cap Fund - Direct Plan -Growth;INF174V01945;;29.4755;;;21-Jan-2026
147843;Mahindra Manulife Large & Mid Cap Fund - Regular Plan - Growth;INF174V01911;;26.5493;;;21-Jan-2026
147842;Mahindra Manulife Large & Mid Cap Fund - Regular Plan - IDCW;INF174V01937;INF174V01929;20.2451;;;21-Jan-2026

Mirae Asset Mutual Fund
118834;Mirae Asset Large & Midcap Fund - Direct Plan - Growth;INF769K01BI1;;170.390;;;21-Jan-2026
118835;Mirae Asset Large & Midcap Fund - Direct Plan - IDCW;INF769K01BJ9;INF769K01BK7;79.899;;;21-Jan-2026
112932;Mirae Asset Large & Midcap Fund - Regular Plan - Growth;INF769K01101;;150.692;;;21-Jan-2026
112931;Mirae Asset Large & Midcap Fund - Regular Plan - IDCW;INF769K01127;INF769K01119;46.349;;;21-Jan-2026

Navi Mutual Fund
141414;Navi Large & Midcap Fund - Direct Annual IDCW Payout;INF959L01CR5;INF959L01CS3;40.5436;;;21-Jan-2026
141415;Navi Large & Midcap Fund - Direct Half Yearly IDCW Payout;INF959L01CP9;INF959L01CQ7;40.5792;;;21-Jan-2026
135679;Navi Large & Midcap Fund - Direct Normal IDCW Payout;INF959L01CI4;INF959L01CJ2;40.6829;;;21-Jan-2026
141411;Navi Large & Midcap Fund - Regular Annual IDCW payout;INF959L01CV7;INF959L01CW5;35.0999;;;21-Jan-2026
141410;NAVI Large & Midcap Fund - Regular Half Yearly IDCW Payout;INF959L01CT1;INF959L01CU9;34.1358;;;21-Jan-2026
135680;Navi Large & Midcap Fund - Regular Normal IDCW Payout;INF959L01CL8;INF959L01CM6;34.1233;;;21-Jan-2026
135677;Navi Large & Midcap Fund- Direct Plan- Growth Option;INF959L01CH6;;41.1787;;;21-Jan-2026
135678;Navi Large & Midcap Fund- Regular Plan- Growth Option;INF959L01CK0;;34.1273;;;21-Jan-2026

quant Mutual Fund
104515;quant Large & Mid Cap Fund - Bonus Option - Regular Plan;INF966L01424;;105.6541;;;21-Jan-2026
120824;quant Large & Mid Cap Fund - Bonus Option-Direct Plan;INF966L01655;;105.6541;;;21-Jan-2026
104513;quant Large & Mid Cap Fund - Growth Option;INF966L01341;;105.4285;;;21-Jan-2026
120826;quant Large & Mid Cap Fund - Growth Option-Direct Plan;INF966L01648;;116.1467;;;21-Jan-2026
120825;quant Large & Mid Cap Fund - IDCW Option - Direct Plan;INF966L01622;INF966L01630;54.0811;;;21-Jan-2026
104514;quant Large & Mid Cap Fund - IDCW Option - Regular Plan;INF966L01325;INF966L01333;64.3533;;;21-Jan-2026

Sundaram Mutual Fund
119565;Sundaram Large and Midcap Direct Plan - Income Distribution cum Capital Withdrawal (IDCW);INF903J01PP3;INF903J01PQ1;32.8752;;;21-Jan-2026
119566;Sundaram Large and Midcap Fund Direct Plan - Growth;INF903J01PR9;;95.2994;;;21-Jan-2026
105001;Sundaram Large and Midcap Fund Regular Plan - Growth;INF903J01DT1;;84.2761;;;21-Jan-2026
105000;Sundaram Large and Midcap Regular Plan - Income Distribution cum Capital Withdrawal (IDCW);INF903J01DU9;INF903J01DV7;28.4429;;;21-Jan-2026

WhiteOak Capital Mutual Fund
152226;Whiteoak Capital Large & Mid Cap Fund Direct Plan Growth;INF03VN01845;;13.620;;;21-Jan-2026
152225;Whiteoak Capital Large & Mid Cap Fund Regular Plan Growth;INF03VN01837;;13.170;;;21-Jan-2026

Open Ended Schemes ( Equity Scheme - Mid Cap Fund )


Bank of India Mutual Fund
153728;Bank of India Mid Cap Fund - Direct Plan Growth;INF761K01GY4;;9.32;;;21-Jan-2026
153729;Bank of India Mid Cap Fund - Direct Plan IDCW;INF761K01GZ1;INF761K01HA2;9.32;;;21-Jan-2026
153726;Bank of India Mid Cap Fund - Regular Plan Growth;INF761K01HB0;;9.28;;;21-Jan-2026
153727;Bank of India Mid Cap Fund - Regular Plan IDCW;INF761K01HC8;INF761K01HD6;9.28;;;21-Jan-2026

Baroda BNP Paribas Mutual Fund
150212;BARODA BNP PARIBAS Mid Cap Fund - Direct Plan - Growth Option;INF251K01HQ0;;120.4546;;;21-Jan-2026
150211;BARODA BNP PARIBAS Mid Cap Fund - Direct Plan - IDCW Option;INF251K01HO5;INF251K01HP2;72.7180;;;21-Jan-2026
150209;BARODA BNP PARIBAS Mid Cap Fund - Regular Plan - Growth Option;INF251K01AW3;;100.4601;;;21-Jan-2026
150210;BARODA BNP PARIBAS Mid Cap Fund - Regular Plan - IDCW Option;INF251K01AX1;INF251K01AY9;57.1052;;;21-Jan-2026

DSP Mutual Fund
119071;DSP Midcap Fund - Direct Plan - Growth;INF740K01PX1;;159.776;;;21-Jan-2026
119070;DSP Midcap Fund - Direct Plan - IDCW;INF740K01PY9;INF740K01PZ6;69.341;;;21-Jan-2026
104481;DSP Midcap Fund - Regular Plan - Growth;INF740K01128;;143.003;;;21-Jan-2026
104482;DSP Midcap Fund - Regular Plan - IDCW;INF740K01102;INF740K01110;29.626;;;21-Jan-2026

Franklin Templeton Mutual Fund
118533;Franklin India Mid Cap Fund - Direct - Growth;INF090I01FH9;;2994.8512;;;21-Jan-2026
118532;Franklin India Mid Cap Fund - Direct - IDCW;INF090I01FI7;INF090I01FJ5;108.7827;;;21-Jan-2026
100472;Franklin India Mid Cap Fund - IDCW;INF090I01726;INF090I01734;90.0789;;;21-Jan-2026
100473;Franklin India Mid Cap Fund-Growth;INF090I01809;;2653.2152;;;21-Jan-2026

Helios Mutual Fund
153326;Helios Mid Cap Fund - Direct Plan - Growth Option;INF0R8701327;;11.95;;;21-Jan-2026
153324;Helios Mid Cap Fund - Direct Plan - IDCW Option;INF0R8701335;INF0R8701343;11.96;;;21-Jan-2026
153327;Helios Mid Cap Fund - Regular Plan - Growth Plan;INF0R8701293;;11.80;;;21-Jan-2026
153325;Helios Mid Cap Fund - Regular Plan - IDCW Option;INF0R8701301;INF0R8701319;11.80;;;21-Jan-2026

ICICI Prudential Mutual Fund
120381;ICICI Prudential MidCap Fund - Direct Plan -  Growth;INF109K011N7;;335.36;;;21-Jan-2026
120380;ICICI Prudential MidCap Fund - Direct Plan -  IDCW;INF109K019M2;INF109K010N9;62.12;;;21-Jan-2026
102528;ICICI Prudential MidCap Fund - Growth;INF109K01AN2;;298.06;;;21-Jan-2026
102529;ICICI Prudential MidCap Fund - IDCW;INF109K01EH6;INF109K01AL6;38.62;;;21-Jan-2026

ITI Mutual Fund
148733;ITI Mid Cap Fund - Direct Plan - Growth Option;INF00XX01929;;23.2195;;;21-Jan-2026
148731;ITI Mid Cap Fund - Direct Plan - IDCW Option;INF00XX01937;INF00XX01945;22.2508;;;21-Jan-2026
148732;ITI Mid Cap Fund - Regular Plan - Growth Option;INF00XX01895;;21.0857;;;21-Jan-2026
148734;ITI Mid Cap Fund - Regular Plan - IDCW Option;INF00XX01903;INF00XX01911;20.1476;;;21-Jan-2026

JM Financial Mutual Fund
150815;JM Midcap Fund (Direct) - Growth;INF192K01MV6;;18.7311;;;21-Jan-2026
150814;JM Midcap Fund (Direct) - IDCW;INF192K01MW4;INF192K01MX2;18.731;;;21-Jan-2026
150812;JM Midcap Fund (Regular) - Growth;INF192K01MS2;;17.7145;;;21-Jan-2026
150813;JM Midcap Fund (Regular) - IDCW;INF192K01MT0;INF192K01MU8;17.7145;;;21-Jan-2026

Kotak Mahindra Mutual Fund
119774;Kotak Midcap Fund  - Direct Plan - IDCW - Payout & Re-investment of Income Distribution cum capital withdrawal option;INF174K01LU8;INF174K01LV6;89.378;;;21-Jan-2026
119775;Kotak Midcap Fund - Direct Plan - Growth;INF174K01LT0;;150.016;;;21-Jan-2026
104908;Kotak Midcap Fund - Regular Plan - Growth;INF174K01DS9;;128.93;;;21-Jan-2026
104907;Kotak Midcap Fund - Regular Plan - IDCW -Payout & Re-investment of Income Distribution cum capital withdrawal option;INF174K01DU5;INF174K01DT7;70.812;;;21-Jan-2026

LIC Mutual Fund
152002;LIC MF Mid Cap Fund-Direct Plan-Growth;INF397L01JK8;;30.6088;;;21-Jan-2026
151999;LIC MF Mid Cap Fund-Direct Plan-IDCW;INF397L01JH4;INF397L01JI2;28.7578;;;21-Jan-2026
152001;LIC MF Mid Cap Fund-Regular Plan-Growth;INF397L01JO0;;27.2274;;;21-Jan-2026
152000;LIC MF Mid Cap Fund-Regular Plan-IDCW;INF397L01JL6;INF397L01JM4;25.5534;;;21-Jan-2026

Mahindra Manulife Mutual Fund
142108;Mahindra Manulife Mid Cap Fund - Direct Plan - IDCW;INF174V01523;INF174V01515;29.5830;;;21-Jan-2026
142110;Mahindra Manulife Mid Cap Fund - Direct Plan -Growth;INF174V01507;;37.0341;;;21-Jan-2026
142109;Mahindra Manulife Mid Cap Fund - Regular Plan - Growth;INF174V01473;;32.4924;;;21-Jan-2026
142107;Mahindra Manulife Mid Cap Fund- Regular Plan - IDCW;INF174V01499;INF174V01481;25.3416;;;21-Jan-2026

Mirae Asset Mutual Fund
147479;Mirae Asset Midcap Fund - Regular Plan-Growth Option;INF769K01EY2;;36.191;;;21-Jan-2026
147478;Mirae Asset Midcap Fund Direct IDCW;INF769K01EZ9;INF769K01FC5;25.867;;;21-Jan-2026
147480;Mirae Asset Midcap Fund Regular IDCW;INF769K01EX4;INF769K01FB7;23.634;;;21-Jan-2026
147445;Mirae Asset Midcap Fund- Direct Growth Option;INF769K01FA9;;39.361;;;21-Jan-2026

quant Mutual Fund
120841;quant Mid Cap Fund - Growth Option - Direct Plan;INF966L01887;;216.4631;;;21-Jan-2026
101065;quant Mid Cap Fund - Growth Option - Regular Plan;INF966L01176;;191.9278;;;21-Jan-2026
120840;quant Mid Cap Fund - IDCW Option - Direct Plan;INF966L01861;INF966L01879;76.0312;;;21-Jan-2026
101066;quant Mid Cap Fund - IDCW Option - Regular Plan;INF966L01150;INF966L01168;68.231;;;21-Jan-2026

SBI Mutual Fund
119716;SBI MIDCAP FUND - DIRECT PLAN - GROWTH;INF200K01TP4;;253.9402;;;21-Jan-2026
119715;SBI Midcap Fund - Direct Plan - Income Distribution cum Capital Withdrawal Option (IDCW);INF200K01TN9;INF200K01TO7;143.9715;;;21-Jan-2026
102941;SBI MIDCAP FUND - REGULAR PLAN - GROWTH;INF200K01560;;225.6135;;;21-Jan-2026
102942;SBI Midcap Fund - Regular Plan - Income Distribution cum Capital Withdrawal Option (IDCW);INF200K01578;INF200K01586;92.1888;;;21-Jan-2026

Sundaram Mutual Fund
119581;Sundaram Mid Cap Fund Direct Plan - Growth;INF903J01MJ3;;1492.1113;;;21-Jan-2026
119582;Sundaram Mid Cap Fund Direct Plan - Income Distribution cum Capital Withdrawal (IDCW);INF903J01MH7;INF903J01MI5;70.0655;;;21-Jan-2026
101539;Sundaram Mid Cap Fund Regular Plan - Growth;INF903J01173;;1360.7613;;;21-Jan-2026
101538;Sundaram Mid Cap Fund Regular Plan - Income Distribution cum Capital Withdrawal (IDCW);INF903J01181;INF903J01199;62.9858;;;21-Jan-2026

Taurus Mutual Fund
118872;Taurus Mid Cap Fund - Direct Plan - Growth;INF044D01CA9;;120.30;;;21-Jan-2026
118873;Taurus Mid Cap Fund - Direct Plan - Payout of Income Distribution cum Capital Withdrawal option;INF044D01CB7;INF044D01CC5;106.87;;;21-Jan-2026
100477;Taurus Mid Cap Fund - Regular Plan - Growth;INF044D01815;;113.71;;;21-Jan-2026
111642;Taurus Mid Cap Fund - Regular Plan - Payout of Income Distribution cum Capital Withdrawal option;INF044D01781;INF044D01799;101.35;;;21-Jan-2026

WhiteOak Capital Mutual Fund
150584;WhiteOak Capital Mid Cap Fund Direct Plan Growth;INF03VN01597;;20.236;;;21-Jan-2026
150582;WhiteOak Capital Mid Cap Fund Direct Plan IDCW;INF03VN01605;INF03VN01613;20.236;;;21-Jan-2026
150583;WhiteOak Capital Mid Cap Fund Regular Plan Growth;INF03VN01563;;19.185;;;21-Jan-2026
150585;WhiteOak Capital Mid Cap Fund Regular Plan IDCW;INF03VN01571;INF03VN01589;19.185;;;21-Jan-2026

Open Ended Schemes ( Equity Scheme - Small Cap Fund )


Bajaj Finserv Mutual Fund
153612;BAJAJ FINSERV SMALL CAP FUND - DIRECT - GROWTH;INF0QA701BN2;;9.095;;;21-Jan-2026
153611;BAJAJ FINSERV SMALL CAP FUND - DIRECT - IDCW;INF0QA701BO0;INF0QA701BP7;9.095;;;21-Jan-2026
153609;BAJAJ FINSERV SMALL CAP FUND - REGULAR - GROWTH;INF0QA701BK8;;9.021;;;21-Jan-2026
153610;BAJAJ FINSERV SMALL CAP FUND - REGULAR - IDCW;INF0QA701BL6;INF0QA701BM4;9.021;;;21-Jan-2026

Bank of India Mutual Fund
145678;BANK OF INDIA Small Cap Fund Direct Plan Growth;INF761K01EP7;;46.59;;;21-Jan-2026
145675;BANK OF INDIA Small Cap Fund Direct Plan IDCW;INF761K01EO0;INF761K01ES1;34.88;;;21-Jan-2026
145677;BANK OF INDIA Small Cap Fund Regular Plan Growth;INF761K01ER3;;41.47;;;21-Jan-2026
145676;BANK OF INDIA Small Cap Fund Regular Plan IDCW;INF761K01EQ5;INF761K01ET9;30.23;;;21-Jan-2026

Baroda BNP Paribas Mutual Fund
152128;Baroda BNP Paribas Small Cap Fund - Direct Plan - Growth option;INF251K01SR5;;12.6242;;;21-Jan-2026
152129;Baroda BNP Paribas Small Cap Fund - Direct Plan - IDCW option;INF251K01SS3;INF251K01ST1;12.3190;;;21-Jan-2026
152130;Baroda BNP Paribas Small Cap Fund - Regular Plan - Growth option;INF251K01SO2;;12.2279;;;21-Jan-2026
152131;Baroda BNP Paribas Small Cap Fund - Regular Plan - IDCW option;INF251K01SP9;INF251K01SQ7;11.9154;;;21-Jan-2026

DSP Mutual Fund
119212;DSP Small Cap Fund - Direct Plan - Growth;INF740K01QD1;;202.851;;;21-Jan-2026
119213;DSP Small Cap Fund - Direct Plan - IDCW;INF740K01QE9;INF740K01QF6;60.383;;;21-Jan-2026
105989;DSP Small Cap Fund - Regular - Growth;INF740K01797;;183.762;;;21-Jan-2026
113153;DSP Small Cap Fund - Regular - IDCW;INF740K01805;INF740K01AM6;54.589;;;21-Jan-2026

Franklin Templeton Mutual Fund
118525;Franklin India Small Cap Fund - Direct - Growth;INF090I01IQ4;;176.3249;;;21-Jan-2026
118524;Franklin India Small Cap Fund - Direct - IDCW;INF090I01IO9;INF090I01IP6;51.0539;;;21-Jan-2026
103361;Franklin India Small Cap Fund - IDCW;INF090I01544;INF090I01551;43.0566;;;21-Jan-2026
103360;Franklin India Small Cap Fund-Growth;INF090I01569;;155.1234;;;21-Jan-2026

Helios Mutual Fund
153912;Helios Small Cap Fund - Direct Plan - Growth Option;INF0R8701384;;9.04;;;21-Jan-2026
153910;Helios Small Cap Fund - Direct Plan - IDCW Option;INF0R8701392;INF0R8701400;9.04;;;21-Jan-2026
153909;Helios Small Cap Fund - Regular Plan - Growth Option;INF0R8701350;;9.02;;;21-Jan-2026
153911;Helios Small Cap Fund - Regular Plan - IDCW Option;INF0R8701368;INF0R8701376;9.02;;;21-Jan-2026

ICICI Prudential Mutual Fund
120591;ICICI Prudential Smallcap Fund - Direct Plan - Growth;INF109K015M0;;91.67;;;21-Jan-2026
120870;ICICI Prudential Smallcap Fund - Direct Plan - IDCW;INF109K013M5;INF109K014M3;63.44;;;21-Jan-2026
106823;ICICI Prudential Smallcap Fund - Growth;INF109K01BI0;;81.23;;;21-Jan-2026
106822;ICICI Prudential Smallcap Fund - IDCW;INF109K01FA8;INF109K01BJ8;30.16;;;21-Jan-2026

ITI Mutual Fund
147919;ITI Small Cap Fund - Direct Plan - Growth Option;INF00XX01747;;29.1577;;;21-Jan-2026
147917;ITI Small Cap Fund - Direct Plan - IDCW Option;INF00XX01754;INF00XX01762;28.2115;;;21-Jan-2026
147920;ITI Small Cap Fund - Regular Plan - Growth Option;INF00XX01713;;26.0606;;;21-Jan-2026
147918;ITI Small Cap Fund - Regular Plan - IDCW Option;INF00XX01721;INF00XX01739;25.1416;;;21-Jan-2026

JM Financial Mutual Fund
152614;JM Small Cap Fund (Direct) - Growth Option;INF192K01NH3;;9.1506;;;21-Jan-2026
152615;JM Small Cap Fund (Direct) - IDCW Option;INF192K01NI1;INF192K01NJ9;9.1508;;;21-Jan-2026
152612;JM Small Cap Fund (Regular) - Growth Option;INF192K01NE0;;8.9058;;;21-Jan-2026
152613;JM Small Cap Fund (Regular) - IDCW Option;INF192K01NF7;INF192K01NG5;8.9058;;;21-Jan-2026

Kotak Mahindra Mutual Fund
102875;Kotak-Small Cap Fund - Growth;INF174K01211;;231.95;;;21-Jan-2026
120164;Kotak-Small Cap Fund - Growth - Direct;INF174K01KT2;;273.715;;;21-Jan-2026
102874;Kotak-Small Cap Fund - Payout of Income Distribution cum capital withdrawal option;INF174K01237;INF174K01229;101.192;;;21-Jan-2026
120163;Kotak-Small Cap Fund - Payout of Income Distribution cum capital withdrawal option - Direct;INF174K01KU0;INF174K01KV8;120.224;;;21-Jan-2026

LIC Mutual Fund
152004;LIC MF Small Cap Fund-Direct Plan-Growth;INF397L01JS1;;30.1151;;;21-Jan-2026
152005;LIC MF Small Cap Fund-Direct Plan-IDCW;INF397L01JP7;INF397L01JQ5;30.1095;;;21-Jan-2026
152003;LIC MF Small Cap Fund-Regular Plan-Growth;INF397L01JW3;;26.7174;;;21-Jan-2026
152006;LIC MF Small Cap Fund-Regular Plan-IDCW;INF397L01JT9;INF397L01JU7;26.7171;;;21-Jan-2026

Mahindra Manulife Mutual Fund
150915;Mahindra Manulife Small Cap Fund - Direct Plan - Growth;INF174V01BK7;;18.9929;;;21-Jan-2026
150913;Mahindra Manulife Small Cap Fund - Direct Plan - IDCW;INF174V01BL5;INF174V01BM3;18.9929;;;21-Jan-2026
150912;Mahindra Manulife Small Cap Fund - Regular Plan - Growth;INF174V01BH3;;18.0727;;;21-Jan-2026
150914;Mahindra Manulife Small Cap Fund - Regular Plan - IDCW;INF174V01BI1;INF174V01BJ9;18.0727;;;21-Jan-2026

Mirae Asset Mutual Fund
153196;Mirae Asset Small Cap Fund - Direct Plan - Growth;INF769K01NJ4;;11.058;;;21-Jan-2026
153197;Mirae Asset Small Cap Fund - Direct Plan - IDCW;INF769K01NL0;INF769K01NK2;11.058;;;21-Jan-2026
153198;Mirae Asset Small Cap Fund - Regular Plan - Growth;INF769K01NG0;;10.885;;;21-Jan-2026
153199;Mirae Asset Small Cap Fund - Regular Plan - IDCW;INF769K01NI6;INF769K01NH8;10.885;;;21-Jan-2026

quant Mutual Fund
100177;quant Small Cap Fund - Growth - Regular Plan;INF966L01AA0;;233.0475;;;21-Jan-2026
120828;quant Small Cap Fund - Growth Option - Direct Plan;INF966L01689;;254.3093;;;21-Jan-2026
120827;quant Small Cap Fund - IDCW Option - Direct Plan;INF966L01663;INF966L01671;198.7923;;;21-Jan-2026
100176;quant Small Cap Fund - IDCW Option - Regular Plan;INF206A01022;INF966L01044;185.3326;;;21-Jan-2026

SBI Mutual Fund
125497;SBI Small Cap Fund - Direct Plan - Growth;INF200K01T51;;181.5325;;;21-Jan-2026
125496;SBI Small Cap Fund - Direct Plan - Income Distribution cum Capital Withdrawal Option (IDCW);INF200K01T69;INF200K01T77;123.9036;;;21-Jan-2026
125494;SBI Small Cap Fund - Regular Plan - Growth;INF200K01T28;;157.9657;;;21-Jan-2026
125495;SBI Small Cap Fund - Regular Plan - Income Distribution cum Capital Withdrawal Option (IDCW);INF200K01T36;INF200K01T44;93.3236;;;21-Jan-2026

Sundaram Mutual Fund
119589;Sundaram Small Cap Fund Direct Plan - Growth;INF903J01NK9;;273.6398;;;21-Jan-2026
119588;Sundaram Small Cap Fund Direct Plan - Income Distribution cum Capital Withdrawal (IDCW);INF903J01NI3;INF903J01NJ1;35.9593;;;21-Jan-2026
100795;Sundaram Small Cap Fund Regular Plan - Growth;INF903J01470;;245.8185;;;21-Jan-2026
100794;Sundaram Small Cap Fund Regular Plan - Income Distribution cum Capital Withdrawal (IDCW);INF903J01454;INF903J01462;31.4253;;;21-Jan-2026

Trust Mutual Fund
152939;TRUSTMF SMALL CAP FUND -DIRECT PLAN-GROWTH;INF0GCD01800;;10.12;;;21-Jan-2026
152937;TRUSTMF SMALL CAP FUND -DIRECT PLAN-IDCW;INF0GCD01826;INF0GCD01818;10.12;;;21-Jan-2026
152938;TRUSTMF SMALL CAP FUND -REGULAR PLAN- IDCW;INF0GCD01792;INF0GCD01784;9.92;;;21-Jan-2026
152940;TRUSTMF SMALL CAP FUND -REGULAR PLAN-GROWTH;INF0GCD01776;;9.92;;;21-Jan-2026

Open Ended Schemes ( Equity Scheme - Dividend Yield Fund )


Baroda BNP Paribas Mutual Fund
152810;Baroda BNP Paribas Dividend Yield Fund - Direct Plan - Growth Option;INF251K01TV5;;9.6814;;;21-Jan-2026
152809;Baroda BNP Paribas Dividend Yield Fund - Direct Plan - IDCW Option;INF251K01TW3;INF251K01TX1;9.6814;;;21-Jan-2026
152807;Baroda BNP Paribas Dividend Yield Fund - Regular Plan - Growth Option;INF251K01TS1;;9.4682;;;21-Jan-2026
152808;Baroda BNP Paribas Dividend Yield Fund - Regular Plan - IDCW Option;INF251K01TT9;INF251K01TU7;9.4682;;;21-Jan-2026

ICICI Prudential Mutual Fund
129312;ICICI Prudential Dividend Yield Equity Fund Direct Plan Growth Option;INF109KA1UA0;;59.78;;;21-Jan-2026
129309;ICICI Prudential Dividend Yield Equity Fund Direct Plan IDCW Option;INF109KA1UB8;INF109KA1UC6;27.44;;;21-Jan-2026
129310;ICICI Prudential Dividend Yield Equity Fund Growth Option;INF109KA1TX4;;53.26;;;21-Jan-2026
129311;ICICI Prudential Dividend Yield Equity Fund IDCW Option;INF109KA1TY2;INF109KA1TZ9;21.20;;;21-Jan-2026

LIC Mutual Fund
152022;LIC MF Dividend Yield Fund-Direct Plan-Growth;INF397L01LC1;;31.6842;;;21-Jan-2026
152021;LIC MF Dividend Yield Fund-Direct Plan-IDCW;INF397L01KZ4;INF397L01LA5;31.6699;;;21-Jan-2026
152019;LIC MF Dividend Yield Fund-Regular Plan-Growth;INF397L01KY7;;28.9734;;;21-Jan-2026
152020;LIC MF Dividend Yield Fund-Regular Plan-IDCW;INF397L01KV3;INF397L01KW1;28.9729;;;21-Jan-2026

SBI Mutual Fund
151478;SBI Dividend Yield Fund - Direct Plan - Growth;INF200KA14W3;;15.7437;;;21-Jan-2026
151475;SBI Dividend Yield Fund - Direct Plan - Income Distribution cum Capital Withdrawal (IDCW) Option;INF200KA15W0;INF200KA16W8;15.7451;;;21-Jan-2026
151476;SBI Dividend Yield Fund - Regular Plan - Growth;INF200KA11W9;;15.2871;;;21-Jan-2026
151477;SBI Dividend Yield Fund - Regular Plan - Income Distribution cum Capital Withdrawal (IDCW) Option;INF200KA12W7;INF200KA13W5;15.2870;;;21-Jan-2026

Sundaram Mutual Fund
149700;Sundaram Dividend Yield Fund (Formerly Known as Principal Dividend Yield Fund) - Direct Plan - Growth Option;INF173K01EV3;;149.2972;;;21-Jan-2026
149699;Sundaram Dividend Yield Fund (Formerly Known as Principal Dividend Yield Fund)- Direct Plan - Income Distribution CUM Capital Withdrawal Option;INF173K01ES9;INF173K01ET7;66.5940;;;21-Jan-2026
149698;Sundaram Dividend Yield Fund (Formerly Known as Principal Dividend Yield Fund)- Income Distribution CUM Capital Withdrawal Plan;INF173K01AD9;INF173K01AE7;39.5354;;;21-Jan-2026
149697;Sundaram Dividend Yield Fund (Formerly Known as Principal Dividend Yield Fund)-Growth Plan;INF173K01AC1;;135.9562;;;21-Jan-2026

Open Ended Schemes ( Equity Scheme - Value Fund )


Baroda BNP Paribas Mutual Fund
151755;Baroda BNP Paribas Value Fund - Direct Plan - Growth option;INF251K01SD5;;14.1266;;;21-Jan-2026
151756;Baroda BNP Paribas Value Fund - Direct Plan - IDCW option;INF251K01SE3;INF251K01SF0;12.8809;;;21-Jan-2026
151747;Baroda BNP Paribas Value Fund - Regular Plan - Growth option;INF251K01SA1;;13.6423;;;21-Jan-2026
151754;Baroda BNP Paribas Value Fund - Regular Plan - IDCW option;INF251K01SB9;INF251K01SC7;12.4386;;;21-Jan-2026

Franklin Templeton Mutual Fund
118494;Templeton India Value Fund - Direct - Growth;INF090I01GY2;;798.4969;;;21-Jan-2026
118493;Templeton India Value Fund - Direct - IDCW ;INF090I01GW6;INF090I01GX4;108.3093;;;21-Jan-2026
100496;Templeton India Value Fund - Growth Plan;INF090I01296;;711.6721;;;21-Jan-2026
100497;Templeton India Value Fund - IDCW ;INF090I01270;INF090I01288;93.7075;;;21-Jan-2026

Groww Mutual Fund
135341;Groww Value Fund (formerly known as Indiabulls Value Fund) - Direct Plan - Growth Option;INF666M01BE4;;31.8662;;;21-Jan-2026
135343;Groww Value Fund (formerly known as Indiabulls Value Fund) - Regular Plan - Growth Option;INF666M01BH7;;26.541;;;21-Jan-2026
135342;Groww Value Fund (formerly known as Indiabulls Value Fund)- Direct Plan- - Income Distribution cum capital withdrawal Option (Payout & Reinvestment);INF666M01BF1;INF666M01BG9;31.7487;;;21-Jan-2026
140819;Groww Value Fund (formerly known as Indiabulls Value Fund)- Direct Plan- Half Yearly - Income Distribution cum capital withdrawal Option (Payout & Reinvestment);INF666M01DC4;INF666M01DD2;25.5151;;;21-Jan-2026
140815;Groww Value Fund (formerly known as Indiabulls Value Fund)- Direct Plan- Monthly - Income Distribution cum capital withdrawal Option (Payout & Reinvestment);INF666M01CY0;INF666M01CZ7;23.3708;;;21-Jan-2026
140817;Groww Value Fund (formerly known as Indiabulls Value Fund)- Direct Plan- Quarterly - Income Distribution cum capital withdrawal Option (Payout & Reinvestment);INF666M01DA8;INF666M01DB6;25.495;;;21-Jan-2026
135344;Groww Value Fund (formerly known as Indiabulls Value Fund)- Regular Plan - Income Distribution cum capital withdrawal Option (Payout & Reinvestment);INF666M01BI5;INF666M01BJ3;26.5323;;;21-Jan-2026
140820;Groww Value Fund (formerly known as Indiabulls Value Fund)- Regular Plan- Half Yearly -Income Distribution cum capital withdrawal Option (Payout & Reinvestment);INF666M01DI1;INF666M01DJ9;21.7404;;;21-Jan-2026
140816;Groww Value Fund (formerly known as Indiabulls Value Fund)- Regular Plan- Monthly - Income Distribution cum capital withdrawal Option (Payout & Reinvestment.;INF666M01DE0;INF666M01DF7;20.597;;;21-Jan-2026
140818;Groww Value Fund (formerly known as Indiabulls Value Fund)- Regular Plan- Quarterly - Income Distribution cum capital withdrawal Option (Payout & Reinvestment);INF666M01DG5;INF666M01DH3;20.0726;;;21-Jan-2026

ICICI Prudential Mutual Fund
120323;ICICI Prudential Value Fund (erstwhile Value Discovery Fund) - Direct Plan - Growth;INF109K012K1;;529.76;;;21-Jan-2026
120322;ICICI Prudential Value Fund (erstwhile Value Discovery Fund) - Direct Plan - IDCW;INF109K011K3;INF109K010K5;123.84;;;21-Jan-2026
102594;ICICI Prudential Value Fund (erstwhile Value Discovery Fund) - Growth;INF109K01AF8;;480.83;;;21-Jan-2026
102595;ICICI Prudential Value Fund (erstwhile Value Discovery Fund) - IDCW;INF109K01EC7;INF109K01AD3;40.61;;;21-Jan-2026

ITI Mutual Fund
148972;ITI Value Fund - Direct Plan - Growth Option;INF00XX01AQ6;;18.1286;;;21-Jan-2026
148970;ITI Value Fund - Direct Plan - IDCW Option;INF00XX01AR4;INF00XX01AS2;18.1286;;;21-Jan-2026
148973;ITI Value Fund - Regular Plan - Growth Option;INF00XX01AN3;;16.5326;;;21-Jan-2026
148971;ITI Value Fund - Regular Plan - IDCW Option;INF00XX01AO1;INF00XX01AP8;16.5326;;;21-Jan-2026

JM Financial Mutual Fund
120486;JM Value Fund (Direct) - Growth Option;INF192K01BT3;;102.6353;;;21-Jan-2026
120485;JM Value Fund (Direct) - IDCW;INF192K01BR7;INF192K01BS5;69.9295;;;21-Jan-2026
100254;JM Value Fund (Regular) - Growth Option;INF137A01037;;90.8229;;;21-Jan-2026
106168;JM Value Fund (Regular) - IDCW;INF137A01011;INF137A01029;63.4205;;;21-Jan-2026

LIC Mutual Fund
152018;LIC MF Value Fund-Direct Plan-Growth;INF397L01KU5;;24.9692;;;21-Jan-2026
152015;LIC MF Value Fund-Direct Plan-IDCW;INF397L01KR1;;24.9469;;;21-Jan-2026
152016;LIC MF Value Fund-Regular Plan-Growth;INF397L01KQ3;;23.0712;;;21-Jan-2026
152017;LIC MF Value Fund-Regular Plan-IDCW;INF397L01KN0;;23.0714;;;21-Jan-2026

Mahindra Manulife Mutual Fund
153303;Mahindra Manulife Value Fund - Direct Plan - Growth;INF174V01CI9;;11.7777;;;21-Jan-2026
153305;Mahindra Manulife Value Fund - Direct Plan - IDCW;INF174V01CJ7;INF174V01CK5;11.7777;;;21-Jan-2026
153304;Mahindra Manulife Value Fund - Regular Plan - Growth;INF174V01CF5;;11.5903;;;21-Jan-2026
153302;Mahindra Manulife Value Fund - Regular Plan - IDCW;INF174V01CH1;INF174V01CG3;11.5903;;;21-Jan-2026

quant Mutual Fund
149335;Quant Value Fund - Growth Option  - Direct Plan;INF966L01AN3;;19.9233;;;21-Jan-2026
149337;Quant Value Fund - Growth Option - Regular Plan;INF966L01AQ6;;18.6078;;;21-Jan-2026
149338;Quant Value Fund - IDCW Option - Direct Plan;INF966L01AO1;INF966L01AP8;18.9297;;;21-Jan-2026
149336;Quant Value Fund - IDCW Option- Regular Plan;INF966L01AR4;INF966L01AS2;18.7097;;;21-Jan-2026

Sundaram Mutual Fund
119549;Sundaram Value Fund Direct Plan - Growth;INF903J01NN3;;233.0165;;;21-Jan-2026
119548;Sundaram Value Fund Direct Plan - Income Distribution cum Capital Withdrawal (IDCW);INF903J01NL7;INF903J01NM5;20.5644;;;21-Jan-2026
101853;Sundaram Value Fund Regular Plan - Growth;INF903J01538;;219.3808;;;21-Jan-2026
100614;Sundaram Value Fund Regular Plan - Income Distribution cum Capital Withdrawal (IDCW);INF903J01512;INF903J01520;16.8790;;;21-Jan-2026

Open Ended Schemes ( Equity Scheme - Contra Fund )


Kotak Mahindra Mutual Fund
119769;Kotak Contra Fund - Direct Plan - Growth;INF174K01KZ9;;179.441;;;21-Jan-2026
119768;Kotak Contra Fund - Direct Plan - IDCW -Payout & Re-investment of Income Distribution cum capital withdrawal option- Direct;INF174K01LA0;INF174K01LB8;63.854;;;21-Jan-2026
103040;Kotak Contra Fund - Regular Plan - Growth;INF174K01245;;151.167;;;21-Jan-2026
103039;Kotak Contra Fund - Regular Plan - IDCW - Payout & Re-investment of Income Distribution cum capital withdrawal option;INF174K01260;INF174K01252;52.107;;;21-Jan-2026

Open Ended Schemes ( Equity Scheme - Focused Fund )


Baroda BNP Paribas Mutual Fund
150264;BARODA BNP PARIBAS Focused Fund - Direct Plan - Growth Option;INF251K01PN0;;24.4408;;;21-Jan-2026
150265;BARODA BNP PARIBAS Focused Fund - Direct Plan - IDCW Option;INF251K01PO8;INF251K01PP5;17.5736;;;21-Jan-2026
150262;BARODA BNP PARIBAS Focused Fund - Regular Plan - IDCW Option;INF251K01PL4;INF251K01PM2;15.4077;;;21-Jan-2026
150263;BARODA BNP PARIBAS Focused Fund - Regular Plan-Growth Option;INF251K01PK6;;21.3851;;;21-Jan-2026

DSP Mutual Fund
119096;DSP Focused Fund - Direct Plan - Growth;INF740K01OB0;;60.905;;;21-Jan-2026
119095;DSP Focused Fund - Direct Plan - IDCW;INF740K01OC8;INF740K01OD6;42.81;;;21-Jan-2026
112901;DSP Focused Fund - Regular Plan - Growth;INF740K01532;;54.241;;;21-Jan-2026
113032;DSP Focused Fund - Regular Plan - IDCW;INF740K01540;INF740K01AC7;21.783;;;21-Jan-2026

Franklin Templeton Mutual Fund
118564;Franklin India Focused Equity Fund - Direct - Growth;INF090I01IW2;;120.2986;;;21-Jan-2026
118563;Franklin India Focused Equity Fund - Direct - IDCW ;INF090I01IU6;INF090I01IV4;41.9388;;;21-Jan-2026
105817;Franklin India Focused Equity Fund - Growth Plan;INF090I01981;;106.3610;;;21-Jan-2026
105816;Franklin India Focused Equity Fund - IDCW ;INF090I01965;INF090I01973;35.3273;;;21-Jan-2026

ICICI Prudential Mutual Fund
120722;ICICI Prudential Focused Equity Fund - Direct Plan - Growth;INF109K018N2;;109.17;;;21-Jan-2026
120723;ICICI Prudential Focused Equity Fund - Direct Plan - IDCW;INF109K016N6;INF109K017N4;63.55;;;21-Jan-2026
111957;ICICI Prudential Focused Equity Fund - Growth;INF109K01BZ4;;94.71;;;21-Jan-2026
111958;ICICI Prudential Focused Equity Fund - IDCW;INF109K01FM3;INF109K01CA5;27.90;;;21-Jan-2026

ITI Mutual Fund
151777;ITI Focused Fund - Direct Plan - Growth;INF00XX01CS8;;16.0325;;;21-Jan-2026
151776;ITI Focused Fund - Direct Plan - IDCW;INF00XX01CT6;INF00XX01CU4;16.0325;;;21-Jan-2026
151778;ITI Focused Fund - Regular Plan - Growth;INF00XX01CV2;;15.2748;;;21-Jan-2026
151775;ITI Focused Fund - Regular Plan - IDCW;INF00XX01CW0;INF00XX01CR0;15.2748;;;21-Jan-2026

JM Financial Mutual Fund
120488;JM Focused Fund (Direct)  - Growth Option;INF192K01BW7;;22.5513;;;21-Jan-2026
120487;JM Focused Fund (Direct) -  IDCW;INF192K01BU1;INF192K01BV9;22.1009;;;21-Jan-2026
107410;JM Focused Fund (Regular) - Growth Option;INF192K01577;;19.1625;;;21-Jan-2026
107409;JM Focused Fund (Regular) - IDCW;INF192K01551;INF192K01569;19.1617;;;21-Jan-2026

Kotak Mahindra Mutual Fund
147473;Kotak Focused Fund- Direct Plan- Growth option;INF174KA1EN7;;29;;;21-Jan-2026
147477;Kotak Focused Fund- Regular plan _ Growth Option;INF174KA1EK3;;26.207;;;21-Jan-2026
147472;Kotak Focused Fund- Regular Plan-Income Distribution cum capital withdrawal option;INF174KA1EM9;INF174KA1EL1;26.207;;;21-Jan-2026
147475;Kotak Focused Fund-Direct Plan- Income Distribution cum capital withdrawal option;INF174KA1EP2;INF174KA1EO5;29.001;;;21-Jan-2026

LIC Mutual Fund
152010;LIC MF Focused Fund-Direct Plan-Growth;INF397L01KA7;;22.294;;;21-Jan-2026
152008;LIC MF Focused Fund-Direct Plan-IDCW;INF397L01JX1;INF397L01JY9;22.2702;;;21-Jan-2026
152009;LIC MF Focused Fund-Regular Plan-Growth;INF397L01KE9;;20.1982;;;21-Jan-2026
152007;LIC MF Focused Fund-Regular Plan-IDCW;INF397L01KB5;INF397L01KC3;20.198;;;21-Jan-2026

Mahindra Manulife Mutual Fund
148569;Mahindra Manulife Focused Fund - Direct Plan - IDCW;INF174V01AI3;INF174V01AH5;21.2742;;;21-Jan-2026
148567;Mahindra Manulife Focused Fund - Direct Plan -Growth;INF174V01AG7;;29.0348;;;21-Jan-2026
148571;Mahindra Manulife Focused Fund - Regular Plan - Growth;INF174V01AD4;;26.3708;;;21-Jan-2026
148566;Mahindra Manulife Focused Fund - Regular Plan - IDCW;INF174V01AF9;INF174V01AE2;19.0262;;;21-Jan-2026

Mirae Asset Mutual Fund
147205;Mirae Asset Focused Fund Direct IDCW;INF769K01ET2;INF769K01EW6;24.728;;;21-Jan-2026
147206;Mirae Asset Focused Fund Direct Plan Growth;INF769K01EU0;;26.884;;;21-Jan-2026
147204;Mirae Asset Focused Fund Regular IDCW;INF769K01ER6;INF769K01EV8;22.580;;;21-Jan-2026
147203;Mirae Asset Focused Fund Regular Plan Growth;INF769K01ES4;;24.562;;;21-Jan-2026

Old Bridge Mutual Fund
152358;Old Bridge Focused Fund - Direct Growth;INF0S5R01042;;12.42;;;21-Jan-2026
152359;Old Bridge Focused Fund - Direct IDCW;INF0S5R01059;INF0S5R01067;12.42;;;21-Jan-2026
152361;Old Bridge Focused Fund - Regular Growth;INF0S5R01034;;12.17;;;21-Jan-2026
152363;Old Bridge Focused Fund - Regular IDCW;INF0S5R01018;INF0S5R01026;12.17;;;21-Jan-2026

quant Mutual Fund
109275;quant Focused Fund - Growth Option - Regular Plan;INF966L01374;;81.0815;;;21-Jan-2026
120834;quant Focused Fund - Growth Option-Direct Plan;INF966L01853;;90.6199;;;21-Jan-2026
120835;quant Focused Fund - IDCW Option - Direct Plan;INF966L01838;INF966L01846;52.9742;;;21-Jan-2026
109274;quant Focused Fund - IDCW Option - Regular Plan;INF966L01358;INF966L01366;60.2876;;;21-Jan-2026

Sundaram Mutual Fund
149533;Sundaram Focused Fund (Formerly Known as Principal Focused Multicap Fund)- Direct Plan - Growth Option;INF173K01EK6;;174.5196;;;21-Jan-2026
149534;Sundaram Focused Fund (Formerly Known as Principal Focused Multicap Fund)- Direct Plan - Income Distribution CUM Capital Withdrawal Option (IDCW);INF173K01EM2;INF173K01EL4;44.3776;;;21-Jan-2026
149531;Sundaram Focused Fund (Formerly Known as Principal Focused Multicap Fund)- Income Distribution CUM Capital Withdrawal Option (IDCW);INF173K01197;INF173K01205;40.6072;;;21-Jan-2026
149532;Sundaram Focused Fund (Formerly Known as Principal Focused Multicap Fund)-Growth Option;INF173K01189;;156.8060;;;21-Jan-2026

Open Ended Schemes ( Equity Scheme - Sectoral/ Thematic )


Bajaj Finserv Mutual Fund
153937;Bajaj Finserv Banking and Financial Services Fund - Direct - Growth;INF0QA701BZ6;;9.900;;;21-Jan-2026
153938;Bajaj Finserv Banking and Financial Services Fund - Direct - IDCW;INF0QA701CA7;INF0QA701CB5;9.900;;;21-Jan-2026
153935;Bajaj Finserv Banking and Financial Services Fund - Regular - Growth;INF0QA701BW3;;9.876;;;21-Jan-2026
153936;Bajaj Finserv Banking and Financial Services Fund - Regular - IDCW;INF0QA701BX1;INF0QA701BY9;9.876;;;21-Jan-2026
153075;BAJAJ FINSERV CONSUMPTION FUND - DIRECT - GROWTH;INF0QA701946;;9.065;;;21-Jan-2026
153074;BAJAJ FINSERV CONSUMPTION FUND - DIRECT - IDCW;INF0QA701953;INF0QA701961;9.065;;;21-Jan-2026
153072;BAJAJ FINSERV CONSUMPTION FUND - REGULAR - GROWTH;INF0QA701979;;8.896;;;21-Jan-2026
153073;BAJAJ FINSERV CONSUMPTION FUND - REGULAR - IDCW;INF0QA701920;INF0QA701938;8.896;;;21-Jan-2026
153157;BAJAJ FINSERV HEALTHCARE FUND - DIRECT - GROWTH;INF0QA701AB9;;9.330;;;21-Jan-2026
153156;BAJAJ FINSERV HEALTHCARE FUND - DIRECT - IDCW;INF0QA701AC7;INF0QA701AD5;9.330;;;21-Jan-2026
153155;BAJAJ FINSERV HEALTHCARE FUND - REGULAR - GROWTH;INF0QA701987;;9.162;;;21-Jan-2026
153158;BAJAJ FINSERV HEALTHCARE FUND - REGULAR - IDCW;INF0QA701995;INF0QA701AA1;9.162;;;21-Jan-2026

Bank of India Mutual Fund
152788;Bank of India Business Cycle Fund - Direct Plan - Dividend;INF761K01GG1;INF761K01GH9;8.56;;;21-Jan-2026
152789;Bank of India Business Cycle Fund - Direct Plan - Growth;INF761K01GF3;;8.56;;;21-Jan-2026
152791;Bank of India Business Cycle Fund - Regular Plan - Dividend;INF761K01GD8;INF761K01GE6;8.42;;;21-Jan-2026
152790;Bank of India Business Cycle Fund - Regular Plan - Growth;INF761K01GC0;;8.42;;;21-Jan-2026
153139;Bank of India Consumption Fund - Direct - Growth;INF761K01GI7;;10.47;;;21-Jan-2026
153142;Bank of India Consumption Fund - Direct - IDCW;INF761K01GJ5;INF761K01GK3;10.47;;;21-Jan-2026
153140;Bank of India Consumption Fund - Regular - Growth;INF761K01GL1;;10.33;;;21-Jan-2026
153141;Bank of India Consumption Fund - Regular - IDCW;INF761K01GM9;INF761K01GN7;10.33;;;21-Jan-2026
119364;BANK OF INDIA Manufacturing & Infrastructure Fund-Direct Plan-Growth;INF761K01702;;66.15;;;21-Jan-2026
119365;BANK OF INDIA Manufacturing & Infrastructure Fund-Direct Plan-Quarterly IDCW;INF761K01728;INF761K01710;65.02;;;21-Jan-2026
119363;BANK OF INDIA Manufacturing & Infrastructure Fund-Direct Plan-Regular IDCW;INF761K01694;INF761K01686;62.41;;;21-Jan-2026
112359;BANK OF INDIA Manufacturing & Infrastructure Fund-Growth;INF761K01199;;56.07;;;21-Jan-2026
112360;BANK OF INDIA Manufacturing & Infrastructure Fund-Quarterly IDCW;INF761K01231;INF761K01223;36.39;;;21-Jan-2026
112361;BANK OF INDIA Manufacturing & Infrastructure Fund-Regular IDCW;INF761K01215;INF761K01207;35.74;;;21-Jan-2026

Baroda BNP Paribas Mutual Fund
119333;Baroda BNP Paribas Banking and Financial Services Fund - Direct - Growth Option;INF955L01971;;55.3792;;;21-Jan-2026
119334;Baroda BNP Paribas Banking and Financial Services Fund - Direct - IDCW Option;INF955L01955;;25.4225;;;21-Jan-2026
117549;Baroda BNP Paribas Banking and Financial Services Fund - Regular - Growth Option;INF955L01856;;49.0694;;;21-Jan-2026
117547;Baroda BNP Paribas Banking and Financial Services Fund - Regular - IDCW Option;INF955L01831;;22.0451;;;21-Jan-2026
153847;Baroda BNP Paribas Business Conglomerates Fund Direct Growth Option;INF251K01VJ6;;10.0175;;;21-Jan-2026
153845;Baroda BNP Paribas Business Conglomerates Fund Direct IDCW Payout Option;INF251K01VK4;;10.0175;;;21-Jan-2026
153844;Baroda BNP Paribas Business Conglomerates Fund Regular Growth Option;INF251K01VG2;;9.9597;;;21-Jan-2026
153846;Baroda BNP Paribas Business Conglomerates Fund Regular IDCW Payout Option;INF251K01VH0;;9.9597;;;21-Jan-2026
149141;Baroda BNP Paribas Business Cycle Fund - Direct Plan - Growth;INF955L01KK1;;16.4558;;;21-Jan-2026
149143;Baroda BNP Paribas Business Cycle Fund - Direct Plan - IDCW Option;INF955L01KL9;INF955L01KM7;15.0141;;;21-Jan-2026
149140;Baroda BNP Paribas Business Cycle Fund - Regular Plan - Growth;INF955L01KH7;;15.4433;;;21-Jan-2026
149142;Baroda BNP Paribas Business Cycle Fund - Regular Plan - IDCW Option;INF955L01KI5;INF955L01KJ3;14.0934;;;21-Jan-2026
153225;Baroda BNP Paribas Energy Opportunities Fund - Direct Plan - Growth Option;INF251K01UJ8;;11.0760;;;21-Jan-2026
153227;Baroda BNP Paribas Energy Opportunities Fund - Direct Plan - IDCW Option;INF251K01UK6;INF251K01UL4;11.0760;;;21-Jan-2026
153226;Baroda BNP Paribas Energy Opportunities Fund - Regular Plan - Growth Option;INF251K01UG4;;10.9127;;;21-Jan-2026
153224;Baroda BNP Paribas Energy Opportunities Fund - Regular Plan - ICDW Option;INF251K01UH2;INF251K01UI0;10.9127;;;21-Jan-2026
153604;Baroda BNP Paribas Health and Wellness Fund Direct Growth;INF251K01VA5;;9.1959;;;21-Jan-2026
153605;Baroda BNP Paribas Health and Wellness Fund Direct IDCWPayout;INF251K01VB3;INF251K01VC1;9.1959;;;21-Jan-2026
153602;Baroda BNP Paribas Health and Wellness Fund Regular Growth;INF251K01UY7;;9.1003;;;21-Jan-2026
153607;Baroda BNP Paribas Health and Wellness Fund Regular IDCWPayout;INF251K01VD9;INF251K01UZ4;9.1003;;;21-Jan-2026
150266;BARODA BNP PARIBAS India Consumption Fund - Direct Plan - Growth Option;INF251K01PT7;;33.8914;;;21-Jan-2026
150269;BARODA BNP PARIBAS India Consumption Fund - Direct Plan - IDCW Option;INF251K01PV3;INF251K01PU5;23.5539;;;21-Jan-2026
150268;BARODA BNP PARIBAS India Consumption Fund - Regular Plan - Growth Option;INF251K01PQ3;;30.3742;;;21-Jan-2026
150267;BARODA BNP PARIBAS India Consumption Fund - Regular Plan - IDCW Option;INF251K01PS9;INF251K01PR1;20.4609;;;21-Jan-2026
152470;Baroda BNP Paribas Innovation Fund Direct plan - Growth Option;INF251K01TE1;;12.3712;;;21-Jan-2026
152471;Baroda BNP Paribas Innovation Fund Direct plan - IDCW Option;INF251K01TF8;INF251K01TG6;12.3712;;;21-Jan-2026
152472;Baroda BNP Paribas Innovation Fund Regular plan - Growth Option;INF251K01TB7;;12.0261;;;21-Jan-2026
152473;Baroda BNP Paribas Innovation Fund Regular plan - IDCW Option;INF251K01TC5;INF251K01TD3;11.9050;;;21-Jan-2026
152697;Baroda BNP Paribas Manufacturing Fund - Direct Plan - Growth Option;INF251K01TP7;;9.9084;;;21-Jan-2026
152698;Baroda BNP Paribas Manufacturing Fund - Direct Plan - IDCW Option;INF251K01TQ5;INF251K01TR3;9.9084;;;21-Jan-2026
152696;Baroda BNP Paribas Manufacturing Fund - Regular Plan - Growth Option;INF251K01TM4;;9.6840;;;21-Jan-2026
152699;Baroda BNP Paribas Manufacturing Fund - Regular Plan - IDCW Option;INF251K01TN2;INF251K01TO0;9.6840;;;21-Jan-2026

DSP Mutual Fund
152206;DSP Banking & Financial Services Fund - Direct - Growth;INF740KA1TQ3;;14.403;;;21-Jan-2026
152207;DSP Banking & Financial Services Fund - Direct - IDCW;INF740KA1TR1;INF740KA1TS9;13.303;;;21-Jan-2026
152208;DSP Banking & Financial Services Fund - Regular - Growth;INF740KA1TN0;;13.953;;;21-Jan-2026
152209;DSP Banking & Financial Services Fund - Regular - IDCW;INF740KA1TO8;INF740KA1TP5;13.953;;;21-Jan-2026
153121;DSP Business Cycle Fund - Direct - Growth;INF740KA1UX7;;10.213;;;21-Jan-2026
153123;DSP Business Cycle Fund - Direct - IDCW;INF740KA1UV1;INF740KA1UW9;10.213;;;21-Jan-2026
153122;DSP Business Cycle Fund - Regular - Growth;INF740KA1US7;;10.043;;;21-Jan-2026
153120;DSP Business Cycle Fund - Regular - IDCW;INF740KA1UT5;INF740KA1UU3;10.043;;;21-Jan-2026
119247;DSP India T.I.G.E.R. Fund - Direct Plan - Growth;INF740K01PU7;;326.852;;;21-Jan-2026
119248;DSP India T.I.G.E.R. Fund - Direct Plan - IDCW;INF740K01PV5;INF740K01PW3;52.158;;;21-Jan-2026
102434;DSP India T.I.G.E.R. Fund - Regular Plan - Growth;INF740K01151;;298.924;;;21-Jan-2026
102435;DSP India T.I.G.E.R. Fund - Regular Plan - IDCW;INF740K01136;INF740K01144;28.084;;;21-Jan-2026
147306;DSP Quant Fund - Direct Plan - Growth;INF740KA1NQ6;;23.117;;;21-Jan-2026
147304;DSP Quant Fund - Direct Plan - IDCW;INF740KA1NR4;INF740KA1NS2;19.158;;;21-Jan-2026
147303;DSP Quant Fund - Regular Plan - Growth;INF740KA1NN3;;22.019;;;21-Jan-2026
147305;DSP Quant Fund - Regular Plan - IDCW;INF740KA1NO1;INF740KA1NP8;18.226;;;21-Jan-2026

Franklin Templeton Mutual Fund
118557;Franklin Build India Fund - Direct - Growth;INF090I01JF5;;158.0593;;;21-Jan-2026
118556;Franklin Build India Fund - Direct - IDCW ;INF090I01JD0;INF090I01JE8;47.2495;;;21-Jan-2026
112093;Franklin Build India Fund - IDCW ;INF090I01AC1;INF090I01AD9;38.9257;;;21-Jan-2026
112092;Franklin Build India Fund Growth Plan;INF090I01AE7;;136.7379;;;21-Jan-2026
153942;Franklin India Multi-Factor Fund- Direct- Growth;INF090I01YQ1;;9.7430;;;21-Jan-2026
153944;Franklin India Multi-Factor Fund- Direct- IDCW;INF090I01YS7;INF090I01YR9;9.7430;;;21-Jan-2026
153943;Franklin India Multi-Factor Fund- Growth;INF090I01YN8;;9.7191;;;21-Jan-2026
153941;Franklin India Multi-Factor Fund- IDCW;INF090I01YP3;INF090I01YO6;9.7191;;;21-Jan-2026

Groww Mutual Fund
152254;Groww Banking & Financial Services Fund - Direct Plan - Growth;INF666M01HS1;;12.2159;;;21-Jan-2026
152274;Groww Banking & Financial Services Fund - Regular - Growth;INF666M01HP7;;11.7604;;;21-Jan-2026
152276;Groww Banking & Financial Services Fund - Regular Plan - IDCW;INF666M01HQ5;INF666M01HR3;11.7604;;;21-Jan-2026
152273;Groww Banking & Financial Services Fund-IDCW;INF666M01HT9;INF666M01HU7;12.2151;;;21-Jan-2026

Helios Mutual Fund
152679;Helios Financial Services Fund - Direct Plan - Growth Option;INF0R8701202;;11.85;;;21-Jan-2026
152680;Helios Financial Services Fund - Direct Plan - IDCW Option;INF0R8701210;INF0R8701228;11.85;;;21-Jan-2026
152682;Helios Financial Services Fund - Regular Plan - Growth Option;INF0R8701178;;11.55;;;21-Jan-2026
152681;Helios Financial Services Fund - Regular Plan - IDCW Option;INF0R8701186;INF0R8701194;11.56;;;21-Jan-2026

ICICI Prudential Mutual Fund
153684;ICICI Prudential Active Momentum Fund - Direct Plan - Growth;INF109K1A385;;10.36;;;21-Jan-2026
153685;ICICI Prudential Active Momentum Fund - Growth;INF109K1A377;;10.29;;;21-Jan-2026
109445;ICICI Prudential Banking and Financial Services Fund -  Growth;INF109K01BU5;;134.87;;;21-Jan-2026
109446;ICICI Prudential Banking and Financial Services Fund -  IDCW;INF109K01DY3;INF109K01BV3;31.39;;;21-Jan-2026
120244;ICICI Prudential Banking and Financial Services Fund - Direct Plan -  Growth;INF109K013J1;;152.47;;;21-Jan-2026
120245;ICICI Prudential Banking and Financial Services Fund - Direct Plan -  IDCW;INF109K011J5;INF109K012J3;75.69;;;21-Jan-2026
146951;ICICI Prudential Bharat Consumption Fund - Direct Plan - Growth Option;INF109KC1YD4;;25.95;;;21-Jan-2026
146949;ICICI Prudential Bharat Consumption Fund - Direct Plan - IDCW Option;INF109KC1YF9;;16.65;;;21-Jan-2026
146950;ICICI Prudential Bharat Consumption Fund - Growth Option;INF109KC1YA0;;24.04;;;21-Jan-2026
146952;ICICI Prudential Bharat Consumption Fund - IDCW Option;INF109KC1YC6;;14.94;;;21-Jan-2026
153867;ICICI Prudential Conglomerate Fund - Direct Plan - Growth;INF109K1A427;;9.72;;;21-Jan-2026
153866;ICICI Prudential Conglomerate Fund - Direct Plan - IDCW;INF109K1A443;INF109K1A435;9.72;;;21-Jan-2026
153865;ICICI Prudential Conglomerate Fund - Growth;INF109K1A393;;9.69;;;21-Jan-2026
153864;ICICI Prudential Conglomerate Fund - IDCW;INF109K1A419;INF109K1A401;9.69;;;21-Jan-2026
152728;ICICI PRUDENTIAL ENERGY OPPORTUNITIES FUND - Direct Plan - Growth;INF109KC12W6;;10.13;;;21-Jan-2026
152729;ICICI PRUDENTIAL ENERGY OPPORTUNITIES FUND - Direct Plan - IDCW;INF109KC13W4;INF109KC14W2;10.13;;;21-Jan-2026
152726;ICICI PRUDENTIAL ENERGY OPPORTUNITIES FUND - Growth;INF109KC15W9;;9.95;;;21-Jan-2026
152727;ICICI PRUDENTIAL ENERGY OPPORTUNITIES FUND - IDCW;INF109KC16W7;INF109KC17W5;9.95;;;21-Jan-2026
153070;ICICI Prudential Equity Minimum Variance Fund - Direct Plan - Growth;INF109KC10Y6;;10.86;;;21-Jan-2026
153071;ICICI Prudential Equity Minimum Variance Fund - Direct Plan - IDCW;INF109KC12Y2;INF109KC11Y4;10.86;;;21-Jan-2026
153069;ICICI Prudential Equity Minimum Variance Fund - Growth;INF109KC17X3;;10.71;;;21-Jan-2026
153068;ICICI Prudential Equity Minimum Variance Fund - IDCW;INF109KC19X9;INF109KC18X1;10.71;;;21-Jan-2026
148516;ICICI Prudential ESG Exclusionary Strategy Fund - Direct Plan - Growth;INF109KC1O09;;23.26;;;21-Jan-2026
148515;ICICI Prudential ESG Exclusionary Strategy Fund - Direct Plan - IDCW;INF109KC1O25;INF109KC1O17;17.77;;;21-Jan-2026
148517;ICICI Prudential ESG Exclusionary Strategy Fund - Growth;INF109KC1N75;;21.71;;;21-Jan-2026
148514;ICICI Prudential ESG Exclusionary Strategy Fund - IDCW;INF109KC1N91;INF109KC1N83;16.35;;;21-Jan-2026
120688;ICICI Prudential Exports & Services Fund - Direct Plan - Growth;INF109K01W25;;178.80;;;21-Jan-2026
120687;ICICI Prudential Exports & Services Fund - Direct Plan - IDCW;INF109K01W09;INF109K01W17;76.05;;;21-Jan-2026
103312;ICICI Prudential Exports & Services Fund - Growth;INF109K01BB5;;163.68;;;21-Jan-2026
103313;ICICI Prudential Exports & Services Fund - IDCW;INF109K01FL5;INF109K01BA7;36.89;;;21-Jan-2026
150310;ICICI PRUDENTIAL HOUSING OPPORTUNITIES FUND - Direct Plan Growth;INF109KC10C2;;17.51;;;21-Jan-2026
150311;ICICI PRUDENTIAL HOUSING OPPORTUNITIES FUND - Direct Plan IDCW;INF109KC11C0;INF109KC12C8;14.84;;;21-Jan-2026
150308;ICICI PRUDENTIAL HOUSING OPPORTUNITIES FUND - Growth;INF109KC17B9;;16.71;;;21-Jan-2026
150309;ICICI PRUDENTIAL HOUSING OPPORTUNITIES FUND - IDCW;INF109KC18B7;INF109KC19B5;14.05;;;21-Jan-2026
145896;ICICI Prudential India Opportunities Fund - Cumulative Option;INF109KC1RE6;;36.71;;;21-Jan-2026
145897;ICICI Prudential India Opportunities Fund - Direct Plan - Cumulative Option;INF109KC1RH9;;40.17;;;21-Jan-2026
145898;ICICI Prudential India Opportunities Fund - Direct Plan - IDCW Option;INF109KC1RJ5;INF109KC1RI7;26.83;;;21-Jan-2026
145899;ICICI Prudential India Opportunities Fund - IDCW Option;INF109KC1RG1;INF109KC1RF3;23.75;;;21-Jan-2026
120621;ICICI Prudential Infrastructure Fund - Direct Plan -  Growth;INF109K018M4;;204.08;;;21-Jan-2026
120622;ICICI Prudential Infrastructure Fund - Direct Plan -  IDCW;INF109K016M8;INF109K017M6;44.59;;;21-Jan-2026
103149;ICICI Prudential Infrastructure Fund - Growth;INF109K01AV5;;187.44;;;21-Jan-2026
103150;ICICI Prudential Infrastructure Fund - IDCW;INF109K01FB6;INF109K01AT9;26.39;;;21-Jan-2026
145077;ICICI Prudential Manufacturing Fund - Cumulative Option;INF109KC1LG4;;34.29;;;21-Jan-2026
145075;ICICI Prudential Manufacturing Fund - Direct Plan - Cumulative Option;INF109KC1LJ8;;37.11;;;21-Jan-2026
145076;ICICI Prudential Manufacturing Fund - Direct Plan - IDCW Option;INF109KC1LK6;;24.08;;;21-Jan-2026
145078;ICICI Prudential Manufacturing Fund - IDCW Option;INF109KC1LH2;;21.62;;;21-Jan-2026
143873;ICICI Prudential Pharma Healthcare and Diagnostics (P.H.D) Fund - Cumulative Option;INF109KC1GE9;;37.51;;;21-Jan-2026
143874;ICICI Prudential Pharma Healthcare and Diagnostics (P.H.D) Fund - Direct Plan - Cumulative Option;INF109KC1GH2;;40.58;;;21-Jan-2026
143876;ICICI Prudential Pharma Healthcare and Diagnostics (P.H.D) Fund - Direct Plan - IDCW Option;INF109KC1GJ8;;24.51;;;21-Jan-2026
143875;ICICI Prudential Pharma Healthcare and Diagnostics (P.H.D) Fund - IDCW Option;INF109KC1GG4;;21.88;;;21-Jan-2026
150539;ICICI Prudential PSU Equity Fund - Direct Plan - Growth;INF109KC12I5;;21.90;;;21-Jan-2026
150541;ICICI Prudential PSU Equity Fund - Direct Plan - IDCW;INF109KC13I3;INF109KC14I1;18.58;;;21-Jan-2026
150538;ICICI Prudential PSU Equity Fund - Growth;INF109KC19H2;;20.91;;;21-Jan-2026
150540;ICICI Prudential PSU Equity Fund - IDCW;INF109KC10I9;INF109KC11I7;17.60;;;21-Jan-2026
153458;ICICI Prudential Quality Fund - Direct Plan - Growth;INF109K1A187;;10.27;;;21-Jan-2026
153460;ICICI Prudential Quality Fund - Direct Plan - IDCW;INF109K1A203;INF109K1A195;10.27;;;21-Jan-2026
153459;ICICI Prudential Quality Fund - Growth;INF109K1A211;;10.18;;;21-Jan-2026
153457;ICICI Prudential Quality Fund - IDCW;INF109K1A179;INF109K1A161;10.18;;;21-Jan-2026
148600;ICICI Prudential Quant Fund Direct Plan Growth;INF109KC1O66;;23.50;;;21-Jan-2026
148601;ICICI Prudential Quant Fund Direct Plan IDCW;INF109KC1O82;INF109KC1O74;15.19;;;21-Jan-2026
148598;ICICI Prudential Quant Fund Growth;INF109KC1O33;;22.73;;;21-Jan-2026
148599;ICICI Prudential Quant Fund IDCW;INF109KC1O58;INF109KC1O41;14.54;;;21-Jan-2026
153184;ICICI Prudential Rural Opportunities Fund - Direct Plan - Growth;INF109KC12Z9;;11.44;;;21-Jan-2026
153182;ICICI Prudential Rural Opportunities Fund - Direct Plan - IDCW;INF109KC14Z5;INF109KC13Z7;11.44;;;21-Jan-2026
153181;ICICI Prudential Rural Opportunities Fund - Growth;INF109KC19Y7;;11.31;;;21-Jan-2026
153183;ICICI Prudential Rural Opportunities Fund - IDCW;INF109KC11Z1;INF109KC10Z3;11.31;;;21-Jan-2026
150685;ICICI PRUDENTIAL TRANSPORTATION AND LOGISTICS FUND - Direct Plan - Growth;INF109KC12K1;;20.99;;;21-Jan-2026
150687;ICICI PRUDENTIAL TRANSPORTATION AND LOGISTICS FUND - Direct Plan - IDCW;INF109KC13K9;INF109KC14K7;17.90;;;21-Jan-2026
150684;ICICI PRUDENTIAL TRANSPORTATION AND LOGISTICS FUND - Growth;INF109KC19J8;;20.14;;;21-Jan-2026
150686;ICICI PRUDENTIAL TRANSPORTATION AND LOGISTICS FUND - IDCW;INF109KC10K5;INF109KC11K3;17.08;;;21-Jan-2026

ITI Mutual Fund
149321;ITI Banking and Financial Services Fund - Direct Plan - Growth Option;INF00XX01BU6;;17.3304;;;21-Jan-2026
149322;ITI Banking and Financial Services Fund - Direct Plan - IDCW Option;INF00XX01BV4;INF00XX01BW2;17.3304;;;21-Jan-2026
149323;ITI Banking and Financial Services Fund - Regular Plan - IDCW Option;INF00XX01BS0;INF00XX01BT8;15.9605;;;21-Jan-2026
149324;ITI Banking and Financial Services Fund -Regular Plan - Growth Option;INF00XX01BR2;;15.9605;;;21-Jan-2026
153260;ITI Bharat Consumption Fund - Direct Plan - Growth;INF00XX01DG1;;11.0592;;;21-Jan-2026
153261;ITI Bharat Consumption Fund - Direct Plan - IDCW Option;INF00XX01DH9;INF00XX01DI7;11.0592;;;21-Jan-2026
153262;ITI Bharat Consumption Fund - Regular Plan - IDCW Option;INF00XX01DE6;INF00XX01DF3;10.8792;;;21-Jan-2026
153263;ITI Bharat Consumption Fund - Regular Plan Plan - Growth;INF00XX01DD8;;10.8792;;;21-Jan-2026
149268;ITI Pharma and Healthcare Fund - Direct Plan - Growth Option;INF00XX01BO9;;16.0343;;;21-Jan-2026
149271;ITI Pharma and Healthcare Fund - Direct Plan - IDCW Option;INF00XX01BP6;INF00XX01BQ4;16.0343;;;21-Jan-2026
149270;ITI Pharma and Healthcare Fund - Regular Plan - Growth Option;INF00XX01BL5;;14.7300;;;21-Jan-2026
149269;ITI Pharma and Healthcare Fund - Regular Plan - IDCW Option;INF00XX01BM3;INF00XX01BN1;14.7300;;;21-Jan-2026

Kotak Mahindra Mutual Fund
153753;Kotak Active Momentum Fund - Direct Plan - Growth option;INF174KA1XA4;;10.198;;;21-Jan-2026
153754;Kotak Active Momentum Fund - Direct Plan - IDCW - Payout and Reinvestment;INF174KA1XB2;INF174KA1XC0;10.198;;;21-Jan-2026
153755;Kotak Active Momentum Fund - Regular Plan - Growth;INF174KA1XD8;;10.138;;;21-Jan-2026
153756;Kotak Active Momentum Fund - Regular Plan - IDCW - Payout & Reinvestment;INF174KA1XE6;INF174KA1XF3;10.138;;;21-Jan-2026
151384;Kotak Banking & Financial Services Fund - Direct Plan - Growth;INF174KA1MD1;;16.556;;;21-Jan-2026
151383;Kotak Banking & Financial Services Fund - Direct Plan - IDCW Payout;INF174KA1ME9;INF174KA1MF6;16.553;;;21-Jan-2026
151381;Kotak Banking & Financial Services Fund - Regular Plan - Growth;INF174KA1MA7;;15.82;;;21-Jan-2026
151382;Kotak Banking & Financial Services Fund - Regular Plan - IDCW Payout;INF174KA1MB5;INF174KA1MC3;15.82;;;21-Jan-2026
150624;Kotak Business Cycle - Direct Plan - Growth;INF174KA1JN6;;16.548;;;21-Jan-2026
150625;Kotak Business Cycle Fund-Direct Plan-IDCW option;INF174KA1JO4;INF174KA1JP1;16.547;;;21-Jan-2026
150626;Kotak Business Cycle Fund-Regular Plan--Growth;INF174KA1JK2;;15.73;;;21-Jan-2026
150622;Kotak Business Cycle Fund-Regular Plan-IDCW option;INF174KA1JL0;INF174KA1JM8;15.73;;;21-Jan-2026
152169;Kotak Consumption Fund - Direct plan - Growth Option;INF174KA1PP8;;13.715;;;21-Jan-2026
152172;Kotak Consumption Fund - Direct plan - IDCW Option;INF174KA1PQ6;INF174KA1PR4;13.714;;;21-Jan-2026
152170;Kotak Consumption Fund - Regular plan - Growth Option;INF174KA1PM5;;13.244;;;21-Jan-2026
152171;Kotak Consumption Fund - Regular plan - IDCW Option;INF174KA1PN3;INF174KA1PO1;13.242;;;21-Jan-2026
153447;Kotak Energy Opportunities Fund-Direct-Growth;INF174KA1VX0;;9.632;;;21-Jan-2026
153448;Kotak Energy Opportunities Fund-Direct-IDCW-Payout & Reinvestment;INF174KA1VY8;INF174KA1VZ5;9.632;;;21-Jan-2026
153449;Kotak Energy Opportunities Fund-Regular-Growth;INF174KA1WA6;;9.524;;;21-Jan-2026
153450;Kotak Energy Opportunities Fund-Regular-IDCW-Payout & Reinvestment;INF174KA1WB4;INF174KA1WC2;9.524;;;21-Jan-2026
148606;Kotak ESG Exclusionary Strategy Fund - Direct Plan - Growth Option;INF174KA1FI4;;18.705;;;21-Jan-2026
148605;Kotak ESG Exclusionary Strategy Fund - Direct Plan - Payout of Income Distribution cum capital withdrawal option;INF174KA1FH6;INF174KA1FJ2;18.706;;;21-Jan-2026
148602;Kotak ESG Exclusionary Strategy Fund - Regular Plan - Growth Option;INF174KA1FF0;;17.235;;;21-Jan-2026
148603;Kotak ESG Exclusionary Strategy Fund - Regular Plan - Payout of Income Distribution cum capital withdrawal option;INF174KA1FE3;INF174KA1FG8;17.234;;;21-Jan-2026
152214;Kotak Healthcare Fund - Direct Plan - Growth Option;INF174KA1PZ7;;13.071;;;21-Jan-2026
152215;Kotak Healthcare Fund - Direct Plan - IDCW Option;INF174KA1QA8;INF174KA1QB6;13.07;;;21-Jan-2026
152216;Kotak Healthcare Fund - Regular Plan - Growth Option;INF174KA1PW4;;12.625;;;21-Jan-2026
152213;Kotak Healthcare Fund - Regular Plan - IDCW Option;INF174KA1PX2;INF174KA1PY0;12.629;;;21-Jan-2026
133796;Kotak Infrastructure & Economic Reform Fund - Standard Plan-Growth;INF178L01095;;61.134;;;21-Jan-2026
133799;Kotak Infrastructure & Economic Reform Fund - Standard Plan-Payout of Income Distribution cum capital withdrawal option;INF178L01079;INF178L01087;48.893;;;21-Jan-2026
133801;Kotak Infrastructure & Economic Reform Fund- Direct Plan- Growth Option;INF178L01AL9;;72.635;;;21-Jan-2026
133800;Kotak Infrastructure & Economic Reform Fund- Direct Plan- Payout of Income Distribution cum capital withdrawal option;INF178L01AK1;INF178L01AJ3;71.804;;;21-Jan-2026
149841;Kotak Manufacture in India Fund - Direct Plan Growth;INF174KA1IF4;;20.12;;;21-Jan-2026
149842;Kotak Manufacture in India Fund - Direct Plan IDCW Option;INF174KA1IG2;INF174KA1IH0;20.12;;;21-Jan-2026
149840;Kotak Manufacture in India Fund - Regular Plan Growth;INF174KA1IC1;;18.921;;;21-Jan-2026
149843;Kotak Manufacture in India Fund - Regular Plan IDCW Option;INF174KA1ID9;INF174KA1IE7;18.921;;;21-Jan-2026
152910;Kotak MNC Fund-Direct Plan-Growth;INF174KA1TG9;;10.428;;;21-Jan-2026
152911;Kotak MNC Fund-Direct Plan-IDCW Option;INF174KA1TH7;INF174KA1TI5;10.429;;;21-Jan-2026
152913;Kotak MNC Fund-Regular Plan- Growth;INF174KA1TJ3;;10.243;;;21-Jan-2026
152912;KotaK MNC Fund-Regular Plan-IDCW OPTION;INF174KA1TK1;INF174KA1TL9;10.243;;;21-Jan-2026
151881;Kotak Quant Fund - Direct Plan - Growth Option;INF174KA1OL0;;14.952;;;21-Jan-2026
151880;Kotak Quant Fund - Direct plan - IDCW Payout;INF174KA1OM8;INF174KA1ON6;14.953;;;21-Jan-2026
151878;Kotak Quant Fund - Regular Plan - Growth Option;INF174KA1OI6;;14.826;;;21-Jan-2026
151879;Kotak Quant Fund - Regular Plan - IDCW Payout;INF174KA1OJ4;INF174KA1OK2;14.713;;;21-Jan-2026
153970;Kotak Rural Opportunities Fund - Direct Plan - Growth;INF174KA1XW8;;9.827;;;21-Jan-2026
153967;Kotak Rural Opportunities Fund - Direct Plan - IDCW Divdend - Payouout & Reinvestment;INF174KA1XX6;INF174KA1XY4;9.827;;;21-Jan-2026
153969;Kotak Rural Opportunities Fund - Regular Plan - Growth;INF174KA1XZ1;;9.805;;;21-Jan-2026
153968;Kotak Rural Opportunities Fund - Regular Plan - IDCW Dividend - Payout & Reinvestment;INF174KA1YA2;INF174KA1YB0;9.805;;;21-Jan-2026
152702;Kotak Special Opportunities Fund - Direct Plan - Growth Option;INF174KA1SF3;;9.497;;;21-Jan-2026
152704;Kotak Special Opportunities Fund - Direct Plan - IDCW Payout Option;INF174KA1SG1;;9.497;;;21-Jan-2026
152703;Kotak Special Opportunities Fund - Regular Plan - Growth Option;INF174KA1SC0;;9.293;;;21-Jan-2026
152700;Kotak Special Opportunities Fund - Regular Plan - IDCW Option;INF174KA1SD8;INF174KA1SE6;9.292;;;21-Jan-2026
153117;Kotak Transportation & Logistics Fund-Direct -IDCW-PAYOUT & REINVESTMENT;INF174KA1TT2;INF174KA1TU0;11.266;;;21-Jan-2026
153118;Kotak Transportation & Logistics Fund-Direct Growth;INF174KA1TS4;;11.267;;;21-Jan-2026
153116;Kotak Transportation & Logistics Fund-Regular-Growth;INF174KA1TV8;;11.072;;;21-Jan-2026
153119;Kotak Transportation & Logistics Fund-Regular-IDCW Payout & Reinvestment;INF174KA1TW6;INF174KA1TX4;11.073;;;21-Jan-2026

LIC Mutual Fund
134017;LIC MF Banking and Financial Services Fund-Direct Plan-Growth;INF767K01NK6;;24.8689;;;21-Jan-2026
133908;LIC MF Banking and Financial Services Fund-Direct Plan-IDCW;INF767K01NJ8;INF767K01NL4;24.6996;;;21-Jan-2026
134016;LIC MF Banking and Financial Services Fund-Regular Plan-Growth;INF767K01NH2;;21.8893;;;21-Jan-2026
134015;LIC MF Banking and Financial Services Fund-Regular Plan-IDCW;INF767K01NG4;INF767K01NI0;21.8855;;;21-Jan-2026
153948;LIC MF Consumption Fund-Direct Plan-Growth;INF767K01SD0;;9.4337;;;21-Jan-2026
153949;LIC MF Consumption Fund-Direct Plan-IDCW;INF767K01SF5;INF767K01SE8;9.4337;;;21-Jan-2026
153950;LIC MF Consumption Fund-Regular Plan-Growth;INF767K01SA6;;9.4056;;;21-Jan-2026
153951;LIC MF Consumption Fund-Regular Plan-IDCW;INF767K01SC2;INF767K01SB4;9.4056;;;21-Jan-2026
152024;LIC MF Healthcare Fund-Direct Plan-Growth;INF397L01LK4;;30.2953;;;21-Jan-2026
152023;LIC MF Healthcare Fund-Direct Plan-IDCW;INF397L01LH0;INF397L01LI8;30.2866;;;21-Jan-2026
152025;LIC MF Healthcare Fund-Regular Plan-Growth;INF397L01LG2;;27.5808;;;21-Jan-2026
152026;LIC MF Healthcare Fund-Regular Plan-IDCW;INF397L01LD9;INF397L01LE7;27.5813;;;21-Jan-2026
120351;LIC MF Infrastructure Fund-Direct Plan-Growth;INF767K01GW5;;52.6791;;;21-Jan-2026
120350;LIC MF Infrastructure Fund-Direct Plan-IDCW;INF767K01GV7;INF767K01GX3;51.725;;;21-Jan-2026
107763;LIC MF Infrastructure Fund-Regular Plan-Growth;INF767K01501;;45.7595;;;21-Jan-2026
107764;LIC MF Infrastructure Fund-Regular Plan-IDCW;INF767K01485;INF767K01493;45.7606;;;21-Jan-2026
152920;LIC MF Manufacturing Fund-Direct Plan-Growth;INF767K01RR2;;9.4134;;;21-Jan-2026
152921;LIC MF Manufacturing Fund-Direct Plan-IDCW;INF767K01RT8;INF767K01RS0;9.4134;;;21-Jan-2026
152922;LIC MF Manufacturing Fund-Regular Plan-Growth;INF767K01RO9;;9.2115;;;21-Jan-2026
152923;LIC MF Manufacturing Fund-Regular Plan-IDCW;INF767K01RQ4;INF767K01RP6;9.2115;;;21-Jan-2026

Mahindra Manulife Mutual Fund
152045;Mahindra Manulife Business Cycle Fund - Direct Plan - Growth;INF174V01BQ4;;15.5281;;;21-Jan-2026
152048;Mahindra Manulife Business Cycle Fund - Direct Plan - IDCW;INF174V01BR2;INF174V01BS0;14.3426;;;21-Jan-2026
152047;Mahindra Manulife Business Cycle Fund - Regular Plan - IDCW;INF174V01BO9;INF174V01BP6;13.7398;;;21-Jan-2026
152046;Mahindra Manulife Business Cycle Fund-  Regular Plan - Growth;INF174V01BN1;;14.9081;;;21-Jan-2026
145357;Mahindra Manulife Consumption Fund - Direct Plan - IDCW;INF174V01689;INF174V01671;18.8744;;;21-Jan-2026
145356;Mahindra Manulife Consumption Fund - Direct Plan -Growth;INF174V01663;;24.4257;;;21-Jan-2026
145358;Mahindra Manulife Consumption Fund - Regular Plan - IDCW;INF174V01655;INF174V01648;16.2827;;;21-Jan-2026
145355;Mahindra Manulife Consumption Fund- Regular Plan - Growth;INF174V01630;;21.6006;;;21-Jan-2026
152672;Mahindra Manulife Manufacturing Fund - Direct Plan - Growth;INF174V01CC2;;9.6483;;;21-Jan-2026
152670;Mahindra Manulife Manufacturing Fund - Direct Plan - IDCW;INF174V01CD0;INF174V01CE8;9.6483;;;21-Jan-2026
152671;Mahindra Manulife Manufacturing Fund - Regular Plan - Growth;INF174V01BZ5;;9.4084;;;21-Jan-2026
152669;Mahindra Manulife Manufacturing Fund - Regular Plan - IDCW;INF174V01CA6;INF174V01CB4;9.4084;;;21-Jan-2026
153674;Mahindra Manulife Banking & Financial Services Fund - Direct - Growth;INF174V01CO7;;10.6234;;;21-Jan-2026
153672;Mahindra Manulife Banking & Financial Services Fund - Direct - IDCW;INF174V01CQ2;INF174V01CP4;10.6234;;;21-Jan-2026
153675;Mahindra Manulife Banking & Financial Services Fund - Regular - Growth;INF174V01CL3;;10.5248;;;21-Jan-2026
153673;Mahindra Manulife Banking & Financial Services Fund - Regular - IDCW;INF174V01CN9;INF174V01CM1;10.5248;;;21-Jan-2026

Mirae Asset Mutual Fund
148624;Mirae Asset Banking and Financial Services Fund Direct  IDCW;INF769K01GW1;INF769K01GY7;23.186;;;21-Jan-2026
148623;Mirae Asset Banking and Financial Services Fund Direct Growth;INF769K01GX9;;23.284;;;21-Jan-2026
148621;Mirae Asset Banking and Financial Services Fund Regular Growth;INF769K01GU5;;21.498;;;21-Jan-2026
148622;Mirae Asset Banking and Financial Services Fund Regular IDCW;INF769K01GT7;INF769K01GV3;21.525;;;21-Jan-2026
118837;Mirae Asset Great Consumer Fund - Direct Plan - Growth;INF769K01BL5;;106.710;;;21-Jan-2026
114931;Mirae Asset Great Consumer Fund - Regular Plan - Growth option;INF769K01135;;88.893;;;21-Jan-2026
118838;Mirae Asset Great Consumer Fund Direct IDCW;INF769K01BM3;INF769K01BN1;64.071;;;21-Jan-2026
114930;Mirae Asset Great Consumer Fund Regular IDCW;INF769K01150;INF769K01143;24.905;;;21-Jan-2026
143785;Mirae Asset Healthcare Fund -Regular Growth;INF769K01EA2;;36.388;;;21-Jan-2026
143783;Mirae Asset Healthcare Fund Direct Growth;INF769K01ED6;;40.868;;;21-Jan-2026
143784;Mirae Asset Healthcare Fund Direct IDCW;INF769K01EE4;INF769K01EF1;26.848;;;21-Jan-2026
143786;Mirae Asset Healthcare Fund Regular IDCW;INF769K01EB0;INF769K01EC8;23.361;;;21-Jan-2026
153983;Mirae Asset Infrastructure Fund - Direct Plan - Growth;INF769K01PV4;;9.546;;;21-Jan-2026
153984;Mirae Asset Infrastructure Fund - Direct Plan - IDCW;INF769K01PX0;INF769K01PW2;9.546;;;21-Jan-2026
153985;Mirae Asset Infrastructure Fund - Regular Plan - Growth;INF769K01PS0;;9.524;;;21-Jan-2026
153986;Mirae Asset Infrastructure Fund - Regular Plan - IDCW;INF769K01PU6;INF769K01PT8;9.525;;;21-Jan-2026

quant Mutual Fund
151791;quant BFSI Fund - Growth Option - Direct Plan;INF966L01BX0;;19.4901;;;21-Jan-2026
151788;quant BFSI Fund - Growth Option - Regular Plan;INF966L01CA6;;18.6918;;;21-Jan-2026
151790;quant BFSI Fund - IDCW Option - Direct Plan;INF966L01BY8;INF966L01BZ5;19.5123;;;21-Jan-2026
151789;quant BFSI Fund - IDCW Option - Regular Plan;INF966L01CB4;INF966L01CC2;18.6904;;;21-Jan-2026
151757;quant Business Cycle Fund - Growth Option - Direct Plan;INF966L01BR2;;15.4026;;;21-Jan-2026
151758;quant Business Cycle Fund - Growth Option - Regular Plan;INF966L01BU6;;14.7817;;;21-Jan-2026
151759;quant Business Cycle Fund - IDCW Option - Direct Plan;INF966L01BS0;INF966L01BT8;15.3917;;;21-Jan-2026
151760;quant Business Cycle Fund - IDCW Option - Regular Plan;INF966L01BV4;INF966L01BW2;14.7958;;;21-Jan-2026
152255;quant Commodities Fund - Growth Option - Direct Plan;INF966L01DF3;;12.7165;;;21-Jan-2026
152256;quant Commodities Fund - Growth Option - Regular Plan;INF966L01DC0;;12.3237;;;21-Jan-2026
152257;quant Commodities Fund - IDCW Option - Direct Plan;INF966L01DG1;INF966L01DH9;12.7125;;;21-Jan-2026
152258;quant Commodities Fund - IDCW Option - Regular Plan;INF966L01DD8;INF966L01DE6;12.3218;;;21-Jan-2026
152336;quant Consumption Fund - Growth Option - Direct Plan;INF966L01DN7;;9.3339;;;21-Jan-2026
152338;quant Consumption Fund - Growth Option - Regular Plan;INF966L01DI7;;9.05;;;21-Jan-2026
152339;quant Consumption Fund - IDCW Option - Direct Plan;INF966L01DO5;INF966L01DP2;9.3384;;;21-Jan-2026
152337;quant Consumption Fund - IDCW Option - Regular Plan;INF966L01DL1;INF966L01DM9;9.0536;;;21-Jan-2026
148564;quant ESG Integration Strategy Fund - Growth Option - Direct Plan;INF966L01AD4;;34.3318;;;21-Jan-2026
148560;quant ESG Integration Strategy Fund - Growth Option - Regular Plan;INF966L01AB8;;31.6752;;;21-Jan-2026
148563;quant ESG Integration Strategy Fund - IDCW Option - Direct Plan;INF966L01AE2;INF966L01AG7;34.2897;;;21-Jan-2026
148561;quant ESG Integration Strategy Fund - IDCW Option - Regular Plan;INF966L01AC6;INF966L01AF9;31.5215;;;21-Jan-2026
151853;quant Healthcare Fund - Growth Option - Direct Plan;INF966L01CD0;;14.5926;;;21-Jan-2026
151855;quant Healthcare Fund - Growth Option - Regular Plan;INF966L01CG3;;14.0042;;;21-Jan-2026
151854;quant Healthcare Fund - IDCW Option - Direct Plan;INF966L01CE8;INF966L01CF5;14.5913;;;21-Jan-2026
151856;quant Healthcare Fund - IDCW Option - Regular Plan;INF966L01CH1;INF966L01CI9;14.0035;;;21-Jan-2026
106170;quant Infrastructure Fund - Growth Option;INF966L01523;;34.5741;;;21-Jan-2026
120833;quant Infrastructure Fund - Growth Option-Direct Plan;INF966L01721;;38.1814;;;21-Jan-2026
120832;quant Infrastructure Fund - IDCW Option - Direct Plan;INF966L01705;INF966L01713;38.1512;;;21-Jan-2026
106169;quant Infrastructure Fund - IDCW Option - Regular Plan;INF966L01507;INF966L01515;34.4962;;;21-Jan-2026
151916;quant Manufacturing Fund - Growth Option - Direct Plan;INF966L01CJ7;;13.836;;;21-Jan-2026
151913;quant Manufacturing Fund - Growth Option - Regular Plan;INF966L01CN9;;13.3231;;;21-Jan-2026
151914;quant Manufacturing Fund - IDCW Option - Direct Plan;INF966L01CK5;INF966L01CL3;13.8328;;;21-Jan-2026
151915;quant Manufacturing Fund - IDCW Option - Regular Plan;INF966L01CO7;INF966L01CP4;13.4248;;;21-Jan-2026
152189;quant Momentum Fund - Growth Option - Direct Plan;INF966L01CZ3;;14.1391;;;21-Jan-2026
152190;quant Momentum Fund - Growth Option - Regular Plan;INF966L01CW0;;13.7456;;;21-Jan-2026
152192;quant Momentum Fund - IDCW Option - Direct Plan;INF966L01DA4;INF966L01DB2;14.1251;;;21-Jan-2026
152191;quant Momentum Fund - IDCW Option - Regular Plan;INF966L01CX8;INF966L01CY6;13.702;;;21-Jan-2026
152415;quant PSU Fund - Growth Option - Direct Plan;INF966L01DT4;;9.6955;;;21-Jan-2026
152413;quant PSU Fund - Growth Option - Regular Plan;INF966L01DQ0;;9.4345;;;21-Jan-2026
152416;quant PSU Fund - IDCW Option - Direct Plan;INF966L01DU2;INF966L01DV0;9.7014;;;21-Jan-2026
152414;quant PSU Fund - IDCW Option - Regular Plan;INF966L01DR8;INF966L01DS6;9.4341;;;21-Jan-2026
148925;quant Quantamental Fund - Growth Option - Direct Plan;INF966L01AK9;;24.1305;;;21-Jan-2026
148923;quant Quantamental Fund - Growth Option - Regular Plan;INF966L01AH5;;22.4362;;;21-Jan-2026
148924;quant Quantamental Fund - IDCW Option - Direct Plan;INF966L01AL7;INF966L01AM5;24.2636;;;21-Jan-2026
148922;quant Quantamental Fund - IDCW Option - Regular Plan;INF966L01AI3;INF966L01AJ1;22.4621;;;21-Jan-2026
152067;quant Teck Fund - Growth Option - Direct Plan;INF966L01CT6;;10.855;;;21-Jan-2026
152070;quant Teck Fund - Growth Option - Regular Plan;INF966L01CQ2;;10.4535;;;21-Jan-2026
152068;quant Teck Fund - IDCW Option - Direct Plan;INF966L01CU4;INF966L01CV2;10.8495;;;21-Jan-2026
152069;quant Teck Fund - IDCW Option - Regular Plan;INF966L01CR0;INF966L01CS8;10.455;;;21-Jan-2026

SBI Mutual Fund
152657;SBI Automotive Opportunities Fund - Direct Plan - Growth;INF200KB1183;;10.9094;;;21-Jan-2026
152655;SBI Automotive Opportunities Fund - Direct Plan - Income Distribution Cum Capital Withdrawal Option;INF200KB1191;INF200KB1209;10.9091;;;21-Jan-2026
152658;SBI Automotive Opportunities Fund - Regular Plan - Growth;INF200KB1159;;10.7088;;;21-Jan-2026
152656;SBI Automotive Opportunities Fund - Regular Plan - Income Distribution Cum Capital Withdrawal Option;INF200KB1167;INF200KB1175;10.7090;;;21-Jan-2026
133859;SBI BANKING & FINANCIAL SERVICES FUND - DIRECT PLAN - GROWTH;INF200KA1507;;50.6832;;;21-Jan-2026
133857;SBI Banking & Financial Services Fund - Direct Plan - Income Distribution cum Capital Withdrawal Option (IDCW);INF200KA1515;INF200KA1523;45.3031;;;21-Jan-2026
133858;SBI BANKING & FINANCIAL SERVICES FUND - REGULAR PLAN - GROWTH;INF200KA1473;;45.1552;;;21-Jan-2026
133860;SBI Banking & Financial Services Fund - Regular Plan - Income Distribution cum Capital Withdrawal Option (IDCW);INF200KA1481;INF200KA1499;40.5518;;;21-Jan-2026
119705;SBI COMMA Fund - DIRECT PLAN - Growth;INF200K01SB6;;116.4385;;;21-Jan-2026
119613;SBI Comma Fund - Direct Plan - Income Distribution cum Capital Withdrawal Option (IDCW);INF200K01RZ7;INF200K01SA8;66.2590;;;21-Jan-2026
103145;SBI COMMA Fund - REGULAR PLAN - Growth;INF200K01339;;107.2930;;;21-Jan-2026
103146;SBI Comma Fund - Regular Plan - Income Distribution cum Capital Withdrawal Option (IDCW);INF200K01313;INF200K01321;60.9007;;;21-Jan-2026
120575;SBI CONSUMPTION OPPORTUNITIES FUND - DIRECT PLAN - GROWTH;INF200K01RM5;;332.6481;;;21-Jan-2026
119730;SBI Consumption Opportunities Fund - Direct Plan - Income Distribution cum Capital Withdrawal Option (IDCW);INF200K01RK9;INF200K01RL7;234.1810;;;21-Jan-2026
120576;SBI CONSUMPTION OPPORTUNITIES FUND - REGULAR - GROWTH;INF200K01VR6;;290.0075;;;21-Jan-2026
100645;SBI Consumption Opportunities Fund - Regular Plan - Income Distribution cum Capital Withdrawal Option (IDCW);INF200K01404;INF200K01412;174.6044;;;21-Jan-2026
152417;SBI Energy Opportunities Fund - Direct Plan - Growth;INF200KB1126;;10.4265;;;21-Jan-2026
152420;SBI Energy Opportunities Fund - Direct Plan - Income Distribution Cum Capital Withdrawal Option;INF200KB1134;INF200KB1142;10.4263;;;21-Jan-2026
152418;SBI Energy Opportunities Fund - Regular Plan - Growth;INF200KB1092;;10.2100;;;21-Jan-2026
152419;SBI Energy Opportunities Fund - Regular Plan - Income Distribution Cum Capital Withdrawal Option;INF200KB1100;INF200KB1118;10.2102;;;21-Jan-2026
146643;SBI Equity Minimum Variance Fund - Direct Plan - Growth;INF200KA1A71;;24.3321;;;21-Jan-2026
146642;SBI Equity Minimum Variance Fund - Direct Plan - Income Distribution cum Capital Withdrawal Option (IDCW);INF200KA1A89;INF200KA1A97;24.3306;;;21-Jan-2026
146644;SBI Equity Minimum Variance Fund - Regular Plan - Growth;INF200KA1A48;;23.7382;;;21-Jan-2026
146641;SBI Equity Minimum Variance Fund - Regular Plan - Income Distribution cum Capital Withdrawal Option (IDCW);INF200KA1A55;INF200KA1A63;23.7419;;;21-Jan-2026
119708;SBI ESG Exclusionary Strategy Fund - Direct Plan - Income Distribution cum Capital Withdrawal Option (IDCW);INF200K01SC4;INF200K01SD2;93.8728;;;21-Jan-2026
119709;SBI ESG Exclusionary Strategy Fund - Direct Plan -Growth;INF200K01SE0;;261.4872;;;21-Jan-2026
104523;SBI ESG Exclusionary Strategy Fund - Regular Plan - Growth;INF200K01214;;237.9307;;;21-Jan-2026
101295;SBI ESG Exclusionary Strategy Fund - Regular Plan - Income Distribution cum Capital Withdrawal Option (IDCW);INF200K01198;INF200K01206;74.4116;;;21-Jan-2026
119700;SBI INFRASTRUCTURE FUND -  DIRECT PLAN - GROWTH;INF200K01RS2;;50.8781;;;21-Jan-2026
106096;SBI INFRASTRUCTURE FUND -  REGULAR PLAN - GROWTH;INF200K01CT2;;46.9095;;;21-Jan-2026
119695;SBI Infrastructure Fund - Direct Plan - Income Distribution cum Capital Withdrawal Option (IDCW);INF200K01RQ6;INF200K01RR4;45.0278;;;21-Jan-2026
106095;SBI Infrastructure Fund - Regular Plan - Income Distribution cum Capital Withdrawal Option (IDCW);INF200K01CU0;INF200K01CV8;41.7298;;;21-Jan-2026
152776;SBI Innovative Opportunities Fund - Direct Plan - Growth;INF200KB1324;;9.3486;;;21-Jan-2026
152777;SBI Innovative Opportunities Fund - Direct Plan - Income Distribution Cum Capital Withdrawal Option;INF200KB1332;INF200KB1340;9.3486;;;21-Jan-2026
152774;SBI Innovative Opportunities Fund - Regular Plan - Growth;INF200KB1290;;9.1999;;;21-Jan-2026
152775;SBI Innovative Opportunities Fund - Regular Plan - Income Distribution Cum Capital Withdrawal Option;INF200KB1308;INF200KB1316;9.2003;;;21-Jan-2026
119710;SBI MNC Fund - Direct Plan - Income Distribution cum Capital Withdrawal Option (IDCW);INF200K01SL5;INF200K01SM3;133.1720;;;21-Jan-2026
119711;SBI MNC FUND - DIRECT PLAN -GROWTH;INF200K01SN1;;373.0674;;;21-Jan-2026
103114;SBI MNC Fund - Regular Plan - Income Distribution cum Capital Withdrawal Option (IDCW);INF200K01255;INF200K01263;103.0908;;;21-Jan-2026
103034;SBI MNC FUND - REGULAR PLAN -GROWTH;INF200K01271;;337.4581;;;21-Jan-2026
119732;SBI PSU Fund - DIRECT PLAN - GROWTH;INF200K01UY4;;37.0657;;;21-Jan-2026
119733;SBI PSU Fund - Direct Plan - Income Distribution cum Capital Withdrawal Option (IDCW);INF200K01UW8;INF200K01UX6;37.0115;;;21-Jan-2026
112923;SBI PSU Fund - Regular Plan - Income Distribution cum Capital Withdrawal Option (IDCW);INF200K01BD8;INF200K01BE6;33.4852;;;21-Jan-2026
113099;SBI PSU Fund - REGULAR PLAN -Growth;INF200K01BC0;;33.4891;;;21-Jan-2026
153154;SBI Quant Fund- Direct Plan- Growth;INF200KB1506;;10.4443;;;21-Jan-2026
153151;SBI Quant Fund- Direct Plan- Income Distribution cum Capital Withdrawal Option (IDCW);INF200KB1514;INF200KB1522;10.4442;;;21-Jan-2026
153153;SBI Quant Fund- Regular Plan- Growth;INF200KB1472;;10.3131;;;21-Jan-2026
153152;SBI Quant Fund- Regular Plan- Income Distribution Cum Capital Withdrawal Option (IDCW);INF200KB1480;INF200KB1498;10.3131;;;21-Jan-2026

Shriram Mutual Fund
153076;Shriram Multi Sector Rotation Fund - Direct Plan Growth Option;INF680P01455;;8.004;;;21-Jan-2026
153077;Shriram Multi Sector Rotation Fund - Regular Plan Growth Option;INF680P01463;;7.8519;;;21-Jan-2026

Sundaram Mutual Fund
152677;Sundaram Business Cycle Fund Direct Plan Growth;INF903JA1LQ6;;10.5743;;;21-Jan-2026
152676;Sundaram Business Cycle Fund Direct Plan IDCW Payout;INF903JA1LR4;;10.5743;;;21-Jan-2026
152673;Sundaram Business Cycle Fund Direct Plan IDCW Reinvestment;;INF903JA1LS2;10.5743;;;21-Jan-2026
152678;Sundaram Business Cycle Fund Regular Plan Growth;INF903JA1LN3;;10.3122;;;21-Jan-2026
152674;Sundaram Business Cycle Fund Regular Plan IDCW Payout;INF903JA1LO1;;10.3122;;;21-Jan-2026
152675;Sundaram Business Cycle Fund Regular Plan IDCW Reinvestment;;INF903JA1LP8;10.3122;;;21-Jan-2026
119595;Sundaram Consumption Fund (Formerly Known as Sundaram Rural and Consumption Fund Direct Plan - Growth);INF903J01NH5;;100.9955;;;21-Jan-2026
103743;Sundaram Consumption Fund (Formerly Known as Sundaram Rural and Consumption Fund Regular Plan - Income Distribution cum Capital Withdrawal (IDCW);INF903J01546;INF903J01553;25.8102;;;21-Jan-2026
119594;Sundaram Consumption Fund (Formerly Known asSundaram Rural and Consumption Fund Direct Plan - Income Distribution cum Capital Withdrawal (IDCW);INF903J01NF9;INF903J01NG7;28.9156;;;21-Jan-2026
102142;Sundaram Consumption Fund(Formerly Known as Sundaram Rural and Consumption Fund Regular Plan - Growth);INF903J01561;;91.7172;;;21-Jan-2026
119597;Sundaram Financial Services Opportunities Fund Direct Plan - Growth;INF903J01NB8;;123.4174;;;21-Jan-2026
119596;Sundaram Financial Services Opportunities Fund Direct Plan - Income Distribution cum Capital Withdrawal (IDCW);INF903J01MZ9;INF903J01NA0;36.3127;;;21-Jan-2026
109059;Sundaram Financial Services Opportunities Fund Regular Plan - Growth;INF903J01629;;108.6392;;;21-Jan-2026
109058;Sundaram Financial Services Opportunities Fund Regular Plan - Income Distribution cum Capital Withdrawal (IDCW);INF903J01603;INF903J01611;31.4191;;;21-Jan-2026
129212;Sundaram Infrastructure Advantage Fund Direct Plan - Growth;INF903J01F92;;97.5123;;;21-Jan-2026
129211;Sundaram Infrastructure Advantage Fund Direct Plan - Income Distribution cum Capital Withdrawal (IDCW);INF903J01G00;INF903J01G18;56.1448;;;21-Jan-2026
129213;Sundaram Infrastructure Advantage Fund Regular Plan - Growth;INF903J01F68;;90.9948;;;21-Jan-2026
129210;Sundaram Infrastructure Advantage Fund Regular Plan - Income Distribution cum Capital Withdrawal (IDCW);INF903J01F76;INF903J01F84;52.1119;;;21-Jan-2026
153669;Sundaram Multi-Factor Fund - Direct - Growth;INF903JA1LV6;;10.2015;;;21-Jan-2026
153670;Sundaram Multi-Factor Fund - Direct - IDCW Payout;INF903JA1LU8;;10.2015;;;21-Jan-2026
153666;Sundaram Multi-Factor Fund - Direct - IDCW Reinvestment;;INF903JA1LT0;10.2015;;;21-Jan-2026
153667;Sundaram Multi-Factor Fund - Regular - Growth;INF903JA1LY0;;10.1157;;;21-Jan-2026
153671;Sundaram Multi-Factor Fund - Regular - IDCW Payout;INF903JA1LX2;;10.1157;;;21-Jan-2026
153668;Sundaram Multi-Factor Fund - Regular - IDCW Reinvestment;;INF903JA1LW4;10.1157;;;21-Jan-2026

Taurus Mutual Fund
118868;Taurus Banking & Financial Services Fund - Direct Plan - Growth;INF044D01CN2;;59.81;;;21-Jan-2026
118869;Taurus Banking & Financial Services Fund - Direct Plan - Payout of Income Distribution cum Capital Withdrawal option;INF044D01CO0;INF044D01CP7;59.12;;;21-Jan-2026
117312;Taurus Banking & Financial Services Fund - Regular Plan - Growth;INF044D01BI4;;53.28;;;21-Jan-2026
117313;Taurus Banking & Financial Services Fund - Regular Plan - Payout of Income Distribution cum Capital Withdrawal option;INF044D01BJ2;INF044D01BK0;47.70;;;21-Jan-2026
111903;Taurus Ethical Fund -  Regular Plan - Bonus Option;INF044D01823;;123.69;;;21-Jan-2026
118876;Taurus Ethical Fund - Direct Plan - Growth;INF044D01CJ0;;140.35;;;21-Jan-2026
118877;Taurus Ethical Fund - Direct Plan - Payout of Income Distribution cum Capital Withdrawal option;INF044D01CK8;INF044D01CL6;94.21;;;21-Jan-2026
111787;Taurus Ethical Fund - Regular Plan - Growth;INF044D01864;;123.71;;;21-Jan-2026
111788;Taurus Ethical Fund - Regular Plan - Payout of Income Distribution cum Capital Withdrawal option;INF044D01831;INF044D01849;83.63;;;21-Jan-2026
118878;Taurus Ethical Fund-Direct Plan-Bonus Option #;INF044D01CM4;;45.99;;;21-Jan-2026
118879;Taurus Infrastructure Fund - Direct Plan - Growth ;INF044D01CD3;;67.86;;;21-Jan-2026
118880;Taurus Infrastructure Fund - Direct Plan - Payout of Income Distribution cum Capital Withdrawal option;INF044D01CE1;INF044D01CF8;63.20;;;21-Jan-2026
105417;Taurus Infrastructure Fund - Regular Plan - Growth;INF044D01906;;63.06;;;21-Jan-2026
105418;Taurus Infrastructure Fund - Regular Plan - Payout of Income Distribution cum Capital Withdrawal option;INF044D01872;INF044D01880;59.23;;;21-Jan-2026

WhiteOak Capital Mutual Fund
152321;WhiteOak Capital Banking & Financial Services Fund - Direct Growth;INF03VN01860;;13.210;;;21-Jan-2026
152322;WhiteOak Capital Banking & Financial Services Fund - Regular Growth;INF03VN01852;;12.771;;;21-Jan-2026
152915;WhiteOak Capital Digital Bharat Fund Direct Plan Growth;INF03VN01936;;10.465;;;21-Jan-2026
152914;WhiteOak Capital Digital Bharat Fund Regular Plan Growth;INF03VN01944;;10.235;;;21-Jan-2026
152962;WhiteOak Capital ESG Best-In-Class Strategy Fund Direct Plan Growth;INF03VN01951;;10.470;;;21-Jan-2026
152963;WhiteOak Capital ESG Best-In-Class Strategy Fund Regular Plan Growth;INF03VN01969;;10.247;;;21-Jan-2026
152349;WhiteOak Capital Pharma and Heathcare Fund Direct Plan Growth;INF03VN01886;;13.517;;;21-Jan-2026
152348;WhiteOak Capital Pharma and Heathcare Fund Regular Plan Growth;INF03VN01878;;13.062;;;21-Jan-2026
153189;WhiteOak Capital Quality Equity Fund Direct Plan Growth;INF03VN01977;;10.456;;;21-Jan-2026
153190;WhiteOak Capital Quality Equity Fund Regular Plan Growth;INF03VN01985;;10.280;;;21-Jan-2026
152644;WhiteOak Capital Special Opportunities Fund - Direct Growth;INF03VN01902;;13.042;;;21-Jan-2026
152643;WhiteOak Capital Special Opportunities Fund - Regular Growth;INF03VN01894;;12.642;;;21-Jan-2026

Open Ended Schemes ( Equity Scheme - ELSS )


Bajaj Finserv Mutual Fund
153201;BAJAJ FINSERV ELSS TAX SAVER FUND - DIRECT - GROWTH;INF0QA701AK0;;11.050;;;21-Jan-2026
153203;BAJAJ FINSERV ELSS TAX SAVER FUND - DIRECT - IDCW;INF0QA701AL8;;11.050;;;21-Jan-2026
153202;BAJAJ FINSERV ELSS TAX SAVER FUND - REGULAR - GROWTH;INF0QA701AI4;;10.857;;;21-Jan-2026
153200;BAJAJ FINSERV ELSS TAX SAVER FUND - REGULAR - IDCW;INF0QA701AJ2;;10.857;;;21-Jan-2026

Bank of India Mutual Fund
119351;BANK OF INDIA ELSS Tax Saver -Direct Plan- Growth;INF761K01884;;180.92;;;21-Jan-2026
119352;BANK OF INDIA ELSS Tax Saver -Direct Plan-IDCW;INF761K01876;INF761K01868;72.25;;;21-Jan-2026
111709;BANK OF INDIA ELSS Tax Saver -ECO Plan-Growth;INF761K01157;;167.22;;;21-Jan-2026
111711;BANK OF INDIA ELSS Tax Saver -ECO Plan-IDCW;INF761K01132;INF761K01140;27.76;;;21-Jan-2026
111710;BANK OF INDIA ELSS Tax Saver -Regular Plan- Growth;INF761K01181;;154.40;;;21-Jan-2026
111708;BANK OF INDIA ELSS Tax Saver -Regular Plan-IDCW;INF761K01165;INF761K01173;29.74;;;21-Jan-2026

Baroda BNP Paribas Mutual Fund
150159;BARODA BNP PARIBAS ELSS Tax Saver Fund - Direct Plan - Growth Option;INF251K01HF3;;108.9584;;;21-Jan-2026
150158;BARODA BNP PARIBAS ELSS Tax Saver Fund - Direct Plan - IDCW Option;INF251K01HH9;INF251K01HG1;29.4537;;;21-Jan-2026
150156;BARODA BNP PARIBAS ELSS Tax Saver Fund - Regular - Growth Option;INF251K01985;;96.0780;;;21-Jan-2026
150157;BARODA BNP PARIBAS ELSS Tax Saver Fund- Regular - IDCW Option;INF251K01AA9;INF251K01993;23.0663;;;21-Jan-2026

DSP Mutual Fund
119242;DSP ELSS Tax Saver Fund - Direct Plan - Growth;INF740K01OK1;;157.058;;;21-Jan-2026
119241;DSP ELSS Tax Saver Fund - Direct Plan - IDCW;INF740K01OL9;INF740K01OM7;94.276;;;21-Jan-2026
104772;DSP ELSS Tax Saver Fund - Regular Plan - Growth;INF740K01185;;140.751;;;21-Jan-2026
104773;DSP ELSS Tax Saver Fund - Regular Plan - IDCW;INF740K01169;INF740K01177;23.538;;;21-Jan-2026

Franklin Templeton Mutual Fund
118540;Franklin India ELSS Tax Saver Fund - Direct - Growth;INF090I01JS8;;1610.5007;;;21-Jan-2026
118541;Franklin India ELSS Tax Saver Fund - Direct - IDCW;INF090I01JT6;INF090I01JU4;75.8951;;;21-Jan-2026
100525;Franklin India ELSS Tax Saver Fund - IDCW;INF090I01783;INF090I01791;65.2104;;;21-Jan-2026
100526;Franklin India ELSS Tax Saver Fund-Growth;INF090I01775;;1438.6931;;;21-Jan-2026

Groww Mutual Fund
141807;Groww ELSS Tax Saver Fund (formerly known as Indiabulls Tax Savings Fund)- Direct Plan- Dividend Option;INF666M01DL5;;22.07;;;21-Jan-2026
141808;Groww ELSS Tax Saver Fund (formerly known as Indiabulls Tax Savings Fund)- Direct Plan- Growth Option;INF666M01DK7;;22.1;;;21-Jan-2026
141810;Groww ELSS Tax Saver Fund (formerly known as Indiabulls Tax Savings Fund)- Regular Plan- - Income Distribution cum capital withdrawal Option (Payout);INF666M01DO9;;19.34;;;21-Jan-2026
141862;Groww ELSS Tax Saver Fund (formerly known as Indiabulls Tax Savings Fund)-Regular Plan-Growth Option;INF666M01DN1;;19.33;;;21-Jan-2026

ICICI Prudential Mutual Fund
120592;ICICI Prudential ELSS Tax Saver Fund - Direct Plan - Growth;INF109K01Y31;;1026.86;;;21-Jan-2026
120593;ICICI Prudential ELSS Tax Saver Fund - Direct Plan - IDCW;INF109K01Y15;INF109K01Y23;45.55;;;21-Jan-2026
100354;ICICI Prudential ELSS Tax Saver Fund - Growth;INF109K01464;;922.14;;;21-Jan-2026
100353;ICICI Prudential ELSS Tax Saver Fund - IDCW;INF109K01FN1;INF109K01472;22.46;;;21-Jan-2026

ITI Mutual Fund
147541;ITI ELSS Tax Saver Fund - Direct Plan - Growth Option;INF00XX01390;;25.9745;;;21-Jan-2026
147542;ITI ELSS Tax Saver Fund - Direct Plan - IDCW Option;INF00XX01408;;23.9516;;;21-Jan-2026
147544;ITI ELSS Tax Saver Fund - Regular Plan - Growth Option;INF00XX01374;;22.9323;;;21-Jan-2026
147543;ITI ELSS Tax Saver Fund - Regular Plan - IDCW Option;INF00XX01382;;21.0435;;;21-Jan-2026

JM Financial Mutual Fund
120494;JM ELSS Tax Saver Fund (Direct) - Growth Option;INF192K01CE3;;54.2012;;;21-Jan-2026
120493;JM ELSS Tax Saver Fund (Direct) - IDCW;INF192K01CD5;;52.8649;;;21-Jan-2026
107288;JM ELSS Tax Saver Fund (Regular) - Growth option;INF192K01650;;47.1409;;;21-Jan-2026
107287;JM ELSS Tax Saver Fund (Regular) - IDCW;INF192K01643;;47.1402;;;21-Jan-2026

Kotak Mahindra Mutual Fund
103339;Kotak ELSS Tax Saver Fund-Growth;INF174K01369;;113.209;;;21-Jan-2026
119773;Kotak ELSS Tax Saver Fund-Growth - Direct;INF174K01LI3;;133.377;;;21-Jan-2026
103338;Kotak ELSS Tax Saver Fund-Payout of Income Distribution cum capital withdrawal option;INF174K01385;;42.368;;;21-Jan-2026
119772;Kotak ELSS Tax Saver Fund-Payout of Income Distribution cum capital withdrawal option - Direct;INF174K01LJ1;;55.871;;;21-Jan-2026

LIC Mutual Fund
120270;LIC MF ELSS Tax Saver-Direct Plan-Growth;INF767K01EM1;;169.2447;;;21-Jan-2026
120269;LIC MF ELSS Tax Saver-Direct Plan-IDCW;INF767K01EL3;INF767K01EN9;37.3741;;;21-Jan-2026
100865;LIC MF ELSS Tax Saver-Regular Plan-Growth;INF767K01956;;147.3636;;;21-Jan-2026
100864;LIC MF ELSS Tax Saver-Regular Plan-IDCW;INF767K01931;INF767K01949;30.8496;;;21-Jan-2026
134878;LIC MF ULIS (10 Yrs. Regular Premium Reducing Cover Half-Yearly)-Direct Plan-IDCW Reinvestment;;INF767K01DR2;39.1652;;;21-Jan-2026
134865;LIC MF ULIS (10 Yrs. Regular Premium Reducing Cover Half-Yearly)-Regular Plan-IDCW Reinvestment;;INF767K01998;35.0469;;;21-Jan-2026
134876;LIC MF ULIS (10 Yrs. Regular Premium Reducing Cover Monthly)-Direct Plan-IDCW Reinvestment;;INF767K01DQ4;39.1652;;;21-Jan-2026
134847;LIC MF ULIS (10 Yrs. Regular Premium Reducing Cover Monthly)-Regular Plan-IDCW Reinvestment;;INF767K01980;35.0469;;;21-Jan-2026
135976;LIC MF ULIS (10 Yrs. Regular Premium Reducing Cover Quarterly)-Direct Plan-IDCW Reinvestment;;INF767K01OY5;39.1652;;;21-Jan-2026
135979;LIC MF ULIS (10 Yrs. Regular Premium Reducing Cover Quarterly)-Regular Plan-IDCW Reinvestment;;INF767K01OV1;35.0469;;;21-Jan-2026
134877;LIC MF ULIS (10 Yrs. Regular Premium Reducing Cover Yearly)-Direct Plan-IDCW Reinvestment;;INF767K01DS0;39.1652;;;21-Jan-2026
134864;LIC MF ULIS (10 Yrs. Regular Premium Reducing Cover Yearly)-Regular Plan-IDCW Reinvestment;;INF767K01AA4;35.0469;;;21-Jan-2026
134879;LIC MF ULIS (10 Yrs. Regular Premium Uniform Cover Half-Yearly)-Direct Plan-IDCW Reinvestment;;INF767K01DU6;39.1652;;;21-Jan-2026
134867;LIC MF ULIS (10 Yrs. Regular Premium Uniform Cover Half-Yearly)-Regular Plan-IDCW Reinvestment;;INF767K01AC0;35.0469;;;21-Jan-2026
134881;LIC MF ULIS (10 Yrs. Regular Premium Uniform Cover Monthly)-Direct Plan-IDCW Reinvestment;;INF767K01DT8;39.1652;;;21-Jan-2026
134863;LIC MF ULIS (10 Yrs. Regular Premium Uniform Cover Monthly)-Regular Plan-IDCW Reinvestment;;INF767K01AB2;35.0469;;;21-Jan-2026
135977;LIC MF ULIS (10 Yrs. Regular Premium Uniform Cover Quarterly)-Direct Plan-IDCW Reinvestment;;INF767K01PB0;39.1652;;;21-Jan-2026
135983;LIC MF ULIS (10 Yrs. Regular Premium Uniform Cover Quarterly)-Regular Plan-IDCW Reinvestment;;INF767K01PA2;35.0469;;;21-Jan-2026
134880;LIC MF ULIS (10 Yrs. Regular Premium Uniform Cover Yearly)-Direct Plan-IDCW Reinvestment;;INF767K01DV4;39.1652;;;21-Jan-2026
134868;LIC MF ULIS (10 Yrs. Regular Premium Uniform Cover Yearly)-Regular Plan-IDCW Reinvestment;;INF767K01AD8;35.0469;;;21-Jan-2026
134875;LIC MF ULIS (10 Yrs. Single Premium)-Direct Plan-IDCW Reinvestment;;INF767K01DP6;39.1652;;;21-Jan-2026
134846;LIC MF ULIS (10 Yrs. Single Premium)-Regular Plan-IDCW Reinvestment;;INF767K01972;35.0469;;;21-Jan-2026
134882;LIC MF ULIS (15 Yrs. Regular Premium Reducing Cover Half-Yearly)-Direct Plan-IDCW Reinvestment;;INF767K01DX0;39.1652;;;21-Jan-2026
134870;LIC MF ULIS (15 Yrs. Regular Premium Reducing Cover Half-Yearly)-Regular Plan-IDCW Reinvestment;;INF767K01AF3;35.0469;;;21-Jan-2026
134884;LIC MF ULIS (15 Yrs. Regular Premium Reducing Cover Monthly)-Direct Plan-IDCW Reinvestment;;INF767K01DW2;39.1652;;;21-Jan-2026
134869;LIC MF ULIS (15 Yrs. Regular Premium Reducing Cover Monthly)-Regular Plan-IDCW Reinvestment;;INF767K01AE6;35.0469;;;21-Jan-2026
135978;LIC MF ULIS (15 Yrs. Regular Premium Reducing Cover Quarterly)-Direct Plan-IDCW Reinvestment;;INF767K01OX7;39.1652;;;21-Jan-2026
135981;LIC MF ULIS (15 Yrs. Regular Premium Reducing Cover Quarterly)-Regular Plan-IDCW Reinvestment;;INF767K01OU3;35.0469;;;21-Jan-2026
134883;LIC MF ULIS (15 Yrs. Regular Premium Reducing Cover Yearly)-Direct Plan-IDCW Reinvestment;;INF767K01DY8;39.1652;;;21-Jan-2026
134871;LIC MF ULIS (15 Yrs. Regular Premium Reducing Cover Yearly)-Regular Plan-IDCW Reinvestment;;INF767K01AG1;35.0469;;;21-Jan-2026
134885;LIC MF ULIS (15 Yrs. Regular Premium Uniform Cover Half-Yearly)-Direct Plan-IDCW Reinvestment;;INF767K01EA6;39.1652;;;21-Jan-2026
134873;LIC MF ULIS (15 Yrs. Regular Premium Uniform Cover Half-Yearly)-Regular Plan-IDCW Reinvestment;;INF767K01AI7;35.0469;;;21-Jan-2026
134887;LIC MF ULIS (15 Yrs. Regular Premium Uniform Cover Monthly)-Direct Plan-IDCW Reinvestment;;INF767K01DZ5;39.1652;;;21-Jan-2026
134872;LIC MF ULIS (15 Yrs. Regular Premium Uniform Cover Monthly)-Regular Plan-IDCW Reinvestment;;INF767K01AH9;35.0469;;;21-Jan-2026
135980;LIC MF ULIS (15 Yrs. Regular Premium Uniform Cover Quarterly)-Direct Plan-IDCW Reinvestment;;INF767K01OZ2;39.1652;;;21-Jan-2026
135982;LIC MF ULIS (15 Yrs. Regular Premium Uniform Cover Quarterly)-Regular Plan-IDCW Reinvestment;;INF767K01OW9;35.0469;;;21-Jan-2026
134886;LIC MF ULIS (15 Yrs. Regular Premium Uniform Cover Yearly)-Direct Plan-IDCW Reinvestment;;INF767K01EB4;39.1652;;;21-Jan-2026
134874;LIC MF ULIS (15Yrs. Regular Premium Uniform Cover Yearly)-Regular Plan-IDCW Reinvestment;;INF767K01AJ5;35.0469;;;21-Jan-2026
120259;LIC MF ULIS (5 Yrs. Single Premium)-Direct Plan-IDCW Reinvestment;;INF767K01DO9;39.1652;;;21-Jan-2026
100325;LIC MF ULIS (5 Yrs. Single Premium)-Regular Plan-IDCW Reinvestment;;INF767K01964;35.0469;;;21-Jan-2026

Mahindra Manulife Mutual Fund
139781;Mahindra Manulife ELSS Tax Saver Fund - Direct Plan -Growth;INF174V01093;;33.1473;;;21-Jan-2026
139780;Mahindra Manulife ELSS Tax Saver Fund - Regular Plan - IDCW;INF174V01085;;18.1661;;;21-Jan-2026
139782;Mahindra Manulife ELSS Tax Saver Fund- Direct Plan - IDCW;INF174V01101;;22.4309;;;21-Jan-2026
139783;Mahindra Manulife ELSS Tax Saver Fund- Regular Plan - Growth;INF174V01077;;28.0382;;;21-Jan-2026

Mirae Asset Mutual Fund
135781;Mirae Asset ELSS Tax Saver Fund - Direct Plan - Growth;INF769K01DM9;;55.551;;;21-Jan-2026
135782;Mirae Asset ELSS Tax Saver Fund - Direct Plan - IDCW;INF769K01DN7;;25.957;;;21-Jan-2026
135784;Mirae Asset ELSS Tax Saver Fund - Regular Plan - Growth;INF769K01DK3;;48.861;;;21-Jan-2026
135783;Mirae Asset ELSS Tax Saver Fund - Regular Plan - IDCW;INF769K01DL1;;21.930;;;21-Jan-2026

Navi Mutual Fund
135653;Navi ELSS Tax Saver Fund - Direct Plan IDCW Payout;INF959L01CE3;;33.5845;;;21-Jan-2026
135652;Navi ELSS Tax Saver Fund - Regular Plan IDCW Payout;INF959L01CG8;;28.4112;;;21-Jan-2026
135654;Navi ELSS Tax Saver Fund- Direct Plan- Growth Option;INF959L01CD5;;34.0103;;;21-Jan-2026
135655;Navi ELSS Tax Saver Fund- Regular Plan- Growth Option;INF959L01CF0;;28.4139;;;21-Jan-2026
151471;NAVI ELSS TAX SAVER NIFTY 50 INDEX FUND - DIRECT PLAN GROWTH;INF959L01GR6;;15.2035;;;21-Jan-2026
151473;NAVI ELSS TAX SAVER NIFTY 50 INDEX FUND - DIRECT PLAN IDCW PAYOUT;INF959L01GT2;;15.2104;;;21-Jan-2026
151472;NAVI ELSS TAX SAVER NIFTY 50 INDEX FUND - REGULAR PLAN GROWTH;INF959L01GS4;;14.791;;;21-Jan-2026
151474;NAVI ELSS TAX SAVER NIFTY 50 INDEX FUND - REGULAR PLAN IDCW PAYOUT;INF959L01GU0;;14.8495;;;21-Jan-2026

quant Mutual Fund
120847;quant ELSS Tax Saver Fund - Growth Option - Direct Plan;INF966L01986;;395.9276;;;21-Jan-2026
100175;quant ELSS Tax Saver Fund - Growth Option - Regular Plan;INF966L01135;;352.0214;;;21-Jan-2026
120846;quant ELSS Tax Saver Fund - IDCW Option - Direct Plan;INF966L01960;INF966L01127;52.7792;;;21-Jan-2026
100174;quant ELSS Tax Saver Fund - IDCW Option - Regular Plan;INF966L01119;;48.8822;;;21-Jan-2026

SBI Mutual Fund
119722;SBI ELSS Tax Saver Fund - Direct Plan - Income Distribution cum Capital Withdrawal Option (IDCW);INF200K01UK3;;116.9750;;;21-Jan-2026
119723;SBI ELSS Tax Saver FUND - DIRECT PLAN -GROWTH;INF200K01UM9;;472.2660;;;21-Jan-2026
103883;SBI ELSS Tax Saver Fund - Regular Plan - Income Distribution cum Capital Withdrawal Option (IDCW);INF200K01479;;88.3136;;;21-Jan-2026
105628;SBI ELSS Tax Saver FUND - REGULAR PLAN- GROWTH;INF200K01495;;435.5998;;;21-Jan-2026

Shriram Mutual Fund
145819;Shriram ELSS Tax Saver Fund - Direct Growth;INF680P01158;;23.4512;;;21-Jan-2026
145822;Shriram ELSS Tax Saver Fund - Direct- IDCW;INF680P01166;;23.2706;;;21-Jan-2026
145820;Shriram ELSS Tax Saver Fund - Regular Growth;INF680P01133;;20.7138;;;21-Jan-2026
145821;Shriram ELSS Tax Saver Fund - Regular-IDCW;INF680P01141;;20.7165;;;21-Jan-2026

Sundaram Mutual Fund
149571;Sundaram ELSS Tax Saver Fund Direct Plan - Income Distribution CUM Capital Withdrawal Option (IDCW);INF173K01NN1;;542.8275;;;21-Jan-2026
149570;Sundaram ELSS Tax Saver Fund Direct Plan Growth;INF173K01HZ7;;543.3805;;;21-Jan-2026
149569;Sundaram ELSS Tax Saver Fund Regular Growth;INF173K01361;;506.9077;;;21-Jan-2026
149572;Sundaram ELSS Tax Saver Fund Regular Plan - Income Distribution CUM Capital Withdrawal Option (IDCW);INF173K01NM3;;406.5103;;;21-Jan-2026

Taurus Mutual Fund
118866;Taurus ELSS Tax Saver Fund - Direct Plan - Growth;INF044D01CG6;INF044D01AA3;189.29;;;21-Jan-2026
118867;Taurus ELSS Tax Saver Fund - Direct Plan - Payout of Income Distribution cum Capital Withdrawal option;INF044D01CH4;INF044D01CI2;87.24;;;21-Jan-2026
100480;Taurus ELSS Tax Saver Fund - Regular Plan - Growth;INF044D01AC9;;173.10;;;21-Jan-2026
108402;Taurus ELSS Tax Saver Fund - Regular Plan - Payout of Income Distribution cum Capital Withdrawal option;INF044D01997;;81.09;;;21-Jan-2026

WhiteOak Capital Mutual Fund
150587;WhiteOak Capital ELSS Tax Saver Fund Direct Plan Growth;INF03VN01621;;17.972;;;21-Jan-2026
150586;WhiteOak Capital ELSS Tax Saver Fund Direct Plan IDCW;INF03VN01639;;17.972;;;21-Jan-2026
150589;WhiteOak Capital ELSS Tax Saver Fund Regular Plan Growth;INF03VN01647;;16.994;;;21-Jan-2026
150588;WhiteOak Capital ELSS Tax Saver Fund Regular Plan IDCW;INF03VN01654;;16.994;;;21-Jan-2026

Open Ended Schemes ( Debt Scheme - Overnight Fund )


Bajaj Finserv Mutual Fund
153437;Bajaj Finserv Overnight Fund - Direct - Unclaimed less than 3 years IDCW Plan;INF0QA701AE3;;1040.1724;;;21-Jan-2026
153438;Bajaj Finserv Overnight Fund - Direct - Unclaimed less than 3 years Redemption Plan;INF0QA701AF0;;1046.5740;;;21-Jan-2026
151843;Bajaj Finserv Overnight Fund - Direct Plan - Daily - IDCW;;INF0QA701185;1033.1412;;;21-Jan-2026
151850;Bajaj Finserv Overnight Fund - Direct Plan - Fortnightly - IDCW;INF0QA701235;INF0QA701201;1034.4911;;;21-Jan-2026
151849;Bajaj Finserv Overnight Fund - Direct Plan - Growth;INF0QA701177;;1170.5539;;;21-Jan-2026
151845;Bajaj Finserv Overnight Fund - Direct Plan - Monthly - IDCW;INF0QA701243;INF0QA701219;1033.9036;;;21-Jan-2026
151844;Bajaj Finserv Overnight Fund - Direct Plan - Weekly - IDCW;INF0QA701227;INF0QA701193;1033.4354;;;21-Jan-2026
151852;Bajaj Finserv Overnight Fund - Regular Plan - Daily - IDCW;;INF0QA701292;1032.8859;;;21-Jan-2026
151847;Bajaj Finserv Overnight Fund - Regular Plan - Fortnightly - IDCW;INF0QA701318;INF0QA701276;1034.2417;;;21-Jan-2026
151851;Bajaj Finserv Overnight Fund - Regular Plan - Growth;INF0QA701250;;1169.0624;;;21-Jan-2026
151848;Bajaj Finserv Overnight Fund - Regular Plan - Monthly - IDCW;INF0QA701326;INF0QA701284;1033.6332;;;21-Jan-2026
151846;Bajaj Finserv Overnight Fund - Regular Plan - Weekly - IDCW;INF0QA701300;INF0QA701268;1033.1815;;;21-Jan-2026

Bank of India Mutual Fund
147951;BANK OF INDIA Overnight Fund Direct Plan Growth;INF761K01EU7;;1354.7403;;;21-Jan-2026
147952;BANK OF INDIA Overnight Fund Direct Plan- Daily IDCW;;INF761K01EV5;1000.0010;;;21-Jan-2026
147948;BANK OF INDIA Overnight Fund Direct Plan- Monthly IDCW;INF761K01EY9;INF761K01EX1;1003.7332;;;21-Jan-2026
147936;BANK OF INDIA Overnight Fund Regular Plan Growth;INF761K01EZ6;;1350.8297;;;21-Jan-2026
147953;BANK OF INDIA Overnight Fund Regular Plan- Daily IDCW;;INF761K01FA6;1000.0009;;;21-Jan-2026
147949;BANK OF INDIA Overnight Fund Regular Plan- Monthly IDCW;INF761K01FD0;INF761K01FC2;1003.7436;;;21-Jan-2026
147947;BANK OF INDIA Overnight Fund Regular Plan- Weekly IDCW;;INF761K01FB4;1000.1434;;;21-Jan-2026
149412;BANK OF INDIA Overnight Fund Unclaimed IDCW Plan - Greater than 3 Years;;;1000.0000;;;21-Jan-2026
149414;BANK OF INDIA Overnight Fund Unclaimed IDCW Plan - Up to 3 Years;;;1273.7557;;;21-Jan-2026
149415;BANK OF INDIA Overnight Fund Unclaimed Redemption Plan - Greater than 3 Years;;;1000.0000;;;21-Jan-2026
149413;BANK OF INDIA Overnight Fund Unclaimed Redemption Plan - Upto 3 Years;;;1274.0670;;;21-Jan-2026

Baroda BNP Paribas Mutual Fund
147197;Baroda BNP Paribas Overnight Fund - Direct Plan - Daily IDCW;;INF955L01HW2;1000.0028;;;21-Jan-2026
147196;Baroda BNP Paribas Overnight Fund - Direct Plan - Growth;INF955L01HV4;;1401.3551;;;21-Jan-2026
147195;Baroda BNP Paribas Overnight Fund - Direct Plan - Weekly IDCW;;INF955L01HX0;1000.2525;;;21-Jan-2026
149988;Baroda BNP Paribas Overnight Fund - Plan C - Unclaimed IDCW - Greater than 3 years;;;1000.0000;;;21-Jan-2026
149991;Baroda BNP Paribas Overnight Fund - Plan C - Unclaimed IDCW - Up to 3 years;;;1257.3340;;;21-Jan-2026
149990;Baroda BNP Paribas Overnight Fund - Plan C - Unclaimed Redemption - Greater than 3 years;;;1000.0000;;;21-Jan-2026
149989;Baroda BNP Paribas Overnight Fund - Plan C - Unclaimed Redemption - Up to 3 years;;;1257.3046;;;21-Jan-2026
147194;Baroda BNP Paribas Overnight Fund - Regular Plan - Daily IDCW;;INF955L01HT8;1000.0018;;;21-Jan-2026
147193;Baroda BNP Paribas Overnight Fund - Regular Plan - Growth;INF955L01HS0;;1395.1202;;;21-Jan-2026
147198;Baroda BNP Paribas Overnight Fund - Regular Plan - Weekly IDCW;;INF955L01HU6;1000.7317;;;21-Jan-2026

DSP Mutual Fund
146062;DSP Overnight Fund - Direct Plan - Growth;INF740KA1MC8;;1429.0884;;;21-Jan-2026
146065;DSP Overnight Fund - Direct Plan - IDCW - Daily;;INF740KA1OR2;1000.0099;;;21-Jan-2026
146061;DSP Overnight Fund - Regular Plan - Growth;INF740KA1MB0;;1421.0135;;;21-Jan-2026
146066;DSP Overnight Fund - Regular Plan - IDCW - Daily;;INF740KA1OU6;1000.0099;;;21-Jan-2026
146063;DSP Overnight Fund - Regular Plan - IDCW - Weekly;INF740KA1OV4;INF740KA1OW2;1002.0913;;;21-Jan-2026
149313;Unclaimed IDCW - Beyond 3 years (Invested in DSP Overnight Fund);;;10;;;21-Jan-2026
149312;Unclaimed IDCW - Upto 3 years (Invested in DSP Overnight Fund);;;12.73;;;21-Jan-2026
149311;Unclaimed Redemption - Beyond 3 years (Invested in DSP Overnight Fund);;;10;;;21-Jan-2026
149310;Unclaimed Redemption - Upto 3 years (Invested in DSP Overnight Fund);;;12.7299;;;21-Jan-2026

Franklin Templeton Mutual Fund
147215;Franklin India Overnight Fund - Daily Dividend Plan - Daily - IDCW;;INF090I01SM2;1000.0001;;;21-Jan-2026
147212;Franklin India Overnight Fund - Direct Daily Dividend Plan - Daily - IDCW;;INF090I01ST7;1000.0007;;;21-Jan-2026
147211;Franklin India Overnight Fund - Direct Weekly Dividend Plan - Weekly - IDCW;INF090I01SR1;INF090I01SQ3;1000.4307;;;21-Jan-2026
147216;Franklin India Overnight Fund - Weekly Dividend Plan - Weekly - IDCW;INF090I01SN0;INF090I01SP5;1000.4332;;;21-Jan-2026
147213;Franklin India Overnight fund- Growth;INF090I01SO8;;1386.8382;;;21-Jan-2026
147214;Franklin India Overnight Fund- Growth - Direct;INF090I01SS9;;1391.4775;;;21-Jan-2026
149445;Franklin India Overnight Fund- Unclaimed IDCW Investor Education Plan;;;10.0000;;;21-Jan-2026
149443;Franklin India Overnight Fund- Unclaimed IDCW Plan;;;12.6292;;;21-Jan-2026
149444;Franklin India Overnight Fund- Unclaimed Redemption Investor EducationPlan;;;10.0000;;;21-Jan-2026
149446;Franklin India Overnight Fund- Unclaimed Redemption Plan;;;12.6292;;;21-Jan-2026

Groww Mutual Fund
147458;Groww Overnight Fund (formerly known as Indiabulls Overnight Fund)- Direct Plan- - Income Distribution cum capital withdrawal Option ( Reinvestment);;INF666M01GM6;1001.358;;;21-Jan-2026
147452;Groww Overnight Fund (formerly known as Indiabulls Overnight Fund)- Direct Plan- Fortnightly - Income Distribution cum capital withdrawal Option (Payout & Reinvestment);INF666M01GP9;INF666M01GQ7;1216.2806;;;21-Jan-2026
147450;Groww Overnight Fund (formerly known as Indiabulls Overnight Fund)- Direct Plan- Growth Option;INF666M01GL8;;1374.8844;;;21-Jan-2026
147453;Groww Overnight Fund (formerly known as Indiabulls Overnight Fund)- Direct Plan- Monthly - Income Distribution cum capital withdrawal Option (Payout & Reinvestment);INF666M01GR5;INF666M01GS3;1004.1615;;;21-Jan-2026
147451;Groww Overnight Fund (formerly known as Indiabulls Overnight Fund)- Direct Plan- Weekly - Income Distribution cum capital withdrawal Option (Payout & Reinvestment);INF666M01GN4;INF666M01GO2;1002.2801;;;21-Jan-2026
147455;Groww Overnight Fund (formerly known as Indiabulls Overnight Fund)- Regular Plan- - Income Distribution cum capital withdrawal Option ( Reinvestment);;INF666M01GU9;1001.0416;;;21-Jan-2026
147457;Groww Overnight Fund (formerly known as Indiabulls Overnight Fund)- Regular Plan- Fortnightly - Income Distribution cum capital withdrawal Option (Payout & Reinvestment);INF666M01GX3;INF666M01GY1;1002.1309;;;21-Jan-2026
147454;Groww Overnight Fund (formerly known as Indiabulls Overnight Fund)- Regular Plan- Growth Option;INF666M01GT1;;1366.5108;;;21-Jan-2026
147459;Groww Overnight Fund (formerly known as Indiabulls Overnight Fund)- Regular Plan- Monthly - Income Distribution cum capital withdrawal Option (Payout & Reinvestment);INF666M01GZ8;INF666M01HA9;1004.2004;;;21-Jan-2026
147456;Groww Overnight Fund (formerly known as Indiabulls Overnight Fund)- Regular Plan- Weekly - Income Distribution cum capital withdrawal Option (Payout & Reinvestment);INF666M01GV7;INF666M01GW5;1001.1947;;;21-Jan-2026
149394;Groww Overnight Fund (formerly known as Indiabulls Overnight Fund)- Unclaimed Dividend < 3 years;;;1272.461;;;21-Jan-2026
149396;Groww Overnight Fund (formerly known as Indiabulls Overnight Fund)- Unclaimed Redemption < 3 Years;;;1261.5365;;;21-Jan-2026
149395;Groww Overnight Fund (formerly known as Indiabulls Overnight Fund)- Unclaimed Redemption > 3 Years;;;1000;;;21-Jan-2026

Helios Mutual Fund
152151;Helios Overnight Fund - Direct Plan - Daily IDCW Option;INF0R8701087;;1000.0000;;;21-Jan-2026
152152;Helios Overnight Fund - Direct Plan - Growth Option;INF0R8701079;;1144.8019;;;21-Jan-2026
152154;Helios Overnight Fund - Regular Plan - Daily IDCW Option;INF0R8701103;;1000.0000;;;21-Jan-2026
152153;Helios Overnight Fund - Regular Plan - Growth Option;INF0R8701095;;1143.5157;;;21-Jan-2026

ICICI Prudential Mutual Fund
145547;ICICI Prudential Overnight Fund - Daily IDCW;;INF109KC18E1;1000.0050;;;21-Jan-2026
145537;ICICI Prudential Overnight Fund - Direct Plan - Daily IDCW;;INF109KC12G9;1000.0050;;;21-Jan-2026
145536;ICICI Prudential Overnight Fund - Direct Plan - Growth;INF109KC11G1;;1437.6632;;;21-Jan-2026
149411;ICICI Prudential Overnight fund - Direct Plan - Unclaimed IDCW Stable Scheme;INF109KC18H4;;1000.0000;;;21-Jan-2026
149408;ICICI Prudential Overnight fund - Direct Plan - Unclaimed IDCW Transitory Scheme;INF109KC16H8;;1268.4718;;;21-Jan-2026
149409;ICICI Prudential Overnight fund - Direct Plan - Unclaimed Redemption Stable Scheme;INF109KC17H6;;1000.0000;;;21-Jan-2026
149410;ICICI Prudential Overnight fund - Direct Plan - Unclaimed Redemption Transitory Scheme;INF109KC15H0;;1268.4875;;;21-Jan-2026
145539;ICICI Prudential Overnight Fund - Direct Plan - Weekly IDCW;INF109KC16G0;INF109KC15G2;1000.2942;;;21-Jan-2026
145535;ICICI Prudential Overnight Fund - Growth;INF109KC17E3;;1429.0699;;;21-Jan-2026
145538;ICICI Prudential Overnight Fund - Weekly IDCW;INF109KC12F1;INF109KC11F3;1000.2911;;;21-Jan-2026

ITI Mutual Fund
147707;ITI Overnight Fund - Direct Plan - Annual IDCW Option;INF00XX01648;INF00XX01614;1000.3980;;;21-Jan-2026
147708;ITI Overnight Fund - Direct Plan - Daily IDCW Option;;INF00XX01572;1000.3960;;;21-Jan-2026
147710;ITI Overnight Fund - Direct Plan - Fortnightly IDCW Option;INF00XX01622;INF00XX01598;1000.3980;;;21-Jan-2026
147713;ITI Overnight Fund - Direct Plan - Growth Option;INF00XX01564;;1351.1745;;;21-Jan-2026
147717;ITI Overnight Fund - Direct Plan - Monthly IDCW Option;INF00XX01630;INF00XX01606;1004.6399;;;21-Jan-2026
147711;ITI Overnight Fund - Direct Plan - Weekly IDCW option;;INF00XX01580;1000.3840;;;21-Jan-2026
147715;ITI Overnight Fund - Regular Plan - Annual IDCW Option;INF00XX01556;INF00XX01523;1000.3860;;;21-Jan-2026
147709;ITI Overnight Fund - Regular Plan - Daily IDCW Option;;INF00XX01481;1001.0003;;;21-Jan-2026
147716;ITI Overnight Fund - Regular Plan - Fortnightly IDCW Option;INF00XX01531;INF00XX01507;1002.1270;;;21-Jan-2026
147714;ITI Overnight Fund - Regular Plan - Growth Option;INF00XX01473;;1342.6425;;;21-Jan-2026
147718;ITI Overnight Fund - Regular Plan - Monthly IDCW Option;INF00XX01549;INF00XX01515;1001.0714;;;21-Jan-2026
147712;ITI Overnight Fund - Regular Plan - Weekly IDCW Option;;INF00XX01499;1001.1619;;;21-Jan-2026

Jio BlackRock Mutual Fund
153650;JioBlackRock Overnight Fund - Direct Plan - Growth Option;INF22M001036;;1030.1299;;;21-Jan-2026
154070;JioBlackRock Overnight Fund - Unclaimed Redemption - Upto 3 years - Growth Option;;;1007.2613;;;21-Jan-2026

JM Financial Mutual Fund
147838;JM Overnight Fund (Direct) - Daily IDCW;;INF192K01LY2;1000;;;21-Jan-2026
147835;JM Overnight Fund (Direct) - Weekly IDCW;INF192K01LZ9;INF192K01MA0;1000.1392;;;21-Jan-2026
147839;JM Overnight Fund (Regular) - Daily IDCW;;INF192K01LU0;1000;;;21-Jan-2026
147836;JM Overnight Fund (Regular) - Growth;INF192K01LX4;;1347.0001;;;21-Jan-2026
147834;JM Overnight Fund (Regular) - Weekly IDCW;INF192K01LV8;INF192K01LW6;1000.1376;;;21-Jan-2026
147837;JM Overnight Fund - (Direct) - Growth;INF192K01MB8;;1352.7819;;;21-Jan-2026
149828;JM Overnight Fund - (Direct) - Unclaimed IDCW - Growth Plan;;;1359.1131;;;21-Jan-2026
149827;JM Overnight Fund - (Direct) - Unclaimed IDCW I.E.F. - Growth Plan;;;1073.9936;;;21-Jan-2026
149829;JM Overnight Fund - (Direct) - Unclaimed Redemption - Growth Plan;;;1352.8014;;;21-Jan-2026
149826;JM Overnight Fund - (Direct) - Unclaimed Redemption I.E.F. - Growth Plan;;;1073.9936;;;21-Jan-2026

Kotak Mahindra Mutual Fund
146141;Kotak Overnight Fund -Direct Plan-Growth Option;INF174KA1BF9;;1423.3531;;;21-Jan-2026
146142;Kotak Overnight Fund -Regular plan-Growth Option;INF174KA1BC6;;1414.3;;;21-Jan-2026
146140;Kotak Overnight Fund-Direct Plan- Daily Reinvestment of Income Distribution cum capital withdrawal option;;INF174KA1BE2;1003.6055;;;21-Jan-2026
146138;Kotak Overnight Fund-Regular Plan- Daily Reinvestment of Income Distribution cum capital withdrawal option;;INF174KA1BB8;1004.7568;;;21-Jan-2026

LIC Mutual Fund
147516;LIC MF Overnight Fund-Direct Plan-Daily IDCW;;INF767K01QG7;1094.779;;;21-Jan-2026
147515;LIC MF Overnight Fund-Direct Plan-Growth;INF767K01QI3;;1383.0232;;;21-Jan-2026
147513;LIC MF Overnight Fund-Direct Plan-IDCW;INF767K01QE2;INF767K01QF9;1383.1671;;;21-Jan-2026
147514;LIC MF Overnight Fund-Direct Plan-Weekly IDCW;;INF767K01QH5;1078.3039;;;21-Jan-2026
147517;LIC MF Overnight Fund-Regular Plan-Daily IDCW;;INF767K01QB8;1093.2355;;;21-Jan-2026
147519;LIC MF Overnight Fund-Regular Plan-Growth;INF767K01QD4;;1371.8377;;;21-Jan-2026
147512;LIC MF Overnight Fund-Regular Plan-IDCW;INF767K01PZ9;INF767K01QA0;1213.494;;;21-Jan-2026
147518;LIC MF Overnight Fund-Regular Plan-Weekly IDCW;;INF767K01QC6;1179.4645;;;21-Jan-2026

Mahindra Manulife Mutual Fund
147563;Mahindra Manulife Overnight Fund - Direct Plan - Daily IDCW;;INF174V01846;1384.4315;;;21-Jan-2026
147564;Mahindra Manulife Overnight Fund - Direct Plan -Growth;INF174V01838;;1381.0350;;;21-Jan-2026
147566;Mahindra Manulife Overnight Fund - Regular Plan - Daily IDCW;;INF174V01820;1216.7400;;;21-Jan-2026
147565;Mahindra Manulife Overnight Fund - Regular Plan - Growth;INF174V01812;;1371.9786;;;21-Jan-2026
149471;Mahindra Manulife Overnight Fund - Unclaimed Redemption/IDCW beyond 3 years;;;1000.0000;;;21-Jan-2026
149470;Mahindra Manulife Overnight Fund - Unclaimed Redemption/IDCW upto 3 years;;;1266.4630;;;21-Jan-2026

Mirae Asset Mutual Fund
147737;Mirae Asset Overnight Fund Direct Daily IDCW;;INF769K01FJ0;1000.0062;;;21-Jan-2026
147738;Mirae Asset Overnight Fund Direct Monthly IDCW;INF769K01FF8;INF769K01FI2;1004.0870;;;21-Jan-2026
147736;Mirae Asset Overnight Fund Direct Plan Growth;INF769K01FG6;;1368.2980;;;21-Jan-2026
147740;Mirae Asset Overnight Fund Direct Weekly IDCW;;INF769K01FK8;1000.0021;;;21-Jan-2026
147743;Mirae Asset Overnight Fund Regular Daily  IDCW ;;INF769K01FL6;1000.0097;;;21-Jan-2026
147742;Mirae Asset Overnight Fund Regular Monthly IDCW;INF769K01FD3;INF769K01FH4;1004.0229;;;21-Jan-2026
147739;Mirae Asset Overnight Fund Regular Plan Growth;INF769K01FE1;;1360.4742;;;21-Jan-2026
147741;Mirae Asset Overnight Fund Regular Weekly IDCW;;INF769K01FM4;1000.0000;;;21-Jan-2026

quant Mutual Fund
151190;quant Overnight Fund - Growth Option - Direct Plan;INF966L01AZ7;;12.201;;;21-Jan-2026
151195;quant Overnight Fund - Growth Option - Regular Plan;INF966L01BC4;;12.1616;;;21-Jan-2026
151193;quant Overnight Fund - IDCW Option - Direct Plan;INF966L01BA8;INF966L01BB6;12.2052;;;21-Jan-2026
151191;quant Overnight Fund - IDCW Option - Regular Plan;INF966L01BD2;INF966L01BE0;12.1495;;;21-Jan-2026
154083;quant Overnight Fund - Unclaimed IDCW Greater than 3 years;;;10;;;21-Jan-2026
154086;quant Overnight Fund - Unclaimed IDCW Less than 3 years;;;10.0529;;;21-Jan-2026
154085;quant Overnight Fund - Unclaimed Redemption Greater than 3 years;;;10;;;21-Jan-2026
154084;quant Overnight Fund - Unclaimed Redemption Less than 3 years;;;10.0498;;;21-Jan-2026

SBI Mutual Fund
119831;SBI Overnight Fund - Direct Plan - Daily Income Distribution cum Capital Withdrawal Option (IDCW);;INF200K01TJ7;1346.6466;;;21-Jan-2026
119833;SBI OVERNIGHT FUND - DIRECT PLAN - GROWTH;INF200K01TK5;;4338.5924;;;21-Jan-2026
119832;SBI Overnight Fund - Direct Plan - Weekly Income Distribution cum Capital Withdrawal Option (IDCW);INF200K01TL3;INF200K01TM1;1375.1185;;;21-Jan-2026
114297;SBI Overnight Fund - Regular Plan - Daily Income Distribution cum Capital Withdrawal Option (IDCW);;INF200K01LN6;1340.7845;;;21-Jan-2026
101206;SBI OVERNIGHT FUND - REGULAR PLAN - GROWTH;INF200K01LQ9;;4280.9538;;;21-Jan-2026
103140;SBI Overnight Fund - Regular Plan - Weekly Income Distribution cum Capital Withdrawal Option (IDCW);INF200K01LO4;INF200K01LP1;1369.0332;;;21-Jan-2026

Shriram Mutual Fund
150562;Shriram Overnight Fund -  Direct Growth;INF680P01323;;12.3196;;;21-Jan-2026
150561;Shriram Overnight Fund - Direct Daily IDCW;;INF680P01331;10.0001;;;21-Jan-2026
150567;Shriram Overnight Fund - Direct Monthly IDCW;INF680P01380;INF680P01398;10.007;;;21-Jan-2026
150558;Shriram Overnight Fund - Regular Daily IDCW;;INF680P01257;10.0001;;;21-Jan-2026
150565;Shriram Overnight Fund - Regular Growth;INF680P01232;;12.2846;;;21-Jan-2026
150560;Shriram Overnight Fund - Regular Monthly IDCW;INF680P01307;INF680P01315;10.0072;;;21-Jan-2026

Sundaram Mutual Fund
146963;Sundaram Overnight Fund Direct Plan - Growth;INF903JA1HG5;;1417.2482;;;21-Jan-2026
146962;Sundaram Overnight Fund Direct Plan - Monthly Payout of Income Distribution cum Capital Withdrawal (IDCW);INF903JA1HH3;;1024.3078;;;21-Jan-2026
146957;Sundaram Overnight Fund Direct Plan - Monthly Reinvestment of Income Distribution cum Capital Withdrawal (IDCW);INF903JA1HM3;;1024.3078;;;21-Jan-2026
146959;Sundaram Overnight Fund Regular Plan - Growth;INF903JA1GZ7;;1407.7520;;;21-Jan-2026
146960;Sundaram Overnight Fund Regular Plan - Monthly Payout of Income Distribution cum Capital Withdrawal (IDCW);INF903JA1HA8;;1019.6741;;;21-Jan-2026
146961;Sundaram Overnight Fund Regular Plan - Monthly Reinvestment of Income Distribution cum Capital Withdrawal (IDCW);INF903JA1HF7;;1019.6741;;;21-Jan-2026

Trust Mutual Fund
149796;TRUST MF OVERNIGHT FUND-DIRECT PLAN-DAILY IDCW REINVESTMENT;;INF0GCD01461;1236.4434;;;21-Jan-2026
149797;TRUST MF OVERNIGHT FUND-DIRECT PLAN-GROWTH;INF0GCD01453;;1262.1502;;;21-Jan-2026
149798;TRUST MF OVERNIGHT FUND-REGULAR PLAN-DAILY IDCW REINVESTMENT;;INF0GCD01446;1236.0071;;;21-Jan-2026
149795;TRUST MF OVERNIGHT FUND-REGULAR-GROWTH;INF0GCD01438;;1259.6402;;;21-Jan-2026

Zerodha Mutual Fund
153436;Zerodha Overnight Fund - Direct Plan - Growth Option;INF0R8F01075;;10.4449;;;21-Jan-2026

Open Ended Schemes ( Debt Scheme - Liquid Fund )


Abakkus Mutual Fund
154049;Abakkus Liquid Fund - Direct Plan - Daily IDCW Reinvestment;;INF2JJD01011;100.0048;;;21-Jan-2026
154051;Abakkus Liquid Fund - Direct Plan - Growth;INF2JJD01029;;100.5810;;;21-Jan-2026
154055;Abakkus Liquid Fund - Direct Plan - Monthly IDCW Reinvestment;;INF2JJD01037;100.0796;;;21-Jan-2026
154052;Abakkus Liquid Fund - Direct Plan - Quarterly IDCW Reinvestment;;INF2JJD01052;100.5803;;;21-Jan-2026
154050;Abakkus Liquid Fund - Direct Plan - Weekly IDCW Reinvestment;;INF2JJD01045;100.0298;;;21-Jan-2026
154053;Abakkus Liquid Fund - Regular Plan - Daily IDCW Reinvestment;;INF2JJD01060;100.0041;;;21-Jan-2026
154047;Abakkus Liquid Fund - Regular Plan - Growth;INF2JJD01078;;100.5718;;;21-Jan-2026
154048;Abakkus Liquid Fund - Regular Plan - Monthly IDCW Reinvestment;;INF2JJD01086;100.0784;;;21-Jan-2026
154054;Abakkus Liquid Fund - Regular Plan - Quarterly IDCW Reinvestment;;INF2JJD01102;100.5715;;;21-Jan-2026
154056;Abakkus Liquid Fund - Regular Plan - Weekly IDCW Reinvestment;;INF2JJD01094;100.0294;;;21-Jan-2026

Bajaj Finserv Mutual Fund
151835;Bajaj Finserv Liquid Fund - Direct Plan - Daily - IDCW;;INF0QA701029;1034.6939;;;21-Jan-2026
151838;Bajaj Finserv Liquid Fund - Direct Plan - Fortnightly - IDCW;INF0QA701078;INF0QA701045;1035.8620;;;21-Jan-2026
151833;Bajaj Finserv Liquid Fund - Direct Plan - Growth;INF0QA701011;;1188.2783;;;21-Jan-2026
151836;Bajaj Finserv Liquid Fund - Direct Plan - Monthly - IDCW;INF0QA701086;INF0QA701052;1035.2811;;;21-Jan-2026
151834;Bajaj Finserv Liquid Fund - Direct Plan - Weekly - IDCW;INF0QA701060;INF0QA701037;1034.9079;;;21-Jan-2026
151839;Bajaj Finserv Liquid Fund - Regular Plan - Daily - IDCW;;INF0QA701136;1033.8241;;;21-Jan-2026
151841;Bajaj Finserv Liquid Fund - Regular Plan - Fortnightly - IDCW;INF0QA701151;INF0QA701110;1034.9364;;;21-Jan-2026
151837;Bajaj Finserv Liquid Fund - Regular Plan - Growth;INF0QA701094;;1183.0909;;;21-Jan-2026
151842;Bajaj Finserv Liquid Fund - Regular Plan - Monthly - IDCW;INF0QA701169;INF0QA701128;1034.3800;;;21-Jan-2026
151840;Bajaj Finserv Liquid Fund - Regular Plan - Weekly - IDCW;INF0QA701144;INF0QA701102;1034.0294;;;21-Jan-2026

Bank of India Mutual Fund
119368;BANK OF INDIA Liquid Fund- Direct Plan- Daily IDCW;;INF761K01CL0;1005.0000;;;21-Jan-2026
119369;BANK OF INDIA Liquid Fund- Direct Plan- Growth;INF761K01785;;3136.0088;;;21-Jan-2026
119370;BANK OF INDIA Liquid Fund- Direct Plan- Weekly IDCW;;INF761K01CM8;1005.2089;;;21-Jan-2026
111971;BANK OF INDIA Liquid Fund- Regular Plan- Daily IDCW;;INF761K01CO4;1004.9691;;;21-Jan-2026
109254;BANK OF INDIA Liquid Fund- Regular Plan- Growth;INF761K01306;;3104.4848;;;21-Jan-2026
109255;BANK OF INDIA Liquid Fund- Regular Plan- Weekly IDCW;;INF761K01CP1;1004.7390;;;21-Jan-2026

Baroda BNP Paribas Mutual Fund
119414;Baroda BNP Paribas LIQUID FUND - DIRECT PLAN - DAILY IDCW OPTION;INF955L01AK2;;1002.0849;;;21-Jan-2026
119415;Baroda BNP Paribas LIQUID FUND - DIRECT PLAN - GROWTH OPTION;INF955L01AL0;;3138.9122;;;21-Jan-2026
119416;Baroda BNP Paribas LIQUID FUND - DIRECT PLAN - WEEKLY IDCW OPTION;INF251K01SL8;;1219.5174;;;21-Jan-2026
111707;Baroda BNP Paribas LIQUID FUND - Regular Plan - DAILY IDCW OPTION;INF955L01468;INF955L01476;1001.1996;;;21-Jan-2026
111704;Baroda BNP Paribas LIQUID FUND - Regular Plan - GROWTH OPTION;INF955L01484;;3097.5657;;;21-Jan-2026
111705;Baroda BNP Paribas LIQUID FUND - Regular Plan - WEEKLY IDCW OPTION;INF251K01SK0;INF955L01500;1000.2084;;;21-Jan-2026
101408;Baroda BNP Paribas LIQUID FUND- Defunct Plan -Growth Option;INF955L01575;;4560.3391;;;21-Jan-2026
101407;Baroda BNP Paribas LIQUID FUND-Defunct Plan- IDCW Option;INF955L01559;INF955L01567;3762.7210;;;21-Jan-2026

Capitalmind Mutual Fund
154011;Capitalmind Liquid Fund - Direct-Growth;INF226401034;;1009.8187;;;21-Jan-2026
154010;Capitalmind Liquid Fund - Regular-Growth;INF226401042;;1009.5158;;;21-Jan-2026

DSP Mutual Fund
119125;DSP Liquidity Fund - Direct Plan - Growth;INF740K01QL4;;3893.6712;;;21-Jan-2026
119124;DSP Liquidity Fund - Direct Plan - IDCW - Daily;;INF740KA1OB6;1001.1542;;;21-Jan-2026
119123;DSP Liquidity Fund - Direct Plan - IDCW - Weekly;INF740KA1OC4;INF740KA1OD2;1001.8426;;;21-Jan-2026
103347;DSP Liquidity Fund - Regular Plan - Growth;INF740K01FK9;;3847.4854;;;21-Jan-2026
103348;DSP Liquidity Fund - Regular Plan - IDCW - Weekly;INF740K01FM5;INF740K01FL7;1001.8278;;;21-Jan-2026
103349;DSP Liquidity Fund- Regular Plan - IDCW - Daily;;INF740KA1OE0;1001.1542;;;21-Jan-2026

Franklin Templeton Mutual Fund
100541;Franklin India Liquid Fund - Regular Plan - Daily - IDCW;;INF090I01BA3;1509.2342;;;21-Jan-2026
100538;Franklin India Liquid Fund - Regular Plan - Growth;INF090I01BB1;;6081.2883;;;21-Jan-2026
100537;Franklin India Liquid Fund - Regular Plan - Weekly - IDCW;INF090I01BL0;INF090I01BI6;1244.5819;;;21-Jan-2026
118577;Franklin India Liquid Fund - Super Institutional - Direct - Growth;INF090I01JV2;;4093.2299;;;21-Jan-2026
100547;Franklin India Liquid Fund - Super Institutional Plan - Daily - IDCW;;INF090I01BF2;1000.0000;;;21-Jan-2026
118578;Franklin India Liquid Fund - Super Institutional Plan - Direct - Daily - IDCW;INF090I01JW0;;1002.2720;;;21-Jan-2026
118579;Franklin India Liquid Fund - Super Institutional Plan - Direct - Weekly - IDCW;INF090I01JX8;INF090I01JY6;1021.7547;;;21-Jan-2026
100546;Franklin India Liquid Fund - Super Institutional Plan - Growth;INF090I01BG0;;4058.1148;;;21-Jan-2026
100548;Franklin India Liquid Fund - Super Institutional Plan - Weekly - IDCW;INF090I01BM8;INF090I01BH8;1033.5125;;;21-Jan-2026
139892;Franklin India Liquid Fund - Unclaimed IDCW Investor Education Plan - Growth;INF090I01LR6;;10.0000;;;21-Jan-2026
139890;Franklin India Liquid Fund - Unclaimed IDCW Plan - Growth;INF090I01LP0;;17.2727;;;21-Jan-2026
139891;Franklin India Liquid Fund - Unclaimed Redemption Investor Education Plan - Growth;INF090I01LQ8;;10.0000;;;21-Jan-2026
139889;Franklin India Liquid Fund - Unclaimed Redemption Plan - Growth;INF090I01LO3;;17.2727;;;21-Jan-2026
102443;Franklin India Liquid Fund - Institutional Plan - Daily - IDCW;;INF090I01BC9;1000.0000;;;21-Jan-2026
102442;Franklin India Liquid Fund - Institutional Plan - Weekly - IDCW;INF090I01BJ4;INF090I01BE5;1054.9831;;;21-Jan-2026

Groww Mutual Fund
119135;Groww Liquid Fund ( formerly known as Indiabulls Liquid )Fund - Direct Plan - Growth Option;INF666M01451;;2639.2633;;;21-Jan-2026
119136;Groww Liquid Fund (formerly known as Indiabulls Liquid Fund) - Direct Plan- - Income Distribution cum capital withdrawal Option ( Reinvestment);;INF666M01469;1002.0907;;;21-Jan-2026
115991;Groww Liquid Fund (formerly known as Indiabulls Liquid Fund) - Regular Plan - Growth Option;INF666M01014;;2605.909;;;21-Jan-2026
119138;Groww Liquid Fund (formerly known as Indiabulls Liquid Fund)- Direct Plan- Fortnightly - Income Distribution cum capital withdrawal Option (Payout & Reinvestment);INF666M01501;INF666M01485;1002.8402;;;21-Jan-2026
119139;Groww Liquid Fund (formerly known as Indiabulls Liquid Fund)- Direct Plan- Monthly - Income Distribution cum capital withdrawal Option (Payout & Reinvestment);INF666M01519;INF666M01493;1031.9835;;;21-Jan-2026
119137;Groww Liquid Fund (formerly known as Indiabulls Liquid Fund)- Direct Plan- Weekly - Income Distribution cum capital withdrawal Option (Payout & Reinvestment);INF666M01527;INF666M01477;1001.9764;;;21-Jan-2026
115992;Groww Liquid Fund (formerly known as Indiabulls Liquid Fund)- Regular Plan- - Income Distribution cum capital withdrawal Option (Reinvestment);;INF666M01022;1002.0894;;;21-Jan-2026
115995;Groww Liquid Fund (formerly known as Indiabulls Liquid Fund)- Regular Plan- Monthly - Income Distribution cum capital withdrawal Option (Payout & Reinvestment);INF666M01071;INF666M01055;1004.212;;;21-Jan-2026
115993;Groww Liquid Fund (formerly known as Indiabulls Liquid Fund)- Regular Plan- Weekly - Income Distribution cum capital withdrawal Option (Payout & Reinvestment);INF666M01089;INF666M01030;1001.9716;;;21-Jan-2026
115994;Groww Liquid Fund (formerly known as Indiabulls Liquid) Fund- Regular Plan- Fortnightly - Income Distribution cum capital withdrawal Option (Payout & Reinvestment);INF666M01063;INF666M01048;1002.8049;;;21-Jan-2026

ICICI Prudential Mutual Fund
103343;ICICI Prudential Liquid Fund - Daily IDCW;INF109K01VP3;;100.1482;;;21-Jan-2026
120191;ICICI Prudential Liquid Fund - Direct Plan -  IDCW Others;INF109K01Q31;INF109K01Q23;186.9106;;;21-Jan-2026
120188;ICICI Prudential Liquid Fund - Direct Plan - Daily IDCW;;INF109K01Q15;100.1082;;;21-Jan-2026
120197;ICICI Prudential Liquid Fund - Direct Plan - Growth;INF109K01Q49;;402.9998;;;21-Jan-2026
120190;ICICI Prudential Liquid Fund - Direct Plan - Weekly IDCW;INF109K01Q98;;100.2083;;;21-Jan-2026
103340;ICICI Prudential Liquid Fund - Growth;INF109K01VQ1;;398.9070;;;21-Jan-2026
115505;ICICI Prudential Liquid Fund - IDCW Others;INF109K01VU3;INF109K01VT5;185.3912;;;21-Jan-2026
103342;ICICI Prudential Liquid Fund - Weekly IDCW;INF109K01VS7;;100.1826;;;21-Jan-2026

ITI Mutual Fund
147161;ITI Liquid Fund - Direct Plan - Annually IDCW Option;INF00XX01366;INF00XX01333;1418.0290;;;21-Jan-2026
147158;ITI Liquid Fund - Direct Plan - Daily IDCW Option;;INF00XX01291;1001.0038;;;21-Jan-2026
147160;ITI Liquid Fund - Direct Plan - Fortnightly IDCW Option;INF00XX01341;INF00XX01317;1000.1800;;;21-Jan-2026
147157;ITI Liquid Fund - Direct Plan - Growth Option;INF00XX01283;;1416.2028;;;21-Jan-2026
147163;ITI Liquid Fund - Direct Plan - Monthly IDCW Option;INF00XX01358;INF00XX01325;1004.6476;;;21-Jan-2026
147159;ITI Liquid Fund - Direct Plan - Weekly IDCW Option;;INF00XX01309;1001.1088;;;21-Jan-2026
147162;ITI Liquid Fund - Regular Plan - Annually IDCW Option;INF00XX01275;INF00XX01242;1410.4762;;;21-Jan-2026
147154;ITI Liquid Fund - Regular Plan - Daily IDCW Option;;INF00XX01200;1001.0000;;;21-Jan-2026
147153;ITI Liquid Fund - Regular Plan - Growth Option;INF00XX01192;;1402.9808;;;21-Jan-2026
147156;ITI Liquid Fund - Regular Plan - Monthly IDCW Option;INF00XX01267;INF00XX01234;1004.5526;;;21-Jan-2026
147164;ITI Liquid Fund - Regular Plan - Weekly IDCW Option;;INF00XX01218;1001.1051;;;21-Jan-2026

Jio BlackRock Mutual Fund
153651;JioBlackRock Liquid Fund - Direct Plan - Growth Option;INF22M001010;;1032.1348;;;21-Jan-2026

JM Financial Mutual Fund
120411;JM Liquid Fund (Direct) - Daily IDCW;;INF192K01CH6;10.4302;;;21-Jan-2026
120406;JM Liquid Fund (Direct) - Growth Option;INF192K01CM6;;74.3152;;;21-Jan-2026
120408;JM Liquid Fund (Direct) - Quarterly IDCW;INF192K01CK0;INF192K01CL8;42.1918;;;21-Jan-2026
120407;JM Liquid Fund (Direct) - Weekly IDCW;INF192K01CI4;INF192K01CJ2;11.0074;;;21-Jan-2026
100244;JM Liquid Fund (Regular) - Quarterly IDCW;INF192K01866;INF192K01874;41.5945;;;21-Jan-2026
100247;JM Liquid Fund (Regular) - Super Institutional Plan - Growth Option;INF192K01981;;42.2501;;;21-Jan-2026
100233;JM Liquid Fund (Regular) - Weekly IDCW;INF192K01841;INF192K01858;11.0048;;;21-Jan-2026
100234;JM Liquid Fund - Growth Option;INF192K01882;;73.4872;;;21-Jan-2026
148414;JM Liquid Fund - Unclaimed Application Refund Amount I.E.F. (Direct) - Growth Plan;;;41.4437;;;21-Jan-2026
148413;JM Liquid Fund - Unclaimed Brokerage I.E.F. (Direct) - Growth Plan;;;41.4437;;;21-Jan-2026
101549;JM Liquid Fund (Regular) - Bonus Option - Principal Units;INF192K01890;;23.5309;;;21-Jan-2026
101078;JM Liquid Fund (Regular) - Daily IDCW;;INF192K01833;10.4302;;;21-Jan-2026

Kotak Mahindra Mutual Fund
119764;Kotak Liquid Fund - Direct Plan - Daily Reinvestment of Income Distribution cum capital withdrawal option;;INF174K01NH1;1222.81;;;21-Jan-2026
119766;Kotak Liquid Fund - Direct Plan - Growth;INF174K01NE8;;5500.6995;;;21-Jan-2026
100833;Kotak Liquid Fund - Regular  - Daily Reinvestment of Income Distribution cum capital withdrawal option;;INF174K01NL3;1232.9538;;;21-Jan-2026
100835;Kotak Liquid Fund - Regular Plan - Growth;INF174K01NI9;;5445.6926;;;21-Jan-2026
153586;Kotak Liquid Fund - Regular Plan - Weekly - Reinvestment & Payout of Income Distribution cum capital withdrawal option;INF174KA1WK5;INF174KA1WM1;1011.671;;;21-Jan-2026

LIC Mutual Fund
120248;LIC MF Liquid Fund-Direct Plan-Daily IDCW;INF767K01DL5;INF767K01DM3;1034.6038;;;21-Jan-2026
120249;LIC MF Liquid Fund-Direct Plan-Growth;INF767K01DN1;;4942.8073;;;21-Jan-2026
151930;LIC MF Liquid Fund-Direct Plan-Monthly IDCW;INF397L01AK7;INF397L01AJ9;1199.8461;;;21-Jan-2026
151932;LIC MF Liquid Fund-Direct Plan-Weekly IDCW;INF397L01AM3;INF397L01AL5;1071.7261;;;21-Jan-2026
101184;LIC MF Liquid Fund-Regular Plan-Daily IDCW;INF767K01IQ3;INF767K01IR1;1000.1751;;;21-Jan-2026
101185;LIC MF Liquid Fund-Regular Plan-Growth;INF767K01IS9;;4870.0458;;;21-Jan-2026
151928;LIC MF Liquid Fund-Regular Plan-Monthly IDCW;INF397L01976;INF397L01968;1179.8253;;;21-Jan-2026
151927;LIC MF Liquid Fund-Regular Plan-Weekly IDCW;INF397L01950;INF397L01943;1001.6335;;;21-Jan-2026

Mahindra Manulife Mutual Fund
139535;Mahindra Manulife Liquid Fund - Direct Plan - Daily IDCW;;INF174V01051;1245.0032;;;21-Jan-2026
139536;Mahindra Manulife Liquid Fund - Direct Plan - Weekly IDCW;;INF174V01069;1003.7074;;;21-Jan-2026
139538;Mahindra Manulife Liquid Fund - Direct Plan -Growth;INF174V01044;;1773.4106;;;21-Jan-2026
139534;Mahindra Manulife Liquid Fund - Regular Plan - Daily IDCW;;INF174V01028;1001.0530;;;21-Jan-2026
139537;Mahindra Manulife Liquid Fund - Regular Plan - Growth;INF174V01010;;1753.4942;;;21-Jan-2026
139541;Mahindra Manulife Liquid Fund - Regular Plan - Weekly IDCW;;INF174V01036;1010.1151;;;21-Jan-2026

Mirae Asset Mutual Fund
118859;Mirae Asset Liquid Fund - Direct Plan - Growth;INF769K01CM1;;2875.7941;;;21-Jan-2026
118862;Mirae Asset Liquid Fund - Direct Plan - Weekly IDCW;INF769K01PD2;INF769K01CP4;1216.2089;;;21-Jan-2026
118861;Mirae Asset Liquid Fund - Direct Plan -Daily IDCW;;INF769K01CO7;1075.8332;;;21-Jan-2026
118860;Mirae Asset Liquid Fund - Direct Plan -Monthly IDCW;INF769K01CN9;INF769K01CQ2;1139.2064;;;21-Jan-2026
111647;Mirae Asset Liquid Fund - Regular - Daily IDCW;;INF769K01804;1066.4347;;;21-Jan-2026
111646;Mirae Asset Liquid Fund - Regular Plan - Growth;INF769K01788;;2825.2694;;;21-Jan-2026
111645;Mirae Asset Liquid Fund - Regular Plan - Monthly IDCW;INF769K01838;INF769K01820;1156.8464;;;21-Jan-2026
111644;Mirae Asset Liquid Fund - Regular Plan - Weekly IDCW;INF769K01PC4;INF769K01812;1152.5501;;;21-Jan-2026

Navi Mutual Fund
119163;Navi Liquid Fund - Direct Plan Daily IDCW - ReInvestment;;INF959L01GK1;10.0129;;;21-Jan-2026
119161;Navi Liquid Fund - Direct Plan Monthly IDCW - Payout;INF959L01GG9;INF959L01GH7;10.051;;;21-Jan-2026
119162;Navi Liquid Fund - Direct Plan Weekly IDCW - Payout;INF959L01GI5;INF959L01GJ3;10.0065;;;21-Jan-2026
112645;Navi Liquid Fund - Regular Plan Daily IDCW;;INF959L01GM7;10.0129;;;21-Jan-2026
112647;Navi Liquid Fund - Regular Plan Monthly IDCW;INF959L01GN5;INF959L01GO3;10.0506;;;21-Jan-2026
112646;Navi Liquid Fund - Regular Plan Weekly IDCW;INF959L01GP0;INF959L01GQ8;10.0069;;;21-Jan-2026
119164;Navi Liquid Fund-Direct Plan-Growth Option;INF959L01GF1;;29.5287;;;21-Jan-2026
112636;Navi Liquid Fund-Regular Plan-Growth Option;INF959L01GL9;;29.2599;;;21-Jan-2026
140437;Navi Liquid Fund-Unclaimed Redemption and Dividend Plan greater than 3 years;INF959L01CO2;;10;;;21-Jan-2026
139386;Navi Liquid Fund-Unclaimed Redemption and Dividend Plan less than 3 years;INF959L01CN4;;29.4306;;;21-Jan-2026

quant Mutual Fund
120837;quant Liquid Fund - Growth Option - Direct Plan;INF966L01820;;43.7423;;;21-Jan-2026
103225;quant Liquid Fund - Growth Option - Regular Plan;INF966L01317;;42.5582;;;21-Jan-2026
120838;quant Liquid Fund - Monthly IDCW Option - Direct Plan;INF966L01796;INF966L01812;15.7616;;;21-Jan-2026
103228;quant Liquid Fund - Monthly IDCW Option - Regular Plan;INF966L01291;INF966L01309;15.1963;;;21-Jan-2026
120839;quant Liquid Fund - Weekly IDCW Option - Direct Plan;INF966L01788;INF966L01804;14.6389;;;21-Jan-2026
103227;quant Liquid Fund - Weekly IDCW Option - Regular Plan;INF966L01499;INF966L01283;14.4774;;;21-Jan-2026
120836;quant Liquid Fund-Daily IDCW Option - Direct Plan;;INF966L01770;13.2147;;;21-Jan-2026
103226;quant Liquid Fund-Daily IDCW Option - Regular Plan;;INF966L01275;12.7115;;;21-Jan-2026

SBI Mutual Fund
119804;SBI Liquid Fund - Direct Paln - Fortnightly Income Distribution cum Capital Withdrawal Option (IDCW);INF200K01UR8;INF200K01US6;1389.8792;;;21-Jan-2026
119805;SBI Liquid Fund - Direct Plan - Daily Income Distribution cum Capital Withdrawal Option (IDCW);;INF200K01UQ0;1144.0484;;;21-Jan-2026
119799;SBI Liquid Fund - Direct Plan - Weekly Income Distribution cum Capital Withdrawal Option (IDCW);INF200K01UU2;INF200K01UV0;1386.3399;;;21-Jan-2026
119800;SBI Liquid Fund - DIRECT PLAN -Growth;INF200K01UT4;;4256.2499;;;21-Jan-2026
105274;SBI Liquid Fund - Institutional - Growth;INF200K01LU1;;4250.4966;;;21-Jan-2026
105275;SBI Liquid Fund - Institutional Daily Income Distribution cum Capital Withdrawal Option (IDCW);;INF200K01LR7;1365.5233;;;21-Jan-2026
105281;SBI Liquid Fund - Regular Plan - Daily Income Distribution cum Capital Withdrawal Option (IDCW);;INF200K01LX5;1140.7391;;;21-Jan-2026
105283;SBI Liquid Fund - Regular Plan - Fortnightly Income Distribution cum Capital Withdrawal Option (IDCW);INF200K01LY3;INF200K01LZ0;1381.8602;;;21-Jan-2026
105282;SBI Liquid Fund - Regular Plan - Weekly Income Distribution cum Capital Withdrawal Option (IDCW);INF200K01MB9;INF200K01MC7;1379.4261;;;21-Jan-2026
105280;SBI Liquid Fund - REGULAR PLAN -Growth;INF200K01MA1;;4210.6627;;;21-Jan-2026

Shriram Mutual Fund
153035;Shriram Liquid Fund - Direct Plan Growth Option;INF680P01430;;1076.0398;;;21-Jan-2026
153036;Shriram Liquid Fund - Regular Plan Growth Option;INF680P01448;;1074.2093;;;21-Jan-2026
153282;Shriram Unclaimed IDCW Liquid Fund;;;1048.9855;;;21-Jan-2026
153283;Shriram Unclaimed IDCW Stable Scheme Liquid Fund;;;1000;;;21-Jan-2026
153280;Shriram Unclaimed Redemption Liquid Fund;;;1061.6857;;;21-Jan-2026
153281;Shriram Unclaimed Redemption Stable Scheme Liquid Fund;;;1000;;;21-Jan-2026

Sundaram Mutual Fund
149664;Sundaram Liquid Fund (Formerly Known as Principal Cash Management Fund) - Direct Plan - Growth Option;INF173K01GU0;;2405.7795;;;21-Jan-2026
149660;Sundaram Liquid Fund (Formerly Known as Principal Cash Management Fund) - Regular Plan IDCW;INF173K01DD3;INF173K01DE1;1045.9856;;;21-Jan-2026
149662;Sundaram Liquid Fund (Formerly Known as Principal Cash Management Fund) -Direct Plan - IDCW;INF173K01GV8;INF173K01GW6;1047.9309;;;21-Jan-2026
149661;Sundaram Liquid Fund (Formerly Known as Principal Cash Management Fund) -Growth Option;INF173K01DA9;;2375.4097;;;21-Jan-2026

Trust Mutual Fund
148842;TRUSTMF Liquid Fund-Direct Plan-Daily Income Distribution cum Capital Withdrawal;;INF0GCD01263;1257.588;;;21-Jan-2026
148841;TRUSTMF Liquid Fund-Direct Plan-Growth;INF0GCD01255;;1318.2968;;;21-Jan-2026
148839;TRUSTMF Liquid Fund-Direct Plan-Monthly Income Distribution cum Capital Withdrawal;INF0GCD01305;INF0GCD01297;1189.7725;;;21-Jan-2026
148837;TRUSTMF Liquid Fund-Direct Plan-Weekly Income Distribution cum Capital Withdrawal;INF0GCD01271;INF0GCD01289;1216.2701;;;21-Jan-2026
148834;TRUSTMF Liquid Fund-Regular Plan-Daily Income Distribution cum Capital Withdrawal;;INF0GCD01206;1190.6134;;;21-Jan-2026
148833;TRUSTMF Liquid Fund-Regular Plan-Growth;INF0GCD01198;;1308.858;;;21-Jan-2026
148843;TRUSTMF Liquid Fund-Regular Plan-Monthly Income Distribution cum Capital Withdrawal;INF0GCD01248;INF0GCD01230;1181.3479;;;21-Jan-2026
148836;TRUSTMF Liquid Fund-Regular Plan-Weekly Income Distribution cum Capital Withdrawal;INF0GCD01214;INF0GCD01222;1166.1124;;;21-Jan-2026

Unifi Mutual Fund
153570;Unifi Liquid Fund- Direct Growth;INF1MIY01056;;1036.2501;;;21-Jan-2026
153571;Unifi Liquid Fund- Regular Growth;INF1MIY01064;;1035.8667;;;21-Jan-2026

WhiteOak Capital Mutual Fund
145969;WhiteOak Capital Liquid Fund- Direct plan-Daily Reinvestment of Income Distribution cum capital withdrawal option (IDCW);;INF03VN01019;1001.5964;;;21-Jan-2026
145966;WhiteOak Capital Liquid Fund- Direct plan-Fortnightly Payout/ Reinvestment of Income Distribution cum capital withdrawal option (IDCW);INF03VN01027;INF03VN01035;1002.5123;;;21-Jan-2026
145971;WhiteOak Capital Liquid Fund- Direct plan-Growth Option;INF03VN01043;;1457.8353;;;21-Jan-2026
145967;WhiteOak Capital Liquid Fund- Direct plan-Monthly  Payout/ Reinvestment of Income Distribution cum capital withdrawal option (IDCW);INF03VN01050;INF03VN01068;1001.8070;;;21-Jan-2026
145970;WhiteOak Capital Liquid Fund- Direct plan-Weekly Payout/ Reinvestment of Income Distribution cum capital withdrawal option (IDCW);INF03VN01076;INF03VN01084;1001.7481;;;21-Jan-2026
145963;WhiteOak Capital Liquid Fund- Regular plan-Daily Reinvestment of Income Distribution cum capital withdrawal option (IDCW);;INF03VN01092;1001.5950;;;21-Jan-2026
145965;WhiteOak Capital Liquid Fund- Regular plan-Fortnightly Payout/ Reinvestment of Income Distribution cum capital withdrawal option (IDCW);INF03VN01100;INF03VN01118;1003.7390;;;21-Jan-2026
145968;WhiteOak Capital Liquid Fund- Regular plan-Growth Option;INF03VN01126;;1448.3764;;;21-Jan-2026
145972;WhiteOak Capital Liquid Fund- Regular plan-Monthly Payout/ Reinvestment of Income Distribution cum capital withdrawal option (IDCW);INF03VN01134;INF03VN01142;1001.5456;;;21-Jan-2026
145964;WhiteOak Capital Liquid Fund- Regular plan-Weekly Payout/ Reinvestment of Income Distribution cum capital withdrawal option (IDCW);INF03VN01159;INF03VN01167;1001.7402;;;21-Jan-2026

Open Ended Schemes ( Debt Scheme - Ultra Short Duration Fund )


Bank of India Mutual Fund
119380;BANK OF INDIA Ultra Short Duration Fund- Direct Plan- Daily IDCW;;INF761K01CT3;1005.0000;;;21-Jan-2026
119379;BANK OF INDIA Ultra Short Duration Fund- Direct Plan- Growth;INF761K01892;;3377.5525;;;21-Jan-2026
119381;BANK OF INDIA Ultra Short Duration Fund- Direct Plan- Weekly IDCW;;INF761K01CU1;1005.2157;;;21-Jan-2026
126389;BANK OF INDIA Ultra Short Duration Fund- Direct Plan-Bonus;INF761K01CS5;;3361.3634;;;21-Jan-2026
111970;BANK OF INDIA Ultra Short Duration Fund- Regular Plan- Daily IDCW;;INF761K01CW7;1005.0000;;;21-Jan-2026
109269;BANK OF INDIA Ultra Short Duration Fund- Regular Plan- Growth;INF761K01298;;3254.8510;;;21-Jan-2026
109264;BANK OF INDIA Ultra Short Duration Fund- Regular Plan- Weekly IDCW;;INF761K01CX5;1005.1848;;;21-Jan-2026

Baroda BNP Paribas Mutual Fund
143510;Baroda BNP Paribas Ultra Short Duratio Fund- Regular Plan- Weekly IDCW;INF251K01SN4;INF955L01GY0;1000.1524;;;21-Jan-2026
143507;Baroda BNP Paribas Ultra Short Duration Fund - Regular Plan - Daily IDCW;;INF955L01GW4;1006.2583;;;21-Jan-2026
143464;Baroda BNP Paribas Ultra Short Duration Fund - Regular Plan - Growth;INF955L01GX2;;1591.5134;;;21-Jan-2026
143511;Baroda BNP Paribas Ultra Short Duration Fund- Direct Plan- Daily IDCW;;INF955L01GZ7;1007.0751;;;21-Jan-2026
143508;Baroda BNP Paribas Ultra Short Duration Fund- Direct Plan- Growth;INF955L01HA8;;1613.8286;;;21-Jan-2026
143509;Baroda BNP Paribas Ultra Short Duration Fund- Direct Plan- Weekly IDCW;INF251K01SM6;INF955L01HB6;1000.7845;;;21-Jan-2026

DSP Mutual Fund
119205;DSP Ultra Short Fund - Direct Plan - Growth;INF740K01ON5;;3826.9054;;;21-Jan-2026
119206;DSP Ultra Short Fund - Direct Plan - IDCW;INF740K01OQ8;INF740K01OR6;1130.2682;;;21-Jan-2026
119203;DSP Ultra Short Fund - Direct Plan - IDCW - Daily;;INF740KA1NT0;1005.3288;;;21-Jan-2026
119204;DSP Ultra Short Fund - Direct Plan - IDCW - Monthly;INF740K01OO3;INF740K01OP0;1085.5677;;;21-Jan-2026
119207;DSP Ultra Short Fund - Direct Plan - IDCW - Weekly;INF740KA1NU8;INF740KA1NV6;1005.2545;;;21-Jan-2026
104138;DSP Ultra Short Fund - Regular Plan - Growth;INF740K01QQ3;;3505.4348;;;21-Jan-2026
104140;DSP Ultra Short Fund - Regular Plan - IDCW - Daily Reinvest;;INF740KA1NW4;1005.2433;;;21-Jan-2026
117063;DSP Ultra Short Fund - Regular Plan - IDCW - Monthly;INF740K01QS9;INF740K01QR1;1077.2187;;;21-Jan-2026
117995;DSP Ultra Short Fund - Regular Plan - IDCW - Payout;INF740K01MK5;;1118.2307;;;21-Jan-2026
104139;DSP Ultra Short Fund - Regular Plan - IDCW - Weekly Reinvest;;;1005.1528;;;21-Jan-2026

Franklin Templeton Mutual Fund
152825;Franklin India Ultra Short Duration Fund - Direct - Growth;INF090I01XL4;;11.0423;;;21-Jan-2026
152827;Franklin India Ultra Short Duration Fund - Direct - IDCW;INF090I01XM2;INF090I01XN0;10.6554;;;21-Jan-2026
152828;Franklin India Ultra Short Duration Fund - Growth;INF090I01XJ8;;10.9722;;;21-Jan-2026
152826;Franklin India Ultra Short Duration Fund - IDCW;INF090I01XK6;INF090I01XO8;10.5958;;;21-Jan-2026

ICICI Prudential Mutual Fund
145399;ICICI Prudential Ultra Short Term Fund - Daily IDCW;-;INF109KC1ND7;10.0696;;;21-Jan-2026
120676;ICICI Prudential Ultra Short Term Fund - Direct Plan -  Growth;INF109K01T04;;31.0083;;;21-Jan-2026
120677;ICICI Prudential Ultra Short Term Fund - Direct Plan -  Monthly IDCW;INF109K01T38;INF109K01T46;10.7958;;;21-Jan-2026
120675;ICICI Prudential Ultra Short Term Fund - Direct Plan -  Quarterly IDCW;INF109K01T53;INF109K01T61;11.1674;;;21-Jan-2026
145404;ICICI Prudential Ultra Short Term Fund - Direct Plan - Daily IDCW;-;INF109KC1MY5;10.0014;;;21-Jan-2026
145400;ICICI Prudential Ultra Short Term Fund - Direct Plan - Weekly IDCW;INF109KC1NA3;INF109KC1MZ2;10.0852;;;21-Jan-2026
115092;ICICI Prudential Ultra Short Term Fund - Growth;INF109K01TP7;;28.6094;;;21-Jan-2026
115094;ICICI Prudential Ultra Short Term Fund - Monthly IDCW;INF109K01TR3;INF109K01TQ5;10.6639;;;21-Jan-2026
115091;ICICI Prudential Ultra Short Term Fund - Quarterly IDCW;INF109K01TT9;INF109K01TS1;10.9564;;;21-Jan-2026
145402;ICICI Prudential Ultra Short Term Fund - Weekly IDCW;INF109KC1NF2;INF109KC1NE5;10.0691;;;21-Jan-2026

ITI Mutual Fund
148909;ITI Ultra Short Duration Fund - Direct Plan - Annually IDCW Option;INF00XX01AM5;INF00XX01AJ1;1323.8417;;;21-Jan-2026
148910;ITI Ultra Short Duration Fund - Direct Plan - Daily IDCW;;INF00XX01AF9;1001.0000;;;21-Jan-2026
148908;ITI Ultra Short Duration Fund - Direct Plan - Fortnightly IDCW Option;INF00XX01AK9;INF00XX01AH5;1000.0500;;;21-Jan-2026
148913;ITI Ultra Short Duration Fund - Direct Plan - Growth Option;INF00XX01AE2;;1322.1656;;;21-Jan-2026
148916;ITI Ultra Short Duration Fund - Direct Plan - Monthly IDCW Option;INF00XX01AL7;INF00XX01AI3;1003.4540;;;21-Jan-2026
148915;ITI Ultra Short Duration Fund - Direct Plan - Weekly IDCW Option;;INF00XX01AG7;1000.0500;;;21-Jan-2026
148917;ITI Ultra Short Duration Fund - Regular Plan - Annually IDCW Option;INF00XX01AD4;INF00XX01AA0;1271.8780;;;21-Jan-2026
148912;ITI Ultra Short Duration Fund - Regular Plan - Daily IDCW Option;;INF00XX01960;1001.0000;;;21-Jan-2026
148911;ITI Ultra Short Duration Fund - Regular Plan - Fortnightly IDCW Option;INF00XX01AB8;INF00XX01986;1001.4121;;;21-Jan-2026
148906;ITI Ultra Short Duration Fund - Regular Plan - Growth Option;INF00XX01952;;1271.8231;;;21-Jan-2026
148914;ITI Ultra Short Duration Fund - Regular Plan - Monthly IDCW Option;INF00XX01AC6;INF00XX01994;1002.9177;;;21-Jan-2026
148907;ITI Ultra Short Duration Fund - Regular Plan - Weekly IDCW Option;;INF00XX01978;1001.1110;;;21-Jan-2026

Kotak Mahindra Mutual Fund
102591;Kotak Savings Fund -Growth;INF174K01FD6;;44.2212;;;21-Jan-2026
102592;Kotak Savings Fund -Monthly Payout of Income Distribution cum capital withdrawal option;INF174K01FH7;;10.7139;;;21-Jan-2026
119750;Kotak Savings Fund-Growth - Direct;INF174K01JP2;;46.4451;;;21-Jan-2026
119751;Kotak Savings Fund-Monthly Payout of Income Distribution cum capital withdrawal option - Direct;INF174K01JQ0;;20.0202;;;21-Jan-2026

LIC Mutual Fund
147771;LIC MF Ultra Short Duration Fund-Direct Plan-Daily IDCW;;INF767K01QP8;1102.1317;;;21-Jan-2026
147772;LIC MF Ultra Short Duration Fund-Direct Plan-Growth;INF767K01QU8;;1394.8871;;;21-Jan-2026
147773;LIC MF Ultra Short Duration Fund-Direct Plan-Monthly IDCW;INF767K01QT0;INF767K01QS2;1394.7055;;;21-Jan-2026
147769;LIC MF Ultra Short Duration Fund-Direct Plan-Weekly IDCW;INF767K01QR4;INF767K01QQ6;1101.8539;;;21-Jan-2026
147766;LIC MF Ultra Short Duration Fund-Regular Plan-Daily IDCW;;INF767K01QJ1;1093.4116;;;21-Jan-2026
147770;LIC MF Ultra Short Duration Fund-Regular Plan-Growth;INF767K01QO1;;1359.7285;;;21-Jan-2026
147768;LIC MF Ultra Short Duration Fund-Regular Plan-Monthly IDCW;INF767K01QN3;INF767K01QM5;1359.9458;;;21-Jan-2026
147767;LIC MF Ultra Short Duration Fund-Regular Plan-Weekly IDCW;INF767K01QL7;INF767K01QK9;1030.2403;;;21-Jan-2026

Mahindra Manulife Mutual Fund
147733;Mahindra Manulife Ultra Short Duration Fund - Direct Plan - Daily IDCW;;INF174V01895;1210.1498;;;21-Jan-2026
147732;Mahindra Manulife Ultra Short Duration Fund - Direct Plan - Weekly IDCW;;INF174V01903;1000.3410;;;21-Jan-2026
147731;Mahindra Manulife Ultra Short Duration Fund - Direct Plan -Growth;INF174V01887;;1455.8894;;;21-Jan-2026
147729;Mahindra Manulife Ultra Short Duration Fund - Regular Plan - Daily IDCW;;INF174V01861;1099.7487;;;21-Jan-2026
147734;Mahindra Manulife Ultra Short Duration Fund - Regular Plan - Growth;INF174V01853;;1418.0284;;;21-Jan-2026
147730;Mahindra Manulife Ultra Short Duration Fund - Regular Plan - Weekly IDCW;;INF174V01879;1000.3003;;;21-Jan-2026

Mirae Asset Mutual Fund
148529;Mirae Asset Ultra Short Duration Fund Direct Growth;INF769K01GK6;;1367.3641;;;21-Jan-2026
148532;Mirae Asset Ultra Short Duration Fund Direct IDCW;INF769K01GJ8;INF769K01GL4;1367.0494;;;21-Jan-2026
148530;Mirae Asset Ultra Short Duration Fund Regular Growth;INF769K01GH2;;1351.0977;;;21-Jan-2026
148531;Mirae Asset Ultra Short Duration Fund Regular IDCW;INF769K01GG4;INF769K01GI0;1350.6071;;;21-Jan-2026

SBI Mutual Fund
119784;SBI Ultra Short Duration Fund - Direct Plan - Daily Income Distribution cum Capital Withdrawal Option (IDCW);;INF200K01TG3;2350.3485;;;21-Jan-2026
119828;SBI ULTRA SHORT DURATION FUND - DIRECT PLAN - GROWTH;INF200K01TF5;;6285.5786;;;21-Jan-2026
119829;SBI Ultra Short Duration Fund - Direct Plan - Weekly Income Distribution cum Capital Withdrawal Option (IDCW);INF200K01TH1;INF200K01TI9;1273.0779;;;21-Jan-2026
105080;SBI Ultra Short Duration Fund - Regular Plan - Daily Income Distribution cum Capital Withdrawal Option (IDCW);;INF200K01LK2;2323.8158;;;21-Jan-2026
100641;SBI ULTRA SHORT DURATION FUND - REGULAR PLAN - GROWTH;INF200K01LJ4;;6169.6115;;;21-Jan-2026
103884;SBI Ultra Short Duration Fund - Regular Plan - Weekly Income Distribution cum Capital Withdrawal Option (IDCW);INF200K01LM8;INF200K01LL0;1265.0835;;;21-Jan-2026

Sundaram Mutual Fund
149537;Sundaram Ultra Short Duration Fund (Formerly Known as Principal Ultra Short Term Fund) - Income Distribution CUM Capital Withdrawal Option (IDCW);INF173K01CX3;INF173K01CY1;1077.0666;;;21-Jan-2026
149539;Sundaram Ultra Short Duration Fund (Formerly Known as Principal Ultra Short Term Fund)- Direct Plan -Growth Option;INF173K01HI3;;3027.2702;;;21-Jan-2026
149540;Sundaram Ultra Short Duration Fund (Formerly Known as Principal Ultra Short Term Fund)- Direct Plan Income Distribution CUM Capital Withdrawal Option (IDCW);INF173K01HK9;INF173K01HJ1;1090.1585;;;21-Jan-2026
149535;Sundaram Ultra Short Duration Fund (Formerly Known as Principal Ultra Short Term Fund)-Growth Option;INF173K01CU9;;2756.2704;;;21-Jan-2026

WhiteOak Capital Mutual Fund
147316;WhiteOak Capital Ultra Short Duration Fund- Direct plan-Daily Reinvestment of Income Distribution cum capital withdrawal option (IDCW);;INF03VN01175;1004.9897;;;21-Jan-2026
147315;WhiteOak Capital Ultra Short Duration Fund- Direct plan-Fortnightly Payout/ Reinvestment of Income Distribution cum capital withdrawal option (IDCW);INF03VN01183;INF03VN01191;1005.0622;;;21-Jan-2026
147311;WhiteOak Capital Ultra Short Duration Fund- Direct plan-Growth Option;INF03VN01209;;1453.7654;;;21-Jan-2026
147312;WhiteOak Capital Ultra Short Duration Fund- Direct plan-Monthly Payout/ Reinvestment of Income Distribution cum capital withdrawal option (IDCW);INF03VN01217;INF03VN01225;1005.9626;;;21-Jan-2026
147313;WhiteOak Capital Ultra Short Duration Fund- Direct plan-Weekly Payout/ Reinvestment of Income Distribution cum capital withdrawal option (IDCW);INF03VN01233;INF03VN01241;1005.0829;;;21-Jan-2026
147308;WhiteOak Capital Ultra Short Duration Fund- Regular plan-Daily Reinvestment of Income Distribution cum capital withdrawal option (IDCW);;INF03VN01258;1004.9258;;;21-Jan-2026
147309;WhiteOak Capital Ultra Short Duration Fund- Regular plan-Fortnightly Payout/ Reinvestment of Income Distribution cum capital withdrawal option (IDCW);INF03VN01266;INF03VN01274;1004.9669;;;21-Jan-2026
147307;WhiteOak Capital Ultra Short Duration Fund- Regular plan-Growth Option;INF03VN01282;;1400.1579;;;21-Jan-2026
147314;WhiteOak Capital Ultra Short Duration Fund- Regular plan-Monthly Payout/ Reinvestment of Income Distribution cum capital withdrawal option (IDCW);INF03VN01290;INF03VN01308;1004.8390;;;21-Jan-2026
147310;WhiteOak Capital Ultra Short Duration Fund- Regular plan-Weekly Payout/ Reinvestment of Income Distribution cum capital withdrawal option (IDCW);INF03VN01316;INF03VN01324;1006.3490;;;21-Jan-2026

Open Ended Schemes ( Debt Scheme - Low Duration Fund )


Baroda BNP Paribas Mutual Fund
150168;BARODA BNP PARIBAS LOW DURATION Fund - Direct Plan - Daily IDCW Option;;INF251K01GK5;10.0932;;;21-Jan-2026
150169;BARODA BNP PARIBAS LOW DURATION Fund - Direct Plan - Growth Option;INF251K01GJ7;;45.3808;;;21-Jan-2026
150170;BARODA BNP PARIBAS LOW DURATION Fund - Direct Plan - Monthly IDCW Option;INF251K01GN9;INF251K01GO7;10.3999;;;21-Jan-2026
150171;BARODA BNP PARIBAS LOW DURATION Fund - Direct Plan - Weekly IDCW Option;INF251K01GL3;INF251K01GM1;10.0101;;;21-Jan-2026
150164;BARODA BNP PARIBAS LOW DURATION FUND - Regular Plan - DAILY IDCW OPTION;;INF251K01DR7;10.0546;;;21-Jan-2026
150165;BARODA BNP PARIBAS LOW DURATION FUND - Regular Plan - GROWTH OPTION;INF251K01DQ9;;41.2693;;;21-Jan-2026
150167;BARODA BNP PARIBAS LOW DURATION FUND - Regular Plan - MONTHLY IDCW OPTION;INF251K01DU1;INF251K01DV9;10.2839;;;21-Jan-2026
150166;BARODA BNP PARIBAS LOW DURATION FUND - Regular Plan - WEEKLY IDCW OPTION;INF251K01DS5;INF251K01DT3;10.0069;;;21-Jan-2026
150163;BARODA BNP PARIBAS LOW DURATION Fund-Defunct Plan- Daily IDCW Option;;INF251K01DM8;10.0441;;;21-Jan-2026
150160;BARODA BNP PARIBAS LOW DURATION Fund-Defunct Plan-Growth Option;INF251K01DL0;;41.3410;;;21-Jan-2026
150162;BARODA BNP PARIBAS LOW DURATION Fund-Defunct Plan-Monthly IDCW Option;INF251K01DO4;INF251K01DP1;10.5062;;;21-Jan-2026
150161;BARODA BNP PARIBAS LOW DURATION Fund-Defunct Plan-Weekly IDCW Option;;INF251K01DN6;10.0069;;;21-Jan-2026

DSP Mutual Fund
133925;DSP Low Duration Fund - Direct Plan - Growth;INF740K013Q1;;21.135;;;21-Jan-2026
133922;DSP Low Duration Fund - Direct Plan - IDCW - Daily;;INF740KA1OL5;10.1194;;;21-Jan-2026
133928;DSP Low Duration Fund - Direct Plan - IDCW - Monthly;INF740K014Q9;INF740K015Q6;11.7965;;;21-Jan-2026
133924;DSP Low Duration Fund - Direct Plan - IDCW - Quarterly;INF740K016Q4;INF740K017Q2;10.8572;;;21-Jan-2026
133923;DSP Low Duration Fund - Direct Plan - IDCW - Weekly;INF740KA1OM3;INF740KA1ON1;10.1237;;;21-Jan-2026
133926;DSP Low Duration Fund - Regular Plan - Growth;INF740K018P2;;20.4296;;;21-Jan-2026
133919;DSP Low Duration Fund - Regular Plan - IDCW - Daily;;INF740KA1OO9;10.1731;;;21-Jan-2026
133920;DSP Low Duration Fund - Regular Plan - IDCW - Monthly;INF740K019P0;INF740K010Q7;10.6475;;;21-Jan-2026
133921;DSP Low Duration Fund - Regular Plan - IDCW - Quarterly;INF740K011Q5;INF740K012Q3;10.8218;;;21-Jan-2026
133927;DSP Low Duration Fund - Regular Plan - IDCW - Weekly;INF740KA1OP6;INF740KA1OQ4;10.122;;;21-Jan-2026

Franklin Templeton Mutual Fund
153368;Franklin India Low Duration Fund-Direct-Growth;INF090I01YE7;;10.6877;;;21-Jan-2026
153369;Franklin India Low Duration Fund-Direct-IDCW;INF090I01YG2;INF090I01YF4;10.4754;;;21-Jan-2026
153371;Franklin India Low Duration Fund-Growth;INF090I01YB3;;10.6338;;;21-Jan-2026
153370;Franklin India Low Duration Fund-IDCW;INF090I01YD9;INF090I01YC1;10.4318;;;21-Jan-2026

ICICI Prudential Mutual Fund
101618;ICICI Prudential Savings Fund - Daily IDCW;INF109K01738;;105.6851;;;21-Jan-2026
120397;ICICI Prudential Savings Fund - Direct Plan - Daily IDCW;;INF109K01O66;105.6885;;;21-Jan-2026
122904;ICICI Prudential Savings Fund - Direct Plan - Fortnightly IDCW;INF109K016Y3;INF109K015Y5;101.6419;;;21-Jan-2026
120398;ICICI Prudential Savings Fund - Direct Plan - Growth;INF109K01O82;;570.8186;;;21-Jan-2026
120399;ICICI Prudential Savings Fund - Direct Plan - IDCW Others;INF109K01O90;INF109K01O74;191.5298;;;21-Jan-2026
122651;ICICI Prudential Savings Fund - Direct Plan - Monthly IDCW;INF109K018Y9;INF109K017Y1;101.7107;;;21-Jan-2026
122982;ICICI Prudential Savings Fund - Direct Plan - Quarterly IDCW;INF109K010Z3;INF109K019Y7;109.7858;;;21-Jan-2026
120396;ICICI Prudential Savings Fund - Direct Plan - Weekly IDCW;INF109K01P08;INF109K01P16;105.4320;;;21-Jan-2026
122748;ICICI Prudential Savings Fund - Fortnightly IDCW;INF109K012Z9;INF109K011Z1;101.6392;;;21-Jan-2026
101619;ICICI Prudential Savings Fund - Growth;INF109K01746;;562.7502;;;21-Jan-2026
115511;ICICI Prudential Savings Fund - IDCW Others;INF109K01WO4;INF109K01WN6;188.6248;;;21-Jan-2026
122531;ICICI Prudential Savings Fund - Monthly IDCW;INF109K014Z5;INF109K013Z7;101.7029;;;21-Jan-2026
122995;ICICI Prudential Savings Fund - Quarterly IDCW;INF109K016Z0;INF109K015Z2;109.5055;;;21-Jan-2026
101617;ICICI Prudential Savings Fund - Weekly IDCW;INF109K01JO1;INF109K01753;105.3822;;;21-Jan-2026

JM Financial Mutual Fund
143610;JM Low Duration Fund (Direct) - Bonus Option - Principal Units;INF192K01FL1;;23.6947;;;21-Jan-2026
143604;JM Low Duration Fund (Direct) - Daily IDCW;;INF192K01DT9;10.8412;;;21-Jan-2026
143606;JM Low Duration Fund (Direct) - Fortnightly IDCW;;INF192K01DV5;11.1153;;;21-Jan-2026
143612;JM Low Duration Fund (Direct) - Growth;INF192K01DW3;;39.3538;;;21-Jan-2026
143611;JM Low Duration Fund (Direct) - Weekly IDCW;;INF192K01DU7;11.4451;;;21-Jan-2026
143603;JM Low Duration Fund (Regular) - Daily IDCW;;INF192K01AV1;10.8098;;;21-Jan-2026
143605;JM Low Duration Fund (Regular) - Fortnightly IDCW ;;INF192K01AX7;11.074;;;21-Jan-2026
143607;JM Low Duration Fund (Regular) - Growth Option;INF192K01AY5;;38.2051;;;21-Jan-2026
143608;JM Low Duration Fund (Regular) - Weekly IDCW;;INF192K01AW9;11.4039;;;21-Jan-2026
143609;JM Low Duration Fund - Bonus Option - Principal Units;INF192K01FJ5;;23.0176;;;21-Jan-2026

Kotak Mahindra Mutual Fund
133812;Kotak Low Duration Fund - Direct Plan- Standard Income Distribution cum capital withdrawal option;INF178L01AZ9;INF178L01AY2;1602.1577;;;21-Jan-2026
133810;Kotak Low Duration Fund- Direct Plan- Growth Option;INF178L01AX4;;3769.9833;;;21-Jan-2026
133805;Kotak Low Duration Fund- Regular Plan-Growth Option;INF178L01202;;3442.1785;;;21-Jan-2026
133809;Kotak Low Duration Fund- Regular Plan-Standard Income Distribution cum capital withdrawal option;INF178L01210;INF178L01228;1312.0625;;;21-Jan-2026

LIC Mutual Fund
120316;LIC MF Low Duration Fund-Direct Plan-Daily IDCW;INF767K01FL0;INF767K01FN6;10.0452;;;21-Jan-2026
120315;LIC MF Low Duration Fund-Direct Plan-Growth;INF767K01FM8;;44.3205;;;21-Jan-2026
120317;LIC MF Low Duration Fund-Direct Plan-Monthly IDCW;INF767K01FP1;INF767K01FO4;23.1461;;;21-Jan-2026
120318;LIC MF Low Duration Fund-Direct Plan-Weekly IDCW;INF767K01JJ6;INF767K01JK4;15.4381;;;21-Jan-2026
111676;LIC MF Low Duration Fund-Regular Plan-Daily IDCW;INF767K01AK3;INF767K01AL1;10.7458;;;21-Jan-2026
101830;LIC MF Low Duration Fund-Regular Plan-Growth;INF767K01AO5;;40.7088;;;21-Jan-2026
101829;LIC MF Low Duration Fund-Regular Plan-Monthly IDCW;INF767K01AM9;INF767K01AN7;14.0374;;;21-Jan-2026
111675;LIC MF Low Duration Fund-Regular Plan-Weekly IDCW;INF767K01AP2;INF767K01AQ0;13.9601;;;21-Jan-2026

Mahindra Manulife Mutual Fund
140617;Mahindra Manulife Low Duration Fund - Direct Plan - Daily IDCW;;INF174V01275;1220.3866;;;21-Jan-2026
140619;Mahindra Manulife Low Duration Fund - Direct Plan - Monthly IDCW;INF174V01309;INF174V01291;1133.3571;;;21-Jan-2026
140618;Mahindra Manulife Low Duration Fund - Direct Plan - Weekly IDCW;;INF174V01283;1029.7171;;;21-Jan-2026
140613;Mahindra Manulife Low Duration Fund - Direct Plan -Growth;INF174V01267;;1813.5259;;;21-Jan-2026
140614;Mahindra Manulife Low Duration Fund - Regular Plan - Daily IDCW;;INF174V01226;1006.0947;;;21-Jan-2026
140620;Mahindra Manulife Low Duration Fund - Regular Plan - Growth;INF174V01218;;1683.2604;;;21-Jan-2026
140616;Mahindra Manulife Low Duration Fund - Regular Plan - Monthly IDCW;INF174V01259;INF174V01242;1113.3717;;;21-Jan-2026
140615;Mahindra Manulife Low Duration Fund - Regular Plan - Weekly IDCW;;INF174V01234;1051.8715;;;21-Jan-2026

Mirae Asset Mutual Fund
118843;Mirae Asset Low Duration Fund - Direct Plan - Daily IDCW;;INF769K01BR2;1208.2253;;;21-Jan-2026
118840;Mirae Asset Low Duration Fund - Direct Plan - Growth;INF769K01BO9;;2543.2136;;;21-Jan-2026
118841;Mirae Asset Low Duration Fund - Direct Plan - Monthly IDCW;INF769K01BP6;INF769K01BT8;1161.6974;;;21-Jan-2026
118842;Mirae Asset Low Duration Fund - Direct Plan - Quarterly IDCW;INF769K01BQ4;INF769K01BU6;1000.3138;;;21-Jan-2026
118844;Mirae Asset Low Duration Fund - Direct Plan - Weekly IDCW;;INF769K01BS0;1454.1784;;;21-Jan-2026
107700;Mirae Asset Low Duration Fund - Regular Plan - Daily IDCW;;INF769K01986;1004.4058;;;21-Jan-2026
107705;Mirae Asset Low Duration Fund - Regular Plan - Growth;INF769K01937;;2327.7418;;;21-Jan-2026
107704;Mirae Asset Low Duration Fund - Regular Plan - Monthly IDCW;INF769K01960;INF769K01AA0;1088.5533;;;21-Jan-2026
107702;Mirae Asset Low Duration Fund - Regular Plan - Quarterly IDCW;INF769K01978;INF769K01AB8;1000.0683;;;21-Jan-2026
107701;Mirae Asset Low Duration Fund - Regular Plan - Weekly IDCW;;INF769K01994;1106.3279;;;21-Jan-2026

SBI Mutual Fund
119810;SBI Low Duration Fund - Direct Plan - Daily Income Distribution cum Capital Withdrawal Option (IDCW);;INF200K01VJ3;1447.6258;;;21-Jan-2026
119811;SBI Low Duration Fund - Direct Plan - Fortnightly Income Distribution cum Capital Withdrawal Option (IDCW);INF200K01VK1;INF200K01VL9;1472.9334;;;21-Jan-2026
119812;SBI LOW DURATION FUND - DIRECT PLAN - GROWTH;INF200K01VM7;;3755.3024;;;21-Jan-2026
119818;SBI Low Duration Fund - Direct Plan - Monthly Income Distribution cum Capital Withdrawal Option (IDCW);INF200K01VN5;INF200K01VO3;1668.7451;;;21-Jan-2026
119819;SBI Low Duration Fund - Direct Plan - Weekly Income Distribution cum Capital Withdrawal Option (IDCW);INF200K01VP0;INF200K01VQ8;1449.7435;;;21-Jan-2026
106213;SBI Low Duration Fund - Regular Plan - Daily Income Distribution cum Capital Withdrawal Option (IDCW);;INF200K01ML8;1402.2878;;;21-Jan-2026
106215;SBI Low Duration Fund - Regular Plan - Fornightly Income Distribution cum Capital Withdrawal Option (IDCW);INF200K01MM6;INF200K01MN4;1426.8342;;;21-Jan-2026
106212;SBI LOW DURATION FUND - REGULAR PLAN - GROWTH;INF200K01MO2;;3600.0999;;;21-Jan-2026
106216;SBI Low Duration Fund - Regular Plan - Monthly Income Distribution cum Capital Withdrawal Option (IDCW);INF200K01MP9;INF200K01MQ7;1578.9555;;;21-Jan-2026
106214;SBI Low Duration Fund - Regular Plan - Weekly Income Distribution cum Capital Withdrawal Option (IDCW);INF200K01MR5;INF200K01MS3;1402.2768;;;21-Jan-2026
106221;SBI Short Horizon Debt Fund - Ultra Short Term Fund - Institutional Plan - Daily Income Distribution cum Capital Withdrawal Option (IDCW);;INF200K01MD5;1402.6195;;;21-Jan-2026
106217;SBI Short Horizon Debt Fund - Ultra Short Term Fund - Institutional Plan - Growth;INF200K01MG8;;3663.5886;;;21-Jan-2026
106222;SBI Short Horizon Debt Fund - Ultra Short Term Fund- Institutional Plan - Weekly Income Distribution cum Capital Withdrawal Option (IDCW);INF200K01MJ2;INF200K01MK0;1399.1376;;;21-Jan-2026

Sundaram Mutual Fund
149526;Sundaram Low Duration Fund (Formerly Known as Principal Low Duration Fund) - Direct Plan - Growth Option;INF173K01FS6;;3832.9528;;;21-Jan-2026
149525;Sundaram Low Duration Fund (Formerly Known as Principal Low Duration Fund) - Direct Plan - Income Distribution CUM Capital Withdrawal Option (IDCW);INF173K01FT4;INF173K01FU2;1121.3152;;;21-Jan-2026
149519;Sundaram Low Duration Fund (Formerly Known as Principal Low Duration Fund)- Growth Option;INF173K01DG6;;3559.6413;;;21-Jan-2026
149521;Sundaram Low Duration Fund (Formerly Known as Principal Low Duration Fund)- Income Distribution CUM Capital Withdrawal Option (IDCW);INF173K01DJ0;INF173K01DK8;1103.3994;;;21-Jan-2026

Open Ended Schemes ( Debt Scheme - Money Market Fund )


Bajaj Finserv Mutual Fund
151889;Bajaj Finserv Money Market Fund-Direct Plan-Growth;INF0QA701334;;1201.7512;;;21-Jan-2026
151890;Bajaj Finserv Money Market Fund-Direct Plan-IDCW;INF0QA701391;INF0QA701375;1201.7512;;;21-Jan-2026
151894;Bajaj Finserv Money Market Fund-Direct Plan-Monthly-IDCW;INF0QA701433;INF0QA701425;1035.5390;;;21-Jan-2026
151893;Bajaj Finserv Money Market Fund-Regular Plan-Growth;INF0QA701441;;1184.1420;;;21-Jan-2026
151891;Bajaj Finserv Money Market Fund-Regular Plan-IDCW;INF0QA701466;INF0QA701458;1184.1420;;;21-Jan-2026
151892;Bajaj Finserv Money Market Fund-Regular Plan-Monthly-IDCW;INF0QA701482;INF0QA701474;1043.1691;;;21-Jan-2026

Bank of India Mutual Fund
153296;Bank of India Money Market Fund - Direct - Daily IDCW;;INF761K01GP2;10.0500;;;21-Jan-2026
153294;Bank of India Money Market Fund - Direct - Growth;INF761K01GO5;;10.6962;;;21-Jan-2026
153295;Bank of India Money Market Fund - Direct - Monthly IDCW;INF761K01GR8;INF761K01GX6;10.6951;;;21-Jan-2026
153298;Bank of India Money Market Fund - Regular - Daily IDCW;;INF761K01GT4;10.0500;;;21-Jan-2026
153293;Bank of India Money Market Fund - Regular - Growth;INF761K01GS6;;10.6433;;;21-Jan-2026
153299;Bank of India Money Market Fund - Regular - Monthly IDCW;INF761K01GW8;INF761K01GV0;10.6437;;;21-Jan-2026
153301;Bank of India Money Market Fund - Regular - Weekly IDCW;;INF761K01GU2;10.0501;;;21-Jan-2026

Baroda BNP Paribas Mutual Fund
147373;Baroda BNP Paribas Money Market Fund - Direct Plan - Monthly IDCW;INF955L01IG3;;1035.9196;;;21-Jan-2026
147378;Baroda BNP Paribas Money Market Fund - Direct Plan-Daily IDCW;;INF955L01IE8;1000.0000;;;21-Jan-2026
147376;Baroda BNP Paribas Money Market Fund - Regular Plan - Monthly IDCW;INF955L01IB4;;1017.1110;;;21-Jan-2026
147379;Baroda BNP Paribas Money Market Fund -Direct Plan - Weekly IDCW;;INF955L01IF5;1000.2038;;;21-Jan-2026
147377;Baroda BNP Paribas Money Market Fund- Direct Plan - Growth;INF955L01ID0;;1447.7397;;;21-Jan-2026
147382;Baroda BNP Paribas Money Market Fund-Regular Plan - Growth;INF955L01HY8;;1425.2773;;;21-Jan-2026
147380;Baroda BNP Paribas Money Market Fund-Regular Plan- Daily IDCW;;INF955L01HZ5;1005.9753;;;21-Jan-2026
147381;Baroda BNP Paribas Money Market Fund-Regular Plan-Weekly IDCW;;INF955L01IA6;1000.3546;;;21-Jan-2026

DSP Mutual Fund
123288;DSP Savings Fund - Direct Plan -  IDCW - Daily;;INF740KA1PB3;10.1527;;;21-Jan-2026
119106;DSP Savings Fund - Direct Plan - Growth;INF740K01NU2;;56.0885;;;21-Jan-2026
119108;DSP Savings Fund - Direct Plan - IDCW;INF740K01NV0;INF740K01NX6;12.4537;;;21-Jan-2026
119107;DSP Savings Fund - Direct Plan - IDCW - Monthly;INF740K01NT4;INF740K01NW8;11.0231;;;21-Jan-2026
100087;DSP Savings Fund - Regular Plan - Growth;INF740K01714;;54.3547;;;21-Jan-2026
100088;DSP Savings Fund - Regular Plan - IDCW;INF740K01706;INF740K01AJ2;12.412;;;21-Jan-2026
123287;DSP Savings Fund - Regular Plan - IDCW - Daily;;INF740KA1PC1;10.1021;;;21-Jan-2026
100089;DSP Savings Fund - Regular Plan - IDCW - Monthly;INF740K01722;INF740K01AK0;10.9883;;;21-Jan-2026

Franklin Templeton Mutual Fund
118506;Franklin India Money Market Fund - Direct - Growth;INF090I01GV8;;53.6820;;;21-Jan-2026
152200;Franklin India Money Market Fund - DP - Wkly IDCW R;INF090I01WV5;INF090I01WW3;10.1010;;;21-Jan-2026
101357;Franklin India Money Market Fund - Growth Option;INF090I01CA1;;51.9097;;;21-Jan-2026
122443;Franklin India Money Market Fund Retail Option - Daily - IDCW;;INF090I01KM9;10.1005;;;21-Jan-2026
122444;Franklin India Money Market Fund Retail Option - Direct - Daily - IDCW;;INF090I01KN7;10.1115;;;21-Jan-2026
129437;Franklin India Money Market Fund Retail Option - Direct - Monthly - IDCW;INF090I01LC8;INF090I01LD6;10.9325;;;21-Jan-2026
118505;Franklin India Money Market Fund Retail Option - Direct - Quarterly - IDCW;INF090I01GT2;INF090I01GU0;11.6464;;;21-Jan-2026
129436;Franklin India Money Market Fund Retail Option - Monthly - IDCW;INF090I01LA2;INF090I01LB0;10.5255;;;21-Jan-2026
101356;Franklin India Money Market Fund Retail Option - Quarterly - IDCW;INF090I01BZ0;INF090I01BY3;11.1107;;;21-Jan-2026
152199;Franklin India Money Market Fund Wkly IDCW R;INF090I01WT9;INF090I01WU7;10.0905;;;21-Jan-2026

Groww Mutual Fund
153982;Groww Money Market Fund Direct Growth;INF666M01MW3;;10.0853;;;21-Jan-2026
153991;Groww Money Market Fund Direct IDCW;INF666M01MX1;INF666M01MY9;10.0853;;;21-Jan-2026
153992;Groww Money Market Fund Regular Growth;INF666M01MZ6;;10.0756;;;21-Jan-2026
153993;Groww Money Market Fund Regular IDCW;INF666M01NA7;INF666M01NB5;10.0757;;;21-Jan-2026

ICICI Prudential Mutual Fund
120209;ICICI Prudential Money Market Fund Option - Direct Plan -  Daily IDCW;;INF109K01R22;100.1435;;;21-Jan-2026
120211;ICICI Prudential Money Market Fund Option - Direct Plan -  Growth;INF109K01R14;;397.6860;;;21-Jan-2026
120216;ICICI Prudential Money Market Fund Option - Direct Plan -  IDCW Others;INF109K01R30;;182.2177;;;21-Jan-2026
120212;ICICI Prudential Money Market Fund Option - Direct Plan -  Weekly IDCW;INF109K01R89;;100.7754;;;21-Jan-2026
103634;ICICI Prudential Money Market Fund Option - Daily IDCW;INF109K01TY9;;100.1295;;;21-Jan-2026
103633;ICICI Prudential Money Market Fund Option - Growth;INF109K01TX1;;392.6574;;;21-Jan-2026
130013;ICICI Prudential Money Market Fund Option - IDCW Others;INF109K01I64;;180.3411;;;21-Jan-2026
103635;ICICI Prudential Money Market Fund Option - Weekly IDCW;INF109K01TZ6;;100.7120;;;21-Jan-2026

Jio BlackRock Mutual Fund
153649;JioBlackRock Money Market Fund - Direct Plan - Growth Option;INF22M001028;;1031.5964;;;21-Jan-2026

Kotak Mahindra Mutual Fund
101893;Kotak Money Market Fund - (Growth);INF174K01NA6;;4644.7414;;;21-Jan-2026
119746;Kotak Money Market Fund - (Growth) - Direct;INF174K01MW2;;4691.195;;;21-Jan-2026
101892;Kotak Money market Fund - (Monthly Payout of Income Distribution cum capital withdrawal option);INF174K018O0;INF174K01NB4;1052.0562;;;21-Jan-2026
119747;Kotak Money Market Fund - (Monthly Payout of Income Distribution cum capital withdrawal option) - Direct;INF174K019O8;INF174K01MX0;1251.9955;;;21-Jan-2026

LIC Mutual Fund
150392;LIC MF Money Market Fund-Direct Plan-Growth;INF767K01RE0;;1245.8087;;;21-Jan-2026
150391;LIC MF Money Market Fund-Direct Plan-IDCW;INF767K01RF7;INF767K01RG5;1245.8088;;;21-Jan-2026
150393;LIC MF Money Market Fund-Regular Plan-Growth;INF767K01RB6;;1228.9834;;;21-Jan-2026
150394;LIC MF Money Market Fund-Regular Plan-IDCW;INF767K01RC4;INF767K01RD2;1228.9834;;;21-Jan-2026

Mirae Asset Mutual Fund
149112;Mirae Asset Money Market Fund Direct Growth;INF769K01HN8;;1322.3571;;;21-Jan-2026
149113;Mirae Asset Money Market Fund Direct IDCW;INF769K01HM0;INF769K01HO6;1320.1757;;;21-Jan-2026
149115;Mirae Asset Money Market Fund Regular Growth;INF769K01HK4;;1301.5539;;;21-Jan-2026
149114;Mirae Asset Money Market Fund Regular IDCW;INF769K01HJ6;INF769K01HL2;1301.5440;;;21-Jan-2026

SBI Mutual Fund
119821;SBI  SAVINGS FUND - DIRECT PLAN - GROWTH;INF200K01SZ5;;46.0326;;;21-Jan-2026
102503;SBI  SAVINGS FUND - REGULAR PLAN - GROWTH;INF200K01636;;42.8084;;;21-Jan-2026
119820;SBI Savings Fund - Direct Plan - Income Distribution cum Capital Withdrawal Option (IDCW);INF200K01SX0;INF200K01SY8;18.2460;;;21-Jan-2026
119822;SBI Savings Fund - Direct Plan Daily Income Distribution cum Capital Withdrawal Option (IDCW);;INF200K01SW2;14.3740;;;21-Jan-2026
119823;SBI Savings Fund - Direct Plan Weekly Income Distribution cum Capital Withdrawal Option (IDCW);INF200K01TA6;INF200K01TB4;16.6139;;;21-Jan-2026
102504;SBI Savings Fund - Regular Plan - Income Distribution cum Capital Withdrawal Option (IDCW);INF200K01644;INF200K01651;16.8794;;;21-Jan-2026
114348;SBI Savings Fund - Regular Plan Daily Income Distribution cum Capital Withdrawal Option (IDCW);;INF200KA1K20;13.9542;;;21-Jan-2026
102860;SBI Savings Fund - Regular Plan Weekly Income Distribution cum Capital Withdrawal Option (IDCW);INF200K01669;INF200K01677;15.9299;;;21-Jan-2026

Sundaram Mutual Fund
145050;Sundaram Money Market Fund Direct Plan - Growth;INF903JA1FR6;;15.6199;;;21-Jan-2026
145051;Sundaram Money Market Fund Direct Plan - Income Distribution cum Capital Withdrawal (IDCW);INF903JA1FS4;;10.9824;;;21-Jan-2026
145056;Sundaram Money Market Fund Direct Plan - Income Distribution cum Capital Withdrawal(IDCW);;INF903JA1FX4;10.9824;;;21-Jan-2026
145042;Sundaram Money Market Fund Regular Plan - Growth;INF903JA1FJ3;;15.5052;;;21-Jan-2026
145049;Sundaram Money Market Fund Regular Plan -Income Distribution cum Capital Withdrawal(IDCW);;INF903JA1FP0;10.9478;;;21-Jan-2026
145044;Sundaram Money Market Fund Regular Plan- Income Distribution cum Capital Withdrawal (IDCW);INF903JA1FK1;;10.9478;;;21-Jan-2026

Trust Mutual Fund
150513;TRUSTMF MONEY MARKET FUND-DIRECT PLAN-GROWTH;INF0GCD01503;;1267.2301;;;21-Jan-2026
150514;TRUSTMF MONEY MARKET FUND-DIRECT PLAN-MONTHLY IDCW;INF0GCD01529;INF0GCD01511;1143.5727;;;21-Jan-2026
150511;TRUSTMF MONEY MARKET FUND-REGULAR PLAN-GROWTH;INF0GCD01479;;1258.7872;;;21-Jan-2026
150512;TRUSTMF MONEY MARKET FUND-REGULAR PLAN-MONTHLY IDCW;INF0GCD01495;INF0GCD01487;1135.6633;;;21-Jan-2026

Open Ended Schemes ( Debt Scheme - Short Duration Fund )


Bank of India Mutual Fund
119382;BANK OF INDIA Short Term Income Fund-Direct Plan- Growth;INF761K01736;;29.9419;;;21-Jan-2026
119383;BANK OF INDIA Short Term Income Fund-Direct Plan- Monthly IDCW;INF761K01751;INF761K01744;14.5577;;;21-Jan-2026
119384;BANK OF INDIA Short Term Income Fund-Direct Plan- Quarterly IDCW;INF761K01777;INF761K01769;13.8037;;;21-Jan-2026
111585;BANK OF INDIA Short Term Income Fund-Regular Plan- Growth;INF761K01579;;27.4578;;;21-Jan-2026
111589;BANK OF INDIA Short Term Income Fund-Regular Plan- Monthly IDCW;INF761K01595;INF761K01587;14.0900;;;21-Jan-2026
111590;BANK OF INDIA Short Term Income Fund-Regular Plan- Quarterly IDCW;INF761K01611;INF761K01603;13.8851;;;21-Jan-2026

Baroda BNP Paribas Mutual Fund
119400;Baroda BNP Paribas Short Duration Fund - Direct Plan - Growth Option;INF955L01BD5;;32.6439;;;21-Jan-2026
119399;Baroda BNP Paribas Short Duration Fund - Direct Plan - Monthly IDCW Option;INF955L01BB9;;10.4666;;;21-Jan-2026
140463;Baroda BNP Paribas Short Duration Fund - Direct Plan - Quarterly IDCW;INF955L01GU8;;11.1668;;;21-Jan-2026
113036;Baroda BNP Paribas Short Duration Fund - Regular Plan - Growth Option;INF955L01153;;29.9697;;;21-Jan-2026
113037;Baroda BNP Paribas Short Duration Fund - Regular Plan - Monthly IDCW Option;INF955L01138;INF955L01146;10.2163;;;21-Jan-2026
140465;Baroda BNP Paribas Short Duration Fund - Regular Plan - Quarterly IDCW;INF955L01GS2;;10.5867;;;21-Jan-2026

DSP Mutual Fund
119226;DSP Short Term Fund - Direct Plan - Growth;INF740K01NJ5;;52.0495;;;21-Jan-2026
119222;DSP Short Term Fund - Direct Plan - IDCW;INF740K01NK3;INF740K01NN7;12.5881;;;21-Jan-2026
119224;DSP Short Term Fund - Direct Plan - IDCW - Monthly;INF740K01NL1;INF740K01NM9;11.6793;;;21-Jan-2026
119223;DSP Short Term Fund - Direct Plan - IDCW - Weekly;INF740KA1PD9;INF740KA1PE7;10.1682;;;21-Jan-2026
101306;DSP Short Term Fund - IDCW - Monthly;INF740K01664;INF740K01AG8;11.5819;;;21-Jan-2026
101304;DSP Short Term Fund - Regular Plan - Growth;INF740K01656;;47.7351;;;21-Jan-2026
101305;DSP Short Term Fund - Regular Plan - IDCW;INF740K01649;INF740K01AF0;12.5725;;;21-Jan-2026
101303;DSP Short Term Fund - Regular Plan - Regular Plan - IDCW - Weekly;INF740KA1PF4;;10.1648;;;21-Jan-2026

Franklin Templeton Mutual Fund
148313;Franklin India Short Tem Income Plan - Segregated Portfolio 3 (9.50% Yes Bank Ltd CO 23Dec21) - Direct Retail Plan Growth Option;INF090I01VS3;;0.0000;;;21-Jan-2026
148314;Franklin India Short Term Income Plan - Segregated Portfolio 3 (9.50% Yes Bank Ltd CO 23Dec21) - Institutional Plan Growth Option;INF090I01VR5;;0.0000;;;21-Jan-2026
148318;Franklin India Short Term Income Plan - Segregated Portfolio 3 (9.50% Yes Bank Ltd CO 23Dec21) - Retail Plan Growth Option;INF090I01VN4;;0.0000;;;21-Jan-2026
148312;Franklin India Short term Income Plan- Retail Plan-Segregated Portfolio 3 (9.50% Yes Bank Ltd CO 23Dec21) - Direct Monthly - IDCW;INF090I01VU9;;0.0000;;;21-Jan-2026
148311;Franklin India Short term Income Plan- Retail Plan-Segregated Portfolio 3 (9.50% Yes Bank Ltd CO 23Dec21) - Direct Quarterly - IDCW;INF090I01VT1;;0.0000;;;21-Jan-2026
148319;Franklin India Short Term Income Plan- Retail Plan-Segregated Portfolio 3 (9.50% Yes Bank Ltd CO 23Dec21) - Monthly - IDCW;INF090I01VP9;;0.0000;;;21-Jan-2026
148317;Franklin India Short term Income Plan- Retail Plan-Segregated Portfolio 3 (9.50% Yes Bank Ltd CO 23Dec21) - Quarterly - IDCW;INF090I01VO2;;0.0000;;;21-Jan-2026
148315;Franklin India Short-term Income Plan- Retail Plan-Segregated Portfolio 3 (9.50% Yes Bank Ltd CO 23Dec21) - Weekly - IDCW;INF090I01VQ7;;0.0000;;;21-Jan-2026
148316;Franklin India Short-term Income Plan-Retail Plan-Segregated Portfolio 3 (9.50% Yes Bank Ltd CO 23Dec21) - Direct Weekly - IDCW;INF090I01VV7;;0.0000;;;21-Jan-2026

Groww Mutual Fund
123708;Groww Short Duration Fund (formerly known as Indiabulls Short Term Fund )- Regular Plan - Growth Option;INF666M01AJ5;;2134.6153;;;21-Jan-2026
123704;Groww Short Duration Fund (formerly known as Indiabulls Short Term Fund) - Direct Plan - Growth Option;INF666M01AC0;;2460.0643;;;21-Jan-2026
123706;Groww Short Duration Fund (formerly known as Indiabulls Short Term Fund)- Direct Plan- Fortnightly - Income Distribution cum capital withdrawal Option (Payout & Reinvestment);INF666M01AH9;INF666M01AE6;1017.14;;;21-Jan-2026
123707;Groww Short Duration Fund (formerly known as Indiabulls Short Term Fund)- Direct Plan- Monthly - Income Distribution cum capital withdrawal Option (Payout & Reinvestment);INF666M01AI7;INF666M01AF3;1017.1256;;;21-Jan-2026
123705;Groww Short Duration Fund (formerly known as Indiabulls Short Term Fund)- Direct Plan- Weekly - Income Distribution cum capital withdrawal Option (Payout & Reinvestment);INF666M01AG1;INF666M01AD8;1017.4671;;;21-Jan-2026
123710;Groww Short Duration Fund (formerly known as Indiabulls Short Term Fund)- Regular Plan- Fortnightly - Income Distribution cum capital withdrawal Option (Payout & Reinvestment);INF666M01AO5;INF666M01AL1;1016.2609;;;21-Jan-2026
123711;Groww Short Duration Fund (formerly known as Indiabulls Short Term Fund)- Regular Plan- Monthly - Income Distribution cum capital withdrawal Option (Payout & Reinvestment);INF666M01AP2;INF666M01AM9;1022.9825;;;21-Jan-2026
123709;Groww Short Duration Fund (formerly known as Indiabulls Short Term Fund)- Regular Plan- Weekly - Income Distribution cum capital withdrawal Option (Payout & Reinvestment);INF666M01AN7;INF666M01AK3;1017.2725;;;21-Jan-2026

ICICI Prudential Mutual Fund
120754;ICICI Prudential Short Term Fund - Direct Plan - Growth Option;INF109K013N3;;67.9177;;;21-Jan-2026
120755;ICICI Prudential Short Term Fund - Direct Plan - Monthly IDCW;INF109K014N1;INF109K015N8;12.6655;;;21-Jan-2026
101758;ICICI Prudential Short Term Fund - Growth Option;INF109K01654;;62.0676;;;21-Jan-2026
101165;ICICI Prudential Short Term Fund - Monthly IDCW;INF109K01WL0;INF109K01647;12.0498;;;21-Jan-2026

JM Financial Mutual Fund
150545;JM Short Duration Fund (Direct) - Growth;INF192K01MP8;;12.6608;;;21-Jan-2026
150544;JM Short Duration Fund (Direct) - IDCW;INF192K01MQ6;INF192K01MR4;12.6611;;;21-Jan-2026
150542;JM Short Duration Fund (Regular) - Growth;INF192K01MM5;;12.3234;;;21-Jan-2026
150543;JM Short Duration Fund (Regular) - IDCW;INF192K01MN3;INF192K01MO1;12.3239;;;21-Jan-2026

Kotak Mahindra Mutual Fund
135500;Kotak Bond Short Term Plan - Direct - Standard Income Distribution cum capital withdrawal option;INF174K01Z14;INF174K01Z22;16.7134;;;21-Jan-2026
135501;Kotak Bond Short Term Plan - Regular Plan - Normal Dividend;INF174K01Y98;INF174K01Z06;12.6553;;;21-Jan-2026
101373;Kotak Bond Short Term Plan-(Growth);INF174K01ES7;;53.445;;;21-Jan-2026
119739;Kotak Bond Short Term Plan-(Growth) - Direct;INF174K01JI7;;59.0677;;;21-Jan-2026

LIC Mutual Fund
145954;LIC MF Short Duration Fund-Direct Plan-Growth;INF767K01PW6;;16.0205;;;21-Jan-2026
145953;LIC MF Short Duration Fund-Direct Plan-IDCW;INF767K01PX4;INF767K01PY2;16.0205;;;21-Jan-2026
151959;LIC MF Short Duration Fund-Direct Plan-Monthly IDCW;INF397L01BH1;INF397L01BI9;16.0186;;;21-Jan-2026
151960;LIC MF Short Duration Fund-Direct Plan-Weekly IDCW;INF397L01BK5;INF397L01BL3;16.0192;;;21-Jan-2026
145952;LIC MF Short Duration Fund-Regular Plan-Growth;INF767K01PT2;;14.9177;;;21-Jan-2026
145951;LIC MF Short Duration Fund-Regular Plan-IDCW;INF767K01PU0;INF767K01PV8;14.9177;;;21-Jan-2026
151955;LIC MF Short Duration Fund-Regular Plan-Monthly IDCW;INF397L01406;INF397L01414;14.9181;;;21-Jan-2026
151956;LIC MF Short Duration Fund-Regular Plan-Weekly IDCW;INF397L01430;INF397L01448;12.7859;;;21-Jan-2026

Mahindra Manulife Mutual Fund
148730;Mahindra Manulife Short Duration Fund - Direct Plan - IDCW;INF174V01AO1;INF174V01AN3;12.2056;;;21-Jan-2026
148729;Mahindra Manulife Short Duration Fund - Direct Plan -Growth;INF174V01AM5;;13.6998;;;21-Jan-2026
148727;Mahindra Manulife Short Duration Fund - Regular Plan - Growth;INF174V01AJ1;;13.0659;;;21-Jan-2026
148728;Mahindra Manulife Short Duration Fund - Regular Plan - IDCW;INF174V01AL7;INF174V01AK9;11.5982;;;21-Jan-2026

Mirae Asset Mutual Fund
142641;Mirae Asset Short Duration Fund - Direct Plan - Growth;INF769K01DX6;;17.1897;;;21-Jan-2026
142640;Mirae Asset Short Duration Fund - Direct Plan - IDCW;INF769K01DY4;INF769K01DZ1;17.1469;;;21-Jan-2026
142642;Mirae Asset Short Duration Fund - Regular Plan - Growth;INF769K01DU2;;16.1304;;;21-Jan-2026
142643;Mirae Asset Short Duration Fund - Regular Plan - IDCW;INF769K01DV0;INF769K01DW8;16.1338;;;21-Jan-2026

SBI Mutual Fund
106230;SBI Short Horizon Debt Fund - Short Term Fund - Retail Dividend - Fortnightly Income Distribution cum Capital Withdrawal Option (IDCW);INF200K01IA9;INF200K01IB7;15.5234;;;21-Jan-2026
106229;SBI Short Horizon Debt Fund - Short Term Fund - Retail Dividend - Monthly Income Distribution cum Capital Withdrawal Option (IDCW);INF200K01IC5;INF200K01ID3;17.1147;;;21-Jan-2026
106228;SBI Short Horizon Debt Fund - Short Term Fund - Retail Dividend - Weekly Income Distribution cum Capital Withdrawal Option (IDCW);INF200K01IE1;INF200K01IF8;15.5001;;;21-Jan-2026
106227;SBI SHORT HORIZON DEBT FUND-SHORT TERM FUND - RETAIL - GROWTH;INF200K01IG6;;37.3661;;;21-Jan-2026
119813;SBI Short Term Debt Fund - Direct Plan - Monthly Income Distribution cum Capital Withdrawal Option (IDCW);INF200K01VF1;INF200K01VG9;19.6105;;;21-Jan-2026
119816;SBI SHORT TERM DEBT FUND - DIRECT PLAN -GROWTH;INF200K01VE4;;35.1683;;;21-Jan-2026
119815;SBI Short Term Debt Fund - Direct Plan Fortnightly Income Distribution cum Capital Withdrawal Option (IDCW);INF200K01VC8;INF200K01VD6;23.6873;;;21-Jan-2026
119817;SBI Short Term Debt Fund - Direct Plan Weekly Income Distribution cum Capital Withdrawal Option (IDCW);INF200K01VH7;INF200K01VI5;15.4047;;;21-Jan-2026
106233;SBI Short Term Debt Fund - Regular Plan - Monthly Income Distribution cum Capital Withdrawal Option (IDCW);INF200K01HV7;INF200K01HW5;18.2587;;;21-Jan-2026
106231;SBI SHORT TERM DEBT FUND - REGULAR PLAN -GROWTH;INF200K01HZ8;;33.0259;;;21-Jan-2026
106234;SBI Short Term Debt Fund - Regular Plan Fortnightly Income Distribution cum Capital Withdrawal Option (IDCW);INF200K01HT1;INF200K01HU9;14.9594;;;21-Jan-2026
106232;SBI Short Term Debt Fund - Regular Plan Weekly Income Distribution cum Capital Withdrawal Option (IDCW);INF200K01HX3;INF200K01HY1;14.9742;;;21-Jan-2026

Sundaram Mutual Fund
149588;Sundaram Short Duration Fund (Formerly Known as Principal Short Term Debt Fund) - Direct Plan - Income Distribution CUM Capital Withdrawal Plan (IDCW);INF173K01GQ8;INF173K01GR6;13.2273;;;21-Jan-2026
149587;Sundaram Short Duration Fund (Formerly Known as Principal Short Term Debt Fund)- Direct Plan - Growth Option;INF173K01GP0;;49.3972;;;21-Jan-2026
149585;Sundaram Short Duration Fund (Formerly Known as Principal Short Term Debt Fund)- Growth Plan;INF173K01BA3;;45.5006;;;21-Jan-2026
149586;Sundaram Short Duration Fund (Formerly Known as Principal Short Term Debt Fund)- Income Distribution CUM Capital Withdrawal Option (IDCW);INF173K01BB1;INF173K01BC9;13.1169;;;21-Jan-2026

Trust Mutual Fund
149076;TRUSTMF Short Duration Fund-Direct Plan-Growth;INF0GCD01370;;1312.1333;;;21-Jan-2026
149078;TRUSTMF Short Duration Fund-Direct Plan-Monthly Income Distribution Cum Capital Withdrawal;INF0GCD01396;INF0GCD01404;1144.7688;;;21-Jan-2026
149079;TRUSTMF Short Duration Fund-Direct Plan-Quarterly Income Distribution Cum Capital Withdrawal;INF0GCD01412;INF0GCD01420;1157.8871;;;21-Jan-2026
149077;TRUSTMF Short Duration Fund-Direct Plan-Weekly Income Distribution Cum Capital Withdrawal;;INF0GCD01388;1120.1969;;;21-Jan-2026
149073;TRUSTMF Short Duration Fund-Regular Plan-Growth;INF0GCD01313;;1283.1359;;;21-Jan-2026
149080;TRUSTMF Short Duration Fund-Regular Plan-Monthly Income Distribution Cum Capital Withdrawal;INF0GCD01339;INF0GCD01347;1127.6341;;;21-Jan-2026
149075;TRUSTMF Short Duration Fund-Regular Plan-Quarterly Income Distribution Cum Capital Withdrawal;INF0GCD01354;INF0GCD01362;1130.4913;;;21-Jan-2026
149074;TRUSTMF Short Duration Fund-Regular Plan-Weekly Income Distribution Cum Capital Withdrawal;;INF0GCD01321;1103.7112;;;21-Jan-2026

Open Ended Schemes ( Debt Scheme - Medium Duration Fund )


DSP Mutual Fund
118924;DSP Bond Fund - Direct Plan - Growth;INF740K01MZ3;;88.9851;;;21-Jan-2026
118922;DSP Bond Fund - Direct Plan - IDCW;INF740K01NB2;INF740K01ND8;11.9912;;;21-Jan-2026
118921;DSP Bond Fund - Direct Plan - IDCW - Monthly;INF740K01NA4;INF740K01NC0;11.2275;;;21-Jan-2026
100078;DSP Bond Fund - Growth;INF740K01557;;83.6327;;;21-Jan-2026
100077;DSP Bond Fund - IDCW;INF740K01565;INF740K01995;11.844;;;21-Jan-2026
100079;DSP Bond Fund - IDCW - Monthly;INF740K01573;INF740K01AA1;11.119;;;21-Jan-2026

ICICI Prudential Mutual Fund
120670;ICICI Prudential Medium Term Bond Fund - Direct Plan - Growth;INF109K015A5;;51.2589;;;21-Jan-2026
120671;ICICI Prudential Medium Term Bond Fund - Direct Plan - Quarterly IDCW;INF109K018A9;INF109K019A7;11.2987;;;21-Jan-2026
102741;ICICI Prudential Medium Term Bond Fund - Growth;INF109K01AH4;;46.5230;;;21-Jan-2026
113137;ICICI Prudential Medium Term Bond Fund - Quarterly IDCW;INF109K01UF6;INF109K01IO3;10.7239;;;21-Jan-2026

Kotak Mahindra Mutual Fund
128079;Kotak Medium Term Fund - Direct - Standard Income Distribution cum capital withdrawal option;INF174K01VS1;INF174K01VU7;26.3531;;;21-Jan-2026
128006;Kotak Medium Term Fund - Direct Growth;INF174K01VQ5;;26.3507;;;21-Jan-2026
128009;Kotak Medium Term Fund - Growth;INF174K01VL6;;23.5795;;;21-Jan-2026
128078;Kotak Medium Term Fund - Standard Income Distribution cum capital withdrawal option;INF174K01VN2;INF174K01VP7;14.4728;;;21-Jan-2026

SBI Mutual Fund
119824;SBI MEDIUM DURATION FUND - DIRECT PLAN - GROWTH;INF200K01VB0;;56.9643;;;21-Jan-2026
119825;SBI Medium Duration Fund - Direct Plan - Income Distribution cum Capital Withdrawal Option (IDCW);INF200K01UZ1;INF200K01VA2;22.1430;;;21-Jan-2026
102053;SBI MEDIUM DURATION FUND - REGULAR PLAN - GROWTH;INF200K01719;;52.5592;;;21-Jan-2026
102054;SBI Medium Duration Fund - Regular Plan - Income Distribution cum Capital Withdrawal Option (IDCW);INF200K01727;INF200K01735;20.3735;;;21-Jan-2026

Sundaram Mutual Fund
119675;Sundaram Medium Duration Fund (Formerly Known as Sundaram Medium Term Bond Fund) Direct Plan - Growth;INF903J01PO6;;78.7232;;;21-Jan-2026
119672;Sundaram Medium Duration Fund (Formerly Known as Sundaram Medium Term Bond Fund) Direct Plan-Income Distribution cum Capital Withdrawal (IDCW);INF903J01PK4;INF903J01PL2;27.2849;;;21-Jan-2026
100603;Sundaram Medium Duration Fund (Formerly Known as Sundaram Medium Term Bond Fund) Regular Plan - Growth;INF903J01FQ2;;70.1964;;;21-Jan-2026
100602;Sundaram Medium Duration Fund (Formerly Known as Sundaram Medium Term Bond Fund) Regular Plan-Income Distribution cum Capital Withdrawal(IDCW);INF903J01FR0;INF903J01FU4;13.3541;;;21-Jan-2026

Open Ended Schemes ( Debt Scheme - Medium to Long Duration Fund )


Bank of India Mutual Fund
119395;BANK OF INDIA Conservative Hybrid  Fund-Direct Plan-Quarterly IDCW;INF761K01850;INF761K01843;18.0602;;;21-Jan-2026
119393;BANK OF INDIA Conservative Hybrid Fund Fund-Direct Plan-Growth;INF761K01819;;36.7563;;;21-Jan-2026
119396;BANK OF INDIA Conservative Hybrid Fund-Direct Plan-Annual IDCW;INF761K01793;INF761K01801;16.7495;;;21-Jan-2026
119394;BANK OF INDIA Conservative Hybrid Fund-Direct Plan-Monthly IDCW;INF761K01835;INF761K01827;16.3739;;;21-Jan-2026
111715;BANK OF INDIA Conservative Hybrid Fund-ECO Plan-Growth;INF761K01397;;35.4571;;;21-Jan-2026
111717;BANK OF INDIA Conservative Hybrid Fund-ECO Plan-Monthly IDCW;INF761K01413;INF761K01405;26.8566;;;21-Jan-2026
111714;BANK OF INDIA Conservative Hybrid Fund-Regular Plan-Annual IDCW;INF761K01454;INF761K01447;16.5989;;;21-Jan-2026
111712;BANK OF INDIA Conservative Hybrid Fund-Regular Plan-Growth;INF761K01462;;34.1936;;;21-Jan-2026
111716;BANK OF INDIA Conservative Hybrid Fund-Regular Plan-Monthly IDCW;INF761K01488;INF761K01470;17.6043;;;21-Jan-2026
111713;BANK OF INDIA Conservative Hybrid Fund-Regular Plan-Quarterly IDCW;INF761K01504;INF761K01496;18.2462;;;21-Jan-2026

Franklin Templeton Mutual Fund
152852;Franklin India Medium to Long Duration Fund - Direct - IDCW;INF090I01XH2;INF090I01XI0;10.5250;;;21-Jan-2026
152851;Franklin India Medium to Long Duration Fund - Direct Growth;INF090I01XG4;;10.8985;;;21-Jan-2026
152853;Franklin India Medium to Long Duration Fund - Growth;INF090I01XD1;;10.8241;;;21-Jan-2026
152854;Franklin India Medium to Long Duration Fund - IDCW;INF090I01XE9;INF090I01XF6;10.4613;;;21-Jan-2026

ICICI Prudential Mutual Fund
120619;ICICI Prudential Bond Fund - Direct Plan - Growth;INF109K01V83;;43.4220;;;21-Jan-2026
131480;ICICI Prudential Bond Fund - Direct Plan - Half Yearly IDCW;INF109KA1X77;INF109KA1X69;10.9087;;;21-Jan-2026
120617;ICICI Prudential Bond Fund - Direct Plan - IDCW Monthly;INF109K01V59;INF109K01V67;11.4898;;;21-Jan-2026
120618;ICICI Prudential Bond Fund - Direct Plan - IDCW Quarterly;INF109K01V75;INF109K01V91;11.6978;;;21-Jan-2026
109740;ICICI Prudential Bond Fund - Growth;INF109K01BO8;;40.9088;;;21-Jan-2026
131481;ICICI Prudential Bond Fund - Half Yearly IDCW;INF109KA1X51;INF109KA1X44;11.2268;;;21-Jan-2026
109741;ICICI Prudential Bond Fund - IDCW Monthly;INF109K01EU9;INF109K01BP5;11.2801;;;21-Jan-2026
109743;ICICI Prudential Bond Fund - IDCW Quarterly;INF109K01EV7;INF109K01BS9;11.3171;;;21-Jan-2026

JM Financial Mutual Fund
120430;JM Medium to Long Duration Fund (Direct) - Growth Option;INF192K01CW5;;70.2985;;;21-Jan-2026
120431;JM Medium to Long Duration Fund (Direct) - Quarterly IDCW;INF192K01CU9;INF192K01CV7;24.8404;;;21-Jan-2026
100223;JM Medium to Long Duration Fund (Regular) - Growth Option;INF192K01AB3;;62.9217;;;21-Jan-2026
100222;JM Medium to Long Duration Fund (Regular) - Quarterly IDCW;INF192K01999;INF192K01AA5;21.3937;;;21-Jan-2026
101181;JM Medium to Long Duration Fund (Regular) - Bonus Option- Principal Units;INF192K01AC1;;25.7431;;;21-Jan-2026

Kotak Mahindra Mutual Fund
119734;Kotak Bond Fund - Direct Plan - Standard IDCW option;INF174K01JD8;;29.0795;;;21-Jan-2026
119735;Kotak Bond Fund - Growth - Direct;INF174K01JC0;;87.3698;;;21-Jan-2026
100300;Kotak Bond Fund - Regular Plan - Standard IDCW Option;INF174K01EQ1;INF174K01EP3;47.4162;;;21-Jan-2026
100299;Kotak Bond Fund - Regular Plan Growth;INF174K01EM0;;77.3927;;;21-Jan-2026

LIC Mutual Fund
151990;LIC MF Medium to Long Duration Fund-Direct Plan-Annual IDCW;INF397L01GD9;;19.1806;;;21-Jan-2026
120279;LIC MF Medium to Long Duration Fund-Direct Plan-Growth;INF767K01EW0;;79.388;;;21-Jan-2026
120278;LIC MF Medium to Long Duration Fund-Direct Plan-IDCW;INF767K01EV2;INF767K01EX8;19.1807;;;21-Jan-2026
151988;LIC MF Medium to Long Duration Fund-Direct Plan-Quarterly IDCW;INF397L01GA5;;19.1808;;;21-Jan-2026
151989;LIC MF Medium to Long Duration Fund-Regular Plan-Annual IDCW;INF397L01FX9;;16.0564;;;21-Jan-2026
100315;LIC MF Medium to Long Duration Fund-Regular Plan-Growth;INF767K01923;;73.2522;;;21-Jan-2026
100314;LIC MF Medium to Long Duration Fund-Regular Plan-IDCW;INF767K01907;INF767K01915;16.0566;;;21-Jan-2026
151986;LIC MF Medium to Long Duration Fund-Regular Plan-Quarterly IDCW;INF397L01FU5;;16.0565;;;21-Jan-2026

SBI Mutual Fund
119713;SBI Medium to Long Duration Fund - Direct Plan - Half Yearly - Income Distribution cum Capital Withdrawal Option (IDCW);INF200K01SP6;INF200K01SQ4;21.9738;;;21-Jan-2026
121940;SBI Medium to Long Duration Fund - Direct Plan - Quarterly Income Distribution cum Capital Withdrawal Option (IDCW);INF200K01YS8;INF200K01YT6;22.4959;;;21-Jan-2026
100638;SBI Medium to Long Duration Fund - Regular Plan - Half Yearly - Income Distribution cum Capital Withdrawal Option (IDCW);INF200K01610;INF200K01628;18.7019;;;21-Jan-2026
121944;SBI Medium to Long Duration Fund - Regular Plan - Quarterly Income Distribution cum Capital Withdrawal Option (IDCW);INF200K01YQ2;INF200K01YR0;20.1357;;;21-Jan-2026
119712;SBI Medium to Long Duration Fund-DIRECT PLAN - Bonus;INF200K01SO9;;46.9740;;;21-Jan-2026
119714;SBI Medium to Long Duration Fund-DIRECT PLAN -Growth;INF200K01SR2;;77.4479;;;21-Jan-2026
100640;SBI Medium to Long Duration Fund-REGULAR PLAN-Bonus;INF200K01602;;43.3232;;;21-Jan-2026
100639;SBI Medium to Long Duration Fund-REGULAR PLAN-Growth;INF200K01594;;71.5010;;;21-Jan-2026

Open Ended Schemes ( Debt Scheme - Long Duration Fund )


Franklin Templeton Mutual Fund
153102;Franklin India Long Duration Fund - Direct - Growth;INF090I01XY7;;10.5655;;;21-Jan-2026
153103;Franklin India Long Duration Fund - Direct - IDCW;INF090I01YA5;INF090I01XZ4;10.3735;;;21-Jan-2026
153104;Franklin India Long Duration Fund - Growth;INF090I01XV3;;10.5066;;;21-Jan-2026
153101;Franklin India Long Duration Fund - IDCW;INF090I01XX9;INF090I01XW1;10.3351;;;21-Jan-2026

ICICI Prudential Mutual Fund
120743;ICICI Prudential Long Term Bond Fund - Direct Plan - Growth;INF109K017L8;;98.7977;;;21-Jan-2026
120747;ICICI Prudential Long Term Bond Fund - Direct Plan - Quarterly IDCW;INF109K010M1;INF109K011M9;12.7178;;;21-Jan-2026
100365;ICICI Prudential Long Term Bond Fund - Growth;INF109K01365;;90.0240;;;21-Jan-2026
100367;ICICI Prudential Long Term Bond Fund - Quarterly IDCW;INF109K01EZ8;INF109K01399;12.3330;;;21-Jan-2026

Kotak Mahindra Mutual Fund
152491;Kotak Long Duration Fund - Direct Plan - Growth;INF174KA1RF5;;10.9;;;21-Jan-2026
152492;Kotak Long Duration Fund - Direct Plan - IDCW;INF174KA1RG3;INF174KA1RH1;10.9003;;;21-Jan-2026
152489;Kotak Long Duration Fund - Regular Plan - Growth;INF174KA1RC2;;10.8416;;;21-Jan-2026
152490;Kotak Long Duration Fund - Regular Plan - IDCW;INF174KA1RD0;INF174KA1RE8;10.8418;;;21-Jan-2026

Mirae Asset Mutual Fund
153105;Mirae Asset Long Duration Fund - Direct Plan - Growth;INF769K01NC9;;10.2922;;;21-Jan-2026
153106;Mirae Asset Long Duration Fund - Direct Plan - IDCW;INF769K01ND7;INF769K01NF2;10.2875;;;21-Jan-2026
153107;Mirae Asset Long Duration Fund - Regular Plan - Growth;INF769K01MZ2;;10.2349;;;21-Jan-2026
153108;Mirae Asset Long Duration Fund - Regular Plan - IDCW;INF769K01NA3;INF769K01NB1;10.2348;;;21-Jan-2026

SBI Mutual Fund
151214;SBI Long Duration Fund - Direct Plan - Growth;INF200KA16T4;;12.4777;;;21-Jan-2026
151215;SBI Long Duration Fund - Direct Plan - Income Distribution cum Capital Withdrawal Option (IDCW);INF200KA17T2;INF200KA18T0;12.4781;;;21-Jan-2026
151212;SBI Long Duration Fund - Regular Plan - Growth;INF200KA13T1;;12.3174;;;21-Jan-2026
151213;SBI Long Duration Fund - Regular Plan - Income Distribution cum Capital Withdrawal Option (IDCW);INF200KA14T9;INF200KA15T6;12.3177;;;21-Jan-2026

Open Ended Schemes ( Debt Scheme - Dynamic Bond )


Baroda BNP Paribas Mutual Fund
150179;Baroda BNP Paribas Dynamic Bond Fund - Direct Plan - Daily IDCW Option;;INF251K01GX8;10.0143;;;21-Jan-2026
150180;Baroda BNP Paribas Dynamic Bond Fund - Direct Plan - Growth Option;INF251K01GW0;;51.1011;;;21-Jan-2026
150182;Baroda BNP Paribas Dynamic Bond Fund - Direct Plan - Monthly IDCW Option;INF251K01GZ3;INF251K01HA4;10.5177;;;21-Jan-2026
150183;Baroda BNP Paribas Dynamic Bond Fund - Direct Plan - Quarterly IDCW Option;INF251K01HB2;INF251K01HC0;10.4306;;;21-Jan-2026
150184;Baroda BNP Paribas Dynamic Bond Fund - Direct Plan - Weekly IDCW Option;;INF251K01GY6;9.9962;;;21-Jan-2026
150174;Baroda BNP Paribas Dynamic Bond Fund - Regular Plan - Daily IDCW Option;;INF251K01DX5;9.9534;;;21-Jan-2026
150173;Baroda BNP Paribas Dynamic Bond Fund - Regular Plan - Growth Option;INF251K01DW7;;45.6440;;;21-Jan-2026
150178;Baroda BNP Paribas Dynamic Bond Fund - Regular Plan - Half Yearly IDCW Option;INF251K01ED5;INF251K01EE3;10.0163;;;21-Jan-2026
150176;Baroda BNP Paribas Dynamic Bond Fund - Regular Plan - Monthly IDCW Option;INF251K01DZ0;INF251K01EA1;10.0361;;;21-Jan-2026
150177;Baroda BNP Paribas Dynamic Bond Fund - Regular Plan - Quarterly IDCW Option;INF251K01EB9;INF251K01EC7;9.9817;;;21-Jan-2026
150175;Baroda BNP Paribas Dynamic Bond Fund - Regular Plan - Weekly IDCW Option;;INF251K01DY3;9.9341;;;21-Jan-2026
150172;Baroda BNP Paribas Dynamic Bond Fund-Defunct Plan - Growth Option;INF251K01EF0;;32.1433;;;21-Jan-2026

DSP Mutual Fund
119239;DSP Strategic Bond Fund - Direct Plan - Growth;INF740K01QG4;;3596.9913;;;21-Jan-2026
119238;DSP Strategic Bond Fund - Direct Plan - IDCW;INF740K01QI0;INF740K01QK6;2450.7192;;;21-Jan-2026
119236;DSP Strategic Bond Fund - Direct Plan - IDCW - Monthly;INF740K01QH2;INF740K01QJ8;1062.9474;;;21-Jan-2026
105669;DSP Strategic Bond Fund - Regular Plan - Growth;INF740K01GK7;;3362.658;;;21-Jan-2026
105668;DSP Strategic Bond Fund - Regular Plan - IDCW;INF740K01GO9;INF740K01GN1;1244.2617;;;21-Jan-2026
111786;DSP Strategic Bond Fund - Regular Plan - IDCW - Daily;;INF740KA1PA5;1047.291;;;21-Jan-2026
105667;DSP Strategic Bond Fund - Regular Plan - IDCW - Monthly;INF740K01GM3;INF740K01GL5;1048.8446;;;21-Jan-2026
105878;DSP Strategic Bond Fund - Regular Plan - IDCW - Weekly;INF740K01GQ4;INF740K01GP6;1035.1529;;;21-Jan-2026

Franklin Templeton Mutual Fund
148308;Franklin India Dynamic Accrual Fund - Segregated Portfolio 3 (9.50% Yes Bank Ltd CO 23Dec21) - Direct Growth Plan;INF090I01WD3;;0.0000;;;21-Jan-2026
148307;Franklin India Dynamic Accrual Fund - Segregated Portfolio 3 (9.50% Yes Bank Ltd CO 23Dec21) - Growth Plan;INF090I01WB7;;0.0000;;;21-Jan-2026
148309;Franklin India Dynamic Accrual Fund- Segregated Portfolio 3 (9.50% Yes Bank Ltd CO 23Dec21) - IDCW;INF090I01WA9;;0.0000;;;21-Jan-2026
148310;Franklin India Dynamic Accrual Fund-Segregated Portfolio 3 (9.50% Yes Bank Ltd CO 23Dec21) - Direct IDCW;INF090I01WC5;;0.0000;;;21-Jan-2026

Groww Mutual Fund
145589;Groww Dynamic Bond Fund (formerly known as Indiabulls Dynamic Bond Fund) - Direct Plan - Growth option;INF666M01EK5;;1536.1791;;;21-Jan-2026
145590;Groww Dynamic Bond Fund (formerly known as Indiabulls Dynamic Bond Fund) - Regular Plan - Growth option;INF666M01ES8;;1465.4117;;;21-Jan-2026
145596;Groww Dynamic Bond Fund (formerly known as Indiabulls Dynamic Bond Fund)- Direct Plan- - Income Distribution cum capital withdrawal Option ( Reinvestment);;INF666M01EL3;1012.2294;;;21-Jan-2026
145595;Groww Dynamic Bond Fund (formerly known as Indiabulls Dynamic Bond Fund)- Direct Plan- Fortnightly - Income Distribution cum capital withdrawal Option (Payout & Reinvestment);INF666M01EO7;INF666M01EP4;1014.3523;;;21-Jan-2026
145591;Groww Dynamic Bond Fund (formerly known as Indiabulls Dynamic Bond Fund)- Direct Plan- Monthly - Income Distribution cum capital withdrawal Option (Payout & Reinvestment);INF666M01EQ2;INF666M01ER0;1005.9186;;;21-Jan-2026
145597;Groww Dynamic Bond Fund (formerly known as Indiabulls Dynamic Bond Fund)- Direct Plan- Weekly - Income Distribution cum capital withdrawal Option (Payout & Reinvestment);INF666M01EM1;INF666M01EN9;1011.2404;;;21-Jan-2026
145593;Groww Dynamic Bond Fund (formerly known as Indiabulls Dynamic Bond Fund)- Regular Plan- - Income Distribution cum capital withdrawal Option ( Reinvestment);;INF666M01ET6;1009.3156;;;21-Jan-2026
145598;Groww Dynamic Bond Fund (formerly known as Indiabulls Dynamic Bond Fund)- Regular Plan- Fortnightly - Income Distribution cum capital withdrawal Option (Payout & Reinvestment);INF666M01EW0;INF666M01EX8;1006.7432;;;21-Jan-2026
145592;Groww Dynamic Bond Fund (formerly known as Indiabulls Dynamic Bond Fund)- Regular Plan- Monthly - Income Distribution cum capital withdrawal Option (Payout & Reinvestment);INF666M01EY6;INF666M01EZ3;1001.0434;;;21-Jan-2026
145594;Groww Dynamic Bond Fund (formerly known as Indiabulls Dynamic Bond Fund)- Regular Plan- Weekly - Income Distribution cum capital withdrawal Option (Payout & Reinvestment);INF666M01EU4;INF666M01EV2;1006.5154;;;21-Jan-2026

ICICI Prudential Mutual Fund
113218;ICICI Prudential All Seasons Bond Fund - Annual IDCW;INF109K01GO7;INF109K01GP4;11.1337;;;21-Jan-2026
120601;ICICI Prudential All Seasons Bond Fund - Direct Plan - Annual IDCW;INF109K012E4;INF109K013E2;11.1291;;;21-Jan-2026
120603;ICICI Prudential All Seasons Bond Fund - Direct Plan - Growth;INF109K016E5;;41.0005;;;21-Jan-2026
120600;ICICI Prudential All Seasons Bond Fund - Direct Plan - IDCW;INF109K014E0;INF109K015E7;26.6064;;;21-Jan-2026
120602;ICICI Prudential All Seasons Bond Fund - Direct Plan - Quarterly IDCW;INF109K017E3;INF109K018E1;11.9318;;;21-Jan-2026
120604;ICICI Prudential All Seasons Bond Fund - Direct Plan - Weekly IDCW;INF109K019E9;INF109K010F5;10.5463;;;21-Jan-2026
112096;ICICI Prudential All Seasons Bond Fund - Growth;INF109K01GN9;;37.8103;;;21-Jan-2026
112097;ICICI Prudential All Seasons Bond Fund - IDCW;INF109K01GK5;INF109K01GL3;23.5125;;;21-Jan-2026
113403;ICICI Prudential All Seasons Bond Fund - Quarterly IDCW;INF109K01GE8;INF109K01GF5;11.6448;;;21-Jan-2026
101351;ICICI Prudential All Seasons Bond Fund - Weekly IDCW;INF109K01FD2;INF109K01704;10.9557;;;21-Jan-2026

ITI Mutual Fund
149030;ITI Dynamic Bond Fund - Direct Plan - Annually IDCW Option;INF00XX01BK7;INF00XX01BG5;13.2295;;;21-Jan-2026
149029;ITI Dynamic Bond Fund - Direct Plan - Growth Option;INF00XX01BC4;;13.2297;;;21-Jan-2026
149028;ITI Dynamic Bond Fund - Direct Plan - Half Yearly IDCW Option;INF00XX01BJ9;INF00XX01BF7;10.9977;;;21-Jan-2026
149023;ITI Dynamic Bond Fund - Direct Plan - Monthly IDCWOption;INF00XX01BH3;INF00XX01BD2;10.1347;;;21-Jan-2026
149025;ITI Dynamic Bond Fund - Direct Plan - Quarterly IDCW Option;INF00XX01BI1;INF00XX01BE0;13.2570;;;21-Jan-2026
149027;ITI Dynamic Bond Fund - Regular Plan - Annually IDCWOption;INF00XX01BB6;INF00XX01AX2;12.6109;;;21-Jan-2026
149021;ITI Dynamic Bond Fund - Regular Plan - Growth Option;INF00XX01AT0;;12.6101;;;21-Jan-2026
149026;ITI Dynamic Bond Fund - Regular Plan - Half Yearly IDCW Option;INF00XX01BA8;INF00XX01AW4;12.6131;;;21-Jan-2026
149022;ITI Dynamic Bond Fund - Regular Plan - Monthly IDCW Option;INF00XX01AY0;INF00XX01AU8;9.9631;;;21-Jan-2026
149024;ITI Dynamic Bond Fund - Regular Plan - Quarterly IDCW Option;INF00XX01AZ7;INF00XX01AV6;12.6130;;;21-Jan-2026

JM Financial Mutual Fund
120432;JM Dynamic Bond Fund (Direct) - Daily IDCW;;INF192K01CZ8;10.0552;;;21-Jan-2026
120434;JM Dynamic Bond Fund (Direct) - IDCW;INF192K01DB7;INF192K01DC5;45.4336;;;21-Jan-2026
133414;JM Dynamic Bond Fund (Direct) - Monthly IDCW;INF192K01IL5;INF192K01IM3;45.7828;;;21-Jan-2026
120433;JM Dynamic Bond Fund (Direct) - Weekly IDCW;;INF192K01DA9;10.5079;;;21-Jan-2026
105639;JM Dynamic Bond Fund (Regular) - Daily IDCW;;INF192K01668;9.9925;;;21-Jan-2026
101806;JM Dynamic Bond Fund (Regular) - Growth Option;INF192K01700;;42.2373;;;21-Jan-2026
101805;JM Dynamic Bond Fund (Regular) - IDCW;INF192K01684;INF192K01692;42.3698;;;21-Jan-2026
133390;JM Dynamic Bond Fund (Regular) - Monthly IDCW;INF192K01IJ9;INF192K01IK7;42.5708;;;21-Jan-2026
105637;JM Dynamic Bond Fund (Regular) - Weekly IDCW;;INF192K01676;10.4912;;;21-Jan-2026
120435;JM Dynamic Bond Fund - (Direct) - Growth Option;INF192K01DD3;;45.1907;;;21-Jan-2026

Kotak Mahindra Mutual Fund
119753;Kotak Dynamic Bond Fund - Direct Plan - Standard Income Distribution cum capital withdrawal option;INF174K01JX6;;14.5903;;;21-Jan-2026
119755;Kotak Dynamic Bond Fund - Growth - Direct;INF174K01JU2;;41.5731;;;21-Jan-2026
117998;Kotak Dynamic Bond Fund Regular Plan - Standard Income Distribution cum capital withdrawal option;INF174K01IY6;INF174K01IZ3;14.2985;;;21-Jan-2026
108511;Kotak Dynamic Bond Fund Regular Plan Growth;INF174K01FA2;;37.9527;;;21-Jan-2026

Mahindra Manulife Mutual Fund
144403;Mahindra Manulife Dynamic Bond Fund - Direct Plan - Growth;INF174V01580;;15.7300;;;21-Jan-2026
144406;Mahindra Manulife Dynamic Bond Fund - Direct Plan - IDCW;INF174V01606;INF174V01598;12.4859;;;21-Jan-2026
144404;Mahindra Manulife Dynamic Bond Fund - Direct Plan - Quarterly IDCW;INF174V01622;INF174V01614;11.2968;;;21-Jan-2026
144401;Mahindra Manulife Dynamic Bond Fund - Regular Plan - Growth;INF174V01531;;14.4707;;;21-Jan-2026
144405;Mahindra Manulife Dynamic Bond Fund - Regular Plan - IDCW;INF174V01556;INF174V01549;11.3144;;;21-Jan-2026
144402;Mahindra Manulife Dynamic Bond Fund - Regular Plan - Quarterly IDCW;INF174V01572;INF174V01564;10.2062;;;21-Jan-2026

Mirae Asset Mutual Fund
140769;Mirae Asset Dynamic Bond Fund -Direct Plan -Growth;INF769K01DR8;;18.2441;;;21-Jan-2026
140770;Mirae Asset Dynamic Bond Fund Direct IDCW;INF769K01DS6;INF769K01DT4;18.2249;;;21-Jan-2026
140772;Mirae Asset Dynamic Bond Fund Regular IDCW;INF769K01DP2;INF769K01DQ0;16.6099;;;21-Jan-2026
140771;Mirae Asset Dynamic Bond Fund-Regular Plan Growth;INF769K01DO5;;16.6096;;;21-Jan-2026

SBI Mutual Fund
119671;SBI Dynamic Bond Fund - DIRECT PLAN - Growth;INF200K01RD4;;39.6983;;;21-Jan-2026
119670;SBI Dynamic Bond Fund - Direct Plan - Income Distribution cum Capital Withdrawal Option (IDCW);INF200K01RB8;INF200K01RC6;22.1739;;;21-Jan-2026
102205;SBI Dynamic Bond Fund - REGULAR PLAN - Growth;INF200K01958;;36.1296;;;21-Jan-2026
102206;SBI Dynamic Bond Fund - Regular Plan - Income Distribution cum Capital Withdrawal Option (IDCW);INF200K01966;INF200K01974;18.9412;;;21-Jan-2026

Open Ended Schemes ( Debt Scheme - Corporate Bond Fund )


Baroda BNP Paribas Mutual Fund
150230;BARODA BNP PARIBAS Corporate Bond Fund - Defunct Plan - Annual-IDCW Option;INF251K01EN4;INF251K01EO2;11.7678;;;21-Jan-2026
150229;BARODA BNP PARIBAS Corporate Bond Fund - Defunct Plan - Growth Option;INF251K01EI4;;32.6914;;;21-Jan-2026
150231;BARODA BNP PARIBAS Corporate Bond Fund - Defunct Plan - Monthly-IDCW Option;INF251K01EJ2;INF251K01EK0;10.3340;;;21-Jan-2026
150228;BARODA BNP PARIBAS Corporate Bond Fund - Defunct Plan - Quarterly-IDCW Option;INF251K01EL8;INF251K01EM6;10.3276;;;21-Jan-2026
150236;BARODA BNP PARIBAS Corporate Bond Fund - Direct Plan - Annual IDCW Option;INF251K01GU4;INF251K01GV2;12.0398;;;21-Jan-2026
150237;BARODA BNP PARIBAS Corporate Bond Fund - Direct Plan - Growth Option;INF251K01GP4;;30.0370;;;21-Jan-2026
150238;BARODA BNP PARIBAS Corporate Bond Fund - Direct Plan - Monthly IDCW Option;INF251K01GQ2;INF251K01GR0;10.5264;;;21-Jan-2026
150239;BARODA BNP PARIBAS Corporate Bond Fund - Direct Plan - Quarterly IDCW Option;INF251K01GS8;INF251K01GT6;10.5649;;;21-Jan-2026
150233;BARODA BNP PARIBAS CORPORATE BOND FUND - Regular Plan - ANNUAL IDCW OPTION;INF251K01EU9;INF251K01EV7;11.6916;;;21-Jan-2026
150235;BARODA BNP PARIBAS CORPORATE BOND FUND - Regular Plan - GROWTH OPTION;INF251K01EP9;;28.2451;;;21-Jan-2026
150234;BARODA BNP PARIBAS CORPORATE BOND FUND - Regular Plan - MONTHLY IDCW OPTION;INF251K01EQ7;INF251K01ER5;10.3767;;;21-Jan-2026
150232;BARODA BNP PARIBAS CORPORATE BOND FUND - Regular Plan - QUARTERLY IDCW OPTION;INF251K01ES3;INF251K01ET1;10.3394;;;21-Jan-2026

DSP Mutual Fund
144646;DSP Corporate Bond Fund - Direct - Growth;INF740KA1KE8;;16.7622;;;21-Jan-2026
144647;DSP Corporate Bond Fund - Direct - IDCW;INF740KA1KF5;INF740KA1KG3;11.8534;;;21-Jan-2026
144651;DSP Corporate Bond Fund - Direct - IDCW - Monthly;INF740KA1KH1;INF740KA1KI9;10.5786;;;21-Jan-2026
144648;DSP Corporate Bond Fund - Direct - IDCW - Quarterly ;INF740KA1KJ7;INF740KA1KK5;11.3494;;;21-Jan-2026
144644;DSP Corporate Bond Fund - Regular - Growth;INF740KA1JX0;;16.4516;;;21-Jan-2026
144650;DSP Corporate Bond Fund - Regular - IDCW;INF740KA1JY8;INF740KA1JZ5;11.8063;;;21-Jan-2026
144645;DSP Corporate Bond Fund - Regular - IDCW - Monthly;INF740KA1KA6;INF740KA1KB4;10.5535;;;21-Jan-2026
144649;DSP Corporate Bond Fund - Regular - IDCW - Quarterly ;INF740KA1KC2;INF740KA1KD0;10.7011;;;21-Jan-2026

Franklin Templeton Mutual Fund
118569;Franklin India Corporate Debt Fund - Direct - GROWTH;INF090I01FW8;;111.5327;;;21-Jan-2026
100528;Franklin India Corporate Debt Fund - Growth;INF090I01DG6;;102.6754;;;21-Jan-2026
100527;Franklin India Corporate Debt Fund - Plan A - Annual - IDCW;INF090I01DH4;INF090I01DI2;17.5278;;;21-Jan-2026
118570;Franklin India Corporate Debt Fund - Plan A - Direct - Annual - IDCW;INF090I01FX6;INF090I01FY4;19.7418;;;21-Jan-2026
118573;Franklin India Corporate Debt Fund - Plan A - Direct - Half yearly - IDCW;INF090I01FU2;INF090I01FV0;14.9849;;;21-Jan-2026
118571;Franklin India Corporate Debt Fund - Plan A - Direct - Monthly - IDCW;INF090I01FQ0;INF090I01FR8;17.1292;;;21-Jan-2026
118572;Franklin India Corporate Debt Fund - Plan A - Direct - Quarterly - IDCW;INF090I01FS6;INF090I01FT4;13.6538;;;21-Jan-2026
100531;Franklin India Corporate Debt Fund - Plan B - Half yearly - IDCW;INF090I01DN2;INF090I01DO0;12.6904;;;21-Jan-2026
100529;Franklin India Corporate Debt Fund - Plan B - Monthly - IDCW;INF090I01DJ0;INF090I01DK8;15.2822;;;21-Jan-2026
100530;Franklin India Corporate Debt Fund - Plan B - Quarterly - IDCW;INF090I01DL6;INF090I01DM4;12.0121;;;21-Jan-2026

ICICI Prudential Mutual Fund
120692;ICICI Prudential Corporate Bond Fund - Direct Plan - Growth;INF109K016B1;;32.2543;;;21-Jan-2026
120697;ICICI Prudential Corporate Bond Fund - Direct Plan - Monthly IDCW;INF109K017B9;INF109K018B7;10.2063;;;21-Jan-2026
120694;ICICI Prudential Corporate Bond Fund - Direct Plan - Quarterly IDCW;INF109K019B5;INF109K012C8;15.4073;;;21-Jan-2026
111987;ICICI Prudential Corporate Bond Fund - Growth;INF109K01CQ1;;30.7546;;;21-Jan-2026
111991;ICICI Prudential Corporate Bond Fund - Monthly IDCW;INF109K01SK0;INF109K01CT5;10.3594;;;21-Jan-2026
111992;ICICI Prudential Corporate Bond Fund -Quarterly IDCW;INF109K01SN4;INF109K01SO2;11.1355;;;21-Jan-2026

Kotak Mahindra Mutual Fund
133791;Kotak Corporate Bond Fund- Direct Plan- Growth Option;INF178L01BY0;;4054.521;;;21-Jan-2026
133792;Kotak Corporate Bond Fund- Direct Plan- Monthly Payout of Income Distribution cum capital withdrawal option;INF178L01BZ7;;1068.3672;;;21-Jan-2026
133782;Kotak Corporate Bond Fund- Regular Plan-Growth Option;INF178L01BO1;;3875.9139;;;21-Jan-2026
133787;Kotak Corporate Bond Fund- Regular Plan-Monthly Dividend Option;INF178L01BQ6;INF178L01BP8;1262.6235;;;21-Jan-2026

Mirae Asset Mutual Fund
148755;Mirae Asset Corporate Bond Fund Direct Growth Plan;INF769K01HD9;;13.3570;;;21-Jan-2026
148756;Mirae Asset Corporate Bond Fund Direct IDCW;INF769K01HC1;INF769K01HE7;13.3538;;;21-Jan-2026
148757;Mirae Asset Corporate Bond Fund Regular Growth;INF769K01HA5;;13.0756;;;21-Jan-2026
148758;Mirae Asset Corporate Bond Fund Regular IDCW;INF769K01GZ4;INF769K01HB3;13.0756;;;21-Jan-2026

SBI Mutual Fund
146215;SBI Corporate Bond Fund - Direct Plan - Growth;INF200KA1YR4;;16.4306;;;21-Jan-2026
146212;SBI Corporate Bond Fund - Direct Plan - Monthly Income Distribution cum Capital Withdrawal Option (IDCW);INF200KA1YS2;INF200KA1YT0;15.5088;;;21-Jan-2026
146216;SBI Corporate Bond Fund - Direct Plan - Quarterly Income Distribution cum Capital Withdrawal Option (IDCW);INF200KA1YU8;INF200KA1YV6;15.9728;;;21-Jan-2026
146207;SBI Corporate Bond Fund - Regular Plan - Growth;INF200KA1YM5;;15.9121;;;21-Jan-2026
146208;SBI Corporate Bond Fund - Regular Plan - Monthly Income Distribution cum Capital Withdrawal Option (IDCW);INF200KA1YN3;INF200KA1YO1;15.0170;;;21-Jan-2026
146210;SBI Corporate Bond Fund - Regular Plan - Quarterly Income Distribution cum Capital Withdrawal Option (IDCW);INF200KA1YP8;INF200KA1YQ6;15.4603;;;21-Jan-2026

Sundaram Mutual Fund
119621;Sundaram Corporate Bond Fund Direct Plan - Growth;INF903J01NR4;;42.6461;;;21-Jan-2026
119630;Sundaram Corporate Bond Fund Direct Plan-Income Distribution cum Capital Withdrawal(IDCW);INF903J01NU8;INF903J01NV6;19.0371;;;21-Jan-2026
100786;Sundaram Corporate Bond Fund Regular Plan - Income Distribution cum Capital Withdrawal (IDCW );INF903J01HY2;INF903J01IC6;18.4167;;;21-Jan-2026
100789;Sundaram Corporate Bond Fund Regular Plan- Growth;INF903J01HW6;;41.1851;;;21-Jan-2026

Trust Mutual Fund
151320;TRUSTMF CORPORATE BOND FUND-DIRECT PLAN-GROWTH;INF0GCD01560;;1232.0663;;;21-Jan-2026
151321;TRUSTMF CORPORATE BOND FUND-DIRECT PLAN-MONTHLY IDCW;INF0GCD01586;INF0GCD01578;1167.9587;;;21-Jan-2026
151322;TRUSTMF CORPORATE BOND FUND-REGULAR PLAN-GROWTH;INF0GCD01537;;1217.3289;;;21-Jan-2026
151319;TRUSTMF CORPORATE BOND FUND-REGULAR PLAN-MONTHLY IDCW;INF0GCD01552;INF0GCD01545;1151.4046;;;21-Jan-2026

Open Ended Schemes ( Debt Scheme - Credit Risk Fund )


Bank of India Mutual Fund
133868;BANK OF INDIA Credit Risk  Fund - Direct Plan;INF761K01DG8;;13.5462;;;21-Jan-2026
133867;BANK OF INDIA Credit Risk Fund - Regular Plan;INF761K01DH6;;13.1928;;;21-Jan-2026

Baroda BNP Paribas Mutual Fund
152903;Baroda BNP Paribas Credit Risk fund - Regular-Quarterly- IDCW option -Seg. Portfolio 2 (erstwhile BBNPP Medium Duration Fund Regular-Quarterly IDCW option Seg. Portfolio 1);INF955L01IZ3;INF955L01JA4;0.0000;;;21-Jan-2026
152905;Baroda BNP Paribas Credit Risk fund - Regular-Weekly-IDCW option -Seg. Portfolio 2 (erstwhile BBNPP Medium Duration Fund Regular-Weekly IDCW option Seg. Portfolio 1);;INF955L01JE6;0.0000;;;21-Jan-2026
152892;Baroda BNP Paribas Credit risk fund -Defunct -Growth option -Seg-Portfolio 2 (erstwhile BBNPP Medium Duration Fund-Defunct Growth Option Seg.Portfolio1);INF955L01JM9;;0.0000;;;21-Jan-2026
152899;Baroda BNP Paribas Credit Risk fund -Defunct -Monthly IDCW option -Seg. Portfolio 2 (erstwhile BBNPP Medium Duration Fund Defunct-Monthly IDCW option Seg. Portfolio 1);INF955L01JP2;INF955L01JQ0;0.0000;;;21-Jan-2026
152894;Baroda BNP Paribas Credit Risk fund -Defunct -Weekly IDCW option -Seg. Portfolio 2 (erstwhile BBNPP Medium Duration Fund Defunct-Weekly IDCW option Seg. Portfolio 1);;INF955L01JO5;0.0000;;;21-Jan-2026
152898;Baroda BNP Paribas Credit Risk fund -Direct - Growth option -Seg. Portfolio 2 (erstwhile BBNPP Medium Duration Fund Direct-Growth option Seg. Portfolio 1);INF955L01JF3;;0.0000;;;21-Jan-2026
152897;Baroda BNP Paribas Credit Risk fund -Direct -Monthly IDCW option -Seg. Portfolio 2 (erstwhile BBNPP Medium Duration Fund Direct-Monthly IDCW option Seg. Portfolio 1);;INF955L01JJ5;0.0000;;;21-Jan-2026
152896;Baroda BNP Paribas Credit Risk fund -Direct -Quarterly IDCW option -Seg. Portfolio 2 (erstwhile BBNPP Medium Duration Fund Direct-Quarterly IDCW option Seg. Portfolio 1);INF955L01JG1;INF955L01JH9;0.0000;;;21-Jan-2026
152895;Baroda BNP Paribas Credit Risk fund -Direct -Weekly IDCW option -Seg. Portfolio 2 (erstwhile BBNPP Medium Duration Fund Direct-weekly IDCW option Seg. Portfolio 1);;INF955L01JL1;0.0000;;;21-Jan-2026
133520;Baroda BNP Paribas Credit Risk Fund -Direct- Monthly IDCW;INF955L01FZ9;;14.3215;;;21-Jan-2026
133524;Baroda BNP Paribas Credit Risk Fund -Direct- Quarterly IDCW;INF955L01GA0;;12.6731;;;21-Jan-2026
152900;Baroda BNP Paribas Credit Risk fund -Direct-Daily IDCW option -Seg. Portfolio 2 (erstwhile BBNPP Medium Duration Fund Direct-daily-IDCW option Seg. Portfolio 1);INF955L01JI7;INF955L01JK3;0.0000;;;21-Jan-2026
133488;Baroda BNP Paribas Credit Risk Fund -Direct-Growth Option;INF955L01FR6;;25.3556;;;21-Jan-2026
152901;Baroda BNP Paribas Credit Risk fund -Regular -Daily-IDCW option -Seg. Portfolio 2 (erstwhile BBNPP Medium Duration Fund Regular-Daily-IDCW option Seg. Portfolio 1);;INF955L01JD8;0.0000;;;21-Jan-2026
152902;Baroda BNP Paribas Credit Risk fund -Regular -Monthly IDCW option -Seg. Portfolio 2 (erstwhile BBNPP Medium Duration Fund Regular-Monthly IDCW option Seg. Portfolio 1);INF955L01JB2;INF955L01JC0;0.0000;;;21-Jan-2026
152904;Baroda BNP Paribas Credit Risk fund -Regular-Growth -Seg. Portfolio 2 (erstwhile BBNPP Medium Duration Fund Regular Growth Seg. Portfolio 1);INF955L01IY6;;0.0000;;;21-Jan-2026
133486;Baroda BNP Paribas Credit Risk Fund -Regular-Growth Option;INF955L01FP0;;22.9390;;;21-Jan-2026
133517;Baroda BNP Paribas Credit Risk Fund -Regular-Monthly IDCW;INF955L01FU0;;11.2430;;;21-Jan-2026
133518;Baroda BNP Paribas Credit Risk Fund -Regular-Quarterly IDCW;INF955L01FV8;;11.6345;;;21-Jan-2026
148333;Baroda BNP Paribas Credit Risk Fund- Direct- Growth Option- Segregated Portfolio- 1;INF955L01IT6;;0.0000;;;21-Jan-2026
148334;Baroda BNP Paribas Credit Risk Fund- Direct- Monthly IDCW Option- Segregated Portfolio- 1;INF955L01IW0;INF955L01IX8;0.0000;;;21-Jan-2026
148330;Baroda BNP Paribas Credit Risk Fund- Regular- Growth Option- Segregated Portfolio- 1;INF955L01IO7;;0.0000;;;21-Jan-2026
148331;Baroda BNP Paribas Credit Risk Fund- Regular- Monthly IDCW Option- Segregated Portfolio- 1;INF955L01IR0;INF955L01IS8;0.0000;;;21-Jan-2026
148332;Baroda BNP Paribas Credit Risk Fund- Regular- Quarterly IDCW Option- Segregated Portfolio- 1;INF955L01IP4;INF955L01IQ2;0.0000;;;21-Jan-2026
152893;Baroda BNP Paribas Credit Risk Fund-Defunct -Daily IDCW option - seg Portfolio 2 (erstwhile BBNPP Medium Duration fund Defunct Daily IDCW daily option Seg Portfolio 1);;INF955L01JN7;0.0000;;;21-Jan-2026
148335;Baroda BNP Paribas Credit Risk Fund-Direct- Quarterly IDCW Option- Segregated Portfolio- 1;INF955L01IU4;INF955L01IV2;0.0000;;;21-Jan-2026

DSP Mutual Fund
119084;DSP Credit Risk Fund - Direct Plan -  IDCW - Monthly;INF740K01OV8;INF740K01OW6;11.1893;;;21-Jan-2026
119082;DSP Credit Risk Fund - Direct Plan - Growth;INF740K01OS4;;55.715;;;21-Jan-2026
119083;DSP Credit Risk Fund - Direct Plan - IDCW;INF740K01OT2;INF740K01OU0;12.3415;;;21-Jan-2026
119087;DSP Credit Risk Fund - Direct Plan - IDCW - Daily;;INF740KA1NX2;11.1115;;;21-Jan-2026
119085;DSP Credit Risk Fund - Direct Plan - IDCW - Quarterly ;INF740K01OX4;INF740K01OY2;11.4899;;;21-Jan-2026
119086;DSP Credit Risk Fund - Direct Plan - IDCW - Weekly;INF740KA1NY0;INF740KA1NZ7;11.1248;;;21-Jan-2026
101839;DSP Credit Risk Fund - Regular Plan - IDCW;INF740K01581;INF740K01AB9;12.2106;;;21-Jan-2026
101840;DSP Credit Risk Fund - Regular Plan - IDCW - Daily;;INF740KA1OA8;11.109;;;21-Jan-2026
117061;DSP Credit Risk Fund - Regular Plan - IDCW - Monthly;INF740K01JW6;INF740K01JV8;11.2481;;;21-Jan-2026
117062;DSP Credit Risk Fund - Regular Plan - IDCW - Quarterly ;INF740K01JY2;INF740K01JX4;11.3607;;;21-Jan-2026
101838;DSP Credit Risk Fund - Regular Plan - IDCW - Weekly;INF740K01FR4;INF740K01FQ6;11.1204;;;21-Jan-2026
101837;DSP Credit Risk Fund - Regular Plan -Growth;INF740K01599;;50.8151;;;21-Jan-2026

Franklin Templeton Mutual Fund
148304;Franklin India Credit Risk Fund - Segregated Portfolio 3 (9.50% Yes bank Ltd CO 23Dec21) - Direct Growth Plan;INF090I01VZ8;;0.0000;;;21-Jan-2026
148303;Franklin India Credit Risk Fund - Segregated Portfolio 3 (9.50% Yes Bank Ltd CO 23Dec21) - Growth Plan;INF090I01VX3;;0.0000;;;21-Jan-2026
148305;Franklin India Credit Risk Fund- Segregated Portfolio 3 (9.50% Yes Bank Ltd CO 23Dec21) - IDCW;INF090I01VW5;;0.0000;;;21-Jan-2026
148306;Franklin India Credit Risk Fund-Segregated Portfolio 3 (9.50% Yes Bank Ltd CO 23Dec21) - Direct IDCW;INF090I01VY1;;0.0000;;;21-Jan-2026

ICICI Prudential Mutual Fund
120711;ICICI Prudential Credit Risk Fund - Direct Plan - Growth;INF109K01V00;;36.7417;;;21-Jan-2026
120709;ICICI Prudential Credit Risk Fund - Direct Plan - Quarterly IDCW;INF109K01V34;INF109K01V42;11.8790;;;21-Jan-2026
114239;ICICI Prudential Credit Risk Fund - Growth;INF109K01GU4;;33.2223;;;21-Jan-2026
114240;ICICI Prudential Credit Risk Fund - Quarterly IDCW;INF109K01GV2;INF109K01GW0;11.1879;;;21-Jan-2026

Kotak Mahindra Mutual Fund
119740;Kotak Credit Risk Fund - Direct Plan - Standard Income Distribution cum capital withdrawal option;INF174K01MG5;;25.9819;;;21-Jan-2026
117716;Kotak Credit Risk Fund - Growth;INF174K01DY7;;30.5948;;;21-Jan-2026
119741;Kotak Credit Risk Fund - Growth - Direct;INF174K01LZ7;;34.5921;;;21-Jan-2026
117715;Kotak Credit Risk Fund - Regular Plan - Standard Income Distribution cum capital withdrawal option;INF174K01EG2;INF174K01EF4;13.3053;;;21-Jan-2026

SBI Mutual Fund
119792;SBI Credit Risk Fund - Direct Plan - Daily Income Distribution cum Capital Withdrawal Option (IDCW);;INF200K01SS0;16.1770;;;21-Jan-2026
119793;SBI Credit Risk Fund - Direct Plan - Income Distribution cum Capital Withdrawal Option (IDCW);INF200K01ST8;INF200K01SU6;23.7245;;;21-Jan-2026
119798;SBI CREDIT RISK FUND - DIRECT PLAN -GROWTH;INF200K01SV4;;50.9812;;;21-Jan-2026
118211;SBI Credit Risk Fund - Regular Plan - Daily Income Distribution cum Capital Withdrawal Option (IDCW);;INF200K01QK1;15.5694;;;21-Jan-2026
102505;SBI CREDIT RISK FUND - REGULAR PLAN - GROWTH;INF200K01685;;47.0410;;;21-Jan-2026
102506;SBI Credit Risk Fund - Regular Plan - Income Distribution cum Capital Withdrawal Option (IDCW);INF200K01693;INF200K01701;21.2665;;;21-Jan-2026

Open Ended Schemes ( Debt Scheme - Banking and PSU Fund )


Bajaj Finserv Mutual Fund
152164;Bajaj Finserv Banking and PSU Fund-  Direct Plan-Monthly- IDCW;INF0QA701649;INF0QA701631;10.9665;;;21-Jan-2026
152163;Bajaj Finserv Banking and PSU Fund- Direct Plan- IDCW;INF0QA701615;INF0QA701623;11.8103;;;21-Jan-2026
152165;Bajaj Finserv Banking and PSU Fund- Regular Plan- Growth;INF0QA701557;;11.6687;;;21-Jan-2026
152166;Bajaj Finserv Banking and PSU Fund- Regular Plan- IDCW;INF0QA701565;INF0QA701573;11.6687;;;21-Jan-2026
152162;Bajaj Finserv Banking and PSU Fund-Direct Plan- Growth;INF0QA701607;;11.8103;;;21-Jan-2026
152167;Bajaj Finserv Banking and PSU Fund-Regular Plan-Monthly-IDCW;INF0QA701599;INF0QA701581;10.8926;;;21-Jan-2026

DSP Mutual Fund
124175;DSP Banking & PSU Debt Fund - Direct Plan - Growth;INF740K01ZW2;;25.4517;;;21-Jan-2026
124178;DSP Banking & PSU Debt Fund - Direct Plan - IDCW;INF740K01A18;INF740K01A26;10.7334;;;21-Jan-2026
124182;DSP Banking & PSU Debt Fund - Direct Plan - IDCW - Daily Reinvest;;INF740KA1OF7;10.1373;;;21-Jan-2026
124176;DSP Banking & PSU Debt Fund - Direct Plan - IDCW - Monthly;INF740K01ZX0;INF740K01ZY8;10.3492;;;21-Jan-2026
124177;DSP Banking & PSU Debt Fund - Direct Plan - IDCW - Quarterly ;INF740K01ZZ5;INF740K01A00;10.3776;;;21-Jan-2026
124183;DSP Banking & PSU Debt Fund - Direct Plan - IDCW - Weekly;INF740KA1OG5;INF740KA1OH3;10.133;;;21-Jan-2026
124172;DSP Banking & PSU Debt Fund - Regular Plan - Growth;INF740K01ZP6;;24.5437;;;21-Jan-2026
124174;DSP Banking & PSU Debt Fund - Regular Plan - IDCW;INF740K01ZU6;INF740K01ZV4;10.7083;;;21-Jan-2026
124173;DSP Banking & PSU Debt Fund - Regular Plan - IDCW - Daily Reinvest;;INF740KA1OI1;10.1357;;;21-Jan-2026
124180;DSP Banking & PSU Debt Fund - Regular Plan - IDCW - Monthly;INF740K01ZQ4;INF740K01ZR2;10.3358;;;21-Jan-2026
124181;DSP Banking & PSU Debt Fund - Regular Plan - IDCW - Quarterly ;INF740K01ZS0;INF740K01ZT8;10.3683;;;21-Jan-2026
124179;DSP Banking & PSU Debt Fund - Regular Plan - IDCW - Weekly;INF740KA1OJ9;INF740KA1OK7;10.1314;;;21-Jan-2026

Franklin Templeton Mutual Fund
129008;Franklin India Banking & PSU Debt Fund - Direct - Growth;INF090I01KR8;;24.2257;;;21-Jan-2026
129006;Franklin India Banking & PSU Debt Fund - Growth;INF090I01KO5;;23.1478;;;21-Jan-2026
129009;Franklin India Banking and PSU Debt Fund - Direct - IDCW ;INF090I01KS6;INF090I01KT4;11.4761;;;21-Jan-2026
129007;Franklin India Banking and PSU Debt Fund - IDCW ;INF090I01KP2;INF090I01KQ0;10.8534;;;21-Jan-2026

ICICI Prudential Mutual Fund
120256;ICICI Prudential Banking and PSU Debt Fund - Direct Plan -  Growth;INF109K010A6;;35.1625;;;21-Jan-2026
120258;ICICI Prudential Banking and PSU Debt Fund - Direct Plan -  Quarterly IDCW;INF109K011A4;INF109K012A2;12.9278;;;21-Jan-2026
112342;ICICI Prudential Banking and PSU Debt Fund - Growth;INF109K01RT3;;33.6683;;;21-Jan-2026
116174;ICICI Prudential Banking and PSU Debt Fund - Quarterly IDCW;INF109K01YE1;INF109K01YD3;10.9408;;;21-Jan-2026

ITI Mutual Fund
148534;ITI Banking & PSU Debt Fund - Direct Plan - Growth Option;INF00XX01861;;13.7418;;;21-Jan-2026
148536;ITI Banking & PSU Debt Fund - Direct Plan - IDCW Option;INF00XX01879;INF00XX01887;13.7438;;;21-Jan-2026
148535;ITI Banking & PSU Debt Fund - Regular Plan - Growth Option;INF00XX01838;;13.3503;;;21-Jan-2026
148533;ITI Banking & PSU Debt Fund - Regular Plan - IDCW Option;INF00XX01846;INF00XX01853;13.3514;;;21-Jan-2026

Kotak Mahindra Mutual Fund
123690;Kotak Banking and PSU Debt - Growth;INF174K01FO3;;67.2157;;;21-Jan-2026
123691;Kotak Banking and PSU Debt - Monthly Payout of Income Distribution cum capital withdrawal option;INF174K01FQ8;INF174K01FP0;12.6283;;;21-Jan-2026
123693;Kotak Banking and PSU Debt Direct - Growth;INF174K01KH7;;70.1706;;;21-Jan-2026
123692;Kotak Banking and PSU Debt Direct - Monthly Payout of Income Distribution cum capital withdrawal option;INF174K01KK1;INF174K01KL9;10.2192;;;21-Jan-2026

LIC Mutual Fund
120337;LIC MF Banking & PSU Fund-Direct Plan-Daily IDCW;INF767K01GJ2;INF767K01GM6;14.2712;;;21-Jan-2026
120338;LIC MF Banking & PSU Fund-Direct Plan-Growth;INF767K01GI4;;38.5413;;;21-Jan-2026
120339;LIC MF Banking & PSU Fund-Direct Plan-Monthly IDCW;INF767K01GK0;INF767K01GN4;14.5151;;;21-Jan-2026
120336;LIC MF Banking & PSU Fund-Direct Plan-Weekly IDCW;INF767K01GL8;INF767K01GO2;10.0265;;;21-Jan-2026
105822;LIC MF Banking & PSU Fund-Regular Plan-Daily IDCW;INF767K01519;INF767K01527;11.4336;;;21-Jan-2026
105823;LIC MF Banking & PSU Fund-Regular Plan-Growth;INF767K01535;;35.6366;;;21-Jan-2026
105856;LIC MF Banking & PSU Fund-Regular Plan-Monthly IDCW;INF767K01543;INF767K01550;13.3375;;;21-Jan-2026
105857;LIC MF Banking & PSU Fund-Regular Plan-Weekly IDCW;INF767K01568;INF767K01576;10.3553;;;21-Jan-2026

Mirae Asset Mutual Fund
148419;Mirae Asset Banking and PSU Fund - Direct Plan - Growth;INF769K01FY9;;13.5751;;;21-Jan-2026
148417;Mirae Asset Banking and PSU Fund - Direct Plan - IDCW;INF769K01FX1;INF769K01FZ6;13.5693;;;21-Jan-2026
148416;Mirae Asset Banking and PSU Fund - Regular Plan - Growth;INF769K01FV5;;13.2448;;;21-Jan-2026
148418;Mirae Asset Banking and PSU Fund - Regular plan - IDCW;INF769K01FU7;INF769K01FW3;13.2459;;;21-Jan-2026

SBI Mutual Fund
125502;SBI Banking & PSU Fund - Direct Plan - Daily Income Distribution cum Capital Withdrawal Option (IDCW);;INF200K01V16;1498.6888;;;21-Jan-2026
125503;SBI BANKING & PSU FUND - Direct Plan - Growth;INF200K01V08;;3402.4573;;;21-Jan-2026
125505;SBI Banking & PSU Fund - Direct Plan - Monthly Income Distribution cum Capital Withdrawal Option (IDCW);INF200K01V40;INF200K01V57;1307.9107;;;21-Jan-2026
125504;SBI Banking & PSU Fund - Direct Plan - Weekly Income Distribution cum Capital Withdrawal Option (IDCW);INF200K01V32;INF200K01V24;1495.3606;;;21-Jan-2026
125498;SBI BANKING & PSU FUND - Regular Paln - Growth;INF200K01U41;;3194.5909;;;21-Jan-2026
125499;SBI Banking & PSU Fund - Regular Plan - Daily Income Distribution cum Capital Withdrawal Option (IDCW);;INF200K01U58;1457.4602;;;21-Jan-2026
125501;SBI Banking & PSU Fund - Regular Plan - Monthly Income Distribution cum Capital Withdrawal Option (IDCW);INF200K01U82;INF200K01U90;1221.9520;;;21-Jan-2026
125500;SBI Banking & PSU Fund - Regular Plan - Weekly Income Distribution cum Capital Withdrawal Option (IDCW);INF200K01U74;INF200K01U66;1457.1132;;;21-Jan-2026

Sundaram Mutual Fund
119625;Sundaram Banking & PSU Fund (Formerly Known as Sundaram Banking and PSU Debt Fund) Direct Plan - Growth;INF903J01PA5;;44.8241;;;21-Jan-2026
119626;Sundaram Banking & PSU Fund (Formerly Known as Sundaram Banking and PSU Debt Fund) Direct Plan - Income Distribution cum Capital Withdrawal (IDCW);INF903J01PB3;INF903J01PE7;11.1590;;;21-Jan-2026
100784;Sundaram Banking & PSU Fund (Formerly Known as Sundaram Banking and PSU Debt Fund) Regular Plan - Growth;INF903J01IN3;;44.1606;;;21-Jan-2026
100793;Sundaram Banking & PSU Fund (Formerly Known as Sundaram Banking and PSU Debt Fund) Regular Plan - Income Distribution cum Capital Withdrawal (IDCW);INF903J01IO1;INF903J01IR4;11.1912;;;21-Jan-2026

Trust Mutual Fund
148656;TRUSTMF BANKING & PSU FUND - DIRECT GROWTH;INF0GCD01107;;1334.0789;;;21-Jan-2026
148655;TRUSTMF BANKING & PSU FUND - REGULAR GROWTH;INF0GCD01016;;1301.3048;;;21-Jan-2026
148672;TRUSTMF BANKING & PSU FUND DIRECT PLAN ANNUAL INCOME DISTRIBUTION CUM CAPITAL WITHDRAWAL OPTION;INF0GCD01180;INF0GCD01172;1170.2209;;;21-Jan-2026
148678;TRUSTMF BANKING & PSU FUND DIRECT PLAN DAILY INCOME DISTRIBUTION CUM CAPITAL WITHDRAWAL;;INF0GCD01115;1321.4145;;;21-Jan-2026
148681;TRUSTMF BANKING & PSU FUND DIRECT PLAN MONTHLY INCOME DISTRIBUTION CUM CAPITAL WITHDRAWAL OPTION;INF0GCD01149;INF0GCD01131;1152.2137;;;21-Jan-2026
148670;TRUSTMF BANKING & PSU FUND DIRECT PLAN QUARTERLY INCOME DISTRIBUTION CUM CAPITAL WITHDRAWAL;INF0GCD01164;INF0GCD01156;1168.088;;;21-Jan-2026
148675;TRUSTMF BANKING & PSU FUND DIRECT PLAN WEEKLY INCOME DISTRIBUTION CUM CAPITAL WITHDRAWAL;;INF0GCD01123;1127.0215;;;21-Jan-2026
148669;TRUSTMF BANKING & PSU FUND REGULAR PLAN ANNUAL INCOME DISTRIBUTION CUM CAPITAL WITHDRAWAL;INF0GCD01099;INF0GCD01081;1139.271;;;21-Jan-2026
148667;TRUSTMF BANKING & PSU FUND REGULAR PLAN DAILY INCOME DISTRIBUTION CUM CAPITAL WITHDRAWAL;;INF0GCD01024;1242.0571;;;21-Jan-2026
148674;TRUSTMF BANKING & PSU FUND REGULAR PLAN MONTHLY INCOME DISTRIBUTION CUM CAPITAL WITHDRAWAL;INF0GCD01057;INF0GCD01040;1130.0356;;;21-Jan-2026
148668;TRUSTMF BANKING & PSU FUND REGULAR PLAN QUARTERLY INCOME DISTRIBUTION CUM CAPITAL WITHDRAWAL;INF0GCD01073;INF0GCD01065;1138.8762;;;21-Jan-2026
148679;TRUSTMF BANKING & PSU FUND REGULAR PLAN WEEKLY INCOME DISTRIBUTION CUM CAPITAL WITHDRAWAL;;INF0GCD01032;1108.3182;;;21-Jan-2026

Open Ended Schemes ( Debt Scheme - Gilt Fund )


Bajaj Finserv Mutual Fund
153206;Bajaj Finserv Gilt Fund - Direct - Growth;INF0QA701AP9;;1034.8753;;;21-Jan-2026
153207;Bajaj Finserv Gilt Fund - Direct - IDCW;INF0QA701AQ7;INF0QA701AR5;1034.8753;;;21-Jan-2026
153211;Bajaj Finserv Gilt Fund - Regular - Growth;INF0QA701AM6;;1026.5987;;;21-Jan-2026
153209;Bajaj Finserv Gilt Fund - Regular - IDCW;INF0QA701AN4;INF0QA701AO2;1026.5987;;;21-Jan-2026

Baroda BNP Paribas Mutual Fund
119341;Baroda BNP Paribas GILT FUND - Direct Plan - Growth Option;INF955L01AD7;;47.0984;;;21-Jan-2026
119340;Baroda BNP Paribas GILT FUND - Direct Plan - IDCW Option;INF955L01AB1;INF955L01AC9;34.5751;;;21-Jan-2026
101187;Baroda BNP Paribas GILT FUND - Regular Plan - Growth Option;INF955L01450;;42.8502;;;21-Jan-2026
101188;Baroda BNP Paribas GILT FUND - Regular Plan - IDCW Option;INF955L01435;INF955L01443;25.4337;;;21-Jan-2026

DSP Mutual Fund
119099;DSP Gilt Fund - Direct Plan - Growth;INF740K01NF3;;102.3339;;;21-Jan-2026
119101;DSP Gilt Fund - Direct Plan - IDCW;INF740K01NG1;INF740K01NI7;12.5541;;;21-Jan-2026
119100;DSP Gilt Fund - Direct Plan - IDCW - Monthly;INF740K01NE6;INF740K01NH9;10.7062;;;21-Jan-2026
100084;DSP Gilt Fund - Regular Plan - Growth;INF740K01615;;95.7245;;;21-Jan-2026
100085;DSP Gilt Fund - Regular Plan - IDCW;INF740K01607;INF740K01AD5;12.418;;;21-Jan-2026
100086;DSP Gilt Fund - Regular Plan - IDCW - Monthly;INF740K01623;INF740K01AE3;10.6085;;;21-Jan-2026

Franklin Templeton Mutual Fund
118498;Franklin India Government Securities Fund - Direct - Growth;INF090I01HS2;;65.3473;;;21-Jan-2026
118497;Franklin India Government Securities Fund - Direct - IDCW ;INF090I01HQ6;INF090I01HR4;11.8406;;;21-Jan-2026
100493;Franklin India Government Securities Fund - Growth;INF090I01CU9;;59.4572;;;21-Jan-2026
100494;Franklin India Government Securities Fund - IDCW ;INF090I01CS3;INF090I01CT1;10.6346;;;21-Jan-2026

Groww Mutual Fund
153477;Groww Gilt Fund - Direct - Growth;INF666M01KK2;;9.8731;;;21-Jan-2026
153502;Groww Gilt Fund - Direct - IDCW;INF666M01KL0;INF666M01KM8;9.8719;;;21-Jan-2026
153503;Groww Gilt Fund - Regular - Growth;INF666M01KN6;;9.8038;;;21-Jan-2026
153504;Groww Gilt Fund - Regular - IDCW;INF666M01KO4;INF666M01KP1;9.804;;;21-Jan-2026

ICICI Prudential Mutual Fund
120590;ICICI Prudential Gilt Fund - Direct Plan - Growth;INF109K018C5;;113.0401;;;21-Jan-2026
120589;ICICI Prudential Gilt Fund - Direct Plan - IDCW;INF109K016C9;INF109K017C7;19.0830;;;21-Jan-2026
100369;ICICI Prudential Gilt Fund - Growth;INF109K01JR4;;104.6164;;;21-Jan-2026
100368;ICICI Prudential Gilt Fund - IDCW;INF109K01JQ6;INF109K01JP8;18.0377;;;21-Jan-2026

Kotak Mahindra Mutual Fund
100281;Kotak Gilt-Investment  Provident Fund and Trust-Growth;INF174K01FL9;;96.757;;;21-Jan-2026
119757;Kotak Gilt-Investment  Provident Fund and Trust-Growth - Direct;INF174K01KM7;;110.5564;;;21-Jan-2026
100280;Kotak Gilt-Investment  Provident Fund and Trust-Payout of Income Distribution cum capital withdrawal option;INF174K01FM7;;11.6552;;;21-Jan-2026
100265;Kotak Gilt-Investment Regular-Growth;INF174K01FI5;;94.575;;;21-Jan-2026
119759;Kotak Gilt-Investment Regular-Growth - Direct;INF174K01KE4;;107.9406;;;21-Jan-2026
100264;Kotak Gilt-Investment Regular-Payout of Income Distribution cum capital withdrawal option;INF174K01FK1;INF174K01FJ3;18.4802;;;21-Jan-2026
119758;Kotak Gilt-Investment Regular-Payout of Income Distribution cum capital withdrawal option - Direct;INF174K01KF1;;23.7525;;;21-Jan-2026

LIC Mutual Fund
120282;LIC MF Gilt Fund-Direct Plan-Growth;INF767K01EZ3;;65.0118;;;21-Jan-2026
120283;LIC MF Gilt Fund-Direct Plan-IDCW;INF767K01EY6;INF767K01FA3;18.7298;;;21-Jan-2026
100319;LIC MF Gilt Fund-PF Plan-Growth;INF767K01733;;33.9378;;;21-Jan-2026
100318;LIC MF Gilt Fund-PF Plan-IDCW;INF767K01717;INF767K01725;21.9612;;;21-Jan-2026
100317;LIC MF Gilt Fund-Regular Plan-Growth;INF767K01709;;58.7602;;;21-Jan-2026
100316;LIC MF Gilt Fund-Regular Plan-IDCW;INF767K01683;INF767K01691;16.9376;;;21-Jan-2026

quant Mutual Fund
151228;quant Gilt Fund - Growth Option - Direct Plan;INF966L01BF7;;12.198;;;21-Jan-2026
151230;quant Gilt Fund - Growth Option - Regular Plan;INF966L01BI1;;11.8541;;;21-Jan-2026
151229;quant Gilt Fund - IDCW Option - Direct Plan;INF966L01BG5;INF966L01BH3;12.2039;;;21-Jan-2026
151231;quant Gilt Fund - IDCW Option - Regular Plan;INF966L01BJ9;INF966L01BK7;11.8623;;;21-Jan-2026

SBI Mutual Fund
101934;SBI GILT FUND -  GROWTH - PF (Fixed Period - 3 Yrs) Option;INF200K01AH1;;39.7559;;;21-Jan-2026
101932;SBI GILT FUND -  GROWTH - PF (Regular) Option;INF200K01AK5;;42.5599;;;21-Jan-2026
119707;SBI GILT FUND - DIRECT PLAN - GROWTH;INF200K01SH3;;70.3843;;;21-Jan-2026
119706;SBI Gilt Fund - Direct Plan - Income Distribution cum Capital Withdrawal Option (IDCW);INF200K01SF7;INF200K01SG5;22.4636;;;21-Jan-2026
101950;SBI Gilt Fund - Income Distribution cum Capital Withdrawal Option (IDCW) - PF (Fixed Period - 1 Yr);INF200K01AC2;INF200K01AD0;20.4772;;;21-Jan-2026
101951;SBI Gilt Fund - Income Distribution cum Capital Withdrawal Option (IDCW) - PF (Fixed Period - 2 Yrs);INF200K01AF5;INF200K01AG3;20.7221;;;21-Jan-2026
101952;SBI Gilt Fund - Income Distribution cum Capital Withdrawal Option (IDCW) - PF (Fixed Period - 3 Yrs);INF200K01AI9;INF200K01AJ7;20.0917;;;21-Jan-2026
101001;SBI GILT FUND - REGULAR PLAN - GROWTH;INF200K01982;;66.2801;;;21-Jan-2026
100999;SBI Gilt Fund - Regular Plan - Income Distribution cum Capital Withdrawal Option (IDCW);INF200K01990;INF200K01AA6;20.3810;;;21-Jan-2026

Open Ended Schemes ( Debt Scheme - Gilt Fund with 10 year constant duration )


DSP Mutual Fund
131301;DSP 10Y G-Sec Fund - Direct Plan - Growth;INF740K019I5;;22.6366;;;21-Jan-2026
131304;DSP 10Y G-Sec Fund - Direct Plan - IDCW;INF740K010J2;INF740K011J0;10.9526;;;21-Jan-2026
131303;DSP 10Y G-Sec Fund - Direct Plan - IDCW - Monthly;INF740K012J8;INF740K013J6;10.5624;;;21-Jan-2026
131302;DSP 10Y G-Sec Fund - Direct Plan - IDCW - Quarterly;INF740K014J4;INF740K015J1;10.8789;;;21-Jan-2026
131297;DSP 10Y G-Sec Fund - Regular Plan - Growth;INF740K012I0;;22.0702;;;21-Jan-2026
131298;DSP 10Y G-Sec Fund - Regular Plan - IDCW;INF740K013I8;INF740K014I6;10.7319;;;21-Jan-2026
131299;DSP 10Y G-Sec Fund - Regular Plan - IDCW - Monthly;INF740K015I3;INF740K016I1;10.7154;;;21-Jan-2026
131300;DSP 10Y G-Sec Fund - Regular Plan - IDCW - Quarterly ;INF740K017I9;INF740K018I7;10.9328;;;21-Jan-2026

ICICI Prudential Mutual Fund
131061;ICICI Prudential Constant Maturity Gilt Fund - Direct Plan - Growth;INF109KA1O37;;25.7584;;;21-Jan-2026
131054;ICICI Prudential Constant Maturity Gilt Fund - Direct Plan - Quarterly IDCW;INF109KA1O52;INF109KA1O94;11.5767;;;21-Jan-2026
131051;ICICI Prudential Constant Maturity Gilt Fund - Growth;INF109KA1N46;;25.1754;;;21-Jan-2026
131057;ICICI Prudential Constant Maturity Gilt Fund - quarterly IDCW;INF109KA1N61;INF109KA1O03;11.3165;;;21-Jan-2026

SBI Mutual Fund
120137;SBI CONSTANT MATURITY 10 YEAR GILT FUND - DIRECT PLAN - GROWTH;INF200K01SK7;;67.4174;;;21-Jan-2026
120136;SBI Constant Maturity 10 Year Gilt Fund - Direct Plan - Income Distribution cum Capital Withdrawal Option (IDCW);INF200K01SI1;INF200K01SJ9;21.9298;;;21-Jan-2026
101002;SBI CONSTANT MATURITY 10 Year GILT FUND - REGULAR PLAN - GROWTH;INF200K01AN9;;64.7256;;;21-Jan-2026
101003;SBI Constant Maturity 10 Year Gilt Fund - Regular Plan - Income Distribution cum Capital Withdrawal Option (IDCW);INF200K01AO7;INF200K01AP4;21.0510;;;21-Jan-2026

Open Ended Schemes ( Debt Scheme - Floater Fund )


DSP Mutual Fund
148771;DSP Floater Fund - Direct Plan - Growth;INF740KA1PV1;;13.7553;;;21-Jan-2026
148769;DSP Floater Fund - Direct Plan - IDCW;INF740KA1PW9;INF740KA1PX7;13.7553;;;21-Jan-2026
148768;DSP Floater Fund - Regular Plan - Growth;INF740KA1PS7;;13.5722;;;21-Jan-2026
148770;DSP Floater Fund - Regular Plan - IDCW;INF740KA1PT5;INF740KA1PU3;13.5722;;;21-Jan-2026

Franklin Templeton Mutual Fund
118508;Franklin India Floating Rate Fund - Direct - Growth;INF090I01LK1;;46.0931;;;21-Jan-2026
118507;Franklin India Floating Rate Fund - Direct - IDCW ;INF090I01LL9;;10.1599;;;21-Jan-2026
101048;Franklin India Floating Rate Fund - Growth Plan;INF090I01LM7;;42.0544;;;21-Jan-2026
101044;Franklin India Floating Rate Fund - IDCW ;INF090I01LN5;;10.2600;;;21-Jan-2026

ICICI Prudential Mutual Fund
101804;ICICI Prudential Floating Interest Fund - Daily IDCW;INF109K01AW3;;100.8591;;;21-Jan-2026
120423;ICICI Prudential Floating Interest Fund - Direct Plan - Daily IDCW;;INF109K01P24;100.7599;;;21-Jan-2026
120425;ICICI Prudential Floating Interest Fund - Direct Plan - Growth;INF109K01P57;;481.1209;;;21-Jan-2026
120426;ICICI Prudential Floating Interest Fund - Direct Plan - IDCW Others;INF109K01P65;INF109K01P32;205.6956;;;21-Jan-2026
120424;ICICI Prudential Floating Interest Fund - Direct Plan - Weekly IDCW;INF109K01P73;INF109K01P81;102.1933;;;21-Jan-2026
101802;ICICI Prudential Floating Interest Fund - Growth;INF109K01AX1;;438.9704;;;21-Jan-2026
115510;ICICI Prudential Floating Interest Fund - IDCW Others;INF109K01WQ9;INF109K01WP1;193.7732;;;21-Jan-2026
111545;ICICI Prudential Floating Interest Fund - Weekly IDCW;INF109K01EN4;INF109K01AY9;102.1771;;;21-Jan-2026

Kotak Mahindra Mutual Fund
147269;KOTAK FLOATING RATE FUND-DIRECT PLAN-GROWTH OPTION;INF174KA1EC0;;1603.3994;;;21-Jan-2026
147267;KOTAK FLOATING RATE FUND-DIRECT PLAN-Standard Reinvestment of Income Distribution cum capital withdrawal option;;INF174KA1EF3;1396.8105;;;21-Jan-2026
147266;KOTAK FLOATING RATE FUND-REGULAR PLAN-GROWTH OPTION;INF174KA1DY6;;1562.9548;;;21-Jan-2026
147265;KOTAK FLOATING RATE FUND-REGULAR PLAN-STANDARD Reinvestment of Income Distribution cum capital withdrawal option;;INF174KA1EB2;1392.9276;;;21-Jan-2026

SBI Mutual Fund
148550;SBI Floating Rate Debt Fund - Direct Plan - Growth;INF200KA1R64;;13.7997;;;21-Jan-2026
148551;SBI Floating Rate DEBT Fund - Direct Plan - Monthly Income Distribution cum Capital Withdrawal Option (IDCW);INF200KA1R72;INF200KA1R80;13.7989;;;21-Jan-2026
148549;SBI Floating Rate DEBT Fund - Direct Plan - Quarterly Income Distribution cum Capital Withdrawal Option (IDCW);INF200KA1R98;INF200KA1S06;13.8000;;;21-Jan-2026
148543;SBI Floating Rate Debt Fund - Regular Plan - Growth;INF200KA1R15;;13.6625;;;21-Jan-2026
148544;SBI Floating Rate DEBT Fund - Regular Plan - Monthly Income Distribution cum Capital Withdrawal Option (IDCW);INF200KA1R23;INF200KA1R31;13.6661;;;21-Jan-2026
148546;SBI Floating Rate DEBT Fund - Regular Plan - Quarterly Income Distribution cum Capital Withdrawal Option (IDCW);INF200KA1R49;INF200KA1R56;13.6636;;;21-Jan-2026

Open Ended Schemes ( Hybrid Scheme - Conservative Hybrid Fund )


Baroda BNP Paribas Mutual Fund
150206;BARODA BNP PARIBAS Conservative Hybrid Fund - Direct Plan - Growth Option;INF251K01HR8;;55.4080;;;21-Jan-2026
150207;BARODA BNP PARIBAS Conservative Hybrid Fund - Direct Plan - Monthly IDCW Option;INF251K01HS6;INF251K01HT4;13.1617;;;21-Jan-2026
150208;BARODA BNP PARIBAS Conservative Hybrid Fund - Direct Plan - Quarterly IDCW Option;INF251K01HU2;INF251K01HV0;12.7051;;;21-Jan-2026
150203;BARODA BNP PARIBAS Conservative Hybrid Fund-Regular Plan-Growth Option;INF251K01845;;45.1097;;;21-Jan-2026
150204;BARODA BNP PARIBAS Conservative hybrid Fund-Regular Plan-Monthly IDCW Option;INF251K01852;INF251K01860;10.7593;;;21-Jan-2026
150205;BARODA BNP PARIBAS Conservative Hybrid Fund-Regular Plan-Quarterly IDCW Option;INF251K01878;INF251K01886;10.8658;;;21-Jan-2026

DSP Mutual Fund
118994;DSP Regular Savings Fund - Direct Plan - Growth;INF740K01NO5;;67.3973;;;21-Jan-2026
118992;DSP Regular Savings Fund - Direct Plan - IDCW - Monthly;INF740K01NP2;INF740K01NR8;14.2936;;;21-Jan-2026
118993;DSP Regular Savings Fund - Direct Plan - IDCW - Quarterly ;INF740K01NQ0;INF740K01NS6;14.07;;;21-Jan-2026
102450;DSP Regular Savings Fund - Regular Plan - IDCW - Monthly;INF740K01458;INF740K01466;11.2309;;;21-Jan-2026
102451;DSP Regular Savings Fund - Regular Plan - IDCW - Quarterly ;INF740K01474;INF740K01482;11.4948;;;21-Jan-2026
102448;DSP Regular Savings Fund- Regular Plan - Growth;INF740K01441;;59.6434;;;21-Jan-2026

Franklin Templeton Mutual Fund
118574;Franklin India Conservative Hybrid Fund - Direct - GROWTH;INF090I01GF1;;100.5601;;;21-Jan-2026
100948;Franklin India Conservative Hybrid Fund - Growth;INF090I01EA7;;91.1938;;;21-Jan-2026
118575;Franklin India Conservative Hybrid Fund - Plan A - Direct - Monthly - IDCW;INF090I01GG9;INF090I01GH7;14.7100;;;21-Jan-2026
118576;Franklin India Conservative Hybrid Fund - Plan A - Direct - Quarterly - IDCW;INF090I01GI5;INF090I01GJ3;13.7704;;;21-Jan-2026
100949;Franklin India Conservative Hybrid Fund - Plan A - Monthly - IDCW;INF090I01EB5;INF090I01EC3;12.8989;;;21-Jan-2026
100950;Franklin India Conservative Hybrid Fund - Plan A - Quarterly - IDCW;INF090I01ED1;INF090I01EE9;11.9053;;;21-Jan-2026

ICICI Prudential Mutual Fund
120616;ICICI Prudential Regular Savings Fund - Direct Plan - Growth;INF109K01S39;;85.2825;;;21-Jan-2026
120613;ICICI Prudential Regular Savings Fund - Direct Plan - Half Yearly IDCW;INF109K01S47;INF109K01S54;16.5321;;;21-Jan-2026
120615;ICICI Prudential Regular Savings Fund - Direct Plan - Monthly IDCW;INF109K01S62;INF109K01S70;16.1351;;;21-Jan-2026
120614;ICICI Prudential Regular Savings Fund - Direct Plan - Quarterly IDCW;INF109K01S88;INF109K01S96;14.7366;;;21-Jan-2026
102330;ICICI Prudential Regular Savings Fund - Plan - Growth;INF109K01902;;77.2166;;;21-Jan-2026
113098;ICICI Prudential Regular Savings Fund - Plan - Half Yearly IDCW;INF109K01IW6;INF109K01WX5;12.8750;;;21-Jan-2026
102331;ICICI Prudential Regular Savings Fund - Plan - Monthly IDCW;INF109K01ER5;INF109K01894;13.6313;;;21-Jan-2026
113097;ICICI Prudential Regular Savings Fund - Plan - Quarterly IDCW;INF109K01IX4;INF109K01WY3;11.9452;;;21-Jan-2026

Kotak Mahindra Mutual Fund
114859;Kotak Debt Hybrid - Growth;INF174K01393;;58.8469;;;21-Jan-2026
120154;Kotak Debt Hybrid - Growth - Direct;INF174K01JZ1;;68.3635;;;21-Jan-2026
114858;Kotak Debt Hybrid - Monthly Payout of Income Distribution cum capital withdrawal option;INF174K01419;INF174K01401;12.5084;;;21-Jan-2026
120155;Kotak Debt Hybrid - Monthly Payout of Income Distribution cum capital withdrawal option - Direct;INF174K01KA2;INF174K01KB0;13.7111;;;21-Jan-2026

LIC Mutual Fund
120276;LIC MF Conservative Hybrid Fund-Direct Plan-Growth;INF767K01EO7;;92.5173;;;21-Jan-2026
120277;LIC MF Conservative Hybrid Fund-Direct Plan-Monthly IDCW;INF767K01EP4;INF767K01ES8;13.3848;;;21-Jan-2026
120274;LIC MF Conservative Hybrid Fund-Direct Plan-Quarterly IDCW;INF767K01EQ2;INF767K01ET6;18.4605;;;21-Jan-2026
120275;LIC MF Conservative Hybrid Fund-Direct Plan-Yearly IDCW;INF767K01ER0;INF767K01EU4;14.8625;;;21-Jan-2026
101869;LIC MF Conservative Hybrid Fund-Regular Plan-Growth;INF767K01808;;83.0185;;;21-Jan-2026
101866;LIC MF Conservative Hybrid Fund-Regular Plan-Monthly IDCW;INF767K01816;INF767K01824;12.9617;;;21-Jan-2026
101867;LIC MF Conservative Hybrid Fund-Regular Plan-Quarterly IDCW;INF767K01832;INF767K01840;14.5827;;;21-Jan-2026
101868;LIC MF Conservative Hybrid Fund-Regular Plan-Yearly IDCW;INF767K01857;INF767K01865;12.4632;;;21-Jan-2026

SBI Mutual Fund
119836;SBI Conservative Hybrid Fund  - Direct Plan - Quarterly Income Distribution cum Capital Withdrawal Option (IDCW);INF200K01TV2;INF200K01TW0;24.6253;;;21-Jan-2026
119837;SBI Conservative Hybrid Fund - Direct Plan - Annual Income Distribution cum Capital Withdrawal Option (IDCW);INF200K01TQ2;INF200K01TR0;32.1407;;;21-Jan-2026
119839;SBI Conservative Hybrid Fund - Direct Plan - Growth;INF200K01TS8;;80.5969;;;21-Jan-2026
119838;SBI Conservative Hybrid Fund - Direct Plan - Monthly Income Distribution cum Capital Withdrawal Option (IDCW);INF200K01TT6;INF200K01TU4;28.1680;;;21-Jan-2026
100929;SBI Conservative Hybrid Fund - Regular Plan - Annual Income Distribution cum Capital Withdrawal Option (IDCW);INF200K01909;INF200K01917;25.9579;;;21-Jan-2026
100968;SBI Conservative Hybrid Fund - Regular Plan - Growth;INF200K01859;;73.5899;;;21-Jan-2026
100927;SBI Conservative Hybrid Fund - Regular Plan - Monthly Income Distribution cum Capital Withdrawal Option (IDCW);INF200K01867;INF200K01875;21.5533;;;21-Jan-2026
100928;SBI Conservative Hybrid Fund - Regular Plan - Quarterly Income Distribution cum Capital Withdrawal Option (IDCW);INF200K01883;INF200K01891;21.2243;;;21-Jan-2026

Sundaram Mutual Fund
119635;Sundaram Conservative Hybrid Fund (Formerly Known as Sundaram Debt Oriented Hybrid Fund) Direct Plan - Growth;INF903J01OP6;;32.8484;;;21-Jan-2026
119637;Sundaram Conservative Hybrid Fund (Formerly Known as Sundaram Debt Oriented Hybrid Fund) Direct Plan -Income Distribution cum Capital Withdrawal (IDCW);INF903J01OR2;INF903J01OU6;20.6384;;;21-Jan-2026
112868;Sundaram Conservative Hybrid Fund (Formerly Known as Sundaram Debt Oriented Hybrid Fund) Regular Plan - Growth;INF903J01HB0;;29.6548;;;21-Jan-2026
112870;Sundaram Conservative Hybrid Fund (Formerly Known as Sundaram Debt Oriented Hybrid Fund) Regular Plan -Income Distribution cum Capital Withdrawal (IDCW);INF903J01HD6;INF903J01HG9;18.5188;;;21-Jan-2026

Open Ended Schemes ( Hybrid Scheme - Balanced Hybrid Fund )


WhiteOak Capital Mutual Fund
152132;WhiteOak Capital Balanced Hybrid Fund Direct Plan Growth;INF03VN01829;;13.407;;;21-Jan-2026
152133;WhiteOak Capital Balanced Hybrid Fund Regular Plan Growth;INF03VN01811;;12.965;;;21-Jan-2026

Open Ended Schemes ( Hybrid Scheme - Aggressive Hybrid Fund )


Bank of India Mutual Fund
139527;BANK OF INDIA MID & SMALL CAP EQUITY & DEBT FUND - DIRECT PLAN GROWTH;INF761K01DM6;;40.23;;;21-Jan-2026
139530;BANK OF INDIA MID & SMALL CAP EQUITY & DEBT FUND - DIRECT PLAN IDCW;INF761K01DN4;INF761K01DO2;32.83;;;21-Jan-2026
139529;BANK OF INDIA MID & SMALL CAP EQUITY & DEBT FUND - REGULAR  PLAN  GROWTH;INF761K01DP9;;36.66;;;21-Jan-2026
139528;BANK OF INDIA MID & SMALL CAP EQUITY & DEBT FUND - REGULAR  PLAN IDCW;INF761K01DQ7;INF761K01DR5;31.07;;;21-Jan-2026

Baroda BNP Paribas Mutual Fund
150259;Baroda BNP Paribas Aggressive Hybrid Fund -DIRECT PLAN- IDCW OPTION;INF251K01PB5;INF251K01PA7;18.3955;;;21-Jan-2026
150260;Baroda BNP Paribas Aggressive Hybrid Fund- DIRECT PLAN - GROWTH OPTION;INF251K01OZ7;;31.7593;;;21-Jan-2026
150261;Baroda BNP Paribas Aggressive Hybrid Fund- REGULAR PLAN- IDCW OPTION;INF251K01OY0;INF251K01OX2;15.9740;;;21-Jan-2026
150258;Baroda BNP Paribas Aggressive Hybrid Fund- REGULAT PLAN -GROWTH OPTION;INF251K01OW4;;27.5565;;;21-Jan-2026

DSP Mutual Fund
119019;DSP Aggressive Hybrid Fund - Direct Plan - Growth;INF740K01NY4;;398.955;;;21-Jan-2026
119020;DSP Aggressive Hybrid Fund - Direct Plan - IDCW;INF740K01NZ1;INF740K01OA2;72.235;;;21-Jan-2026
100081;DSP Aggressive Hybrid Fund- Regular Plan - Growth;INF740K01318;;352.893;;;21-Jan-2026
100082;DSP Aggressive Hybrid Fund- Regular Plan - IDCW;INF740K01326;INF740K01334;28.433;;;21-Jan-2026

Franklin Templeton Mutual Fund
118546;Franklin India Aggressive Hybrid Fund - Direct - Growth;INF090I01FZ1;;306.2898;;;21-Jan-2026
118547;Franklin India Aggressive Hybrid Fund - Direct - IDCW;INF090I01GA2;INF090I01GB0;34.1344;;;21-Jan-2026
100550;Franklin India Aggressive Hybrid Fund - Growth Plan;INF090I01817;;266.4365;;;21-Jan-2026
100549;Franklin India Aggressive Hybrid Fund - IDCW;INF090I01825;INF090I01833;28.6071;;;21-Jan-2026

Groww Mutual Fund
145599;Groww Aggressive Hybrid Fund (formerly known as Indiabulls Equity Hybrid Fund) - Direct Plan - Growth option;INF666M01FA3;;23.1281;;;21-Jan-2026
145605;Groww Aggressive Hybrid Fund (formerly known as Indiabulls Equity Hybrid Fund) - Regular Plan - Growth option;INF666M01FJ4;;20.585;;;21-Jan-2026
145600;Groww Aggressive Hybrid Fund (formerly known as Indiabulls Equity Hybrid Fund)- Direct Plan- - Income Distribution cum capital withdrawal Option (Payout & Reinvestment);INF666M01FB1;INF666M01FC9;22.9359;;;21-Jan-2026
145602;Groww Aggressive Hybrid Fund (formerly known as Indiabulls Equity Hybrid Fund)- Direct Plan- Half Yearly - Income Distribution cum capital withdrawal Option (Payout & Reinvestment);INF666M01FH8;INF666M01FI6;22.2434;;;21-Jan-2026
145606;Groww Aggressive Hybrid Fund (formerly known as Indiabulls Equity Hybrid Fund)- Direct Plan- Monthly - Income Distribution cum capital withdrawal Option (Payout & Reinvestment);INF666M01FD7;INF666M01FE5;22.8995;;;21-Jan-2026
145601;Groww Aggressive Hybrid Fund (formerly known as Indiabulls Equity Hybrid Fund)- Direct Plan- Quarterly - Income Distribution cum capital withdrawal Option (Payout & Reinvestment);INF666M01FF2;INF666M01FG0;22.6639;;;21-Jan-2026
145603;Groww Aggressive Hybrid Fund (formerly known as Indiabulls Equity Hybrid Fund)- Regular Plan- - Income Distribution cum capital withdrawal Option (Payout & Reinvestment);INF666M01FK2;INF666M01FL0;20.582;;;21-Jan-2026
145608;Groww Aggressive Hybrid Fund (formerly known as Indiabulls Equity Hybrid Fund)- Regular Plan- Half Yearly - Income Distribution cum capital withdrawal Option (Payout & Reinvestment);INF666M01FQ9;INF666M01FR7;20.5366;;;21-Jan-2026
145604;Groww Aggressive Hybrid Fund (formerly known as Indiabulls Equity Hybrid Fund)- Regular Plan- Monthly - Income Distribution cum capital withdrawal Option (Payout & Reinvestment.;INF666M01FM8;INF666M01FN6;20.5832;;;21-Jan-2026
145607;Groww Aggressive Hybrid Fund (formerly known as Indiabulls Equity Hybrid Fund)- Regular Plan- Quarterly - Income Distribution cum capital withdrawal Option (Payout & Reinvestment);INF666M01FO4;INF666M01FP1;21.8188;;;21-Jan-2026

ICICI Prudential Mutual Fund
136113;ICICI Prudential Equity & Debt Fund - Annual IDCW;INF109KB1QK6;INF109KB1QJ8;25.42;;;21-Jan-2026
136114;ICICI Prudential Equity & Debt Fund - Direct Plan - Annual IDCW;INF109KB1QM2;INF109KB1QL4;28.42;;;21-Jan-2026
120251;ICICI Prudential Equity & Debt Fund - Direct Plan - Growth;INF109K01Y07;;444.54;;;21-Jan-2026
131453;ICICI Prudential Equity & Debt Fund - Direct Plan - Half Yearly IDCW;INF109KA1Y19;INF109KA1Y01;30.10;;;21-Jan-2026
120252;ICICI Prudential Equity & Debt Fund - Direct Plan - Monthly IDCW;INF109K01X81;INF109K01X99;70.43;;;21-Jan-2026
100356;ICICI Prudential Equity & Debt Fund - Growth;INF109K01480;;399.45;;;21-Jan-2026
131452;ICICI Prudential Equity & Debt Fund - Half Yearly IDCW;INF109KA1X93;INF109KA1X85;26.58;;;21-Jan-2026
100355;ICICI Prudential Equity & Debt Fund - Monthly IDCW;INF109K01DX5;INF109K01498;43.58;;;21-Jan-2026

JM Financial Mutual Fund
130904;JM Aggressive Hybrid Fund (Direct) - Annual Bonus Option;INF192K01HB8;;133.804;;;21-Jan-2026
131477;JM Aggressive Hybrid Fund (Direct) - Annual IDCW;INF192K01HJ1;INF192K01HK9;45.0738;;;21-Jan-2026
120484;JM Aggressive Hybrid Fund (Direct) - Growth Option;INF192K01BQ9;;133.5858;;;21-Jan-2026
133402;JM Aggressive Hybrid Fund (Direct) - Half Yearly IDCW;INF192K01HH5;INF192K01HI3;96.1239;;;21-Jan-2026
120483;JM Aggressive Hybrid Fund (Direct) - IDCW;INF192K01BO4;INF192K01BP1;73.6487;;;21-Jan-2026
133412;JM Aggressive Hybrid Fund (Direct) - Monthly IDCW;INF192K01HN3;INF192K01HO1;96.0957;;;21-Jan-2026
133406;JM Aggressive Hybrid Fund (Direct) - Quarterly IDCW;INF192K01HR4;INF192K01HS2;33.7991;;;21-Jan-2026
131476;JM Aggressive Hybrid Fund (Regular) - Annual IDCW;INF192K01HF9;INF192K01HG7;32.2058;;;21-Jan-2026
133408;JM Aggressive Hybrid Fund (Regular) - Half Yearly IDCW;INF192K01HD4;INF192K01HE2;84.6458;;;21-Jan-2026
100220;JM Aggressive Hybrid Fund (Regular) - IDCW;INF192K01528;INF192K01536;32.4362;;;21-Jan-2026
133404;JM Aggressive Hybrid Fund (Regular) - Monthly IDCW;INF192K01HL7;INF192K01HM5;83.9727;;;21-Jan-2026
133405;JM Aggressive Hybrid Fund (Regular) - Quarterly IDCW;INF192K01HP8;INF192K01HQ6;29.9717;;;21-Jan-2026
100221;JM Aggressive Hybrid Fund (Regular) -Growth Option;INF192K01544;;115.9718;;;21-Jan-2026

Kotak Mahindra Mutual Fund
119767;Kotak Aggressive Hybrid Fund - Direct Plan - IDCW - Payout & Reinvestment of Income Distribution cum  capital withdrawal option;INF174K01LL7;INF174K01LM5;44.284;;;21-Jan-2026
133035;Kotak Aggressive Hybrid Fund - Direct Plan -Growth;INF174K01F00;;72.239;;;21-Jan-2026
100286;Kotak Aggressive Hybrid Fund - Regular Plan - IDCW - Payout & Reinvestment of Income Distribution cum capital withdrawal option;INF174K01450;INF174K01443;35.915;;;21-Jan-2026
133036;Kotak Aggressive Hybrid Fund - Regular Plan -Growth;INF174K01E92;;61.111;;;21-Jan-2026

LIC Mutual Fund
120261;LIC MF Aggressive Hybrid Fund-Direct Plan-Growth;INF767K01ED0;;219.6655;;;21-Jan-2026
120260;LIC MF Aggressive Hybrid Fund-Direct Plan-IDCW;INF767K01EC2;INF767K01EE8;21.3936;;;21-Jan-2026
100323;LIC MF Aggressive Hybrid Fund-Regular Plan-Growth;INF767K01030;;192.423;;;21-Jan-2026
100321;LIC MF Aggressive Hybrid Fund-Regular Plan-IDCW;INF767K01022;INF767K01014;15.2807;;;21-Jan-2026

Mahindra Manulife Mutual Fund
147448;Mahindra Manulife Aggressive Hybrid Fund - Direct Plan - Monthly IDCW;INF174V01804;INF174V01796;22.1198;;;21-Jan-2026
147446;Mahindra Manulife Aggressive Hybrid Fund - Direct Plan -Growth;INF174V01788;;30.4095;;;21-Jan-2026
147447;Mahindra Manulife Aggressive Hybrid Fund - Regular Plan - Growth;INF174V01754;;27.0748;;;21-Jan-2026
147449;Mahindra Manulife Aggressive Hybrid Fund - Regular Plan - Monthly IDCW;INF174V01770;INF174V01762;19.1828;;;21-Jan-2026

Mirae Asset Mutual Fund
134813;Mirae Asset Aggressive Hybrid Fund - Direct Plan - Growth;INF769K01DH9;;38.328;;;21-Jan-2026
134814;Mirae Asset Aggressive Hybrid Fund - Direct Plan - IDCW;INF769K01DI7;INF769K01DJ5;21.202;;;21-Jan-2026
134815;Mirae Asset Aggressive Hybrid Fund - Regular Plan - Growth;INF769K01DE6;;32.631;;;21-Jan-2026
134816;Mirae Asset Aggressive Hybrid Fund - Regular Plan - IDCW;INF769K01DF3;INF769K01DG1;17.228;;;21-Jan-2026

Navi Mutual Fund
143163;Navi Aggressive Hybrid Fund - Direct Plan - Growth;INF959L01CX3;;23.2444;;;21-Jan-2026
143195;Navi Aggressive Hybrid Fund - Direct Plan Annual IDCW;INF959L01DG6;INF959L01DH4;23.145;;;21-Jan-2026
143186;Navi Aggressive Hybrid Fund - Direct Plan Half Yearly IDCW;INF959L01DE1;INF959L01DF8;23.1418;;;21-Jan-2026
143192;Navi Aggressive Hybrid Fund - Direct Plan Monthly IDCW;INF959L01DA9;INF959L01DB7;23.1403;;;21-Jan-2026
143167;Navi Aggressive Hybrid Fund - Direct Plan Normal IDCW;INF959L01CY1;INF959L01CZ8;23.1417;;;21-Jan-2026
143185;Navi Aggressive Hybrid Fund - Direct Plan Quarterly IDCW;INF959L01DC5;INF959L01DD3;23.1407;;;21-Jan-2026
143162;Navi Aggressive Hybrid Fund - Regular Plan - Growth;INF959L01DI2;;20.229;;;21-Jan-2026
143198;Navi Aggressive Hybrid Fund - Regular Plan Annual IDCW;INF959L01DR3;INF959L01DS1;20.2266;;;21-Jan-2026
143189;Navi Aggressive Hybrid Fund - Regular Plan Half Yearly IDCW;INF959L01DP7;INF959L01DQ5;20.2416;;;21-Jan-2026
143197;Navi Aggressive Hybrid Fund - Regular Plan Monthly IDCW;INF959L01DL6;INF959L01DM4;20.2285;;;21-Jan-2026
143166;Navi Aggressive Hybrid Fund - Regular Plan Normal IDCW;INF959L01DJ0;INF959L01DK8;20.2302;;;21-Jan-2026
143199;Navi Aggressive Hybrid Fund - Regular Plan Quarterly IDCW;INF959L01DN2;INF959L01DO0;20.2291;;;21-Jan-2026

quant Mutual Fund
101070;quant Aggressive Hybrid Fund - Growth Option - Regular Plan;INF966L01267;;411.6163;;;21-Jan-2026
120819;quant Aggressive Hybrid Fund-Growth Option-Direct Plan;INF966L01556;;451.3082;;;21-Jan-2026
101069;quant Aggressive Hybrid Fund-IDCW Option - Regular Plan;INF966L01242;INF966L01259;56.7733;;;21-Jan-2026
120818;quant Aggressive Hybrid Fund-IDCW Option-Direct Plan;INF966L01531;INF966L01549;62.5086;;;21-Jan-2026

SBI Mutual Fund
119609;SBI EQUITY HYBRID FUND - DIRECT PLAN - Growth;INF200K01RY0;;334.1174;;;21-Jan-2026
119604;SBI Equity Hybrid Fund - Direct Plan - Income Distribution cum Capital Withdrawal Option (IDCW);INF200K01RW4;INF200K01RX2;97.7693;;;21-Jan-2026
101551;SBI Equity Hybrid Fund - Regular Plan - Income Distribution cum Capital Withdrawal Option (IDCW);INF200K01115;INF200K01123;63.8799;;;21-Jan-2026
102885;SBI EQUITY HYBRID FUND - REGULAR PLAN -Growth;INF200K01107;;301.4545;;;21-Jan-2026

Shriram Mutual Fund
125711;Shriram Aggressive Hybrid Fund- Direct Growth;INF680P01042;;36.2922;;;21-Jan-2026
125712;Shriram Aggressive Hybrid Fund- Direct- IDCW;INF680P01059;INF680P01067;28.6249;;;21-Jan-2026
125713;Shriram Aggressive Hybrid Fund- Regular Growth;INF680P01018;;31.4451;;;21-Jan-2026
125714;Shriram Aggressive Hybrid Fund- Regular-IDCW;INF680P01026;INF680P01034;25.1424;;;21-Jan-2026

Sundaram Mutual Fund
149601;Sundaram Aggressive Hybrid Fund (Formerly Known as Principal Hybrid Equity Fund)- Direct Plan - Growth Option;INF173K01FE6;;185.0169;;;21-Jan-2026
149600;Sundaram Aggressive Hybrid Fund (Formerly Known as Principal Hybrid Equity Fund)- Monthly Income Distribution CUM Capital Withdrawal;INF173K01CI4;INF173K01CJ2;26.2777;;;21-Jan-2026
149599;Sundaram Aggressive Hybrid Fund (Formerly Known as Principal Hybrid Equity Fund)-Growth;INF173K01CL8;;160.5147;;;21-Jan-2026
149602;Sundaram Aggressive Hybrid Fund(Formerly Known as Principal Hybrid Equity Fund)-Direct Plan - Monthly Income Distribution CUM Capital Withdrawal Option;INF173K01FB2;INF173K01FC0;40.8748;;;21-Jan-2026

Open Ended Schemes ( Hybrid Scheme - Dynamic Asset Allocation or Balanced Advantage )


Bajaj Finserv Mutual Fund
152194;Bajaj Finserv Balanced Advantage Fund-Direct Plan-Growth;INF0QA701656;;11.829;;;21-Jan-2026
152195;Bajaj Finserv Balanced Advantage Fund-Direct Plan-IDCW;INF0QA701664;INF0QA701672;11.829;;;21-Jan-2026
152196;Bajaj Finserv Balanced Advantage Fund-Regular Plan-Growth;INF0QA701680;;11.451;;;21-Jan-2026
152197;Bajaj Finserv Balanced Advantage Fund-Regular Plan-IDCW;INF0QA701698;INF0QA701706;11.451;;;21-Jan-2026

Bank of India Mutual Fund
127852;BANK OF INDIA BALANCED ADVANTAGE FUND  DIRECT PLAN IDCW;INF761K01BM0;INF761K01BN8;16.6430;;;21-Jan-2026
127851;BANK OF INDIA BALANCED ADVANTAGE FUND  REGULAR PLAN IDCW;INF761K01BP3;INF761K01BQ1;17.7007;;;21-Jan-2026
127850;BANK OF INDIA BALANCED ADVANTAGE FUND DIRECT PLAN  GROWTH;INF761K01BO6;;27.5761;;;21-Jan-2026
127849;BANK OF INDIA BALANCED ADVANTAGE FUND REGULAR PLAN  GROWTH;INF761K01BR9;;25.3706;;;21-Jan-2026

Baroda BNP Paribas Mutual Fund
145396;Baroda BNP Paribas Balanced Advantage Fund-Direct Plan-Growth Option;INF955L01HF7;;26.8973;;;21-Jan-2026
145397;Baroda BNP Paribas Balanced Advantage Fund-Direct Plan-IDCW Option;INF955L01HG5;INF955L01HH3;17.9093;;;21-Jan-2026
145387;Baroda BNP Paribas Balanced Advantage Fund-Regular Plan -Growth Option;INF955L01HC4;;24.4741;;;21-Jan-2026
145389;Baroda BNP Paribas Balanced Advantage Fund-Regular Plan-IDCW Option;INF955L01HD2;INF955L01HE0;16.2523;;;21-Jan-2026

DSP Mutual Fund
126393;DSP Dynamic Asset Allocation Fund - Direct Plan - Growth;INF740K01K81;;32.42;;;21-Jan-2026
126391;DSP Dynamic Asset Allocation Fund - Direct Plan - IDCW - Monthly;INF740K01K99;INF740K01L07;16.962;;;21-Jan-2026
126394;DSP Dynamic Asset Allocation Fund - Regular Plan - Growth;INF740K01K57;;28.117;;;21-Jan-2026
126392;DSP Dynamic Asset Allocation Fund - Regular Plan - IDCW - Monthly;INF740K01K65;INF740K01K73;14.277;;;21-Jan-2026

Franklin Templeton Mutual Fund
150480;Franklin India Balanced Advantage Fund- Growth;INF090I01WN2;;14.2777;;;21-Jan-2026
150481;Franklin India Balanced Advantage Fund- Growth- Direct;INF090I01WQ5;;15.0903;;;21-Jan-2026
150478;Franklin India Balanced Advantage Fund- IDCW;INF090I01WO0;INF090I01WP7;13.2789;;;21-Jan-2026
150479;Franklin India Balanced Advantage Fund- IDCW- Direct;INF090I01WR3;INF090I01WS1;13.4708;;;21-Jan-2026

Helios Mutual Fund
152509;Helios Balanced Advantage Fund- Direct Plan- Growth Option;INF0R8701145;;11.65;;;21-Jan-2026
152511;Helios Balanced Advantage Fund- Direct Plan-IDCW Option;INF0R8701152;INF0R8701160;11.65;;;21-Jan-2026
152512;Helios Balanced Advantage Fund- Regular Plan- Growth Option;INF0R8701111;;11.32;;;21-Jan-2026
152510;Helios Balanced Advantage Fund- Regular Plan-IDCW Option;INF0R8701129;INF0R8701137;11.32;;;21-Jan-2026

ICICI Prudential Mutual Fund
120377;ICICI Prudential Balanced Advantage Fund - Direct Plan -  Growth;INF109K012B0;;85.43;;;21-Jan-2026
120376;ICICI Prudential Balanced Advantage Fund - Direct Plan -  IDCW;INF109K010B4;INF109K011B2;29.00;;;21-Jan-2026
122236;ICICI Prudential Balanced Advantage Fund - Direct Plan - Monthly IDCW;INF109K016W7;INF109K015W9;27.02;;;21-Jan-2026
104685;ICICI Prudential Balanced Advantage Fund - Growth;INF109K01BH2;;76.35;;;21-Jan-2026
104686;ICICI Prudential Balanced Advantage Fund - IDCW;INF109K01EG8;INF109K01BG4;17.82;;;21-Jan-2026
122168;ICICI Prudential Balanced Advantage Fund - Monthly IDCW;INF109K018W3;INF109K017W5;22.52;;;21-Jan-2026

ITI Mutual Fund
147789;ITI Balanced Advantage Fund - Direct Plan - Growth Option;INF00XX01689;;16.1629;;;21-Jan-2026
147788;ITI Balanced Advantage Fund - Direct Plan - IDCW Option;INF00XX01697;INF00XX01705;14.0025;;;21-Jan-2026
147787;ITI Balanced Advantage Fund - Regular Plan - Growth Option;INF00XX01655;;14.3571;;;21-Jan-2026
147786;ITI Balanced Advantage Fund - Regular Plan - IDCW Option;INF00XX01663;INF00XX01671;12.2424;;;21-Jan-2026

Kotak Mahindra Mutual Fund
144335;Kotak Balanced Advantage Fund  - Direct Plan -Growth Option;INF174KA1210;;22.405;;;21-Jan-2026
144336;Kotak Balanced Advantage Fund - Regular Plan - Payout of Income Distribution cum capital withdrawal option Option;INF174KA1160;INF174KA1178;20.536;;;21-Jan-2026
144334;Kotak Balanced Advantage Fund -Direct Plan  -Payout of Income Distribution cum capital withdrawal option;INF174KA1194;INF174KA1202;22.405;;;21-Jan-2026
144333;Kotak Balanced Advantage Fund -Regular Plan - Growth Option;INF174KA1186;;20.536;;;21-Jan-2026

LIC Mutual Fund
149261;LIC MF Balanced Advantage Fund-Direct Plan-Growth;INF767K01QY0;;14.2973;;;21-Jan-2026
149260;LIC MF Balanced Advantage Fund-Direct Plan-IDCW;INF767K01QZ7;INF767K01RA8;12.7911;;;21-Jan-2026
149259;LIC MF Balanced Advantage Fund-Regular Plan-Growth;INF767K01QV6;;13.3322;;;21-Jan-2026
149258;LIC MF Balanced Advantage Fund-Regular Plan-IDCW;INF767K01QW4;INF767K01QX2;12.084;;;21-Jan-2026

Mahindra Manulife Mutual Fund
149406;Mahindra Manulife Balanced Advantage Fund - Direct Plan - Growth;INF174V01BE0;;15.4064;;;21-Jan-2026
149407;Mahindra Manulife Balanced Advantage Fund - Direct Plan - IDCW;INF174V01BF7;INF174V01BG5;13.1364;;;21-Jan-2026
149404;Mahindra Manulife Balanced Advantage Fund - Regular Plan - Growth;INF174V01BB6;;14.3393;;;21-Jan-2026
149405;Mahindra Manulife Balanced Advantage Fund - Regular Plan - IDCW;INF174V01BC4;INF174V01BD2;12.1203;;;21-Jan-2026

Mirae Asset Mutual Fund
150470;Mirae Asset Balanced Advantage Fund Direct Plan- Growth;INF769K01IN6;;15.007;;;21-Jan-2026
150471;Mirae Asset Balanced Advantage Fund Direct Plan- IDCW;INF769K01IM8;INF769K01IO4;14.996;;;21-Jan-2026
150474;Mirae Asset Balanced Advantage Fund Regular Plan IDCW;INF769K01IJ4;INF769K01IL0;14.296;;;21-Jan-2026
150473;Mirae Asset Balanced Advantage Fund Regular Plan- Growth;INF769K01IK2;;14.300;;;21-Jan-2026

quant Mutual Fund
151713;quant Dynamic Asset Allocation Fund - Growth Option - Direct Plan;INF966L01BL5;;16.2126;;;21-Jan-2026
151714;quant Dynamic Asset Allocation Fund - Growth Option - Regular Plan;INF966L01BO9;;15.5436;;;21-Jan-2026
151712;quant Dynamic Asset Allocation Fund - IDCW Option - Direct Plan;INF966L01BM3;INF966L01BN1;16.2075;;;21-Jan-2026
151715;quant Dynamic Asset Allocation Fund - IDCW Option - Regular Plan;INF966L01BP6;INF966L01BQ4;15.545;;;21-Jan-2026

SBI Mutual Fund
149134;SBI Balanced Advantage Fund - Direct Plan - Growth;INF200KA1Y73;;16.4397;;;21-Jan-2026
149135;SBI Balanced Advantage Fund - Direct Plan - Income Distribution cum Capital Withdrawal Option (IDCW);INF200KA1Y81;INF200KA1Y99;16.4401;;;21-Jan-2026
149132;SBI Balanced Advantage Fund - Regular Plan - Growth;INF200KA1Y40;;15.7560;;;21-Jan-2026
149133;SBI Balanced Advantage Fund - Regular Plan - Income Distribution cum Capital Withdrawal Option (IDCW);INF200KA1Y57;INF200KA1Y65;15.7562;;;21-Jan-2026

Shriram Mutual Fund
147406;Shriram Balanced Advantage Fund - Direct Growth;INF680P01208;;18.8759;;;21-Jan-2026
147403;Shriram Balanced Advantage Fund - Direct- IDCW;INF680P01216;INF680P01224;18.7261;;;21-Jan-2026
147405;Shriram Balanced Advantage Fund - Regular Growth;INF680P01174;;16.7129;;;21-Jan-2026
147404;Shriram Balanced Advantage Fund - Regular-IDCW;INF680P01182;INF680P01190;16.7348;;;21-Jan-2026

Sundaram Mutual Fund
149717;Sundaram Balanced Advantage Fund ( Formerly Known as Principal Balanced Advantage Fund) - Direct Plan - Growth Option;INF173K01FI7;;41.5569;;;21-Jan-2026
149718;Sundaram Balanced Advantage Fund (Formerly Known as Principal Balanced Advantage Fund) - Direct Plan - Monthly Income Distribution CUM Capital Withdrawal Option;INF173K01FF3;INF173K01FG1;18.3899;;;21-Jan-2026
149715;Sundaram Balanced Advantage Fund (Formerly Known as Principal Balanced Advantage Fund) - Growth Option;INF173K01585;;35.1613;;;21-Jan-2026
149716;Sundaram Balanced Advantage Fund (Formerly Known as Principal Balanced Advantage Fund) - Monthly Income Distribution CUM Capital Withdrawal Option;INF173K01551;INF173K01569;14.9253;;;21-Jan-2026

Unifi Mutual Fund
153376;Unifi Dynamic Asset Allocation Fund - Direct Growth;INF1MIY01015;;10.6988;;;21-Jan-2026
153377;Unifi Dynamic Asset Allocation Fund - Regular Growth;INF1MIY01023;;10.6444;;;21-Jan-2026

WhiteOak Capital Mutual Fund
151267;WhiteOak Capital Balanced Advantage Fund Direct Plan Growth;INF03VN01738;;15.035;;;21-Jan-2026
151268;WhiteOak Capital Balanced Advantage Fund Regular Plan Growth;INF03VN01720;;14.345;;;21-Jan-2026

Open Ended Schemes ( Hybrid Scheme - Multi Asset Allocation )


Bajaj Finserv Mutual Fund
152639;Bajaj Finserv Multi Asset Allocation Fund - Direct Growth;INF0QA701821;;12.9353;;;21-Jan-2026
152641;Bajaj Finserv Multi Asset Allocation Fund - Direct IDCW;INF0QA701839;INF0QA701847;12.9353;;;21-Jan-2026
152642;Bajaj Finserv Multi Asset Allocation Fund - Regular Growth;INF0QA701797;;12.6154;;;21-Jan-2026
152640;Bajaj Finserv Multi Asset Allocation Fund - Regular IDCW;INF0QA701805;INF0QA701813;12.6154;;;21-Jan-2026

Bank of India Mutual Fund
152396;Bank of India Multi Asset Allocation Fund-Direct Plan-Growth;INF761K01FZ3;;12.4844;;;21-Jan-2026
152399;Bank of India Multi Asset Allocation Fund-Direct Plan-IDCW;INF761K01GA4;INF761K01GB2;12.4816;;;21-Jan-2026
152398;Bank of India Multi Asset Allocation Fund-Regular Plan-Growth;INF761K01FW0;;12.2467;;;21-Jan-2026
152395;Bank of India Multi Asset Allocation Fund-Regular Plan-IDCW;INF761K01FX8;INF761K01FY6;12.2478;;;21-Jan-2026

Baroda BNP Paribas Mutual Fund
150865;Baroda BNP Paribas Multi Asset Fund - Direct Plan - Growth Option;INF251K01RF2;;16.7346;;;21-Jan-2026
150866;Baroda BNP Paribas Multi Asset Fund - Direct Plan - IDCW Option;INF251K01RG0;INF251K01RH8;16.2590;;;21-Jan-2026
150863;Baroda BNP Paribas Multi Asset Fund - Regular Plan - Growth Option;INF251K01RC9;;16.0271;;;21-Jan-2026
150864;Baroda BNP Paribas Multi Asset Fund - Regular Plan - IDCW Option;INF251K01RD7;INF251K01RE5;15.3033;;;21-Jan-2026

Edelweiss Mutual Fund
151792;Edelweiss Multi Asset Allocation Fund - Direct Plan - Growth;INF754K01RS8;;11.9659;;;21-Jan-2026
151793;Edelweiss Multi Asset Allocation Fund - Direct Plan - IDCW Option;INF754K01RT6;INF754K01RU4;11.9659;;;21-Jan-2026
151795;Edelweiss Multi Asset Allocation Fund - Regular Plan - Growth;INF754K01RO7;;11.8671;;;21-Jan-2026
151794;Edelweiss Multi Asset Allocation Fund - Regular Plan - IDCW Option;INF754K01RP4;INF754K01RQ2;11.8671;;;21-Jan-2026

Franklin Templeton Mutual Fund
153732;Franklin India Multi Asset Allocation Fund- Direct- IDCW;INF090I01YJ6;INF090I01YI8;11.1866;;;21-Jan-2026
153731;Franklin India Multi Asset Allocation Fund- Direct-Growth;INF090I01YH0;;11.1866;;;21-Jan-2026
153733;Franklin India Multi Asset Allocation Fund- Growth;INF090I01YM0;;11.0967;;;21-Jan-2026
153730;Franklin India Multi Asset Allocation Fund- IDCW;INF090I01YL2;INF090I01YK4;11.0967;;;21-Jan-2026

Groww Mutual Fund
153821;Groww Multi Asset Allocation Fund Direct Growth;INF666M01MA9;;10.5373;;;21-Jan-2026
153852;Groww Multi Asset Allocation Fund Direct IDCW;INF666M01MB7;INF666M01MC5;10.5344;;;21-Jan-2026
153851;Groww Multi Asset Allocation Fund Regular Growth;INF666M01MD3;;10.4771;;;21-Jan-2026
153850;Groww Multi Asset Allocation Fund Regular IDCW;INF666M01ME1;INF666M01MF8;10.4773;;;21-Jan-2026

Kotak Mahindra Mutual Fund
152064;Kotak Multi Asset Allocation Fund - Direct Plan - Growth Option;INF174KA1PD4;;16.672;;;21-Jan-2026
152063;Kotak Multi Asset Allocation Fund - Direct Plan - IDCW Option;INF174KA1PE2;INF174KA1PF9;16.344;;;21-Jan-2026
152065;Kotak Multi Asset Allocation Fund - Regular Plan - Growth Option;INF174KA1PA0;;16.142;;;21-Jan-2026
152066;Kotak Multi Asset Allocation Fund - Regular Plan - IDCW Option;INF174KA1PB8;INF174KA1PC6;15.825;;;21-Jan-2026

LIC Mutual Fund
153246;LIC MF Multi Asset Allocation Fund-Direct Plan-Growth;INF767K01RZ5;;12.3709;;;21-Jan-2026
153247;LIC MF Multi Asset Allocation Fund-Direct Plan-IDCW;INF767K01RY8;INF767K01RX0;12.3709;;;21-Jan-2026
153248;LIC MF Multi Asset Allocation Fund-Regular Plan-Growth;INF767K01RW2;;12.1815;;;21-Jan-2026
153249;LIC MF Multi Asset Allocation Fund-Regular Plan-IDCW;INF767K01RV4;INF767K01RU6;12.1815;;;21-Jan-2026

Mahindra Manulife Mutual Fund
152445;Mahindra Manulife Multi Asset Allocation Fund - Direct Plan - IDCW;INF174V01BX0;INF174V01BY8;13.6339;;;21-Jan-2026
152444;Mahindra Manulife Multi Asset allocation Fund - Regular Plan - IDCW;INF174V01BU6;INF174V01BV4;13.2205;;;21-Jan-2026
152443;Mahindra Manulife Multi Asset Allocation Fund- Direct Plan - Growth;INF174V01BW2;;13.9496;;;21-Jan-2026
152441;Mahindra Manulife Multi Asset Allocation Fund- Regular Plan - Growth;INF174V01BT8;;13.5319;;;21-Jan-2026

Mirae Asset Mutual Fund
152344;Mirae Asset Multi Asset Allocation Fund - Direct Plan - Growth;INF769K01KZ6;;13.835;;;21-Jan-2026
152345;Mirae Asset Multi Asset Allocation Fund - Direct Plan - IDCW;INF769K01LA7;INF769K01LB5;13.834;;;21-Jan-2026
152347;Mirae Asset Multi Asset Allocation Fund - Regular Plan - Growth;INF769K01KW3;;13.407;;;21-Jan-2026
152346;Mirae Asset Multi Asset Allocation Fund - Regular Plan - IDCW;INF769K01KX1;INF769K01KY9;13.404;;;21-Jan-2026

quant Mutual Fund
120820;quant Multi Asset Allocation Fund - IDCW Option - Direct Plan;INF966L01564;INF966L01572;161.2085;;;21-Jan-2026
101071;quant Multi Asset Allocation Fund - IDCW Option - Regular Plan;INF966L01184;INF966L01192;148.5338;;;21-Jan-2026
101072;quant Multi Asset Allocation Fund-GROWTH OPTION - Regular Plan;INF966L01200;;162.0322;;;21-Jan-2026
120821;quant Multi Asset Allocation Fund-GROWTH OPTION-Direct Plan;INF966L01580;;174.9231;;;21-Jan-2026

SBI Mutual Fund
119840;SBI Multi Asset Allocation Fund - Direct Plan - Annual Income Distribution cum Capital Withdrawal Option (IDCW);INF200K01TX8;INF200K01TY6;42.1325;;;21-Jan-2026
119843;SBI MULTI ASSET ALLOCATION FUND - DIRECT PLAN - GROWTH;INF200K01TZ3;;73.9499;;;21-Jan-2026
119841;SBI Multi Asset Allocation Fund - Direct Plan - Monthly Income Distribution cum Capital Withdrawal Option (IDCW);INF200K01UA4;INF200K01UB2;33.2062;;;21-Jan-2026
119842;SBI Multi Asset Allocation Fund - Direct Plan - Quarterly Income Distribution cum Capital Withdrawal Option (IDCW);INF200K01UC0;INF200K01UD8;35.1258;;;21-Jan-2026
103409;SBI Multi Asset Allocation Fund - Regular Plan - Annual Income Distribution cum Capital Withdrawal Option (IDCW);INF200K01784;INF200K01792;37.5522;;;21-Jan-2026
103408;SBI MULTI ASSET ALLOCATION FUND - REGULAR PLAN - GROWTH;INF200K01800;;66.4075;;;21-Jan-2026
103400;SBI Multi Asset Allocation Fund - Regular Plan - Monthly Income Distribution cum Capital Withdrawal Option (IDCW);INF200K01818;INF200K01826;29.6948;;;21-Jan-2026
103401;SBI Multi Asset Allocation Fund - Regular Plan - Quarterly Income Distribution cum Capital Withdrawal Option (IDCW);INF200K01834;INF200K01842;29.6658;;;21-Jan-2026

Shriram Mutual Fund
152051;Shriram Multi Asset Allocation Fund - Direct Growth;INF680P01406;;14.0154;;;21-Jan-2026
152052;Shriram Multi Asset Allocation Fund - Regular Growth;INF680P01414;;13.4143;;;21-Jan-2026

Sundaram Mutual Fund
152314;Sundaram Multi Asset Allocation Fund Direct Plan Growth;INF903JA1LK9;;14.0285;;;21-Jan-2026
152316;Sundaram Multi Asset Allocation Fund Direct Plan IDCW Payout;INF903JA1LL7;;14.0285;;;21-Jan-2026
152312;Sundaram Multi Asset Allocation Fund Direct Plan IDCW Reinvestment;;INF903JA1LM5;14.0285;;;21-Jan-2026
152311;Sundaram Multi Asset Allocation Fund Regular Plan Growth;INF903JA1LH5;;13.6029;;;21-Jan-2026
152315;Sundaram Multi Asset Allocation Fund Regular Plan IDCW Payout;INF903JA1LI3;;13.6029;;;21-Jan-2026
152313;Sundaram Multi Asset Allocation Fund Regular Plan IDCW Reinvestment;;INF903JA1LJ1;13.6029;;;21-Jan-2026

Open Ended Schemes ( Hybrid Scheme - Arbitrage Fund )


Bajaj Finserv Mutual Fund
152080;Bajaj Finserv Arbitrage Fund- Direct Plan-IDCW;INF0QA701532;INF0QA701540;11.772;;;21-Jan-2026
152078;Bajaj Finserv Arbitrage Fund- Regular Plan-Growth;INF0QA701490;;11.579;;;21-Jan-2026
152077;Bajaj Finserv Arbitrage Fund-Direct Plan-Growth;INF0QA701524;;11.772;;;21-Jan-2026
152079;Bajaj Finserv Arbitrage Fund-Regular Plan-IDCW;INF0QA701508;INF0QA701516;11.579;;;21-Jan-2026

Bank of India Mutual Fund
143613;BANK OF INDIA Arbitrage Fund Direct Plan Annual IDCW;INF761K01EI2;INF761K01EJ0;13.4526;;;21-Jan-2026
143614;BANK OF INDIA Arbitrage Fund Direct Plan Growth;INF761K01ED3;;14.8815;;;21-Jan-2026
143615;BANK OF INDIA Arbitrage Fund Direct Plan Monthly IDCW;INF761K01EE1;INF761K01EF8;13.4111;;;21-Jan-2026
143616;BANK OF INDIA Arbitrage Fund Direct Plan Quarterly IDCW;INF761K01EG6;INF761K01EH4;14.1390;;;21-Jan-2026
143620;BANK OF INDIA Arbitrage Fund Regular Growth;INF761K01DW5;;14.2211;;;21-Jan-2026
143617;BANK OF INDIA Arbitrage Fund Regular Plan IDCW Annual IDCW;INF761K01EB7;INF761K01EC5;13.1407;;;21-Jan-2026
143618;BANK OF INDIA Arbitrage Fund Regular Plan IDCW Monthly IDCW;INF761K01DX3;INF761K01DY1;12.8879;;;21-Jan-2026
143619;BANK OF INDIA Arbitrage Fund Regular Plan IDCW Quarterly IDCW;INF761K01DZ8;INF761K01EA9;13.6055;;;21-Jan-2026

Baroda BNP Paribas Mutual Fund
150252;BARODA BNP PARIBAS ARBITRAGE FUND -DIRECT PLAN - ADHOC IDCW OPTION;INF251K01OV6;INF251K01OU8;11.9802;;;21-Jan-2026
150255;BARODA BNP PARIBAS ARBITRAGE FUND DIRECT PLAN MONTHLY IDCW Option;INF251K01PF6;INF251K01PE9;10.8436;;;21-Jan-2026
150256;BARODA BNP PARIBAS ARBITRAGE FUND DIRECT PLAN QUARTERLY IDCW Option;INF251K01PJ8;INF251K01PI0;10.8863;;;21-Jan-2026
150254;BARODA BNP PARIBAS ARBITRAGE FUND REGULAR PLAN MONTHLY IDCW Option;INF251K01PD1;INF251K01PC3;10.4946;;;21-Jan-2026
150257;BARODA BNP PARIBAS ARBITRAGE FUND REGULAR PLAN QUARTERLY IDCW Option;INF251K01PH2;INF251K01PG4;10.6653;;;21-Jan-2026
150250;BARODA BNP PARIBAS ARBITRAGE FUND- REGULAR PLAN- GROWTH OPTION;INF251K01ON3;;16.5626;;;21-Jan-2026
150251;BARODA BNP PARIBAS ARBITRAGE FUND-DIRECT PLAN-GROWTH OPTION;INF251K01OT0;;17.5734;;;21-Jan-2026
150253;BARODA BNP PARIBAS ARBITRAGE FUND-REGULAR PLAN- ADHOC IDCW OPTION;INF251K01OP8;INF251K01OO1;11.5316;;;21-Jan-2026

DSP Mutual Fund
142283;DSP Arbitrage Fund - Direct - Growth;INF740KA1DN4;;16.196;;;21-Jan-2026
142279;DSP Arbitrage Fund - Direct - IDCW;INF740KA1DO2;INF740KA1DP9;12.821;;;21-Jan-2026
142281;DSP Arbitrage Fund - Direct - IDCW - Monthly;INF740KA1DQ7;INF740KA1DR5;13.152;;;21-Jan-2026
142282;DSP Arbitrage Fund - Regular - Growth;INF740KA1DI4;;15.414;;;21-Jan-2026
142280;DSP Arbitrage Fund - Regular - IDCW;INF740KA1DJ2;INF740KA1DK0;12.25;;;21-Jan-2026
142278;DSP Arbitrage Fund - Regular - IDCW - Monthly;INF740KA1DL8;INF740KA1DM6;11.842;;;21-Jan-2026

Franklin Templeton Mutual Fund
153043;Franklin India Arbitrage Fund - Direct - Growth;INF090I01XS9;;10.8559;;;21-Jan-2026
153041;Franklin India Arbitrage Fund - Direct - IDCW;INF090I01XU5;INF090I01XT7;10.8559;;;21-Jan-2026
153042;Franklin India Arbitrage Fund - Growth;INF090I01XP5;;10.7645;;;21-Jan-2026
153044;Franklin India Arbitrage Fund - IDCW;INF090I01XR1;INF090I01XQ3;10.7645;;;21-Jan-2026

ICICI Prudential Mutual Fund
120364;ICICI Prudential Equity Arbitrage Fund - Direct Plan - Growth;INF109K016O4;;38.1016;;;21-Jan-2026
120365;ICICI Prudential Equity Arbitrage Fund - Direct Plan - IDCW;INF109K017O2;INF109K015O6;17.5638;;;21-Jan-2026
104683;ICICI Prudential Equity Arbitrage Fund - Growth;INF109K01BF6;;35.4269;;;21-Jan-2026
104681;ICICI Prudential Equity Arbitrage Fund - IDCW;INF109K01EF0;INF109K01BE9;15.2651;;;21-Jan-2026

ITI Mutual Fund
147617;ITI Arbitrage Fund - Direct Plan - Growth Option;INF00XX01440;;14.0295;;;21-Jan-2026
147615;ITI Arbitrage Fund - Direct Plan - IDCW Option;INF00XX01457;INF00XX01465;14.0295;;;21-Jan-2026
147618;ITI Arbitrage Fund - Regular Plan - Growth Option;INF00XX01416;;13.3798;;;21-Jan-2026
147616;ITI Arbitrage Fund - Regular Plan - IDCW Option;INF00XX01424;INF00XX01432;13.3798;;;21-Jan-2026

Jio BlackRock Mutual Fund
154076;JioBlackRock Arbitrage Fund - Direct Plan - Growth Option;INF22M001101;;10.0779;;;21-Jan-2026

JM Financial Mutual Fund
133395;JM Arbitrage Fund (Direct) - Annual Bonus Option - Principal Units;INF192K01GX4;;18.4864;;;21-Jan-2026
135173;JM Arbitrage Fund (Direct) - Annual IDCW;INF192K01KY4;INF192K01KZ1;16.3782;;;21-Jan-2026
130604;JM Arbitrage Fund (Direct) - Bonus Option - Principal Units;INF192K01GL9;;19.2608;;;21-Jan-2026
120482;JM Arbitrage Fund (Direct) - Growth Option;INF192K01BN6;;35.9911;;;21-Jan-2026
135171;JM Arbitrage Fund (Direct) - Half Yearly IDCW;INF192K01KU2;INF192K01KV0;16.6465;;;21-Jan-2026
135172;JM Arbitrage Fund (Direct) - Monthly IDCW;INF192K01KM9;INF192K01KN7;14.5334;;;21-Jan-2026
135174;JM Arbitrage Fund (Direct) - Quarterly IDCW;INF192K01KQ0;INF192K01KR8;17.1024;;;21-Jan-2026
120481;JM Arbitrage Fund (Direct)- IDCW;INF192K01BL0;INF192K01BM8;16.9603;;;21-Jan-2026
135167;JM Arbitrage Fund (Regular) - Annual IDCW;INF192K01KW8;INF192K01KX6;14.8537;;;21-Jan-2026
130603;JM Arbitrage Fund (Regular) - Bonus Option - Principal Units;INF192K01GJ3;;18.2779;;;21-Jan-2026
103780;JM Arbitrage Fund (Regular) - Growth Option;INF192K01510;;33.6208;;;21-Jan-2026
135170;JM Arbitrage Fund (Regular) - Half Yearly IDCW;INF192K01KS6;INF192K01KT4;14.9614;;;21-Jan-2026
103781;JM Arbitrage Fund (Regular) - IDCW ;INF192K01494;INF192K01502;15.6046;;;21-Jan-2026
135168;JM Arbitrage Fund (Regular) - Monthly IDCW;INF192K01KK3;INF192K01KL1;13.2184;;;21-Jan-2026
135169;JM Arbitrage Fund (Regular) - Quarterly IDCW;INF192K01KO5;INF192K01KP2;15.1831;;;21-Jan-2026

Kotak Mahindra Mutual Fund
119770;Kotak  Arbitrage Fund - Direct Plan - IDCW -Payout &  Reinvestment of Income Distribution cum capital withdrawal option;INF174K01LE2;INF174K01LD4;11.2573;;;21-Jan-2026
119771;Kotak Arbitrage Fund - Direct Plan - Growth;INF174K01LC6;;41.4852;;;21-Jan-2026
105968;Kotak Arbitrage Fund - Regular Plan - Growth;INF174K01302;;38.6915;;;21-Jan-2026
105967;Kotak Arbitrage Fund - Regular Plan - IDCW - Payout & Re-investment of Income Distribution cum capital withdrawal option;INF174K01328;INF174K01310;10.7689;;;21-Jan-2026

LIC Mutual Fund
145895;LIC MF Arbitrage Fund-Direct Plan-Growth;INF767K01PP0;;14.9474;;;21-Jan-2026
145894;LIC MF Arbitrage Fund-Direct Plan-Monthly IDCW;INF767K01PR6;INF767K01PS4;13.5894;;;21-Jan-2026
145891;LIC MF Arbitrage Fund-Direct Plan-Weekly IDCW;;INF767K01PQ8;14.046;;;21-Jan-2026
145890;LIC MF Arbitrage Fund-Regular Plan-Growth;INF767K01PL9;;14.2437;;;21-Jan-2026
145892;LIC MF Arbitrage Fund-Regular Plan-Monthly IDCW;INF767K01PN5;INF767K01PO3;13.9162;;;21-Jan-2026
145893;LIC MF Arbitrage Fund-Regular Plan-Weekly IDCW;;INF767K01PM7;13.8275;;;21-Jan-2026

Mahindra Manulife Mutual Fund
148470;Mahindra Manulife Arbitrage Fund - Direct Plan - IDCW;INF174V01AC6;INF174V01AB8;13.2775;;;21-Jan-2026
148468;Mahindra Manulife Arbitrage Fund - Direct Plan -Growth;INF174V01AA0;;13.2775;;;21-Jan-2026
148467;Mahindra Manulife Arbitrage Fund - Regular Plan - Growth;INF174V01978;;12.7022;;;21-Jan-2026
148469;Mahindra Manulife Arbitrage Fund - Regular Plan - IDCW;INF174V01994;INF174V01986;12.7022;;;21-Jan-2026

Mirae Asset Mutual Fund
148401;Mirae Asset Arbitrage Fund Direct Growth;INF769K01FS1;;14.003;;;21-Jan-2026
148402;Mirae Asset Arbitrage Fund Direct IDCW;INF769K01FR3;INF769K01FT9;13.983;;;21-Jan-2026
148400;Mirae Asset Arbitrage Fund Regular Growth;INF769K01FP7;;13.438;;;21-Jan-2026
148403;Mirae Asset Arbitrage Fund Regular IDCW;INF769K01FO0;INF769K01FQ5;13.438;;;21-Jan-2026

Old Bridge Mutual Fund
153981;Old Bridge Arbitrage Fund - Direct - IDCW;INF0S5R01075;INF0S5R01083;10.1268;;;21-Jan-2026
153979;Old Bridge Arbitrage Fund Direct Growth;INF0S5R01125;;10.1268;;;21-Jan-2026
153977;Old Bridge Arbitrage Fund Regular Growth;INF0S5R01091;;10.1100;;;21-Jan-2026
153980;Old Bridge Arbitrage Fund Regular IDCW;INF0S5R01109;INF0S5R01117;10.1100;;;21-Jan-2026

quant Mutual Fund
153426;quant Arbitrage Fund - Growth Option - Direct Plan;INF966L01DW8;;10.5852;;;21-Jan-2026
153428;quant Arbitrage Fund - Growth Option - Regular Plan;INF966L01DZ1;;10.5373;;;21-Jan-2026
153427;quant Arbitrage Fund - IDCW Option - Direct Plan;INF966L01DX6;INF966L01DY4;10.58;;;21-Jan-2026
153429;quant Arbitrage Fund - IDCW Option - Regular Plan;INF966L01EA2;INF966L01EB0;10.5374;;;21-Jan-2026

SBI Mutual Fund
119574;SBI Arbitrage Opportunities Fund - Direct Plan - Gr;INF200K01QU0;;37.2389;;;21-Jan-2026
119567;SBI Arbitrage Opportunities Fund - Direct Plan - Income Distribution cum Capital Withdrawal Option (IDCW);INF200K01QS4;INF200K01QT2;20.1207;;;21-Jan-2026
104457;SBI Arbitrage Opportunities Fund - Regular Plan - Gr;INF200K01156;;34.9289;;;21-Jan-2026
104458;SBI Arbitrage Opportunities Fund - Regular Plan - Income Distribution cum Capital Withdrawal Option (IDCW);INF200K01131;INF200K01149;18.3688;;;21-Jan-2026

Sundaram Mutual Fund
149552;Sundaram Arbitrage Fund (Formerly Know as Principal Arbitrage Fund) - Regular Plan - Growth;INF173K01NB6;;14.8963;;;21-Jan-2026
149551;Sundaram Arbitrage Fund (Formerly Known as Principal Arbitrage Fund)- Regular Plan - Monthly Income Distribution CUM Capital Withdrawal;INF173K01MY0;INF173K01NA8;13.0970;;;21-Jan-2026
149550;Sundaram Arbitrage Fund (Formerly Known as Prinicpal Arbitrage Fund) - Direct Plan - Growth;INF173K01NF7;;15.7861;;;21-Jan-2026
149549;Sundaram Arbitrage Fund( Formerly Known as Principal Arbitrage Fund) - Direct Plan- Monthly Income Distribution CUM Capital Withdrawal;INF173K01NC4;INF173K01NE0;13.6497;;;21-Jan-2026

Trust Mutual Fund
153804;TRUSTMF ARBITRAGE FUND -DIRECT PLAN-GROWTH;INF0GCD01859;;10.2621;;;21-Jan-2026
153805;TRUSTMF ARBITRAGE FUND -REGULAR PLAN-GROWTH;INF0GCD01867;;10.229;;;21-Jan-2026

WhiteOak Capital Mutual Fund
152849;WhiteOak Capital Arbitrage Fund Direct Plan Growth;INF03VN01910;;11.019;;;21-Jan-2026
152850;WhiteOak Capital Arbitrage Fund Regular Plan Growth;INF03VN01928;;10.907;;;21-Jan-2026

Open Ended Schemes ( Hybrid Scheme - Equity Savings )


Bajaj Finserv Mutual Fund
153770;BAJAJ FINSERV EQUITY SAVINGS FUND -  DIRECT - IDCW;INF0QA701BU7;INF0QA701BV5;10.194;;;21-Jan-2026
153758;BAJAJ FINSERV EQUITY SAVINGS FUND - DIRECT - GROWTH;INF0QA701BT9;;10.194;;;21-Jan-2026
153769;BAJAJ FINSERV EQUITY SAVINGS FUND - REGULAR - GROWTH;INF0QA701BQ5;;10.151;;;21-Jan-2026
153771;BAJAJ FINSERV EQUITY SAVINGS FUND - REGULAR - IDCW;INF0QA701BR3;INF0QA701BS1;10.151;;;21-Jan-2026

Baroda BNP Paribas Mutual Fund
147496;Baroda BNP Paribas Equity Savings Fund - Direct Plan - Growth;INF955L01IL3;;18.1065;;;21-Jan-2026
147498;Baroda BNP Paribas Equity Savings Fund - Direct Plan - IDCW;;INF955L01IN9;14.5588;;;21-Jan-2026
147494;Baroda BNP Paribas Equity Savings Fund - Regular Plan - Growth;INF955L01II9;;16.8715;;;21-Jan-2026
147495;Baroda BNP Paribas Equity Savings Fund - Regular Plan - IDCW;;INF955L01IK5;13.5687;;;21-Jan-2026

DSP Mutual Fund
136567;DSP Equity Savings Fund - Direct Plan - Growth;INF740KA1504;;24.889;;;21-Jan-2026
136568;DSP Equity Savings Fund - Direct Plan - IDCW;INF740KA1512;INF740KA1520;14.305;;;21-Jan-2026
136569;DSP Equity Savings Fund - Direct Plan - IDCW - Monthly;INF740KA1538;INF740KA1546;17.503;;;21-Jan-2026
136570;DSP Equity Savings Fund - Direct Plan - IDCW - Quarterly;INF740KA1553;INF740KA1561;17.347;;;21-Jan-2026
136563;DSP Equity Savings Fund - Regular Plan - Growth;INF740KA1439;;22.101;;;21-Jan-2026
136564;DSP Equity Savings Fund - Regular Plan - IDCW;INF740KA1447;INF740KA1454;12.831;;;21-Jan-2026
136565;DSP Equity Savings Fund - Regular Plan - IDCW - Monthly;INF740KA1462;INF740KA1470;13.84;;;21-Jan-2026
136566;DSP Equity Savings Fund - Regular Plan - IDCW - Quarterly;INF740KA1488;INF740KA1496;13.77;;;21-Jan-2026

Edelweiss Mutual Fund
140350;Edelweiss Equity Savings Fund - Direct Plan - Bonus Option;INF843K01KD6;;28.6330;;;21-Jan-2026
140347;Edelweiss Equity Savings Fund - Direct Plan - Growth Option;INF843K01KC8;;28.6205;;;21-Jan-2026
140348;Edelweiss Equity Savings Fund - Direct Plan - IDCW Option;INF843K01KE4;INF843K01KF1;20.8048;;;21-Jan-2026
141933;Edelweiss Equity Savings Fund - Direct Plan - Monthly - IDCW Option;INF754K01IN8;INF754K01IO6;16.3514;;;21-Jan-2026
140351;Edelweiss Equity Savings Fund - Regular Plan - Growth Option;INF843K01KG9;;25.7981;;;21-Jan-2026
140349;Edelweiss Equity Savings Fund - Regular Plan - IDCW Option;INF843K01KI5;INF843K01KJ3;17.8301;;;21-Jan-2026
141934;Edelweiss Equity Savings Fund - Regular Plan - Monthly - IDCW Option;INF754K01IP3;INF754K01IQ1;14.3029;;;21-Jan-2026

Franklin Templeton Mutual Fund
144462;Franklin India Equity Savings Fund - Direct - IDCW ;INF090I01PC9;INF090I01PB1;14.9836;;;21-Jan-2026
144465;Franklin India Equity Savings Fund - Direct - Monthly - IDCW;INF090I01PH8;INF090I01PG0;13.9530;;;21-Jan-2026
144467;Franklin India Equity Savings Fund - Direct - Quarterly - IDCW;INF090I01PL0;INF090I01PK2;14.0132;;;21-Jan-2026
144468;Franklin India Equity Savings Fund - IDCW ;INF090I01OZ3;INF090I01OY6;13.7075;;;21-Jan-2026
144464;Franklin India Equity Savings Fund - Monthly - IDCW;INF090I01PF2;INF090I01PE5;13.3726;;;21-Jan-2026
144463;Franklin India Equity Savings Fund - Quarterly - IDCW;INF090I01PJ4;INF090I01PI6;12.4186;;;21-Jan-2026
144461;Franklin India Equity Savings Fund- Growth;INF090I01PA3;;16.7248;;;21-Jan-2026
144466;Franklin India Equity Savings Fund- Growth Direct;INF090I01PD7;;18.3556;;;21-Jan-2026

ICICI Prudential Mutual Fund
133051;ICICI Prudential Equity Savings Fund - Cumulative option;INF109KA14I5;;23.12;;;21-Jan-2026
133054;ICICI Prudential Equity Savings Fund - Direct Plan - Cumulative option;INF109KA11J9;;24.88;;;21-Jan-2026
133052;ICICI Prudential Equity Savings Fund - Direct Plan - Quarterly IDCW;INF109KA13J5;INF109KA16J8;15.92;;;21-Jan-2026
133053;ICICI Prudential Equity Savings Fund - Quarterly IDCW;INF109KA16I0;INF109KA19I4;13.44;;;21-Jan-2026

Kotak Mahindra Mutual Fund
131373;Kotak Equity Savings Fund - Direct - Growth;INF174K01D28;;29.6233;;;21-Jan-2026
131375;Kotak Equity Savings Fund - Direct - Monthly Payout of Income Distribution cum capital withdrawal option;INF174K01D36;INF174K01D51;21.2666;;;21-Jan-2026
131372;Kotak Equity Savings Fund - Regular - Growth;INF174K01C78;;26.8202;;;21-Jan-2026
131374;Kotak Equity Savings Fund - Regular - Monthly Payout of Income Distribution cum capital withdrawal option;INF174K01C86;INF174K01D02;19.6367;;;21-Jan-2026

LIC Mutual Fund
151952;LIC MF Equity Savings Fund-Direct Plan-Growth;INF397L01AZ5;;31.0184;;;21-Jan-2026
151953;LIC MF Equity Savings Fund-Direct Plan-Monthly IDCW;INF397L01BA6;INF397L01BB4;20.9508;;;21-Jan-2026
151954;LIC MF Equity Savings Fund-Direct Plan-Quarterly IDCW;INF397L01BD0;INF397L01BE8;17.2793;;;21-Jan-2026
151950;LIC MF Equity Savings Fund-Regular Plan-Growth;INF397L01315;;27.3281;;;21-Jan-2026
151949;LIC MF Equity Savings Fund-Regular Plan-Monthly IDCW;INF397L01257;INF397L01265;21.5308;;;21-Jan-2026
151951;LIC MF Equity Savings Fund-Regular Plan-Quarterly IDCW;INF397L01281;INF397L01299;20.3563;;;21-Jan-2026

Mahindra Manulife Mutual Fund
140444;Mahindra Manulife Equity Savings Fund - Direct Plan -Growth;INF174V01184;;24.6245;;;21-Jan-2026
140447;Mahindra Manulife Equity Savings Fund - Regular Plan - Growth;INF174V01150;;20.9226;;;21-Jan-2026
140442;Mahindra Manulife Equity Savings Fund -Direct Plan -Quarterly IDCW;INF174V01192;INF174V01200;17.4136;;;21-Jan-2026
140446;Mahindra Manulife Equity Savings Fund -Regular Plan -Quarterly IDCW;INF174V01168;INF174V01176;14.1483;;;21-Jan-2026

Mirae Asset Mutual Fund
145694;Mirae Asset Equity Savings Fund Direct IDCW;INF769K01EJ3;INF769K01EM7;14.444;;;21-Jan-2026
145696;Mirae Asset Equity Savings Fund Regular IDCW;INF769K01EH7;INF769K01EL9;13.284;;;21-Jan-2026
145693;Mirae Asset Equity Savings Fund- Direct Plan- Growth;INF769K01EK1;;22.218;;;21-Jan-2026
145695;Mirae Asset Equity Savings Fund- Regular Plan- Growth;INF769K01EI5;;20.648;;;21-Jan-2026

quant Mutual Fund
153705;quant Equity Savings Fund - Growth Option - Direct Plan;INF966L01EC8;;10.1667;;;21-Jan-2026
153707;quant Equity Savings Fund - Growth Option - Regular Plan;INF966L01EF1;;10.0808;;;21-Jan-2026
153706;quant Equity Savings Fund - IDCW Option - Direct Plan;INF966L01ED6;INF966L01EE4;10.1563;;;21-Jan-2026
153708;quant Equity Savings Fund - IDCW Option - Regular Plan;INF966L01EG9;INF966L01EH7;10.0806;;;21-Jan-2026

SBI Mutual Fund
134643;SBI Equity Savings Fund - Direct Plan - Growth;INF200KA1DF3;;26.7547;;;21-Jan-2026
134641;SBI Equity Savings Fund - Direct Plan - Monthly Income Distribution cum Capital Withdrawal Option (IDCW);INF200KA1DG1;INF200KA1DH9;24.4898;;;21-Jan-2026
134640;SBI Equity Savings Fund - Direct Plan - Quarterly Income Distribution cum Capital Withdrawal Option (IDCW);INF200KA1DI7;INF200KA1DJ5;25.3360;;;21-Jan-2026
134644;SBI Equity Savings Fund - Regular Plan - Growth;INF200KA1DA4;;24.1931;;;21-Jan-2026
134639;SBI Equity Savings Fund - Regular Plan - Monthly Income Distribution cum Capital Withdrawal Option (IDCW);INF200KA1DB2;INF200KA1DC0;22.4296;;;21-Jan-2026
134642;SBI Equity Savings Fund - Regular Plan - Quarterly Income Distribution cum Capital Withdrawal Option (IDCW);INF200KA1DD8;INF200KA1DE6;22.8776;;;21-Jan-2026

Sundaram Mutual Fund
149677;Sundaram Equity Savings Fund (Formerly Known as  Principal Equity Savings Fund) - Direct Plan - Income Distribution CUM Capital Withdrawal Option (IDCW);INF173K01HC6;INF173K01HD4;16.5835;;;21-Jan-2026
149679;Sundaram Equity Savings Fund (Formerly Known as Principal Equity Savings Fund) - Direct Plan - Growth Option;INF173K01GZ9;;83.0349;;;21-Jan-2026
149674;Sundaram Equity Savings Fund (Formerly Known as Principal Equity Savings Fund) - Growth Option;INF173K01213;;70.9748;;;21-Jan-2026
149675;Sundaram Equity Savings Fund (Formerly Known as Principal Equity Savings Fund)- Income Distribution CUM Capital Withdrawal (IDCW);INF173K01247;INF173K01254;15.3291;;;21-Jan-2026

WhiteOak Capital Mutual Fund
153355;WhiteOak Capital Equity Savings Fund Direct Plan Growth;INF03VN01AB7;;11.348;;;21-Jan-2026
153356;WhiteOak Capital Equity Savings Fund Regular Plan Growth;INF03VN01AC5;;11.201;;;21-Jan-2026

Open Ended Schemes ( Solution Oriented Scheme - Retirement Fund )


Baroda BNP Paribas Mutual Fund
152628;Baroda BNP Paribas Retirement Fund - Direct plan - Growth option;INF251K01TJ0;;11.5272;;;21-Jan-2026
152626;Baroda BNP Paribas Retirement Fund - Direct plan - IDCW option;INF251K01TK8;;11.5272;;;21-Jan-2026
152625;Baroda BNP Paribas Retirement Fund - Regular plan - Growth option;INF251K01TH4;;11.2029;;;21-Jan-2026
152627;Baroda BNP Paribas Retirement Fund - Regular plan - IDCW option;INF251K01TI2;;11.2029;;;21-Jan-2026

Franklin Templeton Mutual Fund
118548;Franklin India Retirement Fund - Direct - Growth;INF090I01JZ3;;239.2359;;;21-Jan-2026
118549;Franklin India Retirement Fund - Direct - IDCW;INF090I01KA4;INF090I01KB2;18.2007;;;21-Jan-2026
100536;Franklin India Retirement Fund - Growth;INF090I01510;;217.4173;;;21-Jan-2026
100535;Franklin India Retirement Fund - IDCW;INF090I01528;INF090I01536;16.5078;;;21-Jan-2026

ICICI Prudential Mutual Fund
146721;ICICI Prudential Retirement Fund - Hybrid Aggressive - Direct Plan - Growth Option;INF109KC1TW4;;29.33;;;21-Jan-2026
146720;ICICI Prudential Retirement Fund - Hybrid Aggressive - Direct Plan - IDCW Option;INF109KC1TX2;;29.33;;;21-Jan-2026
146722;ICICI Prudential Retirement Fund - Hybrid Aggressive - Growth Option;INF109KC1TU8;;26.36;;;21-Jan-2026
146723;ICICI Prudential Retirement Fund - Hybrid Aggressive - IDCW Option;INF109KC1TV6;;26.36;;;21-Jan-2026
146716;ICICI Prudential Retirement Fund - Hybrid Conservative - Direct Plan - Growth Option;INF109KC1UA8;;19.6133;;;21-Jan-2026
146718;ICICI Prudential Retirement Fund - Hybrid Conservative - Direct Plan - IDCW Option;INF109KC1UB6;;19.6130;;;21-Jan-2026
146717;ICICI Prudential Retirement Fund - Hybrid Conservative - Growth Option;INF109KC1TY0;;17.8969;;;21-Jan-2026
146719;ICICI Prudential Retirement Fund - Hybrid Conservative - IDCW Option;INF109KC1TZ7;;17.8968;;;21-Jan-2026
146727;ICICI Prudential Retirement Fund - Pure Debt - Direct Plan - Growth Option;INF109KC1UE0;;16.6668;;;21-Jan-2026
146725;ICICI Prudential Retirement Fund - Pure Debt - Direct Plan - IDCW Option;INF109KC1UF7;;16.6667;;;21-Jan-2026
146726;ICICI Prudential Retirement Fund - Pure Debt - Growth Option;INF109KC1UC4;;15.2833;;;21-Jan-2026
146724;ICICI Prudential Retirement Fund - Pure Debt - IDCW Option;INF109KC1UD2;;15.2835;;;21-Jan-2026
146349;ICICI Prudential Retirement Fund - Pure Equity - Direct Plan - Growth Option;INF109KC1TS2;;36.18;;;21-Jan-2026
146348;ICICI Prudential Retirement Fund - Pure Equity - Direct Plan - IDCW Option;INF109KC1TT0;;36.16;;;21-Jan-2026
146346;ICICI Prudential Retirement Fund - Pure Equity - Growth Option;INF109KC1TQ6;;32.59;;;21-Jan-2026
146347;ICICI Prudential Retirement Fund - Pure Equity - IDCW Option;INF109KC1TR4;;32.60;;;21-Jan-2026

SBI Mutual Fund
148685;SBI Retirement Benefit Fund - Aggressive Hybrid Plan - Direct Plan - Growth;INF200KA1S97;;19.9502;;;21-Jan-2026
148686;SBI Retirement Benefit Fund - Aggressive Hybrid Plan - Direct Plan - Income Distribution cum Capital Withdrawal Option (IDCW);INF200KA1T05;;19.9524;;;21-Jan-2026
148695;SBI Retirement Benefit Fund - Aggressive Hybrid Plan - Regular Plan - Growth;INF200KA1S71;;18.8395;;;21-Jan-2026
148684;SBI Retirement Benefit Fund - Aggressive Hybrid Plan - Regular Plan - Income Distribution cum Capital Withdrawal Option (IDCW);INF200KA1S89;;18.8390;;;21-Jan-2026
148683;SBI Retirement Benefit Fund - Aggressive Plan - Direct Plan - Growth;INF200KA1S55;;20.7618;;;21-Jan-2026
148694;SBI Retirement Benefit Fund - Aggressive Plan - Direct Plan - Income Distribution cum Capital Withdrawal Option (IDCW);INF200KA1S63;;20.7508;;;21-Jan-2026
148698;SBI Retirement Benefit Fund - Aggressive Plan - Regular Plan - Growth;INF200KA1S30;;19.5015;;;21-Jan-2026
148691;SBI Retirement Benefit Fund - Aggressive Plan - Regular Plan - Income Distribution cum Capital Withdrawal Option (IDCW);INF200KA1S48;;19.5020;;;21-Jan-2026
148690;SBI Retirement Benefit Fund - Conservative Hybrid Plan - Direct Plan - Growth;INF200KA1T70;;15.8870;;;21-Jan-2026
148693;SBI Retirement Benefit Fund - Conservative Hybrid Plan - Direct Plan - Income Distribution cum Capital Withdrawal Option (IDCW);INF200KA1T88;;15.8849;;;21-Jan-2026
148692;SBI Retirement Benefit Fund - Conservative Hybrid Plan - Regular Plan - Growth;INF200KA1T54;;15.4197;;;21-Jan-2026
148697;SBI Retirement Benefit Fund - Conservative Hybrid Plan - Regular Plan - Income Distribution cum Capital Withdrawal Option (IDCW);INF200KA1T62;;15.4214;;;21-Jan-2026
148688;SBI Retirement Benefit Fund - Conservative Plan - Direct Plan - Growth;INF200KA1T39;;14.6146;;;21-Jan-2026
148689;SBI Retirement Benefit Fund - Conservative Plan - Direct Plan - Income Distribution cum Capital Withdrawal Option (IDCW);INF200KA1T47;;14.6125;;;21-Jan-2026
148696;SBI Retirement Benefit Fund - Conservative Plan - Regular Plan - Growth;INF200KA1T13;;14.2609;;;21-Jan-2026
148687;SBI Retirement Benefit Fund - Conservative Plan - Regular Plan - Income Distribution cum Capital Withdrawal Option (IDCW);INF200KA1T21;;14.2607;;;21-Jan-2026

Open Ended Schemes ( Solution Oriented Scheme - Children’s Fund )


Baroda BNP Paribas Mutual Fund
153171;Baroda BNP Paribas Children's Fund - Direct Plan - Growth Option;INF251K01UE9;;11.0262;;;21-Jan-2026
153170;Baroda BNP Paribas Children's Fund - Regular Plan - Growth Option;INF251K01UC3;;10.7966;;;21-Jan-2026
153169;Baroda BNP Paribas Children's Fund - Regular Plan - IDCW Option;INF251K01UD1;;10.7966;;;21-Jan-2026

ICICI Prudential Mutual Fund
120579;ICICI Prudential Children's Fund - Direct Plan;INF109K01Y49;;349.18;;;21-Jan-2026
101127;ICICI Prudential Children's Fund - Regular Plan;INF109K01605;;316.42;;;21-Jan-2026

LIC Mutual Fund
120285;LIC MF Children's Fund-Direct Plan-Growth;INF767K01FB1;;34.7546;;;21-Jan-2026
101271;LIC MF Children's Fund-Regular Plan-Growth;INF767K01048;;31.0479;;;21-Jan-2026

SBI Mutual Fund
119719;SBI Children's Fund - Savings Plan - DIRECT PLAN - GROWTH;INF200K01QR6;;120.3367;;;21-Jan-2026
101169;SBI Children's Fund - Savings Plan - REGULAR PLAN - GROWTH;INF200K01776;;110.1849;;;21-Jan-2026

Open Ended Schemes ( Other Scheme - Index Funds )


Angel One Mutual Fund
153529;ANGEL ONE NIFTY 50 INDEX FUND-DIRECT-GROWTH;INF1J2R01072;;10.297;;;21-Jan-2026
153530;ANGEL ONE NIFTY 50 INDEX FUND-REGULAR-GROWTH;INF1J2R01080;;10.2625;;;21-Jan-2026
153330;ANGEL ONE NIFTY TOTAL MARKET INDEX FUND DIRECT PLAN GROWTH OPTION;INF1J2R01023;;11.5081;;;21-Jan-2026
153331;ANGEL ONE NIFTY TOTAL MARKET INDEX FUND REGULAR PLAN GROWTH OPTION;INF1J2R01031;;11.4308;;;21-Jan-2026
153956;ANGEL ONE NIFTY TOTAL MARKET MOMENTUM QUALITY 50 INDEX FUND - DIRECT GROWTH;INF1J2R01122;;9.3067;;;21-Jan-2026
153955;ANGEL ONE NIFTY TOTAL MARKET MOMENTUM QUALITY 50 INDEX FUND - REGULAR GROWTH;INF1J2R01130;;9.2956;;;21-Jan-2026

Bajaj Finserv Mutual Fund
153506;Bajaj Finserv Nifty 50 Index Fund - Direct - Growth;INF0QA701BA9;;10.1968;;;21-Jan-2026
153505;Bajaj Finserv Nifty 50 Index Fund - Direct - IDCW;INF0QA701BB7;INF0QA701BC5;10.1968;;;21-Jan-2026
153508;Bajaj Finserv Nifty 50 Index Fund - Regular - Growth;INF0QA701AY1;;10.1511;;;21-Jan-2026
153507;Bajaj Finserv Nifty 50 Index Fund - Regular - IDCW;INF0QA701BJ0;INF0QA701AZ8;10.1511;;;21-Jan-2026
153479;Bajaj Finserv Nifty Next 50 Index Fund - Direct - Growth;INF0QA701BG6;;10.6576;;;21-Jan-2026
153478;Bajaj Finserv Nifty Next 50 Index Fund - Direct - IDCW;INF0QA701BH4;INF0QA701BI2;10.6576;;;21-Jan-2026
153480;Bajaj Finserv Nifty Next 50 Index Fund - Regular - Growth;INF0QA701BD3;;10.6093;;;21-Jan-2026
153481;Bajaj Finserv Nifty Next 50 Index Fund - Regular - IDCW;INF0QA701BE1;INF0QA701BF8;10.6093;;;21-Jan-2026

Baroda BNP Paribas Mutual Fund
152329;Baroda BNP Paribas Nifty 50 Index Fund - Direct Plan - Growth option;INF251K01SY1;;11.8051;;;21-Jan-2026
152330;Baroda BNP Paribas Nifty 50 Index Fund - Direct Plan - IDCW option;INF251K01SZ8;INF251K01TA9;11.8051;;;21-Jan-2026
152331;Baroda BNP Paribas Nifty 50 Index Fund - Regular Plan - Growth option;INF251K01SV7;;11.7124;;;21-Jan-2026
152328;Baroda BNP Paribas Nifty 50 Index Fund - Regular Plan - IDCW option;INF251K01SW5;INF251K01SX3;11.7124;;;21-Jan-2026
153000;Baroda BNP Paribas Nifty Midcap 150 Index Fund - Direct Plan - Growth Option;INF251K01UA7;;10.1731;;;21-Jan-2026
153001;Baroda BNP Paribas Nifty Midcap 150 Index Fund - Regular Plan - Growth Option;INF251K01UB5;;10.0880;;;21-Jan-2026
151283;Baroda BNP Paribas Nifty SDL December 2026 Index Fund - Direct Plan - Growth Option;INF251K01RL0;;12.4636;;;21-Jan-2026
151279;Baroda BNP Paribas Nifty SDL December 2026 Index Fund - Regular Plan - Growth Option;INF251K01RI6;;12.3521;;;21-Jan-2026
151280;Baroda BNP Paribas Nifty SDL December 2026 Index Fund - Regular Plan - IDCW Option;INF251K01RJ4;;12.3522;;;21-Jan-2026
151574;Baroda BNP Paribas NIFTY SDL December 2028 Index Fund - Direct Plan - Growth Option;INF251K01RR7;;12.5059;;;21-Jan-2026
151575;Baroda BNP Paribas NIFTY SDL December 2028 Index Fund - Direct Plan - IDCW Option;INF251K01RS5;INF251K01RT3;11.7347;;;21-Jan-2026
151576;Baroda BNP Paribas NIFTY SDL December 2028 Index Fund - Regular Plan - Growth Option;INF251K01RO4;;12.4001;;;21-Jan-2026
151573;Baroda BNP Paribas NIFTY SDL December 2028 Index Fund - Regular Plan - IDCW Option;INF251K01RP1;INF251K01RQ9;11.5623;;;21-Jan-2026
152931;Baroda BNP Paribas Nifty200 Momentum 30 Index Fund - Direct Plan - Growth Option;INF251K01TY9;;8.0226;;;21-Jan-2026
152930;Baroda BNP Paribas Nifty200 Momentum 30 Index Fund - Regular Plan - Growth Option;INF251K01TZ6;;7.9594;;;21-Jan-2026

DSP Mutual Fund
153219;DSP BSE SENSEX Next 30 Index Fund - Direct - Growth;INF740KA1VB1;;11.3949;;;21-Jan-2026
153218;DSP BSE SENSEX Next 30 Index Fund - Direct - IDCW;INF740KA1VC9;INF740KA1VD7;11.3949;;;21-Jan-2026
153216;DSP BSE SENSEX Next 30 Index Fund - Regular - Growth;INF740KA1UY5;;11.3258;;;21-Jan-2026
153217;DSP BSE SENSEX Next 30 Index Fund - Regular - IDCW;INF740KA1UZ2;INF740KA1VA3;11.3258;;;21-Jan-2026
151329;DSP CRISIL-IBX 50:50 Gilt Plus SDL - April 2033 Index Fund - Direct - Growth;INF740KA1SB7;;12.6708;;;21-Jan-2026
151328;DSP CRISIL-IBX 50:50 Gilt Plus SDL - April 2033 Index Fund - Direct - IDCW;INF740KA1SC5;INF740KA1SD3;12.6708;;;21-Jan-2026
151327;DSP CRISIL-IBX 50:50 Gilt Plus SDL - April 2033 Index Fund - Regular - Growth;INF740KA1RY1;;12.574;;;21-Jan-2026
151330;DSP CRISIL-IBX 50:50 Gilt Plus SDL - April 2033 Index Fund - Regular - IDCW;INF740KA1RZ8;INF740KA1SA9;12.574;;;21-Jan-2026
141877;DSP Nifty 50 Equal Weight Index Fund - Direct Plan - Growth;INF740KA1CR7;;26.9676;;;21-Jan-2026
141878;DSP Nifty 50 Equal Weight Index Fund - Direct Plan - IDCW;INF740KA1CS5;INF740KA1CT3;23.2523;;;21-Jan-2026
141875;DSP Nifty 50 Equal Weight Index Fund - Regular Plan - Growth;INF740KA1CO4;;25.8947;;;21-Jan-2026
141876;DSP Nifty 50 Equal Weight Index Fund - Regular Plan - IDCW;INF740KA1CP1;INF740KA1CQ9;22.3288;;;21-Jan-2026
146376;DSP Nifty 50 Index Fund - Direct Plan - Growth;INF740KA1MM7;;24.6662;;;21-Jan-2026
146377;DSP Nifty 50 Index Fund - Direct Plan - IDCW;INF740KA1MN5;INF740KA1MO3;21.1059;;;21-Jan-2026
146379;DSP Nifty 50 Index Fund - Regular Plan - Growth;INF740KA1MJ3;;24.3314;;;21-Jan-2026
146378;DSP Nifty 50 Index Fund - Regular Plan - IDCW;INF740KA1MK1;INF740KA1ML9;20.9302;;;21-Jan-2026
154088;DSP Nifty 500 Index Fund - Direct - Growth;INF740KA1XY9;;9.491;;;21-Jan-2026
154089;DSP Nifty 500 Index Fund - Direct - IDCW;INF740KA1XZ6;INF740KA1YA7;9.491;;;21-Jan-2026
154090;DSP Nifty 500 Index Fund - Regular - Growth;INF740KA1XV5;;9.4874;;;21-Jan-2026
154091;DSP Nifty 500 Index Fund - Regular - IDCW;INF740KA1XW3;INF740KA1XX1;9.4874;;;21-Jan-2026
152654;DSP Nifty Bank Index Fund - Direct - Growth;INF740KA1UO6;;12.0759;;;21-Jan-2026
152653;DSP Nifty Bank Index Fund - Regular - Growth;INF740KA1UN8;;11.9479;;;21-Jan-2026
153593;DSP Nifty Healthcare Index Fund - Direct - IDCW;INF740KA1WG8;INF740KA1WH6;9.8734;;;21-Jan-2026
153594;DSP Nifty Healthcare Index Fund - Direct- Growth;INF740KA1WF0;;9.8734;;;21-Jan-2026
153592;DSP Nifty Healthcare Index Fund - Regular - Growth;INF740KA1WC7;;9.8318;;;21-Jan-2026
153595;DSP Nifty Healthcare Index Fund - Regular - IDCW;INF740KA1WD5;INF740KA1WE3;9.8318;;;21-Jan-2026
153590;DSP Nifty IT Index Fund - Direct - Growth;INF740KA1WL8;;9.8845;;;21-Jan-2026
153591;DSP Nifty IT Index Fund - Direct - IDCW;INF740KA1WM6;INF740KA1WN4;9.8845;;;21-Jan-2026
153588;DSP Nifty IT Index Fund - Regular - Growth;INF740KA1WI4;;9.842;;;21-Jan-2026
153589;DSP Nifty IT Index Fund - Regular - IDCW;INF740KA1WJ2;INF740KA1WK0;9.842;;;21-Jan-2026
154014;DSP Nifty Midcap 150 Index Fund - Direct - Growth;INF740KA1XB7;;9.6392;;;21-Jan-2026
154015;DSP Nifty Midcap 150 Index Fund - Direct - IDCW;INF740KA1XC5;INF740KA1XD3;9.6392;;;21-Jan-2026
154012;DSP Nifty Midcap 150 Index Fund - Regular - Growth;INF740KA1WY1;;9.6314;;;21-Jan-2026
154013;DSP Nifty Midcap 150 Index Fund - Regular - IDCW;INF740KA1WZ8;INF740KA1XA9;9.6314;;;21-Jan-2026
150428;DSP Nifty Midcap 150 Quality 50 Index Fund - Direct - Growth;INF740KA1RB9;;13.9759;;;21-Jan-2026
150429;DSP Nifty Midcap 150 Quality 50 Index Fund - Direct - IDCW;INF740KA1RC7;INF740KA1RD5;13.2767;;;21-Jan-2026
150427;DSP Nifty Midcap 150 Quality 50 Index Fund - Regular - Growth;INF740KA1QY3;;13.6654;;;21-Jan-2026
150430;DSP Nifty Midcap 150 Quality 50 Index Fund - Regular - IDCW;INF740KA1QZ0;INF740KA1RA1;12.9704;;;21-Jan-2026
146381;DSP Nifty Next 50 Index Fund - Direct Plan - Growth;INF740KA1MG9;;26.3898;;;21-Jan-2026
146382;DSP Nifty Next 50 Index Fund - Direct Plan - IDCW;INF740KA1MH7;INF740KA1MI5;22.7895;;;21-Jan-2026
146380;DSP Nifty Next 50 Index Fund - Regular Plan - Growth;INF740KA1MD6;;25.8138;;;21-Jan-2026
146383;DSP Nifty Next 50 Index Fund - Regular Plan - IDCW;INF740KA1ME4;INF740KA1MF1;22.2391;;;21-Jan-2026
153348;DSP Nifty Private Bank Index Fund - Direct - Growth;INF740KA1VN6;;11.5721;;;21-Jan-2026
153345;DSP Nifty Private Bank Index Fund - Direct - IDCW;INF740KA1VO4;INF740KA1VP1;11.5721;;;21-Jan-2026
153347;DSP Nifty Private Bank Index Fund - Regular - Growth;INF740KA1VK2;;11.4982;;;21-Jan-2026
153346;DSP Nifty Private Bank Index Fund - Regular - IDCW;INF740KA1VL0;INF740KA1VM8;11.4982;;;21-Jan-2026
149970;DSP Nifty SDL Plus G-Sec Jun 2028 30:70 Index Fund - Direct - Growth;INF740KA1QV9;;12.9284;;;21-Jan-2026
149971;DSP Nifty SDL Plus G-Sec Jun 2028 30:70 Index Fund - Direct - IDCW;INF740KA1QW7;INF740KA1QX5;12.9284;;;21-Jan-2026
149968;DSP Nifty SDL Plus G-Sec Jun 2028 30:70 Index Fund - Regular - Growth;INF740KA1QS5;;12.8529;;;21-Jan-2026
149969;DSP Nifty SDL Plus G-Sec Jun 2028 30:70 Index Fund - Regular - IDCW;INF740KA1QT3;INF740KA1QU1;12.8529;;;21-Jan-2026
151373;DSP Nifty SDL Plus G-Sec Sep 2027 50:50 Index Fund - Direct - Growth;INF740KA1SH4;;12.5247;;;21-Jan-2026
151371;DSP Nifty SDL Plus G-Sec Sep 2027 50:50 Index Fund - Direct - IDCW;INF740KA1SI2;INF740KA1SJ0;12.5247;;;21-Jan-2026
151370;DSP Nifty SDL Plus G-Sec Sep 2027 50:50 Index Fund - Regular - Growth;INF740KA1SE1;;12.46;;;21-Jan-2026
151372;DSP Nifty SDL Plus G-Sec Sep 2027 50:50 Index Fund - Regular - IDCW;INF740KA1SF8;INF740KA1SG6;12.46;;;21-Jan-2026
154018;DSP Nifty Smallcap 250 Index Fund - Direct - Growth;INF740KA1XH4;;9.5107;;;21-Jan-2026
154019;DSP Nifty Smallcap 250 Index Fund - Direct - IDCW;INF740KA1XI2;INF740KA1XJ0;9.5107;;;21-Jan-2026
154016;DSP Nifty Smallcap 250 Index Fund - Regular - Growth;INF740KA1XE1;;9.503;;;21-Jan-2026
154017;DSP Nifty Smallcap 250 Index Fund - Regular - IDCW;INF740KA1XF8;INF740KA1XG6;9.503;;;21-Jan-2026
152243;DSP Nifty Smallcap250 Quality 50 Index Fund - Direct - Growth;INF740KA1TW1;;10.5548;;;21-Jan-2026
152244;DSP Nifty Smallcap250 Quality 50 Index Fund - Direct - IDCW;INF740KA1TX9;INF740KA1TY7;10.5548;;;21-Jan-2026
152245;DSP Nifty Smallcap250 Quality 50 Index Fund - Regular - Growth;INF740KA1TT7;;10.4032;;;21-Jan-2026
152242;DSP Nifty Smallcap250 Quality 50 Index Fund - Regular - IDCW;INF740KA1TU5;INF740KA1TV3;9.8386;;;21-Jan-2026
152814;DSP Nifty Top 10 Equal Weight Index Fund - Direct - Growth;INF740KA1UQ1;;9.9169;;;21-Jan-2026
152813;DSP Nifty Top 10 Equal Weight Index Fund - Regular - Growth;INF740KA1UP3;;9.8212;;;21-Jan-2026
153801;DSP Nifty500 Flexicap Quality 30 Index Fund - Direct - Growth;INF740KA1WR5;;10.0604;;;21-Jan-2026
153800;DSP Nifty500 Flexicap Quality 30 Index Fund - Direct - IDCW;INF740KA1WS3;INF740KA1WT1;10.0604;;;21-Jan-2026
153802;DSP Nifty500 Flexicap Quality 30 Index Fund - Regular - Growth;INF740KA1WO2;;10.0326;;;21-Jan-2026
153803;DSP Nifty500 Flexicap Quality 30 Index Fund - Regular - IDCW;INF740KA1WP9;INF740KA1WQ7;10.0326;;;21-Jan-2026

Franklin Templeton Mutual Fund
118580;Franklin India INDEX FUND- NSE Nifty 50 Index Fund - Direct - IDCW;INF090I01GQ8;INF090I01GR6;194.6619;;;21-Jan-2026
100484;Franklin India Index Fund- NSE Nifty 50 Index Fund - Growth;INF090I01890;;203.1855;;;21-Jan-2026
105067;Franklin India INDEX FUND- NSE NIFTY 50 INDEX FUND - IDCW;INF090I01874;INF090I01882;184.0802;;;21-Jan-2026
118581;Franklin India INDEX FUND- NSE NIFTY 50 INDEX FUND- Direct - Growth;INF090I01GS4;;213.8550;;;21-Jan-2026

Groww Mutual Fund
153704;Groww Nifty 50 Index Fund Direct Growth;INF666M01KT3;;10.0381;;;21-Jan-2026
153709;Groww Nifty 50 Index Fund Direct IDCW;INF666M01KU1;INF666M01KV9;10.0381;;;21-Jan-2026
153710;Groww Nifty 50 Index Fund Regular Growth;INF666M01KW7;;10.0025;;;21-Jan-2026
153711;Groww Nifty 50 Index Fund Regular IDCW;INF666M01LJ2;INF666M01LK0;10.0025;;;21-Jan-2026
153230;Groww Nifty India Railways PSU Index Fund - Direct Plan - Growth;INF666M01JK4;;8.8808;;;21-Jan-2026
153231;Groww Nifty India Railways PSU Index Fund - Direct Plan - IDCW;INF666M01JL2;INF666M01JM0;8.8805;;;21-Jan-2026
153232;Groww Nifty India Railways PSU Index Fund - Regular Plan - Growth;INF666M01JN8;;8.8324;;;21-Jan-2026
153233;Groww Nifty India Railways PSU Index Fund - Regular Plan - IDCW;INF666M01JO6;INF666M01JP3;8.8295;;;21-Jan-2026
153939;Groww Nifty Midcap 150 Index Fund Direct Growth;INF666M01MP7;;9.4513;;;21-Jan-2026
153952;Groww Nifty Midcap 150 Index fund Direct IDCW;INF666M01MQ5;INF666M01MR3;9.4513;;;21-Jan-2026
153953;Groww Nifty Midcap 150 Index Fund Regular Growth;INF666M01MS1;;9.4393;;;21-Jan-2026
153954;Groww Nifty Midcap 150 Index Fund Regular IDCW;INF666M01MT9;INF666M01MU7;9.4393;;;21-Jan-2026
153786;Groww Nifty Next 50 Index Fund Direct Growth;INF666M01LT1;;9.8642;;;21-Jan-2026
153797;Groww Nifty Next 50 Index Fund Direct IDCW;INF666M01LU9;INF666M01LV7;9.8642;;;21-Jan-2026
153798;Groww Nifty Next 50 Index Fund Regular Growth;INF666M01LW5;;9.8359;;;21-Jan-2026
153799;Groww Nifty Next 50 Index Fund Regular IDCW;INF666M01LX3;INF666M01LY1;9.8359;;;21-Jan-2026
152636;Groww Nifty Non-Cyclical Consumer Index Fund - Direct Plan - IDCW;INF666M01IF6;INF666M01IG4;10.3668;;;21-Jan-2026
152637;Groww Nifty Non-Cyclical Consumer Index Fund - Direct Plan Growth;INF666M01IE9;;10.3669;;;21-Jan-2026
152635;Groww Nifty Non-Cyclical Consumer Index Fund - IDCW;INF666M01IC3;INF666M01ID1;10.2634;;;21-Jan-2026
152633;Groww Nifty Non-Cyclical Consumer Index Fund - Regular Plan - Growth;INF666M01IB5;;10.2645;;;21-Jan-2026
152431;Groww Nifty Smallcap 250 Index Fund - Direct Plan - Growth;INF666M01HY9;;10.316;;;21-Jan-2026
152436;Groww Nifty Smallcap 250 Index Fund - Direct Plan - IDCW;INF666M01HZ6;INF666M01IA7;10.3202;;;21-Jan-2026
152433;Groww Nifty Smallcap 250 Index Fund - Regular Plan - Growth;INF666M01HV5;;10.2116;;;21-Jan-2026
152434;Groww Nifty Smallcap 250 Index Fund - Regular Plan - Regular Plan - IDCW;INF666M01HW3;INF666M01HX1;10.1994;;;21-Jan-2026
152092;Groww Nifty Total Market Index Fund - Direct Plan - Growth;INF666M01HM4;;13.6117;;;21-Jan-2026
152125;Groww Nifty Total Market Index Fund - Direct Plan - IDCW;INF666M01HN2;INF666M01HO0;13.6113;;;21-Jan-2026
152127;Groww Nifty Total Market Index Fund - Regular Plan - Growth;INF666M01HJ0;;13.3956;;;21-Jan-2026
152126;Groww Nifty Total Market Index Fund - Regular Plan - IDCW;INF666M01HK8;INF666M01HL6;13.3964;;;21-Jan-2026

ICICI Prudential Mutual Fund
141839;ICICI Prudential BSE Sensex Index Fund - Cumulative Option;INF109KB17W7;;26.8253;;;21-Jan-2026
141841;ICICI Prudential BSE Sensex Index Fund - Direct Plan - Cumulative Option;INF109KB10X0;;27.1802;;;21-Jan-2026
141842;ICICI Prudential BSE Sensex Index Fund - Direct Plan - IDCW Option;INF109KB12X6;;27.1799;;;21-Jan-2026
141840;ICICI Prudential BSE Sensex Index Fund - IDCW Option;INF109KB19W3;;26.8260;;;21-Jan-2026
153412;ICICI Prudential CRISIL-IBX Financial Services 3-6 Months Debt Index Fund - Annual IDCW;INF109K1A054;INF109K1A047;10.5660;;;21-Jan-2026
153410;ICICI Prudential CRISIL-IBX Financial Services 3-6 Months Debt Index Fund - Direct Plan - Annual IDCW;INF109K1A070;INF109K1A088;10.5805;;;21-Jan-2026
153411;ICICI Prudential CRISIL-IBX Financial Services 3-6 Months Debt Index Fund - Direct Plan - Growth;INF109K1A062;;10.5805;;;21-Jan-2026
153409;ICICI Prudential CRISIL-IBX Financial Services 3-6 Months Debt Index Fund - Growth;INF109K1A039;;10.5661;;;21-Jan-2026
150452;ICICI Prudential Nifty 200 Momentum 30 Index Fund - Direct Plan - Growth;INF109KC11D8;;16.4872;;;21-Jan-2026
150453;ICICI Prudential Nifty 200 Momentum 30 Index Fund - Direct Plan - IDCW;INF109KC12D6;INF109KC13D4;16.4846;;;21-Jan-2026
150454;ICICI Prudential Nifty 200 Momentum 30 Index Fund - Growth;INF109KC18C5;;16.1362;;;21-Jan-2026
150451;ICICI Prudential Nifty 200 Momentum 30 Index Fund - IDCW;INF109KC19C3;INF109KC10D0;16.1354;;;21-Jan-2026
101349;ICICI Prudential Nifty 50 Index Fund - Cumulative Option;INF109K01PI0;;253.5152;;;21-Jan-2026
120620;ICICI Prudential Nifty 50 Index Fund - Direct Plan Cumulative Option;INF109K012M7;;264.3631;;;21-Jan-2026
135391;ICICI Prudential Nifty 50 Index Fund - Direct Plan IDCW Option;INF109KB1NL1;INF109KB1NM9;35.5510;;;21-Jan-2026
135390;ICICI Prudential Nifty 50 Index Fund - IDCW Option;INF109KB1NN7;INF109KB1NO5;33.7741;;;21-Jan-2026
153161;ICICI Prudential Nifty 500 Index Fund - Direct Plan - Growth;INF109KC16Y3;;10.2912;;;21-Jan-2026
153159;ICICI Prudential Nifty 500 Index Fund - Direct Plan - IDCW;INF109KC18Y9;INF109KC17Y1;10.2910;;;21-Jan-2026
153162;ICICI Prudential Nifty 500 Index Fund - Growth;INF109KC13Y0;;10.2255;;;21-Jan-2026
153160;ICICI Prudential Nifty 500 Index Fund - IDCW;INF109KC15Y5;INF109KC14Y8;10.2256;;;21-Jan-2026
150643;ICICI Prudential Nifty Auto Index Fund - Direct Plan - Growth;INF109KC16J4;;21.5526;;;21-Jan-2026
150644;ICICI Prudential Nifty Auto Index Fund - Direct Plan - IDCW;INF109KC17J2;INF109KC18J0;21.5525;;;21-Jan-2026
150645;ICICI Prudential Nifty Auto Index Fund - Growth;INF109KC13J1;;21.1769;;;21-Jan-2026
150646;ICICI Prudential Nifty Auto Index Fund - IDCW;INF109KC14J9;INF109KC15J6;21.1773;;;21-Jan-2026
149858;ICICI Prudential Nifty Bank Index Fund - Direct Plan Growth;INF109KC11A4;;16.9000;;;21-Jan-2026
149861;ICICI Prudential Nifty Bank Index Fund - Direct Plan IDCW;INF109KC12A2;INF109KC13A0;16.8998;;;21-Jan-2026
149859;ICICI Prudential Nifty Bank Index Fund - Growth;INF109KC1Z89;;16.4727;;;21-Jan-2026
149860;ICICI Prudential Nifty Bank Index Fund - IDCW;INF109KC1Z97;INF109KC10A6;16.4726;;;21-Jan-2026
150734;ICICI Prudential Nifty G-Sec Dec 2030 Index Fund - Annual IDCW;INF109KC16K2;INF109KC17K0;12.9216;;;21-Jan-2026
150735;ICICI Prudential Nifty G-Sec Dec 2030 Index Fund - Direct Plan - Annual IDCW;INF109KC19K6;INF109KC10L3;13.0022;;;21-Jan-2026
150733;ICICI Prudential Nifty G-Sec Dec 2030 Index Fund - Direct Plan - Growth;INF109KC18K8;;13.0029;;;21-Jan-2026
150732;ICICI Prudential Nifty G-Sec Dec 2030 Index Fund - Growth;INF109KC15K4;;12.9215;;;21-Jan-2026
150468;ICICI Prudential Nifty IT Index Fund - Direct Plan - Growth;INF109KC13E2;;13.4037;;;21-Jan-2026
150469;ICICI Prudential Nifty IT Index Fund - Direct Plan - IDCW;INF109KC14E0;INF109KC15E7;13.4102;;;21-Jan-2026
150466;ICICI Prudential Nifty IT Index Fund - Growth;INF109KC10E8;;13.1637;;;21-Jan-2026
150467;ICICI Prudential Nifty IT Index Fund - IDCW;INF109KC11E6;INF109KC12E4;13.1639;;;21-Jan-2026
152482;ICICI Prudential Nifty LargeMidcap 250 Index Fund - Direct Plan - Growth;INF109KC12U0;;12.0614;;;21-Jan-2026
152483;ICICI Prudential Nifty LargeMidcap 250 Index Fund - Direct Plan - IDCW;INF109KC13U8;INF109KC14U6;12.0614;;;21-Jan-2026
152481;ICICI Prudential Nifty LargeMidcap 250 Index Fund - Growth;INF109KC15U3;;11.9388;;;21-Jan-2026
152484;ICICI Prudential Nifty LargeMidcap 250 Index Fund - IDCW;INF109KC16U1;INF109KC17U9;11.9388;;;21-Jan-2026
149389;ICICI Prudential Nifty Midcap 150 Index Fund - Direct Plan - Growth;INF109KC1W58;;18.8465;;;21-Jan-2026
149391;ICICI Prudential Nifty Midcap 150 Index Fund - Direct Plan - IDCW;INF109KC1W66;INF109KC1W74;18.8462;;;21-Jan-2026
149390;ICICI Prudential Nifty Midcap 150 Index Fund - Growth;INF109KC1W25;;18.3171;;;21-Jan-2026
149388;ICICI Prudential Nifty Midcap 150 Index Fund - IDCW;INF109KC1W33;INF109KC1W41;18.3168;;;21-Jan-2026
120684;ICICI Prudential Nifty Next 50 Index Fund - Direct Plan -  Growth;INF109K01Y80;;61.9643;;;21-Jan-2026
120683;ICICI Prudential Nifty Next 50 Index Fund - Direct Plan -  IDCW;INF109K01Y64;INF109K01Y72;61.9411;;;21-Jan-2026
112957;ICICI Prudential Nifty Next 50 Index Fund - Growth;INF109K01IF1;;58.6869;;;21-Jan-2026
112958;ICICI Prudential Nifty Next 50 Index Fund -IDCW;INF109K01PR1;INF109K01IE4;58.6862;;;21-Jan-2026
150930;ICICI Prudential Nifty Pharma Index Fund - Direct Plan - Growth;INF109KC11M9;;16.6756;;;21-Jan-2026
150928;ICICI Prudential Nifty Pharma Index Fund - Direct Plan - IDCW;INF109KC12M7;INF109KC13M5;16.6764;;;21-Jan-2026
150929;ICICI Prudential Nifty Pharma Index Fund - Growth;INF109KC18L6;;16.3515;;;21-Jan-2026
150931;ICICI Prudential Nifty Pharma Index Fund - IDCW;INF109KC19L4;INF109KC10M1;16.3516;;;21-Jan-2026
153679;ICICI Prudential Nifty Private Bank Index Fund - Direct Plan - Growth;INF109K1A369;;10.0914;;;21-Jan-2026
153676;ICICI Prudential Nifty Private Bank Index Fund - Growth;INF109K1A351;;10.0623;;;21-Jan-2026
149224;ICICI Prudential Nifty PSU Bond Plus SDL Sep 2027 40:60 Index Fund - Annual - IDCW;INF109KC1S62;INF109KC1S70;12.7698;;;21-Jan-2026
149227;ICICI Prudential Nifty PSU Bond Plus SDL Sep 2027 40:60 Index Fund - Direct Plan Annual - IDCW;INF109KC1T46;INF109KC1T53;12.8763;;;21-Jan-2026
149210;ICICI Prudential Nifty PSU Bond Plus SDL Sep 2027 40:60 Index Fund - Direct Plan Growth;INF109KC1S88;;12.8763;;;21-Jan-2026
149208;ICICI Prudential Nifty PSU Bond Plus SDL Sep 2027 40:60 Index Fund - Growth;INF109KC1S13;;12.7700;;;21-Jan-2026
150731;ICICI Prudential Nifty SDL Dec 2028 Index Fund - Annual IDCW;INF109KC12L9;INF109KC13L7;12.8988;;;21-Jan-2026
150730;ICICI Prudential Nifty SDL Dec 2028 Index Fund - Direct Plan - Annual IDCW;INF109KC15L2;INF109KC16L0;12.9753;;;21-Jan-2026
150729;ICICI Prudential Nifty SDL Dec 2028 Index Fund - Direct Plan - Growth;INF109KC14L5;;12.9749;;;21-Jan-2026
150728;ICICI Prudential Nifty SDL Dec 2028 Index Fund - Growth;INF109KC11L1;;12.8988;;;21-Jan-2026
151209;ICICI Prudential Nifty SDL Sep 2026 Index Fund - Annual IDCW;INF109KC11P2;INF109KC12P0;12.4008;;;21-Jan-2026
151210;ICICI Prudential Nifty SDL Sep 2026 Index Fund - Direct Plan - Annual IDCW;INF109KC14P6;INF109KC15P3;12.4778;;;21-Jan-2026
151211;ICICI Prudential Nifty SDL Sep 2026 Index Fund - Direct Plan - Growth;INF109KC13P8;;12.4778;;;21-Jan-2026
151208;ICICI Prudential Nifty SDL Sep 2026 Index Fund - Growth;INF109KC10P4;;12.4009;;;21-Jan-2026
149996;ICICI Prudential Nifty SDL Sep 2027 Index Fund - Annual IDCW;INF109KC12B0;INF109KC13B8;12.7126;;;21-Jan-2026
149997;ICICI Prudential Nifty SDL Sep 2027 Index Fund - Direct Plan - Annual IDCW;INF109KC15B3;INF109KC16B1;12.7869;;;21-Jan-2026
149999;ICICI Prudential Nifty SDL Sep 2027 Index Fund - Direct Plan - Growth;INF109KC14B6;;12.7869;;;21-Jan-2026
149998;ICICI Prudential Nifty SDL Sep 2027 Index Fund - Growth;INF109KC11B2;;12.7126;;;21-Jan-2026
149283;ICICI Prudential Nifty Smallcap 250 Index Fund - Direct Plan - Growth;INF109KC1V18;;15.8824;;;21-Jan-2026
149284;ICICI Prudential Nifty Smallcap 250 Index Fund - Direct Plan - IDCW;INF109KC1V26;INF109KC1V34;15.8818;;;21-Jan-2026
149281;ICICI Prudential Nifty Smallcap 250 Index Fund - Growth;INF109KC1U84;;15.4813;;;21-Jan-2026
149282;ICICI Prudential Nifty Smallcap 250 Index Fund - IDCW;INF109KC1U92;INF109KC1V00;15.4819;;;21-Jan-2026
153614;ICICI Prudential Nifty Top 15 Equal Weight Index Fund - Direct Plan - Growth;INF109K1A310;;10.1590;;;21-Jan-2026
153616;ICICI Prudential Nifty Top 15 Equal Weight Index Fund - Direct Plan - IDCW;INF109K1A336;INF109K1A328;10.1595;;;21-Jan-2026
153613;ICICI Prudential Nifty Top 15 Equal Weight Index Fund - Growth;INF109K1A286;;10.1243;;;21-Jan-2026
153615;ICICI Prudential Nifty Top 15 Equal Weight Index Fund - IDCW;INF109K1A302;INF109K1A294;10.1244;;;21-Jan-2026
153546;ICICI Prudential Nifty200 Quality 30 Index Fund - Direct Plan - Growth;INF109K1A252;;10.0511;;;21-Jan-2026
153547;ICICI Prudential Nifty200 Quality 30 Index Fund - Direct Plan - IDCW;INF109K1A278;INF109K1A260;10.0507;;;21-Jan-2026
153544;ICICI Prudential Nifty200 Quality 30 Index Fund - Growth;INF109K1A229;;10.0196;;;21-Jan-2026
153545;ICICI Prudential Nifty200 Quality 30 Index Fund - IDCW;INF109K1A245;INF109K1A237;10.0192;;;21-Jan-2026
152936;ICICI Prudential Nifty200 Value 30 Index Fund - Direct Plan - Growth;INF109KC13X2;;10.7850;;;21-Jan-2026
152933;ICICI Prudential Nifty200 Value 30 Index Fund - Direct Plan - IDCW;INF109KC15X7;INF109KC14X0;10.7849;;;21-Jan-2026
152934;ICICI Prudential Nifty200 Value 30 Index Fund - Growth;INF109KC10X8;;10.7053;;;21-Jan-2026
152935;ICICI Prudential Nifty200 Value 30 Index Fund - IDCW;INF109KC12X4;INF109KC11X6;10.7052;;;21-Jan-2026
150639;ICICI Prudential Nifty50 Equal Weight Index Fund- Direct Plan - Growth;INF109KC10J7;;16.8363;;;21-Jan-2026
150640;ICICI Prudential Nifty50 Equal Weight Index Fund- Direct Plan - IDCW;INF109KC11J5;INF109KC12J3;16.8360;;;21-Jan-2026
150637;ICICI Prudential Nifty50 Equal Weight Index Fund- Growth;INF109KC17I4;;16.5103;;;21-Jan-2026
150638;ICICI Prudential Nifty50 Equal Weight Index Fund- IDCW;INF109KC18I2;INF109KC19I0;16.5102;;;21-Jan-2026
152365;ICICI Prudential Nifty50 Value 20 Index Fund - Direct Plan - Growth;INF109KC16T3;;11.1069;;;21-Jan-2026
152367;ICICI Prudential Nifty50 Value 20 Index Fund - Direct Plan - IDCW;INF109KC17T1;INF109KC18T9;11.1069;;;21-Jan-2026
152366;ICICI Prudential Nifty50 Value 20 Index Fund - Growth;INF109KC19T7;;11.0068;;;21-Jan-2026
152364;ICICI Prudential Nifty50 Value 20 Index Fund - IDCW;INF109KC10U4;INF109KC11U2;11.0068;;;21-Jan-2026

Jio BlackRock Mutual Fund
153787;JioBlackRock Nifty 50 Index Fund - Direct Plan - Growth Option;INF22M001044;;10.1197;;;21-Jan-2026
153791;JioBlackRock Nifty 8-13 yr G-Sec Index Fund - Direct Plan - Growth Option;INF22M001069;;10.1631;;;21-Jan-2026
153788;JioBlackRock Nifty Midcap 150 Index Fund - Direct Plan - Growth Option;INF22M001077;;9.9205;;;21-Jan-2026
153789;JioBlackRock Nifty Next 50 Index Fund - Direct Plan - Growth Option;INF22M001085;;9.9153;;;21-Jan-2026
153790;JioBlackRock Nifty Smallcap 250 Index Fund - Direct Plan - Growth Option;INF22M001051;;9.1571;;;21-Jan-2026

Kotak Mahindra Mutual Fund
152038;Kotak  BSE Housing Index Fund - Regular Plan - Growth Option;INF174KA1OU1;;12.355;;;21-Jan-2026
152040;Kotak  BSE Housing Index Fund - Regular Plan - IDCW Option;INF174KA1OV9;INF174KA1OW7;12.355;;;21-Jan-2026
152039;Kotak BSE Housing Index Fund - Direct Plan - Growth Option;INF174KA1OX5;;12.517;;;21-Jan-2026
152037;Kotak BSE Housing Index Fund - Direct Plan - IDCW Option;INF174KA1OY3;INF174KA1OZ0;12.516;;;21-Jan-2026
152755;Kotak BSE PSU Index Fund - Direct Plan - Growth;INF174KA1SL1;;9.249;;;21-Jan-2026
152754;Kotak BSE PSU Index Fund - Direct Plan - IDCW Payout and Reinvestment;INF174KA1SM9;INF174KA1SN7;9.249;;;21-Jan-2026
152752;Kotak BSE PSU Index Fund - Regular Plan - Growth;INF174KA1SI7;;9.16;;;21-Jan-2026
152753;Kotak BSE PSU Index Fund - Regular Plan - IDCW Payout and Reinvestment;INF174KA1SJ5;INF174KA1SK3;9.16;;;21-Jan-2026
153284;Kotak BSE Sensex Index Fund - Regular - Growth;INF174KA1US2;;10.865;;;21-Jan-2026
153285;Kotak BSE Sensex Index Fund - Regular - IDCW;INF174KA1UT0;INF174KA1UU8;10.865;;;21-Jan-2026
153286;Kotak BSE Sensex Index Fund- Direct - Growth;INF174KA1UV6;;10.882;;;21-Jan-2026
153287;Kotak BSE Sensex Index Fund- Direct - IDCW;INF174KA1UQ6;INF174KA1UR4;10.882;;;21-Jan-2026
153313;Kotak CRISIL - IBX AAA Bond Financial Services Index Dec 2026 Fund - Direct - Growth;INF174KA1UX2;;10.6972;;;21-Jan-2026
153312;Kotak CRISIL - IBX AAA Bond Financial Services Index Dec 2026 Fund - Direct - IDCW;INF174KA1UY0;INF174KA1UZ7;10.697;;;21-Jan-2026
153311;Kotak CRISIL - IBX AAA Bond Financial Services Index Dec 2026 Fund - Regular - Growth;INF174KA1VA8;;10.6776;;;21-Jan-2026
153310;Kotak CRISIL - IBX AAA Bond Financial Services Index Dec 2026 Fund - Regular - IDCW;INF174KA1VB6;INF174KA1VC4;10.6775;;;21-Jan-2026
152869;Kotak CRISIL -IBX AAA Financial Services Index Sep-2027 Fund-DIRECT PLAN-GROWTH Option;INF174KA1TF1;;11.12;;;21-Jan-2026
152868;Kotak CRISIL -IBX AAA Financial Services Index Sep-2027 Fund-DIRECT PLAN-IDCW;INF174KA1SU2;INF174KA1SV0;11.1184;;;21-Jan-2026
152866;Kotak CRISIL -IBX AAA Financial Services Index Sep-2027 Fund-REGULAR PLAN-GROWTH;INF174KA1SW8;;11.0881;;;21-Jan-2026
152867;Kotak CRISIL-IBX AAA Financial Services Index Sep-2027 Fund-REGULAR PLAN-IDCW;INF174KA1SX6;INF174KA1SY4;11.0881;;;21-Jan-2026
153372;Kotak CRISIL-IBX Financial Services 3-6 Months Debt Index Fund-Direct-Growth;INF174KA1VK7;;10.599;;;21-Jan-2026
153373;Kotak CRISIL-IBX Financial Services 3-6 Months Debt Index Fund-Direct-IDCW;INF174KA1VL5;INF174KA1VM3;10.5993;;;21-Jan-2026
153375;Kotak CRISIL-IBX Financial Services 3-6 Months Debt Index Fund-Regular-Growth;INF174KA1VN1;;10.5775;;;21-Jan-2026
153374;Kotak CRISIL-IBX Financial Services 3-6 Months Debt Index Fund-Regular-IDCW;INF174KA1VO9;INF174KA1VP6;10.5774;;;21-Jan-2026
153875;Kotak CRISIL-IBX Financial Services 9 to 12 Months Debt Index Fund - Direct - Growth;INF174KA1XM9;;10.167;;;21-Jan-2026
153876;Kotak CRISIL-IBX Financial Services 9 to 12 Months Debt Index Fund - Direct - IDCW;INF174KA1XN7;INF174KA1XO5;10.1671;;;21-Jan-2026
153877;Kotak CRISIL-IBX Financial Services 9 to 12 Months Debt Index Fund - Regular - Growth;INF174KA1XP2;;10.1604;;;21-Jan-2026
153878;Kotak CRISIL-IBX Financial Services 9 to 12 Months Debt Index Fund - Regular - IDCW;INF174KA1XQ0;INF174KA1XR8;10.1604;;;21-Jan-2026
153146;Kotak Nifty 100 Equal Weight Index Fund - Direct Plan - Growth;INF174KA1TY2;;10.473;;;21-Jan-2026
153143;Kotak Nifty 100 Equal Weight index Fund - Direct Plan - IDCW Option;INF174KA1TZ9;INF174KA1UA0;10.473;;;21-Jan-2026
153145;Kotak Nifty 100 Equal Weight Index Fund - Regular Plan - Growth;INF174KA1UB8;;10.417;;;21-Jan-2026
153144;Kotak Nifty 100 Equal Weight Index Fund - Regular Plan - IDCW Option;INF174KA1UC6;INF174KA1UD4;10.417;;;21-Jan-2026
152663;Kotak NIFTY 100 Low Volatility 30 Index Fund - Direct plan - Growth option;INF174KA1RZ3;;11.0011;;;21-Jan-2026
152665;Kotak NIFTY 100 Low Volatility 30 Index Fund - Direct plan - IDCW option;INF174KA1SA4;INF174KA1SB2;11.0011;;;21-Jan-2026
152664;Kotak NIFTY 100 Low Volatility 30 Index Fund - Regular plan - Growth option;INF174KA1RW0;;10.8893;;;21-Jan-2026
152666;Kotak NIFTY 100 Low Volatility 30 Index Fund - Regular plan - IDCW option;INF174KA1RX8;INF174KA1RY6;10.8893;;;21-Jan-2026
151781;Kotak Nifty 200 Momentum 30 Index Fund - Direct Plan - Growth Option;INF174KA1OB1;;14.465;;;21-Jan-2026
151782;Kotak Nifty 200 Momentum 30 Index Fund - Direct Plan - IDCW Payout;INF174KA1OC9;INF174KA1OD7;14.465;;;21-Jan-2026
151783;Kotak Nifty 200 Momentum 30 Index Fund - Regular Plan - Growth Option;INF174KA1NY5;;14.282;;;21-Jan-2026
151780;Kotak Nifty 200 Momentum 30 Index Fund - Regular Plan - IDCW Payout;INF174KA1NZ2;INF174KA1OA3;14.282;;;21-Jan-2026
153660;KOTAK NIFTY 200 QUALITY 30 INDEX FUND - DIRECT PLAN - GROWTH;INF174KA1WN9;;10.069;;;21-Jan-2026
153658;KOTAK NIFTY 200 QUALITY 30 INDEX FUND - DIRECT PLAN - IDCW - PAYOUT AND REINVESTMENT;INF174KA1WO7;INF174KA1WP4;10.069;;;21-Jan-2026
153659;KOTAK NIFTY 200 QUALITY 30 INDEX FUND - REGULAR PLAN - GROWTH;INF174KA1WQ2;;10.048;;;21-Jan-2026
153661;KOTAK NIFTY 200 QUALITY 30 INDEX FUND - REGULAR PLAN - IDCW - PAYOUT AND REINVESTMENT;INF174KA1WR0;INF174KA1WS8;10.048;;;21-Jan-2026
153150;Kotak Nifty 50 Equal Weight Index Fund - Direct Plan - Growth;INF174KA1UE2;;11.016;;;21-Jan-2026
153147;Kotak Nifty 50 Equal Weight Index Fund - Direct Plan - IDCW Option;INF174KA1UF9;INF174KA1UG7;11.016;;;21-Jan-2026
153148;Kotak Nifty 50 Equal Weight Index Fund - Regular Plan - Growth;INF174KA1UH5;;10.957;;;21-Jan-2026
153149;Kotak Nifty 50 Equal Weight Index Fund - Regular Plan - IDCW Option;INF174KA1UI3;INF174KA1UJ1;10.957;;;21-Jan-2026
148978;Kotak Nifty 50 Index Fund - Direct Plan-Growth;INF174KA1HA7;;16.6;;;21-Jan-2026
148976;Kotak Nifty 50 Index Fund - Direct Plan-IDCW Payout;INF174KA1HB5;INF174KA1HC3;16.596;;;21-Jan-2026
148974;Kotak Nifty 50 Index Fund - Regular Plan-Growth;INF174KA1GX1;;16.363;;;21-Jan-2026
148979;Kotak Nifty 50 Index Fund - Regular Plan-IDCW Payout;INF174KA1GY9;INF174KA1GZ6;16.363;;;21-Jan-2026
153680;Kotak Nifty AAA Bond Financial Services Mar 2028 Index Fund - Direct Plan - Growth;INF174KA1WY6;;10.2742;;;21-Jan-2026
153681;Kotak Nifty AAA Bond Financial Services Mar 2028 Index Fund - Direct Plan - IDCW - Payout & Reinvestment;INF174KA1WZ3;INF174KA1WU4;10.2741;;;21-Jan-2026
153683;Kotak Nifty AAA Bond Financial Services Mar 2028 Index Fund - Regular Plan - Growth;INF174KA1WV2;;10.2628;;;21-Jan-2026
153682;Kotak Nifty AAA Bond Financial Services Mar 2028 Index Fund - Regular Plan - IDCW - Payout & Reinvestment;INF174KA1WW0;INF174KA1WX8;10.2628;;;21-Jan-2026
153781;Kotak Nifty Alpha 50 Index Fund - Direct Plan - Growth;INF174KA1XG1;;9.329;;;21-Jan-2026
153782;Kotak Nifty Alpha 50 Index Fund - Direct Plan - IDCW - Payout & Reinvestment;INF174KA1XH9;INF174KA1XI7;9.329;;;21-Jan-2026
153784;Kotak Nifty Alpha 50 Index Fund - Regular Plan - Growth;INF174KA1XJ5;;9.305;;;21-Jan-2026
153783;Kotak Nifty Alpha 50 Index Fund - Regular Plan - IDCW - Payout & Reinvestment;INF174KA1XK3;INF174KA1XL1;9.305;;;21-Jan-2026
153353;Kotak Nifty Commodities Index Fund-Direct Growth;INF174KA1VE0;;11.642;;;21-Jan-2026
153354;KOTAK NIFTY COMMODITIES INDEX FUND-DIRECT-IDCW-PAYOUT & REINVESTMENT;INF174KA1VF7;INF174KA1VG5;11.642;;;21-Jan-2026
153351;KOTAK NIFTY COMMODITIES INDEX FUND-REGULAR GROWTH;INF174KA1VH3;;11.616;;;21-Jan-2026
153352;KOTAK NIFTY COMMODITIES INDEX FUND-REGULAR-IDCW-PAYOUT & REINVESTMENT;INF174KA1VI1;INF174KA1VJ9;11.615;;;21-Jan-2026
151911;Kotak Nifty Financial Services Ex-Bank Index Fund - Direct Plan - Growth option;INF174KA1OR7;;16.051;;;21-Jan-2026
151912;Kotak Nifty Financial Services Ex-Bank Index Fund - Direct Plan - IDCW option;INF174KA1OS5;INF174KA1OT3;16.051;;;21-Jan-2026
151909;Kotak Nifty Financial Services Ex-Bank Index Fund - Regular Plan - Growth option;INF174KA1OO4;;15.837;;;21-Jan-2026
151910;Kotak Nifty Financial Services Ex-Bank Index Fund - Regular Plan - IDCW option;INF174KA1OP1;INF174KA1OQ9;15.838;;;21-Jan-2026
152098;Kotak Nifty G-Sec July 2033 Index Fund - Direct Plan - Growth;INF174KA1PJ1;;12.0799;;;21-Jan-2026
152099;Kotak Nifty G-Sec July 2033 Index Fund - Direct Plan - IDCW Payout;INF174KA1PK9;INF174KA1PL7;12.08;;;21-Jan-2026
152100;Kotak Nifty G-Sec July 2033 Index Fund - Regular Plan - Growth;INF174KA1PG7;;12.0113;;;21-Jan-2026
152101;Kotak Nifty G-Sec July 2033 Index Fund - Regular Plan - IDCW Payout;INF174KA1PH5;INF174KA1PI3;12.0112;;;21-Jan-2026
152873;Kotak Nifty India Tourism Index Fund-Direct Plan-IDCW Option;INF174KA1TA2;INF174KA1TB0;8.43;;;21-Jan-2026
152870;Kotak Nifty India Tourism Index Fund-Direct-Growth Option;INF174KA1SZ1;;8.428;;;21-Jan-2026
152872;Kotak Nifty India Tourism Index Fund-Regular plan-Growth;INF174KA1TC8;;8.357;;;21-Jan-2026
152871;Kotak Nifty India Tourism Index Fund-Regular Plan-IDCW Option;INF174KA1TD6;INF174KA1TE4;8.357;;;21-Jan-2026
153401;KOTAK NIFTY MIDCAP 150 INDEX FUND-DIRECT PLAN-GROWTH;INF174KA1VQ4;;10.84;;;21-Jan-2026
153402;KOTAK NIFTY MIDCAP 150 INDEX FUND-DIRECT PLAN-IDCW-PAYOUT AND REINVESTMENT;INF174KA1VR2;INF174KA1VS0;10.839;;;21-Jan-2026
153399;KOTAK NIFTY MIDCAP 150 INDEX FUND-REGULAR PLAN-GROWTH;INF174KA1VT8;;10.796;;;21-Jan-2026
153400;KOTAK NIFTY MIDCAP 150 INDEX FUND-REGULAR PLAN-IDCW PAYOUT AND REINVESTMENT;INF174KA1VU6;INF174KA1VV4;10.796;;;21-Jan-2026
152916;Kotak Nifty Midcap 150 Momentum 50 Index Fund-Direct Plan-Growth;INF174KA1TM7;;8.939;;;21-Jan-2026
152917;Kotak Nifty Midcap 150 Momentum 50 Index Fund-Direct Plan-IDCW option;INF174KA1TN5;INF174KA1TO3;8.939;;;21-Jan-2026
152918;Kotak Nifty Midcap 150 Momentum 50 Index Fund-Regular Plan-Growth;INF174KA1TP0;;8.864;;;21-Jan-2026
152919;Kotak Nifty Midcap 150 Momentum 50 Index Fund-Regular plan-IDCW option;INF174KA1TQ8;INF174KA1TR6;8.864;;;21-Jan-2026
152767;KOTAK NIFTY MIDCAP 50 INDEX FUND-DIRECT PLAN- GROWTH;INF174KA1SR8;;10.108;;;21-Jan-2026
152768;KOTAK NIFTY MIDCAP 50 INDEX FUND-DIRECT PLAN-IDCW PAYOUT AND REINVESTMENT;INF174KA1SS6;INF174KA1ST4;10.108;;;21-Jan-2026
152765;KOTAK NIFTY MIDCAP 50 INDEX FUND-REGULAR PLAN-GROWTH;INF174KA1SO5;;10.02;;;21-Jan-2026
152766;KOTAK NIFTY MIDCAP 50 INDEX FUND-REGULAR PLAN-IDCW PAYOUT AND REINVESTMENT;INF174KA1SP2;INF174KA1SQ0;10.02;;;21-Jan-2026
148745;Kotak Nifty Next 50 Index Fund - Direct Plan - Growth Option;INF174KA1GA9;;19.4986;;;21-Jan-2026
148746;Kotak Nifty Next 50 Index Fund - Direct Plan -Payout of Income Distribution cum capital withdrawal option;INF174KA1FZ8;INF174KA1GB7;19.4984;;;21-Jan-2026
148743;Kotak Nifty Next 50 Index Fund - Regular Plan - Growth Option;INF174KA1FX3;;19.0241;;;21-Jan-2026
148744;Kotak Nifty Next 50 Index Fund - Regular Plan - Payout of Income Distribution cum capital withdrawal option;INF174KA1FW5;INF174KA1FY1;19.0246;;;21-Jan-2026
149855;Kotak Nifty SDL Apr  2027 Top 12 Equal Weight Index Fund-Direct Plan-Growth;INF174KA1IL2;;12.7725;;;21-Jan-2026
149852;Kotak Nifty SDL Apr  2027 Top 12 Equal Weight Index Fund-Regular Plan- Growth;INF174KA1II8;;12.695;;;21-Jan-2026
149853;Kotak Nifty SDL Apr  2027 Top 12 Equal Weight Index Fund-Regular Plan-IDCW Option;INF174KA1IJ6;INF174KA1IK4;12.6953;;;21-Jan-2026
149854;Kotak Nifty SDL Apr 2027 Top 12 Equal Weight Index Fund-Direct Plan-IDCW Option;INF174KA1IM0;INF174KA1IN8;12.7718;;;21-Jan-2026
149865;Kotak Nifty SDL Apr 2032 Top 12 Equal Weight Index Fund-Direct Plan- Growth;INF174KA1IR9;;13.018;;;21-Jan-2026
149864;Kotak Nifty SDL Apr 2032 Top 12 Equal Weight Index Fund-Direct Plan-IDCW Option;INF174KA1IS7;INF174KA1IT5;13.0165;;;21-Jan-2026
149862;Kotak Nifty SDL Apr 2032 Top 12 Equal Weight Index Fund-Regular Plan-Growth;INF174KA1IO6;;12.9309;;;21-Jan-2026
149866;Kotak Nifty SDL Apr 2032 Top 12 Equal Weight Index Fund-Regular Plan-IDCW Option;INF174KA1IP3;INF174KA1IQ1;12.9349;;;21-Jan-2026
151218;Kotak Nifty SDL Jul 2026 Index Fund Direct Plan Growth;INF174KA1LC5;;12.4532;;;21-Jan-2026
151219;Kotak Nifty SDL Jul 2026 Index Fund Direct Plan IDCW;INF174KA1LD3;INF174KA1LE1;12.0166;;;21-Jan-2026
151216;Kotak Nifty SDL Jul 2026 Index Fund Regular Plan Growth;INF174KA1KZ8;;12.3734;;;21-Jan-2026
151217;Kotak Nifty SDL Jul 2026 Index Fund Regular Plan IDCW;INF174KA1LA9;INF174KA1LB7;12.3735;;;21-Jan-2026
151420;Kotak Nifty SDL Jul 2033 Index Fund Direct Plan Growth Option;INF174KA1MJ8;;12.5551;;;21-Jan-2026
151418;Kotak Nifty SDL Jul 2033 Index Fund Direct Plan IDCW;INF174KA1MK6;INF174KA1ML4;12.1859;;;21-Jan-2026
151417;Kotak Nifty SDL Jul 2033 Index Fund Regular Plan Growth Option;INF174KA1MG4;;12.468;;;21-Jan-2026
151419;Kotak Nifty SDL Jul 2033 Index Fund Regular Plan IDCW;INF174KA1MH2;INF174KA1MI0;12.468;;;21-Jan-2026
150725;Kotak Nifty SDL Plus AAA PSU Bond Jul 2028 60:40 Index Fund Direct Plan - Growth;INF174KA1JT3;;12.8089;;;21-Jan-2026
150726;Kotak Nifty SDL Plus AAA PSU Bond Jul 2028 60:40 Index Fund Direct Plan - IDCW;INF174KA1JU1;INF174KA1JV9;12.809;;;21-Jan-2026
150723;Kotak Nifty SDL Plus AAA PSU Bond Jul 2028 60:40 Index Fund Regular Plan - Growth;INF174KA1JQ9;;12.7278;;;21-Jan-2026
150724;Kotak Nifty SDL Plus AAA PSU Bond Jul 2028 60:40 Index Fund Regular Plan - IDCW;INF174KA1JR7;INF174KA1JS5;12.7237;;;21-Jan-2026
153220;Kotak Nifty SmallCap 250 Index Fund - Direct - IDCW;INF174KA1UL7;INF174KA1UM5;10.047;;;21-Jan-2026
153223;Kotak Nifty SmallCap 250 Index Fund- Direct - Growth;INF174KA1UK9;;10.047;;;21-Jan-2026
153221;Kotak Nifty SmallCap 250 Index Fund- Regular - Growth;INF174KA1UN3;;9.999;;;21-Jan-2026
153222;Kotak Nifty SmallCap 250 Index Fund- Regular - IDCW;INF174KA1UO1;INF174KA1UP8;9.999;;;21-Jan-2026
151649;Kotak Nifty Smallcap 50 Index Fund - Direct Plan - Growth;INF174KA1NB3;;18.913;;;21-Jan-2026
151650;Kotak Nifty Smallcap 50 Index Fund - Direct Plan - IDCW;INF174KA1NC1;INF174KA1ND9;18.923;;;21-Jan-2026
151647;Kotak Nifty Smallcap 50 Index Fund - Regular Plan - Growth;INF174KA1MY7;;18.579;;;21-Jan-2026
151648;Kotak Nifty Smallcap 50 Index Fund - Regular Plan - IDCW;INF174KA1MZ4;INF174KA1NA5;18.579;;;21-Jan-2026
153461;Kotak Nifty Top 10 Equal Weight Index Fund-Direct Plan-Growth;INF174KA1WD0;;10.045;;;21-Jan-2026
153462;Kotak Nifty Top 10 Equal Weight Index Fund-Direct Plan-IDCW-Payout and Reinvestment;INF174KA1WE8;INF174KA1WF5;10.045;;;21-Jan-2026
153463;Kotak Nifty Top 10 Equal Weight Index Fund-Regular Plan-Growth;INF174KA1WG3;;9.994;;;21-Jan-2026
153464;Kotak Nifty Top 10 Equal Weight Index Fund-Regular Plan-IDCW Payout and Reinvestment;INF174KA1WH1;INF174KA1WI9;9.994;;;21-Jan-2026
154032;Kotak Nifty500 Momentum 50 Index Fund - Direct Plan - Growth;INF174KA1YC8;;9.56;;;21-Jan-2026
154029;Kotak Nifty500 Momentum 50 Index Fund - Direct Plan - IDCW - Payout & Investment;INF174KA1YD6;INF174KA1YE4;9.56;;;21-Jan-2026
154030;Kotak Nifty500 Momentum 50 Index Fund - Regular Plan - Growth;INF174KA1YF1;;9.557;;;21-Jan-2026
154031;Kotak Nifty500 Momentum 50 Index Fund - Regular Plan - IDCW - Payout & Reinvestment;INF174KA1YG9;INF174KA1YH7;9.557;;;21-Jan-2026

LIC Mutual Fund
120308;LIC MF BSE Sensex Index Fund-Direct Plan-Growth;INF767K01FJ4;;164.4142;;;21-Jan-2026
120312;LIC MF BSE Sensex Index Fund-Direct Plan-IDCW;INF767K01FI6;INF767K01FK2;55.1209;;;21-Jan-2026
101199;LIC MF BSE Sensex Index Fund-Regular Plan-Growth;INF767K01139;;152.9463;;;21-Jan-2026
101198;LIC MF BSE Sensex Index Fund-Regular Plan-IDCW;INF767K01121;INF767K01113;52.4234;;;21-Jan-2026
120307;LIC MF Nifty 50 Index Fund-Direct Plan-Growth;INF767K01FF2;;150.0298;;;21-Jan-2026
120309;LIC MF Nifty 50 Index Fund-Direct Plan-IDCW;INF767K01FG0;INF767K01FH8;55.2803;;;21-Jan-2026
101201;LIC MF Nifty 50 Index Fund-Regular Plan-Growth;INF767K01162;;138.8318;;;21-Jan-2026
101200;LIC MF Nifty 50 Index Fund-Regular Plan-IDCW;INF767K01154;INF767K01147;51.2147;;;21-Jan-2026
151937;LIC MF Nifty Next 50 Index Fund-Direct Plan-Growth;INF397L01AW2;;54.4719;;;21-Jan-2026
151938;LIC MF Nifty Next 50 Index Fund-Direct Plan-IDCW;INF397L01AY8;INF397L01AX0;54.4719;;;21-Jan-2026
151935;LIC MF Nifty Next 50 Index Fund-Regular Plan-Growth;INF397L01174;;49.519;;;21-Jan-2026
151936;LIC MF Nifty Next 50 Index Fund-Regular Plan-IDCW;INF397L01166;INF397L01182;49.519;;;21-Jan-2026

Mirae Asset Mutual Fund
150792;Mirae Asset CRISIL IBX Gilt Index - April 2033 Index Fund - Direct Plan - Growth;INF769K01IX5;;13.0621;;;21-Jan-2026
150789;Mirae Asset CRISIL IBX Gilt Index - April 2033 Index Fund - Direct Plan - IDCW;INF769K01IW7;INF769K01IY3;13.0587;;;21-Jan-2026
150790;Mirae Asset CRISIL IBX Gilt Index - April 2033 Index Fund - Regular Plan - Growth;INF769K01IU1;;12.9403;;;21-Jan-2026
150791;Mirae Asset CRISIL IBX Gilt Index - April 2033 Index Fund - Regular Plan - IDCW;INF769K01IT3;INF769K01IV9;12.9413;;;21-Jan-2026
153634;Mirae Asset CRISIL-IBX Financial Services 9-12 Months Debt Index Fund - Direct Plan - Growth;INF769K01OS3;;10.3197;;;21-Jan-2026
153635;Mirae Asset CRISIL-IBX Financial Services 9-12 Months Debt Index Fund - Direct Plan - IDCW;INF769K01OU9;INF769K01OT1;10.3191;;;21-Jan-2026
153636;Mirae Asset CRISIL-IBX Financial Services 9-12 Months Debt Index Fund - Regular Plan - Growth;INF769K01OP9;;10.3081;;;21-Jan-2026
153637;Mirae Asset CRISIL-IBX Financial Services 9-12 Months Debt Index Fund - Regular Plan - IDCW;INF769K01OR5;INF769K01OQ7;10.3084;;;21-Jan-2026
152972;Mirae Asset Nifty 50 Index Fund - Direct Plan - Growth;INF769K01MQ1;;10.4299;;;21-Jan-2026
152973;Mirae Asset Nifty 50 Index Fund - Direct Plan - IDCW;INF769K01MN8;INF769K01MM0;10.4300;;;21-Jan-2026
152974;Mirae Asset Nifty 50 Index Fund - Regular Plan - Growth;INF769K01MO6;;10.3488;;;21-Jan-2026
152975;Mirae Asset Nifty 50 Index Fund - Regular Plan - IDCW;INF769K01MP3;INF769K01MR9;10.3483;;;21-Jan-2026
150788;Mirae Asset Nifty AAA PSU Bond Plus SDL Apr 2026 50:50 Index Fund - Direct Plan - Growth;INF769K01JD5;;12.5956;;;21-Jan-2026
150787;Mirae Asset Nifty AAA PSU Bond Plus SDL Apr 2026 50:50 Index Fund - Direct Plan - IDCW;INF769K01JC7;INF769K01JE3;12.5956;;;21-Jan-2026
150786;Mirae Asset Nifty AAA PSU Bond Plus SDL Apr 2026 50:50 Index Fund - Regular Plan - Growth;INF769K01JA1;;12.5078;;;21-Jan-2026
150785;Mirae Asset Nifty AAA PSU Bond Plus SDL Apr 2026 50:50 Index Fund - Regular Plan - IDCW;INF769K01IZ0;INF769K01JB9;12.5081;;;21-Jan-2026
152976;Mirae Asset Nifty LargeMidcap 250 Index Fund - Direct Plan - Growth;INF769K01MJ6;;10.1961;;;21-Jan-2026
152977;Mirae Asset Nifty LargeMidcap 250 Index Fund - Direct Plan - IDCW;INF769K01ML2;INF769K01MK4;10.1970;;;21-Jan-2026
152978;Mirae Asset Nifty LargeMidcap 250 Index Fund - Regular Plan - Growth;INF769K01MG2;;10.1135;;;21-Jan-2026
152979;Mirae Asset Nifty LargeMidcap 250 Index Fund - Regular Plan - IDCW;INF769K01MI8;INF769K01MH0;10.1129;;;21-Jan-2026
150359;Mirae Asset Nifty SDL Jun 2027 Index Fund - Direct Plan - IDCW;INF769K01IG0;INF769K01II6;12.7740;;;21-Jan-2026
150360;Mirae Asset Nifty SDL Jun 2027 Index Fund - Regular Plan - Growth;INF769K01IE5;;12.6949;;;21-Jan-2026
150361;Mirae Asset Nifty SDL Jun 2027 Index Fund - Regular Plan - IDCW;INF769K01ID7;INF769K01IF2;12.6955;;;21-Jan-2026
150358;Mirae Asset Nifty SDL Jun 2027 Index Fund -Direct Plan - Growth;INF769K01IH8;;12.7735;;;21-Jan-2026
151691;Mirae Asset Nifty SDL June 2028 Index Fund - Direct Plan - Growth;INF769K01JZ8;;12.4075;;;21-Jan-2026
151692;Mirae Asset Nifty SDL June 2028 Index Fund - Direct Plan - IDCW;INF769K01JY1;INF769K01KA9;12.4075;;;21-Jan-2026
151693;Mirae Asset Nifty SDL June 2028 Index Fund - Regular Plan - IDCW;INF769K01JV7;INF769K01JX3;12.2790;;;21-Jan-2026
151694;Mirae Asset Nifty SDL June 2028 Index Fund -Regular Plan - Growth;INF769K01JW5;;12.2787;;;21-Jan-2026
152968;Mirae Asset Nifty Total Market Index Fund - Direct Plan - Growth;INF769K01MD9;;10.1190;;;21-Jan-2026
152969;Mirae Asset Nifty Total Market Index Fund - Direct Plan - IDCW;INF769K01ME7;INF769K01MF4;10.1188;;;21-Jan-2026
152970;Mirae Asset Nifty Total Market Index Fund - Regular Plan - Growth;INF769K01MA5;;10.0319;;;21-Jan-2026
152971;Mirae Asset Nifty Total Market Index Fund - Regular Plan - IDCW;INF769K01MB3;INF769K01MC1;10.0316;;;21-Jan-2026

Navi Mutual Fund
152062;NAVI BSE SENSEX INDEX FUND - DIRECT PLAN - GROWTH;INF959L01HK9;;12.7045;;;21-Jan-2026
152061;NAVI BSE SENSEX INDEX FUND - REGULAR PLAN - GROWTH;INF959L01HJ1;;12.4954;;;21-Jan-2026
149039;Navi Nifty 50 Index Fund-Direct Plan-Growth;INF959L01FP2;;16.489;;;21-Jan-2026
149040;Navi Nifty 50 Index Fund-Regular Plan-Growth;INF959L01FQ0;;16.3381;;;21-Jan-2026
152751;NAVI NIFTY 500 MULTICAP 50-25-25 DIRECT PLAN;INF959L01HO1;;9.6716;;;21-Jan-2026
152750;NAVI NIFTY 500 MULTICAP 50-25-25 REGULAR PLAN;INF959L01HN3;;9.573;;;21-Jan-2026
149804;Navi Nifty Bank Index Fund- Direct Plan- Growth;INF959L01FT4;;15.4524;;;21-Jan-2026
149805;Navi Nifty Bank Index Fund- Regular Plan- Growth;INF959L01FU2;;15.0174;;;21-Jan-2026
150515;Navi Nifty India Manufacturing Index Fund- Direct Plan- Growth;INF959L01GD6;;17.8768;;;21-Jan-2026
150516;Navi Nifty India Manufacturing Index Fund- Regular Plan- Growth;INF959L01GE4;;17.4018;;;21-Jan-2026
149892;Navi Nifty Midcap 150 Index Fund Direct Plan- Growth;INF959L01FX6;;19.9618;;;21-Jan-2026
149893;Navi Nifty Midcap 150 Index Fund Regular Plan- Growth;INF959L01FY4;;19.3132;;;21-Jan-2026
154026;Navi Nifty Midsmall 400 Index Fund - Regular - Growth;INF959L01HS2;;9.656;;;21-Jan-2026
154027;Navi Nifty midsmallcap 400 Index Fund- Direct - Growth;INF959L01HR4;;9.6659;;;21-Jan-2026
149447;Navi Nifty Next 50 Index Fund- Direct Plan- Growth;INF959L01FR8;;15.8692;;;21-Jan-2026
149448;Navi Nifty Next 50 Index Fund- Regular Plan- Growth;INF959L01FS6;;15.5373;;;21-Jan-2026
153362;Navi Nifty Smallcap 250 Momentum quality index fund- Direct Plan;INF959L01HQ6;;10.3826;;;21-Jan-2026
153363;Navi Nifty Smallcap 250 Momentum quality index fund- Regular Plan;INF959L01HP8;;10.3218;;;21-Jan-2026
152535;Navi NiftyIT Index Fund - Direct Plan- Growth;INF959L01HM5;;11.2651;;;21-Jan-2026
152536;Navi NiftyIT Index Fund - Regular Plan -Growth;INF959L01HL7;;11.1153;;;21-Jan-2026

SBI Mutual Fund
153432;SBI BSE PSU BANK INDEX FUND- Direct Plan- Growth;INF200KB1688;;14.1432;;;21-Jan-2026
153433;SBI BSE PSU BANK INDEX FUND- Direct Plan- Income Distribution Cum Capital Withdrawal Option (IDCW);INF200KB1704;INF200KB1696;14.1432;;;21-Jan-2026
153434;SBI BSE PSU BANK INDEX FUND- Regular Plan- Growth;INF200KB1654;;14.0866;;;21-Jan-2026
153431;SBI BSE PSU BANK INDEX FUND- Regular Plan- Income Distribution Cum Capital Withdrawal Option (IDCW);INF200KB1662;INF200KB1670;14.0872;;;21-Jan-2026
151769;SBI BSE Sensex Index Fund - Direct Plan - Growth;INF200KA16Y4;;13.4314;;;21-Jan-2026
151770;SBI BSE Sensex Index Fund - Direct Plan - IDCW;INF200KA17Y2;INF200KA18Y0;13.4314;;;21-Jan-2026
151765;SBI BSE Sensex Index Fund - Regular Plan - Growth;INF200KA13Y1;;13.3508;;;21-Jan-2026
151766;SBI BSE Sensex Index Fund - Regular Plan - IDCW;INF200KA14Y9;INF200KA15Y6;13.3507;;;21-Jan-2026
149474;SBI CPSE Bond Plus SDL Sep 2026 50:50 Index Fund - Direct Plan - Growth;INF200KA13D5;;12.7263;;;21-Jan-2026
149475;SBI CPSE Bond Plus SDL Sep 2026 50:50 Index Fund - Direct Plan - Income Distribution cum Capital Withdrawal Option (IDCW);INF200KA14D3;INF200KA15D0;12.7813;;;21-Jan-2026
149472;SBI CPSE Bond Plus SDL Sep 2026 50:50 Index Fund - Regular Plan - Growth;INF200KA10D1;;12.6414;;;21-Jan-2026
149473;SBI CPSE Bond Plus SDL Sep 2026 50:50 Index Fund - Regular Plan - Income Distribution cum Capital Withdrawal Option (IDCW);INF200KA11D9;INF200KA12D7;12.6416;;;21-Jan-2026
150706;SBI CRISIL IBX Gilt Index - April 2029 Fund - Direct Plan - Growth;INF200KA18Q6;;13.0461;;;21-Jan-2026
150708;SBI CRISIL IBX Gilt Index - April 2029 Fund - Direct Plan - Income Distribution cum Capital Withdrawal Option (IDCW);INF200KA19Q4;INF200KA10R1;13.0462;;;21-Jan-2026
150707;SBI CRISIL IBX Gilt Index - April 2029 Fund - Regular Plan - Growth;INF200KA15Q2;;12.9463;;;21-Jan-2026
150709;SBI CRISIL IBX Gilt Index - April 2029 Fund - Regular Plan - Income Distribution cum Capital Withdrawal Option (IDCW);INF200KA16Q0;INF200KA17Q8;12.9472;;;21-Jan-2026
150681;SBI |CRISIL IBX Gilt Index - June 2036 Fund - Direct Plan - Growth;INF200KA12Q9;;13.1358;;;21-Jan-2026
150682;SBI CRISIL IBX Gilt Index - June 2036 Fund - Direct Plan - Income Distribution cum Capital Withdrawal Option (IDCW);INF200KA13Q7;INF200KA14Q5;13.1358;;;21-Jan-2026
150683;SBI CRISIL IBX Gilt Index - June 2036 Fund - Regular Plan - Growth;INF200KA19P6;;13.0299;;;21-Jan-2026
150680;SBI CRISIL IBX Gilt Index - June 2036 Fund - Regular Plan - Income Distribution cum Capital Withdrawal Option (IDCW);INF200KA10Q3;INF200KA11Q1;13.0304;;;21-Jan-2026
150711;SBI CRISIL IBX SDL Index - September 2027 Fund - Direct Plan - Growth;INF200KA14R3;;12.7876;;;21-Jan-2026
150713;SBI CRISIL IBX SDL Index - September 2027 Fund - Direct Plan - Income Distribution cum Capital Withdrawal Option (IDCW);INF200KA15R0;INF200KA16R8;12.7933;;;21-Jan-2026
150712;SBI CRISIL IBX SDL Index - September 2027 Fund - Regular Plan - Growth;INF200KA11R9;;12.7140;;;21-Jan-2026
150710;SBI CRISIL IBX SDL Index - September 2027 Fund - Regular Plan - Income Distribution cum Capital Withdrawal Option (IDCW);INF200KA12R7;INF200KA13R5;12.7142;;;21-Jan-2026
152908;SBI Nifty 500 Index Fund- Direct Plan- Growth;INF200KB1381;;9.4823;;;21-Jan-2026
152909;SBI Nifty 500 Index Fund- Direct Plan- Income Distribution Cum Capital Withdrawal (IDCW);INF200KB1399;INF200KB1407;9.4823;;;21-Jan-2026
152906;SBI Nifty 500 Index Fund- Regular Plan- Growth;INF200KB1357;;9.4218;;;21-Jan-2026
152907;SBI Nifty 500 Index Fund- Regular Plan- Income Distribution Cum Capital Withdrawal (IDCW);INF200KB1365;INF200KB1373;9.4215;;;21-Jan-2026
153251;SBI Nifty Bank Index Fund- Regular Plan- Income Distribution Cum Capital Withdrawal Option;INF200KB1548;INF200KB1555;11.6848;;;21-Jan-2026
153250;SBI Nifty Bank Index Fund-Direct Plan- Growth;INF200KB1563;;11.7389;;;21-Jan-2026
153252;SBI Nifty Bank Index Fund-Direct Plan- Income Distribution Cum Capital Withdrawal Option;INF200KB1571;INF200KB1589;11.7389;;;21-Jan-2026
153253;SBI Nifty Bank Index Fund-Regular Plan- Growth;INF200KB1530;;11.6848;;;21-Jan-2026
119827;SBI NIFTY INDEX FUND - DIRECT PLAN - GROWTH;INF200K01TE8;;233.7540;;;21-Jan-2026
119826;SBI Nifty Index Fund - Direct Plan - Income Distribution cum Capital Withdrawal Option (IDCW);INF200K01TC2;INF200K01TD0;120.0645;;;21-Jan-2026
102272;SBI NIFTY INDEX FUND - REGULAR PLAN - GROWTH;INF200K01537;;222.6081;;;21-Jan-2026
102273;SBI Nifty Index Fund - Regular Plan - Income Distribution cum Capital Withdrawal Option (IDCW);INF200K01545;INF200K01552;114.2104;;;21-Jan-2026
153015;SBI Nifty India Consumption Index Fund- Direct Plan- Growth;INF200KB1449;;10.1478;;;21-Jan-2026
153014;SBI Nifty India Consumption Index Fund- Direct Plan- IDCW Payout;INF200KB1456;INF200KB1464;10.1478;;;21-Jan-2026
153012;SBI Nifty India Consumption Index Fund- Regular Plan- Growth;INF200KB1415;;10.0877;;;21-Jan-2026
153013;SBI Nifty India Consumption Index Fund- Regular Plan- IDCW Payout;INF200KB1423;INF200KB1431;10.0877;;;21-Jan-2026
153320;SBI Nifty IT Index Fund - Direct Plan - Growth;INF200KB1621;;9.5571;;;21-Jan-2026
153321;SBI Nifty IT Index Fund - Direct Plan - Income Distribution Cum Withdrawal Option (IDCW);INF200KB1639;INF200KB1647;9.5572;;;21-Jan-2026
153323;SBI Nifty IT Index Fund - Regular Plan - Growth;INF200KB1597;;9.5151;;;21-Jan-2026
153322;SBI Nifty IT Index Fund - Regular Plan - Income Distribution Cum Capital Withdrawal Option (IDCW);INF200KB1605;INF200KB1613;9.5151;;;21-Jan-2026
150673;SBI Nifty Midcap 150 Index Fund - Direct Plan - Growth;INF200KA10P5;;18.3560;;;21-Jan-2026
150675;SBI Nifty Midcap 150 Index Fund - Direct Plan - Income Distribution cum Capital Withdrawal Option (IDCW);INF200KA11P3;INF200KA12P1;18.3554;;;21-Jan-2026
150672;SBI Nifty Midcap 150 Index Fund - Regular Plan - Growth;INF200KA17O3;;18.0409;;;21-Jan-2026
150674;SBI Nifty Midcap 150 Index Fund - Regular Plan - Income Distribution cum Capital Withdrawal Option (IDCW);INF200KA18O1;INF200KA19O9;18.0411;;;21-Jan-2026
148945;SBI Nifty Next 50 Index Fund - Direct Plan - Growth;INF200KA1W00;;18.4650;;;21-Jan-2026
148946;SBI Nifty Next 50 Index Fund - Direct Plan - Income Distribution cum Capital Withdrawal Option (IDCW);INF200KA1W18;INF200KA1W26;18.4640;;;21-Jan-2026
148943;SBI Nifty Next 50 Index Fund - Regular Plan - Growth;INF200KA1V76;;18.0624;;;21-Jan-2026
148944;SBI Nifty Next 50 Index Fund - Regular Plan - Income Distribution cum Capital Withdrawal Option (IDCW);INF200KA1V84;INF200KA1V92;18.0626;;;21-Jan-2026
150677;SBI Nifty Smallcap 250 Index Fund - Direct Plan - Growth;INF200KA16P2;;16.8707;;;21-Jan-2026
150678;SBI Nifty Smallcap 250 Index Fund - Direct Plan - Income Distribution cum Capital Withdrawal Option (IDCW);INF200KA17P0;INF200KA18P8;16.8702;;;21-Jan-2026
150676;SBI Nifty Smallcap 250 Index Fund - Regular Plan - Growth;INF200KA13P9;;16.5751;;;21-Jan-2026
150679;SBI Nifty Smallcap 250 Index Fund - Regular Plan - Income Distribution cum Capital Withdrawal Option (IDCW);INF200KA14P7;INF200KA15P4;16.5756;;;21-Jan-2026
153718;SBI Nifty100 Low Volatility 30 Index Fund- Direct Plan- Growth;INF200KB1936;;10.3155;;;21-Jan-2026
153716;SBI Nifty100 Low Volatility 30 Index Fund- Regular Plan- Growth;INF200KB1902;;10.2957;;;21-Jan-2026
153717;SBI Nifty100 Low Volatility 30 Index Fund- Regular Plan- Income Cum Distribution Capital Withdrawal Option (IDCW);INF200KB1910;INF200KB1928;10.2957;;;21-Jan-2026
153719;SBI Nifty100 Low Volatility 30 Index Fund-Direct  Plan- Income Cum Distribution Capital Withdrawal Option (IDCW);INF200KB1944;INF200KB1951;10.3155;;;21-Jan-2026
153662;SBI Nifty200 Momentum 30 Index Fund- Direct Plan- Growth;INF200KB1878;;9.6268;;;21-Jan-2026
153665;SBI Nifty200 Momentum 30 Index Fund- Direct Plan- Income Cum Distribution Capital Withdrawal Option (IDCW);INF200KB1886;INF200KB1894;9.6270;;;21-Jan-2026
153663;SBI Nifty200 Momentum 30 Index Fund- Regular Plan- Growth;INF200KB1845;;9.6070;;;21-Jan-2026
153664;SBI Nifty200 Momentum 30 Index Fund- Regular Plan- Income Distribution Cum Capital Withdrawal Option (IDCW);INF200KB1852;INF200KB1860;9.6070;;;21-Jan-2026
153557;SBI Nifty200 Quality 30 Index Fund- Direct Plan- Income Distribution Cum Capital Withdrawal Option;INF200KB1829;INF200KB1837;10.2056;;;21-Jan-2026
153556;SBI Nifty200 Quality 30 Index Fund- Regular Plan- Income Cum Distribution Withdrawal Option;INF200KB1795;INF200KB1803;10.1804;;;21-Jan-2026
153555;SBI Nifty200 Quality 30 Index Fund-Direct Plan- Growth;INF200KB1811;;10.2056;;;21-Jan-2026
153554;SBI Nifty200 Quality 30 Index Fund-Regular Plan- Growth;INF200KB1787;;10.1804;;;21-Jan-2026
152370;SBI Nifty50 Equal Weight Index Fund - Direct Plan - Growth;INF200KB1027;;12.0526;;;21-Jan-2026
152371;SBI Nifty50 Equal Weight Index Fund - Direct Plan - Income Distribution Cum Capital Withdrawal Option;INF200KB1035;INF200KB1043;12.0519;;;21-Jan-2026
152372;SBI Nifty50 Equal Weight Index Fund - Regular Plan - Growth;INF200KA18Z7;;11.9362;;;21-Jan-2026
152373;SBI Nifty50 Equal Weight Index Fund - Regular Plan - Income Distribution Cum Capital Withdrawal Option;INF200KA19Z5;INF200KB1019;11.9361;;;21-Jan-2026

Sundaram Mutual Fund
149483;Sundaram Nifty 100 Equal Weight Fund (Formerly Known as Principal Nifty 100 Equal Weight Fund) - Direct Plan - Growth Option;INF173K01EZ4;;183.5683;;;21-Jan-2026
149482;Sundaram Nifty 100 Equal Weight Fund (Formerly Known as Principal Nifty 100 Equal Weight Fund)- Direct Plan - Income Distribution CUM Capital Withdrawal Option;INF173K01EW1;INF173K01EX9;80.6411;;;21-Jan-2026
149481;Sundaram Nifty 100 Equal Weight Fund (Formerly Known as Principal Nifty 100 Equal Weight Fund)-Growth;INF173K01AG2;;173.8436;;;21-Jan-2026
149480;Sundaram Nifty 100 Equal Weight Fund (Formerly Known as Principal Nifty 100 Equal Weight Fund-Income Distribution CUM Capital Withdrawal;INF173K01AH0;INF173K01AI8;76.3518;;;21-Jan-2026

Taurus Mutual Fund
118881;Taurus Nifty 50 Index Fund - Direct Plan - Growth;INF044D01CQ5;;50.9976;;;21-Jan-2026
118882;Taurus Nifty 50 Index Fund - Direct Plan - Payout of Income Distribution cum Capital Withdrawal option;INF044D01CR3;INF044D01CS1;47.7280;;;21-Jan-2026
112948;Taurus Nifty 50 Index Fund - Regular Plan - Growth;INF044D01948;;47.8150;;;21-Jan-2026
112949;Taurus Nifty 50 Index Fund - Regular Plan - Payout of Income Distribution cum Capital Withdrawal option;INF044D01914;INF044D01922;30.4860;;;21-Jan-2026

Zerodha Mutual Fund
153932;Zerodha BSE SENSEX Index Fund;INF0R8F01174;;9.8237;;;21-Jan-2026
152157;Zerodha ELSS Tax Saver Nifty LargeMidcap 250 Index Fund - Direct Plan - Growth option;INF0R8F01026;;13.8386;;;21-Jan-2026
153906;Zerodha Nifty 50 Index Fund - Direct Plan - Growth;INF0R8F01158;;9.9977;;;21-Jan-2026
152156;Zerodha Nifty LargeMidcap 250 Index Fund - Direct Plan - Growth option;INF0R8F01018;;13.8191;;;21-Jan-2026
154109;Zerodha Nifty Short Duration G-Sec Index Fund - Direct Plan - Growth Option;INF0R8F01182;;1002.2502;;;21-Jan-2026

Open Ended Schemes ( Other Scheme - Gold ETF )


Angel One Mutual Fund
153826;ANGEL ONE GOLD ETF;INF1J2R01114;;14.3086;;;21-Jan-2026

Baroda BNP Paribas Mutual Fund
152231;Baroda BNP Paribas Gold ETF;INF251K01SU9;;148.4563;;;21-Jan-2026

DSP Mutual Fund
151737;DSP Gold ETF;INF740KA1SW3;;148.923;;;21-Jan-2026

Edelweiss Mutual Fund
152193;Edelweiss Gold ETF;INF754K01SE6;;153.1730;;;21-Jan-2026

Groww Mutual Fund
152957;Groww Gold ETF;INF666M01IW1;;150.1337;;;21-Jan-2026

ICICI Prudential Mutual Fund
113076;ICICI Prudential Gold ETF;INF109KC1NT3;;131.3137;;;21-Jan-2026

Kotak Mahindra Mutual Fund
106193;KOTAK GOLD ETF;INF174KA1HJ8;;127.9939;;;21-Jan-2026

LIC Mutual Fund
151961;LIC MF Gold Exchange Traded Fund;INF397L01554;;13501.496;;;21-Jan-2026

Mirae Asset Mutual Fund
151416;Mirae Asset Gold ETF;INF769K01JP9;;148.9309;;;21-Jan-2026

SBI Mutual Fund
111954;SBI Gold ETF;INF200KA16D8;;130.8541;;;21-Jan-2026

Open Ended Schemes ( Other Scheme - Other  ETFs )


Angel One Mutual Fund
153451;ANGEL ONE NIFTY 1D RATE LIQUID ETF - GROWTH;INF1J2R01056;;1043.8596;;;21-Jan-2026
153531;ANGEL ONE NIFTY 50 ETF;INF1J2R01064;;10.3134;;;21-Jan-2026
153332;ANGEL ONE NIFTY TOTAL MARKET ETF;INF1J2R01015;;11.5186;;;21-Jan-2026
153957;ANGEL ONE NIFTY TOTAL MARKET MOMENTUM QUALITY 50 ETF;INF1J2R01148;;9.3065;;;21-Jan-2026

Bajaj Finserv Mutual Fund
152638;Bajaj Finserv Nifty 1D Rate Liquid ETF;INF0QA701854;;1066.0144;;;21-Jan-2026
152356;Bajaj Finserv Nifty 50 ETF;INF0QA701722;;257.0446;;;21-Jan-2026
152357;Bajaj Finserv Nifty Bank ETF;INF0QA701714;;59.5464;;;21-Jan-2026

Baroda BNP Paribas Mutual Fund
152683;Baroda BNP Paribas Nifty Bank ETF;INF251K01TL6;;59.0628;;;21-Jan-2026

DSP Mutual Fund
152555;DSP BSE Liquid Rate ETF;INF740KA1UM0;;1110.0427;;;21-Jan-2026
151886;DSP BSE Sensex ETF;INF740KA1SZ6;;83.8491;;;21-Jan-2026
153228;DSP BSE SENSEX Next 30 ETF;INF740KA1VE5;;39.6939;;;21-Jan-2026
153975;DSP MSCI INDIA ETF;INF740KA1WV7;;29.5481;;;21-Jan-2026
142589;DSP NIFTY 1D Rate Liquid ETF;;INF740KA1EU7;1000;;;21-Jan-2026
149286;DSP Nifty 50 Equal Weight ETF;INF740KA1QK2;;335.8888;;;21-Jan-2026
149392;DSP Nifty 50 ETF;INF740KA1CL0;;263.0722;;;21-Jan-2026
151262;DSP Nifty Bank ETF;INF740KA1RX3;;59.9747;;;21-Jan-2026
152306;DSP Nifty Healthcare ETF;INF740KA1UF4;;140.0065;;;21-Jan-2026
151820;DSP Nifty IT ETF;INF740KA1SX1;;39.9467;;;21-Jan-2026
154025;DSP Nifty Midcap 150 ETF;INF740KA1WW5;;21.1115;;;21-Jan-2026
149403;DSP Nifty Midcap 150 Quality 50 ETF;INF740KA1QL0;;235.0969;;;21-Jan-2026
154087;DSP Nifty Next 50 ETF;INF740KA1XU7;;66.8219;;;21-Jan-2026
151887;DSP Nifty Private Bank ETF;INF740KA1TA7;;28.5005;;;21-Jan-2026
151888;DSP Nifty PSU Bank ETF;INF740KA1SY9;;88.2703;;;21-Jan-2026
154024;DSP Nifty Smallcap 250 ETF;INF740KA1WX3;;15.4677;;;21-Jan-2026
152812;DSP Nifty Top 10 Equal Weight ETF;INF740KA1UR9;;96.5955;;;21-Jan-2026
153874;DSP Nifty500 Flexicap Quality 30 ETF;INF740KA1WU9;;10.3871;;;21-Jan-2026

Edelweiss Mutual Fund
152212;Edelweiss Silver ETF;INF754K01SF3;;311.4489;;;21-Jan-2026

Groww Mutual Fund
153744;Groww BSE Power ETF;INF666M01LM6;;9.1794;;;21-Jan-2026
152891;Groww Nifty 1D Rate Liquid ETF;INF666M01IP5;;107.5512;;;21-Jan-2026
153329;Groww Nifty 200 ETF;INF666M01JV1;;11.2891;;;21-Jan-2026
153699;Groww Nifty 50 ETF;INF666M01LL8;;10.0978;;;21-Jan-2026
153583;Groww Nifty 500 Low Volatility 50 ETF;INF666M01LB9;;10.4116;;;21-Jan-2026
153452;Groww Nifty 500 Momentum 50 ETF;INF666M01KJ4;;10.1319;;;21-Jan-2026
153907;Groww Nifty Capital Markets ETF;INF666M01MM4;;9.5013;;;21-Jan-2026
154111;Groww Nifty Chemicals ETF;INF666M01NP5;;27.0613;;;21-Jan-2026
152764;GROWW NIFTY EV & NEW AGE AUTOMOTIVE ETF;INF666M01IH2;;29.438;;;21-Jan-2026
152845;Groww Nifty India Defence ETF;INF666M01IO8;;74.4208;;;21-Jan-2026
153625;Groww Nifty India Internet ETF;INF666M01LI4;;9.8756;;;21-Jan-2026
153229;Groww Nifty India Railways PSU ETF;INF666M01JJ6;;32.6447;;;21-Jan-2026
154034;Groww Nifty Metal ETF;INF666M01NI0;;10.8487;;;21-Jan-2026
153940;Groww Nifty Midcap 150 ETF;INF666M01MV5;;211.3093;;;21-Jan-2026
153785;Groww Nifty Next 50 ETF;INF666M01LZ8;;66.8366;;;21-Jan-2026
153899;Groww Nifty Realty ETF;INF666M01MN2;;8.8278;;;21-Jan-2026
153923;Groww Nifty Smallcap250 ETF;INF666M01MO0;;8.9213;;;21-Jan-2026
153524;Groww Silver ETF;INF666M01LA1;;306.9416;;;21-Jan-2026

ICICI Prudential Mutual Fund
141957;BHARAT 22 ETF;INF109KB15Y7;;115.3581;;;21-Jan-2026
143247;ICICI Prudential BSE 500 ETF;INF109KC1V59;;38.5445;;;21-Jan-2026
153378;ICICI Prudential BSE Liquid Rate ETF - Growth;INF109K1A021;;1046.3912;;;21-Jan-2026
144947;ICICI Prudential BSE Liquid Rate ETF - IDCW;INF109KC1KT9;;1000.0000;;;21-Jan-2026
139519;ICICI Prudential BSE Midcap Select ETF;INF109KC10W0;;17.4955;;;21-Jan-2026
101705;ICICI Prudential BSE Sensex ETF;INF346A01034;;934.9385;;;21-Jan-2026
151196;ICICI Prudential Nifty 10 yr Benchmark G-sec ETF;INF109KC18O0;;258.7003;;;21-Jan-2026
123004;ICICI Prudential Nifty 100 ETF;INF109KC16V9;;28.5602;;;21-Jan-2026
141596;ICICI Prudential Nifty 100 Low Volatility 30 ETF;INF109KC19U5;;22.4247;;;21-Jan-2026
150455;ICICI Prudential Nifty 200 Momentum 30 ETF;INF109KC17C7;;30.8340;;;21-Jan-2026
151907;ICICI Prudential Nifty 200 Quality 30 ETF;INF109KC18V5;;21.4363;;;21-Jan-2026
149928;ICICI Prudential Nifty 5 yr Benchmark G-SEC ETF;INF109KC14A8;;63.7672;;;21-Jan-2026
121366;ICICI Prudential Nifty 50 ETF;INF109K012R6;;283.0209;;;21-Jan-2026
148456;ICICI Prudential Nifty Alpha Low- Volatility 30 ETF;INF109KC17V7;;27.1877;;;21-Jan-2026
149463;ICICI Prudential Nifty Auto ETF;INF109KC10V2;;27.6144;;;21-Jan-2026
147483;ICICI Prudential Nifty Bank ETF;INF109KC15I8;;60.1603;;;21-Jan-2026
151207;ICICI Prudential Nifty Commodities ETF;INF109KC19O8;;94.8530;;;21-Jan-2026
153397;ICICI Prudential Nifty EV & New Age Automotive ETF;INF109K1A153;;29.5008;;;21-Jan-2026
150879;ICICI Prudential Nifty Financial Services Ex-BaNk ETF;INF109KC17L8;;31.3287;;;21-Jan-2026
149072;ICICI Prudential Nifty FMCG ETF;INF109KC19V3;;54.9260;;;21-Jan-2026
148957;ICICI Prudential Nifty Healthcare ETF;INF109KC1Q72;;142.2547;;;21-Jan-2026
149285;ICICI Prudential Nifty India Consumption ETF;INF109KC1V42;;120.3471;;;21-Jan-2026
150526;ICICI Prudential Nifty Infrastructure ETF;INF109KC16E5;;92.5289;;;21-Jan-2026
148466;ICICI Prudential Nifty IT ETF;INF109KC16I6;;41.8827;;;21-Jan-2026
152769;ICICI Prudential Nifty Metal ETF;INF109KC19W1;;11.4772;;;21-Jan-2026
147921;ICICI Prudential Nifty Midcap 150 ETF;INF109KC11W8;;21.7708;;;21-Jan-2026
144587;ICICI Prudential Nifty Next 50 ETF;INF109KC1NS5;;70.1850;;;21-Jan-2026
152748;ICICI Prudential Nifty Oil & Gas ETF;INF109KC18W3;;11.5459;;;21-Jan-2026
147530;ICICI Prudential Nifty Private Bank ETF;INF109KC18U7;;28.3552;;;21-Jan-2026
151572;ICICI Prudential Nifty PSU Bank ETF;INF109KC10S8;;88.7222;;;21-Jan-2026
153617;ICICI Prudential Nifty Top 15 Equal Weight ETF;INF109K1A344;;10.6555;;;21-Jan-2026
152932;ICICI Prudential Nifty200 Value 30 ETF;INF109KC16X5;;14.9024;;;21-Jan-2026
139455;ICICI Prudential Nifty50 Value 20 ETF;INF109KC11V0;;14.9214;;;21-Jan-2026
149464;ICICI PRUDENTIAL SILVER ETF;INF109KC1Y56;;311.8194;;;21-Jan-2026

Kotak Mahindra Mutual Fund
109010;Kotak BSE Sensex ETF;INF174KA1JD7;;89.2875;;;21-Jan-2026
153314;Kotak MSCI India ETF;INF174KA1VD2;;29.827;;;21-Jan-2026
153315;Kotak Nifty 100 Equal Weight ETF;INF174KA1UW4;;32.968;;;21-Jan-2026
150000;Kotak Nifty 100 Low Volatility 30 ETF;INF174KA1IY5;;21.3177;;;21-Jan-2026
151358;Kotak Nifty 1D Rate Liquid ETF;INF174KA1LV5;;1087.8996;;;21-Jan-2026
153904;Kotak Nifty 200 Momentum 30 ETF;INF174KA1XS6;;30.296;;;21-Jan-2026
112351;Kotak Nifty 50 ETF;INF174K014P6;;277.0619;;;21-Jan-2026
135744;Kotak Nifty 50 Value 20 ETF - Payout of Income Distribution cum capital withdrawal option;INF174K01Z71;;152.8806;;;21-Jan-2026
149397;Kotak Nifty Alpha 50 ETF;INF174KA1IA5;;45.9641;;;21-Jan-2026
133122;Kotak Nifty Bank ETF;INF174K01F59;;608.052;;;21-Jan-2026
153934;Kotak Nifty Chemicals ETF;INF174KA1XV0;;27.073;;;21-Jan-2026
150492;Kotak Nifty India Consumption ETF;INF174KA1JE5;;119.3673;;;21-Jan-2026
148763;Kotak Nifty IT ETF;INF174KA1GC5;;41.7873;;;21-Jan-2026
153398;Kotak Nifty Midcap 150 ETF;INF174KA1VW2;;21.388;;;21-Jan-2026
149757;Kotak Nifty Midcap 50 ETF;INF174KA1IB3;;167.6098;;;21-Jan-2026
150531;Kotak Nifty MNC ETF;INF174KA1JF2;;30.6068;;;21-Jan-2026
154101;Kotak Nifty Next 50 ETF;INF174KA1YO3;;66.971;;;21-Jan-2026
106929;Kotak Nifty PSU Bank ETF;INF373I01023;;876.1434;;;21-Jan-2026
153657;Kotak Nifty200 Quality 30 ETF;INF174KA1WT6;;20.982;;;21-Jan-2026
150948;Kotak Silver ETF;INF174KA1KU9;;302.9046;;;21-Jan-2026

LIC Mutual Fund
135672;LIC MF BSE Sensex ETF;INF767K01OT5;;918.7225;;;21-Jan-2026
136473;LIC MF Nifty 100 ETF;INF767K01PC8;;280.0532;;;21-Jan-2026
135607;LIC MF Nifty 50 ETF;INF767K01OS7;;280.2689;;;21-Jan-2026
133307;LIC MF Nifty 8-13 yr G-Sec ETF;INF767K01MV5;;28.7004;;;21-Jan-2026
152404;LIC MF Nifty Midcap 100 ETF;INF767K01RN1;;57.6437;;;21-Jan-2026

Mirae Asset Mutual Fund
153379;Mirae Asset BSE 200 Equal Weight ETF;INF769K01OA1;;12.8715;;;21-Jan-2026
154061;Mirae Asset BSE 500 Dividend Leaders 50 ETF;INF769K01PY8;;35.9368;;;21-Jan-2026
153384;Mirae Asset BSE Select IPO ETF;INF769K01ON4;;42.5932;;;21-Jan-2026
152097;Mirae Asset BSE Sensex ETF;INF769K01KT9;;83.9214;;;21-Jan-2026
149379;Mirae Asset Hang Seng TECH ETF;INF769K01HS7;;22.6087;;;21-Jan-2026
148572;Mirae Asset Nifty 100 ESG Sector Leaders ETF;INF769K01GS9;;42.9793;;;21-Jan-2026
151604;Mirae Asset Nifty 100 Low Volatility 30 ETF;INF769K01JU9;;208.9310;;;21-Jan-2026
153045;Mirae Asset Nifty 1D Rate Liquid ETF - Growth;INF769K01MY5;;1069.3701;;;21-Jan-2026
151908;Mirae Asset Nifty 1D Rate Liquid ETF-IDCW;;INF769K01KS1;1000.0000;;;21-Jan-2026
152134;Mirae Asset Nifty 200 Alpha 30 ETF;INF769K01KU7;;24.1482;;;21-Jan-2026
145633;Mirae Asset Nifty 50 ETF;INF769K01EG9;;271.6409;;;21-Jan-2026
151695;Mirae Asset Nifty 8-13 yr Gsec ETF;INF769K01KF8;;29.5635;;;21-Jan-2026
151857;Mirae Asset Nifty Bank ETF;INF769K01KR3;;596.7068;;;21-Jan-2026
153945;Mirae Asset Nifty Energy ETF;INF769K01PR2;;33.3770;;;21-Jan-2026
152715;Mirae Asset Nifty EV and New Age Automotive ETF;INF769K01LQ3;;29.5384;;;21-Jan-2026
149105;Mirae Asset Nifty Financial Services ETF;INF769K01HI8;;27.8459;;;21-Jan-2026
153642;Mirae Asset Nifty India Internet ETF;INF769K01PB6;;13.3254;;;21-Jan-2026
149786;Mirae Asset Nifty India Manufacturing ETF;INF769K01IB1;;149.5891;;;21-Jan-2026
153191;Mirae Asset Nifty India New Age Consumption ETF;INF769K01NS5;;11.1461;;;21-Jan-2026
152155;Mirae Asset Nifty IT ETF;INF769K01KV5;;39.9399;;;21-Jan-2026
152924;Mirae Asset Nifty Metal ETF;INF769K01LY7;;11.4863;;;21-Jan-2026
149918;Mirae Asset Nifty Midcap 150 ETF;INF769K01IC9;;21.5034;;;21-Jan-2026
152634;Mirae Asset Nifty MidSmallcap400 Momentum Quality 100 ETF;INF769K01LJ8;;45.6636;;;21-Jan-2026
147906;Mirae Asset Nifty Next 50 ETF;INF769K01FN2;;685.8932;;;21-Jan-2026
152929;Mirae Asset Nifty PSU Bank ETF;INF769K01LZ4;;88.1320;;;21-Jan-2026
153946;Mirae Asset Nifty Smallcap 250 ETF;INF769K01PQ4;;15.4751;;;21-Jan-2026
152455;Mirae Asset Nifty Smallcap 250 Momentum Quality 100 ETF;INF769K01LC3;;41.2406;;;21-Jan-2026
154060;Mirae Asset Nifty Top 20 Equal Weight ETF;INF769K01PZ5;;9.3623;;;21-Jan-2026
153519;Mirae Asset Nifty 50 Equal Weight ETF;;;325.9277;;;21-Jan-2026
152811;Mirae Asset Nifty500 Multicap 50:25:25 ETF;INF769K01LX9;;15.7714;;;21-Jan-2026
151779;Mirae Asset Silver ETF;INF769K01KG6;;303.6103;;;21-Jan-2026

SBI Mutual Fund
134014;SBI BSE 100 ETF;INF200KA1572;;290.5111;;;21-Jan-2026
153435;SBI BSE PSU BANK ETF;INF200KB1712;;50.9990;;;21-Jan-2026
121109;SBI BSE SENSEX ETF;INF200K01VT2;;906.3924;;;21-Jan-2026
144916;SBI BSE Sensex Next 50 ETF;INF200KA1VQ2;;902.4709;;;21-Jan-2026
139430;SBI Nifty 10 yr Benchmark G-Sec ETF;INF200KA1JT1;;259.1605;;;21-Jan-2026
153796;SBI Nifty 1D Rate Liquid ETF - Growth;INF200KB1969;;1023.6323;;;21-Jan-2026
152168;SBI NIFTY 1D Rate Liquid ETF - IDCW;;INF200KA13Z8;1000.0000;;;21-Jan-2026
145648;SBI Nifty 200 Quality 30 ETF;INF200KA1WX6;;225.4520;;;21-Jan-2026
135106;SBI Nifty 50 ETF;INF200KA1FS1;;268.8753;;;21-Jan-2026
134008;SBI Nifty Bank ETF;INF200KA1580;;601.9347;;;21-Jan-2026
149041;SBI Nifty Consumption ETF;INF200KA1X17;;119.9171;;;21-Jan-2026
148542;SBI Nifty IT ETF;INF200KA1S14;;418.4935;;;21-Jan-2026
134013;SBI Nifty Next 50 ETF;INF200KA1598;;711.9107;;;21-Jan-2026
148541;SBI Nifty Private Bank ETF;INF200KA1S22;;286.6807;;;21-Jan-2026
152749;SBI Nifty50 Equal Weight ETF;INF200KB1282;;32.7119;;;21-Jan-2026
152725;SBI Silver ETF;INF200KB1217;;305.3191;;;21-Jan-2026

Shriram Mutual Fund
152741;Shriram Nifty 1D Rate Liquid ETF - Growth;INF680P01422;;1088.8554;;;21-Jan-2026

Zerodha Mutual Fund
152667;Zerodha Nifty 100 ETF;INF0R8F01067;;10.7181;;;21-Jan-2026
152327;Zerodha Nifty 1D Rate Liquid ETF - Growth Option;INF0R8F01034;;112.398;;;21-Jan-2026
153905;Zerodha Nifty 50 ETF;INF0R8F01166;;10.0102;;;21-Jan-2026
153811;Zerodha Nifty 8-13 Yr G-Sec ETF;INF0R8F01133;;29.6883;;;21-Jan-2026
152668;Zerodha Nifty Midcap 150 ETF;INF0R8F01059;;10.5447;;;21-Jan-2026
153837;Zerodha Nifty Smallcap 100 ETF;INF0R8F01141;;9.3456;;;21-Jan-2026

Open Ended Schemes ( Other Scheme - FoF Domestic )


Angel One Mutual Fund
153828;ANGEL ONE GOLD ETF FOF - REGULAR GROWTH;INF1J2R01106;;14.6116;;;21-Jan-2026
153827;ANGEL ONE GOLD ETF FOF- DIRECT GROWTH;INF1J2R01098;;14.6383;;;21-Jan-2026

Baroda BNP Paribas Mutual Fund
153795;Baroda BNP Paribas Gold ETF Fund of Funds Direct Growth;INF251K01VF4;;15.9832;;;21-Jan-2026
153794;Baroda BNP Paribas Gold ETF Fund of Funds Regular Growth;INF251K01VE7;;15.9559;;;21-Jan-2026
153536;Baroda BNP Paribas Income Plus Arbitrage Active FOF Direct Growth;INF251K01UT7;;10.3310;;;21-Jan-2026
153540;Baroda BNP Paribas Income Plus Arbitrage Active FOF Direct IDCW Payout;INF251K01UU5;INF251K01UV3;10.3310;;;21-Jan-2026
153541;Baroda BNP Paribas Income Plus Arbitrage Active FOF Regular Growth;INF251K01UR1;;10.3172;;;21-Jan-2026
153538;Baroda BNP Paribas Income Plus Arbitrage Active FOF Regular IDCW Payout;INF251K01UX9;INF251K01US9;10.3172;;;21-Jan-2026
153552;Baroda BNP Paribas Multi Asset Active FOF Direct Growth;INF251K01UO8;;11.3528;;;21-Jan-2026
153550;Baroda BNP Paribas Multi Asset Active FOF Direct IDCW Payout;INF251K01UP5;INF251K01UQ3;11.3528;;;21-Jan-2026
153548;Baroda BNP Paribas Multi Asset Active FOF Regular Growth;INF251K01UM2;;11.2875;;;21-Jan-2026
153549;Baroda BNP Paribas Multi Asset Active FOF Regular ICDW Payout;INF251K01UN0;INF251K01UW1;11.2875;;;21-Jan-2026

DSP Mutual Fund
152183;DSP Gold ETF Fund of Fund - Direct - Growth;INF740KA1TK6;;25.7341;;;21-Jan-2026
152184;DSP Gold ETF Fund of Fund - Direct - IDCW;INF740KA1TL4;INF740KA1TM2;25.7341;;;21-Jan-2026
152182;DSP Gold ETF Fund of Fund - Regular - Growth;INF740KA1TH2;;25.5262;;;21-Jan-2026
152181;DSP Gold ETF Fund of Fund - Regular - IDCW;INF740KA1TI0;INF740KA1TJ8;25.5262;;;21-Jan-2026

Groww Mutual Fund
153745;Groww BSE Power ETF FOF Direct Growth;INF666M01LN4;;9.2522;;;21-Jan-2026
153746;Groww BSE Power ETF FOF Direct IDCW;INF666M01LO2;INF666M01LP9;9.2522;;;21-Jan-2026
153748;Groww BSE Power ETF FOF Regular Growth;INF666M01LQ7;;9.2327;;;21-Jan-2026
153747;Groww BSE Power ETF FOF Regular IDCW;INF666M01LR5;INF666M01LS3;9.2327;;;21-Jan-2026
152980;Groww Gold ETF FOF - DIRECT - GROWTH;INF666M01IX9;;19.4033;;;21-Jan-2026
153004;Groww Gold ETF FOF - DIRECT - IDCW;INF666M01IY7;INF666M01IZ4;19.4032;;;21-Jan-2026
153006;Groww Gold ETF FOF - REGULAR - GROWTH;INF666M01JA5;;19.3263;;;21-Jan-2026
153005;Groww Gold ETF FOF - REGULAR - IDCW;INF666M01JB3;INF666M01JC1;19.3282;;;21-Jan-2026
153328;Groww Nifty 200 ETF FOF - Direct - Growth;INF666M01JQ1;;11.668;;;21-Jan-2026
153343;Groww Nifty 200 ETF FOF - Direct - IDCW;INF666M01JR9;INF666M01JS7;11.6679;;;21-Jan-2026
153342;Groww Nifty 200 ETF FOF - Regular - Growth;INF666M01JT5;;11.6104;;;21-Jan-2026
153344;Groww Nifty 200 ETF FOF - Regular - IDCW;INF666M01JU3;INF666M01JW9;11.6104;;;21-Jan-2026
153453;Groww Nifty 500 Momentum 50 ETF FOF - Direct Plan - Growth;INF666M01JX7;;10.0239;;;21-Jan-2026
153454;Groww Nifty 500 Momentum 50 ETF FOF - Direct Plan - IDCW;INF666M01JY5;INF666M01KB1;10.0349;;;21-Jan-2026
153455;Groww Nifty 500 Momentum 50 ETF FOF - Regular Plan - IDCW;INF666M01KH8;INF666M01KI6;9.9902;;;21-Jan-2026
153456;Groww Nifty 500 Momentum 50 ETF FOF - Regular Plan- Growth;INF666M01KC9;;9.9903;;;21-Jan-2026
153908;Groww Nifty Capital Markets ETF FOF Direct Growth;INF666M01MG6;;9.6431;;;21-Jan-2026
153917;Groww Nifty Capital Markets ETF FOF Direct IDCW;INF666M01MH4;INF666M01MI2;9.6431;;;21-Jan-2026
153918;Groww Nifty Capital Markets ETF FOF Regular Growth;INF666M01MJ0;;9.6362;;;21-Jan-2026
153919;Groww Nifty Capital Markets ETF FOF Regular IDCW;INF666M01MK8;INF666M01ML6;9.6363;;;21-Jan-2026
152771;Groww Nifty EV & New Age Automotive ETF FOF - Direct Plan - IDCW;INF666M01IM2;INF666M01IN0;8.9922;;;21-Jan-2026
152773;Groww Nifty EV & New Age Automotive ETF FOF - Regular Plan - Growth;INF666M01II0;;8.9358;;;21-Jan-2026
152772;Groww Nifty EV & New Age Automotive ETF FOF - Regular Plan - IDCW;INF666M01IJ8;INF666M01IK6;8.9359;;;21-Jan-2026
152770;Groww Nifty EV & New Age Automotive ETF FOF- Direct Plan - Growth;INF666M01IL4;;8.9918;;;21-Jan-2026
152926;Groww Nifty India Defence ETF FOF - Direct - IDCW;INF666M01IR1;INF666M01IS9;10.9905;;;21-Jan-2026
152925;Groww Nifty India Defence ETF FOF - Direct Growth;INF666M01IQ3;;10.9903;;;21-Jan-2026
152927;Groww Nifty India Defence ETF FOF - Regular - Growth;INF666M01IT7;;10.933;;;21-Jan-2026
152928;Groww Nifty India Defence ETF FOF - Regular - IDCW;INF666M01IU5;INF666M01IV3;10.9317;;;21-Jan-2026
153626;Groww Nifty India Internet ETF FOF - Direct - Growth;INF666M01LC7;;9.873;;;21-Jan-2026
153632;Groww Nifty India Internet ETF FOF - Direct - IDCW;INF666M01LD5;INF666M01LE3;9.873;;;21-Jan-2026
153633;Groww Nifty India Internet ETF FOF - Regular - Growth;INF666M01LF0;;9.8478;;;21-Jan-2026
153631;Groww Nifty India Internet ETF FOF - Regular - IDCW;INF666M01LG8;INF666M01LH6;9.8478;;;21-Jan-2026
153525;Groww Silver ETF FOF - Direct - Growth;INF666M01KQ9;;30.7267;;;21-Jan-2026
153526;Groww Silver ETF FOF - Direct - IDCW;INF666M01KR7;INF666M01KS5;30.7331;;;21-Jan-2026
153527;Groww Silver ETF FOF - Regular - Growth;INF666M01KX5;;30.6379;;;21-Jan-2026
153528;Groww Silver ETF FOF - Regular - IDCW;INF666M01KY3;INF666M01KZ0;30.6393;;;21-Jan-2026

ICICI Prudential Mutual Fund
143904;ICICI Prudential BHARAT 22 FOF - Cumulative Option;INF109KC1FW3;;33.7187;;;21-Jan-2026
143903;ICICI Prudential BHARAT 22 FOF - Direct Plan Cumulative Option;INF109KC1FX1;;33.7310;;;21-Jan-2026
149331;ICICI Prudential BSE 500 ETF FOF - Direct Plan - Growth;INF109KC1V91;;15.6703;;;21-Jan-2026
149333;ICICI Prudential BSE 500 ETF FOF - Direct Plan - IDCW;INF109KC1W09;INF109KC1W17;15.6700;;;21-Jan-2026
149334;ICICI Prudential BSE 500 ETF FOF - Growth;INF109KC1V67;;15.3640;;;21-Jan-2026
149332;ICICI Prudential BSE 500 ETF FOF - IDCW;INF109KC1V75;INF109KC1V83;15.3640;;;21-Jan-2026
120702;ICICI Prudential Diversified Debt Strategy Active FOF  - Direct Plan - Growth;INF109K01X73;;48.0872;;;21-Jan-2026
120703;ICICI Prudential Diversified Debt Strategy Active FOF - Direct Plan -  IDCW;INF109K01X57;INF109K01X65;42.3357;;;21-Jan-2026
102141;ICICI Prudential Diversified Debt Strategy Active FOF - Growth;INF109K01878;;46.1605;;;21-Jan-2026
102143;ICICI Prudential Diversified Debt Strategy Active FOF - IDCW;INF109K01FS0;INF109K01886;40.2638;;;21-Jan-2026
120313;ICICI Prudential Income plus Arbitrage Omni FOF - Direct Plan - Growth;INF109K01W82;;69.1637;;;21-Jan-2026
120314;ICICI Prudential Income plus Arbitrage Omni FOF - Direct Plan - IDCW;INF109K01W66;INF109K01W74;53.4834;;;21-Jan-2026
102139;ICICI Prudential Income Plus Arbitrage Omni FOF - Growth;INF109K01811;;64.3327;;;21-Jan-2026
102140;ICICI Prudential Income plus Arbitrage Omni FOF - IDCW;INF109K01EB9;INF109K01829;49.3650;;;21-Jan-2026
120243;ICICI Prudential Multi Sector Passive FOF - Direct Plan -  IDCW;INF109K01W33;INF109K01W41;137.4032;;;21-Jan-2026
120242;ICICI Prudential Multi Sector Passive FOF - Direct Plan - Growth;INF109K01W58;;174.4917;;;21-Jan-2026
102133;ICICI Prudential Multi Sector Passive FOF - Growth;INF109K01795;;166.5622;;;21-Jan-2026
102134;ICICI Prudential Multi Sector Passive FOF - IDCW;INF109K01DW7;INF109K01803;129.7729;;;21-Jan-2026
148822;ICICI Prudential Nifty 100 Low Volatility 30 ETF FOF - Direct Plan - Growth;INF109KC1P81;;18.7263;;;21-Jan-2026
148823;ICICI Prudential Nifty 100 Low Volatility 30 ETF FOF - Direct Plan - IDCW;INF109KC1Q07;INF109KC1P99;18.7263;;;21-Jan-2026
148821;ICICI Prudential Nifty 100 Low Volatility 30 ETF FOF - Growth;INF109KC1P57;;18.3388;;;21-Jan-2026
148824;ICICI Prudential Nifty 100 Low Volatility 30 ETF FOF - IDCW;INF109KC1P73;INF109KC1P65;18.3389;;;21-Jan-2026
149158;ICICI Prudential Nifty Alpha Low - Volatility 30 ETF FOF - Direct Plan - Growth;INF109KC1R89;;14.8347;;;21-Jan-2026
149160;ICICI Prudential Nifty Alpha Low - Volatility 30 ETF FOF - Direct Plan - IDCW;INF109KC1S05;INF109KC1R97;14.8343;;;21-Jan-2026
149157;ICICI Prudential Nifty Alpha Low - Volatility 30 ETF FOF - Growth;INF109KC1R55;;14.5430;;;21-Jan-2026
149159;ICICI Prudential Nifty Alpha Low - Volatility 30 ETF FOF - IDCW;INF109KC1R71;INF109KC1R63;14.5429;;;21-Jan-2026
153394;ICICI Prudential Nifty EV & New Age Automotive ETF FOF - Direct Plan - Growth;INF109K1A120;;11.1637;;;21-Jan-2026
153395;ICICI Prudential Nifty EV & New Age Automotive ETF FOF - Direct Plan - IDCW;INF109K1A146;INF109K1A138;11.1637;;;21-Jan-2026
153396;ICICI Prudential Nifty EV & New Age Automotive ETF FOF - Growth;INF109K1A096;;11.1238;;;21-Jan-2026
153393;ICICI Prudential Nifty EV & New Age Automotive ETF FOF - IDCW;INF109K1A112;INF109K1A104;11.1238;;;21-Jan-2026
120685;ICICI Prudential Regular Gold Savings Fund (FOF) - Direct Plan -  Growth;INF109K01U92;;51.1743;;;21-Jan-2026
120686;ICICI Prudential Regular Gold Savings Fund (FOF) - Direct Plan -  IDCW;INF109K01U76;INF109K01U84;51.1791;;;21-Jan-2026
115833;ICICI Prudential Regular Gold Savings Fund (FOF) - Growth;INF109K01TK8;;49.3684;;;21-Jan-2026
115834;ICICI Prudential Regular Gold Savings Fund (FOF) - IDCW;INF109K01TM4;INF109K01TL6;49.3693;;;21-Jan-2026
149775;ICICI PRUDENTIAL SILVER ETF FUND OF FUND - Direct Plan - Growth;INF109KC1Y98;;49.4694;;;21-Jan-2026
149776;ICICI PRUDENTIAL SILVER ETF FUND OF FUND - Direct Plan - IDCW;INF109KC1Z06;INF109KC1Z14;49.4699;;;21-Jan-2026
149777;ICICI PRUDENTIAL SILVER ETF FUND OF FUND - Growth;INF109KC1Y64;;48.5048;;;21-Jan-2026
149778;ICICI PRUDENTIAL SILVER ETF FUND OF FUND - IDCW;INF109KC1Y72;INF109KC1Y80;48.5040;;;21-Jan-2026

Kotak Mahindra Mutual Fund
114758;Kotak Gold Fund Growth;INF174K01AT3;;61.1631;;;21-Jan-2026
119781;Kotak Gold Fund Growth - Direct;INF174K01MP6;;64.5475;;;21-Jan-2026
114757;Kotak Gold Fund Payout of Income Distribution cum capital withdrawal option;INF174K01AU1;INF174K01AV9;61.1631;;;21-Jan-2026
119780;Kotak Gold Fund Payout of Income Distribution cum capital withdrawal option- Direct;INF174K01MQ4;INF174K01MR2;64.5469;;;21-Jan-2026
153921;Kotak Gold Silver Passive FOF - Direct Plan - Growth;INF174KA1XT4;;18.331;;;21-Jan-2026
153922;Kotak Gold Silver Passive FOF - Regular Plan - Growth;INF174KA1XU2;;18.318;;;21-Jan-2026
150820;Kotak Income Plus Arbitrage Omni  FOF-Regular Plan-Growth;INF174KA1KG8;;12.6884;;;21-Jan-2026
150822;Kotak Income Plus Arbitrage Omni FOF-Direct Plan-Growth;INF174KA1KJ2;;12.7427;;;21-Jan-2026
150823;Kotak Income Plus Arbitrage Omni FOF-Direct Plan-IDCW;INF174KA1KK0;INF174KA1KL8;12.7429;;;21-Jan-2026
150821;Kotak Income Plus Arbitrage Omni FOF-Regular Plan-IDCW;INF174KA1KH6;INF174KA1KI4;12.6882;;;21-Jan-2026
151603;Kotak Silver ETF Fund of Fund - Direct Plan - Growth Option;INF174KA1MQ3;;41.8344;;;21-Jan-2026
151602;Kotak Silver ETF Fund of Fund - Regular Plan - Growth Option;INF174KA1MR1;;41.2992;;;21-Jan-2026

LIC Mutual Fund
151974;LIC MF Gold ETF Fund of Fund-Direct Plan-Growth;INF397L01BU4;;44.7538;;;21-Jan-2026
151973;LIC MF Gold ETF Fund of Fund-Regular Plan-Growth;INF397L01992;;42.3702;;;21-Jan-2026

Mahindra Manulife Mutual Fund
154007;Mahindra Manulife Income Plus Arbitrage Active FOF  - Direct - Growth;INF174V01CU4;;10.0429;;;21-Jan-2026
154008;Mahindra Manulife Income Plus Arbitrage Active FOF - Direct - IDCW;INF174V01CV2;INF174V01CW0;10.0429;;;21-Jan-2026
154006;Mahindra Manulife Income Plus Arbitrage Active FOF - Regular - Growth;INF174V01CR0;;10.0353;;;21-Jan-2026
154005;Mahindra Manulife Income Plus Arbitrage Active FOF - Regular - IDCW;INF174V01CS8;INF174V01CT6;10.0353;;;21-Jan-2026

Mirae Asset Mutual Fund
153380;Mirae Asset BSE 200 Equal Weight ETF Fund of Fund - Direct Plan - Growth;INF769K01OE3;;11.035;;;21-Jan-2026
153381;Mirae Asset BSE 200 Equal Weight ETF Fund of Fund - Direct Plan - IDCW;INF769K01OG8;INF769K01OF0;11.033;;;21-Jan-2026
153382;Mirae Asset BSE 200 Equal Weight ETF Fund of Fund - Regular Plan - Growth;INF769K01OB9;;10.985;;;21-Jan-2026
153383;Mirae Asset BSE 200 Equal Weight ETF Fund of Fund - Regular Plan - IDCW;INF769K01OD5;INF769K01OC7;10.985;;;21-Jan-2026
153385;Mirae Asset BSE Select IPO ETF Fund of Fund - Direct Plan - Growth;INF769K01OK0;;10.476;;;21-Jan-2026
153386;Mirae Asset BSE Select IPO ETF Fund of Fund - Direct Plan - IDCW;INF769K01OM6;INF769K01OL8;10.474;;;21-Jan-2026
153387;Mirae Asset BSE Select IPO ETF Fund of Fund - Regular Plan - Growth;INF769K01OH6;;10.444;;;21-Jan-2026
153388;Mirae Asset BSE Select IPO ETF Fund of Fund - Regular Plan - IDCW;INF769K01OJ2;INF769K01OI4;10.427;;;21-Jan-2026
148500;Mirae Asset Diversified Equity Allocator Passive FOF - Direct Plan - Growth;INF769K01GE9;;24.989;;;21-Jan-2026
148501;Mirae Asset Diversified Equity Allocator Passive FOF - Direct Plan - IDCW;INF769K01GD1;INF769K01GF6;25.009;;;21-Jan-2026
148502;Mirae Asset Diversified Equity Allocator Passive FOF - Regular Plan - Growth;INF769K01GB5;;24.888;;;21-Jan-2026
148503;Mirae Asset Diversified Equity Allocator Passive FOF - Regular Plan - IDCW;INF769K01GA7;INF769K01GC3;24.891;;;21-Jan-2026
153007;Mirae Asset Gold ETF Fund of Fund - Direct Plan - Growth;INF769K01MV1;;20.389;;;21-Jan-2026
153008;Mirae Asset Gold ETF Fund of Fund - Direct Plan - IDCW;INF769K01MW9;INF769K01MX7;20.388;;;21-Jan-2026
153009;Mirae Asset Gold ETF Fund of Fund - Regular Plan - Growth;INF769K01MS7;;20.267;;;21-Jan-2026
153010;Mirae Asset Gold ETF Fund of Fund - Regular Plan - IDCW;INF769K01MT5;INF769K01MU3;20.254;;;21-Jan-2026
153812;Mirae Asset Gold Silver Passive FoF - Direct Plan - Growth;INF769K01PM3;;20.319;;;21-Jan-2026
153813;Mirae Asset Gold Silver Passive FoF - Direct Plan - IDCW;INF769K01PO9;INF769K01PN1;20.318;;;21-Jan-2026
153814;Mirae Asset Gold Silver Passive FoF - Regular Plan - Growth;INF769K01PP6;;20.266;;;21-Jan-2026
153815;Mirae Asset Gold Silver Passive FoF - Regular Plan - IDCW;INF769K01PL5;INF769K01PK7;20.263;;;21-Jan-2026
149380;Mirae Asset Hang Seng TECH ETF Fund of Fund Regular Plan - Growth Option;INF769K01HT5;;13.692;;;21-Jan-2026
149381;Mirae AssetHang Seng TECH ETF Fund of Fund Direct Plan - Growth Option;INF769K01HU3;;13.953;;;21-Jan-2026
153638;Mirae Asset Income plus Arbitrage Active FOF - Direct Plan - Growth;INF769K01OY1;;10.309;;;21-Jan-2026
153639;Mirae Asset Income plus Arbitrage Active FOF - Direct Plan - IDCW;INF769K01PA8;INF769K01OZ8;10.309;;;21-Jan-2026
153640;Mirae Asset Income plus Arbitrage Active FOF - Regular Plan - Growth;INF769K01OV7;;10.293;;;21-Jan-2026
153641;Mirae Asset Income plus Arbitrage Active FOF - Regular Plan - IDCW;INF769K01OX3;INF769K01OW5;10.293;;;21-Jan-2026
148575;Mirae Asset Nifty 100 ESG Sector Leaders Fund  of Fund Direct IDCW;INF769K01GP5;INF769K01GR1;19.028;;;21-Jan-2026
148573;Mirae Asset Nifty 100 ESG Sector Leaders Fund  of Fund Regular IDCW;INF769K01GM2;INF769K01GO8;18.650;;;21-Jan-2026
148574;Mirae Asset Nifty 100 ESG Sector Leaders Fund of Fund Direct Growth;INF769K01GQ3;;19.032;;;21-Jan-2026
148576;Mirae Asset Nifty 100 ESG Sector Leaders Fund of Fund Regular Growth;INF769K01GN0;;18.687;;;21-Jan-2026
149790;Mirae Asset Nifty India Manufacturing ETF FOF - Direct Plan - Growth;INF769K01HZ2;;18.747;;;21-Jan-2026
149787;Mirae Asset Nifty India Manufacturing ETF FOF - Direct Plan- IDCW;INF769K01HY5;INF769K01IA3;18.748;;;21-Jan-2026
149788;Mirae Asset Nifty India Manufacturing ETF FOF - Regular Plan - Growth;INF769K01HW9;;18.459;;;21-Jan-2026
149789;Mirae Asset Nifty India Manufacturing ETF FOF - Regular Plan - IDCW;INF769K01HV1;INF769K01HX7;18.528;;;21-Jan-2026
153192;Mirae Asset Nifty India New Age Consumption ETF Fund of Fund - Direct Plan - Growth;INF769K01NP1;;9.188;;;21-Jan-2026
153193;Mirae Asset Nifty India New Age Consumption ETF Fund of Fund - Direct Plan - IDCW;INF769K01NR7;INF769K01NQ9;9.188;;;21-Jan-2026
153194;Mirae Asset Nifty India New Age Consumption ETF Fund of Fund - Regular Plan - Growth;INF769K01NM8;;9.152;;;21-Jan-2026
153195;Mirae Asset Nifty India New Age Consumption ETF Fund of Fund - Regular Plan - IDCW;INF769K01NO4;INF769K01NN6;9.153;;;21-Jan-2026
152645;Mirae Asset Nifty MidSmallcap400 Momentum Quality 100 ETF Fund of Fund - Direct Plan - Growth;INF769K01LN0;;9.235;;;21-Jan-2026
152646;Mirae Asset Nifty MidSmallcap400 Momentum Quality 100 ETF Fund of Fund - Direct Plan - IDCW;INF769K01LO8;INF769K01LP5;9.234;;;21-Jan-2026
152647;Mirae Asset Nifty MidSmallcap400 Momentum Quality 100 ETF Fund of Fund - Regular Plan - Growth;INF769K01LK6;;9.154;;;21-Jan-2026
152648;Mirae Asset Nifty MidSmallcap400 Momentum Quality 100 ETF Fund of Fund - Regular Plan - IDCW;INF769K01LL4;INF769K01LM2;9.158;;;21-Jan-2026
152459;Mirae Asset Nifty Smallcap 250 Momentum Quality 100 ETF Fund of Fund - Direct Plan - Growth;INF769K01LG4;;9.156;;;21-Jan-2026
152456;Mirae Asset Nifty Smallcap 250 Momentum Quality 100 ETF Fund of Fund - Direct Plan - IDCW;INF769K01LH2;INF769K01LI0;9.155;;;21-Jan-2026
152457;Mirae Asset Nifty Smallcap 250 Momentum Quality 100 ETF Fund of Fund - Regular Plan - Growth;INF769K01LD1;;9.071;;;21-Jan-2026
152458;Mirae Asset Nifty Smallcap 250 Momentum Quality 100 ETF Fund of Fund - Regular Plan - IDCW;INF769K01LE9;INF769K01LF6;9.073;;;21-Jan-2026
152718;Mirae Asset Nifty200 Alpha 30 ETF Fund of Fund - Direct Plan - Growth;INF769K01LU5;;8.471;;;21-Jan-2026
152719;Mirae Asset Nifty200 Alpha 30 ETF Fund of Fund - Direct Plan - IDCW;INF769K01LV3;INF769K01LW1;8.476;;;21-Jan-2026
152720;Mirae Asset Nifty200 Alpha 30 ETF Fund of Fund - Regular Plan - Growth;INF769K01LR1;;8.417;;;21-Jan-2026
152721;Mirae Asset Nifty200 Alpha 30 ETF Fund of Fund - Regular Plan - IDCW;INF769K01LS9;INF769K01LT7;8.410;;;21-Jan-2026

SBI Mutual Fund
119789;SBI Gold Fund - Direct Plan - Income Distribution cum Capital Withdrawal Option (IDCW);INF200K01RN3;INF200K01RO1;49.5500;;;21-Jan-2026
115677;SBI Gold Fund - Regular Plan - Income Distribution cum Capital Withdrawal Option (IDCW);INF200K01HB9;INF200K01HC7;47.3743;;;21-Jan-2026
115676;SBI GOLD FUND REGULAR PLAN - GROWTH;INF200K01HA1;;47.3614;;;21-Jan-2026
119788;SBI GOLD FUND- DIRECT PLAN - GROWTH;INF200K01RP8;;49.6214;;;21-Jan-2026
153498;SBI Income Plus Arbitrage Active FOF- Direct Plan- Growth;INF200KB1753;;10.3682;;;21-Jan-2026
153501;SBI Income Plus Arbitrage Active FOF- Direct Plan- Income Distribution Cum Capital Withdrawal Option;INF200KB1761;INF200KB1779;10.3681;;;21-Jan-2026
153500;SBI Income Plus Arbitrage Active FOF- Regular Plan- Growth;INF200KB1720;;10.3551;;;21-Jan-2026
153499;SBI Income Plus Arbitrage Active FOF- Regular Plan- Income Distribution Cum Capital Withdrawal Option;INF200KB1738;INF200KB1746;10.3552;;;21-Jan-2026
152734;SBI Silver ETF FOF- Regular Plan - Income Distribution Cum Capital Withdrawal Option (IDCW);INF200KB1225;INF200KB1274;34.2181;;;21-Jan-2026
152735;SBI Silver ETF Fund of Fund- Direct Plan - Growth;INF200KB1233;;34.4068;;;21-Jan-2026
152736;SBI Silver ETF Fund of Fund- Direct Plan - Income Distribution Cum Capital Withdrawal Option (IDCW);INF200KB1241;INF200KB1258;34.4069;;;21-Jan-2026
152733;SBI Silver ETF Fund of Fund- Regular Plan - Growth;INF200KB1266;;34.2170;;;21-Jan-2026

Zerodha Mutual Fund
153011;Zerodha Gold ETF FoF-Direct Plan - Growth Option;INF0R8F01083;;21.2792;;;21-Jan-2026
153757;Zerodha Multi Asset Passive FoF - Direct - Growth;INF0R8F01117;;11.5052;;;21-Jan-2026
153656;Zerodha Silver ETF FoF - Direct Growth;INF0R8F01109;;29.5386;;;21-Jan-2026

Open Ended Schemes ( Equity Scheme - Flexi Cap Fund )


Abakkus Mutual Fund
154043;Abakkus Flexi Cap Fund - Direct - Growth;INF2JJD01136;;9.7910;;;21-Jan-2026
154045;Abakkus Flexi Cap Fund - Direct - IDCW;INF2JJD01128;INF2JJD01110;9.7910;;;21-Jan-2026
154041;Abakkus Flexi Cap Fund - Regular - Growth;INF2JJD01169;;9.7810;;;21-Jan-2026
154042;Abakkus Flexi Cap Fund - Regular - IDCW;INF2JJD01151;INF2JJD01144;9.7810;;;21-Jan-2026

Bajaj Finserv Mutual Fund
151898;Bajaj Finserv Flexi Cap Fund -Regular Plan-Growth;INF0QA701383;;14.326;;;21-Jan-2026
151895;Bajaj Finserv Flexi Cap Fund-Direct Plan-Growth;INF0QA701342;;14.828;;;21-Jan-2026
151896;Bajaj Finserv Flexi Cap Fund-Direct Plan-IDCW;INF0QA701359;INF0QA701367;14.828;;;21-Jan-2026
151897;Bajaj Finserv Flexi Cap Fund-Regular Plan-IDCW;INF0QA701409;INF0QA701417;14.326;;;21-Jan-2026

Bank of India Mutual Fund
148404;BANK OF INDIA Flexi Cap Fund Direct Plan -Growth;INF761K01FF5;;36.91;;;21-Jan-2026
148406;BANK OF INDIA Flexi Cap Fund Direct Plan -IDCW;INF761K01FE8;INF761K01FG3;31.54;;;21-Jan-2026
148405;BANK OF INDIA Flexi Cap Fund Regular Plan -Growth;INF761K01FI9;;33.84;;;21-Jan-2026
148407;BANK OF INDIA Flexi Cap Fund Regular Plan -IDCW;INF761K01FH1;INF761K01FJ7;30.74;;;21-Jan-2026

Baroda BNP Paribas Mutual Fund
150387;Baroda BNP Paribas Flexi Cap Fund - Direct Plan - Growth Option;INF251K01QZ2;;15.9422;;;21-Jan-2026
150388;Baroda BNP Paribas Flexi Cap Fund - Direct Plan - IDCW Option;INF251K01RA3;INF251K01RB1;14.5434;;;21-Jan-2026
150385;Baroda BNP Paribas Flexi Cap Fund - Regular Plan - Growth Option;INF251K01QW9;;15.1957;;;21-Jan-2026
150386;Baroda BNP Paribas Flexi Cap Fund - Regular Plan - IDCW Option;INF251K01QX7;INF251K01QY5;13.8638;;;21-Jan-2026

Capitalmind Mutual Fund
153738;CAPITALMIND FLEXI CAP FUND DIRECT GROWTH;INF226401018;;10.0958;;;21-Jan-2026
153739;CAPITALMIND FLEXI CAP FUND REGULAR GROWTH;INF226401026;;10.0301;;;21-Jan-2026

DSP Mutual Fund
119076;DSP Flexi Cap Fund - Direct Plan - Growth;INF740K01PI2;;112.557;;;21-Jan-2026
119077;DSP Flexi Cap Fund - Direct Plan - IDCW;INF740K01PJ0;INF740K01PK8;90.339;;;21-Jan-2026
105875;DSP Flexi Cap Fund - Regular Plan - Growth;INF740K01037;;100.69;;;21-Jan-2026
100080;DSP Flexi Cap Fund - Regular Plan - IDCW;INF740K01011;INF740K01029;62.3;;;21-Jan-2026

Franklin Templeton Mutual Fund
118535;Franklin India Flexi Cap Fund - Direct - Growth;INF090I01FK3;;1790.8253;;;21-Jan-2026
118534;Franklin India Flexi Cap Fund - Direct - IDCW ;INF090I01FL1;INF090I01FM9;74.5700;;;21-Jan-2026
100520;Franklin India Flexi Cap Fund - Growth;INF090I01239;;1602.0863;;;21-Jan-2026
100519;Franklin India Flexi Cap Fund - IDCW ;INF090I01213;INF090I01221;66.0576;;;21-Jan-2026

Helios Mutual Fund
152135;Helios Flexi Cap Fund - Direct Plan - Growth Option;INF0R8701046;;14.64;;;21-Jan-2026
152138;Helios Flexi Cap Fund - Direct Plan - IDCW Option;INF0R8701053;INF0R8701061;14.64;;;21-Jan-2026
152136;Helios Flexi Cap Fund - Regular Plan - Growth Option;INF0R8701012;;14.18;;;21-Jan-2026
152137;Helios Flexi Cap Fund - Regular Plan - IDCW Option;INF0R8701020;INF0R8701038;14.18;;;21-Jan-2026

ICICI Prudential Mutual Fund
148990;ICICI Prudential Flexicap Fund - Direct Plan - Growth;INF109KC1R14;;19.88;;;21-Jan-2026
148991;ICICI Prudential Flexicap Fund - Direct Plan - IDCW;INF109KC1R22;INF109KC1R30;16.82;;;21-Jan-2026
148989;ICICI Prudential Flexicap Fund - Growth;INF109KC1Q80;;18.87;;;21-Jan-2026
148988;ICICI Prudential Flexicap Fund - IDCW;INF109KC1Q98;INF109KC1R06;15.81;;;21-Jan-2026

ITI Mutual Fund
151379;ITI Flexi Cap Fund- Direct Plan- Growth;INF00XX01CO7;;18.3830;;;21-Jan-2026
151380;ITI Flexi Cap Fund- Direct Plan- IDCW;INF00XX01CP4;INF00XX01CQ2;18.3830;;;21-Jan-2026
151377;ITI Flexi Cap Fund- Regular Plan- Growth;INF00XX01CL3;;17.4718;;;21-Jan-2026
151378;ITI Flexi Cap Fund- Regular Plan- IDCW;INF00XX01CM1;INF00XX01CN9;17.4718;;;21-Jan-2026

Jio BlackRock Mutual Fund
153859;JioBlackRock Flexi Cap Fund - Direct Plan - Growth Option;INF22M001093;;9.86;;;21-Jan-2026

JM Financial Mutual Fund
120492;JM Flexicap Fund (Direct) - Growth Option;INF192K01CC7;;105.7067;;;21-Jan-2026
120491;JM Flexicap Fund (Direct) - IDCW;INF192K01CA1;INF192K01CB9;96.0822;;;21-Jan-2026
109522;JM Flexicap Fund (Regular) - Growth option;INF192K01635;;92.3115;;;21-Jan-2026
109523;JM Flexicap Fund (Regular) - IDCW;INF192K01619;INF192K01627;71.1331;;;21-Jan-2026

Kotak Mahindra Mutual Fund
112090;Kotak Flexicap Fund - Growth;INF174K01336;;85.015;;;21-Jan-2026
120166;Kotak Flexicap Fund - Growth - Direct;INF174K01LS2;;96.186;;;21-Jan-2026
112089;Kotak Flexicap Fund - Payout of Income Distribution cum capital withdrawal option;INF174K01351;INF174K01344;51.336;;;21-Jan-2026
120165;Kotak Flexicap Fund - Payout of Income Distribution cum capital withdrawal option- Direct;INF174K01LQ6;INF174K01LR4;58.742;;;21-Jan-2026

LIC Mutual Fund
120264;LIC MF Flexi Cap Fund-Direct Plan-Growth;INF767K01EG3;;107.1025;;;21-Jan-2026
120263;LIC MF Flexi Cap Fund-Direct Plan-IDCW;INF767K01EF5;INF767K01EH1;36.039;;;21-Jan-2026
100313;LIC MF Flexi Cap Fund-Regular Plan-Growth;INF767K01071;;96.7563;;;21-Jan-2026
100312;LIC MF Flexi Cap Fund-Regular Plan-IDCW;INF767K01063;INF767K01055;30.5326;;;21-Jan-2026

Mahindra Manulife Mutual Fund
149104;Mahindra Manulife Flexi Cap Fund - Direct Plan -Growth;INF174V01AS2;;17.2694;;;21-Jan-2026
149103;Mahindra Manulife Flexi Cap Fund - Direct Plan -IDCW;INF174V01AU8;INF174V01AT0;14.9408;;;21-Jan-2026
149101;Mahindra Manulife Flexi Cap Fund - Regular Plan -Growth;INF174V01AP8;;15.9388;;;21-Jan-2026
149102;Mahindra Manulife Flexi Cap Fund - Regular Plan -IDCW;INF174V01AR4;INF174V01AQ6;13.6621;;;21-Jan-2026

Mirae Asset Mutual Fund
151413;Mirae Asset Flexi Cap Fund - Direct Plan -  IDCW;INF769K01JI4;INF769K01JK0;16.519;;;21-Jan-2026
151412;Mirae Asset Flexi Cap Fund - Direct Plan - Growth;INF769K01JJ2;;16.568;;;21-Jan-2026
151414;Mirae Asset Flexi Cap Fund - Regular Plan - Growth;INF769K01JG8;;15.869;;;21-Jan-2026
151415;Mirae Asset Flexi Cap Fund - Regular Plan - IDCW;INF769K01JF0;INF769K01JH6;15.875;;;21-Jan-2026

Navi Mutual Fund
143793;Navi Flexi Cap Fund - Direct Plan - Growth;INF959L01DT9;;26.1216;;;21-Jan-2026
143798;NAVI FLEXI CAP FUND - DIRECT PLAN ANNUAL IDCW PAYOUT;INF959L01EC3;INF959L01ED1;25.9221;;;21-Jan-2026
143797;NAVI FLEXI CAP FUND - DIRECT PLAN HALF YEARLY IDCW PAYOUT;INF959L01EA7;INF959L01EB5;25.9228;;;21-Jan-2026
143796;NAVI FLEXI CAP FUND - DIRECT PLAN MONTHLY IDCW PAYOUT;INF959L01DW3;INF959L01DX1;25.9173;;;21-Jan-2026
143792;NAVI FLEXI CAP FUND - DIRECT PLAN NORMAL IDCW PAYOUT;INF959L01DU7;INF959L01DV5;25.8899;;;21-Jan-2026
143791;NAVI FLEXI CAP FUND - DIRECT PLAN QUARTERLY IDCW PAYOUT;INF959L01DY9;INF959L01DZ6;25.9426;;;21-Jan-2026
143787;Navi Flexi Cap Fund - Regular Plan - Growth;INF959L01EE9;;22.5401;;;21-Jan-2026
143795;NAVI FLEXI CAP FUND - REGULAR PLAN ANNUAL IDCW PAYOUT;INF959L01EN0;INF959L01EO8;22.5407;;;21-Jan-2026
143794;NAVI FLEXI CAP FUND - REGULAR PLAN HALF YEARLY IDCW PAYOUT;INF959L01EL4;INF959L01EM2;22.5436;;;21-Jan-2026
143790;NAVI FLEXI CAP FUND - REGULAR PLAN MONTHLY IDCW PAYOUT;INF959L01EH2;INF959L01EI0;22.549;;;21-Jan-2026
143789;NAVI FLEXI CAP FUND - REGULAR PLAN NORMAL IDCW PAYOUT;INF959L01EF6;INF959L01EG4;22.5434;;;21-Jan-2026
143788;NAVI FLEXI CAP FUND - REGULAR PLAN QUARTERLY IDCW PAYOUT;INF959L01EJ8;INF959L01EK6;22.5376;;;21-Jan-2026

quant Mutual Fund
109830;quant Flexi Cap Fund - Growth Option - Regular Plan;INF966L01457;;92.6023;;;21-Jan-2026
120843;quant Flexi Cap Fund - Growth Option-Direct Plan;INF966L01911;;103.5158;;;21-Jan-2026
120842;quant Flexi Cap Fund - IDCW Option - Direct Plan;INF966L01895;INF966L01903;70.3647;;;21-Jan-2026
109831;quant Flexi Cap Fund - IDCW Option - Regular Plan;INF966L01432;INF966L01440;66.1846;;;21-Jan-2026

Shriram Mutual Fund
144905;Shriram Flexi Cap Fund - Direct Growth;INF680P01109;;22.5302;;;21-Jan-2026
144906;Shriram Flexi Cap Fund - Direct-IDCW;INF680P01117;INF680P01125;22.3074;;;21-Jan-2026
144902;Shriram Flexi Cap Fund - Regular Growth;INF680P01075;;19.8012;;;21-Jan-2026
144903;Shriram Flexi Cap Fund - Regular-IDCW;INF680P01083;INF680P01091;19.7969;;;21-Jan-2026

Sundaram Mutual Fund
150571;Sundaram Flexicap Fund Direct Growth;INF903JA1LE2;;15.4610;;;21-Jan-2026
150573;Sundaram Flexicap Fund Direct Plan IDCW Payout;INF903JA1LF9;;13.7905;;;21-Jan-2026
150572;Sundaram Flexicap Fund Direct Plan IDCW Reinvestment;;INF903JA1LG7;13.7905;;;21-Jan-2026
150568;Sundaram Flexicap Fund Regular Growth;INF903JA1LB8;;14.6761;;;21-Jan-2026
150569;Sundaram Flexicap Fund Regular Plan IDCW Payout;INF903JA1LC6;;13.0812;;;21-Jan-2026
150570;Sundaram Flexicap Fund Regular Plan IDCW Reinvestment;;INF903JA1LD4;13.0812;;;21-Jan-2026

Taurus Mutual Fund
118884;Taurus Flexi Cap Fund - Direct Plan -  Payout of Income Distribution cum Capital Withdrawal option;INF044D01BV7;INF044D01BW5;112.07;;;21-Jan-2026
118883;Taurus Flexi Cap Fund - Direct Plan - Growth;INF044D01BU9;;222.14;;;21-Jan-2026
100476;Taurus Flexi Cap Fund - Regular Plan - Growth ;INF044D01989;;213.45;;;21-Jan-2026
111640;Taurus Flexi Cap Fund - Regular Plan - Payout of Income Distribution cum Capital Withdrawal option;INF044D01955;INF044D01963;103.58;;;21-Jan-2026

Trust Mutual Fund
152584;TRUSTMF Flexi Cap Fund-Direct Plan- Growth;INF0GCD01743;;11.4;;;21-Jan-2026
152585;TRUSTMF Flexi Cap Fund-Direct Plan- IDCW;INF0GCD01750;INF0GCD01768;11.4;;;21-Jan-2026
152582;TRUSTMF Flexi Cap Fund-Regular Plan- Growth;INF0GCD01719;;11.07;;;21-Jan-2026
152583;TRUSTMF Flexi Cap Fund-Regular Plan- IDCW;INF0GCD01727;INF0GCD01735;11.07;;;21-Jan-2026

Unifi Mutual Fund
153543;Unifi Flexi Cap Fund - Direct Growth;INF1MIY01031;;10.0065;;;21-Jan-2026
153542;Unifi Flexi Cap Fund - Regular Growth;INF1MIY01049;;9.9248;;;21-Jan-2026

WhiteOak Capital Mutual Fund
150349;WhiteOak Capital Flexi Cap Fund Direct Plan IDCW;INF03VN01555;INF03VN01548;18.011;;;21-Jan-2026
150346;WhiteOak Capital Flexi Cap Fund Direct Plan-Growth;INF03VN01530;;18.011;;;21-Jan-2026
150348;WhiteOak Capital Flexi Cap Fund Regular Plan IDCW;INF03VN01522;INF03VN01514;17.113;;;21-Jan-2026
150347;WhiteOak Capital Flexi Cap Fund Regular Plan-Growth;INF03VN01506;;17.113;;;21-Jan-2026

Close Ended Schemes ( Income )


DSP Mutual Fund
149190;DSP FMP Series - 264 - 60M - 17D - Direct - Growth;INF740KA1QH8;;12.9777;;;21-Jan-2026
149191;DSP FMP Series - 264 - 60M - 17D - Direct - IDCW;INF740KA1QI6;INF740KA1QJ4;12.9777;;;21-Jan-2026
149189;DSP FMP Series - 264 - 60M - 17D - Regular - IDCW;INF740KA1QF2;INF740KA1QG0;12.8927;;;21-Jan-2026
149188;DSP FMP Series - 264 - 60M - 17D - Regular Plan - Growth;INF740KA1QE5;;12.8932;;;21-Jan-2026
150842;DSP FMP Series - 267 - 1246 Days - Direct - Growth;INF740KA1RI4;;12.5521;;;21-Jan-2026
150840;DSP FMP Series - 267 - 1246 Days - Direct - IDCW;INF740KA1RK0;INF740KA1RJ2;12.552;;;21-Jan-2026
150843;DSP FMP Series - 267 - 1246 Days - Regular - Growth;INF740KA1RF0;;12.5082;;;21-Jan-2026
150841;DSP FMP Series - 267 - 1246 Days - Regular - IDCW;INF740KA1RH6;INF740KA1RG8;12.5081;;;21-Jan-2026
150885;DSP FMP Series - 268 - 1281 Days - Direct - Growth;INF740KA1RO2;;12.5331;;;21-Jan-2026
150886;DSP FMP Series - 268 - 1281 Days - Direct - IDCW;INF740KA1RQ7;INF740KA1RP9;12.5321;;;21-Jan-2026
150884;DSP FMP Series - 268 - 1281 Days - Regular - Growth;INF740KA1RL8;;12.4739;;;21-Jan-2026
150887;DSP FMP Series - 268 - 1281 Days - Regular - IDCW;INF740KA1RN4;INF740KA1RM6;12.4738;;;21-Jan-2026
151449;DSP FMP Series - 270 - 1144 Days - Direct - Growth;INF740KA1SN2;;12.3187;;;21-Jan-2026
151450;DSP FMP Series - 270 - 1144 Days - Direct - IDCW;INF740KA1SO0;INF740KA1SP7;12.3194;;;21-Jan-2026
151447;DSP FMP Series - 270 - 1144 Days - Regular - Growth;INF740KA1SK8;;12.2829;;;21-Jan-2026
151448;DSP FMP Series - 270 - 1144 Days - Regular - IDCW;INF740KA1SL6;INF740KA1SM4;12.2828;;;21-Jan-2026

ICICI Prudential Mutual Fund
146797;ICICI Prudential Fixed Maturity Plan - Series 85 - 10 Years Plan I - Cumulative Option;INF109KC1VQ2;;17.2622;;;21-Jan-2026
146795;ICICI Prudential Fixed Maturity Plan - Series 85 - 10 Years Plan I - Direct Plan Cumulative Option;INF109KC1VT6;;17.4938;;;21-Jan-2026
146800;ICICI Prudential Fixed Maturity Plan - Series 85 - 10 Years Plan I - Quarterly IDCW Option;INF109KC1VR0;;17.0562;;;21-Jan-2026
150950;ICICI Prudential Fixed Maturity Plan - Series 88 - 1226 Days Plan F - Direct Plan - Growth;INF109KC17M6;;12.4360;;;21-Jan-2026
150953;ICICI Prudential Fixed Maturity Plan - Series 88 - 1226 Days Plan F - Direct Plan - Half Yearly IDCW;INF109KC19M2;;12.2819;;;21-Jan-2026
150952;ICICI Prudential Fixed Maturity Plan - Series 88 - 1226 Days Plan F - Direct Plan - Quarterly IDCW;INF109KC18M4;;12.2280;;;21-Jan-2026
150949;ICICI Prudential Fixed Maturity Plan - Series 88 - 1226 Days Plan F - Growth;INF109KC14M3;;12.3520;;;21-Jan-2026
150954;ICICI Prudential Fixed Maturity Plan - Series 88 - 1226 Days Plan F - Half Yearly IDCW;INF109KC16M8;;12.1980;;;21-Jan-2026
150951;ICICI Prudential Fixed Maturity Plan - Series 88 - 1226 Days Plan F - Quarterly IDCW;INF109KC15M0;;12.1464;;;21-Jan-2026
151493;ICICI Prudential Fixed Maturity Plan - Series 88 - 1303 Days Plan S - Direct Plan - Growth;INF109KC14R2;;12.3959;;;21-Jan-2026
151492;ICICI Prudential Fixed Maturity Plan - Series 88 - 1303 Days Plan S - Direct Plan - IDCW;INF109KC15R9;;12.3960;;;21-Jan-2026
151491;ICICI Prudential Fixed Maturity Plan - Series 88 - 1303 Days Plan S - Growth;INF109KC12R6;;12.3076;;;21-Jan-2026
151494;ICICI Prudential Fixed Maturity Plan - Series 88 - 1303 Days Plan S - IDCW;INF109KC13R4;;12.3076;;;21-Jan-2026

Kotak Mahindra Mutual Fund
149139;Kotak FMP Series 292 - Direct Plan - Growth;INF174KA1HM2;;13.0895;;;21-Jan-2026
149138;Kotak FMP Series 292 - Direct Plan - IDCW Payout;INF174KA1HN0;;13.0894;;;21-Jan-2026
149136;Kotak FMP Series 292 - Regular Plan - Growth;INF174KA1HK6;;12.9161;;;21-Jan-2026
149137;Kotak FMP Series 292 - Regular Plan - IDCW Payout;INF174KA1HL4;;12.9161;;;21-Jan-2026
151174;Kotak FMP Series 300 - Direct Plan - Growth;INF174KA1KX3;;12.4204;;;21-Jan-2026
151175;Kotak FMP Series 300 - Direct Plan - IDCW Payout;INF174KA1KY1;;12.4205;;;21-Jan-2026
151172;Kotak FMP Series 300 - Regular Plan - Growth;INF174KA1KV7;;12.3817;;;21-Jan-2026
151173;Kotak FMP Series 300 - Regular Plan - IDCW Payout;INF174KA1KW5;;12.3821;;;21-Jan-2026
151286;Kotak FMP Series 304-Direct Plan-Growth Option;INF174KA1LP7;;12.7822;;;21-Jan-2026
151287;Kotak FMP Series 304-Direct Plan-Payout of IDCW;INF174KA1LQ5;;12.7809;;;21-Jan-2026
151285;Kotak FMP Series 304-Regular Plan-Growth Option;INF174KA1LN2;;12.7695;;;21-Jan-2026
151288;Kotak FMP Series 304-Regular Plan-Payout of IDCW;INF174KA1LO0;;12.7695;;;21-Jan-2026
151316;Kotak FMP Series 305 - Direct Plan - Growth;INF174KA1LT9;;12.3463;;;21-Jan-2026
151317;Kotak FMP Series 305 - Direct Plan - IDCW;INF174KA1LU7;;12.3463;;;21-Jan-2026
151315;Kotak FMP Series 305 - Regular Plan - Growth;INF174KA1LR3;;12.2907;;;21-Jan-2026
151318;Kotak FMP Series 305 - Regular Plan - IDCW;INF174KA1LS1;;12.2907;;;21-Jan-2026
151681;Kotak FMP Series 308 - Direct Plan - Growth;INF174KA1NG2;;12.4449;;;21-Jan-2026
151682;Kotak FMP Series 308 - Direct Plan - IDCW Payout;INF174KA1NH0;;12.4438;;;21-Jan-2026
151679;Kotak FMP Series 308 - Regular Plan - Growth;INF174KA1NE7;;12.3336;;;21-Jan-2026
151680;Kotak FMP Series 308 - Regular Plan - IDCW Payout;INF174KA1NF4;;12.3336;;;21-Jan-2026
151686;Kotak FMP Series 310 - Direct Plan - Growth Option;INF174KA1NO6;;12.2019;;;21-Jan-2026
151683;Kotak FMP Series 310 - Regular Plan - Growth Option;INF174KA1NM0;;12.115;;;21-Jan-2026
151685;Kotak FMP Series 310 - Regular Plan - IDCW Payout option;INF174KA1NN8;;12.1149;;;21-Jan-2026

SBI Mutual Fund
146974;SBI Fixed Maturity Plan (FMP) - Series 1 (3668 Days) - Direct Plan - Growth;INF200KA1D03;;17.1891;;;21-Jan-2026
146975;SBI Fixed Maturity Plan (FMP) - Series 1 (3668 Days) - Direct Plan - Income Distribution cum Capital Withdrawal Option (IDCW);INF200KA1D11;;17.2039;;;21-Jan-2026
146976;SBI Fixed Maturity Plan (FMP) - Series 1 (3668 Days) - Regular Plan - Growth;INF200KA1C87;;16.9755;;;21-Jan-2026
146973;SBI Fixed Maturity Plan (FMP) - Series 1 (3668 Days) - Regular Plan - Income Distribution cum Capital Withdrawal Option (IDCW);INF200KA1C95;;16.9755;;;21-Jan-2026
148387;SBI Fixed Maturity Plan (FMP) - Series 34 (3682 Days) - Direct Plan - Growth;INF200KA1Q73;;14.3546;;;21-Jan-2026
148388;SBI Fixed Maturity Plan (FMP) - Series 34 (3682 Days) - Direct Plan - Income Distribution cum Capital Withdrawal Option (IDCW);INF200KA1Q81;;14.3546;;;21-Jan-2026
148389;SBI Fixed Maturity Plan (FMP) - Series 34 (3682 Days) - Regular Plan - Growth;INF200KA1Q57;;14.1689;;;21-Jan-2026
148390;SBI Fixed Maturity Plan (FMP) - Series 34 (3682 Days) - Regular Plan - Income Distribution cum Capital Withdrawal Option (IDCW);INF200KA1Q65;;14.1690;;;21-Jan-2026
149043;SBI Fixed Maturity Plan (FMP) - Series 46 (1850 Days) - Direct Plan - Growth;INF200KA1X41;;13.2053;;;21-Jan-2026
149044;SBI Fixed Maturity Plan (FMP) - Series 46 (1850 Days) - Direct Plan - Income Distribution cum Capital Withdrawal Option (IDCW);INF200KA1X58;;13.2053;;;21-Jan-2026
149045;SBI Fixed Maturity Plan (FMP) - Series 46 (1850 Days) - Regular Plan - Growth;INF200KA1X25;;13.1202;;;21-Jan-2026
149042;SBI Fixed Maturity Plan (FMP) - Series 46 (1850 Days) - Regular Plan - Income Distribution cum Capital Withdrawal Option (IDCW);INF200KA1X33;;13.1203;;;21-Jan-2026
149147;SBI Fixed Maturity Plan (FMP) - Series 49 (1823 Days) - Direct Plan - Growth;INF200KA1Z23;;13.0860;;;21-Jan-2026
149144;SBI Fixed Maturity Plan (FMP) - Series 49 (1823 Days) - Direct Plan - Income Distribution cum Capital Withdrawal Option (IDCW);INF200KA1Z31;;13.0860;;;21-Jan-2026
149145;SBI Fixed Maturity Plan (FMP) - Series 49 (1823 Days) - Regular Plan - Growth;INF200KA1Z07;;13.0057;;;21-Jan-2026
149146;SBI Fixed Maturity Plan (FMP) - Series 49 (1823 Days) - Regular Plan - Income Distribution cum Capital Withdrawal Option (IDCW);INF200KA1Z15;;13.0057;;;21-Jan-2026
149174;SBI Fixed Maturity Plan (FMP) - Series 50 (1843 Days) - Direct Plan - Growth;INF200KA1Z64;;12.9552;;;21-Jan-2026
149175;SBI Fixed Maturity Plan (FMP) - Series 50 (1843 Days) - Direct Plan - Income Distribution Capital Withdrawal Option (IDCW);INF200KA1Z72;;12.9552;;;21-Jan-2026
149172;SBI Fixed Maturity Plan (FMP) - Series 50 (1843 Days) - Regular Plan - Growth;INF200KA1Z49;;12.8618;;;21-Jan-2026
149173;SBI Fixed Maturity Plan (FMP) - Series 50 (1843 Days) - Regular Plan -Income Distribution Capital Withdrawal Option (IDCW);INF200KA1Z56;;12.8618;;;21-Jan-2026
149195;SBI Fixed Maturity Plan (FMP) - Series 51 (1846 Days) - Direct Plan - Growth;INF200KA10A7;;12.9438;;;21-Jan-2026
149194;SBI Fixed Maturity Plan (FMP) - Series 51 (1846 Days) - Direct Plan - Income Distribution Capital Withdrawal Option (IDCW);INF200KA11A5;;12.9442;;;21-Jan-2026
149197;SBI Fixed Maturity Plan (FMP) - Series 51 (1846 Days) - Regular Plan - Growth;INF200KA1Z80;;12.8674;;;21-Jan-2026
149196;SBI Fixed Maturity Plan (FMP) - Series 51 (1846 Days) - Regular Plan - Income Distribution Capital Withdrawal Option (IDCW);INF200KA1Z98;;12.8674;;;21-Jan-2026
149232;SBI Fixed Maturity Plan (FMP) - Series 52 (1848 Days) - Direct Plan - Growth;INF200KA14A9;;12.9252;;;21-Jan-2026
149234;SBI Fixed Maturity Plan (FMP) - Series 52 (1848 Days) - Direct Plan - Income Distribution Cum Withdrawal (IDCW);INF200KA15A6;;12.9252;;;21-Jan-2026
149235;SBI Fixed Maturity Plan (FMP) - Series 52 (1848 Days) - Regular Plan - Growth;INF200KA12A3;;12.8514;;;21-Jan-2026
149233;SBI Fixed Maturity Plan (FMP) - Series 52 (1848 Days) - Regular Plan - Income Distribution Cum Withdrawal (IDCW);INF200KA13A1;;12.8514;;;21-Jan-2026
149279;SBI Fixed Maturity Plan (FMP) - Series 53 (1839 Days) - Direct Plan - Growth;INF200KA18A0;;12.9416;;;21-Jan-2026
149277;SBI Fixed Maturity Plan (FMP) - Series 53 (1839 Days) - Direct Plan - Income Distribution Cum Withdrawal Option (IDCW);INF200KA19A8;;12.9416;;;21-Jan-2026
149278;SBI Fixed Maturity Plan (FMP) - Series 53 (1839 Days) - Regular Plan - Growth;INF200KA16A4;;12.8787;;;21-Jan-2026
149280;SBI Fixed Maturity Plan (FMP) - Series 53 (1839 Days) - Regular Plan - Income  Distribution Cum Withdrawal Option (IDCW);INF200KA17A2;;12.8788;;;21-Jan-2026
149307;SBI Fixed Maturity Plan (FMP) - Series 54 (1842 Days) - Direct Plan - Growth;INF200KA12B1;;12.9236;;;21-Jan-2026
149309;SBI Fixed Maturity Plan (FMP) - Series 54 (1842 Days) - Direct Plan - Income Distribution Cum Withdrawal Option (IDCW);INF200KA13B9;;12.9240;;;21-Jan-2026
149308;SBI Fixed Maturity Plan (FMP) - Series 54 (1842 Days) - Regular Plan - Growth;INF200KA10B5;;12.8576;;;21-Jan-2026
149306;SBI Fixed Maturity Plan (FMP) - Series 54 (1842 Days) - Regular Plan - Income Distribution Cum Capital Withdrawal Option (IDCW);INF200KA11B3;;12.8576;;;21-Jan-2026
149345;SBI Fixed Maturity Plan (FMP) - Series 55 (1849 Days) - Direct Plan - Growth;INF200KA16B2;;12.8952;;;21-Jan-2026
149348;SBI Fixed Maturity Plan (FMP) - Series 55 (1849 Days) - Direct Plan - Income Distribution cum Capital Withdrawal Option (IDCW);INF200KA17B0;;12.8952;;;21-Jan-2026
149347;SBI Fixed Maturity Plan (FMP) - Series 55 (1849 Days) - Regular Plan - Growth;INF200KA14B7;;12.8302;;;21-Jan-2026
149346;SBI Fixed Maturity Plan (FMP) - Series 55 (1849 Days) - Regular Plan - Income Distribution Cum Capital Withdrawal Option (IDCW);INF200KA15B4;;12.8302;;;21-Jan-2026
149431;SBI Fixed Maturity Plan (FMP) - Series 57 (1835 Days) - Direct Plan - Growth;INF200KA14C5;;12.8128;;;21-Jan-2026
149430;SBI Fixed Maturity Plan (FMP) - Series 57 (1835 Days) - Direct Plan - Income Distribution cum Capital Withdrawal Option (IDCW);INF200KA15C2;;12.8130;;;21-Jan-2026
149432;SBI Fixed Maturity Plan (FMP) - Series 57 (1835 Days) - Regular Plan - Growth;INF200KA12C9;;12.7492;;;21-Jan-2026
149433;SBI Fixed Maturity Plan (FMP) - Series 57 (1835 Days) - Regular Plan - Income Distribution cum Capital Withdrawal Option (IDCW);INF200KA13C7;;12.7495;;;21-Jan-2026
149460;SBI Fixed Maturity Plan (FMP) - Series 58 (1842 Days) - Direct Plan - Growth;INF200KA18C6;;12.9187;;;21-Jan-2026
149461;SBI Fixed Maturity Plan (FMP) - Series 58 (1842 Days) - Direct Plan - Income Distribution cum Capital withdrawal option (IDCW);INF200KA19C4;;12.9190;;;21-Jan-2026
149459;SBI Fixed Maturity Plan (FMP) - Series 58 (1842 Days) - Regular Plan - Growth;INF200KA16C0;;12.8566;;;21-Jan-2026
149462;SBI Fixed Maturity Plan (FMP) - Series 58 (1842 Days) - Regular Plan - Income Distribution cum Capital withdrawal option (IDCW);INF200KA17C8;;12.8566;;;21-Jan-2026
149822;SBI Fixed Maturity Plan (FMP) - Series 59 (1618 Days) - Direct Plan - Growth;INF200KA19D2;;12.7101;;;21-Jan-2026
149823;SBI Fixed Maturity Plan (FMP) - Series 59 (1618 Days) - Direct Plan - Income Distribution cum Capital Withdrawal Option (IDCW);INF200KA10E9;;12.7097;;;21-Jan-2026
149825;SBI Fixed Maturity Plan (FMP) - Series 59 (1618 Days) - Regular Plan - Growth;INF200KA17D6;;12.6520;;;21-Jan-2026
149824;SBI Fixed Maturity Plan (FMP) - Series 59 (1618 Days) - Regular Plan - Income Distribution cum Capital Withdrawal Option (IDCW);INF200KA18D4;;12.6520;;;21-Jan-2026
147248;SBI Fixed Maturity Plan (FMP) - Series 6 (3668 Days) - Direct Plan - Growth;INF200KA1F27;;16.7247;;;21-Jan-2026
147249;SBI Fixed Maturity Plan (FMP) - Series 6 (3668 Days) - Direct Plan - Income Distribution cum Capital Withdrawal Option (IDCW);INF200KA1F35;;16.7250;;;21-Jan-2026
147247;SBI Fixed Maturity Plan (FMP) - Series 6 (3668 Days) - Regular Plan - Growth;INF200KA1F01;;16.4587;;;21-Jan-2026
147250;SBI Fixed Maturity Plan (FMP) - Series 6 (3668 Days) - Regular Plan - Income Distribution cum Capital Withdrawal Option (IDCW);INF200KA1F19;;16.4613;;;21-Jan-2026
149878;SBI Fixed Maturity Plan (FMP) - Series 60 (1878 Days) - Direct Plan - Growth;INF200KA13E3;;12.8251;;;21-Jan-2026
149879;SBI Fixed Maturity Plan (FMP) - Series 60 (1878 Days) - Direct Plan - Income Distribution cum Capital Withdrwal Option (IDCW);INF200KA14E1;;12.8253;;;21-Jan-2026
149876;SBI Fixed Maturity Plan (FMP) - Series 60 (1878 Days) - Regular Plan - Growth;INF200KA11E7;;12.7645;;;21-Jan-2026
149877;SBI Fixed Maturity Plan (FMP) - Series 60 (1878 Days) - Regular Plan - Income Distribution cum Capital Withdrawal Option (IDCW);INF200KA12E5;;12.7645;;;21-Jan-2026
149993;SBI Fixed Maturity Plan (FMP)- Series 61 (1927 Days)- Direct Plan- Growth option;INF200KA13F0;;12.8609;;;21-Jan-2026
149995;SBI Fixed Maturity Plan (FMP)- Series 61 (1927 Days)- Direct Plan- Income Distribution Cum Capital withdrawal option;INF200KA14F8;;12.8610;;;21-Jan-2026
149994;SBI Fixed Maturity Plan (FMP)- Series 61 (1927 Days)- Regular Plan- Growth option;INF200KA11F4;;12.8020;;;21-Jan-2026
149992;SBI Fixed Maturity Plan (FMP)- Series 61 (1927 Days)- Regular Plan- Income Distribution Cum Capital withdrawal option;INF200KA12F2;;12.8019;;;21-Jan-2026
150379;SBI Fixed Maturity Plan (FMP) - Series 66 (1361 Days) - Direct Plan - Growth;INF200KA11M0;;12.7847;;;21-Jan-2026
150378;SBI Fixed Maturity Plan (FMP) - Series 66 (1361 Days) - Direct Plan - Income Distribution cum Capital Withdrawal Option (IDCW);INF200KA12M8;;12.7847;;;21-Jan-2026
150377;SBI Fixed Maturity Plan (FMP) - Series 66 (1361 Days) - Regular Plan - Growth;INF200KA19L5;;12.7335;;;21-Jan-2026
150380;SBI Fixed Maturity Plan (FMP) - Series 66 (1361 Days) - Regular Plan - Income Distribution cum Capital Withdrawal Option (IDCW);INF200KA10M2;;12.7335;;;21-Jan-2026
150460;SBI Fixed Maturity Plan (FMP) - Series 67 (1467 Days) - Direct Plan - Growth;INF200KA15M1;;12.7852;;;21-Jan-2026
150458;SBI Fixed Maturity Plan (FMP) - Series 67 (1467 Days) - Direct Plan - IDCW Payout;INF200KA16M9;;12.7852;;;21-Jan-2026
150461;SBI Fixed Maturity Plan (FMP) - Series 67 (1467 Days) - Regular Plan - Growth;INF200KA13M6;;12.7350;;;21-Jan-2026
150459;SBI Fixed Maturity Plan (FMP) - Series 67 (1467 Days) - Regular Plan - IDCW Payout;INF200KA14M4;;12.7355;;;21-Jan-2026
150649;SBI Fixed Maturity Plan (FMP) - Series 68 (1302 Days) - Direct Plan - Growth;INF200KA15O7;;12.6105;;;21-Jan-2026
150650;SBI Fixed Maturity Plan (FMP) - Series 68 (1302 Days) - Direct Plan - IDCW Payout;INF200KA16O5;;12.6129;;;21-Jan-2026
150647;SBI Fixed Maturity Plan (FMP) - Series 68 (1302 Days) - Regular Plan - Growth;INF200KA13O2;;12.5620;;;21-Jan-2026
150648;SBI Fixed Maturity Plan (FMP) - Series 68 (1302 Days) - Regular Plan - IDCW Payout;INF200KA14O0;;12.5619;;;21-Jan-2026
151559;SBI Fixed Maturity Plan (FMP) - Series 79 (1170 Days) - Direct Plan - Growth;INF200KA19W2;;12.2789;;;21-Jan-2026
151558;SBI Fixed Maturity Plan (FMP) - Series 79 (1170 Days) - Direct Plan - Income Distribution cum Capital Withdrawal Payout;INF200KA10X9;;12.2791;;;21-Jan-2026
151556;SBI Fixed Maturity Plan (FMP) - Series 79 (1170 Days) - Regular Plan - Growth;INF200KA17W6;;12.2367;;;21-Jan-2026
151557;SBI Fixed Maturity Plan (FMP) - Series 79 (1170 Days) - Regular Plan - Income Distribution cum Capital Withdrawal Payout;INF200KA18W4;;12.2368;;;21-Jan-2026
148848;SBI Fixed Maturity Plan (FMP) - Series 42 (1857 Days) Direct Plan - Income Distribution cum Capital Withdrawal Option (IDCW);INF200KA1V27;;13.3941;;;21-Jan-2026
148845;SBI Fixed Maturity Plan (FMP) - Series 42 (1857 Days) Regular Plan - Income Distribution cum Capital Withdrawal Option (IDCW);INF200KA1V01;;13.2917;;;21-Jan-2026
148846;SBI Fixed Maturity Plan (FMP) Series 42 (1857 Days) - Direct Plan - Growth;INF200KA1V19;;13.3939;;;21-Jan-2026
148847;SBI Fixed Maturity Plan (FMP) Series 42 (1857 Days) - Regular Plan - Growth;INF200KA1U93;;13.2917;;;21-Jan-2026
148967;SBI Fixed Maturity Plan (FMP) - Series 44 (1855 Days) - Direct Plan - Growth;INF200KA1W59;;13.2316;;;21-Jan-2026
148968;SBI Fixed Maturity Plan (FMP) - Series 44 (1855 Days) - Direct Plan - Income Distribution cum Capital Withdrawal Option (IDCW);INF200KA1W67;;13.2316;;;21-Jan-2026
148966;SBI Fixed Maturity Plan (FMP) - Series 44 (1855 Days) - Regular Plan - Growth;INF200KA1W34;;13.1495;;;21-Jan-2026
148969;SBI Fixed Maturity Plan (FMP) Series 44 (1855 Days) - Regular Plan - Income Distribution cum Capital Withdrawal Option (IDCW);INF200KA1W42;;13.1495;;;21-Jan-2026
148999;SBI Fixed Maturity Plan (FMP) Series 45 (1840 Days) - Direct Plan - Growth;INF200KA1W91;;13.2216;;;21-Jan-2026
148998;SBI Fixed Maturity Plan (FMP) Series 45 (1840 Days) - Direct Plan - Income Distribution cum Capital Withdrawal Option (IDCW);INF200KA1X09;;13.2216;;;21-Jan-2026
148996;SBI Fixed Maturity Plan (FMP) Series 45 (1840 Days) - Regular Plan - Growth;INF200KA1W75;;13.1430;;;21-Jan-2026
148997;SBI Fixed Maturity Plan (FMP) Series 45 (1840Days) - Regular Plan - Income Distribution cum Capital Withdrawal Option (IDCW);INF200KA1W83;;13.1430;;;21-Jan-2026
150919;SBI Fixed Maturity Plan (FMP)-Series 72 (1239 Days) Direct Plan- Growth;INF200KA17S4;;12.4756;;;21-Jan-2026
150916;SBI Fixed Maturity Plan (FMP)-Series 72 (1239 Days) Direct Plan- Income Distribution Cum Capital Withdrawal Payout;INF200KA18S2;;12.4755;;;21-Jan-2026
150917;SBI Fixed Maturity Plan (FMP)-Series 72 (1239 Days) Regular Plan- Growth;INF200KA15S8;;12.4287;;;21-Jan-2026
150918;SBI Fixed Maturity Plan (FMP)-Series 72 (1239 Days) Regular Plan- Income Distribution Cum Capital Withdrawal Payout;INF200KA16S6;;12.4286;;;21-Jan-2026
150984;SBI Fixed Maturity Plan (FMP) - Series 73 (1226 Days) - Direct Plan - Growth;INF200KA11T5;;12.4427;;;21-Jan-2026
150985;SBI Fixed Maturity Plan (FMP) - Series 73 (1226 Days) - Direct Plan - IDCW Payout;INF200KA12T3;;12.4426;;;21-Jan-2026
150986;SBI Fixed Maturity Plan (FMP) - Series 73 (1226 Days) - Regular Plan - Growth;INF200KA19S0;;12.3974;;;21-Jan-2026
150983;SBI Fixed Maturity Plan (FMP) - Series 73 (1226 Days) - Regular Plan - IDCW Payout;INF200KA10T7;;12.3974;;;21-Jan-2026
151252;SBI Fixed Maturity Plan (FMP)-Series 74 (1243 Days)- Direct Plan- Growth;INF200KA11U3;;12.4324;;;21-Jan-2026
151253;SBI Fixed Maturity Plan (FMP)-Series 74 (1243 Days)- Direct Plan- Income Distribution Cum Capital Withdrawal Payout;INF200KA12U1;;12.4323;;;21-Jan-2026
151254;SBI Fixed Maturity Plan (FMP)-Series 74 (1243 Days)- Regular Plan- Growth;INF200KA19T8;;12.3878;;;21-Jan-2026
151255;SBI Fixed Maturity Plan (FMP)-Series 74 (1243 Days)- Regular Plan- Income Distribution Cum Capital Withdrawal Payout;INF200KA10U5;;12.3878;;;21-Jan-2026
151351;SBI Fixed Maturity Plan (FMP) - Series 76 (1221 Days) - Direct Plan - Growth;INF200KA19U6;;12.3392;;;21-Jan-2026
151350;SBI Fixed Maturity Plan (FMP) - Series 76 (1221 Days) - Direct Plan - Income Distribution Cum Capital Withdrawal Payout;INF200KA10V3;;12.3393;;;21-Jan-2026
151349;SBI Fixed Maturity Plan (FMP) - Series 76 (1221 Days) - Regular Plan - Growth;INF200KA17U0;;12.2961;;;21-Jan-2026
151348;SBI Fixed Maturity Plan (FMP) - Series 76 (1221 Days) - Regular Plan - Income Distribution Cum Capital Withdrawal Payout;INF200KA18U8;;12.2961;;;21-Jan-2026
151451;SBI Fixed Maturity Plan (FMP)-Series 78 (1170 Days) Direct Plan- Growth;INF200KA19V4;;12.3299;;;21-Jan-2026
151452;SBI Fixed Maturity Plan (FMP)-Series 78 (1170 Days) Direct Plan- Income Distribution Cum Capital Withdrawal Payout;INF200KA10W1;;12.3297;;;21-Jan-2026
151454;SBI Fixed Maturity Plan (FMP)-Series 78 (1170 Days) Regular Plan- Growth;INF200KA17V8;;12.2863;;;21-Jan-2026
151453;SBI Fixed Maturity Plan (FMP)-Series 78 (1170 Days) Regular Plan- Income Distribution Cum Capital Withdrawal Payout;INF200KA18V6;;12.2855;;;21-Jan-2026
151639;SBI Fixed Maturity Plan (FMP)-Series 81 (1157 Days) Direct Plan- Growth;INF200KA17X4;;12.2376;;;21-Jan-2026
151640;SBI Fixed Maturity Plan (FMP)-Series 81 (1157 Days) Direct Plan- Income Distribution Cum Capital Withdrawal Payout;INF200KA18X2;;12.2377;;;21-Jan-2026
151641;SBI Fixed Maturity Plan (FMP)-Series 81 (1157 Days) Regular Plan- Growth;INF200KA15X8;;12.1969;;;21-Jan-2026
151642;SBI Fixed Maturity Plan (FMP)-Series 81 (1157 Days) Regular Plan- Income Distribution Cum Capital Withdrawal Payout;INF200KA16X6;;12.1969;;;21-Jan-2026

Trust Mutual Fund
151620;TRUSTMF FIXED MATURITY PLAN -SERIES II (1196 DAYS)-DIRECT PLAN -GROWTH;INF0GCD01651;;1257.6919;;;21-Jan-2026
151617;TRUSTMF FIXED MATURITY PLAN -SERIES II (1196 DAYS)-REGULAR PLAN -GROWTH;INF0GCD01636;;1253.9389;;;21-Jan-2026
151618;TRUSTMF FIXED MATURITY PLAN -SERIES II (1196 DAYS)-REGULAR PLAN -IDCW PAYOUT;INF0GCD01644;;1253.9383;;;21-Jan-2026

Close Ended Schemes ( ELSS )


Bank of India Mutual Fund
141950;BANK OF INDIA Mid Cap Tax Fund Series 1 Direct Plan Growth;INF761K01DS3;;26.28;;;21-Jan-2026
141949;BANK OF INDIA Mid Cap Tax Fund Series 1 Direct Plan IDCW;INF761K01DT1;;26.28;;;21-Jan-2026
141952;BANK OF INDIA Mid Cap Tax Fund Series 1 Regular Plan Growth;INF761K01DU9;;25.37;;;21-Jan-2026
141951;BANK OF INDIA Mid Cap Tax Fund Series 1 Regular Plan IDCW;INF761K01DV7;;25.37;;;21-Jan-2026
144315;BANK OF INDIA Midcap Tax Fund Series 2 Direct Plan Growth;INF761K01EL6;;31.82;;;21-Jan-2026
144309;BANK OF INDIA Midcap Tax Fund Series 2 Direct Plan IDCW;INF761K01EK8;;31.82;;;21-Jan-2026
144314;BANK OF INDIA Midcap Tax Fund Series 2 Regular Plan Growth;INF761K01EN2;;30.59;;;21-Jan-2026
144316;BANK OF INDIA Midcap Tax Fund Series 2 Regular Plan IDCW;INF761K01EM4;;30.60;;;21-Jan-2026

ICICI Prudential Mutual Fund
142136;ICICI Prudential Long Term Wealth Enhancement Fund - Cumulative Option;INF109KC1077;;29.06;;;21-Jan-2026
142134;ICICI Prudential Long Term Wealth Enhancement Fund - Direct Plan Cumulative Option;INF109KC1093;;30.37;;;21-Jan-2026
142133;ICICI Prudential Long Term Wealth Enhancement Fund - Direct Plan IDCW Option;INF109KC1101;;30.37;;;21-Jan-2026
142135;ICICI Prudential Long Term Wealth Enhancement Fund - IDCW Option;INF109KC1085;;29.06;;;21-Jan-2026

SBI Mutual Fund
136007;SBI Long Term Advantage Fund - Series III - Direct Plan - Growth;INF200KA1HN8;;44.3522;;;21-Jan-2026
136006;SBI Long Term Advantage Fund - Series III - Direct Plan - Income Distribution cum Capital Withdrawal Option (IDCW);INF200KA1HO6;;37.3793;;;21-Jan-2026
136004;SBI Long Term Advantage Fund - Series III - Regular Plan - Growth;INF200KA1HL2;;41.4970;;;21-Jan-2026
136005;SBI Long Term Advantage Fund - Series III - Regular Plan - Income Distribution cum Capital Withdrawal Option (IDCW);INF200KA1HM0;;35.1381;;;21-Jan-2026
140487;SBI Long Term Advantage Fund - Series IV - Direct Plan - Growth;INF200KA1LS9;;49.9968;;;21-Jan-2026
140486;SBI Long Term Advantage Fund - Series IV - Direct Plan - Income Distribution cum Capital Withdrawal Option (IDCW);INF200KA1LT7;;42.4235;;;21-Jan-2026
140488;SBI Long Term Advantage Fund - Series IV - Regular Plan - Growth;INF200KA1LQ3;;47.5214;;;21-Jan-2026
140489;SBI Long Term Advantage Fund - Series IV - Regular Plan - Income Distribution cum Capital Withdrawal Option (IDCW);INF200KA1LR1;;40.2602;;;21-Jan-2026
142138;SBI Long Term Advantage Fund - Series V - Direct Plan - Growth;INF200KA1RW8;;31.6286;;;21-Jan-2026
142140;SBI Long Term Advantage Fund - Series V - Direct Plan - Income Distribution cum Capital Withdrawal Option (IDCW);INF200KA1RX6;;31.6298;;;21-Jan-2026
142137;SBI Long Term Advantage Fund - Series V - Regular Plan - Income Distribution cum Capital Withdrawal Option (IDCW);INF200KA1RV0;;30.3646;;;21-Jan-2026
142139;SBI Long Term Advantage Fund Series V - Regular Plan - Growth;INF200KA1RU2;;30.3773;;;21-Jan-2026
143178;SBI Long Term Advantage Fund - Series VI - Direct Plan - Growth;INF200KA1TO1;;30.9213;;;21-Jan-2026
143179;SBI Long Term Advantage Fund - Series VI - Direct Plan - Income Distribution cum Capital Withdrawal Option (IDCW);INF200KA1TP8;;30.8950;;;21-Jan-2026
143176;SBI Long Term Advantage Fund - Series VI - Regular Plan - Growth;INF200KA1TM5;;29.7137;;;21-Jan-2026
143177;SBI Long Term Advantage Fund - Series VI - Regular Plan - Income Distribution cum Capital Withdrawal Option (IDCW);INF200KA1TN3;;29.7200;;;21-Jan-2026

Sundaram Mutual Fund
139711;Sundaram Long Term Micro Cap Tax Advantage Fund Series III Direct Plan - Growth;INF903JA1443;;32.4295;;;21-Jan-2026
139710;Sundaram Long Term Micro Cap Tax Advantage Fund Series III Direct Plan - Payout of Income Distribution cum Capital Withdrawal (IDCW);INF903JA1450;;28.4394;;;21-Jan-2026
139709;Sundaram Long Term Micro Cap Tax Advantage Fund Series III Regular Plan - Growth;INF903JA1427;;31.4577;;;21-Jan-2026
139712;Sundaram Long Term Micro Cap Tax Advantage Fund Series III Regular Plan - Payout of Income Distribution cum Capital Withdrawal (IDCW);INF903JA1435;;27.5231;;;21-Jan-2026
139990;Sundaram Long Term Micro Cap Tax Advantage Fund Series IV Direct Plan - Growth;INF903JA1526;;28.1275;;;21-Jan-2026
139989;Sundaram Long Term Micro Cap Tax Advantage Fund Series IV Direct Plan - Payout of Income Distribution cum Capital Withdrawal (IDCW);INF903JA1534;;26.7717;;;21-Jan-2026
139992;Sundaram Long Term Micro Cap Tax Advantage Fund Series IV Regular Plan - Growth;INF903JA1500;;27.4925;;;21-Jan-2026
139991;Sundaram Long Term Micro Cap Tax Advantage Fund Series IV Regular Plan - Payout of Income Distribution cum Capital Withdrawal (IDCW);INF903JA1518;;26.1395;;;21-Jan-2026
141564;Sundaram Long Term Micro Cap Tax Advantage Fund Series VI Direct Plan - Growth;INF903JA1AZ0;;26.4954;;;21-Jan-2026
141567;Sundaram Long Term Micro Cap Tax Advantage Fund Series VI Direct Plan - Payout of Income Distribution cum Capital Withdrawal (IDCW);INF903JA1BA1;;25.6439;;;21-Jan-2026
141565;Sundaram Long Term Micro Cap Tax Advantage Fund Series VI Regular Plan - Growth;INF903JA1AX5;;25.2413;;;21-Jan-2026
141566;Sundaram Long Term Micro Cap Tax Advantage Fund Series VI Regular Plan - Payout of Income Distribution cum Capital Withdrawal (IDCW);INF903JA1AY3;;24.3941;;;21-Jan-2026
141141;Sundaram Long Term Micro Cap Tax Advantage Fund Series V Direct Plan - Growth;INF903JA1955;;27.4983;;;21-Jan-2026
141142;Sundaram Long Term Micro Cap Tax Advantage Fund Series V Direct Plan - Payout of Income Distribution cum Capital Withdrawal (IDCW);INF903JA1963;;26.1798;;;21-Jan-2026
141139;Sundaram Long Term Micro Cap Tax Advantage Fund Series V Regular Plan - Growth;INF903JA1930;;26.7065;;;21-Jan-2026
141140;Sundaram Long Term Micro Cap Tax Advantage Fund Series V Regular Plan - Payout of Income Distribution cum Capital Withdrawal (IDCW);INF903JA1948;;25.3942;;;21-Jan-2026
142153;Sundaram Long Term Tax Advantage Fund Series III Direct Plan - Growth;INF903JA1BT1;;28.3098;;;21-Jan-2026
142154;Sundaram Long Term Tax Advantage Fund Series III Direct Plan - Payout of Income Distribution cum Capital Withdrawal (IDCW);INF903JA1BU9;;26.9509;;;21-Jan-2026
142151;Sundaram Long Term Tax Advantage Fund Series III Regular Plan - Growth;INF903JA1BR5;;27.3951;;;21-Jan-2026
142152;Sundaram Long Term Tax Advantage Fund Series III Regular Plan - Payout of Income Distribution cum Capital Withdrawal (IDCW);INF903JA1BS3;;26.0428;;;21-Jan-2026
143079;Sundaram Long Term Tax Advantage Fund Series IV Direct Plan - Growth;INF903JA1CZ6;;32.6317;;;21-Jan-2026
143080;Sundaram Long Term Tax Advantage Fund Series IV Direct Plan - Payout of Income Distribution cum Capital Withdrawal (IDCW);INF903JA1DA7;;29.9813;;;21-Jan-2026
143077;Sundaram Long Term Tax Advantage Fund Series IV Regular Plan - Growth;INF903JA1CX1;;31.9639;;;21-Jan-2026
143078;Sundaram Long Term Tax Advantage Fund Series IV Regular Plan - Payout of Income Distribution cum Capital Withdrawal (IDCW);INF903JA1CY9;;29.3320;;;21-Jan-2026
135682;Sundaram Long Term Tax Advantage Fund Series II Direct Plan - Growth;INF903J011W9;;38.3469;;;21-Jan-2026
135681;Sundaram Long Term Tax Advantage Fund Series II Direct Plan - Payout of Income Distribution cum Capital Withdrawal (IDCW);INF903J012W7;;29.6263;;;21-Jan-2026
135684;Sundaram Long Term Tax Advantage Fund Series II Regular Plan - Growth;INF903J019V4;;37.1522;;;21-Jan-2026
135683;Sundaram Long Term Tax Advantage Fund Series II Regular Plan - Payout of Income Distribution cum Capital Withdrawal (IDCW);INF903J010W1;;28.5494;;;21-Jan-2026
