Scheme Code;Scheme Name;ISIN Div Payout/ISIN Growth;ISIN Div Reinvestment;Net Asset Value;Repurchase Price;Sale Price;Date

Open Ended Schemes ( Money Market )


Taurus Mutual Fund
139619;Taurus Investor Education Pool - Unclaimed Dividend - Growth;;;10.0000;;;22-Jan-2026
139618;Taurus Investor Education Pool - Unclaimed Redemption - Growth;;;10.0000;;;22-Jan-2026
139617;Taurus Unclaimed Redemption - Growth;;;17.3496;;;22-Jan-2026

Open Ended Schemes ( Equity Scheme - Multi Cap Fund )


Groww Mutual Fund
153034;Groww Multicap Fund - Direct - Growth;INF666M01JD9;;10.3053;;;22-Jan-2026
153098;Groww Multicap Fund - Direct - IDCW;INF666M01JE7;INF666M01JF4;10.3053;;;22-Jan-2026
153100;Groww Multicap Fund - Regular - Growth;INF666M01JG2;;10.0983;;;22-Jan-2026
153099;Groww Multicap Fund - Regular - IDCW;INF666M01JH0;INF666M01JI8;10.1051;;;22-Jan-2026

HDFC Mutual Fund
149366;HDFC Multi Cap Fund - Growth Option;INF179KC1BV9;;18.405;;;22-Jan-2026
149368;HDFC Multi Cap Fund - Growth Option - Direct Plan;INF179KC1BS5;;19.331;;;22-Jan-2026
149365;HDFC Multi Cap Fund - IDCW Option;INF179KC1BW7;INF179KC1BX5;17.441;;;22-Jan-2026
149367;HDFC Multi Cap Fund - IDCW Option - Direct Plan;INF179KC1BT3;INF179KC1BU1;18.433;;;22-Jan-2026

ICICI Prudential Mutual Fund
120599;ICICI Prudential Multicap Fund - Direct Plan -  Growth;INF109K014O9;;866.45;;;22-Jan-2026
120598;ICICI Prudential Multicap Fund - Direct Plan -  IDCW;INF109K012O3;INF109K013O1;57.92;;;22-Jan-2026
101228;ICICI Prudential Multicap Fund - Growth;INF109K01613;;773.29;;;22-Jan-2026
101706;ICICI Prudential Multicap Fund - IDCW;INF109K01FK7;INF109K01621;31.14;;;22-Jan-2026

LIC Mutual Fund
150659;LIC MF Multi Cap Fund-Direct Plan-Growth;INF767K01RK7;;17.2827;;;22-Jan-2026
150660;LIC MF Multi Cap Fund-Direct Plan-IDCW;INF767K01RL5;INF767K01RM3;17.2827;;;22-Jan-2026
150661;LIC MF Multi Cap Fund-Regular Plan-Growth;INF767K01RH3;;16.391;;;22-Jan-2026
150662;LIC MF Multi Cap Fund-Regular Plan-IDCW;INF767K01RI1;INF767K01RJ9;16.391;;;22-Jan-2026

SBI Mutual Fund
149887;SBI Multicap Fund- Direct Plan - Income Distribution cum Capital Withdrawal Option (IDCW);INF200KA19E0;INF200KA10F6;16.9676;;;22-Jan-2026
149882;SBI Multicap Fund- Direct Plan- Growth option;INF200KA18E2;;16.9675;;;22-Jan-2026
149886;SBI Multicap Fund- Regular Plan- Growth Option;INF200KA15E8;;16.3731;;;22-Jan-2026
149883;SBI Multicap Fund- Regular Plan- Income Distribution cum Capital Withdrawal Option (IDCW);INF200KA16E6;INF200KA17E4;16.3758;;;22-Jan-2026

Trust Mutual Fund
153644;TRUSTMF MULTI CAP FUND -DIRECT PLAN-GROWTH;INF0GCD01834;;10.12;;;22-Jan-2026
153645;TRUSTMF MULTI CAP FUND -REGULAR PLAN-GROWTH;INF0GCD01842;;10.02;;;22-Jan-2026

Open Ended Schemes ( Equity Scheme - Large Cap Fund )


Groww Mutual Fund
119133;Groww Largecap Fund (formerly known as Indiabulls Blue Chip Fund) - Direct Plan - Growth Option;INF666M01600;;51.87;;;22-Jan-2026
116547;Groww Largecap Fund (formerly known as Indiabulls Blue Chip Fund) - Regular Plan- Growth Option;INF666M01162;;42.96;;;22-Jan-2026
119134;Groww Largecap Fund (formerly known as Indiabulls Bluechip Fund)- Direct Plan- - Income Distribution cum capital withdrawal Option (Payout & Reinvestment);INF666M01626;INF666M01618;30.05;;;22-Jan-2026
140814;Groww Largecap Fund (formerly known as Indiabulls Bluechip Fund)- Direct Plan- Half Yearly -Income Distribution cum capital withdrawal Option (Payout & Reinvestment);INF666M01CQ6;INF666M01CR4;29.16;;;22-Jan-2026
140809;Groww Largecap Fund (formerly known as Indiabulls Bluechip Fund)- Direct Plan- Monthly - Income Distribution cum capital withdrawal Option (Payout & Reinvestment);INF666M01CM5;INF666M01CN3;23.17;;;22-Jan-2026
140811;Groww Largecap Fund (formerly known as Indiabulls Bluechip Fund)- Direct Plan- Quarterly - Income Distribution cum capital withdrawal Option (Payout & Reinvestment);INF666M01CO1;INF666M01CP8;28.94;;;22-Jan-2026
116548;Groww Largecap Fund (formerly known as Indiabulls Bluechip Fund)- Regular Plan- - Income Distribution cum capital withdrawal Option (Payout & Reinvestment);INF666M01188;INF666M01170;24.21;;;22-Jan-2026
140813;Groww Largecap Fund (formerly known as Indiabulls Bluechip Fund)- Regular Plan- Half Yearly - Income Distribution cum capital withdrawal Option (Payout & Reinvestment);INF666M01CW4;INF666M01CX2;25.8;;;22-Jan-2026
140810;Groww Largecap Fund (formerly known as Indiabulls Bluechip Fund)- Regular Plan- Monthly - Income Distribution cum capital withdrawal Option (Payout & Reinvestment);INF666M01CS2;INF666M01CT0;24.74;;;22-Jan-2026
140812;Groww Largecap Fund (formerly known as Indiabulls Bluechip Fund)- Regular Plan- Quarterly - Income Distribution cum capital withdrawal Option (Payout & Reinvestment);INF666M01CU8;INF666M01CV6;25.65;;;22-Jan-2026

HDFC Mutual Fund
119018;HDFC Large Cap Fund - Growth Option - Direct Plan;INF179K01YV8;;1249.554;;;22-Jan-2026
102000;HDFC Large Cap Fund - Growth Option - Regular Plan;INF179K01BE2;;1151.744;;;22-Jan-2026
119017;HDFC Large Cap Fund - IDCW Option - Direct Plan;INF179K01YT2;INF179K01YU0;68.685;;;22-Jan-2026
102001;HDFC Large Cap Fund - IDCW Option - Regular Plan;INF179K01BC6;INF179K01BD4;58.142;;;22-Jan-2026

ICICI Prudential Mutual Fund
120585;ICICI Prudential Large Cap Fund (erstwhile Bluechip Fund)  - Direct Plan - IDCW;INF109K014L5;INF109K015L2;62.14;;;22-Jan-2026
108466;ICICI Prudential Large Cap Fund (erstwhile Bluechip Fund)  - Growth;INF109K01BL4;;111.52;;;22-Jan-2026
108465;ICICI Prudential Large Cap Fund (erstwhile Bluechip Fund)  - IDCW;INF109K01EP9;INF109K01BM2;30.07;;;22-Jan-2026
120586;ICICI Prudential Large Cap Fund (erstwhile Bluechip Fund) - Direct Plan - Growth;INF109K016L0;;122.82;;;22-Jan-2026

JM Financial Mutual Fund
134958;JM Large Cap Fund (Direct) - Annual IDCW;INF192K01JU4;INF192K01JV2;72.9439;;;22-Jan-2026
120490;JM Large Cap Fund (Direct) - Growth Option;INF192K01BZ0;;177.0835;;;22-Jan-2026
134957;JM Large Cap Fund (Direct) - Half Yearly IDCW ;INF192K01JR0;INF192K01JZ3;72.434;;;22-Jan-2026
120489;JM Large Cap Fund (Direct) - IDCW;INF192K01BX5;INF192K01BY3;71.097;;;22-Jan-2026
134956;JM Large Cap Fund (Direct) - Monthly IDCW ;INF192K01JJ7;INF192K01JK5;72.2829;;;22-Jan-2026
134960;JM Large Cap Fund (Direct) - Quarterly IDCW;INF192K01JN9;INF192K01JO7;72.9569;;;22-Jan-2026
134961;JM Large Cap Fund (Regular) - Annual IDCW;INF192K01JS8;INF192K01JT6;30.6458;;;22-Jan-2026
100219;JM Large Cap Fund (Regular) - Growth Option;INF192K01601;;153.5187;;;22-Jan-2026
134955;JM Large Cap Fund (Regular) - Half Yearly IDCW;INF192K01JP4;INF192K01JQ2;25.1665;;;22-Jan-2026
100218;JM Large Cap Fund (Regular) - IDCW ;INF192K01585;INF192K01593;29.8016;;;22-Jan-2026
134959;JM Large Cap Fund (Regular) - Monthly IDCW;INF192K01JH1;INF192K01JI9;23.8539;;;22-Jan-2026
134954;JM Large Cap Fund (Regular) - Quarterly IDCW;INF192K01JL3;INF192K01JM1;34.6449;;;22-Jan-2026

LIC Mutual Fund
120267;LIC MF Large Cap Fund-Direct Plan-Growth;INF767K01EJ7;;62.8301;;;22-Jan-2026
120268;LIC MF Large Cap Fund-Direct Plan-IDCW;INF767K01EI9;INF767K01EK5;39.5656;;;22-Jan-2026
106871;LIC MF Large Cap Fund-Regular Plan-Growth;INF767K01105;;54.9611;;;22-Jan-2026
100332;LIC MF Large Cap Fund-Regular Plan-IDCW;INF767K01097;INF767K01089;33.1931;;;22-Jan-2026

SBI Mutual Fund
119585;SBI Large Cap Fund - Direct Plan - Income Distribution cum Capital Withdrawal Option (IDCW);INF200K01QV8;INF200K01QW6;67.9503;;;22-Jan-2026
103616;SBI Large Cap Fund - Regular Plan - Income Distribution cum Capital Withdrawal Option (IDCW);INF200K01164;INF200K01172;53.5831;;;22-Jan-2026
119598;SBI Large Cap FUND-DIRECT PLAN -GROWTH;INF200K01QX4;;104.7008;;;22-Jan-2026
103504;SBI Large Cap FUND-REGULAR PLAN GROWTH;INF200K01180;;94.1899;;;22-Jan-2026

Taurus Mutual Fund
118870;Taurus Large Cap Fund - Direct Plan - Growth;INF044D01BX3;;164.92;;;22-Jan-2026
118871;Taurus Large Cap Fund - Direct Plan - Payout of Income Distribution cum Capital Withdrawal option;INF044D01BY1;INF044D01BZ8;72.65;;;22-Jan-2026
101209;Taurus Large Cap Fund - Regular Plan - Growth;INF044D01773;;155.74;;;22-Jan-2026
108403;Taurus Large Cap Fund - Regular Plan - Payout of Income Distribution cum Capital Withdrawal option;INF044D01740;INF044D01757;68.23;;;22-Jan-2026

Open Ended Schemes ( Equity Scheme - Large & Mid Cap Fund )


HDFC Mutual Fund
130496;HDFC Large and Mid Cap Fund - Growth Option;INF179KA1RT1;;337.799;;;22-Jan-2026
130498;HDFC Large and Mid Cap Fund - Growth Option - Direct Plan;INF179KA1RQ7;;356.642;;;22-Jan-2026
130497;HDFC Large and Mid Cap Fund - IDCW Option;INF179KA1RU9;;37.178;;;22-Jan-2026
130499;HDFC Large and Mid Cap Fund - IDCW Option - Direct Plan;INF179KA1RR5;;48.768;;;22-Jan-2026

ICICI Prudential Mutual Fund
120596;ICICI Prudential Large & Mid Cap Fund - Direct Plan - Growth;INF109K011O5;;1140.65;;;22-Jan-2026
120597;ICICI Prudential Large & Mid Cap Fund - Direct Plan - IDCW;INF109K019N0;INF109K010O7;53.29;;;22-Jan-2026
100349;ICICI Prudential Large & Mid Cap Fund - Growth;INF109K01431;;1016.44;;;22-Jan-2026
100348;ICICI Prudential Large & Mid Cap Fund - IDCW;INF109K01EQ7;INF109K01449;29.83;;;22-Jan-2026

JM Financial Mutual Fund
153629;JM Large & Mid Cap Fund (Direct) - Growth Option;INF192K01NK7;;10.1109;;;22-Jan-2026
153630;JM Large & Mid Cap Fund (Direct) - IDCW;INF192K01NP6;INF192K01NL5;10.1109;;;22-Jan-2026
153627;JM Large & Mid Cap Fund (Regular) - Growth Option;INF192K01NM3;;10.0231;;;22-Jan-2026
153628;JM Large & Mid Cap Fund (Regular) - IDCW;INF192K01NO9;INF192K01NN1;10.0231;;;22-Jan-2026

LIC Mutual Fund
133710;LIC MF Large & Mid Cap Fund-Direct Plan-Growth;INF767K01NE9;;42.9853;;;22-Jan-2026
133709;LIC MF Large & Mid Cap Fund-Direct Plan-IDCW;INF767K01ND1;INF767K01NF6;34.1046;;;22-Jan-2026
133711;LIC MF Large & Mid Cap Fund-Regular Plan-Growth;INF767K01NB5;;37.1035;;;22-Jan-2026
133712;LIC MF Large & Mid Cap Fund-Regular Plan-IDCW;INF767K01NA7;INF767K01NC3;30.0409;;;22-Jan-2026

Navi Mutual Fund
141414;Navi Large & Midcap Fund - Direct Annual IDCW Payout;INF959L01CR5;INF959L01CS3;40.9204;;;22-Jan-2026
141415;Navi Large & Midcap Fund - Direct Half Yearly IDCW Payout;INF959L01CP9;INF959L01CQ7;40.9563;;;22-Jan-2026
135679;Navi Large & Midcap Fund - Direct Normal IDCW Payout;INF959L01CI4;INF959L01CJ2;41.0609;;;22-Jan-2026
141411;Navi Large & Midcap Fund - Regular Annual IDCW payout;INF959L01CV7;INF959L01CW5;35.4244;;;22-Jan-2026
141410;NAVI Large & Midcap Fund - Regular Half Yearly IDCW Payout;INF959L01CT1;INF959L01CU9;34.4514;;;22-Jan-2026
135680;Navi Large & Midcap Fund - Regular Normal IDCW Payout;INF959L01CL8;INF959L01CM6;34.4387;;;22-Jan-2026
135677;Navi Large & Midcap Fund- Direct Plan- Growth Option;INF959L01CH6;;41.5614;;;22-Jan-2026
135678;Navi Large & Midcap Fund- Regular Plan- Growth Option;INF959L01CK0;;34.4429;;;22-Jan-2026

Open Ended Schemes ( Equity Scheme - Mid Cap Fund )


HDFC Mutual Fund
118989;HDFC Mid Cap Fund - Growth Option - Direct Plan;INF179K01XQ0;;220.498;;;22-Jan-2026
105758;HDFC Mid Cap Fund - Growth Plan;INF179K01CR2;;199.568;;;22-Jan-2026
118988;HDFC Mid Cap Fund - IDCW Option - Direct Plan;INF179K01XO5;INF179K01XP2;83.222;;;22-Jan-2026
105757;HDFC Mid Cap Fund - IDCW Plan;INF179K01CS0;INF179K01CT8;54.995;;;22-Jan-2026

ICICI Prudential Mutual Fund
120381;ICICI Prudential MidCap Fund - Direct Plan -  Growth;INF109K011N7;;338.97;;;22-Jan-2026
120380;ICICI Prudential MidCap Fund - Direct Plan -  IDCW;INF109K019M2;INF109K010N9;62.79;;;22-Jan-2026
102528;ICICI Prudential MidCap Fund - Growth;INF109K01AN2;;301.26;;;22-Jan-2026
102529;ICICI Prudential MidCap Fund - IDCW;INF109K01EH6;INF109K01AL6;39.04;;;22-Jan-2026

JM Financial Mutual Fund
150815;JM Midcap Fund (Direct) - Growth;INF192K01MV6;;19.0105;;;22-Jan-2026
150814;JM Midcap Fund (Direct) - IDCW;INF192K01MW4;INF192K01MX2;19.0105;;;22-Jan-2026
150812;JM Midcap Fund (Regular) - Growth;INF192K01MS2;;17.978;;;22-Jan-2026
150813;JM Midcap Fund (Regular) - IDCW;INF192K01MT0;INF192K01MU8;17.978;;;22-Jan-2026

LIC Mutual Fund
152002;LIC MF Mid Cap Fund-Direct Plan-Growth;INF397L01JK8;;30.9543;;;22-Jan-2026
151999;LIC MF Mid Cap Fund-Direct Plan-IDCW;INF397L01JH4;INF397L01JI2;29.0824;;;22-Jan-2026
152001;LIC MF Mid Cap Fund-Regular Plan-Growth;INF397L01JO0;;27.5339;;;22-Jan-2026
152000;LIC MF Mid Cap Fund-Regular Plan-IDCW;INF397L01JL6;INF397L01JM4;25.8411;;;22-Jan-2026

SBI Mutual Fund
119716;SBI MIDCAP FUND - DIRECT PLAN - GROWTH;INF200K01TP4;;255.8208;;;22-Jan-2026
119715;SBI Midcap Fund - Direct Plan - Income Distribution cum Capital Withdrawal Option (IDCW);INF200K01TN9;INF200K01TO7;145.0377;;;22-Jan-2026
102941;SBI MIDCAP FUND - REGULAR PLAN - GROWTH;INF200K01560;;227.2792;;;22-Jan-2026
102942;SBI Midcap Fund - Regular Plan - Income Distribution cum Capital Withdrawal Option (IDCW);INF200K01578;INF200K01586;92.8694;;;22-Jan-2026

Taurus Mutual Fund
118872;Taurus Mid Cap Fund - Direct Plan - Growth;INF044D01CA9;;121.91;;;22-Jan-2026
118873;Taurus Mid Cap Fund - Direct Plan - Payout of Income Distribution cum Capital Withdrawal option;INF044D01CB7;INF044D01CC5;108.30;;;22-Jan-2026
100477;Taurus Mid Cap Fund - Regular Plan - Growth;INF044D01815;;115.23;;;22-Jan-2026
111642;Taurus Mid Cap Fund - Regular Plan - Payout of Income Distribution cum Capital Withdrawal option;INF044D01781;INF044D01799;102.71;;;22-Jan-2026

Open Ended Schemes ( Equity Scheme - Small Cap Fund )


HDFC Mutual Fund
130502;HDFC Small Cap Fund - Growth Option;INF179KA1RZ8;;131.966;;;22-Jan-2026
130503;HDFC Small Cap Fund - Growth Option - Direct Plan;INF179KA1RW5;;150.706;;;22-Jan-2026
130501;HDFC Small Cap Fund - IDCW Option;INF179KA1SA9;INF179KA1SB7;42.387;;;22-Jan-2026
130504;HDFC Small Cap Fund - IDCW Option - Direct Plan;INF179KA1RX3;INF179KA1RY1;65.097;;;22-Jan-2026

ICICI Prudential Mutual Fund
120591;ICICI Prudential Smallcap Fund - Direct Plan - Growth;INF109K015M0;;92.41;;;22-Jan-2026
120870;ICICI Prudential Smallcap Fund - Direct Plan - IDCW;INF109K013M5;INF109K014M3;63.94;;;22-Jan-2026
106823;ICICI Prudential Smallcap Fund - Growth;INF109K01BI0;;81.88;;;22-Jan-2026
106822;ICICI Prudential Smallcap Fund - IDCW;INF109K01FA8;INF109K01BJ8;30.40;;;22-Jan-2026

JM Financial Mutual Fund
152614;JM Small Cap Fund (Direct) - Growth Option;INF192K01NH3;;9.2801;;;22-Jan-2026
152615;JM Small Cap Fund (Direct) - IDCW Option;INF192K01NI1;INF192K01NJ9;9.2802;;;22-Jan-2026
152612;JM Small Cap Fund (Regular) - Growth Option;INF192K01NE0;;9.0314;;;22-Jan-2026
152613;JM Small Cap Fund (Regular) - IDCW Option;INF192K01NF7;INF192K01NG5;9.0314;;;22-Jan-2026

LIC Mutual Fund
152004;LIC MF Small Cap Fund-Direct Plan-Growth;INF397L01JS1;;30.5904;;;22-Jan-2026
152005;LIC MF Small Cap Fund-Direct Plan-IDCW;INF397L01JP7;INF397L01JQ5;30.5847;;;22-Jan-2026
152003;LIC MF Small Cap Fund-Regular Plan-Growth;INF397L01JW3;;27.1381;;;22-Jan-2026
152006;LIC MF Small Cap Fund-Regular Plan-IDCW;INF397L01JT9;INF397L01JU7;27.1377;;;22-Jan-2026

Quantum Mutual Fund
152107;QUANTUM SMALL CAP FUND - DIRECT PLAN GROWTH OPTION;INF082J01432;;12.62;;;22-Jan-2026
152108;QUANTUM SMALL CAP FUND - REGULAR PLAN GROWTH OPTION;INF082J01440;;12.21;;;22-Jan-2026

SBI Mutual Fund
125497;SBI Small Cap Fund - Direct Plan - Growth;INF200K01T51;;182.7544;;;22-Jan-2026
125496;SBI Small Cap Fund - Direct Plan - Income Distribution cum Capital Withdrawal Option (IDCW);INF200K01T69;INF200K01T77;124.7376;;;22-Jan-2026
125494;SBI Small Cap Fund - Regular Plan - Growth;INF200K01T28;;159.0254;;;22-Jan-2026
125495;SBI Small Cap Fund - Regular Plan - Income Distribution cum Capital Withdrawal Option (IDCW);INF200K01T36;INF200K01T44;93.9496;;;22-Jan-2026

Trust Mutual Fund
152939;TRUSTMF SMALL CAP FUND -DIRECT PLAN-GROWTH;INF0GCD01800;;10.22;;;22-Jan-2026
152937;TRUSTMF SMALL CAP FUND -DIRECT PLAN-IDCW;INF0GCD01826;INF0GCD01818;10.23;;;22-Jan-2026
152938;TRUSTMF SMALL CAP FUND -REGULAR PLAN- IDCW;INF0GCD01792;INF0GCD01784;10.01;;;22-Jan-2026
152940;TRUSTMF SMALL CAP FUND -REGULAR PLAN-GROWTH;INF0GCD01776;;10.01;;;22-Jan-2026

Open Ended Schemes ( Equity Scheme - Dividend Yield Fund )


HDFC Mutual Fund
148609;HDFC Dividend Yield Fund - Growth Option Direct Plan;INF179KC1AO6;;26.219;;;22-Jan-2026
148610;HDFC Dividend Yield Fund - Growth Plan;INF179KC1AR9;;24.42;;;22-Jan-2026
148608;HDFC Dividend Yield Fund - IDCW Option Direct Plan;INF179KC1AP3;INF179KC1AQ1;22.728;;;22-Jan-2026
148611;HDFC Dividend Yield Fund - IDCW Plan;INF179KC1AS7;INF179KC1AT5;20.947;;;22-Jan-2026

ICICI Prudential Mutual Fund
129312;ICICI Prudential Dividend Yield Equity Fund Direct Plan Growth Option;INF109KA1UA0;;60.18;;;22-Jan-2026
129309;ICICI Prudential Dividend Yield Equity Fund Direct Plan IDCW Option;INF109KA1UB8;INF109KA1UC6;27.62;;;22-Jan-2026
129310;ICICI Prudential Dividend Yield Equity Fund Growth Option;INF109KA1TX4;;53.61;;;22-Jan-2026
129311;ICICI Prudential Dividend Yield Equity Fund IDCW Option;INF109KA1TY2;INF109KA1TZ9;21.34;;;22-Jan-2026

LIC Mutual Fund
152022;LIC MF Dividend Yield Fund-Direct Plan-Growth;INF397L01LC1;;32.1053;;;22-Jan-2026
152021;LIC MF Dividend Yield Fund-Direct Plan-IDCW;INF397L01KZ4;INF397L01LA5;32.0907;;;22-Jan-2026
152019;LIC MF Dividend Yield Fund-Regular Plan-Growth;INF397L01KY7;;29.3572;;;22-Jan-2026
152020;LIC MF Dividend Yield Fund-Regular Plan-IDCW;INF397L01KV3;INF397L01KW1;29.3567;;;22-Jan-2026

SBI Mutual Fund
151478;SBI Dividend Yield Fund - Direct Plan - Growth;INF200KA14W3;;15.8272;;;22-Jan-2026
151475;SBI Dividend Yield Fund - Direct Plan - Income Distribution cum Capital Withdrawal (IDCW) Option;INF200KA15W0;INF200KA16W8;15.8287;;;22-Jan-2026
151476;SBI Dividend Yield Fund - Regular Plan - Growth;INF200KA11W9;;15.3678;;;22-Jan-2026
151477;SBI Dividend Yield Fund - Regular Plan - Income Distribution cum Capital Withdrawal (IDCW) Option;INF200KA12W7;INF200KA13W5;15.3677;;;22-Jan-2026

Open Ended Schemes ( Equity Scheme - Value Fund )


Groww Mutual Fund
135341;Groww Value Fund (formerly known as Indiabulls Value Fund) - Direct Plan - Growth Option;INF666M01BE4;;32.0114;;;22-Jan-2026
135343;Groww Value Fund (formerly known as Indiabulls Value Fund) - Regular Plan - Growth Option;INF666M01BH7;;26.6609;;;22-Jan-2026
135342;Groww Value Fund (formerly known as Indiabulls Value Fund)- Direct Plan- - Income Distribution cum capital withdrawal Option (Payout & Reinvestment);INF666M01BF1;INF666M01BG9;31.8934;;;22-Jan-2026
140819;Groww Value Fund (formerly known as Indiabulls Value Fund)- Direct Plan- Half Yearly - Income Distribution cum capital withdrawal Option (Payout & Reinvestment);INF666M01DC4;INF666M01DD2;25.6314;;;22-Jan-2026
140815;Groww Value Fund (formerly known as Indiabulls Value Fund)- Direct Plan- Monthly - Income Distribution cum capital withdrawal Option (Payout & Reinvestment);INF666M01CY0;INF666M01CZ7;23.4773;;;22-Jan-2026
140817;Groww Value Fund (formerly known as Indiabulls Value Fund)- Direct Plan- Quarterly - Income Distribution cum capital withdrawal Option (Payout & Reinvestment);INF666M01DA8;INF666M01DB6;25.6112;;;22-Jan-2026
135344;Groww Value Fund (formerly known as Indiabulls Value Fund)- Regular Plan - Income Distribution cum capital withdrawal Option (Payout & Reinvestment);INF666M01BI5;INF666M01BJ3;26.6522;;;22-Jan-2026
140820;Groww Value Fund (formerly known as Indiabulls Value Fund)- Regular Plan- Half Yearly -Income Distribution cum capital withdrawal Option (Payout & Reinvestment);INF666M01DI1;INF666M01DJ9;21.8386;;;22-Jan-2026
140816;Groww Value Fund (formerly known as Indiabulls Value Fund)- Regular Plan- Monthly - Income Distribution cum capital withdrawal Option (Payout & Reinvestment.;INF666M01DE0;INF666M01DF7;20.6901;;;22-Jan-2026
140818;Groww Value Fund (formerly known as Indiabulls Value Fund)- Regular Plan- Quarterly - Income Distribution cum capital withdrawal Option (Payout & Reinvestment);INF666M01DG5;INF666M01DH3;20.1633;;;22-Jan-2026

HDFC Mutual Fund
118935;HDFC Value Fund - Growth Option - Direct Plan;INF179K01VC4;;843.172;;;22-Jan-2026
101764;HDFC Value Fund - Growth Plan;INF179K01426;;751.669;;;22-Jan-2026
118934;HDFC Value Fund - IDCW Option - Direct Plan;INF179K01VA8;INF179K01VB6;43.617;;;22-Jan-2026
101765;HDFC Value Fund - IDCW Plan;INF179K01400;INF179K01418;35.002;;;22-Jan-2026

ICICI Prudential Mutual Fund
120323;ICICI Prudential Value Fund (erstwhile Value Discovery Fund) - Direct Plan - Growth;INF109K012K1;;533.35;;;22-Jan-2026
120322;ICICI Prudential Value Fund (erstwhile Value Discovery Fund) - Direct Plan - IDCW;INF109K011K3;INF109K010K5;124.68;;;22-Jan-2026
102594;ICICI Prudential Value Fund (erstwhile Value Discovery Fund) - Growth;INF109K01AF8;;484.08;;;22-Jan-2026
102595;ICICI Prudential Value Fund (erstwhile Value Discovery Fund) - IDCW;INF109K01EC7;INF109K01AD3;40.88;;;22-Jan-2026

JM Financial Mutual Fund
120486;JM Value Fund (Direct) - Growth Option;INF192K01BT3;;103.7941;;;22-Jan-2026
120485;JM Value Fund (Direct) - IDCW;INF192K01BR7;INF192K01BS5;70.719;;;22-Jan-2026
100254;JM Value Fund (Regular) - Growth Option;INF137A01037;;91.8453;;;22-Jan-2026
106168;JM Value Fund (Regular) - IDCW;INF137A01011;INF137A01029;64.1344;;;22-Jan-2026

LIC Mutual Fund
152018;LIC MF Value Fund-Direct Plan-Growth;INF397L01KU5;;25.3972;;;22-Jan-2026
152015;LIC MF Value Fund-Direct Plan-IDCW;INF397L01KR1;;25.3745;;;22-Jan-2026
152016;LIC MF Value Fund-Regular Plan-Growth;INF397L01KQ3;;23.466;;;22-Jan-2026
152017;LIC MF Value Fund-Regular Plan-IDCW;INF397L01KN0;;23.4661;;;22-Jan-2026

Quantum Mutual Fund
103490;Quantum Value Fund - Direct Plan Growth Option;INF082J01036;;130.54;;;22-Jan-2026
103491;Quantum Value Fund - Direct Plan IDCW;INF082J01044;INF082J01051;130.81;;;22-Jan-2026
141068;Quantum Value Fund - Regular Plan Growth Option;INF082J01242;;124.37;;;22-Jan-2026
141069;Quantum Value Fund - Regular Plan IDCW;INF082J01259;INF082J01267;124.24;;;22-Jan-2026

Open Ended Schemes ( Equity Scheme - Focused Fund )


HDFC Mutual Fund
118950;HDFC Focused Fund - Growth Option - Direct Plan;INF179K01VK7;;266.737;;;22-Jan-2026
102760;HDFC Focused Fund - GROWTH PLAN;INF179K01574;;234.025;;;22-Jan-2026
118949;HDFC Focused Fund - IDCW Option - Direct Plan;INF179K01VI1;INF179K01VJ9;33.911;;;22-Jan-2026
102761;HDFC Focused Fund - IDCW PLAN;INF179K01558;INF179K01566;25.983;;;22-Jan-2026

ICICI Prudential Mutual Fund
120722;ICICI Prudential Focused Equity Fund - Direct Plan - Growth;INF109K018N2;;109.57;;;22-Jan-2026
120723;ICICI Prudential Focused Equity Fund - Direct Plan - IDCW;INF109K016N6;INF109K017N4;63.79;;;22-Jan-2026
111957;ICICI Prudential Focused Equity Fund - Growth;INF109K01BZ4;;95.05;;;22-Jan-2026
111958;ICICI Prudential Focused Equity Fund - IDCW;INF109K01FM3;INF109K01CA5;28.00;;;22-Jan-2026

JM Financial Mutual Fund
120488;JM Focused Fund (Direct)  - Growth Option;INF192K01BW7;;22.7485;;;22-Jan-2026
120487;JM Focused Fund (Direct) -  IDCW;INF192K01BU1;INF192K01BV9;22.2942;;;22-Jan-2026
107410;JM Focused Fund (Regular) - Growth Option;INF192K01577;;19.3292;;;22-Jan-2026
107409;JM Focused Fund (Regular) - IDCW;INF192K01551;INF192K01569;19.3285;;;22-Jan-2026

LIC Mutual Fund
152010;LIC MF Focused Fund-Direct Plan-Growth;INF397L01KA7;;22.5175;;;22-Jan-2026
152008;LIC MF Focused Fund-Direct Plan-IDCW;INF397L01JX1;INF397L01JY9;22.4935;;;22-Jan-2026
152009;LIC MF Focused Fund-Regular Plan-Growth;INF397L01KE9;;20.4001;;;22-Jan-2026
152007;LIC MF Focused Fund-Regular Plan-IDCW;INF397L01KB5;INF397L01KC3;20.3999;;;22-Jan-2026

Old Bridge Mutual Fund
152358;Old Bridge Focused Fund - Direct Growth;INF0S5R01042;;12.55;;;22-Jan-2026
152359;Old Bridge Focused Fund - Direct IDCW;INF0S5R01059;INF0S5R01067;12.55;;;22-Jan-2026
152361;Old Bridge Focused Fund - Regular Growth;INF0S5R01034;;12.29;;;22-Jan-2026
152363;Old Bridge Focused Fund - Regular IDCW;INF0S5R01018;INF0S5R01026;12.29;;;22-Jan-2026

Open Ended Schemes ( Equity Scheme - Sectoral/ Thematic )


Groww Mutual Fund
152254;Groww Banking & Financial Services Fund - Direct Plan - Growth;INF666M01HS1;;12.3634;;;22-Jan-2026
152274;Groww Banking & Financial Services Fund - Regular - Growth;INF666M01HP7;;11.9018;;;22-Jan-2026
152276;Groww Banking & Financial Services Fund - Regular Plan - IDCW;INF666M01HQ5;INF666M01HR3;11.9018;;;22-Jan-2026
152273;Groww Banking & Financial Services Fund-IDCW;INF666M01HT9;INF666M01HU7;12.3626;;;22-Jan-2026

HDFC Mutual Fund
148987;HDFC Banking & Financial Services Fund - Growth Option;INF179KC1BJ4;;17.818;;;22-Jan-2026
148986;HDFC Banking & Financial Services Fund - Growth Option - Direct Plan;INF179KC1BG0;;19.018;;;22-Jan-2026
148984;HDFC Banking & Financial Services Fund - IDCW Option;INF179KC1BK2;INF179KC1BL0;15.64;;;22-Jan-2026
148985;HDFC Banking & Financial Services Fund - IDCW Option - Direct Plan;INF179KC1BH8;INF179KC1BI6;16.808;;;22-Jan-2026
150803;HDFC Business Cycle Fund - Growth Option;INF179KC1EB5;;14.18;;;22-Jan-2026
150805;HDFC Business Cycle Fund - Growth Option - Direct Plan;INF179KC1DY9;;14.749;;;22-Jan-2026
150806;HDFC Business Cycle Fund - IDCW Option;INF179KC1EC3;INF179KC1ED1;14.18;;;22-Jan-2026
150804;HDFC Business Cycle Fund - IDCW Option - Direct Plan;INF179KC1DZ6;INF179KC1EA7;14.749;;;22-Jan-2026
151751;HDFC Defence Fund - Growth Option;INF179KC1GL9;;22.931;;;22-Jan-2026
151750;HDFC Defence Fund - Growth Option - Direct Plan;INF179KC1GI5;;23.632;;;22-Jan-2026
151748;HDFC Defence Fund - IDCW Option;INF179KC1GM7;INF179KC1GN5;22.931;;;22-Jan-2026
151749;HDFC Defence Fund - IDCW Option - Direct Plan;INF179KC1GJ3;INF179KC1GK1;23.632;;;22-Jan-2026
141923;HDFC Housing Opportunities Fund  - Growth Option;INF179KC1AX7;;21.754;;;22-Jan-2026
141924;HDFC Housing Opportunities Fund  - Growth Option - Direct Plan;INF179KC1AU3;;23.63;;;22-Jan-2026
141922;HDFC Housing Opportunities Fund  - IDCW Option;INF179KC1AY5;INF179KC1AZ2;15.595;;;22-Jan-2026
141921;HDFC Housing Opportunities Fund  - IDCW Option - Direct Plan;INF179KC1AV1;INF179KC1AW9;17.326;;;22-Jan-2026
118979;HDFC Infrastructure Fund - Growth Option - Direct Plan;INF179K01WQ2;;50.825;;;22-Jan-2026
107524;HDFC Infrastructure Fund - Growth Plan;INF179K01GF8;;45.763;;;22-Jan-2026
118978;HDFC Infrastructure Fund - IDCW Option - Direct Plan;INF179K01WP4;INF179K01WR0;31.103;;;22-Jan-2026
107525;HDFC Infrastructure Fund - IDCW Plan;INF179K01GE1;INF179K01GG6;19.626;;;22-Jan-2026
153620;HDFC INNOVATION FUND - DIRECT PLAN - GROWTH OPTION;INF179KC1JO7;;9.957;;;22-Jan-2026
153643;HDFC INNOVATION FUND - IDCW - DIRECT PLAN;INF179KC1JP4;INF179KC1JQ2;9.957;;;22-Jan-2026
153647;HDFC INNOVATION FUND - IDCW - REGULAR PLAN;INF179KC1JM1;INF179KC1JN9;9.892;;;22-Jan-2026
153619;HDFC INNOVATION FUND - REGULAR PLAN - GROWTH OPTION;INF179KC1JL3;;9.892;;;22-Jan-2026
152600;HDFC Manufacturing fund - Growth Option - Direct Plan;INF179KC1II1;;10.845;;;22-Jan-2026
152602;HDFC Manufacturing fund - Growth Option - Regular Plan;INF179KC1IF7;;10.638;;;22-Jan-2026
152603;HDFC Manufacturing fund - IDCW - Direct Plan;INF179KC1IJ9;INF179KC1IK7;10.845;;;22-Jan-2026
152601;HDFC Manufacturing fund - IDCW - Regular Plan;INF179KC1IG5;INF179KC1IH3;10.638;;;22-Jan-2026
151457;HDFC MNC Fund - Growth Option;INF179KC1FF3;;13.241;;;22-Jan-2026
151458;HDFC MNC Fund - Growth Option - Direct Plan;INF179KC1FC0;;13.703;;;22-Jan-2026
151459;HDFC MNC Fund - IDCW Option;INF179KC1FG1;INF179KC1FH9;13.241;;;22-Jan-2026
151460;HDFC MNC Fund - IDCW Option - Direct Plan;INF179KC1FD8;INF179KC1FE6;13.703;;;22-Jan-2026
151803;HDFC Non-Cyclical Consumer Fund - Growth Option;INF179KC1GR6;;13.69;;;22-Jan-2026
151804;HDFC Non-Cyclical Consumer Fund - Growth Option - Direct Plan;INF179KC1GO3;;14.118;;;22-Jan-2026
151802;HDFC Non-Cyclical Consumer Fund - IDCW Option;INF179KC1GS4;INF179KC1GT2;13.69;;;22-Jan-2026
151805;HDFC Non-Cyclical Consumer Fund - IDCW Option - Direct Plan;INF179KC1GP0;INF179KC1GQ8;14.118;;;22-Jan-2026
152084;HDFC Pharma and Healthcare Fund - Growth Option;INF179KC1HL7;;16.613;;;22-Jan-2026
152082;HDFC Pharma and Healthcare Fund - Growth Option - Direct Plan;INF179KC1HO1;;17.081;;;22-Jan-2026
152083;HDFC Pharma and Healthcare Fund - IDCW Option;INF179KC1HM5;INF179KC1HN3;16.613;;;22-Jan-2026
152081;HDFC Pharma and Healthcare Fund - IDCW Option - Direct Plan;INF179KC1HP8;INF179KC1HQ6;17.081;;;22-Jan-2026
152058;HDFC Technology Fund - Growth Option;INF179KC1HF9;;13.64;;;22-Jan-2026
152059;HDFC Technology Fund - Growth Option - Direct Plan;INF179KC1HI3;;14.036;;;22-Jan-2026
152057;HDFC Technology Fund - IDCW Option;INF179KC1HG7;INF179KC1HH5;13.64;;;22-Jan-2026
152060;HDFC Technology Fund - IDCW Option - Direct Plan;INF179KC1HJ1;INF179KC1HK9;14.036;;;22-Jan-2026
151900;HDFC Transportation and Logistics Fund - Growth Option;INF179KC1GX4;;17.452;;;22-Jan-2026
151901;HDFC Transportation and Logistics Fund - Growth Option - Direct Plan;INF179KC1GU0;;17.968;;;22-Jan-2026
151902;HDFC Transportation and Logistics Fund - IDCW Option;INF179KC1GY2;INF179KC1GZ9;17.452;;;22-Jan-2026
151899;HDFC Transportation and Logistics Fund - IDCW Option - Direct Plan;INF179KC1GV8;INF179KC1GW6;17.968;;;22-Jan-2026

ICICI Prudential Mutual Fund
153684;ICICI Prudential Active Momentum Fund - Direct Plan - Growth;INF109K1A385;;10.43;;;22-Jan-2026
153685;ICICI Prudential Active Momentum Fund - Growth;INF109K1A377;;10.37;;;22-Jan-2026
109445;ICICI Prudential Banking and Financial Services Fund -  Growth;INF109K01BU5;;135.43;;;22-Jan-2026
109446;ICICI Prudential Banking and Financial Services Fund -  IDCW;INF109K01DY3;INF109K01BV3;31.52;;;22-Jan-2026
120244;ICICI Prudential Banking and Financial Services Fund - Direct Plan -  Growth;INF109K013J1;;153.09;;;22-Jan-2026
120245;ICICI Prudential Banking and Financial Services Fund - Direct Plan -  IDCW;INF109K011J5;INF109K012J3;76.01;;;22-Jan-2026
146951;ICICI Prudential Bharat Consumption Fund - Direct Plan - Growth Option;INF109KC1YD4;;26.06;;;22-Jan-2026
146949;ICICI Prudential Bharat Consumption Fund - Direct Plan - IDCW Option;INF109KC1YF9;;16.73;;;22-Jan-2026
146950;ICICI Prudential Bharat Consumption Fund - Growth Option;INF109KC1YA0;;24.15;;;22-Jan-2026
146952;ICICI Prudential Bharat Consumption Fund - IDCW Option;INF109KC1YC6;;15.01;;;22-Jan-2026
153867;ICICI Prudential Conglomerate Fund - Direct Plan - Growth;INF109K1A427;;9.82;;;22-Jan-2026
153866;ICICI Prudential Conglomerate Fund - Direct Plan - IDCW;INF109K1A443;INF109K1A435;9.82;;;22-Jan-2026
153865;ICICI Prudential Conglomerate Fund - Growth;INF109K1A393;;9.79;;;22-Jan-2026
153864;ICICI Prudential Conglomerate Fund - IDCW;INF109K1A419;INF109K1A401;9.79;;;22-Jan-2026
152728;ICICI PRUDENTIAL ENERGY OPPORTUNITIES FUND - Direct Plan - Growth;INF109KC12W6;;10.21;;;22-Jan-2026
152729;ICICI PRUDENTIAL ENERGY OPPORTUNITIES FUND - Direct Plan - IDCW;INF109KC13W4;INF109KC14W2;10.21;;;22-Jan-2026
152726;ICICI PRUDENTIAL ENERGY OPPORTUNITIES FUND - Growth;INF109KC15W9;;10.03;;;22-Jan-2026
152727;ICICI PRUDENTIAL ENERGY OPPORTUNITIES FUND - IDCW;INF109KC16W7;INF109KC17W5;10.03;;;22-Jan-2026
153070;ICICI Prudential Equity Minimum Variance Fund - Direct Plan - Growth;INF109KC10Y6;;10.92;;;22-Jan-2026
153071;ICICI Prudential Equity Minimum Variance Fund - Direct Plan - IDCW;INF109KC12Y2;INF109KC11Y4;10.92;;;22-Jan-2026
153069;ICICI Prudential Equity Minimum Variance Fund - Growth;INF109KC17X3;;10.77;;;22-Jan-2026
153068;ICICI Prudential Equity Minimum Variance Fund - IDCW;INF109KC19X9;INF109KC18X1;10.77;;;22-Jan-2026
148516;ICICI Prudential ESG Exclusionary Strategy Fund - Direct Plan - Growth;INF109KC1O09;;23.40;;;22-Jan-2026
148515;ICICI Prudential ESG Exclusionary Strategy Fund - Direct Plan - IDCW;INF109KC1O25;INF109KC1O17;17.87;;;22-Jan-2026
148517;ICICI Prudential ESG Exclusionary Strategy Fund - Growth;INF109KC1N75;;21.84;;;22-Jan-2026
148514;ICICI Prudential ESG Exclusionary Strategy Fund - IDCW;INF109KC1N91;INF109KC1N83;16.45;;;22-Jan-2026
120688;ICICI Prudential Exports & Services Fund - Direct Plan - Growth;INF109K01W25;;180.14;;;22-Jan-2026
120687;ICICI Prudential Exports & Services Fund - Direct Plan - IDCW;INF109K01W09;INF109K01W17;76.62;;;22-Jan-2026
103312;ICICI Prudential Exports & Services Fund - Growth;INF109K01BB5;;164.90;;;22-Jan-2026
103313;ICICI Prudential Exports & Services Fund - IDCW;INF109K01FL5;INF109K01BA7;37.17;;;22-Jan-2026
150310;ICICI PRUDENTIAL HOUSING OPPORTUNITIES FUND - Direct Plan Growth;INF109KC10C2;;17.65;;;22-Jan-2026
150311;ICICI PRUDENTIAL HOUSING OPPORTUNITIES FUND - Direct Plan IDCW;INF109KC11C0;INF109KC12C8;14.96;;;22-Jan-2026
150308;ICICI PRUDENTIAL HOUSING OPPORTUNITIES FUND - Growth;INF109KC17B9;;16.84;;;22-Jan-2026
150309;ICICI PRUDENTIAL HOUSING OPPORTUNITIES FUND - IDCW;INF109KC18B7;INF109KC19B5;14.16;;;22-Jan-2026
145896;ICICI Prudential India Opportunities Fund - Cumulative Option;INF109KC1RE6;;36.91;;;22-Jan-2026
145897;ICICI Prudential India Opportunities Fund - Direct Plan - Cumulative Option;INF109KC1RH9;;40.40;;;22-Jan-2026
145898;ICICI Prudential India Opportunities Fund - Direct Plan - IDCW Option;INF109KC1RJ5;INF109KC1RI7;26.98;;;22-Jan-2026
145899;ICICI Prudential India Opportunities Fund - IDCW Option;INF109KC1RG1;INF109KC1RF3;23.87;;;22-Jan-2026
120621;ICICI Prudential Infrastructure Fund - Direct Plan -  Growth;INF109K018M4;;205.90;;;22-Jan-2026
120622;ICICI Prudential Infrastructure Fund - Direct Plan -  IDCW;INF109K016M8;INF109K017M6;44.99;;;22-Jan-2026
103149;ICICI Prudential Infrastructure Fund - Growth;INF109K01AV5;;189.11;;;22-Jan-2026
103150;ICICI Prudential Infrastructure Fund - IDCW;INF109K01FB6;INF109K01AT9;26.63;;;22-Jan-2026
145077;ICICI Prudential Manufacturing Fund - Cumulative Option;INF109KC1LG4;;34.58;;;22-Jan-2026
145075;ICICI Prudential Manufacturing Fund - Direct Plan - Cumulative Option;INF109KC1LJ8;;37.44;;;22-Jan-2026
145076;ICICI Prudential Manufacturing Fund - Direct Plan - IDCW Option;INF109KC1LK6;;24.29;;;22-Jan-2026
145078;ICICI Prudential Manufacturing Fund - IDCW Option;INF109KC1LH2;;21.81;;;22-Jan-2026
143873;ICICI Prudential Pharma Healthcare and Diagnostics (P.H.D) Fund - Cumulative Option;INF109KC1GE9;;38.00;;;22-Jan-2026
143874;ICICI Prudential Pharma Healthcare and Diagnostics (P.H.D) Fund - Direct Plan - Cumulative Option;INF109KC1GH2;;41.11;;;22-Jan-2026
143876;ICICI Prudential Pharma Healthcare and Diagnostics (P.H.D) Fund - Direct Plan - IDCW Option;INF109KC1GJ8;;24.82;;;22-Jan-2026
143875;ICICI Prudential Pharma Healthcare and Diagnostics (P.H.D) Fund - IDCW Option;INF109KC1GG4;;22.17;;;22-Jan-2026
150539;ICICI Prudential PSU Equity Fund - Direct Plan - Growth;INF109KC12I5;;22.21;;;22-Jan-2026
150541;ICICI Prudential PSU Equity Fund - Direct Plan - IDCW;INF109KC13I3;INF109KC14I1;18.84;;;22-Jan-2026
150538;ICICI Prudential PSU Equity Fund - Growth;INF109KC19H2;;21.20;;;22-Jan-2026
150540;ICICI Prudential PSU Equity Fund - IDCW;INF109KC10I9;INF109KC11I7;17.85;;;22-Jan-2026
153458;ICICI Prudential Quality Fund - Direct Plan - Growth;INF109K1A187;;10.35;;;22-Jan-2026
153460;ICICI Prudential Quality Fund - Direct Plan - IDCW;INF109K1A203;INF109K1A195;10.35;;;22-Jan-2026
153459;ICICI Prudential Quality Fund - Growth;INF109K1A211;;10.26;;;22-Jan-2026
153457;ICICI Prudential Quality Fund - IDCW;INF109K1A179;INF109K1A161;10.26;;;22-Jan-2026
148600;ICICI Prudential Quant Fund Direct Plan Growth;INF109KC1O66;;23.76;;;22-Jan-2026
148601;ICICI Prudential Quant Fund Direct Plan IDCW;INF109KC1O82;INF109KC1O74;15.36;;;22-Jan-2026
148598;ICICI Prudential Quant Fund Growth;INF109KC1O33;;22.98;;;22-Jan-2026
148599;ICICI Prudential Quant Fund IDCW;INF109KC1O58;INF109KC1O41;14.70;;;22-Jan-2026
153184;ICICI Prudential Rural Opportunities Fund - Direct Plan - Growth;INF109KC12Z9;;11.54;;;22-Jan-2026
153182;ICICI Prudential Rural Opportunities Fund - Direct Plan - IDCW;INF109KC14Z5;INF109KC13Z7;11.54;;;22-Jan-2026
153181;ICICI Prudential Rural Opportunities Fund - Growth;INF109KC19Y7;;11.41;;;22-Jan-2026
153183;ICICI Prudential Rural Opportunities Fund - IDCW;INF109KC11Z1;INF109KC10Z3;11.41;;;22-Jan-2026
150685;ICICI PRUDENTIAL TRANSPORTATION AND LOGISTICS FUND - Direct Plan - Growth;INF109KC12K1;;21.14;;;22-Jan-2026
150687;ICICI PRUDENTIAL TRANSPORTATION AND LOGISTICS FUND - Direct Plan - IDCW;INF109KC13K9;INF109KC14K7;18.03;;;22-Jan-2026
150684;ICICI PRUDENTIAL TRANSPORTATION AND LOGISTICS FUND - Growth;INF109KC19J8;;20.29;;;22-Jan-2026
150686;ICICI PRUDENTIAL TRANSPORTATION AND LOGISTICS FUND - IDCW;INF109KC10K5;INF109KC11K3;17.20;;;22-Jan-2026

LIC Mutual Fund
134017;LIC MF Banking and Financial Services Fund-Direct Plan-Growth;INF767K01NK6;;25.0511;;;22-Jan-2026
133908;LIC MF Banking and Financial Services Fund-Direct Plan-IDCW;INF767K01NJ8;INF767K01NL4;24.8805;;;22-Jan-2026
134016;LIC MF Banking and Financial Services Fund-Regular Plan-Growth;INF767K01NH2;;22.0489;;;22-Jan-2026
134015;LIC MF Banking and Financial Services Fund-Regular Plan-IDCW;INF767K01NG4;INF767K01NI0;22.0451;;;22-Jan-2026
153948;LIC MF Consumption Fund-Direct Plan-Growth;INF767K01SD0;;9.4899;;;22-Jan-2026
153949;LIC MF Consumption Fund-Direct Plan-IDCW;INF767K01SF5;INF767K01SE8;9.4899;;;22-Jan-2026
153950;LIC MF Consumption Fund-Regular Plan-Growth;INF767K01SA6;;9.4612;;;22-Jan-2026
153951;LIC MF Consumption Fund-Regular Plan-IDCW;INF767K01SC2;INF767K01SB4;9.4612;;;22-Jan-2026
152024;LIC MF Healthcare Fund-Direct Plan-Growth;INF397L01LK4;;30.4874;;;22-Jan-2026
152023;LIC MF Healthcare Fund-Direct Plan-IDCW;INF397L01LH0;INF397L01LI8;30.4787;;;22-Jan-2026
152025;LIC MF Healthcare Fund-Regular Plan-Growth;INF397L01LG2;;27.7548;;;22-Jan-2026
152026;LIC MF Healthcare Fund-Regular Plan-IDCW;INF397L01LD9;INF397L01LE7;27.7553;;;22-Jan-2026
120351;LIC MF Infrastructure Fund-Direct Plan-Growth;INF767K01GW5;;53.6102;;;22-Jan-2026
120350;LIC MF Infrastructure Fund-Direct Plan-IDCW;INF767K01GV7;INF767K01GX3;52.6393;;;22-Jan-2026
107763;LIC MF Infrastructure Fund-Regular Plan-Growth;INF767K01501;;46.5665;;;22-Jan-2026
107764;LIC MF Infrastructure Fund-Regular Plan-IDCW;INF767K01485;INF767K01493;46.5677;;;22-Jan-2026
152920;LIC MF Manufacturing Fund-Direct Plan-Growth;INF767K01RR2;;9.5567;;;22-Jan-2026
152921;LIC MF Manufacturing Fund-Direct Plan-IDCW;INF767K01RT8;INF767K01RS0;9.5567;;;22-Jan-2026
152922;LIC MF Manufacturing Fund-Regular Plan-Growth;INF767K01RO9;;9.3513;;;22-Jan-2026
152923;LIC MF Manufacturing Fund-Regular Plan-IDCW;INF767K01RQ4;INF767K01RP6;9.3513;;;22-Jan-2026

Quantum Mutual Fund
147372;QUANTUM ESG BEST IN CLASS STRATEGY FUND - DIRECT PLAN - GROWTH OPTION;INF082J01382;;24.64;;;22-Jan-2026
147371;QUANTUM ESG BEST IN CLASS STRATEGY FUND - REGULAR PLAN - GROWTH OPTION;INF082J01390;;23.19;;;22-Jan-2026
153094;Quantum Ethical Fund - Direct Plan Growth Option;INF082J01473;;9.52;;;22-Jan-2026
153095;Quantum Ethical Fund - Regular Plan Growth Option;INF082J01481;;9.38;;;22-Jan-2026

SBI Mutual Fund
152657;SBI Automotive Opportunities Fund - Direct Plan - Growth;INF200KB1183;;11.0345;;;22-Jan-2026
152655;SBI Automotive Opportunities Fund - Direct Plan - Income Distribution Cum Capital Withdrawal Option;INF200KB1191;INF200KB1209;11.0342;;;22-Jan-2026
152658;SBI Automotive Opportunities Fund - Regular Plan - Growth;INF200KB1159;;10.8314;;;22-Jan-2026
152656;SBI Automotive Opportunities Fund - Regular Plan - Income Distribution Cum Capital Withdrawal Option;INF200KB1167;INF200KB1175;10.8316;;;22-Jan-2026
133859;SBI BANKING & FINANCIAL SERVICES FUND - DIRECT PLAN - GROWTH;INF200KA1507;;51.0403;;;22-Jan-2026
133857;SBI Banking & Financial Services Fund - Direct Plan - Income Distribution cum Capital Withdrawal Option (IDCW);INF200KA1515;INF200KA1523;45.6222;;;22-Jan-2026
133858;SBI BANKING & FINANCIAL SERVICES FUND - REGULAR PLAN - GROWTH;INF200KA1473;;45.4720;;;22-Jan-2026
133860;SBI Banking & Financial Services Fund - Regular Plan - Income Distribution cum Capital Withdrawal Option (IDCW);INF200KA1481;INF200KA1499;40.8363;;;22-Jan-2026
119705;SBI COMMA Fund - DIRECT PLAN - Growth;INF200K01SB6;;117.3960;;;22-Jan-2026
119613;SBI Comma Fund - Direct Plan - Income Distribution cum Capital Withdrawal Option (IDCW);INF200K01RZ7;INF200K01SA8;66.8039;;;22-Jan-2026
103145;SBI COMMA Fund - REGULAR PLAN - Growth;INF200K01339;;108.1731;;;22-Jan-2026
103146;SBI Comma Fund - Regular Plan - Income Distribution cum Capital Withdrawal Option (IDCW);INF200K01313;INF200K01321;61.4003;;;22-Jan-2026
120575;SBI CONSUMPTION OPPORTUNITIES FUND - DIRECT PLAN - GROWTH;INF200K01RM5;;333.7575;;;22-Jan-2026
119730;SBI Consumption Opportunities Fund - Direct Plan - Income Distribution cum Capital Withdrawal Option (IDCW);INF200K01RK9;INF200K01RL7;234.9620;;;22-Jan-2026
120576;SBI CONSUMPTION OPPORTUNITIES FUND - REGULAR - GROWTH;INF200K01VR6;;290.9663;;;22-Jan-2026
100645;SBI Consumption Opportunities Fund - Regular Plan - Income Distribution cum Capital Withdrawal Option (IDCW);INF200K01404;INF200K01412;175.1817;;;22-Jan-2026
152417;SBI Energy Opportunities Fund - Direct Plan - Growth;INF200KB1126;;10.5059;;;22-Jan-2026
152420;SBI Energy Opportunities Fund - Direct Plan - Income Distribution Cum Capital Withdrawal Option;INF200KB1134;INF200KB1142;10.5057;;;22-Jan-2026
152418;SBI Energy Opportunities Fund - Regular Plan - Growth;INF200KB1092;;10.2875;;;22-Jan-2026
152419;SBI Energy Opportunities Fund - Regular Plan - Income Distribution Cum Capital Withdrawal Option;INF200KB1100;INF200KB1118;10.2877;;;22-Jan-2026
146643;SBI Equity Minimum Variance Fund - Direct Plan - Growth;INF200KA1A71;;24.5330;;;22-Jan-2026
146642;SBI Equity Minimum Variance Fund - Direct Plan - Income Distribution cum Capital Withdrawal Option (IDCW);INF200KA1A89;INF200KA1A97;24.5315;;;22-Jan-2026
146644;SBI Equity Minimum Variance Fund - Regular Plan - Growth;INF200KA1A48;;23.9340;;;22-Jan-2026
146641;SBI Equity Minimum Variance Fund - Regular Plan - Income Distribution cum Capital Withdrawal Option (IDCW);INF200KA1A55;INF200KA1A63;23.9378;;;22-Jan-2026
119708;SBI ESG Exclusionary Strategy Fund - Direct Plan - Income Distribution cum Capital Withdrawal Option (IDCW);INF200K01SC4;INF200K01SD2;94.3056;;;22-Jan-2026
119709;SBI ESG Exclusionary Strategy Fund - Direct Plan -Growth;INF200K01SE0;;262.6930;;;22-Jan-2026
104523;SBI ESG Exclusionary Strategy Fund - Regular Plan - Growth;INF200K01214;;239.0239;;;22-Jan-2026
101295;SBI ESG Exclusionary Strategy Fund - Regular Plan - Income Distribution cum Capital Withdrawal Option (IDCW);INF200K01198;INF200K01206;74.7535;;;22-Jan-2026
119700;SBI INFRASTRUCTURE FUND -  DIRECT PLAN - GROWTH;INF200K01RS2;;51.3637;;;22-Jan-2026
106096;SBI INFRASTRUCTURE FUND -  REGULAR PLAN - GROWTH;INF200K01CT2;;47.3561;;;22-Jan-2026
119695;SBI Infrastructure Fund - Direct Plan - Income Distribution cum Capital Withdrawal Option (IDCW);INF200K01RQ6;INF200K01RR4;45.4576;;;22-Jan-2026
106095;SBI Infrastructure Fund - Regular Plan - Income Distribution cum Capital Withdrawal Option (IDCW);INF200K01CU0;INF200K01CV8;42.1271;;;22-Jan-2026
152776;SBI Innovative Opportunities Fund - Direct Plan - Growth;INF200KB1324;;9.3498;;;22-Jan-2026
152777;SBI Innovative Opportunities Fund - Direct Plan - Income Distribution Cum Capital Withdrawal Option;INF200KB1332;INF200KB1340;9.3498;;;22-Jan-2026
152774;SBI Innovative Opportunities Fund - Regular Plan - Growth;INF200KB1290;;9.2008;;;22-Jan-2026
152775;SBI Innovative Opportunities Fund - Regular Plan - Income Distribution Cum Capital Withdrawal Option;INF200KB1308;INF200KB1316;9.2013;;;22-Jan-2026
119710;SBI MNC Fund - Direct Plan - Income Distribution cum Capital Withdrawal Option (IDCW);INF200K01SL5;INF200K01SM3;135.2380;;;22-Jan-2026
119711;SBI MNC FUND - DIRECT PLAN -GROWTH;INF200K01SN1;;378.8550;;;22-Jan-2026
103114;SBI MNC Fund - Regular Plan - Income Distribution cum Capital Withdrawal Option (IDCW);INF200K01255;INF200K01263;104.6881;;;22-Jan-2026
103034;SBI MNC FUND - REGULAR PLAN -GROWTH;INF200K01271;;342.6869;;;22-Jan-2026
119732;SBI PSU Fund - DIRECT PLAN - GROWTH;INF200K01UY4;;37.6080;;;22-Jan-2026
119733;SBI PSU Fund - Direct Plan - Income Distribution cum Capital Withdrawal Option (IDCW);INF200K01UW8;INF200K01UX6;37.5530;;;22-Jan-2026
112923;SBI PSU Fund - Regular Plan - Income Distribution cum Capital Withdrawal Option (IDCW);INF200K01BD8;INF200K01BE6;33.9742;;;22-Jan-2026
113099;SBI PSU Fund - REGULAR PLAN -Growth;INF200K01BC0;;33.9781;;;22-Jan-2026
153154;SBI Quant Fund- Direct Plan- Growth;INF200KB1506;;10.5127;;;22-Jan-2026
153151;SBI Quant Fund- Direct Plan- Income Distribution cum Capital Withdrawal Option (IDCW);INF200KB1514;INF200KB1522;10.5125;;;22-Jan-2026
153153;SBI Quant Fund- Regular Plan- Growth;INF200KB1472;;10.3803;;;22-Jan-2026
153152;SBI Quant Fund- Regular Plan- Income Distribution Cum Capital Withdrawal Option (IDCW);INF200KB1480;INF200KB1498;10.3803;;;22-Jan-2026

Taurus Mutual Fund
118868;Taurus Banking & Financial Services Fund - Direct Plan - Growth;INF044D01CN2;;60.21;;;22-Jan-2026
118869;Taurus Banking & Financial Services Fund - Direct Plan - Payout of Income Distribution cum Capital Withdrawal option;INF044D01CO0;INF044D01CP7;59.52;;;22-Jan-2026
117312;Taurus Banking & Financial Services Fund - Regular Plan - Growth;INF044D01BI4;;53.64;;;22-Jan-2026
117313;Taurus Banking & Financial Services Fund - Regular Plan - Payout of Income Distribution cum Capital Withdrawal option;INF044D01BJ2;INF044D01BK0;48.02;;;22-Jan-2026
111903;Taurus Ethical Fund -  Regular Plan - Bonus Option;INF044D01823;;125.07;;;22-Jan-2026
118876;Taurus Ethical Fund - Direct Plan - Growth;INF044D01CJ0;;141.92;;;22-Jan-2026
118877;Taurus Ethical Fund - Direct Plan - Payout of Income Distribution cum Capital Withdrawal option;INF044D01CK8;INF044D01CL6;95.27;;;22-Jan-2026
111787;Taurus Ethical Fund - Regular Plan - Growth;INF044D01864;;125.09;;;22-Jan-2026
111788;Taurus Ethical Fund - Regular Plan - Payout of Income Distribution cum Capital Withdrawal option;INF044D01831;INF044D01849;84.56;;;22-Jan-2026
118878;Taurus Ethical Fund-Direct Plan-Bonus Option #;INF044D01CM4;;46.51;;;22-Jan-2026
118879;Taurus Infrastructure Fund - Direct Plan - Growth ;INF044D01CD3;;68.43;;;22-Jan-2026
118880;Taurus Infrastructure Fund - Direct Plan - Payout of Income Distribution cum Capital Withdrawal option;INF044D01CE1;INF044D01CF8;63.73;;;22-Jan-2026
105417;Taurus Infrastructure Fund - Regular Plan - Growth;INF044D01906;;63.60;;;22-Jan-2026
105418;Taurus Infrastructure Fund - Regular Plan - Payout of Income Distribution cum Capital Withdrawal option;INF044D01872;INF044D01880;59.73;;;22-Jan-2026

Open Ended Schemes ( Equity Scheme - ELSS )


Groww Mutual Fund
141807;Groww ELSS Tax Saver Fund (formerly known as Indiabulls Tax Savings Fund)- Direct Plan- Dividend Option;INF666M01DL5;;22.18;;;22-Jan-2026
141808;Groww ELSS Tax Saver Fund (formerly known as Indiabulls Tax Savings Fund)- Direct Plan- Growth Option;INF666M01DK7;;22.21;;;22-Jan-2026
141810;Groww ELSS Tax Saver Fund (formerly known as Indiabulls Tax Savings Fund)- Regular Plan- - Income Distribution cum capital withdrawal Option (Payout);INF666M01DO9;;19.44;;;22-Jan-2026
141862;Groww ELSS Tax Saver Fund (formerly known as Indiabulls Tax Savings Fund)-Regular Plan-Growth Option;INF666M01DN1;;19.44;;;22-Jan-2026

HDFC Mutual Fund
119060;HDFC ELSS Tax saver - Growth Option - Direct Plan;INF179K01YS4;;1540.174;;;22-Jan-2026
101979;HDFC ELSS Tax saver - Growth Plan;INF179K01BB8;;1421.716;;;22-Jan-2026
119059;HDFC ELSS Tax saver - IDCW Option - Direct Plan;INF179K01YQ8;INF179K01YR6;103.251;;;22-Jan-2026
101980;HDFC ELSS Tax saver - IDCW Plan;INF179K01AZ9;INF179K01BA0;75.985;;;22-Jan-2026

ICICI Prudential Mutual Fund
120592;ICICI Prudential ELSS Tax Saver Fund - Direct Plan - Growth;INF109K01Y31;;1031.74;;;22-Jan-2026
120593;ICICI Prudential ELSS Tax Saver Fund - Direct Plan - IDCW;INF109K01Y15;INF109K01Y23;45.77;;;22-Jan-2026
100354;ICICI Prudential ELSS Tax Saver Fund - Growth;INF109K01464;;926.50;;;22-Jan-2026
100353;ICICI Prudential ELSS Tax Saver Fund - IDCW;INF109K01FN1;INF109K01472;22.56;;;22-Jan-2026

JM Financial Mutual Fund
120494;JM ELSS Tax Saver Fund (Direct) - Growth Option;INF192K01CE3;;54.5789;;;22-Jan-2026
120493;JM ELSS Tax Saver Fund (Direct) - IDCW;INF192K01CD5;;53.2333;;;22-Jan-2026
107288;JM ELSS Tax Saver Fund (Regular) - Growth option;INF192K01650;;47.4677;;;22-Jan-2026
107287;JM ELSS Tax Saver Fund (Regular) - IDCW;INF192K01643;;47.467;;;22-Jan-2026

LIC Mutual Fund
120270;LIC MF ELSS Tax Saver-Direct Plan-Growth;INF767K01EM1;;170.5191;;;22-Jan-2026
120269;LIC MF ELSS Tax Saver-Direct Plan-IDCW;INF767K01EL3;INF767K01EN9;37.6555;;;22-Jan-2026
100865;LIC MF ELSS Tax Saver-Regular Plan-Growth;INF767K01956;;148.4685;;;22-Jan-2026
100864;LIC MF ELSS Tax Saver-Regular Plan-IDCW;INF767K01931;INF767K01949;31.0809;;;22-Jan-2026
134878;LIC MF ULIS (10 Yrs. Regular Premium Reducing Cover Half-Yearly)-Direct Plan-IDCW Reinvestment;;INF767K01DR2;39.4971;;;22-Jan-2026
134865;LIC MF ULIS (10 Yrs. Regular Premium Reducing Cover Half-Yearly)-Regular Plan-IDCW Reinvestment;;INF767K01998;35.3429;;;22-Jan-2026
134876;LIC MF ULIS (10 Yrs. Regular Premium Reducing Cover Monthly)-Direct Plan-IDCW Reinvestment;;INF767K01DQ4;39.4971;;;22-Jan-2026
134847;LIC MF ULIS (10 Yrs. Regular Premium Reducing Cover Monthly)-Regular Plan-IDCW Reinvestment;;INF767K01980;35.3429;;;22-Jan-2026
135976;LIC MF ULIS (10 Yrs. Regular Premium Reducing Cover Quarterly)-Direct Plan-IDCW Reinvestment;;INF767K01OY5;39.4971;;;22-Jan-2026
135979;LIC MF ULIS (10 Yrs. Regular Premium Reducing Cover Quarterly)-Regular Plan-IDCW Reinvestment;;INF767K01OV1;35.3429;;;22-Jan-2026
134877;LIC MF ULIS (10 Yrs. Regular Premium Reducing Cover Yearly)-Direct Plan-IDCW Reinvestment;;INF767K01DS0;39.4971;;;22-Jan-2026
134864;LIC MF ULIS (10 Yrs. Regular Premium Reducing Cover Yearly)-Regular Plan-IDCW Reinvestment;;INF767K01AA4;35.3429;;;22-Jan-2026
134879;LIC MF ULIS (10 Yrs. Regular Premium Uniform Cover Half-Yearly)-Direct Plan-IDCW Reinvestment;;INF767K01DU6;39.4971;;;22-Jan-2026
134867;LIC MF ULIS (10 Yrs. Regular Premium Uniform Cover Half-Yearly)-Regular Plan-IDCW Reinvestment;;INF767K01AC0;35.3429;;;22-Jan-2026
134881;LIC MF ULIS (10 Yrs. Regular Premium Uniform Cover Monthly)-Direct Plan-IDCW Reinvestment;;INF767K01DT8;39.4971;;;22-Jan-2026
134863;LIC MF ULIS (10 Yrs. Regular Premium Uniform Cover Monthly)-Regular Plan-IDCW Reinvestment;;INF767K01AB2;35.3429;;;22-Jan-2026
135977;LIC MF ULIS (10 Yrs. Regular Premium Uniform Cover Quarterly)-Direct Plan-IDCW Reinvestment;;INF767K01PB0;39.4971;;;22-Jan-2026
135983;LIC MF ULIS (10 Yrs. Regular Premium Uniform Cover Quarterly)-Regular Plan-IDCW Reinvestment;;INF767K01PA2;35.3429;;;22-Jan-2026
134880;LIC MF ULIS (10 Yrs. Regular Premium Uniform Cover Yearly)-Direct Plan-IDCW Reinvestment;;INF767K01DV4;39.4971;;;22-Jan-2026
134868;LIC MF ULIS (10 Yrs. Regular Premium Uniform Cover Yearly)-Regular Plan-IDCW Reinvestment;;INF767K01AD8;35.3429;;;22-Jan-2026
134875;LIC MF ULIS (10 Yrs. Single Premium)-Direct Plan-IDCW Reinvestment;;INF767K01DP6;39.4971;;;22-Jan-2026
134846;LIC MF ULIS (10 Yrs. Single Premium)-Regular Plan-IDCW Reinvestment;;INF767K01972;35.3429;;;22-Jan-2026
134882;LIC MF ULIS (15 Yrs. Regular Premium Reducing Cover Half-Yearly)-Direct Plan-IDCW Reinvestment;;INF767K01DX0;39.4971;;;22-Jan-2026
134870;LIC MF ULIS (15 Yrs. Regular Premium Reducing Cover Half-Yearly)-Regular Plan-IDCW Reinvestment;;INF767K01AF3;35.3429;;;22-Jan-2026
134884;LIC MF ULIS (15 Yrs. Regular Premium Reducing Cover Monthly)-Direct Plan-IDCW Reinvestment;;INF767K01DW2;39.4971;;;22-Jan-2026
134869;LIC MF ULIS (15 Yrs. Regular Premium Reducing Cover Monthly)-Regular Plan-IDCW Reinvestment;;INF767K01AE6;35.3429;;;22-Jan-2026
135978;LIC MF ULIS (15 Yrs. Regular Premium Reducing Cover Quarterly)-Direct Plan-IDCW Reinvestment;;INF767K01OX7;39.4971;;;22-Jan-2026
135981;LIC MF ULIS (15 Yrs. Regular Premium Reducing Cover Quarterly)-Regular Plan-IDCW Reinvestment;;INF767K01OU3;35.3429;;;22-Jan-2026
134883;LIC MF ULIS (15 Yrs. Regular Premium Reducing Cover Yearly)-Direct Plan-IDCW Reinvestment;;INF767K01DY8;39.4971;;;22-Jan-2026
134871;LIC MF ULIS (15 Yrs. Regular Premium Reducing Cover Yearly)-Regular Plan-IDCW Reinvestment;;INF767K01AG1;35.3429;;;22-Jan-2026
134885;LIC MF ULIS (15 Yrs. Regular Premium Uniform Cover Half-Yearly)-Direct Plan-IDCW Reinvestment;;INF767K01EA6;39.4971;;;22-Jan-2026
134873;LIC MF ULIS (15 Yrs. Regular Premium Uniform Cover Half-Yearly)-Regular Plan-IDCW Reinvestment;;INF767K01AI7;35.3429;;;22-Jan-2026
134887;LIC MF ULIS (15 Yrs. Regular Premium Uniform Cover Monthly)-Direct Plan-IDCW Reinvestment;;INF767K01DZ5;39.4971;;;22-Jan-2026
134872;LIC MF ULIS (15 Yrs. Regular Premium Uniform Cover Monthly)-Regular Plan-IDCW Reinvestment;;INF767K01AH9;35.3429;;;22-Jan-2026
135980;LIC MF ULIS (15 Yrs. Regular Premium Uniform Cover Quarterly)-Direct Plan-IDCW Reinvestment;;INF767K01OZ2;39.4971;;;22-Jan-2026
135982;LIC MF ULIS (15 Yrs. Regular Premium Uniform Cover Quarterly)-Regular Plan-IDCW Reinvestment;;INF767K01OW9;35.3429;;;22-Jan-2026
134886;LIC MF ULIS (15 Yrs. Regular Premium Uniform Cover Yearly)-Direct Plan-IDCW Reinvestment;;INF767K01EB4;39.4971;;;22-Jan-2026
134874;LIC MF ULIS (15Yrs. Regular Premium Uniform Cover Yearly)-Regular Plan-IDCW Reinvestment;;INF767K01AJ5;35.3429;;;22-Jan-2026
120259;LIC MF ULIS (5 Yrs. Single Premium)-Direct Plan-IDCW Reinvestment;;INF767K01DO9;39.4971;;;22-Jan-2026
100325;LIC MF ULIS (5 Yrs. Single Premium)-Regular Plan-IDCW Reinvestment;;INF767K01964;35.3429;;;22-Jan-2026

Navi Mutual Fund
135653;Navi ELSS Tax Saver Fund - Direct Plan IDCW Payout;INF959L01CE3;;34.0585;;;22-Jan-2026
135652;Navi ELSS Tax Saver Fund - Regular Plan IDCW Payout;INF959L01CG8;;28.8107;;;22-Jan-2026
135654;Navi ELSS Tax Saver Fund- Direct Plan- Growth Option;INF959L01CD5;;34.4904;;;22-Jan-2026
135655;Navi ELSS Tax Saver Fund- Regular Plan- Growth Option;INF959L01CF0;;28.8135;;;22-Jan-2026
151471;NAVI ELSS TAX SAVER NIFTY 50 INDEX FUND - DIRECT PLAN GROWTH;INF959L01GR6;;15.2835;;;22-Jan-2026
151473;NAVI ELSS TAX SAVER NIFTY 50 INDEX FUND - DIRECT PLAN IDCW PAYOUT;INF959L01GT2;;15.2905;;;22-Jan-2026
151472;NAVI ELSS TAX SAVER NIFTY 50 INDEX FUND - REGULAR PLAN GROWTH;INF959L01GS4;;14.8686;;;22-Jan-2026
151474;NAVI ELSS TAX SAVER NIFTY 50 INDEX FUND - REGULAR PLAN IDCW PAYOUT;INF959L01GU0;;14.9273;;;22-Jan-2026

Quantum Mutual Fund
111549;Quantum ELSS Tax Saver Fund - Direct Plan Growth Option;INF082J01069;;130.14;;;22-Jan-2026
111550;Quantum ELSS Tax Saver Fund - Direct Plan IDCW;INF082J01077;INF082J01085;129.30;;;22-Jan-2026
141070;Quantum ELSS Tax Saver Fund - Regular Plan Growth Option;INF082J01366;;123.40;;;22-Jan-2026
141071;Quantum ELSS Tax Saver Fund - Regular Plan IDCW;INF082J01374;;122.56;;;22-Jan-2026

SBI Mutual Fund
119722;SBI ELSS Tax Saver Fund - Direct Plan - Income Distribution cum Capital Withdrawal Option (IDCW);INF200K01UK3;;117.8483;;;22-Jan-2026
119723;SBI ELSS Tax Saver FUND - DIRECT PLAN -GROWTH;INF200K01UM9;;475.7919;;;22-Jan-2026
103883;SBI ELSS Tax Saver Fund - Regular Plan - Income Distribution cum Capital Withdrawal Option (IDCW);INF200K01479;;88.9713;;;22-Jan-2026
105628;SBI ELSS Tax Saver FUND - REGULAR PLAN- GROWTH;INF200K01495;;438.8442;;;22-Jan-2026

Taurus Mutual Fund
118866;Taurus ELSS Tax Saver Fund - Direct Plan - Growth;INF044D01CG6;INF044D01AA3;190.99;;;22-Jan-2026
118867;Taurus ELSS Tax Saver Fund - Direct Plan - Payout of Income Distribution cum Capital Withdrawal option;INF044D01CH4;INF044D01CI2;88.02;;;22-Jan-2026
100480;Taurus ELSS Tax Saver Fund - Regular Plan - Growth;INF044D01AC9;;174.65;;;22-Jan-2026
108402;Taurus ELSS Tax Saver Fund - Regular Plan - Payout of Income Distribution cum Capital Withdrawal option;INF044D01997;;81.82;;;22-Jan-2026

Open Ended Schemes ( Debt Scheme - Overnight Fund )


Groww Mutual Fund
147458;Groww Overnight Fund (formerly known as Indiabulls Overnight Fund)- Direct Plan- - Income Distribution cum capital withdrawal Option ( Reinvestment);;INF666M01GM6;1001.3598;;;22-Jan-2026
147452;Groww Overnight Fund (formerly known as Indiabulls Overnight Fund)- Direct Plan- Fortnightly - Income Distribution cum capital withdrawal Option (Payout & Reinvestment);INF666M01GP9;INF666M01GQ7;1216.4375;;;22-Jan-2026
147450;Groww Overnight Fund (formerly known as Indiabulls Overnight Fund)- Direct Plan- Growth Option;INF666M01GL8;;1375.0618;;;22-Jan-2026
147453;Groww Overnight Fund (formerly known as Indiabulls Overnight Fund)- Direct Plan- Monthly - Income Distribution cum capital withdrawal Option (Payout & Reinvestment);INF666M01GR5;INF666M01GS3;1004.2911;;;22-Jan-2026
147451;Groww Overnight Fund (formerly known as Indiabulls Overnight Fund)- Direct Plan- Weekly - Income Distribution cum capital withdrawal Option (Payout & Reinvestment);INF666M01GN4;INF666M01GO2;1002.408;;;22-Jan-2026
147455;Groww Overnight Fund (formerly known as Indiabulls Overnight Fund)- Regular Plan- - Income Distribution cum capital withdrawal Option ( Reinvestment);;INF666M01GU9;1001.0416;;;22-Jan-2026
147457;Groww Overnight Fund (formerly known as Indiabulls Overnight Fund)- Regular Plan- Fortnightly - Income Distribution cum capital withdrawal Option (Payout & Reinvestment);INF666M01GX3;INF666M01GY1;1002.2576;;;22-Jan-2026
147454;Groww Overnight Fund (formerly known as Indiabulls Overnight Fund)- Regular Plan- Growth Option;INF666M01GT1;;1366.6835;;;22-Jan-2026
147459;Groww Overnight Fund (formerly known as Indiabulls Overnight Fund)- Regular Plan- Monthly - Income Distribution cum capital withdrawal Option (Payout & Reinvestment);INF666M01GZ8;INF666M01HA9;1004.3272;;;22-Jan-2026
147456;Groww Overnight Fund (formerly known as Indiabulls Overnight Fund)- Regular Plan- Weekly - Income Distribution cum capital withdrawal Option (Payout & Reinvestment);INF666M01GV7;INF666M01GW5;1001.322;;;22-Jan-2026
149394;Groww Overnight Fund (formerly known as Indiabulls Overnight Fund)- Unclaimed Dividend < 3 years;;;1272.7109;;;22-Jan-2026
149396;Groww Overnight Fund (formerly known as Indiabulls Overnight Fund)- Unclaimed Redemption < 3 Years;;;1261.6995;;;22-Jan-2026
149395;Groww Overnight Fund (formerly known as Indiabulls Overnight Fund)- Unclaimed Redemption > 3 Years;;;1000;;;22-Jan-2026

HDFC Mutual Fund
119109;HDFC Overnight Fund - Daily IDCW Option - Direct Plan;;INF179KB1HY1;1042.66;;;22-Jan-2026
101996;HDFC Overnight Fund - Growth Option;INF179KB1HS3;;3915.9188;;;22-Jan-2026
119110;HDFC Overnight Fund - Growth Option - Direct Plan;INF179KB1HT1;;3955.862;;;22-Jan-2026
101997;HDFC Overnight Fund - IDCW Option (Daily);;INF179KB1IF8;1042.66;;;22-Jan-2026

ICICI Prudential Mutual Fund
145547;ICICI Prudential Overnight Fund - Daily IDCW;;INF109KC18E1;1000.0050;;;22-Jan-2026
145537;ICICI Prudential Overnight Fund - Direct Plan - Daily IDCW;;INF109KC12G9;1000.0050;;;22-Jan-2026
145536;ICICI Prudential Overnight Fund - Direct Plan - Growth;INF109KC11G1;;1437.8721;;;22-Jan-2026
149411;ICICI Prudential Overnight fund - Direct Plan - Unclaimed IDCW Stable Scheme;INF109KC18H4;;1000.0000;;;22-Jan-2026
149408;ICICI Prudential Overnight fund - Direct Plan - Unclaimed IDCW Transitory Scheme;INF109KC16H8;;1268.6562;;;22-Jan-2026
149409;ICICI Prudential Overnight fund - Direct Plan - Unclaimed Redemption Stable Scheme;INF109KC17H6;;1000.0000;;;22-Jan-2026
149410;ICICI Prudential Overnight fund - Direct Plan - Unclaimed Redemption Transitory Scheme;INF109KC15H0;;1268.6719;;;22-Jan-2026
145539;ICICI Prudential Overnight Fund - Direct Plan - Weekly IDCW;INF109KC16G0;INF109KC15G2;1000.4396;;;22-Jan-2026
145535;ICICI Prudential Overnight Fund - Growth;INF109KC17E3;;1429.2749;;;22-Jan-2026
145538;ICICI Prudential Overnight Fund - Weekly IDCW;INF109KC12F1;INF109KC11F3;1000.4345;;;22-Jan-2026

JM Financial Mutual Fund
147838;JM Overnight Fund (Direct) - Daily IDCW;;INF192K01LY2;1000;;;22-Jan-2026
147835;JM Overnight Fund (Direct) - Weekly IDCW;INF192K01LZ9;INF192K01MA0;1000.2785;;;22-Jan-2026
147839;JM Overnight Fund (Regular) - Daily IDCW;;INF192K01LU0;1000;;;22-Jan-2026
147836;JM Overnight Fund (Regular) - Growth;INF192K01LX4;;1347.1853;;;22-Jan-2026
147834;JM Overnight Fund (Regular) - Weekly IDCW;INF192K01LV8;INF192K01LW6;1000.2751;;;22-Jan-2026
147837;JM Overnight Fund - (Direct) - Growth;INF192K01MB8;;1352.9704;;;22-Jan-2026
149828;JM Overnight Fund - (Direct) - Unclaimed IDCW - Growth Plan;;;1359.3005;;;22-Jan-2026
149827;JM Overnight Fund - (Direct) - Unclaimed IDCW I.E.F. - Growth Plan;;;1073.9936;;;22-Jan-2026
149829;JM Overnight Fund - (Direct) - Unclaimed Redemption - Growth Plan;;;1352.9899;;;22-Jan-2026
149826;JM Overnight Fund - (Direct) - Unclaimed Redemption I.E.F. - Growth Plan;;;1073.9936;;;22-Jan-2026

LIC Mutual Fund
147516;LIC MF Overnight Fund-Direct Plan-Daily IDCW;;INF767K01QG7;1094.9371;;;22-Jan-2026
147515;LIC MF Overnight Fund-Direct Plan-Growth;INF767K01QI3;;1383.2251;;;22-Jan-2026
147513;LIC MF Overnight Fund-Direct Plan-IDCW;INF767K01QE2;INF767K01QF9;1383.369;;;22-Jan-2026
147514;LIC MF Overnight Fund-Direct Plan-Weekly IDCW;;INF767K01QH5;1078.4615;;;22-Jan-2026
147517;LIC MF Overnight Fund-Regular Plan-Daily IDCW;;INF767K01QB8;1093.3925;;;22-Jan-2026
147519;LIC MF Overnight Fund-Regular Plan-Growth;INF767K01QD4;;1372.0349;;;22-Jan-2026
147512;LIC MF Overnight Fund-Regular Plan-IDCW;INF767K01PZ9;INF767K01QA0;1213.6685;;;22-Jan-2026
147518;LIC MF Overnight Fund-Regular Plan-Weekly IDCW;;INF767K01QC6;1179.632;;;22-Jan-2026

SBI Mutual Fund
119831;SBI Overnight Fund - Direct Plan - Daily Income Distribution cum Capital Withdrawal Option (IDCW);;INF200K01TJ7;1346.8405;;;22-Jan-2026
119833;SBI OVERNIGHT FUND - DIRECT PLAN - GROWTH;INF200K01TK5;;4339.2173;;;22-Jan-2026
119832;SBI Overnight Fund - Direct Plan - Weekly Income Distribution cum Capital Withdrawal Option (IDCW);INF200K01TL3;INF200K01TM1;1375.3165;;;22-Jan-2026
114297;SBI Overnight Fund - Regular Plan - Daily Income Distribution cum Capital Withdrawal Option (IDCW);;INF200K01LN6;1340.9758;;;22-Jan-2026
101206;SBI OVERNIGHT FUND - REGULAR PLAN - GROWTH;INF200K01LQ9;;4281.5645;;;22-Jan-2026
103140;SBI Overnight Fund - Regular Plan - Weekly Income Distribution cum Capital Withdrawal Option (IDCW);INF200K01LO4;INF200K01LP1;1369.2285;;;22-Jan-2026

Trust Mutual Fund
149796;TRUST MF OVERNIGHT FUND-DIRECT PLAN-DAILY IDCW REINVESTMENT;;INF0GCD01461;1236.6123;;;22-Jan-2026
149797;TRUST MF OVERNIGHT FUND-DIRECT PLAN-GROWTH;INF0GCD01453;;1262.3222;;;22-Jan-2026
149798;TRUST MF OVERNIGHT FUND-REGULAR PLAN-DAILY IDCW REINVESTMENT;;INF0GCD01446;1236.1366;;;22-Jan-2026
149795;TRUST MF OVERNIGHT FUND-REGULAR-GROWTH;INF0GCD01438;;1259.8101;;;22-Jan-2026

Open Ended Schemes ( Debt Scheme - Liquid Fund )


Abakkus Mutual Fund
154049;Abakkus Liquid Fund - Direct Plan - Daily IDCW Reinvestment;;INF2JJD01011;100.0048;;;22-Jan-2026
154051;Abakkus Liquid Fund - Direct Plan - Growth;INF2JJD01029;;100.5947;;;22-Jan-2026
154055;Abakkus Liquid Fund - Direct Plan - Monthly IDCW Reinvestment;;INF2JJD01037;100.0933;;;22-Jan-2026
154052;Abakkus Liquid Fund - Direct Plan - Quarterly IDCW Reinvestment;;INF2JJD01052;100.5941;;;22-Jan-2026
154050;Abakkus Liquid Fund - Direct Plan - Weekly IDCW Reinvestment;;INF2JJD01045;100.0434;;;22-Jan-2026
154053;Abakkus Liquid Fund - Regular Plan - Daily IDCW Reinvestment;;INF2JJD01060;100.0041;;;22-Jan-2026
154047;Abakkus Liquid Fund - Regular Plan - Growth;INF2JJD01078;;100.5853;;;22-Jan-2026
154048;Abakkus Liquid Fund - Regular Plan - Monthly IDCW Reinvestment;;INF2JJD01086;100.0919;;;22-Jan-2026
154054;Abakkus Liquid Fund - Regular Plan - Quarterly IDCW Reinvestment;;INF2JJD01102;100.5850;;;22-Jan-2026
154056;Abakkus Liquid Fund - Regular Plan - Weekly IDCW Reinvestment;;INF2JJD01094;100.0428;;;22-Jan-2026

Groww Mutual Fund
119135;Groww Liquid Fund ( formerly known as Indiabulls Liquid )Fund - Direct Plan - Growth Option;INF666M01451;;2639.8915;;;22-Jan-2026
119136;Groww Liquid Fund (formerly known as Indiabulls Liquid Fund) - Direct Plan- - Income Distribution cum capital withdrawal Option ( Reinvestment);;INF666M01469;1002.0907;;;22-Jan-2026
115991;Groww Liquid Fund (formerly known as Indiabulls Liquid Fund) - Regular Plan - Growth Option;INF666M01014;;2606.5219;;;22-Jan-2026
119138;Groww Liquid Fund (formerly known as Indiabulls Liquid Fund)- Direct Plan- Fortnightly - Income Distribution cum capital withdrawal Option (Payout & Reinvestment);INF666M01501;INF666M01485;1003.0789;;;22-Jan-2026
119139;Groww Liquid Fund (formerly known as Indiabulls Liquid Fund)- Direct Plan- Monthly - Income Distribution cum capital withdrawal Option (Payout & Reinvestment);INF666M01519;INF666M01493;1032.2291;;;22-Jan-2026
119137;Groww Liquid Fund (formerly known as Indiabulls Liquid Fund)- Direct Plan- Weekly - Income Distribution cum capital withdrawal Option (Payout & Reinvestment);INF666M01527;INF666M01477;1002.2149;;;22-Jan-2026
115992;Groww Liquid Fund (formerly known as Indiabulls Liquid Fund)- Regular Plan- - Income Distribution cum capital withdrawal Option (Reinvestment);;INF666M01022;1002.0894;;;22-Jan-2026
115995;Groww Liquid Fund (formerly known as Indiabulls Liquid Fund)- Regular Plan- Monthly - Income Distribution cum capital withdrawal Option (Payout & Reinvestment);INF666M01071;INF666M01055;1004.4483;;;22-Jan-2026
115993;Groww Liquid Fund (formerly known as Indiabulls Liquid Fund)- Regular Plan- Weekly - Income Distribution cum capital withdrawal Option (Payout & Reinvestment);INF666M01089;INF666M01030;1002.2073;;;22-Jan-2026
115994;Groww Liquid Fund (formerly known as Indiabulls Liquid) Fund- Regular Plan- Fortnightly - Income Distribution cum capital withdrawal Option (Payout & Reinvestment);INF666M01063;INF666M01048;1003.0408;;;22-Jan-2026

HDFC Mutual Fund
119091;HDFC Liquid Fund - Growth Option - Direct Plan;INF179KB1HP9;;5347.8438;;;22-Jan-2026
100868;HDFC Liquid Fund - Growth Plan;INF179KB1HK0;;5287.9363;;;22-Jan-2026
100875;HDFC Liquid Fund - IDCW Daily;;INF179KB1IC5;1019.82;;;22-Jan-2026
119089;HDFC Liquid Fund - IDCW Daily - Direct Plan;;INF179KB1HV7;1019.82;;;22-Jan-2026
100876;HDFC Liquid Fund - IDCW Monthly;INF179KB1HM6;INF179KB1HL8;1029.9585;;;22-Jan-2026
119090;HDFC Liquid Fund - IDCW Monthly - Direct Plan;INF179KB1HO2;INF179KB1HQ7;1030.0127;;;22-Jan-2026
100874;HDFC Liquid Fund - IDCW Plan Weekly;INF179KB1ID3;;1031.4736;;;22-Jan-2026
119088;HDFC Liquid Fund - IDCW Weekly - Direct Plan;;;1031.4804;;;22-Jan-2026

ICICI Prudential Mutual Fund
103343;ICICI Prudential Liquid Fund - Daily IDCW;INF109K01VP3;;100.1482;;;22-Jan-2026
120191;ICICI Prudential Liquid Fund - Direct Plan -  IDCW Others;INF109K01Q31;INF109K01Q23;186.9449;;;22-Jan-2026
120188;ICICI Prudential Liquid Fund - Direct Plan - Daily IDCW;;INF109K01Q15;100.1082;;;22-Jan-2026
120197;ICICI Prudential Liquid Fund - Direct Plan - Growth;INF109K01Q49;;403.0737;;;22-Jan-2026
120190;ICICI Prudential Liquid Fund - Direct Plan - Weekly IDCW;INF109K01Q98;;100.2267;;;22-Jan-2026
103340;ICICI Prudential Liquid Fund - Growth;INF109K01VQ1;;398.9789;;;22-Jan-2026
115505;ICICI Prudential Liquid Fund - IDCW Others;INF109K01VU3;INF109K01VT5;185.4246;;;22-Jan-2026
103342;ICICI Prudential Liquid Fund - Weekly IDCW;INF109K01VS7;;100.2007;;;22-Jan-2026

JM Financial Mutual Fund
120411;JM Liquid Fund (Direct) - Daily IDCW;;INF192K01CH6;10.4302;;;22-Jan-2026
120406;JM Liquid Fund (Direct) - Growth Option;INF192K01CM6;;74.3317;;;22-Jan-2026
120408;JM Liquid Fund (Direct) - Quarterly IDCW;INF192K01CK0;INF192K01CL8;42.2012;;;22-Jan-2026
120407;JM Liquid Fund (Direct) - Weekly IDCW;INF192K01CI4;INF192K01CJ2;11.0098;;;22-Jan-2026
100244;JM Liquid Fund (Regular) - Quarterly IDCW;INF192K01866;INF192K01874;41.6036;;;22-Jan-2026
100247;JM Liquid Fund (Regular) - Super Institutional Plan - Growth Option;INF192K01981;;42.2595;;;22-Jan-2026
100233;JM Liquid Fund (Regular) - Weekly IDCW;INF192K01841;INF192K01858;11.0072;;;22-Jan-2026
100234;JM Liquid Fund - Growth Option;INF192K01882;;73.5033;;;22-Jan-2026
148414;JM Liquid Fund - Unclaimed Application Refund Amount I.E.F. (Direct) - Growth Plan;;;41.4437;;;22-Jan-2026
148413;JM Liquid Fund - Unclaimed Brokerage I.E.F. (Direct) - Growth Plan;;;41.4437;;;22-Jan-2026
101549;JM Liquid Fund (Regular) - Bonus Option - Principal Units;INF192K01890;;23.536;;;22-Jan-2026
101078;JM Liquid Fund (Regular) - Daily IDCW;;INF192K01833;10.4302;;;22-Jan-2026

LIC Mutual Fund
120248;LIC MF Liquid Fund-Direct Plan-Daily IDCW;INF767K01DL5;INF767K01DM3;1034.6038;;;22-Jan-2026
120249;LIC MF Liquid Fund-Direct Plan-Growth;INF767K01DN1;;4943.8085;;;22-Jan-2026
151930;LIC MF Liquid Fund-Direct Plan-Monthly IDCW;INF397L01AK7;INF397L01AJ9;1200.0894;;;22-Jan-2026
151932;LIC MF Liquid Fund-Direct Plan-Weekly IDCW;INF397L01AM3;INF397L01AL5;1071.9432;;;22-Jan-2026
101184;LIC MF Liquid Fund-Regular Plan-Daily IDCW;INF767K01IQ3;INF767K01IR1;1000.1751;;;22-Jan-2026
101185;LIC MF Liquid Fund-Regular Plan-Growth;INF767K01IS9;;4871.0215;;;22-Jan-2026
151928;LIC MF Liquid Fund-Regular Plan-Monthly IDCW;INF397L01976;INF397L01968;1180.0616;;;22-Jan-2026
151927;LIC MF Liquid Fund-Regular Plan-Weekly IDCW;INF397L01950;INF397L01943;1001.8342;;;22-Jan-2026

Navi Mutual Fund
119163;Navi Liquid Fund - Direct Plan Daily IDCW - ReInvestment;;INF959L01GK1;10.0129;;;22-Jan-2026
119161;Navi Liquid Fund - Direct Plan Monthly IDCW - Payout;INF959L01GG9;INF959L01GH7;10.0528;;;22-Jan-2026
119162;Navi Liquid Fund - Direct Plan Weekly IDCW - Payout;INF959L01GI5;INF959L01GJ3;10.0084;;;22-Jan-2026
112645;Navi Liquid Fund - Regular Plan Daily IDCW;;INF959L01GM7;10.0129;;;22-Jan-2026
112647;Navi Liquid Fund - Regular Plan Monthly IDCW;INF959L01GN5;INF959L01GO3;10.0524;;;22-Jan-2026
112646;Navi Liquid Fund - Regular Plan Weekly IDCW;INF959L01GP0;INF959L01GQ8;10.0088;;;22-Jan-2026
119164;Navi Liquid Fund-Direct Plan-Growth Option;INF959L01GF1;;29.5342;;;22-Jan-2026
112636;Navi Liquid Fund-Regular Plan-Growth Option;INF959L01GL9;;29.2653;;;22-Jan-2026
140437;Navi Liquid Fund-Unclaimed Redemption and Dividend Plan greater than 3 years;INF959L01CO2;;10;;;22-Jan-2026
139386;Navi Liquid Fund-Unclaimed Redemption and Dividend Plan less than 3 years;INF959L01CN4;;29.4361;;;22-Jan-2026

Quantum Mutual Fund
103736;Quantum Liquid Fund - Direct Plan Daily IDCW;;INF082J01135;10.0085;;;22-Jan-2026
103734;Quantum Liquid Fund - Direct Plan Growth Option;INF082J01127;;36.3265;;;22-Jan-2026
103735;Quantum Liquid Fund - Direct Plan Monthly IDCW;INF082J01143;INF082J01200;10.0513;;;22-Jan-2026
141065;Quantum Liquid Fund - Regular Plan Daily IDCW;;INF082J01317;10.0002;;;22-Jan-2026
141066;Quantum Liquid Fund - Regular Plan Growth Option;INF082J01309;;36.0506;;;22-Jan-2026
141067;Quantum Liquid Fund - Regular Plan Monthly IDCW;INF082J01325;INF082J01333;10.0479;;;22-Jan-2026
152299;Quantum Liquid Fund - Unclaimed IDCW Plan Above 3 years;;;10.0000;;;22-Jan-2026
152298;Quantum Liquid Fund - Unclaimed IDCW Plan Below 3 years;;;11.4213;;;22-Jan-2026
152301;Quantum Liquid Fund - Unclaimed Redemption Plan Above 3 years;;;10.0000;;;22-Jan-2026
152300;Quantum Liquid Fund - Unclaimed Redemption Plan Below 3 years;;;10.9858;;;22-Jan-2026

SBI Mutual Fund
119804;SBI Liquid Fund - Direct Paln - Fortnightly Income Distribution cum Capital Withdrawal Option (IDCW);INF200K01UR8;INF200K01US6;1390.1541;;;22-Jan-2026
119805;SBI Liquid Fund - Direct Plan - Daily Income Distribution cum Capital Withdrawal Option (IDCW);;INF200K01UQ0;1144.0484;;;22-Jan-2026
119799;SBI Liquid Fund - Direct Plan - Weekly Income Distribution cum Capital Withdrawal Option (IDCW);INF200K01UU2;INF200K01UV0;1386.6140;;;22-Jan-2026
119800;SBI Liquid Fund - DIRECT PLAN -Growth;INF200K01UT4;;4257.0914;;;22-Jan-2026
105274;SBI Liquid Fund - Institutional - Growth;INF200K01LU1;;4251.3260;;;22-Jan-2026
105275;SBI Liquid Fund - Institutional Daily Income Distribution cum Capital Withdrawal Option (IDCW);;INF200K01LR7;1365.7896;;;22-Jan-2026
105281;SBI Liquid Fund - Regular Plan - Daily Income Distribution cum Capital Withdrawal Option (IDCW);;INF200K01LX5;1140.7391;;;22-Jan-2026
105283;SBI Liquid Fund - Regular Plan - Fortnightly Income Distribution cum Capital Withdrawal Option (IDCW);INF200K01LY3;INF200K01LZ0;1382.1297;;;22-Jan-2026
105282;SBI Liquid Fund - Regular Plan - Weekly Income Distribution cum Capital Withdrawal Option (IDCW);INF200K01MB9;INF200K01MC7;1379.6951;;;22-Jan-2026
105280;SBI Liquid Fund - REGULAR PLAN -Growth;INF200K01MA1;;4211.4839;;;22-Jan-2026

Trust Mutual Fund
148842;TRUSTMF Liquid Fund-Direct Plan-Daily Income Distribution cum Capital Withdrawal;;INF0GCD01263;1257.8102;;;22-Jan-2026
148841;TRUSTMF Liquid Fund-Direct Plan-Growth;INF0GCD01255;;1318.6004;;;22-Jan-2026
148839;TRUSTMF Liquid Fund-Direct Plan-Monthly Income Distribution cum Capital Withdrawal;INF0GCD01305;INF0GCD01297;1190.0467;;;22-Jan-2026
148837;TRUSTMF Liquid Fund-Direct Plan-Weekly Income Distribution cum Capital Withdrawal;INF0GCD01271;INF0GCD01289;1216.5502;;;22-Jan-2026
148834;TRUSTMF Liquid Fund-Regular Plan-Daily Income Distribution cum Capital Withdrawal;;INF0GCD01206;1190.8103;;;22-Jan-2026
148833;TRUSTMF Liquid Fund-Regular Plan-Growth;INF0GCD01198;;1309.154;;;22-Jan-2026
148843;TRUSTMF Liquid Fund-Regular Plan-Monthly Income Distribution cum Capital Withdrawal;INF0GCD01248;INF0GCD01230;1181.6152;;;22-Jan-2026
148836;TRUSTMF Liquid Fund-Regular Plan-Weekly Income Distribution cum Capital Withdrawal;INF0GCD01214;INF0GCD01222;1166.3761;;;22-Jan-2026

Open Ended Schemes ( Debt Scheme - Ultra Short Duration Fund )


HDFC Mutual Fund
145041;HDFC Ultra Short Term Fund - Daily IDCW Option;;INF179KB12R1;10.103;;;22-Jan-2026
145039;HDFC Ultra Short Term Fund - Direct Plan-Daily IDCW Option;;INF179KB16Q4;10.092;;;22-Jan-2026
145034;HDFC Ultra Short Term Fund - Direct Plan-Growth Option;INF179KB15Q6;;16.0046;;;22-Jan-2026
145036;HDFC Ultra Short Term Fund - Direct Plan-Monthly IDCW Option;INF179KB10R5;INF179KB19Q8;10.071;;;22-Jan-2026
145035;HDFC Ultra Short Term Fund - Direct Plan-Weekly IDCW Option;INF179KB18Q0;INF179KB17Q2;10.0554;;;22-Jan-2026
145040;HDFC Ultra Short Term Fund - Growth Option;INF179KB11R3;;15.6364;;;22-Jan-2026
145037;HDFC Ultra Short Term Fund - Monthly IDCW Option;INF179KB16R2;INF179KB15R4;10.1689;;;22-Jan-2026
145038;HDFC Ultra Short Term Fund - Weekly IDCW Option;INF179KB14R7;INF179KB13R9;10.0544;;;22-Jan-2026

ICICI Prudential Mutual Fund
145399;ICICI Prudential Ultra Short Term Fund - Daily IDCW;-;INF109KC1ND7;10.0696;;;22-Jan-2026
120676;ICICI Prudential Ultra Short Term Fund - Direct Plan -  Growth;INF109K01T04;;31.0258;;;22-Jan-2026
120677;ICICI Prudential Ultra Short Term Fund - Direct Plan -  Monthly IDCW;INF109K01T38;INF109K01T46;10.8019;;;22-Jan-2026
120675;ICICI Prudential Ultra Short Term Fund - Direct Plan -  Quarterly IDCW;INF109K01T53;INF109K01T61;11.1737;;;22-Jan-2026
145404;ICICI Prudential Ultra Short Term Fund - Direct Plan - Daily IDCW;-;INF109KC1MY5;10.0014;;;22-Jan-2026
145400;ICICI Prudential Ultra Short Term Fund - Direct Plan - Weekly IDCW;INF109KC1NA3;INF109KC1MZ2;10.0909;;;22-Jan-2026
115092;ICICI Prudential Ultra Short Term Fund - Growth;INF109K01TP7;;28.6252;;;22-Jan-2026
115094;ICICI Prudential Ultra Short Term Fund - Monthly IDCW;INF109K01TR3;INF109K01TQ5;10.6698;;;22-Jan-2026
115091;ICICI Prudential Ultra Short Term Fund - Quarterly IDCW;INF109K01TT9;INF109K01TS1;10.9625;;;22-Jan-2026
145402;ICICI Prudential Ultra Short Term Fund - Weekly IDCW;INF109KC1NF2;INF109KC1NE5;10.0746;;;22-Jan-2026

LIC Mutual Fund
147771;LIC MF Ultra Short Duration Fund-Direct Plan-Daily IDCW;;INF767K01QP8;1102.1317;;;22-Jan-2026
147772;LIC MF Ultra Short Duration Fund-Direct Plan-Growth;INF767K01QU8;;1395.4399;;;22-Jan-2026
147773;LIC MF Ultra Short Duration Fund-Direct Plan-Monthly IDCW;INF767K01QT0;INF767K01QS2;1395.2577;;;22-Jan-2026
147769;LIC MF Ultra Short Duration Fund-Direct Plan-Weekly IDCW;INF767K01QR4;INF767K01QQ6;1102.2846;;;22-Jan-2026
147766;LIC MF Ultra Short Duration Fund-Regular Plan-Daily IDCW;;INF767K01QJ1;1093.4116;;;22-Jan-2026
147770;LIC MF Ultra Short Duration Fund-Regular Plan-Growth;INF767K01QO1;;1360.2408;;;22-Jan-2026
147768;LIC MF Ultra Short Duration Fund-Regular Plan-Monthly IDCW;INF767K01QN3;INF767K01QM5;1360.4582;;;22-Jan-2026
147767;LIC MF Ultra Short Duration Fund-Regular Plan-Weekly IDCW;INF767K01QL7;INF767K01QK9;1030.6298;;;22-Jan-2026

SBI Mutual Fund
119784;SBI Ultra Short Duration Fund - Direct Plan - Daily Income Distribution cum Capital Withdrawal Option (IDCW);;INF200K01TG3;2351.3246;;;22-Jan-2026
119828;SBI ULTRA SHORT DURATION FUND - DIRECT PLAN - GROWTH;INF200K01TF5;;6288.1890;;;22-Jan-2026
119829;SBI Ultra Short Duration Fund - Direct Plan - Weekly Income Distribution cum Capital Withdrawal Option (IDCW);INF200K01TH1;INF200K01TI9;1273.6066;;;22-Jan-2026
105080;SBI Ultra Short Duration Fund - Regular Plan - Daily Income Distribution cum Capital Withdrawal Option (IDCW);;INF200K01LK2;2324.7675;;;22-Jan-2026
100641;SBI ULTRA SHORT DURATION FUND - REGULAR PLAN - GROWTH;INF200K01LJ4;;6172.1382;;;22-Jan-2026
103884;SBI Ultra Short Duration Fund - Regular Plan - Weekly Income Distribution cum Capital Withdrawal Option (IDCW);INF200K01LM8;INF200K01LL0;1265.6017;;;22-Jan-2026

Open Ended Schemes ( Debt Scheme - Low Duration Fund )


HDFC Mutual Fund
105548;HDFC Low Duration  Fund - Daily IDCW;;INF179K01434;10.1398;;;22-Jan-2026
118945;HDFC Low Duration  Fund - Direct Plan - Daily IDCW;;INF179KC1IR2;10.0642;;;22-Jan-2026
118942;HDFC Low Duration  Fund - Direct Plan - Growth;INF179K01VF7;;64.7955;;;22-Jan-2026
118943;HDFC Low Duration  Fund - Direct Plan - Monthly IDCW;INF179K01VG5;INF179K01VH3;10.1549;;;22-Jan-2026
118944;HDFC Low Duration  Fund - Direct Plan - Weekly IDCW;INF179KC1IS0;INF179KC1IT8;10.0587;;;22-Jan-2026
102452;HDFC Low Duration  Fund - Growth;INF179K01442;;59.5475;;;22-Jan-2026
105543;HDFC Low Duration  Fund - Monthly IDCW;INF179K01459;INF179K01467;10.1484;;;22-Jan-2026
102453;HDFC Low Duration  Fund - Weekly IDCW;INF179K01475;INF179K01483;10.0571;;;22-Jan-2026

ICICI Prudential Mutual Fund
101618;ICICI Prudential Savings Fund - Daily IDCW;INF109K01738;;105.7358;;;22-Jan-2026
120397;ICICI Prudential Savings Fund - Direct Plan - Daily IDCW;;INF109K01O66;105.7358;;;22-Jan-2026
122904;ICICI Prudential Savings Fund - Direct Plan - Fortnightly IDCW;INF109K016Y3;INF109K015Y5;101.7146;;;22-Jan-2026
120398;ICICI Prudential Savings Fund - Direct Plan - Growth;INF109K01O82;;571.2270;;;22-Jan-2026
120399;ICICI Prudential Savings Fund - Direct Plan - IDCW Others;INF109K01O90;INF109K01O74;191.6668;;;22-Jan-2026
122651;ICICI Prudential Savings Fund - Direct Plan - Monthly IDCW;INF109K018Y9;INF109K017Y1;101.7834;;;22-Jan-2026
122982;ICICI Prudential Savings Fund - Direct Plan - Quarterly IDCW;INF109K010Z3;INF109K019Y7;109.8644;;;22-Jan-2026
120396;ICICI Prudential Savings Fund - Direct Plan - Weekly IDCW;INF109K01P08;INF109K01P16;105.5075;;;22-Jan-2026
122748;ICICI Prudential Savings Fund - Fortnightly IDCW;INF109K012Z9;INF109K011Z1;101.7116;;;22-Jan-2026
101619;ICICI Prudential Savings Fund - Growth;INF109K01746;;563.1509;;;22-Jan-2026
115511;ICICI Prudential Savings Fund - IDCW Others;INF109K01WO4;INF109K01WN6;188.7592;;;22-Jan-2026
122531;ICICI Prudential Savings Fund - Monthly IDCW;INF109K014Z5;INF109K013Z7;101.7753;;;22-Jan-2026
122995;ICICI Prudential Savings Fund - Quarterly IDCW;INF109K016Z0;INF109K015Z2;109.5835;;;22-Jan-2026
101617;ICICI Prudential Savings Fund - Weekly IDCW;INF109K01JO1;INF109K01753;105.4573;;;22-Jan-2026

JM Financial Mutual Fund
143610;JM Low Duration Fund (Direct) - Bonus Option - Principal Units;INF192K01FL1;;23.7106;;;22-Jan-2026
143604;JM Low Duration Fund (Direct) - Daily IDCW;;INF192K01DT9;10.8485;;;22-Jan-2026
143606;JM Low Duration Fund (Direct) - Fortnightly IDCW;;INF192K01DV5;11.1227;;;22-Jan-2026
143612;JM Low Duration Fund (Direct) - Growth;INF192K01DW3;;39.3802;;;22-Jan-2026
143611;JM Low Duration Fund (Direct) - Weekly IDCW;;INF192K01DU7;11.4528;;;22-Jan-2026
143603;JM Low Duration Fund (Regular) - Daily IDCW;;INF192K01AV1;10.8169;;;22-Jan-2026
143605;JM Low Duration Fund (Regular) - Fortnightly IDCW ;;INF192K01AX7;11.0813;;;22-Jan-2026
143607;JM Low Duration Fund (Regular) - Growth Option;INF192K01AY5;;38.2302;;;22-Jan-2026
143608;JM Low Duration Fund (Regular) - Weekly IDCW;;INF192K01AW9;11.4114;;;22-Jan-2026
143609;JM Low Duration Fund - Bonus Option - Principal Units;INF192K01FJ5;;23.0328;;;22-Jan-2026

LIC Mutual Fund
120316;LIC MF Low Duration Fund-Direct Plan-Daily IDCW;INF767K01FL0;INF767K01FN6;10.05;;;22-Jan-2026
120315;LIC MF Low Duration Fund-Direct Plan-Growth;INF767K01FM8;;44.3505;;;22-Jan-2026
120317;LIC MF Low Duration Fund-Direct Plan-Monthly IDCW;INF767K01FP1;INF767K01FO4;23.1618;;;22-Jan-2026
120318;LIC MF Low Duration Fund-Direct Plan-Weekly IDCW;INF767K01JJ6;INF767K01JK4;15.4486;;;22-Jan-2026
111676;LIC MF Low Duration Fund-Regular Plan-Daily IDCW;INF767K01AK3;INF767K01AL1;10.7528;;;22-Jan-2026
101830;LIC MF Low Duration Fund-Regular Plan-Growth;INF767K01AO5;;40.7353;;;22-Jan-2026
101829;LIC MF Low Duration Fund-Regular Plan-Monthly IDCW;INF767K01AM9;INF767K01AN7;14.0466;;;22-Jan-2026
111675;LIC MF Low Duration Fund-Regular Plan-Weekly IDCW;INF767K01AP2;INF767K01AQ0;13.9692;;;22-Jan-2026

SBI Mutual Fund
119810;SBI Low Duration Fund - Direct Plan - Daily Income Distribution cum Capital Withdrawal Option (IDCW);;INF200K01VJ3;1448.3581;;;22-Jan-2026
119811;SBI Low Duration Fund - Direct Plan - Fortnightly Income Distribution cum Capital Withdrawal Option (IDCW);INF200K01VK1;INF200K01VL9;1473.6785;;;22-Jan-2026
119812;SBI LOW DURATION FUND - DIRECT PLAN - GROWTH;INF200K01VM7;;3757.2021;;;22-Jan-2026
119818;SBI Low Duration Fund - Direct Plan - Monthly Income Distribution cum Capital Withdrawal Option (IDCW);INF200K01VN5;INF200K01VO3;1669.5893;;;22-Jan-2026
119819;SBI Low Duration Fund - Direct Plan - Weekly Income Distribution cum Capital Withdrawal Option (IDCW);INF200K01VP0;INF200K01VQ8;1450.4769;;;22-Jan-2026
106213;SBI Low Duration Fund - Regular Plan - Daily Income Distribution cum Capital Withdrawal Option (IDCW);;INF200K01ML8;1402.9772;;;22-Jan-2026
106215;SBI Low Duration Fund - Regular Plan - Fornightly Income Distribution cum Capital Withdrawal Option (IDCW);INF200K01MM6;INF200K01MN4;1427.5356;;;22-Jan-2026
106212;SBI LOW DURATION FUND - REGULAR PLAN - GROWTH;INF200K01MO2;;3601.8698;;;22-Jan-2026
106216;SBI Low Duration Fund - Regular Plan - Monthly Income Distribution cum Capital Withdrawal Option (IDCW);INF200K01MP9;INF200K01MQ7;1579.7317;;;22-Jan-2026
106214;SBI Low Duration Fund - Regular Plan - Weekly Income Distribution cum Capital Withdrawal Option (IDCW);INF200K01MR5;INF200K01MS3;1402.9662;;;22-Jan-2026
106221;SBI Short Horizon Debt Fund - Ultra Short Term Fund - Institutional Plan - Daily Income Distribution cum Capital Withdrawal Option (IDCW);;INF200K01MD5;1403.3091;;;22-Jan-2026
106217;SBI Short Horizon Debt Fund - Ultra Short Term Fund - Institutional Plan - Growth;INF200K01MG8;;3665.3897;;;22-Jan-2026
106222;SBI Short Horizon Debt Fund - Ultra Short Term Fund- Institutional Plan - Weekly Income Distribution cum Capital Withdrawal Option (IDCW);INF200K01MJ2;INF200K01MK0;1399.8255;;;22-Jan-2026

Open Ended Schemes ( Debt Scheme - Money Market Fund )


Groww Mutual Fund
153982;Groww Money Market Fund Direct Growth;INF666M01MW3;;10.0874;;;22-Jan-2026
153991;Groww Money Market Fund Direct IDCW;INF666M01MX1;INF666M01MY9;10.0874;;;22-Jan-2026
153992;Groww Money Market Fund Regular Growth;INF666M01MZ6;;10.0775;;;22-Jan-2026
153993;Groww Money Market Fund Regular IDCW;INF666M01NA7;INF666M01NB5;10.0777;;;22-Jan-2026

HDFC Mutual Fund
101994;HDFC Money Market Fund - Daily IDCW Option;;INF179KB1IG6;1063.64;;;22-Jan-2026
119093;HDFC Money Market Fund - Daily IDCW Option - Direct Plan;;INF179KB1HZ8;1063.64;;;22-Jan-2026
101993;HDFC Money Market Fund - Growth Option;INF179KB1HR5;;5914.1673;;;22-Jan-2026
119092;HDFC Money Market Fund - Growth Option - Direct Plan;INF179KB1HU9;;6037.506;;;22-Jan-2026
101995;HDFC Money Market Fund - Weekly IDCW Option;INF179KB1IH4;INF179KB1II2;1063.1485;;;22-Jan-2026
119094;HDFC Money Market Fund - Weekly IDCW Option -Direct Plan;INF179KB1IA9;INF179KB1IB7;1063.1642;;;22-Jan-2026

ICICI Prudential Mutual Fund
120209;ICICI Prudential Money Market Fund Option - Direct Plan -  Daily IDCW;;INF109K01R22;100.1435;;;22-Jan-2026
120211;ICICI Prudential Money Market Fund Option - Direct Plan -  Growth;INF109K01R14;;397.9029;;;22-Jan-2026
120216;ICICI Prudential Money Market Fund Option - Direct Plan -  IDCW Others;INF109K01R30;;182.3171;;;22-Jan-2026
120212;ICICI Prudential Money Market Fund Option - Direct Plan -  Weekly IDCW;INF109K01R89;;100.8303;;;22-Jan-2026
103634;ICICI Prudential Money Market Fund Option - Daily IDCW;INF109K01TY9;;100.1295;;;22-Jan-2026
103633;ICICI Prudential Money Market Fund Option - Growth;INF109K01TX1;;392.8701;;;22-Jan-2026
130013;ICICI Prudential Money Market Fund Option - IDCW Others;INF109K01I64;;180.4388;;;22-Jan-2026
103635;ICICI Prudential Money Market Fund Option - Weekly IDCW;INF109K01TZ6;;100.7666;;;22-Jan-2026

LIC Mutual Fund
150392;LIC MF Money Market Fund-Direct Plan-Growth;INF767K01RE0;;1246.4239;;;22-Jan-2026
150391;LIC MF Money Market Fund-Direct Plan-IDCW;INF767K01RF7;INF767K01RG5;1246.4237;;;22-Jan-2026
150393;LIC MF Money Market Fund-Regular Plan-Growth;INF767K01RB6;;1229.5846;;;22-Jan-2026
150394;LIC MF Money Market Fund-Regular Plan-IDCW;INF767K01RC4;INF767K01RD2;1229.5846;;;22-Jan-2026

SBI Mutual Fund
119821;SBI  SAVINGS FUND - DIRECT PLAN - GROWTH;INF200K01SZ5;;46.0474;;;22-Jan-2026
102503;SBI  SAVINGS FUND - REGULAR PLAN - GROWTH;INF200K01636;;42.8217;;;22-Jan-2026
119820;SBI Savings Fund - Direct Plan - Income Distribution cum Capital Withdrawal Option (IDCW);INF200K01SX0;INF200K01SY8;18.2518;;;22-Jan-2026
119822;SBI Savings Fund - Direct Plan Daily Income Distribution cum Capital Withdrawal Option (IDCW);;INF200K01SW2;14.3786;;;22-Jan-2026
119823;SBI Savings Fund - Direct Plan Weekly Income Distribution cum Capital Withdrawal Option (IDCW);INF200K01TA6;INF200K01TB4;16.6192;;;22-Jan-2026
102504;SBI Savings Fund - Regular Plan - Income Distribution cum Capital Withdrawal Option (IDCW);INF200K01644;INF200K01651;16.8846;;;22-Jan-2026
114348;SBI Savings Fund - Regular Plan Daily Income Distribution cum Capital Withdrawal Option (IDCW);;INF200KA1K20;13.9585;;;22-Jan-2026
102860;SBI Savings Fund - Regular Plan Weekly Income Distribution cum Capital Withdrawal Option (IDCW);INF200K01669;INF200K01677;15.9348;;;22-Jan-2026

Trust Mutual Fund
150513;TRUSTMF MONEY MARKET FUND-DIRECT PLAN-GROWTH;INF0GCD01503;;1267.702;;;22-Jan-2026
150514;TRUSTMF MONEY MARKET FUND-DIRECT PLAN-MONTHLY IDCW;INF0GCD01529;INF0GCD01511;1143.9986;;;22-Jan-2026
150511;TRUSTMF MONEY MARKET FUND-REGULAR PLAN-GROWTH;INF0GCD01479;;1259.2456;;;22-Jan-2026
150512;TRUSTMF MONEY MARKET FUND-REGULAR PLAN-MONTHLY IDCW;INF0GCD01495;INF0GCD01487;1136.0771;;;22-Jan-2026

Open Ended Schemes ( Debt Scheme - Short Duration Fund )


Groww Mutual Fund
123708;Groww Short Duration Fund (formerly known as Indiabulls Short Term Fund )- Regular Plan - Growth Option;INF666M01AJ5;;2137.0173;;;22-Jan-2026
123704;Groww Short Duration Fund (formerly known as Indiabulls Short Term Fund) - Direct Plan - Growth Option;INF666M01AC0;;2462.8801;;;22-Jan-2026
123706;Groww Short Duration Fund (formerly known as Indiabulls Short Term Fund)- Direct Plan- Fortnightly - Income Distribution cum capital withdrawal Option (Payout & Reinvestment);INF666M01AH9;INF666M01AE6;1018.3041;;;22-Jan-2026
123707;Groww Short Duration Fund (formerly known as Indiabulls Short Term Fund)- Direct Plan- Monthly - Income Distribution cum capital withdrawal Option (Payout & Reinvestment);INF666M01AI7;INF666M01AF3;1018.2882;;;22-Jan-2026
123705;Groww Short Duration Fund (formerly known as Indiabulls Short Term Fund)- Direct Plan- Weekly - Income Distribution cum capital withdrawal Option (Payout & Reinvestment);INF666M01AG1;INF666M01AD8;1018.6316;;;22-Jan-2026
123710;Groww Short Duration Fund (formerly known as Indiabulls Short Term Fund)- Regular Plan- Fortnightly - Income Distribution cum capital withdrawal Option (Payout & Reinvestment);INF666M01AO5;INF666M01AL1;1017.4058;;;22-Jan-2026
123711;Groww Short Duration Fund (formerly known as Indiabulls Short Term Fund)- Regular Plan- Monthly - Income Distribution cum capital withdrawal Option (Payout & Reinvestment);INF666M01AP2;INF666M01AM9;1024.1337;;;22-Jan-2026
123709;Groww Short Duration Fund (formerly known as Indiabulls Short Term Fund)- Regular Plan- Weekly - Income Distribution cum capital withdrawal Option (Payout & Reinvestment);INF666M01AN7;INF666M01AK3;1018.4179;;;22-Jan-2026

HDFC Mutual Fund
119015;HDFC Short Term  Debt Fund - Fortnightly IDCW - Direct Plan;;;10.2946;;;22-Jan-2026
113048;HDFC Short Term  Debt Fund - Fortnightly IDCW Option;INF179K01CV4;INF179K01CW2;10.1875;;;22-Jan-2026
113047;HDFC Short Term  Debt Fund - Growth Option;INF179K01CU6;;32.9914;;;22-Jan-2026
119016;HDFC Short Term  Debt Fund - Growth Option - Direct Plan;INF179K01YM7;;34.1119;;;22-Jan-2026
133367;HDFC Short Term  Debt Fund - Normal IDCW - Direct Plan;INF179KA1Q53;;20.211;;;22-Jan-2026
133368;HDFC Short Term  Debt Fund - Normal IDCW Option;INF179KA1Q79;;19.6049;;;22-Jan-2026

ICICI Prudential Mutual Fund
120754;ICICI Prudential Short Term Fund - Direct Plan - Growth Option;INF109K013N3;;67.9900;;;22-Jan-2026
120755;ICICI Prudential Short Term Fund - Direct Plan - Monthly IDCW;INF109K014N1;INF109K015N8;12.6790;;;22-Jan-2026
101758;ICICI Prudential Short Term Fund - Growth Option;INF109K01654;;62.1326;;;22-Jan-2026
101165;ICICI Prudential Short Term Fund - Monthly IDCW;INF109K01WL0;INF109K01647;12.0624;;;22-Jan-2026

JM Financial Mutual Fund
150545;JM Short Duration Fund (Direct) - Growth;INF192K01MP8;;12.675;;;22-Jan-2026
150544;JM Short Duration Fund (Direct) - IDCW;INF192K01MQ6;INF192K01MR4;12.6754;;;22-Jan-2026
150542;JM Short Duration Fund (Regular) - Growth;INF192K01MM5;;12.337;;;22-Jan-2026
150543;JM Short Duration Fund (Regular) - IDCW;INF192K01MN3;INF192K01MO1;12.3375;;;22-Jan-2026

LIC Mutual Fund
145954;LIC MF Short Duration Fund-Direct Plan-Growth;INF767K01PW6;;16.0379;;;22-Jan-2026
145953;LIC MF Short Duration Fund-Direct Plan-IDCW;INF767K01PX4;INF767K01PY2;16.0379;;;22-Jan-2026
151959;LIC MF Short Duration Fund-Direct Plan-Monthly IDCW;INF397L01BH1;INF397L01BI9;16.036;;;22-Jan-2026
151960;LIC MF Short Duration Fund-Direct Plan-Weekly IDCW;INF397L01BK5;INF397L01BL3;16.0366;;;22-Jan-2026
145952;LIC MF Short Duration Fund-Regular Plan-Growth;INF767K01PT2;;14.9335;;;22-Jan-2026
145951;LIC MF Short Duration Fund-Regular Plan-IDCW;INF767K01PU0;INF767K01PV8;14.9335;;;22-Jan-2026
151955;LIC MF Short Duration Fund-Regular Plan-Monthly IDCW;INF397L01406;INF397L01414;14.9339;;;22-Jan-2026
151956;LIC MF Short Duration Fund-Regular Plan-Weekly IDCW;INF397L01430;INF397L01448;12.7995;;;22-Jan-2026

SBI Mutual Fund
106230;SBI Short Horizon Debt Fund - Short Term Fund - Retail Dividend - Fortnightly Income Distribution cum Capital Withdrawal Option (IDCW);INF200K01IA9;INF200K01IB7;15.5381;;;22-Jan-2026
106229;SBI Short Horizon Debt Fund - Short Term Fund - Retail Dividend - Monthly Income Distribution cum Capital Withdrawal Option (IDCW);INF200K01IC5;INF200K01ID3;17.1308;;;22-Jan-2026
106228;SBI Short Horizon Debt Fund - Short Term Fund - Retail Dividend - Weekly Income Distribution cum Capital Withdrawal Option (IDCW);INF200K01IE1;INF200K01IF8;15.5147;;;22-Jan-2026
106227;SBI SHORT HORIZON DEBT FUND-SHORT TERM FUND - RETAIL - GROWTH;INF200K01IG6;;37.4013;;;22-Jan-2026
119813;SBI Short Term Debt Fund - Direct Plan - Monthly Income Distribution cum Capital Withdrawal Option (IDCW);INF200K01VF1;INF200K01VG9;19.6292;;;22-Jan-2026
119816;SBI SHORT TERM DEBT FUND - DIRECT PLAN -GROWTH;INF200K01VE4;;35.2018;;;22-Jan-2026
119815;SBI Short Term Debt Fund - Direct Plan Fortnightly Income Distribution cum Capital Withdrawal Option (IDCW);INF200K01VC8;INF200K01VD6;23.7099;;;22-Jan-2026
119817;SBI Short Term Debt Fund - Direct Plan Weekly Income Distribution cum Capital Withdrawal Option (IDCW);INF200K01VH7;INF200K01VI5;15.4194;;;22-Jan-2026
106233;SBI Short Term Debt Fund - Regular Plan - Monthly Income Distribution cum Capital Withdrawal Option (IDCW);INF200K01HV7;INF200K01HW5;18.2759;;;22-Jan-2026
106231;SBI SHORT TERM DEBT FUND - REGULAR PLAN -GROWTH;INF200K01HZ8;;33.0570;;;22-Jan-2026
106234;SBI Short Term Debt Fund - Regular Plan Fortnightly Income Distribution cum Capital Withdrawal Option (IDCW);INF200K01HT1;INF200K01HU9;14.9735;;;22-Jan-2026
106232;SBI Short Term Debt Fund - Regular Plan Weekly Income Distribution cum Capital Withdrawal Option (IDCW);INF200K01HX3;INF200K01HY1;14.9883;;;22-Jan-2026

Trust Mutual Fund
149076;TRUSTMF Short Duration Fund-Direct Plan-Growth;INF0GCD01370;;1314.2225;;;22-Jan-2026
149078;TRUSTMF Short Duration Fund-Direct Plan-Monthly Income Distribution Cum Capital Withdrawal;INF0GCD01396;INF0GCD01404;1146.593;;;22-Jan-2026
149079;TRUSTMF Short Duration Fund-Direct Plan-Quarterly Income Distribution Cum Capital Withdrawal;INF0GCD01412;INF0GCD01420;1159.7312;;;22-Jan-2026
149077;TRUSTMF Short Duration Fund-Direct Plan-Weekly Income Distribution Cum Capital Withdrawal;;INF0GCD01388;1121.9812;;;22-Jan-2026
149073;TRUSTMF Short Duration Fund-Regular Plan-Growth;INF0GCD01313;;1285.1613;;;22-Jan-2026
149080;TRUSTMF Short Duration Fund-Regular Plan-Monthly Income Distribution Cum Capital Withdrawal;INF0GCD01339;INF0GCD01347;1129.4141;;;22-Jan-2026
149075;TRUSTMF Short Duration Fund-Regular Plan-Quarterly Income Distribution Cum Capital Withdrawal;INF0GCD01354;INF0GCD01362;1132.276;;;22-Jan-2026
149074;TRUSTMF Short Duration Fund-Regular Plan-Weekly Income Distribution Cum Capital Withdrawal;;INF0GCD01321;1105.454;;;22-Jan-2026

Open Ended Schemes ( Debt Scheme - Medium Duration Fund )


HDFC Mutual Fund
101990;HDFC Medium Term Debt Fund - Fornightly IDCW Option;INF179K01897;INF179K01905;10.0868;;;22-Jan-2026
119080;HDFC Medium Term Debt Fund - Fortnightly IDCW Opt - Direct Plan;INF179KA1NP8;INF179KA1NO1;10.0886;;;22-Jan-2026
101989;HDFC Medium Term Debt Fund - Growth Option;INF179K01913;;57.9344;;;22-Jan-2026
119081;HDFC Medium Term Debt Fund - Growth Option - Direct Plan;INF179K01WI9;;63.1052;;;22-Jan-2026
132852;HDFC Medium Term Debt Fund - IDCW Option;INF179KA1E16;INF179KA1E08;19.5505;;;22-Jan-2026
132853;HDFC Medium Term Debt Fund - IDCW Option - Direct Plan;INF179KA1D90;INF179KA1D82;21.0859;;;22-Jan-2026

ICICI Prudential Mutual Fund
120670;ICICI Prudential Medium Term Bond Fund - Direct Plan - Growth;INF109K015A5;;51.3260;;;22-Jan-2026
120671;ICICI Prudential Medium Term Bond Fund - Direct Plan - Quarterly IDCW;INF109K018A9;INF109K019A7;11.3135;;;22-Jan-2026
102741;ICICI Prudential Medium Term Bond Fund - Growth;INF109K01AH4;;46.5830;;;22-Jan-2026
113137;ICICI Prudential Medium Term Bond Fund - Quarterly IDCW;INF109K01UF6;INF109K01IO3;10.7377;;;22-Jan-2026

SBI Mutual Fund
119824;SBI MEDIUM DURATION FUND - DIRECT PLAN - GROWTH;INF200K01VB0;;57.0443;;;22-Jan-2026
119825;SBI Medium Duration Fund - Direct Plan - Income Distribution cum Capital Withdrawal Option (IDCW);INF200K01UZ1;INF200K01VA2;22.1741;;;22-Jan-2026
102053;SBI MEDIUM DURATION FUND - REGULAR PLAN - GROWTH;INF200K01719;;52.6323;;;22-Jan-2026
102054;SBI Medium Duration Fund - Regular Plan - Income Distribution cum Capital Withdrawal Option (IDCW);INF200K01727;INF200K01735;20.4018;;;22-Jan-2026

Open Ended Schemes ( Debt Scheme - Medium to Long Duration Fund )


HDFC Mutual Fund
100124;HDFC Income Fund - Growth Option;INF179K01962;;58.7046;;;22-Jan-2026
119069;HDFC Income Fund - Growth Option - Direct Plan;INF179K01WL3;;65.153;;;22-Jan-2026
133365;HDFC Income Fund - Normal IDCW - Direct Plan;INF179KA1Q12;;20.6042;;;22-Jan-2026
133366;HDFC Income Fund - Normal IDCW Option;INF179KA1Q38;;18.5131;;;22-Jan-2026
100123;HDFC Income Fund - Quarterly IDCW Option;INF179K01947;INF179K01954;11.3659;;;22-Jan-2026
119068;HDFC Income Fund - Quarterly IDCW- Direct Plan;INF179K01WJ7;INF179K01WK5;12.7621;;;22-Jan-2026

ICICI Prudential Mutual Fund
120619;ICICI Prudential Bond Fund - Direct Plan - Growth;INF109K01V83;;43.4779;;;22-Jan-2026
131480;ICICI Prudential Bond Fund - Direct Plan - Half Yearly IDCW;INF109KA1X77;INF109KA1X69;10.9228;;;22-Jan-2026
120617;ICICI Prudential Bond Fund - Direct Plan - IDCW Monthly;INF109K01V59;INF109K01V67;11.5046;;;22-Jan-2026
120618;ICICI Prudential Bond Fund - Direct Plan - IDCW Quarterly;INF109K01V75;INF109K01V91;11.7128;;;22-Jan-2026
109740;ICICI Prudential Bond Fund - Growth;INF109K01BO8;;40.9610;;;22-Jan-2026
131481;ICICI Prudential Bond Fund - Half Yearly IDCW;INF109KA1X51;INF109KA1X44;11.2411;;;22-Jan-2026
109741;ICICI Prudential Bond Fund - IDCW Monthly;INF109K01EU9;INF109K01BP5;11.2945;;;22-Jan-2026
109743;ICICI Prudential Bond Fund - IDCW Quarterly;INF109K01EV7;INF109K01BS9;11.3316;;;22-Jan-2026

JM Financial Mutual Fund
120430;JM Medium to Long Duration Fund (Direct) - Growth Option;INF192K01CW5;;70.3851;;;22-Jan-2026
120431;JM Medium to Long Duration Fund (Direct) - Quarterly IDCW;INF192K01CU9;INF192K01CV7;24.871;;;22-Jan-2026
100223;JM Medium to Long Duration Fund (Regular) - Growth Option;INF192K01AB3;;62.9984;;;22-Jan-2026
100222;JM Medium to Long Duration Fund (Regular) - Quarterly IDCW;INF192K01999;INF192K01AA5;21.4198;;;22-Jan-2026
101181;JM Medium to Long Duration Fund (Regular) - Bonus Option- Principal Units;INF192K01AC1;;25.7745;;;22-Jan-2026

LIC Mutual Fund
151990;LIC MF Medium to Long Duration Fund-Direct Plan-Annual IDCW;INF397L01GD9;;19.204;;;22-Jan-2026
120279;LIC MF Medium to Long Duration Fund-Direct Plan-Growth;INF767K01EW0;;79.4851;;;22-Jan-2026
120278;LIC MF Medium to Long Duration Fund-Direct Plan-IDCW;INF767K01EV2;INF767K01EX8;19.2041;;;22-Jan-2026
151988;LIC MF Medium to Long Duration Fund-Direct Plan-Quarterly IDCW;INF397L01GA5;;19.2042;;;22-Jan-2026
151989;LIC MF Medium to Long Duration Fund-Regular Plan-Annual IDCW;INF397L01FX9;;16.0756;;;22-Jan-2026
100315;LIC MF Medium to Long Duration Fund-Regular Plan-Growth;INF767K01923;;73.3398;;;22-Jan-2026
100314;LIC MF Medium to Long Duration Fund-Regular Plan-IDCW;INF767K01907;INF767K01915;16.0758;;;22-Jan-2026
151986;LIC MF Medium to Long Duration Fund-Regular Plan-Quarterly IDCW;INF397L01FU5;;16.0756;;;22-Jan-2026

SBI Mutual Fund
119713;SBI Medium to Long Duration Fund - Direct Plan - Half Yearly - Income Distribution cum Capital Withdrawal Option (IDCW);INF200K01SP6;INF200K01SQ4;22.0087;;;22-Jan-2026
121940;SBI Medium to Long Duration Fund - Direct Plan - Quarterly Income Distribution cum Capital Withdrawal Option (IDCW);INF200K01YS8;INF200K01YT6;22.5317;;;22-Jan-2026
100638;SBI Medium to Long Duration Fund - Regular Plan - Half Yearly - Income Distribution cum Capital Withdrawal Option (IDCW);INF200K01610;INF200K01628;18.7313;;;22-Jan-2026
121944;SBI Medium to Long Duration Fund - Regular Plan - Quarterly Income Distribution cum Capital Withdrawal Option (IDCW);INF200K01YQ2;INF200K01YR0;20.1673;;;22-Jan-2026
119712;SBI Medium to Long Duration Fund-DIRECT PLAN - Bonus;INF200K01SO9;;47.0487;;;22-Jan-2026
119714;SBI Medium to Long Duration Fund-DIRECT PLAN -Growth;INF200K01SR2;;77.5710;;;22-Jan-2026
100640;SBI Medium to Long Duration Fund-REGULAR PLAN-Bonus;INF200K01602;;43.3912;;;22-Jan-2026
100639;SBI Medium to Long Duration Fund-REGULAR PLAN-Growth;INF200K01594;;71.6133;;;22-Jan-2026

Open Ended Schemes ( Debt Scheme - Long Duration Fund )


HDFC Mutual Fund
151314;HDFC Long Duration Debt Fund - Growth Option;INF179KC1EW1;;12.1211;;;22-Jan-2026
151313;HDFC Long Duration Debt Fund - Growth Option - Direct Plan;INF179KC1ET7;;12.2497;;;22-Jan-2026
151311;HDFC Long Duration Debt Fund - IDCW Option;INF179KC1EX9;INF179KC1EY7;10.503;;;22-Jan-2026
151312;HDFC Long Duration Debt Fund - IDCW Option - Direct Plan;INF179KC1EU5;INF179KC1EV3;10.2647;;;22-Jan-2026

ICICI Prudential Mutual Fund
120743;ICICI Prudential Long Term Bond Fund - Direct Plan - Growth;INF109K017L8;;98.9627;;;22-Jan-2026
120747;ICICI Prudential Long Term Bond Fund - Direct Plan - Quarterly IDCW;INF109K010M1;INF109K011M9;12.7390;;;22-Jan-2026
100365;ICICI Prudential Long Term Bond Fund - Growth;INF109K01365;;90.1731;;;22-Jan-2026
100367;ICICI Prudential Long Term Bond Fund - Quarterly IDCW;INF109K01EZ8;INF109K01399;12.3534;;;22-Jan-2026

SBI Mutual Fund
151214;SBI Long Duration Fund - Direct Plan - Growth;INF200KA16T4;;12.4956;;;22-Jan-2026
151215;SBI Long Duration Fund - Direct Plan - Income Distribution cum Capital Withdrawal Option (IDCW);INF200KA17T2;INF200KA18T0;12.4960;;;22-Jan-2026
151212;SBI Long Duration Fund - Regular Plan - Growth;INF200KA13T1;;12.3350;;;22-Jan-2026
151213;SBI Long Duration Fund - Regular Plan - Income Distribution cum Capital Withdrawal Option (IDCW);INF200KA14T9;INF200KA15T6;12.3352;;;22-Jan-2026

Open Ended Schemes ( Debt Scheme - Dynamic Bond )


Groww Mutual Fund
145589;Groww Dynamic Bond Fund (formerly known as Indiabulls Dynamic Bond Fund) - Direct Plan - Growth option;INF666M01EK5;;1537.4624;;;22-Jan-2026
145590;Groww Dynamic Bond Fund (formerly known as Indiabulls Dynamic Bond Fund) - Regular Plan - Growth option;INF666M01ES8;;1466.6036;;;22-Jan-2026
145596;Groww Dynamic Bond Fund (formerly known as Indiabulls Dynamic Bond Fund)- Direct Plan- - Income Distribution cum capital withdrawal Option ( Reinvestment);;INF666M01EL3;1013.0741;;;22-Jan-2026
145595;Groww Dynamic Bond Fund (formerly known as Indiabulls Dynamic Bond Fund)- Direct Plan- Fortnightly - Income Distribution cum capital withdrawal Option (Payout & Reinvestment);INF666M01EO7;INF666M01EP4;1015.1997;;;22-Jan-2026
145591;Groww Dynamic Bond Fund (formerly known as Indiabulls Dynamic Bond Fund)- Direct Plan- Monthly - Income Distribution cum capital withdrawal Option (Payout & Reinvestment);INF666M01EQ2;INF666M01ER0;1006.7578;;;22-Jan-2026
145597;Groww Dynamic Bond Fund (formerly known as Indiabulls Dynamic Bond Fund)- Direct Plan- Weekly - Income Distribution cum capital withdrawal Option (Payout & Reinvestment);INF666M01EM1;INF666M01EN9;1012.0854;;;22-Jan-2026
145593;Groww Dynamic Bond Fund (formerly known as Indiabulls Dynamic Bond Fund)- Regular Plan- - Income Distribution cum capital withdrawal Option ( Reinvestment);;INF666M01ET6;1010.1366;;;22-Jan-2026
145598;Groww Dynamic Bond Fund (formerly known as Indiabulls Dynamic Bond Fund)- Regular Plan- Fortnightly - Income Distribution cum capital withdrawal Option (Payout & Reinvestment);INF666M01EW0;INF666M01EX8;1007.5622;;;22-Jan-2026
145592;Groww Dynamic Bond Fund (formerly known as Indiabulls Dynamic Bond Fund)- Regular Plan- Monthly - Income Distribution cum capital withdrawal Option (Payout & Reinvestment);INF666M01EY6;INF666M01EZ3;1001.8577;;;22-Jan-2026
145594;Groww Dynamic Bond Fund (formerly known as Indiabulls Dynamic Bond Fund)- Regular Plan- Weekly - Income Distribution cum capital withdrawal Option (Payout & Reinvestment);INF666M01EU4;INF666M01EV2;1007.3341;;;22-Jan-2026

HDFC Mutual Fund
101872;HDFC Dynamic Debt Fund - Growth Option;INF179K01848;;90.1399;;;22-Jan-2026
119075;HDFC Dynamic Debt Fund - Growth Option - Direct Plan;INF179K01WB4;;99.8904;;;22-Jan-2026
119072;HDFC Dynamic Debt Fund - Half Yearly IDCW - Direct Plan;INF179K01WC2;INF179K01WD0;13.7063;;;22-Jan-2026
101874;HDFC Dynamic Debt Fund - Half Yearly IDCW Option;INF179K01855;INF179K01863;11.6852;;;22-Jan-2026
133369;HDFC Dynamic Debt Fund - Normal IDCW - Direct Plan;INF179KA1Q95;;21.0326;;;22-Jan-2026
133370;HDFC Dynamic Debt Fund - Normal IDCW Option;INF179KA1R11;;19.3113;;;22-Jan-2026
119073;HDFC Dynamic Debt Fund - Quarterly IDCW - Direct Plan;INF179K01WE8;INF179K01WF5;14.0572;;;22-Jan-2026
101873;HDFC Dynamic Debt Fund - Quarterly IDCW Option;INF179K01871;INF179K01889;12.5585;;;22-Jan-2026
119074;HDFC Dynamic Debt Fund - Yearly IDCW - Direct Plan;INF179K01WG3;INF179K01WH1;15.3739;;;22-Jan-2026
101875;HDFC Dynamic Debt Fund - Yearly IDCW Option;INF179K01921;INF179K01939;13.7721;;;22-Jan-2026

ICICI Prudential Mutual Fund
113218;ICICI Prudential All Seasons Bond Fund - Annual IDCW;INF109K01GO7;INF109K01GP4;11.1483;;;22-Jan-2026
120601;ICICI Prudential All Seasons Bond Fund - Direct Plan - Annual IDCW;INF109K012E4;INF109K013E2;11.1439;;;22-Jan-2026
120603;ICICI Prudential All Seasons Bond Fund - Direct Plan - Growth;INF109K016E5;;41.0551;;;22-Jan-2026
120600;ICICI Prudential All Seasons Bond Fund - Direct Plan - IDCW;INF109K014E0;INF109K015E7;26.6418;;;22-Jan-2026
120602;ICICI Prudential All Seasons Bond Fund - Direct Plan - Quarterly IDCW;INF109K017E3;INF109K018E1;11.9476;;;22-Jan-2026
120604;ICICI Prudential All Seasons Bond Fund - Direct Plan - Weekly IDCW;INF109K019E9;INF109K010F5;10.5603;;;22-Jan-2026
112096;ICICI Prudential All Seasons Bond Fund - Growth;INF109K01GN9;;37.8599;;;22-Jan-2026
112097;ICICI Prudential All Seasons Bond Fund - IDCW;INF109K01GK5;INF109K01GL3;23.5434;;;22-Jan-2026
113403;ICICI Prudential All Seasons Bond Fund - Quarterly IDCW;INF109K01GE8;INF109K01GF5;11.6601;;;22-Jan-2026
101351;ICICI Prudential All Seasons Bond Fund - Weekly IDCW;INF109K01FD2;INF109K01704;10.9701;;;22-Jan-2026

JM Financial Mutual Fund
120432;JM Dynamic Bond Fund (Direct) - Daily IDCW;;INF192K01CZ8;10.0646;;;22-Jan-2026
120434;JM Dynamic Bond Fund (Direct) - IDCW;INF192K01DB7;INF192K01DC5;45.4765;;;22-Jan-2026
133414;JM Dynamic Bond Fund (Direct) - Monthly IDCW;INF192K01IL5;INF192K01IM3;45.826;;;22-Jan-2026
120433;JM Dynamic Bond Fund (Direct) - Weekly IDCW;;INF192K01DA9;10.5179;;;22-Jan-2026
105639;JM Dynamic Bond Fund (Regular) - Daily IDCW;;INF192K01668;10.0018;;;22-Jan-2026
101806;JM Dynamic Bond Fund (Regular) - Growth Option;INF192K01700;;42.2765;;;22-Jan-2026
101805;JM Dynamic Bond Fund (Regular) - IDCW;INF192K01684;INF192K01692;42.4091;;;22-Jan-2026
133390;JM Dynamic Bond Fund (Regular) - Monthly IDCW;INF192K01IJ9;INF192K01IK7;42.6103;;;22-Jan-2026
105637;JM Dynamic Bond Fund (Regular) - Weekly IDCW;;INF192K01676;10.501;;;22-Jan-2026
120435;JM Dynamic Bond Fund - (Direct) - Growth Option;INF192K01DD3;;45.2334;;;22-Jan-2026

Quantum Mutual Fund
134494;Quantum Dynamic Bond Fund - Direct Plan Growth Option;INF082J01176;;22.1235;;;22-Jan-2026
134493;Quantum Dynamic Bond Fund - Direct Plan Monthly IDCW;INF082J01184;INF082J01192;10.2886;;;22-Jan-2026
141061;Quantum Dynamic Bond Fund - Regular Plan Growth Option;INF082J01218;;21.7126;;;22-Jan-2026
141060;Quantum Dynamic Bond Fund - Regular Plan Monthly IDCW;INF082J01226;INF082J01234;10.3446;;;22-Jan-2026

SBI Mutual Fund
119671;SBI Dynamic Bond Fund - DIRECT PLAN - Growth;INF200K01RD4;;39.7238;;;22-Jan-2026
119670;SBI Dynamic Bond Fund - Direct Plan - Income Distribution cum Capital Withdrawal Option (IDCW);INF200K01RB8;INF200K01RC6;22.1882;;;22-Jan-2026
102205;SBI Dynamic Bond Fund - REGULAR PLAN - Growth;INF200K01958;;36.1520;;;22-Jan-2026
102206;SBI Dynamic Bond Fund - Regular Plan - Income Distribution cum Capital Withdrawal Option (IDCW);INF200K01966;INF200K01974;18.9529;;;22-Jan-2026

Open Ended Schemes ( Debt Scheme - Corporate Bond Fund )


HDFC Mutual Fund
113070;HDFC Corporate Bond Fund - Growth Option;INF179K01DC2;;33.3181;;;22-Jan-2026
118987;HDFC Corporate Bond Fund - Growth Option - Direct Plan;INF179K01XD8;;34.0944;;;22-Jan-2026
132848;HDFC Corporate Bond Fund - IDCW Option;INF179KA1D33;INF179KA1D25;20.1697;;;22-Jan-2026
132849;HDFC Corporate Bond Fund - IDCW Option - Direct Plan;INF179KA1D17;;20.8906;;;22-Jan-2026
113071;HDFC Corporate Bond Fund - Quarterly IDCW Option;INF179K01DD0;INF179K01DE8;10.488;;;22-Jan-2026
118986;HDFC Corporate Bond Fund - Quarterly IDCW Option - Direct Plan;INF179K01XB2;INF179K01XC0;10.3925;;;22-Jan-2026

ICICI Prudential Mutual Fund
120692;ICICI Prudential Corporate Bond Fund - Direct Plan - Growth;INF109K016B1;;32.2908;;;22-Jan-2026
120697;ICICI Prudential Corporate Bond Fund - Direct Plan - Monthly IDCW;INF109K017B9;INF109K018B7;10.2178;;;22-Jan-2026
120694;ICICI Prudential Corporate Bond Fund - Direct Plan - Quarterly IDCW;INF109K019B5;INF109K012C8;15.4247;;;22-Jan-2026
111987;ICICI Prudential Corporate Bond Fund - Growth;INF109K01CQ1;;30.7892;;;22-Jan-2026
111991;ICICI Prudential Corporate Bond Fund - Monthly IDCW;INF109K01SK0;INF109K01CT5;10.3711;;;22-Jan-2026
111992;ICICI Prudential Corporate Bond Fund -Quarterly IDCW;INF109K01SN4;INF109K01SO2;11.1480;;;22-Jan-2026

SBI Mutual Fund
146215;SBI Corporate Bond Fund - Direct Plan - Growth;INF200KA1YR4;;16.4454;;;22-Jan-2026
146212;SBI Corporate Bond Fund - Direct Plan - Monthly Income Distribution cum Capital Withdrawal Option (IDCW);INF200KA1YS2;INF200KA1YT0;15.5228;;;22-Jan-2026
146216;SBI Corporate Bond Fund - Direct Plan - Quarterly Income Distribution cum Capital Withdrawal Option (IDCW);INF200KA1YU8;INF200KA1YV6;15.9872;;;22-Jan-2026
146207;SBI Corporate Bond Fund - Regular Plan - Growth;INF200KA1YM5;;15.9263;;;22-Jan-2026
146208;SBI Corporate Bond Fund - Regular Plan - Monthly Income Distribution cum Capital Withdrawal Option (IDCW);INF200KA1YN3;INF200KA1YO1;15.0304;;;22-Jan-2026
146210;SBI Corporate Bond Fund - Regular Plan - Quarterly Income Distribution cum Capital Withdrawal Option (IDCW);INF200KA1YP8;INF200KA1YQ6;15.4741;;;22-Jan-2026

Trust Mutual Fund
151320;TRUSTMF CORPORATE BOND FUND-DIRECT PLAN-GROWTH;INF0GCD01560;;1233.5513;;;22-Jan-2026
151321;TRUSTMF CORPORATE BOND FUND-DIRECT PLAN-MONTHLY IDCW;INF0GCD01586;INF0GCD01578;1169.3679;;;22-Jan-2026
151322;TRUSTMF CORPORATE BOND FUND-REGULAR PLAN-GROWTH;INF0GCD01537;;1218.7827;;;22-Jan-2026
151319;TRUSTMF CORPORATE BOND FUND-REGULAR PLAN-MONTHLY IDCW;INF0GCD01552;INF0GCD01545;1152.78;;;22-Jan-2026

Open Ended Schemes ( Debt Scheme - Credit Risk Fund )


HDFC Mutual Fund
128053;HDFC Credit Risk Debt Fund - Growth Option;INF179KA1GC0;;24.857;;;22-Jan-2026
128051;HDFC Credit Risk Debt Fund - Growth Option - Direct Plan;INF179KA1FZ3;;26.9454;;;22-Jan-2026
133148;HDFC Credit Risk Debt Fund - IDCW Option;INF179KA1I87;INF179KA1I79;22.8892;;;22-Jan-2026
133147;HDFC Credit Risk Debt Fund - IDCW Option - Direct Plan;INF179KA1I61;INF179KA1I53;23.6204;;;22-Jan-2026
128050;HDFC Credit Risk Debt Fund - Quarterly IDCW - Direct Plan;INF179KA1GA4;INF179KA1GB2;10.7517;;;22-Jan-2026
128052;HDFC Credit Risk Debt Fund - Quarterly IDCW Option;INF179KA1GD8;INF179KA1GE6;10.4008;;;22-Jan-2026

ICICI Prudential Mutual Fund
120711;ICICI Prudential Credit Risk Fund - Direct Plan - Growth;INF109K01V00;;36.7788;;;22-Jan-2026
120709;ICICI Prudential Credit Risk Fund - Direct Plan - Quarterly IDCW;INF109K01V34;INF109K01V42;11.8910;;;22-Jan-2026
114239;ICICI Prudential Credit Risk Fund - Growth;INF109K01GU4;;33.2552;;;22-Jan-2026
114240;ICICI Prudential Credit Risk Fund - Quarterly IDCW;INF109K01GV2;INF109K01GW0;11.1990;;;22-Jan-2026

SBI Mutual Fund
119792;SBI Credit Risk Fund - Direct Plan - Daily Income Distribution cum Capital Withdrawal Option (IDCW);;INF200K01SS0;16.1984;;;22-Jan-2026
119793;SBI Credit Risk Fund - Direct Plan - Income Distribution cum Capital Withdrawal Option (IDCW);INF200K01ST8;INF200K01SU6;23.7558;;;22-Jan-2026
119798;SBI CREDIT RISK FUND - DIRECT PLAN -GROWTH;INF200K01SV4;;51.0484;;;22-Jan-2026
118211;SBI Credit Risk Fund - Regular Plan - Daily Income Distribution cum Capital Withdrawal Option (IDCW);;INF200K01QK1;15.5897;;;22-Jan-2026
102505;SBI CREDIT RISK FUND - REGULAR PLAN - GROWTH;INF200K01685;;47.1021;;;22-Jan-2026
102506;SBI Credit Risk Fund - Regular Plan - Income Distribution cum Capital Withdrawal Option (IDCW);INF200K01693;INF200K01701;21.2941;;;22-Jan-2026

Open Ended Schemes ( Debt Scheme - Banking and PSU Fund )


HDFC Mutual Fund
128628;HDFC Banking and PSU Debt Fund - Growth Option;INF179KA1JC4;;23.5994;;;22-Jan-2026
128629;HDFC Banking and PSU Debt Fund - Growth Option - Direct Plan;INF179KA1IZ7;;24.6262;;;22-Jan-2026
128627;HDFC Banking and PSU Debt Fund - IDCW Option;INF179KA1JD2;INF179KA1JE0;10.1147;;;22-Jan-2026
128626;HDFC Banking and PSU Debt Fund - IDCW Option - Direct Plan;INF179KA1JA8;INF179KA1JB6;10.006;;;22-Jan-2026

ICICI Prudential Mutual Fund
120256;ICICI Prudential Banking and PSU Debt Fund - Direct Plan -  Growth;INF109K010A6;;35.2036;;;22-Jan-2026
120258;ICICI Prudential Banking and PSU Debt Fund - Direct Plan -  Quarterly IDCW;INF109K011A4;INF109K012A2;12.9429;;;22-Jan-2026
112342;ICICI Prudential Banking and PSU Debt Fund - Growth;INF109K01RT3;;33.7074;;;22-Jan-2026
116174;ICICI Prudential Banking and PSU Debt Fund - Quarterly IDCW;INF109K01YE1;INF109K01YD3;10.9535;;;22-Jan-2026

LIC Mutual Fund
120337;LIC MF Banking & PSU Fund-Direct Plan-Daily IDCW;INF767K01GJ2;INF767K01GM6;14.2865;;;22-Jan-2026
120338;LIC MF Banking & PSU Fund-Direct Plan-Growth;INF767K01GI4;;38.5825;;;22-Jan-2026
120339;LIC MF Banking & PSU Fund-Direct Plan-Monthly IDCW;INF767K01GK0;INF767K01GN4;14.5307;;;22-Jan-2026
120336;LIC MF Banking & PSU Fund-Direct Plan-Weekly IDCW;INF767K01GL8;INF767K01GO2;10.0373;;;22-Jan-2026
105822;LIC MF Banking & PSU Fund-Regular Plan-Daily IDCW;INF767K01519;INF767K01527;11.4457;;;22-Jan-2026
105823;LIC MF Banking & PSU Fund-Regular Plan-Growth;INF767K01535;;35.6743;;;22-Jan-2026
105856;LIC MF Banking & PSU Fund-Regular Plan-Monthly IDCW;INF767K01543;INF767K01550;13.3516;;;22-Jan-2026
105857;LIC MF Banking & PSU Fund-Regular Plan-Weekly IDCW;INF767K01568;INF767K01576;10.3663;;;22-Jan-2026

SBI Mutual Fund
125502;SBI Banking & PSU Fund - Direct Plan - Daily Income Distribution cum Capital Withdrawal Option (IDCW);;INF200K01V16;1499.7915;;;22-Jan-2026
125503;SBI BANKING & PSU FUND - Direct Plan - Growth;INF200K01V08;;3404.9604;;;22-Jan-2026
125505;SBI Banking & PSU Fund - Direct Plan - Monthly Income Distribution cum Capital Withdrawal Option (IDCW);INF200K01V40;INF200K01V57;1308.8729;;;22-Jan-2026
125504;SBI Banking & PSU Fund - Direct Plan - Weekly Income Distribution cum Capital Withdrawal Option (IDCW);INF200K01V32;INF200K01V24;1496.4607;;;22-Jan-2026
125498;SBI BANKING & PSU FUND - Regular Paln - Growth;INF200K01U41;;3196.9042;;;22-Jan-2026
125499;SBI Banking & PSU Fund - Regular Plan - Daily Income Distribution cum Capital Withdrawal Option (IDCW);;INF200K01U58;1458.5156;;;22-Jan-2026
125501;SBI Banking & PSU Fund - Regular Plan - Monthly Income Distribution cum Capital Withdrawal Option (IDCW);INF200K01U82;INF200K01U90;1222.8368;;;22-Jan-2026
125500;SBI Banking & PSU Fund - Regular Plan - Weekly Income Distribution cum Capital Withdrawal Option (IDCW);INF200K01U74;INF200K01U66;1458.1686;;;22-Jan-2026

Trust Mutual Fund
148656;TRUSTMF BANKING & PSU FUND - DIRECT GROWTH;INF0GCD01107;;1335.928;;;22-Jan-2026
148655;TRUSTMF BANKING & PSU FUND - REGULAR GROWTH;INF0GCD01016;;1303.0906;;;22-Jan-2026
148672;TRUSTMF BANKING & PSU FUND DIRECT PLAN ANNUAL INCOME DISTRIBUTION CUM CAPITAL WITHDRAWAL OPTION;INF0GCD01180;INF0GCD01172;1171.8432;;;22-Jan-2026
148678;TRUSTMF BANKING & PSU FUND DIRECT PLAN DAILY INCOME DISTRIBUTION CUM CAPITAL WITHDRAWAL;;INF0GCD01115;1323.1436;;;22-Jan-2026
148681;TRUSTMF BANKING & PSU FUND DIRECT PLAN MONTHLY INCOME DISTRIBUTION CUM CAPITAL WITHDRAWAL OPTION;INF0GCD01149;INF0GCD01131;1153.8116;;;22-Jan-2026
148670;TRUSTMF BANKING & PSU FUND DIRECT PLAN QUARTERLY INCOME DISTRIBUTION CUM CAPITAL WITHDRAWAL;INF0GCD01164;INF0GCD01156;1169.7077;;;22-Jan-2026
148675;TRUSTMF BANKING & PSU FUND DIRECT PLAN WEEKLY INCOME DISTRIBUTION CUM CAPITAL WITHDRAWAL;;INF0GCD01123;1128.5839;;;22-Jan-2026
148669;TRUSTMF BANKING & PSU FUND REGULAR PLAN ANNUAL INCOME DISTRIBUTION CUM CAPITAL WITHDRAWAL;INF0GCD01099;INF0GCD01081;1140.8345;;;22-Jan-2026
148667;TRUSTMF BANKING & PSU FUND REGULAR PLAN DAILY INCOME DISTRIBUTION CUM CAPITAL WITHDRAWAL;;INF0GCD01024;1243.682;;;22-Jan-2026
148674;TRUSTMF BANKING & PSU FUND REGULAR PLAN MONTHLY INCOME DISTRIBUTION CUM CAPITAL WITHDRAWAL;INF0GCD01057;INF0GCD01040;1131.5885;;;22-Jan-2026
148668;TRUSTMF BANKING & PSU FUND REGULAR PLAN QUARTERLY INCOME DISTRIBUTION CUM CAPITAL WITHDRAWAL;INF0GCD01073;INF0GCD01065;1140.4395;;;22-Jan-2026
148679;TRUSTMF BANKING & PSU FUND REGULAR PLAN WEEKLY INCOME DISTRIBUTION CUM CAPITAL WITHDRAWAL;;INF0GCD01032;1109.8392;;;22-Jan-2026

Open Ended Schemes ( Debt Scheme - Gilt Fund )


Groww Mutual Fund
153477;Groww Gilt Fund - Direct - Growth;INF666M01KK2;;9.8831;;;22-Jan-2026
153502;Groww Gilt Fund - Direct - IDCW;INF666M01KL0;INF666M01KM8;9.882;;;22-Jan-2026
153503;Groww Gilt Fund - Regular - Growth;INF666M01KN6;;9.8135;;;22-Jan-2026
153504;Groww Gilt Fund - Regular - IDCW;INF666M01KO4;INF666M01KP1;9.8137;;;22-Jan-2026

HDFC Mutual Fund
119116;HDFC Gilt Fund - Growth Option - Direct Plan;INF179K01VS0;;58.8445;;;22-Jan-2026
101083;HDFC Gilt Fund - Growth Plan;INF179K01756;;55.7657;;;22-Jan-2026
119115;HDFC Gilt Fund - IDCW Option - Direct Plan;INF179K01VR2;INF179K01VT8;12.9432;;;22-Jan-2026
101084;HDFC Gilt Fund - IDCW Plan;INF179K01772;INF179K01764;12.0995;;;22-Jan-2026

ICICI Prudential Mutual Fund
120590;ICICI Prudential Gilt Fund - Direct Plan - Growth;INF109K018C5;;113.2282;;;22-Jan-2026
120589;ICICI Prudential Gilt Fund - Direct Plan - IDCW;INF109K016C9;INF109K017C7;19.1147;;;22-Jan-2026
100369;ICICI Prudential Gilt Fund - Growth;INF109K01JR4;;104.7889;;;22-Jan-2026
100368;ICICI Prudential Gilt Fund - IDCW;INF109K01JQ6;INF109K01JP8;18.0675;;;22-Jan-2026

LIC Mutual Fund
120282;LIC MF Gilt Fund-Direct Plan-Growth;INF767K01EZ3;;65.1633;;;22-Jan-2026
120283;LIC MF Gilt Fund-Direct Plan-IDCW;INF767K01EY6;INF767K01FA3;18.7734;;;22-Jan-2026
100319;LIC MF Gilt Fund-PF Plan-Growth;INF767K01733;;34.0162;;;22-Jan-2026
100318;LIC MF Gilt Fund-PF Plan-IDCW;INF767K01717;INF767K01725;22.0119;;;22-Jan-2026
100317;LIC MF Gilt Fund-Regular Plan-Growth;INF767K01709;;58.8959;;;22-Jan-2026
100316;LIC MF Gilt Fund-Regular Plan-IDCW;INF767K01683;INF767K01691;16.9768;;;22-Jan-2026

SBI Mutual Fund
101934;SBI GILT FUND -  GROWTH - PF (Fixed Period - 3 Yrs) Option;INF200K01AH1;;39.8001;;;22-Jan-2026
101932;SBI GILT FUND -  GROWTH - PF (Regular) Option;INF200K01AK5;;42.6073;;;22-Jan-2026
119707;SBI GILT FUND - DIRECT PLAN - GROWTH;INF200K01SH3;;70.4636;;;22-Jan-2026
119706;SBI Gilt Fund - Direct Plan - Income Distribution cum Capital Withdrawal Option (IDCW);INF200K01SF7;INF200K01SG5;22.4889;;;22-Jan-2026
101950;SBI Gilt Fund - Income Distribution cum Capital Withdrawal Option (IDCW) - PF (Fixed Period - 1 Yr);INF200K01AC2;INF200K01AD0;20.5000;;;22-Jan-2026
101951;SBI Gilt Fund - Income Distribution cum Capital Withdrawal Option (IDCW) - PF (Fixed Period - 2 Yrs);INF200K01AF5;INF200K01AG3;20.7451;;;22-Jan-2026
101952;SBI Gilt Fund - Income Distribution cum Capital Withdrawal Option (IDCW) - PF (Fixed Period - 3 Yrs);INF200K01AI9;INF200K01AJ7;20.1140;;;22-Jan-2026
101001;SBI GILT FUND - REGULAR PLAN - GROWTH;INF200K01982;;66.3539;;;22-Jan-2026
100999;SBI Gilt Fund - Regular Plan - Income Distribution cum Capital Withdrawal Option (IDCW);INF200K01990;INF200K01AA6;20.4036;;;22-Jan-2026

Open Ended Schemes ( Debt Scheme - Gilt Fund with 10 year constant duration )


ICICI Prudential Mutual Fund
131061;ICICI Prudential Constant Maturity Gilt Fund - Direct Plan - Growth;INF109KA1O37;;25.7969;;;22-Jan-2026
131054;ICICI Prudential Constant Maturity Gilt Fund - Direct Plan - Quarterly IDCW;INF109KA1O52;INF109KA1O94;11.5941;;;22-Jan-2026
131051;ICICI Prudential Constant Maturity Gilt Fund - Growth;INF109KA1N46;;25.2130;;;22-Jan-2026
131057;ICICI Prudential Constant Maturity Gilt Fund - quarterly IDCW;INF109KA1N61;INF109KA1O03;11.3334;;;22-Jan-2026

SBI Mutual Fund
120137;SBI CONSTANT MATURITY 10 YEAR GILT FUND - DIRECT PLAN - GROWTH;INF200K01SK7;;67.5509;;;22-Jan-2026
120136;SBI Constant Maturity 10 Year Gilt Fund - Direct Plan - Income Distribution cum Capital Withdrawal Option (IDCW);INF200K01SI1;INF200K01SJ9;21.9732;;;22-Jan-2026
101002;SBI CONSTANT MATURITY 10 Year GILT FUND - REGULAR PLAN - GROWTH;INF200K01AN9;;64.8532;;;22-Jan-2026
101003;SBI Constant Maturity 10 Year Gilt Fund - Regular Plan - Income Distribution cum Capital Withdrawal Option (IDCW);INF200K01AO7;INF200K01AP4;21.0924;;;22-Jan-2026

Open Ended Schemes ( Debt Scheme - Floater Fund )


HDFC Mutual Fund
106838;HDFC Floating Rate Debt Fund - Daily IDCW Option;;INF179K01699;10.0681;;;22-Jan-2026
118959;HDFC Floating Rate Debt Fund - Direct Plan - Daily IDCW;;INF179KC1IU6;10.0687;;;22-Jan-2026
118961;HDFC Floating Rate Debt Fund - Direct Plan - Growth Option;INF179K01VQ4;;52.6951;;;22-Jan-2026
118960;HDFC Floating Rate Debt Fund - Direct Plan - Monthly IDCW;INF179K01VO9;INF179K01VP6;10.1442;;;22-Jan-2026
118962;HDFC Floating Rate Debt Fund - Direct Plan - Weekly IDCW;INF179KC1IW2;;10.0279;;;22-Jan-2026
106841;HDFC Floating Rate Debt Fund - Growth Option;INF179K01707;;51.5913;;;22-Jan-2026
106839;HDFC Floating Rate Debt Fund - Monthly IDCW Option;INF179K01715;INF179K01723;10.1427;;;22-Jan-2026
106840;HDFC Floating Rate Debt Fund - Weekly IDCW Option;INF179K01731;INF179KC1IV4;10.0273;;;22-Jan-2026

ICICI Prudential Mutual Fund
101804;ICICI Prudential Floating Interest Fund - Daily IDCW;INF109K01AW3;;100.8760;;;22-Jan-2026
120423;ICICI Prudential Floating Interest Fund - Direct Plan - Daily IDCW;;INF109K01P24;100.7639;;;22-Jan-2026
120425;ICICI Prudential Floating Interest Fund - Direct Plan - Growth;INF109K01P57;;481.5856;;;22-Jan-2026
120426;ICICI Prudential Floating Interest Fund - Direct Plan - IDCW Others;INF109K01P65;INF109K01P32;205.8943;;;22-Jan-2026
120424;ICICI Prudential Floating Interest Fund - Direct Plan - Weekly IDCW;INF109K01P73;INF109K01P81;102.2920;;;22-Jan-2026
101802;ICICI Prudential Floating Interest Fund - Growth;INF109K01AX1;;439.3867;;;22-Jan-2026
115510;ICICI Prudential Floating Interest Fund - IDCW Others;INF109K01WQ9;INF109K01WP1;193.9570;;;22-Jan-2026
111545;ICICI Prudential Floating Interest Fund - Weekly IDCW;INF109K01EN4;INF109K01AY9;102.2740;;;22-Jan-2026

SBI Mutual Fund
148550;SBI Floating Rate Debt Fund - Direct Plan - Growth;INF200KA1R64;;13.8074;;;22-Jan-2026
148551;SBI Floating Rate DEBT Fund - Direct Plan - Monthly Income Distribution cum Capital Withdrawal Option (IDCW);INF200KA1R72;INF200KA1R80;13.8066;;;22-Jan-2026
148549;SBI Floating Rate DEBT Fund - Direct Plan - Quarterly Income Distribution cum Capital Withdrawal Option (IDCW);INF200KA1R98;INF200KA1S06;13.8077;;;22-Jan-2026
148543;SBI Floating Rate Debt Fund - Regular Plan - Growth;INF200KA1R15;;13.6701;;;22-Jan-2026
148544;SBI Floating Rate DEBT Fund - Regular Plan - Monthly Income Distribution cum Capital Withdrawal Option (IDCW);INF200KA1R23;INF200KA1R31;13.6737;;;22-Jan-2026
148546;SBI Floating Rate DEBT Fund - Regular Plan - Quarterly Income Distribution cum Capital Withdrawal Option (IDCW);INF200KA1R49;INF200KA1R56;13.6712;;;22-Jan-2026

Open Ended Schemes ( Hybrid Scheme - Conservative Hybrid Fund )


HDFC Mutual Fund
119118;HDFC Hybrid Debt Fund - Growth Option - Direct Plan;INF179K01XE6;;88.3799;;;22-Jan-2026
102147;HDFC Hybrid Debt Fund - Growth Plan;INF179K01AE4;;82.8209;;;22-Jan-2026
102148;HDFC Hybrid Debt Fund - IDCW Monthly;INF179K01AA2;INF179K01AB0;13.9089;;;22-Jan-2026
119119;HDFC Hybrid Debt Fund - IDCW Monthly - Direct Plan;INF179K01XF3;INF179K01XG1;15.585;;;22-Jan-2026
102149;HDFC Hybrid Debt Fund - IDCW Quarterly;INF179K01AC8;INF179K01AD6;14.6001;;;22-Jan-2026
119120;HDFC Hybrid Debt Fund - IDCW Quarterly - Direct Plan;INF179K01XH9;INF179K01XI7;16.368;;;22-Jan-2026

ICICI Prudential Mutual Fund
120616;ICICI Prudential Regular Savings Fund - Direct Plan - Growth;INF109K01S39;;85.4932;;;22-Jan-2026
120613;ICICI Prudential Regular Savings Fund - Direct Plan - Half Yearly IDCW;INF109K01S47;INF109K01S54;16.5730;;;22-Jan-2026
120615;ICICI Prudential Regular Savings Fund - Direct Plan - Monthly IDCW;INF109K01S62;INF109K01S70;16.1750;;;22-Jan-2026
120614;ICICI Prudential Regular Savings Fund - Direct Plan - Quarterly IDCW;INF109K01S88;INF109K01S96;14.7730;;;22-Jan-2026
102330;ICICI Prudential Regular Savings Fund - Plan - Growth;INF109K01902;;77.4059;;;22-Jan-2026
113098;ICICI Prudential Regular Savings Fund - Plan - Half Yearly IDCW;INF109K01IW6;INF109K01WX5;12.9066;;;22-Jan-2026
102331;ICICI Prudential Regular Savings Fund - Plan - Monthly IDCW;INF109K01ER5;INF109K01894;13.6648;;;22-Jan-2026
113097;ICICI Prudential Regular Savings Fund - Plan - Quarterly IDCW;INF109K01IX4;INF109K01WY3;11.9744;;;22-Jan-2026

LIC Mutual Fund
120276;LIC MF Conservative Hybrid Fund-Direct Plan-Growth;INF767K01EO7;;92.7436;;;22-Jan-2026
120277;LIC MF Conservative Hybrid Fund-Direct Plan-Monthly IDCW;INF767K01EP4;INF767K01ES8;13.4174;;;22-Jan-2026
120274;LIC MF Conservative Hybrid Fund-Direct Plan-Quarterly IDCW;INF767K01EQ2;INF767K01ET6;18.5054;;;22-Jan-2026
120275;LIC MF Conservative Hybrid Fund-Direct Plan-Yearly IDCW;INF767K01ER0;INF767K01EU4;14.8987;;;22-Jan-2026
101869;LIC MF Conservative Hybrid Fund-Regular Plan-Growth;INF767K01808;;83.2194;;;22-Jan-2026
101866;LIC MF Conservative Hybrid Fund-Regular Plan-Monthly IDCW;INF767K01816;INF767K01824;12.993;;;22-Jan-2026
101867;LIC MF Conservative Hybrid Fund-Regular Plan-Quarterly IDCW;INF767K01832;INF767K01840;14.618;;;22-Jan-2026
101868;LIC MF Conservative Hybrid Fund-Regular Plan-Yearly IDCW;INF767K01857;INF767K01865;12.4933;;;22-Jan-2026

SBI Mutual Fund
119836;SBI Conservative Hybrid Fund  - Direct Plan - Quarterly Income Distribution cum Capital Withdrawal Option (IDCW);INF200K01TV2;INF200K01TW0;24.6786;;;22-Jan-2026
119837;SBI Conservative Hybrid Fund - Direct Plan - Annual Income Distribution cum Capital Withdrawal Option (IDCW);INF200K01TQ2;INF200K01TR0;32.2103;;;22-Jan-2026
119839;SBI Conservative Hybrid Fund - Direct Plan - Growth;INF200K01TS8;;80.7714;;;22-Jan-2026
119838;SBI Conservative Hybrid Fund - Direct Plan - Monthly Income Distribution cum Capital Withdrawal Option (IDCW);INF200K01TT6;INF200K01TU4;28.2290;;;22-Jan-2026
100929;SBI Conservative Hybrid Fund - Regular Plan - Annual Income Distribution cum Capital Withdrawal Option (IDCW);INF200K01909;INF200K01917;26.0138;;;22-Jan-2026
100968;SBI Conservative Hybrid Fund - Regular Plan - Growth;INF200K01859;;73.7483;;;22-Jan-2026
100927;SBI Conservative Hybrid Fund - Regular Plan - Monthly Income Distribution cum Capital Withdrawal Option (IDCW);INF200K01867;INF200K01875;21.5997;;;22-Jan-2026
100928;SBI Conservative Hybrid Fund - Regular Plan - Quarterly Income Distribution cum Capital Withdrawal Option (IDCW);INF200K01883;INF200K01891;21.2700;;;22-Jan-2026

Open Ended Schemes ( Hybrid Scheme - Aggressive Hybrid Fund )


Groww Mutual Fund
145599;Groww Aggressive Hybrid Fund (formerly known as Indiabulls Equity Hybrid Fund) - Direct Plan - Growth option;INF666M01FA3;;23.2038;;;22-Jan-2026
145605;Groww Aggressive Hybrid Fund (formerly known as Indiabulls Equity Hybrid Fund) - Regular Plan - Growth option;INF666M01FJ4;;20.6517;;;22-Jan-2026
145600;Groww Aggressive Hybrid Fund (formerly known as Indiabulls Equity Hybrid Fund)- Direct Plan- - Income Distribution cum capital withdrawal Option (Payout & Reinvestment);INF666M01FB1;INF666M01FC9;23.0109;;;22-Jan-2026
145602;Groww Aggressive Hybrid Fund (formerly known as Indiabulls Equity Hybrid Fund)- Direct Plan- Half Yearly - Income Distribution cum capital withdrawal Option (Payout & Reinvestment);INF666M01FH8;INF666M01FI6;22.3161;;;22-Jan-2026
145606;Groww Aggressive Hybrid Fund (formerly known as Indiabulls Equity Hybrid Fund)- Direct Plan- Monthly - Income Distribution cum capital withdrawal Option (Payout & Reinvestment);INF666M01FD7;INF666M01FE5;22.9744;;;22-Jan-2026
145601;Groww Aggressive Hybrid Fund (formerly known as Indiabulls Equity Hybrid Fund)- Direct Plan- Quarterly - Income Distribution cum capital withdrawal Option (Payout & Reinvestment);INF666M01FF2;INF666M01FG0;22.738;;;22-Jan-2026
145603;Groww Aggressive Hybrid Fund (formerly known as Indiabulls Equity Hybrid Fund)- Regular Plan- - Income Distribution cum capital withdrawal Option (Payout & Reinvestment);INF666M01FK2;INF666M01FL0;20.6488;;;22-Jan-2026
145608;Groww Aggressive Hybrid Fund (formerly known as Indiabulls Equity Hybrid Fund)- Regular Plan- Half Yearly - Income Distribution cum capital withdrawal Option (Payout & Reinvestment);INF666M01FQ9;INF666M01FR7;20.6032;;;22-Jan-2026
145604;Groww Aggressive Hybrid Fund (formerly known as Indiabulls Equity Hybrid Fund)- Regular Plan- Monthly - Income Distribution cum capital withdrawal Option (Payout & Reinvestment.;INF666M01FM8;INF666M01FN6;20.65;;;22-Jan-2026
145607;Groww Aggressive Hybrid Fund (formerly known as Indiabulls Equity Hybrid Fund)- Regular Plan- Quarterly - Income Distribution cum capital withdrawal Option (Payout & Reinvestment);INF666M01FO4;INF666M01FP1;21.8896;;;22-Jan-2026

HDFC Mutual Fund
119062;HDFC Hybrid Equity Fund - Growth Option - Direct Plan;INF179K01XZ1;;127.724;;;22-Jan-2026
102948;HDFC Hybrid Equity Fund - Growth Plan;INF179K01AS4;;117.419;;;22-Jan-2026
119061;HDFC Hybrid Equity Fund - IDCW Option - Direct Plan;INF179K01XX6;INF179K01XY4;18.677;;;22-Jan-2026
102947;HDFC Hybrid Equity Fund - IDCW Plan;INF179K01AQ8;INF179K01AR6;16.16;;;22-Jan-2026

ICICI Prudential Mutual Fund
136113;ICICI Prudential Equity & Debt Fund - Annual IDCW;INF109KB1QK6;INF109KB1QJ8;25.54;;;22-Jan-2026
136114;ICICI Prudential Equity & Debt Fund - Direct Plan - Annual IDCW;INF109KB1QM2;INF109KB1QL4;28.55;;;22-Jan-2026
120251;ICICI Prudential Equity & Debt Fund - Direct Plan - Growth;INF109K01Y07;;446.67;;;22-Jan-2026
131453;ICICI Prudential Equity & Debt Fund - Direct Plan - Half Yearly IDCW;INF109KA1Y19;INF109KA1Y01;30.24;;;22-Jan-2026
120252;ICICI Prudential Equity & Debt Fund - Direct Plan - Monthly IDCW;INF109K01X81;INF109K01X99;70.77;;;22-Jan-2026
100356;ICICI Prudential Equity & Debt Fund - Growth;INF109K01480;;401.36;;;22-Jan-2026
131452;ICICI Prudential Equity & Debt Fund - Half Yearly IDCW;INF109KA1X93;INF109KA1X85;26.71;;;22-Jan-2026
100355;ICICI Prudential Equity & Debt Fund - Monthly IDCW;INF109K01DX5;INF109K01498;43.79;;;22-Jan-2026

JM Financial Mutual Fund
130904;JM Aggressive Hybrid Fund (Direct) - Annual Bonus Option;INF192K01HB8;;134.7967;;;22-Jan-2026
131477;JM Aggressive Hybrid Fund (Direct) - Annual IDCW;INF192K01HJ1;INF192K01HK9;45.4082;;;22-Jan-2026
120484;JM Aggressive Hybrid Fund (Direct) - Growth Option;INF192K01BQ9;;134.5768;;;22-Jan-2026
133402;JM Aggressive Hybrid Fund (Direct) - Half Yearly IDCW;INF192K01HH5;INF192K01HI3;96.837;;;22-Jan-2026
120483;JM Aggressive Hybrid Fund (Direct) - IDCW;INF192K01BO4;INF192K01BP1;74.1951;;;22-Jan-2026
133412;JM Aggressive Hybrid Fund (Direct) - Monthly IDCW;INF192K01HN3;INF192K01HO1;96.8086;;;22-Jan-2026
133406;JM Aggressive Hybrid Fund (Direct) - Quarterly IDCW;INF192K01HR4;INF192K01HS2;34.0498;;;22-Jan-2026
131476;JM Aggressive Hybrid Fund (Regular) - Annual IDCW;INF192K01HF9;INF192K01HG7;32.4434;;;22-Jan-2026
133408;JM Aggressive Hybrid Fund (Regular) - Half Yearly IDCW;INF192K01HD4;INF192K01HE2;85.2701;;;22-Jan-2026
100220;JM Aggressive Hybrid Fund (Regular) - IDCW;INF192K01528;INF192K01536;32.6755;;;22-Jan-2026
133404;JM Aggressive Hybrid Fund (Regular) - Monthly IDCW;INF192K01HL7;INF192K01HM5;84.592;;;22-Jan-2026
133405;JM Aggressive Hybrid Fund (Regular) - Quarterly IDCW;INF192K01HP8;INF192K01HQ6;30.1928;;;22-Jan-2026
100221;JM Aggressive Hybrid Fund (Regular) -Growth Option;INF192K01544;;116.8271;;;22-Jan-2026

LIC Mutual Fund
120261;LIC MF Aggressive Hybrid Fund-Direct Plan-Growth;INF767K01ED0;;220.7702;;;22-Jan-2026
120260;LIC MF Aggressive Hybrid Fund-Direct Plan-IDCW;INF767K01EC2;INF767K01EE8;21.5011;;;22-Jan-2026
100323;LIC MF Aggressive Hybrid Fund-Regular Plan-Growth;INF767K01030;;193.3849;;;22-Jan-2026
100321;LIC MF Aggressive Hybrid Fund-Regular Plan-IDCW;INF767K01022;INF767K01014;15.3571;;;22-Jan-2026

Navi Mutual Fund
143163;Navi Aggressive Hybrid Fund - Direct Plan - Growth;INF959L01CX3;;23.3774;;;22-Jan-2026
143195;Navi Aggressive Hybrid Fund - Direct Plan Annual IDCW;INF959L01DG6;INF959L01DH4;23.2775;;;22-Jan-2026
143186;Navi Aggressive Hybrid Fund - Direct Plan Half Yearly IDCW;INF959L01DE1;INF959L01DF8;23.2743;;;22-Jan-2026
143192;Navi Aggressive Hybrid Fund - Direct Plan Monthly IDCW;INF959L01DA9;INF959L01DB7;23.2728;;;22-Jan-2026
143167;Navi Aggressive Hybrid Fund - Direct Plan Normal IDCW;INF959L01CY1;INF959L01CZ8;23.2742;;;22-Jan-2026
143185;Navi Aggressive Hybrid Fund - Direct Plan Quarterly IDCW;INF959L01DC5;INF959L01DD3;23.2732;;;22-Jan-2026
143162;Navi Aggressive Hybrid Fund - Regular Plan - Growth;INF959L01DI2;;20.3439;;;22-Jan-2026
143198;Navi Aggressive Hybrid Fund - Regular Plan Annual IDCW;INF959L01DR3;INF959L01DS1;20.3414;;;22-Jan-2026
143189;Navi Aggressive Hybrid Fund - Regular Plan Half Yearly IDCW;INF959L01DP7;INF959L01DQ5;20.3566;;;22-Jan-2026
143197;Navi Aggressive Hybrid Fund - Regular Plan Monthly IDCW;INF959L01DL6;INF959L01DM4;20.3433;;;22-Jan-2026
143166;Navi Aggressive Hybrid Fund - Regular Plan Normal IDCW;INF959L01DJ0;INF959L01DK8;20.345;;;22-Jan-2026
143199;Navi Aggressive Hybrid Fund - Regular Plan Quarterly IDCW;INF959L01DN2;INF959L01DO0;20.344;;;22-Jan-2026

SBI Mutual Fund
119609;SBI EQUITY HYBRID FUND - DIRECT PLAN - Growth;INF200K01RY0;;336.4151;;;22-Jan-2026
119604;SBI Equity Hybrid Fund - Direct Plan - Income Distribution cum Capital Withdrawal Option (IDCW);INF200K01RW4;INF200K01RX2;98.4417;;;22-Jan-2026
101551;SBI Equity Hybrid Fund - Regular Plan - Income Distribution cum Capital Withdrawal Option (IDCW);INF200K01115;INF200K01123;64.3180;;;22-Jan-2026
102885;SBI EQUITY HYBRID FUND - REGULAR PLAN -Growth;INF200K01107;;303.5220;;;22-Jan-2026

Open Ended Schemes ( Hybrid Scheme - Dynamic Asset Allocation or Balanced Advantage )


HDFC Mutual Fund
100119;HDFC Balanced Advantage Fund - Growth Plan;INF179K01830;;524.247;;;22-Jan-2026
118968;HDFC Balanced Advantage Fund - Growth Plan - Direct Plan;INF179K01WA6;;568.357;;;22-Jan-2026
100120;HDFC Balanced Advantage Fund - IDCW Plan;INF179K01814;INF179K01822;38.13;;;22-Jan-2026
118969;HDFC Balanced Advantage Fund - IDCW Plan - Direct Plan;INF179K01VY8;INF179K01VZ5;44.903;;;22-Jan-2026

ICICI Prudential Mutual Fund
120377;ICICI Prudential Balanced Advantage Fund - Direct Plan -  Growth;INF109K012B0;;85.67;;;22-Jan-2026
120376;ICICI Prudential Balanced Advantage Fund - Direct Plan -  IDCW;INF109K010B4;INF109K011B2;29.08;;;22-Jan-2026
122236;ICICI Prudential Balanced Advantage Fund - Direct Plan - Monthly IDCW;INF109K016W7;INF109K015W9;27.10;;;22-Jan-2026
104685;ICICI Prudential Balanced Advantage Fund - Growth;INF109K01BH2;;76.57;;;22-Jan-2026
104686;ICICI Prudential Balanced Advantage Fund - IDCW;INF109K01EG8;INF109K01BG4;17.87;;;22-Jan-2026
122168;ICICI Prudential Balanced Advantage Fund - Monthly IDCW;INF109K018W3;INF109K017W5;22.58;;;22-Jan-2026

LIC Mutual Fund
149261;LIC MF Balanced Advantage Fund-Direct Plan-Growth;INF767K01QY0;;14.3695;;;22-Jan-2026
149260;LIC MF Balanced Advantage Fund-Direct Plan-IDCW;INF767K01QZ7;INF767K01RA8;12.8557;;;22-Jan-2026
149259;LIC MF Balanced Advantage Fund-Regular Plan-Growth;INF767K01QV6;;13.399;;;22-Jan-2026
149258;LIC MF Balanced Advantage Fund-Regular Plan-IDCW;INF767K01QW4;INF767K01QX2;12.1446;;;22-Jan-2026

SBI Mutual Fund
149134;SBI Balanced Advantage Fund - Direct Plan - Growth;INF200KA1Y73;;16.5242;;;22-Jan-2026
149135;SBI Balanced Advantage Fund - Direct Plan - Income Distribution cum Capital Withdrawal Option (IDCW);INF200KA1Y81;INF200KA1Y99;16.5245;;;22-Jan-2026
149132;SBI Balanced Advantage Fund - Regular Plan - Growth;INF200KA1Y40;;15.8366;;;22-Jan-2026
149133;SBI Balanced Advantage Fund - Regular Plan - Income Distribution cum Capital Withdrawal Option (IDCW);INF200KA1Y57;INF200KA1Y65;15.8368;;;22-Jan-2026

Open Ended Schemes ( Hybrid Scheme - Multi Asset Allocation )


Groww Mutual Fund
153821;Groww Multi Asset Allocation Fund Direct Growth;INF666M01MA9;;10.4312;;;22-Jan-2026
153852;Groww Multi Asset Allocation Fund Direct IDCW;INF666M01MB7;INF666M01MC5;10.4284;;;22-Jan-2026
153851;Groww Multi Asset Allocation Fund Regular Growth;INF666M01MD3;;10.3712;;;22-Jan-2026
153850;Groww Multi Asset Allocation Fund Regular IDCW;INF666M01ME1;INF666M01MF8;10.3713;;;22-Jan-2026

HDFC Mutual Fund
103131;HDFC Multi-Asset Fund - Growth Option;INF179K01AP0;;75.685;;;22-Jan-2026
119131;HDFC Multi-Asset Fund - Growth Option - Direct Plan;INF179K01XW8;;84.925;;;22-Jan-2026
103130;HDFC Multi-Asset Fund - IDCW Option;INF179K01AN5;INF179K01AO3;18.211;;;22-Jan-2026
119130;HDFC Multi-Asset Fund - IDCW Option - Direct Plan;INF179K01XU2;INF179K01XV0;22.628;;;22-Jan-2026

LIC Mutual Fund
153246;LIC MF Multi Asset Allocation Fund-Direct Plan-Growth;INF767K01RZ5;;12.2294;;;22-Jan-2026
153247;LIC MF Multi Asset Allocation Fund-Direct Plan-IDCW;INF767K01RY8;INF767K01RX0;12.2294;;;22-Jan-2026
153248;LIC MF Multi Asset Allocation Fund-Regular Plan-Growth;INF767K01RW2;;12.0417;;;22-Jan-2026
153249;LIC MF Multi Asset Allocation Fund-Regular Plan-IDCW;INF767K01RV4;INF767K01RU6;12.0417;;;22-Jan-2026

Quantum Mutual Fund
152474;Quantum Multi Asset Allocation Fund - Direct Plan Growth Option;INF082J01457;;12.61;;;22-Jan-2026
152475;Quantum Multi Asset Allocation Fund - Regular Plan Growth Option;INF082J01465;;12.24;;;22-Jan-2026

SBI Mutual Fund
119840;SBI Multi Asset Allocation Fund - Direct Plan - Annual Income Distribution cum Capital Withdrawal Option (IDCW);INF200K01TX8;INF200K01TY6;41.9308;;;22-Jan-2026
119843;SBI MULTI ASSET ALLOCATION FUND - DIRECT PLAN - GROWTH;INF200K01TZ3;;73.5958;;;22-Jan-2026
119841;SBI Multi Asset Allocation Fund - Direct Plan - Monthly Income Distribution cum Capital Withdrawal Option (IDCW);INF200K01UA4;INF200K01UB2;33.0473;;;22-Jan-2026
119842;SBI Multi Asset Allocation Fund - Direct Plan - Quarterly Income Distribution cum Capital Withdrawal Option (IDCW);INF200K01UC0;INF200K01UD8;34.9577;;;22-Jan-2026
103409;SBI Multi Asset Allocation Fund - Regular Plan - Annual Income Distribution cum Capital Withdrawal Option (IDCW);INF200K01784;INF200K01792;37.3716;;;22-Jan-2026
103408;SBI MULTI ASSET ALLOCATION FUND - REGULAR PLAN - GROWTH;INF200K01800;;66.0881;;;22-Jan-2026
103400;SBI Multi Asset Allocation Fund - Regular Plan - Monthly Income Distribution cum Capital Withdrawal Option (IDCW);INF200K01818;INF200K01826;29.5520;;;22-Jan-2026
103401;SBI Multi Asset Allocation Fund - Regular Plan - Quarterly Income Distribution cum Capital Withdrawal Option (IDCW);INF200K01834;INF200K01842;29.5232;;;22-Jan-2026

Open Ended Schemes ( Hybrid Scheme - Arbitrage Fund )


HDFC Mutual Fund
118931;HDFC ARBITRAGE FUND - Growth Option - Direct Plan;INF179K01UU8;;33.094;;;22-Jan-2026
118930;HDFC ARBITRAGE FUND - Quarterly IDCW Option - Direct Plan;INF179K01UV6;INF179K01UW4;25.079;;;22-Jan-2026
106796;HDFC ARBITRAGE FUND - Retail Growth Option;INF179K01319;;30.642;;;22-Jan-2026
106799;HDFC ARBITRAGE FUND - Retail IDCW Option;;;22.836;;;22-Jan-2026
106797;HDFC ARBITRAGE FUND - Retail Quarterly IDCW Option;INF179K01327;;21.844;;;22-Jan-2026
106793;HDFC ARBITRAGE FUND - Wholesale Growth Option;INF179K01343;;31.619;;;22-Jan-2026
129052;HDFC ARBITRAGE FUND - Wholesale Growth Option - Direct Plan;INF179KA1KT6;;20.878;;;22-Jan-2026
106795;HDFC ARBITRAGE FUND - Wholesale IDCW Option;INF179KA1KM1;INF179KA1KL3;10.905;;;22-Jan-2026
129053;HDFC ARBITRAGE FUND - Wholesale IDCW Option - Direct Plan;INF179KA1KQ2;INF179KA1KP4;11.627;;;22-Jan-2026
129054;HDFC ARBITRAGE FUND - Wholesale Monthly IDCW - Direct Plan;INF179KA1KS8;INF179KA1KR0;11.236;;;22-Jan-2026
129051;HDFC ARBITRAGE FUND - Wholesale Monthly IDCW Option  ;INF179KA1KO7;INF179KA1KN9;11.365;;;22-Jan-2026

ICICI Prudential Mutual Fund
120364;ICICI Prudential Equity Arbitrage Fund - Direct Plan - Growth;INF109K016O4;;38.0867;;;22-Jan-2026
120365;ICICI Prudential Equity Arbitrage Fund - Direct Plan - IDCW;INF109K017O2;INF109K015O6;17.5569;;;22-Jan-2026
104683;ICICI Prudential Equity Arbitrage Fund - Growth;INF109K01BF6;;35.4125;;;22-Jan-2026
104681;ICICI Prudential Equity Arbitrage Fund - IDCW;INF109K01EF0;INF109K01BE9;15.2589;;;22-Jan-2026

JM Financial Mutual Fund
133395;JM Arbitrage Fund (Direct) - Annual Bonus Option - Principal Units;INF192K01GX4;;18.4762;;;22-Jan-2026
135173;JM Arbitrage Fund (Direct) - Annual IDCW;INF192K01KY4;INF192K01KZ1;16.3692;;;22-Jan-2026
130604;JM Arbitrage Fund (Direct) - Bonus Option - Principal Units;INF192K01GL9;;19.2502;;;22-Jan-2026
120482;JM Arbitrage Fund (Direct) - Growth Option;INF192K01BN6;;35.9713;;;22-Jan-2026
135171;JM Arbitrage Fund (Direct) - Half Yearly IDCW;INF192K01KU2;INF192K01KV0;16.6373;;;22-Jan-2026
135172;JM Arbitrage Fund (Direct) - Monthly IDCW;INF192K01KM9;INF192K01KN7;14.5254;;;22-Jan-2026
135174;JM Arbitrage Fund (Direct) - Quarterly IDCW;INF192K01KQ0;INF192K01KR8;17.093;;;22-Jan-2026
120481;JM Arbitrage Fund (Direct)- IDCW;INF192K01BL0;INF192K01BM8;16.951;;;22-Jan-2026
135167;JM Arbitrage Fund (Regular) - Annual IDCW;INF192K01KW8;INF192K01KX6;14.8452;;;22-Jan-2026
130603;JM Arbitrage Fund (Regular) - Bonus Option - Principal Units;INF192K01GJ3;;18.2675;;;22-Jan-2026
103780;JM Arbitrage Fund (Regular) - Growth Option;INF192K01510;;33.6017;;;22-Jan-2026
135170;JM Arbitrage Fund (Regular) - Half Yearly IDCW;INF192K01KS6;INF192K01KT4;14.9529;;;22-Jan-2026
103781;JM Arbitrage Fund (Regular) - IDCW ;INF192K01494;INF192K01502;15.5958;;;22-Jan-2026
135168;JM Arbitrage Fund (Regular) - Monthly IDCW;INF192K01KK3;INF192K01KL1;13.2109;;;22-Jan-2026
135169;JM Arbitrage Fund (Regular) - Quarterly IDCW;INF192K01KO5;INF192K01KP2;15.1745;;;22-Jan-2026

LIC Mutual Fund
145895;LIC MF Arbitrage Fund-Direct Plan-Growth;INF767K01PP0;;14.9418;;;22-Jan-2026
145894;LIC MF Arbitrage Fund-Direct Plan-Monthly IDCW;INF767K01PR6;INF767K01PS4;13.5844;;;22-Jan-2026
145891;LIC MF Arbitrage Fund-Direct Plan-Weekly IDCW;;INF767K01PQ8;14.0408;;;22-Jan-2026
145890;LIC MF Arbitrage Fund-Regular Plan-Growth;INF767K01PL9;;14.2381;;;22-Jan-2026
145892;LIC MF Arbitrage Fund-Regular Plan-Monthly IDCW;INF767K01PN5;INF767K01PO3;13.9107;;;22-Jan-2026
145893;LIC MF Arbitrage Fund-Regular Plan-Weekly IDCW;;INF767K01PM7;13.8221;;;22-Jan-2026

Old Bridge Mutual Fund
153981;Old Bridge Arbitrage Fund - Direct - IDCW;INF0S5R01075;INF0S5R01083;10.1255;;;22-Jan-2026
153979;Old Bridge Arbitrage Fund Direct Growth;INF0S5R01125;;10.1255;;;22-Jan-2026
153977;Old Bridge Arbitrage Fund Regular Growth;INF0S5R01091;;10.1085;;;22-Jan-2026
153980;Old Bridge Arbitrage Fund Regular IDCW;INF0S5R01109;INF0S5R01117;10.1085;;;22-Jan-2026

SBI Mutual Fund
119574;SBI Arbitrage Opportunities Fund - Direct Plan - Gr;INF200K01QU0;;37.2243;;;22-Jan-2026
119567;SBI Arbitrage Opportunities Fund - Direct Plan - Income Distribution cum Capital Withdrawal Option (IDCW);INF200K01QS4;INF200K01QT2;20.1128;;;22-Jan-2026
104457;SBI Arbitrage Opportunities Fund - Regular Plan - Gr;INF200K01156;;34.9148;;;22-Jan-2026
104458;SBI Arbitrage Opportunities Fund - Regular Plan - Income Distribution cum Capital Withdrawal Option (IDCW);INF200K01131;INF200K01149;18.3613;;;22-Jan-2026

Trust Mutual Fund
153804;TRUSTMF ARBITRAGE FUND -DIRECT PLAN-GROWTH;INF0GCD01859;;10.2555;;;22-Jan-2026
153805;TRUSTMF ARBITRAGE FUND -REGULAR PLAN-GROWTH;INF0GCD01867;;10.2221;;;22-Jan-2026

Open Ended Schemes ( Hybrid Scheme - Equity Savings )


HDFC Mutual Fund
119128;HDFC Equity Savings Fund - Growth Option - Direct Plan;INF179K01XT4;;75.676;;;22-Jan-2026
101585;HDFC Equity Savings Fund - GROWTH PLAN;INF179K01AM7;;67.272;;;22-Jan-2026
119129;HDFC Equity Savings Fund - IDCW Option - Direct Plan;INF179K01XR8;INF179K01XS6;15.343;;;22-Jan-2026
101586;HDFC Equity Savings Fund - IDCW PLAN;INF179K01AK1;INF179K01AL9;12.726;;;22-Jan-2026

ICICI Prudential Mutual Fund
133051;ICICI Prudential Equity Savings Fund - Cumulative option;INF109KA14I5;;23.16;;;22-Jan-2026
133054;ICICI Prudential Equity Savings Fund - Direct Plan - Cumulative option;INF109KA11J9;;24.92;;;22-Jan-2026
133052;ICICI Prudential Equity Savings Fund - Direct Plan - Quarterly IDCW;INF109KA13J5;INF109KA16J8;15.94;;;22-Jan-2026
133053;ICICI Prudential Equity Savings Fund - Quarterly IDCW;INF109KA16I0;INF109KA19I4;13.46;;;22-Jan-2026

LIC Mutual Fund
151952;LIC MF Equity Savings Fund-Direct Plan-Growth;INF397L01AZ5;;31.1632;;;22-Jan-2026
151953;LIC MF Equity Savings Fund-Direct Plan-Monthly IDCW;INF397L01BA6;INF397L01BB4;21.0487;;;22-Jan-2026
151954;LIC MF Equity Savings Fund-Direct Plan-Quarterly IDCW;INF397L01BD0;INF397L01BE8;17.36;;;22-Jan-2026
151950;LIC MF Equity Savings Fund-Regular Plan-Growth;INF397L01315;;27.4548;;;22-Jan-2026
151949;LIC MF Equity Savings Fund-Regular Plan-Monthly IDCW;INF397L01257;INF397L01265;21.6306;;;22-Jan-2026
151951;LIC MF Equity Savings Fund-Regular Plan-Quarterly IDCW;INF397L01281;INF397L01299;20.4507;;;22-Jan-2026

SBI Mutual Fund
134643;SBI Equity Savings Fund - Direct Plan - Growth;INF200KA1DF3;;26.8220;;;22-Jan-2026
134641;SBI Equity Savings Fund - Direct Plan - Monthly Income Distribution cum Capital Withdrawal Option (IDCW);INF200KA1DG1;INF200KA1DH9;24.5515;;;22-Jan-2026
134640;SBI Equity Savings Fund - Direct Plan - Quarterly Income Distribution cum Capital Withdrawal Option (IDCW);INF200KA1DI7;INF200KA1DJ5;25.3998;;;22-Jan-2026
134644;SBI Equity Savings Fund - Regular Plan - Growth;INF200KA1DA4;;24.2536;;;22-Jan-2026
134639;SBI Equity Savings Fund - Regular Plan - Monthly Income Distribution cum Capital Withdrawal Option (IDCW);INF200KA1DB2;INF200KA1DC0;22.4857;;;22-Jan-2026
134642;SBI Equity Savings Fund - Regular Plan - Quarterly Income Distribution cum Capital Withdrawal Option (IDCW);INF200KA1DD8;INF200KA1DE6;22.9348;;;22-Jan-2026

Open Ended Schemes ( Solution Oriented Scheme - Retirement Fund )


HDFC Mutual Fund
136090;HDFC Retirement Savings Fund - Equity Plan - Growth Option;INF179KB1MG8;;50.267;;;22-Jan-2026
136094;HDFC Retirement Savings Fund - Equity Plan - Growth Option - Direct Plan;INF179KB1MF0;;57.233;;;22-Jan-2026
136466;HDFC Retirement Savings Fund - Hybrid-Debt Plan - Growth Option;INF179KB1MK0;;21.7761;;;22-Jan-2026
136465;HDFC Retirement Savings Fund - Hybrid-Debt Plan - Growth Option - Direct Plan;INF179KB1MJ2;;24.7028;;;22-Jan-2026
136463;HDFC Retirement Savings Fund - Hybrid-Equity Plan - Growth Option;INF179KB1MI4;;38.533;;;22-Jan-2026
136464;HDFC Retirement Savings Fund - Hybrid-Equity Plan - Growth Option - Direct Plan;INF179KB1MH6;;43.989;;;22-Jan-2026

ICICI Prudential Mutual Fund
146721;ICICI Prudential Retirement Fund - Hybrid Aggressive - Direct Plan - Growth Option;INF109KC1TW4;;29.55;;;22-Jan-2026
146720;ICICI Prudential Retirement Fund - Hybrid Aggressive - Direct Plan - IDCW Option;INF109KC1TX2;;29.56;;;22-Jan-2026
146722;ICICI Prudential Retirement Fund - Hybrid Aggressive - Growth Option;INF109KC1TU8;;26.56;;;22-Jan-2026
146723;ICICI Prudential Retirement Fund - Hybrid Aggressive - IDCW Option;INF109KC1TV6;;26.56;;;22-Jan-2026
146716;ICICI Prudential Retirement Fund - Hybrid Conservative - Direct Plan - Growth Option;INF109KC1UA8;;19.6584;;;22-Jan-2026
146718;ICICI Prudential Retirement Fund - Hybrid Conservative - Direct Plan - IDCW Option;INF109KC1UB6;;19.6580;;;22-Jan-2026
146717;ICICI Prudential Retirement Fund - Hybrid Conservative - Growth Option;INF109KC1TY0;;17.9374;;;22-Jan-2026
146719;ICICI Prudential Retirement Fund - Hybrid Conservative - IDCW Option;INF109KC1TZ7;;17.9373;;;22-Jan-2026
146727;ICICI Prudential Retirement Fund - Pure Debt - Direct Plan - Growth Option;INF109KC1UE0;;16.6842;;;22-Jan-2026
146725;ICICI Prudential Retirement Fund - Pure Debt - Direct Plan - IDCW Option;INF109KC1UF7;;16.6841;;;22-Jan-2026
146726;ICICI Prudential Retirement Fund - Pure Debt - Growth Option;INF109KC1UC4;;15.2989;;;22-Jan-2026
146724;ICICI Prudential Retirement Fund - Pure Debt - IDCW Option;INF109KC1UD2;;15.2991;;;22-Jan-2026
146349;ICICI Prudential Retirement Fund - Pure Equity - Direct Plan - Growth Option;INF109KC1TS2;;36.50;;;22-Jan-2026
146348;ICICI Prudential Retirement Fund - Pure Equity - Direct Plan - IDCW Option;INF109KC1TT0;;36.49;;;22-Jan-2026
146346;ICICI Prudential Retirement Fund - Pure Equity - Growth Option;INF109KC1TQ6;;32.89;;;22-Jan-2026
146347;ICICI Prudential Retirement Fund - Pure Equity - IDCW Option;INF109KC1TR4;;32.89;;;22-Jan-2026

SBI Mutual Fund
148685;SBI Retirement Benefit Fund - Aggressive Hybrid Plan - Direct Plan - Growth;INF200KA1S97;;19.9725;;;22-Jan-2026
148686;SBI Retirement Benefit Fund - Aggressive Hybrid Plan - Direct Plan - Income Distribution cum Capital Withdrawal Option (IDCW);INF200KA1T05;;19.9747;;;22-Jan-2026
148695;SBI Retirement Benefit Fund - Aggressive Hybrid Plan - Regular Plan - Growth;INF200KA1S71;;18.8600;;;22-Jan-2026
148684;SBI Retirement Benefit Fund - Aggressive Hybrid Plan - Regular Plan - Income Distribution cum Capital Withdrawal Option (IDCW);INF200KA1S89;;18.8596;;;22-Jan-2026
148683;SBI Retirement Benefit Fund - Aggressive Plan - Direct Plan - Growth;INF200KA1S55;;20.8523;;;22-Jan-2026
148694;SBI Retirement Benefit Fund - Aggressive Plan - Direct Plan - Income Distribution cum Capital Withdrawal Option (IDCW);INF200KA1S63;;20.8412;;;22-Jan-2026
148698;SBI Retirement Benefit Fund - Aggressive Plan - Regular Plan - Growth;INF200KA1S30;;19.5859;;;22-Jan-2026
148691;SBI Retirement Benefit Fund - Aggressive Plan - Regular Plan - Income Distribution cum Capital Withdrawal Option (IDCW);INF200KA1S48;;19.5864;;;22-Jan-2026
148690;SBI Retirement Benefit Fund - Conservative Hybrid Plan - Direct Plan - Growth;INF200KA1T70;;15.9260;;;22-Jan-2026
148693;SBI Retirement Benefit Fund - Conservative Hybrid Plan - Direct Plan - Income Distribution cum Capital Withdrawal Option (IDCW);INF200KA1T88;;15.9239;;;22-Jan-2026
148692;SBI Retirement Benefit Fund - Conservative Hybrid Plan - Regular Plan - Growth;INF200KA1T54;;15.4573;;;22-Jan-2026
148697;SBI Retirement Benefit Fund - Conservative Hybrid Plan - Regular Plan - Income Distribution cum Capital Withdrawal Option (IDCW);INF200KA1T62;;15.4590;;;22-Jan-2026
148688;SBI Retirement Benefit Fund - Conservative Plan - Direct Plan - Growth;INF200KA1T39;;14.6452;;;22-Jan-2026
148689;SBI Retirement Benefit Fund - Conservative Plan - Direct Plan - Income Distribution cum Capital Withdrawal Option (IDCW);INF200KA1T47;;14.6431;;;22-Jan-2026
148696;SBI Retirement Benefit Fund - Conservative Plan - Regular Plan - Growth;INF200KA1T13;;14.2906;;;22-Jan-2026
148687;SBI Retirement Benefit Fund - Conservative Plan - Regular Plan - Income Distribution cum Capital Withdrawal Option (IDCW);INF200KA1T21;;14.2904;;;22-Jan-2026

Open Ended Schemes ( Solution Oriented Scheme - Children’s Fund )


HDFC Mutual Fund
119066;HDFC Childrens Fund - Direct Plan;INF179KC1IX0;;322.108;;;22-Jan-2026
100900;HDFC Childrens Fund - Growth Plan;INF179KC1IY8;;289.221;;;22-Jan-2026

ICICI Prudential Mutual Fund
120579;ICICI Prudential Children's Fund - Direct Plan;INF109K01Y49;;351.06;;;22-Jan-2026
101127;ICICI Prudential Children's Fund - Regular Plan;INF109K01605;;318.12;;;22-Jan-2026

LIC Mutual Fund
120285;LIC MF Children's Fund-Direct Plan-Growth;INF767K01FB1;;34.9685;;;22-Jan-2026
101271;LIC MF Children's Fund-Regular Plan-Growth;INF767K01048;;31.2382;;;22-Jan-2026

SBI Mutual Fund
119719;SBI Children's Fund - Savings Plan - DIRECT PLAN - GROWTH;INF200K01QR6;;120.3368;;;22-Jan-2026
101169;SBI Children's Fund - Savings Plan - REGULAR PLAN - GROWTH;INF200K01776;;110.1839;;;22-Jan-2026

Open Ended Schemes ( Other Scheme - Index Funds )


Groww Mutual Fund
153704;Groww Nifty 50 Index Fund Direct Growth;INF666M01KT3;;10.0905;;;22-Jan-2026
153709;Groww Nifty 50 Index Fund Direct IDCW;INF666M01KU1;INF666M01KV9;10.0905;;;22-Jan-2026
153710;Groww Nifty 50 Index Fund Regular Growth;INF666M01KW7;;10.0545;;;22-Jan-2026
153711;Groww Nifty 50 Index Fund Regular IDCW;INF666M01LJ2;INF666M01LK0;10.0545;;;22-Jan-2026
153230;Groww Nifty India Railways PSU Index Fund - Direct Plan - Growth;INF666M01JK4;;9.0499;;;22-Jan-2026
153231;Groww Nifty India Railways PSU Index Fund - Direct Plan - IDCW;INF666M01JL2;INF666M01JM0;9.0495;;;22-Jan-2026
153232;Groww Nifty India Railways PSU Index Fund - Regular Plan - Growth;INF666M01JN8;;9.0004;;;22-Jan-2026
153233;Groww Nifty India Railways PSU Index Fund - Regular Plan - IDCW;INF666M01JO6;INF666M01JP3;8.9974;;;22-Jan-2026
153939;Groww Nifty Midcap 150 Index Fund Direct Growth;INF666M01MP7;;9.5661;;;22-Jan-2026
153952;Groww Nifty Midcap 150 Index fund Direct IDCW;INF666M01MQ5;INF666M01MR3;9.5661;;;22-Jan-2026
153953;Groww Nifty Midcap 150 Index Fund Regular Growth;INF666M01MS1;;9.5538;;;22-Jan-2026
153954;Groww Nifty Midcap 150 Index Fund Regular IDCW;INF666M01MT9;INF666M01MU7;9.5538;;;22-Jan-2026
153786;Groww Nifty Next 50 Index Fund Direct Growth;INF666M01LT1;;9.9714;;;22-Jan-2026
153797;Groww Nifty Next 50 Index Fund Direct IDCW;INF666M01LU9;INF666M01LV7;9.9713;;;22-Jan-2026
153798;Groww Nifty Next 50 Index Fund Regular Growth;INF666M01LW5;;9.9425;;;22-Jan-2026
153799;Groww Nifty Next 50 Index Fund Regular IDCW;INF666M01LX3;INF666M01LY1;9.9425;;;22-Jan-2026
152636;Groww Nifty Non-Cyclical Consumer Index Fund - Direct Plan - IDCW;INF666M01IF6;INF666M01IG4;10.3873;;;22-Jan-2026
152637;Groww Nifty Non-Cyclical Consumer Index Fund - Direct Plan Growth;INF666M01IE9;;10.3873;;;22-Jan-2026
152635;Groww Nifty Non-Cyclical Consumer Index Fund - IDCW;INF666M01IC3;INF666M01ID1;10.2835;;;22-Jan-2026
152633;Groww Nifty Non-Cyclical Consumer Index Fund - Regular Plan - Growth;INF666M01IB5;;10.2846;;;22-Jan-2026
152431;Groww Nifty Smallcap 250 Index Fund - Direct Plan - Growth;INF666M01HY9;;10.4096;;;22-Jan-2026
152436;Groww Nifty Smallcap 250 Index Fund - Direct Plan - IDCW;INF666M01HZ6;INF666M01IA7;10.4139;;;22-Jan-2026
152433;Groww Nifty Smallcap 250 Index Fund - Regular Plan - Growth;INF666M01HV5;;10.3041;;;22-Jan-2026
152434;Groww Nifty Smallcap 250 Index Fund - Regular Plan - Regular Plan - IDCW;INF666M01HW3;INF666M01HX1;10.2918;;;22-Jan-2026
152092;Groww Nifty Total Market Index Fund - Direct Plan - Growth;INF666M01HM4;;13.7189;;;22-Jan-2026
152125;Groww Nifty Total Market Index Fund - Direct Plan - IDCW;INF666M01HN2;INF666M01HO0;13.7185;;;22-Jan-2026
152127;Groww Nifty Total Market Index Fund - Regular Plan - Growth;INF666M01HJ0;;13.5008;;;22-Jan-2026
152126;Groww Nifty Total Market Index Fund - Regular Plan - IDCW;INF666M01HK8;INF666M01HL6;13.5016;;;22-Jan-2026

HDFC Mutual Fund
151728;HDFC BSE 500 Index Fund - Growth Option - Direct Plan;INF179KC1GG9;;15.5293;;;22-Jan-2026
151729;HDFC BSE 500 Index Fund - Regular Plan - Growth Option;INF179KC1GH7;;15.2824;;;22-Jan-2026
153958;HDFC BSE India Sector Leaders Index Fund - Regular Plan - Growth Option;INF179KC1JX8;;9.5298;;;22-Jan-2026
153959;HDFC BSE India Sector Leaders India Fund - Direct Plan - Growth Option;INF179KC1JY6;;9.5377;;;22-Jan-2026
119065;HDFC BSE Sensex Index Fund - Direct Plan;INF179K01WN9;;782.7173;;;22-Jan-2026
101281;HDFC BSE Sensex Index Fund - Growth Plan;INF179K01LA9;;763.5816;;;22-Jan-2026
153517;HDFC CRISIL-IBX Financial Services 3-6 Months Debt Index Fund - Direct Growth Plan;INF179KC1JK5;;10.4707;;;22-Jan-2026
153518;HDFC CRISIL-IBX Financial Services 3-6 Months Debt Index Fund - Regular Growth Plan;INF179KC1JJ7;;10.4575;;;22-Jan-2026
149870;HDFC Nifty 100 Equal Weight Index Fund - Direct Plan - Growth Option;INF179KC1CA1;;16.7708;;;22-Jan-2026
149871;HDFC Nifty 100 Equal Weight Index Fund - Growth Option;INF179KC1CB9;;16.4626;;;22-Jan-2026
149868;HDFC NIFTY 100 Index Fund - Direct Plan - Growth Option;INF179KC1BY3;;15.3537;;;22-Jan-2026
149869;HDFC NIFTY 100 Index Fund - Growth Option;INF179KC1BZ0;;15.0584;;;22-Jan-2026
119063;HDFC Nifty 50 Index Fund - Direct Plan;INF179K01WM1;;245.8383;;;22-Jan-2026
101525;HDFC Nifty 50 Index Fund - Growth Plan;INF179K01KZ8;;240.2961;;;22-Jan-2026
151496;HDFC Nifty G-Sec Apr 2029 Index Fund - Growth Option;INF179KC1FR8;;12.6127;;;22-Jan-2026
151495;HDFC Nifty G-Sec Apr 2029 Index Fund - Growth Option - Direct Plan;INF179KC1FQ0;;12.6721;;;22-Jan-2026
150844;HDFC Nifty G-Sec Dec 2026 Index Fund - Growth Option;INF179KC1EG4;;12.5485;;;22-Jan-2026
150845;HDFC Nifty G-Sec Dec 2026 Index Fund - Growth Option - Direct Plan;INF179KC1EE9;;12.6104;;;22-Jan-2026
150846;HDFC Nifty G-Sec July 2031 Index Fund - Growth Option;INF179KC1EI0;;12.825;;;22-Jan-2026
150847;HDFC Nifty G-Sec July 2031 Index Fund - Growth Option - Direct Plan;INF179KC1EH2;;12.8921;;;22-Jan-2026
151180;HDFC Nifty G-Sec Jun 2027 Index Fund - Growth Option;INF179KC1EK6;;12.5263;;;22-Jan-2026
151181;HDFC Nifty G-Sec Jun 2027 Index Fund - Growth Option - Direct Plan;INF179KC1EJ8;;12.587;;;22-Jan-2026
151490;HDFC Nifty G-Sec Jun 2036 Index Fund - Growth Option;INF179KC1FT4;;12.7033;;;22-Jan-2026
151489;HDFC Nifty G-Sec Jun 2036 Index Fund - Growth Option - Direct Plan;INF179KC1FS6;;12.7719;;;22-Jan-2026
151182;HDFC Nifty G-Sec Sep 2032 Index Fund - Growth Option;INF179KC1EM2;;12.7298;;;22-Jan-2026
151183;HDFC Nifty G-Sec Sep 2032 Index Fund - Growth Option - Direct Plan;INF179KC1EL4;;12.7991;;;22-Jan-2026
153097;HDFC Nifty India Digital Index Fund - Growth Option - Direct;INF179KC1JB4;;9.2273;;;22-Jan-2026
153096;HDFC Nifty India Digital Index Fund - Growth Option - Regular;INF179KC1JA6;;9.1772;;;22-Jan-2026
152890;HDFC NIFTY LargeMidcap 250 Index Fund - Growth Option;INF179KC1IP6;;9.8462;;;22-Jan-2026
152889;HDFC NIFTY LargeMidcap 250 Index Fund - Growth Option - Direct;INF179KC1IQ4;;9.9074;;;22-Jan-2026
151725;HDFC NIFTY Midcap 150 Index Fund - Growth Option;INF179KC1GD6;;17.9411;;;22-Jan-2026
151724;HDFC NIFTY Midcap 150 Index Fund - Growth Option - Direct Plan;INF179KC1GC8;;18.2285;;;22-Jan-2026
149288;HDFC NIFTY Next 50 Index Fund - Direct Plan - Growth Option;INF179KC1BQ9;;15.9214;;;22-Jan-2026
149287;HDFC NIFTY Next 50 Index Fund - Growth Option;INF179KC1BR7;;15.6319;;;22-Jan-2026
152522;HDFC NIFTY Reality Index Fund - Regular Plan;INF179KC1ID2;;8.7116;;;22-Jan-2026
152521;HDFC NIFTY Realty Index Fund - Direct Plan;INF179KC1IE0;;8.7892;;;22-Jan-2026
151455;HDFC Nifty SDL Oct 2026 Index Fund - Growth Option;INF179KC1FJ5;;12.3726;;;22-Jan-2026
151456;HDFC Nifty SDL Oct 2026 Index Fund - Growth Option - Direct Plan;INF179KC1FI7;;12.43;;;22-Jan-2026
151571;HDFC NIFTY SDL Plus G-Sec Jun 2027 40:60 Index Fund - Growth Option;INF179KC1GB0;;12.3045;;;22-Jan-2026
151570;HDFC NIFTY SDL Plus G-Sec Jun 2027 40:60 Index Fund - Growth Option - Direct Plan;INF179KC1GA2;;12.3566;;;22-Jan-2026
151726;HDFC NIFTY Smallcap 250 Index Fund - Growth Option;INF179KC1GF1;;16.7496;;;22-Jan-2026
151727;HDFC NIFTY Smallcap 250 Index Fund - Growth Option - Direct Plan;INF179KC1GE4;;17.0118;;;22-Jan-2026
153405;HDFC Nifty Top 20 Equal Weight Index Fund - Direct;INF179KC1JI9;;10.76;;;22-Jan-2026
153404;HDFC Nifty Top 20 Equal Weight Index Fund - Regular Growth;INF179KC1JH1;;10.7118;;;22-Jan-2026
152713;HDFC NIFTY100 Low Volatility 30 Index Fund - Direct Plan;INF179KC1IM3;HDFCNIVODG;10.6416;;;22-Jan-2026
152714;HDFC NIFTY100 Low Volatility 30 Index Fund - Regular Plan;INF179KC1IL5;;10.5589;;;22-Jan-2026
153264;HDFC Nifty100 Quality 30 Index Fund - Direct Plan;INF179KC1JF5;;11.1242;;;22-Jan-2026
153265;HDFC Nifty100 Quality 30 Index Fund - Regular Plan;INF179KC1JE8;;11.0754;;;22-Jan-2026
152430;HDFC NIFTY200 Momentum 30 Index Fund - Direct Plan;INF179KC1IC4;;10.2596;;;22-Jan-2026
152429;HDFC NIFTY200 Momentum 30 Index Fund - Regular Plan;INF179KC1IB6;;10.1643;;;22-Jan-2026
149107;HDFC NIFTY50 Equal weight Index Fund - Direct Plan - Growth Option;INF179KC1BM8;;18.4609;;;22-Jan-2026
149106;HDFC NIFTY50 Equal weight Index Fund - Growth Option;INF179KC1BN6;;18.0428;;;22-Jan-2026
152778;HDFC NIFTY500 Multicap 50:25:25 Index Fund - Direct Plan;INF179KC1IO9;;9.6778;;;22-Jan-2026
152779;HDFC NIFTY500 Multicap 50:25:25 index Fund - Regular Plan;INF179KC1IN1;;9.6117;;;22-Jan-2026

ICICI Prudential Mutual Fund
141839;ICICI Prudential BSE Sensex Index Fund - Cumulative Option;INF109KB17W7;;26.9552;;;22-Jan-2026
141841;ICICI Prudential BSE Sensex Index Fund - Direct Plan - Cumulative Option;INF109KB10X0;;27.3119;;;22-Jan-2026
141842;ICICI Prudential BSE Sensex Index Fund - Direct Plan - IDCW Option;INF109KB12X6;;27.3116;;;22-Jan-2026
141840;ICICI Prudential BSE Sensex Index Fund - IDCW Option;INF109KB19W3;;26.9559;;;22-Jan-2026
153412;ICICI Prudential CRISIL-IBX Financial Services 3-6 Months Debt Index Fund - Annual IDCW;INF109K1A054;INF109K1A047;10.5688;;;22-Jan-2026
153410;ICICI Prudential CRISIL-IBX Financial Services 3-6 Months Debt Index Fund - Direct Plan - Annual IDCW;INF109K1A070;INF109K1A088;10.5833;;;22-Jan-2026
153411;ICICI Prudential CRISIL-IBX Financial Services 3-6 Months Debt Index Fund - Direct Plan - Growth;INF109K1A062;;10.5833;;;22-Jan-2026
153409;ICICI Prudential CRISIL-IBX Financial Services 3-6 Months Debt Index Fund - Growth;INF109K1A039;;10.5688;;;22-Jan-2026
150452;ICICI Prudential Nifty 200 Momentum 30 Index Fund - Direct Plan - Growth;INF109KC11D8;;16.6467;;;22-Jan-2026
150453;ICICI Prudential Nifty 200 Momentum 30 Index Fund - Direct Plan - IDCW;INF109KC12D6;INF109KC13D4;16.6441;;;22-Jan-2026
150454;ICICI Prudential Nifty 200 Momentum 30 Index Fund - Growth;INF109KC18C5;;16.2920;;;22-Jan-2026
150451;ICICI Prudential Nifty 200 Momentum 30 Index Fund - IDCW;INF109KC19C3;INF109KC10D0;16.2912;;;22-Jan-2026
101349;ICICI Prudential Nifty 50 Index Fund - Cumulative Option;INF109K01PI0;;254.8453;;;22-Jan-2026
120620;ICICI Prudential Nifty 50 Index Fund - Direct Plan Cumulative Option;INF109K012M7;;265.7516;;;22-Jan-2026
135391;ICICI Prudential Nifty 50 Index Fund - Direct Plan IDCW Option;INF109KB1NL1;INF109KB1NM9;35.7377;;;22-Jan-2026
135390;ICICI Prudential Nifty 50 Index Fund - IDCW Option;INF109KB1NN7;INF109KB1NO5;33.9513;;;22-Jan-2026
153161;ICICI Prudential Nifty 500 Index Fund - Direct Plan - Growth;INF109KC16Y3;;10.3685;;;22-Jan-2026
153159;ICICI Prudential Nifty 500 Index Fund - Direct Plan - IDCW;INF109KC18Y9;INF109KC17Y1;10.3683;;;22-Jan-2026
153162;ICICI Prudential Nifty 500 Index Fund - Growth;INF109KC13Y0;;10.3022;;;22-Jan-2026
153160;ICICI Prudential Nifty 500 Index Fund - IDCW;INF109KC15Y5;INF109KC14Y8;10.3023;;;22-Jan-2026
150643;ICICI Prudential Nifty Auto Index Fund - Direct Plan - Growth;INF109KC16J4;;21.7438;;;22-Jan-2026
150644;ICICI Prudential Nifty Auto Index Fund - Direct Plan - IDCW;INF109KC17J2;INF109KC18J0;21.7437;;;22-Jan-2026
150645;ICICI Prudential Nifty Auto Index Fund - Growth;INF109KC13J1;;21.3644;;;22-Jan-2026
150646;ICICI Prudential Nifty Auto Index Fund - IDCW;INF109KC14J9;INF109KC15J6;21.3649;;;22-Jan-2026
149858;ICICI Prudential Nifty Bank Index Fund - Direct Plan Growth;INF109KC11A4;;17.0147;;;22-Jan-2026
149861;ICICI Prudential Nifty Bank Index Fund - Direct Plan IDCW;INF109KC12A2;INF109KC13A0;17.0145;;;22-Jan-2026
149859;ICICI Prudential Nifty Bank Index Fund - Growth;INF109KC1Z89;;16.5843;;;22-Jan-2026
149860;ICICI Prudential Nifty Bank Index Fund - IDCW;INF109KC1Z97;INF109KC10A6;16.5842;;;22-Jan-2026
150734;ICICI Prudential Nifty G-Sec Dec 2030 Index Fund - Annual IDCW;INF109KC16K2;INF109KC17K0;12.9370;;;22-Jan-2026
150735;ICICI Prudential Nifty G-Sec Dec 2030 Index Fund - Direct Plan - Annual IDCW;INF109KC19K6;INF109KC10L3;13.0177;;;22-Jan-2026
150733;ICICI Prudential Nifty G-Sec Dec 2030 Index Fund - Direct Plan - Growth;INF109KC18K8;;13.0185;;;22-Jan-2026
150732;ICICI Prudential Nifty G-Sec Dec 2030 Index Fund - Growth;INF109KC15K4;;12.9369;;;22-Jan-2026
150468;ICICI Prudential Nifty IT Index Fund - Direct Plan - Growth;INF109KC13E2;;13.5125;;;22-Jan-2026
150469;ICICI Prudential Nifty IT Index Fund - Direct Plan - IDCW;INF109KC14E0;INF109KC15E7;13.5191;;;22-Jan-2026
150466;ICICI Prudential Nifty IT Index Fund - Growth;INF109KC10E8;;13.2703;;;22-Jan-2026
150467;ICICI Prudential Nifty IT Index Fund - IDCW;INF109KC11E6;INF109KC12E4;13.2706;;;22-Jan-2026
152482;ICICI Prudential Nifty LargeMidcap 250 Index Fund - Direct Plan - Growth;INF109KC12U0;;12.1720;;;22-Jan-2026
152483;ICICI Prudential Nifty LargeMidcap 250 Index Fund - Direct Plan - IDCW;INF109KC13U8;INF109KC14U6;12.1720;;;22-Jan-2026
152481;ICICI Prudential Nifty LargeMidcap 250 Index Fund - Growth;INF109KC15U3;;12.0482;;;22-Jan-2026
152484;ICICI Prudential Nifty LargeMidcap 250 Index Fund - IDCW;INF109KC16U1;INF109KC17U9;12.0482;;;22-Jan-2026
149389;ICICI Prudential Nifty Midcap 150 Index Fund - Direct Plan - Growth;INF109KC1W58;;19.0763;;;22-Jan-2026
149391;ICICI Prudential Nifty Midcap 150 Index Fund - Direct Plan - IDCW;INF109KC1W66;INF109KC1W74;19.0759;;;22-Jan-2026
149390;ICICI Prudential Nifty Midcap 150 Index Fund - Growth;INF109KC1W25;;18.5400;;;22-Jan-2026
149388;ICICI Prudential Nifty Midcap 150 Index Fund - IDCW;INF109KC1W33;INF109KC1W41;18.5397;;;22-Jan-2026
120684;ICICI Prudential Nifty Next 50 Index Fund - Direct Plan -  Growth;INF109K01Y80;;62.6379;;;22-Jan-2026
120683;ICICI Prudential Nifty Next 50 Index Fund - Direct Plan -  IDCW;INF109K01Y64;INF109K01Y72;62.6144;;;22-Jan-2026
112957;ICICI Prudential Nifty Next 50 Index Fund - Growth;INF109K01IF1;;59.3243;;;22-Jan-2026
112958;ICICI Prudential Nifty Next 50 Index Fund -IDCW;INF109K01PR1;INF109K01IE4;59.3235;;;22-Jan-2026
150930;ICICI Prudential Nifty Pharma Index Fund - Direct Plan - Growth;INF109KC11M9;;16.9400;;;22-Jan-2026
150928;ICICI Prudential Nifty Pharma Index Fund - Direct Plan - IDCW;INF109KC12M7;INF109KC13M5;16.9409;;;22-Jan-2026
150929;ICICI Prudential Nifty Pharma Index Fund - Growth;INF109KC18L6;;16.6106;;;22-Jan-2026
150931;ICICI Prudential Nifty Pharma Index Fund - IDCW;INF109KC19L4;INF109KC10M1;16.6106;;;22-Jan-2026
153679;ICICI Prudential Nifty Private Bank Index Fund - Direct Plan - Growth;INF109K1A369;;10.1427;;;22-Jan-2026
153676;ICICI Prudential Nifty Private Bank Index Fund - Growth;INF109K1A351;;10.1134;;;22-Jan-2026
149224;ICICI Prudential Nifty PSU Bond Plus SDL Sep 2027 40:60 Index Fund - Annual - IDCW;INF109KC1S62;INF109KC1S70;12.7765;;;22-Jan-2026
149227;ICICI Prudential Nifty PSU Bond Plus SDL Sep 2027 40:60 Index Fund - Direct Plan Annual - IDCW;INF109KC1T46;INF109KC1T53;12.8831;;;22-Jan-2026
149210;ICICI Prudential Nifty PSU Bond Plus SDL Sep 2027 40:60 Index Fund - Direct Plan Growth;INF109KC1S88;;12.8831;;;22-Jan-2026
149208;ICICI Prudential Nifty PSU Bond Plus SDL Sep 2027 40:60 Index Fund - Growth;INF109KC1S13;;12.7767;;;22-Jan-2026
150731;ICICI Prudential Nifty SDL Dec 2028 Index Fund - Annual IDCW;INF109KC12L9;INF109KC13L7;12.8963;;;22-Jan-2026
150730;ICICI Prudential Nifty SDL Dec 2028 Index Fund - Direct Plan - Annual IDCW;INF109KC15L2;INF109KC16L0;12.9728;;;22-Jan-2026
150729;ICICI Prudential Nifty SDL Dec 2028 Index Fund - Direct Plan - Growth;INF109KC14L5;;12.9724;;;22-Jan-2026
150728;ICICI Prudential Nifty SDL Dec 2028 Index Fund - Growth;INF109KC11L1;;12.8963;;;22-Jan-2026
151209;ICICI Prudential Nifty SDL Sep 2026 Index Fund - Annual IDCW;INF109KC11P2;INF109KC12P0;12.4025;;;22-Jan-2026
151210;ICICI Prudential Nifty SDL Sep 2026 Index Fund - Direct Plan - Annual IDCW;INF109KC14P6;INF109KC15P3;12.4796;;;22-Jan-2026
151211;ICICI Prudential Nifty SDL Sep 2026 Index Fund - Direct Plan - Growth;INF109KC13P8;;12.4797;;;22-Jan-2026
151208;ICICI Prudential Nifty SDL Sep 2026 Index Fund - Growth;INF109KC10P4;;12.4027;;;22-Jan-2026
149996;ICICI Prudential Nifty SDL Sep 2027 Index Fund - Annual IDCW;INF109KC12B0;INF109KC13B8;12.7113;;;22-Jan-2026
149997;ICICI Prudential Nifty SDL Sep 2027 Index Fund - Direct Plan - Annual IDCW;INF109KC15B3;INF109KC16B1;12.7857;;;22-Jan-2026
149999;ICICI Prudential Nifty SDL Sep 2027 Index Fund - Direct Plan - Growth;INF109KC14B6;;12.7856;;;22-Jan-2026
149998;ICICI Prudential Nifty SDL Sep 2027 Index Fund - Growth;INF109KC11B2;;12.7113;;;22-Jan-2026
149283;ICICI Prudential Nifty Smallcap 250 Index Fund - Direct Plan - Growth;INF109KC1V18;;16.0257;;;22-Jan-2026
149284;ICICI Prudential Nifty Smallcap 250 Index Fund - Direct Plan - IDCW;INF109KC1V26;INF109KC1V34;16.0251;;;22-Jan-2026
149281;ICICI Prudential Nifty Smallcap 250 Index Fund - Growth;INF109KC1U84;;15.6208;;;22-Jan-2026
149282;ICICI Prudential Nifty Smallcap 250 Index Fund - IDCW;INF109KC1U92;INF109KC1V00;15.6214;;;22-Jan-2026
153614;ICICI Prudential Nifty Top 15 Equal Weight Index Fund - Direct Plan - Growth;INF109K1A310;;10.2141;;;22-Jan-2026
153616;ICICI Prudential Nifty Top 15 Equal Weight Index Fund - Direct Plan - IDCW;INF109K1A336;INF109K1A328;10.2146;;;22-Jan-2026
153613;ICICI Prudential Nifty Top 15 Equal Weight Index Fund - Growth;INF109K1A286;;10.1791;;;22-Jan-2026
153615;ICICI Prudential Nifty Top 15 Equal Weight Index Fund - IDCW;INF109K1A302;INF109K1A294;10.1791;;;22-Jan-2026
153546;ICICI Prudential Nifty200 Quality 30 Index Fund - Direct Plan - Growth;INF109K1A252;;10.1681;;;22-Jan-2026
153547;ICICI Prudential Nifty200 Quality 30 Index Fund - Direct Plan - IDCW;INF109K1A278;INF109K1A260;10.1677;;;22-Jan-2026
153544;ICICI Prudential Nifty200 Quality 30 Index Fund - Growth;INF109K1A229;;10.1361;;;22-Jan-2026
153545;ICICI Prudential Nifty200 Quality 30 Index Fund - IDCW;INF109K1A245;INF109K1A237;10.1357;;;22-Jan-2026
152936;ICICI Prudential Nifty200 Value 30 Index Fund - Direct Plan - Growth;INF109KC13X2;;10.9412;;;22-Jan-2026
152933;ICICI Prudential Nifty200 Value 30 Index Fund - Direct Plan - IDCW;INF109KC15X7;INF109KC14X0;10.9412;;;22-Jan-2026
152934;ICICI Prudential Nifty200 Value 30 Index Fund - Growth;INF109KC10X8;;10.8602;;;22-Jan-2026
152935;ICICI Prudential Nifty200 Value 30 Index Fund - IDCW;INF109KC12X4;INF109KC11X6;10.8602;;;22-Jan-2026
150639;ICICI Prudential Nifty50 Equal Weight Index Fund- Direct Plan - Growth;INF109KC10J7;;16.9838;;;22-Jan-2026
150640;ICICI Prudential Nifty50 Equal Weight Index Fund- Direct Plan - IDCW;INF109KC11J5;INF109KC12J3;16.9835;;;22-Jan-2026
150637;ICICI Prudential Nifty50 Equal Weight Index Fund- Growth;INF109KC17I4;;16.6547;;;22-Jan-2026
150638;ICICI Prudential Nifty50 Equal Weight Index Fund- IDCW;INF109KC18I2;INF109KC19I0;16.6545;;;22-Jan-2026
152365;ICICI Prudential Nifty50 Value 20 Index Fund - Direct Plan - Growth;INF109KC16T3;;11.1946;;;22-Jan-2026
152367;ICICI Prudential Nifty50 Value 20 Index Fund - Direct Plan - IDCW;INF109KC17T1;INF109KC18T9;11.1946;;;22-Jan-2026
152366;ICICI Prudential Nifty50 Value 20 Index Fund - Growth;INF109KC19T7;;11.0936;;;22-Jan-2026
152364;ICICI Prudential Nifty50 Value 20 Index Fund - IDCW;INF109KC10U4;INF109KC11U2;11.0935;;;22-Jan-2026

LIC Mutual Fund
120308;LIC MF BSE Sensex Index Fund-Direct Plan-Growth;INF767K01FJ4;;165.2073;;;22-Jan-2026
120312;LIC MF BSE Sensex Index Fund-Direct Plan-IDCW;INF767K01FI6;INF767K01FK2;55.3868;;;22-Jan-2026
101199;LIC MF BSE Sensex Index Fund-Regular Plan-Growth;INF767K01139;;153.6826;;;22-Jan-2026
101198;LIC MF BSE Sensex Index Fund-Regular Plan-IDCW;INF767K01121;INF767K01113;52.6757;;;22-Jan-2026
120307;LIC MF Nifty 50 Index Fund-Direct Plan-Growth;INF767K01FF2;;150.8146;;;22-Jan-2026
120309;LIC MF Nifty 50 Index Fund-Direct Plan-IDCW;INF767K01FG0;INF767K01FH8;55.5695;;;22-Jan-2026
101201;LIC MF Nifty 50 Index Fund-Regular Plan-Growth;INF767K01162;;139.5564;;;22-Jan-2026
101200;LIC MF Nifty 50 Index Fund-Regular Plan-IDCW;INF767K01154;INF767K01147;51.482;;;22-Jan-2026
151937;LIC MF Nifty Next 50 Index Fund-Direct Plan-Growth;INF397L01AW2;;55.0636;;;22-Jan-2026
151938;LIC MF Nifty Next 50 Index Fund-Direct Plan-IDCW;INF397L01AY8;INF397L01AX0;55.0635;;;22-Jan-2026
151935;LIC MF Nifty Next 50 Index Fund-Regular Plan-Growth;INF397L01174;;50.0561;;;22-Jan-2026
151936;LIC MF Nifty Next 50 Index Fund-Regular Plan-IDCW;INF397L01166;INF397L01182;50.0561;;;22-Jan-2026

Navi Mutual Fund
152062;NAVI BSE SENSEX INDEX FUND - DIRECT PLAN - GROWTH;INF959L01HK9;;12.7659;;;22-Jan-2026
152061;NAVI BSE SENSEX INDEX FUND - REGULAR PLAN - GROWTH;INF959L01HJ1;;12.5557;;;22-Jan-2026
149039;Navi Nifty 50 Index Fund-Direct Plan-Growth;INF959L01FP2;;16.5759;;;22-Jan-2026
149040;Navi Nifty 50 Index Fund-Regular Plan-Growth;INF959L01FQ0;;16.4241;;;22-Jan-2026
152751;NAVI NIFTY 500 MULTICAP 50-25-25 DIRECT PLAN;INF959L01HO1;;9.7517;;;22-Jan-2026
152750;NAVI NIFTY 500 MULTICAP 50-25-25 REGULAR PLAN;INF959L01HN3;;9.6521;;;22-Jan-2026
149804;Navi Nifty Bank Index Fund- Direct Plan- Growth;INF959L01FT4;;15.5575;;;22-Jan-2026
149805;Navi Nifty Bank Index Fund- Regular Plan- Growth;INF959L01FU2;;15.1192;;;22-Jan-2026
150515;Navi Nifty India Manufacturing Index Fund- Direct Plan- Growth;INF959L01GD6;;18.0918;;;22-Jan-2026
150516;Navi Nifty India Manufacturing Index Fund- Regular Plan- Growth;INF959L01GE4;;17.6108;;;22-Jan-2026
149892;Navi Nifty Midcap 150 Index Fund Direct Plan- Growth;INF959L01FX6;;20.2049;;;22-Jan-2026
149893;Navi Nifty Midcap 150 Index Fund Regular Plan- Growth;INF959L01FY4;;19.548;;;22-Jan-2026
154026;Navi Nifty Midsmall 400 Index Fund - Regular - Growth;INF959L01HS2;;9.7627;;;22-Jan-2026
154027;Navi Nifty midsmallcap 400 Index Fund- Direct - Growth;INF959L01HR4;;9.7729;;;22-Jan-2026
149447;Navi Nifty Next 50 Index Fund- Direct Plan- Growth;INF959L01FR8;;16.042;;;22-Jan-2026
149448;Navi Nifty Next 50 Index Fund- Regular Plan- Growth;INF959L01FS6;;15.7062;;;22-Jan-2026
153362;Navi Nifty Smallcap 250 Momentum quality index fund- Direct Plan;INF959L01HQ6;;10.4624;;;22-Jan-2026
153363;Navi Nifty Smallcap 250 Momentum quality index fund- Regular Plan;INF959L01HP8;;10.401;;;22-Jan-2026
152535;Navi NiftyIT Index Fund - Direct Plan- Growth;INF959L01HM5;;11.3558;;;22-Jan-2026
152536;Navi NiftyIT Index Fund - Regular Plan -Growth;INF959L01HL7;;11.2045;;;22-Jan-2026

SBI Mutual Fund
153432;SBI BSE PSU BANK INDEX FUND- Direct Plan- Growth;INF200KB1688;;14.4860;;;22-Jan-2026
153433;SBI BSE PSU BANK INDEX FUND- Direct Plan- Income Distribution Cum Capital Withdrawal Option (IDCW);INF200KB1704;INF200KB1696;14.4860;;;22-Jan-2026
153434;SBI BSE PSU BANK INDEX FUND- Regular Plan- Growth;INF200KB1654;;14.4279;;;22-Jan-2026
153431;SBI BSE PSU BANK INDEX FUND- Regular Plan- Income Distribution Cum Capital Withdrawal Option (IDCW);INF200KB1662;INF200KB1670;14.4285;;;22-Jan-2026
151769;SBI BSE Sensex Index Fund - Direct Plan - Growth;INF200KA16Y4;;13.4966;;;22-Jan-2026
151770;SBI BSE Sensex Index Fund - Direct Plan - IDCW;INF200KA17Y2;INF200KA18Y0;13.4965;;;22-Jan-2026
151765;SBI BSE Sensex Index Fund - Regular Plan - Growth;INF200KA13Y1;;13.4154;;;22-Jan-2026
151766;SBI BSE Sensex Index Fund - Regular Plan - IDCW;INF200KA14Y9;INF200KA15Y6;13.4154;;;22-Jan-2026
149474;SBI CPSE Bond Plus SDL Sep 2026 50:50 Index Fund - Direct Plan - Growth;INF200KA13D5;;12.7300;;;22-Jan-2026
149475;SBI CPSE Bond Plus SDL Sep 2026 50:50 Index Fund - Direct Plan - Income Distribution cum Capital Withdrawal Option (IDCW);INF200KA14D3;INF200KA15D0;12.7850;;;22-Jan-2026
149472;SBI CPSE Bond Plus SDL Sep 2026 50:50 Index Fund - Regular Plan - Growth;INF200KA10D1;;12.6450;;;22-Jan-2026
149473;SBI CPSE Bond Plus SDL Sep 2026 50:50 Index Fund - Regular Plan - Income Distribution cum Capital Withdrawal Option (IDCW);INF200KA11D9;INF200KA12D7;12.6452;;;22-Jan-2026
150706;SBI CRISIL IBX Gilt Index - April 2029 Fund - Direct Plan - Growth;INF200KA18Q6;;13.0311;;;22-Jan-2026
150708;SBI CRISIL IBX Gilt Index - April 2029 Fund - Direct Plan - Income Distribution cum Capital Withdrawal Option (IDCW);INF200KA19Q4;INF200KA10R1;13.0312;;;22-Jan-2026
150707;SBI CRISIL IBX Gilt Index - April 2029 Fund - Regular Plan - Growth;INF200KA15Q2;;12.9314;;;22-Jan-2026
150709;SBI CRISIL IBX Gilt Index - April 2029 Fund - Regular Plan - Income Distribution cum Capital Withdrawal Option (IDCW);INF200KA16Q0;INF200KA17Q8;12.9322;;;22-Jan-2026
150681;SBI |CRISIL IBX Gilt Index - June 2036 Fund - Direct Plan - Growth;INF200KA12Q9;;13.1562;;;22-Jan-2026
150682;SBI CRISIL IBX Gilt Index - June 2036 Fund - Direct Plan - Income Distribution cum Capital Withdrawal Option (IDCW);INF200KA13Q7;INF200KA14Q5;13.1562;;;22-Jan-2026
150683;SBI CRISIL IBX Gilt Index - June 2036 Fund - Regular Plan - Growth;INF200KA19P6;;13.0501;;;22-Jan-2026
150680;SBI CRISIL IBX Gilt Index - June 2036 Fund - Regular Plan - Income Distribution cum Capital Withdrawal Option (IDCW);INF200KA10Q3;INF200KA11Q1;13.0505;;;22-Jan-2026
150711;SBI CRISIL IBX SDL Index - September 2027 Fund - Direct Plan - Growth;INF200KA14R3;;12.7873;;;22-Jan-2026
150713;SBI CRISIL IBX SDL Index - September 2027 Fund - Direct Plan - Income Distribution cum Capital Withdrawal Option (IDCW);INF200KA15R0;INF200KA16R8;12.7930;;;22-Jan-2026
150712;SBI CRISIL IBX SDL Index - September 2027 Fund - Regular Plan - Growth;INF200KA11R9;;12.7136;;;22-Jan-2026
150710;SBI CRISIL IBX SDL Index - September 2027 Fund - Regular Plan - Income Distribution cum Capital Withdrawal Option (IDCW);INF200KA12R7;INF200KA13R5;12.7138;;;22-Jan-2026
152908;SBI Nifty 500 Index Fund- Direct Plan- Growth;INF200KB1381;;9.5542;;;22-Jan-2026
152909;SBI Nifty 500 Index Fund- Direct Plan- Income Distribution Cum Capital Withdrawal (IDCW);INF200KB1399;INF200KB1407;9.5543;;;22-Jan-2026
152906;SBI Nifty 500 Index Fund- Regular Plan- Growth;INF200KB1357;;9.4932;;;22-Jan-2026
152907;SBI Nifty 500 Index Fund- Regular Plan- Income Distribution Cum Capital Withdrawal (IDCW);INF200KB1365;INF200KB1373;9.4929;;;22-Jan-2026
153251;SBI Nifty Bank Index Fund- Regular Plan- Income Distribution Cum Capital Withdrawal Option;INF200KB1548;INF200KB1555;11.7640;;;22-Jan-2026
153250;SBI Nifty Bank Index Fund-Direct Plan- Growth;INF200KB1563;;11.8187;;;22-Jan-2026
153252;SBI Nifty Bank Index Fund-Direct Plan- Income Distribution Cum Capital Withdrawal Option;INF200KB1571;INF200KB1589;11.8187;;;22-Jan-2026
153253;SBI Nifty Bank Index Fund-Regular Plan- Growth;INF200KB1530;;11.7640;;;22-Jan-2026
119827;SBI NIFTY INDEX FUND - DIRECT PLAN - GROWTH;INF200K01TE8;;234.9827;;;22-Jan-2026
119826;SBI Nifty Index Fund - Direct Plan - Income Distribution cum Capital Withdrawal Option (IDCW);INF200K01TC2;INF200K01TD0;120.6956;;;22-Jan-2026
102272;SBI NIFTY INDEX FUND - REGULAR PLAN - GROWTH;INF200K01537;;223.7769;;;22-Jan-2026
102273;SBI Nifty Index Fund - Regular Plan - Income Distribution cum Capital Withdrawal Option (IDCW);INF200K01545;INF200K01552;114.8101;;;22-Jan-2026
153015;SBI Nifty India Consumption Index Fund- Direct Plan- Growth;INF200KB1449;;10.1738;;;22-Jan-2026
153014;SBI Nifty India Consumption Index Fund- Direct Plan- IDCW Payout;INF200KB1456;INF200KB1464;10.1739;;;22-Jan-2026
153012;SBI Nifty India Consumption Index Fund- Regular Plan- Growth;INF200KB1415;;10.1134;;;22-Jan-2026
153013;SBI Nifty India Consumption Index Fund- Regular Plan- IDCW Payout;INF200KB1423;INF200KB1431;10.1135;;;22-Jan-2026
153320;SBI Nifty IT Index Fund - Direct Plan - Growth;INF200KB1621;;9.6350;;;22-Jan-2026
153321;SBI Nifty IT Index Fund - Direct Plan - Income Distribution Cum Withdrawal Option (IDCW);INF200KB1639;INF200KB1647;9.6351;;;22-Jan-2026
153323;SBI Nifty IT Index Fund - Regular Plan - Growth;INF200KB1597;;9.5926;;;22-Jan-2026
153322;SBI Nifty IT Index Fund - Regular Plan - Income Distribution Cum Capital Withdrawal Option (IDCW);INF200KB1605;INF200KB1613;9.5925;;;22-Jan-2026
150673;SBI Nifty Midcap 150 Index Fund - Direct Plan - Growth;INF200KA10P5;;18.5796;;;22-Jan-2026
150675;SBI Nifty Midcap 150 Index Fund - Direct Plan - Income Distribution cum Capital Withdrawal Option (IDCW);INF200KA11P3;INF200KA12P1;18.5790;;;22-Jan-2026
150672;SBI Nifty Midcap 150 Index Fund - Regular Plan - Growth;INF200KA17O3;;18.2605;;;22-Jan-2026
150674;SBI Nifty Midcap 150 Index Fund - Regular Plan - Income Distribution cum Capital Withdrawal Option (IDCW);INF200KA18O1;INF200KA19O9;18.2607;;;22-Jan-2026
148945;SBI Nifty Next 50 Index Fund - Direct Plan - Growth;INF200KA1W00;;18.6660;;;22-Jan-2026
148946;SBI Nifty Next 50 Index Fund - Direct Plan - Income Distribution cum Capital Withdrawal Option (IDCW);INF200KA1W18;INF200KA1W26;18.6650;;;22-Jan-2026
148943;SBI Nifty Next 50 Index Fund - Regular Plan - Growth;INF200KA1V76;;18.2588;;;22-Jan-2026
148944;SBI Nifty Next 50 Index Fund - Regular Plan - Income Distribution cum Capital Withdrawal Option (IDCW);INF200KA1V84;INF200KA1V92;18.2590;;;22-Jan-2026
150677;SBI Nifty Smallcap 250 Index Fund - Direct Plan - Growth;INF200KA16P2;;17.0232;;;22-Jan-2026
150678;SBI Nifty Smallcap 250 Index Fund - Direct Plan - Income Distribution cum Capital Withdrawal Option (IDCW);INF200KA17P0;INF200KA18P8;17.0228;;;22-Jan-2026
150676;SBI Nifty Smallcap 250 Index Fund - Regular Plan - Growth;INF200KA13P9;;16.7248;;;22-Jan-2026
150679;SBI Nifty Smallcap 250 Index Fund - Regular Plan - Income Distribution cum Capital Withdrawal Option (IDCW);INF200KA14P7;INF200KA15P4;16.7253;;;22-Jan-2026
153718;SBI Nifty100 Low Volatility 30 Index Fund- Direct Plan- Growth;INF200KB1936;;10.4012;;;22-Jan-2026
153716;SBI Nifty100 Low Volatility 30 Index Fund- Regular Plan- Growth;INF200KB1902;;10.3811;;;22-Jan-2026
153717;SBI Nifty100 Low Volatility 30 Index Fund- Regular Plan- Income Cum Distribution Capital Withdrawal Option (IDCW);INF200KB1910;INF200KB1928;10.3812;;;22-Jan-2026
153719;SBI Nifty100 Low Volatility 30 Index Fund-Direct  Plan- Income Cum Distribution Capital Withdrawal Option (IDCW);INF200KB1944;INF200KB1951;10.4012;;;22-Jan-2026
153662;SBI Nifty200 Momentum 30 Index Fund- Direct Plan- Growth;INF200KB1878;;9.7196;;;22-Jan-2026
153665;SBI Nifty200 Momentum 30 Index Fund- Direct Plan- Income Cum Distribution Capital Withdrawal Option (IDCW);INF200KB1886;INF200KB1894;9.7198;;;22-Jan-2026
153663;SBI Nifty200 Momentum 30 Index Fund- Regular Plan- Growth;INF200KB1845;;9.6994;;;22-Jan-2026
153664;SBI Nifty200 Momentum 30 Index Fund- Regular Plan- Income Distribution Cum Capital Withdrawal Option (IDCW);INF200KB1852;INF200KB1860;9.6995;;;22-Jan-2026
153557;SBI Nifty200 Quality 30 Index Fund- Direct Plan- Income Distribution Cum Capital Withdrawal Option;INF200KB1829;INF200KB1837;10.3241;;;22-Jan-2026
153556;SBI Nifty200 Quality 30 Index Fund- Regular Plan- Income Cum Distribution Withdrawal Option;INF200KB1795;INF200KB1803;10.2986;;;22-Jan-2026
153555;SBI Nifty200 Quality 30 Index Fund-Direct Plan- Growth;INF200KB1811;;10.3241;;;22-Jan-2026
153554;SBI Nifty200 Quality 30 Index Fund-Regular Plan- Growth;INF200KB1787;;10.2986;;;22-Jan-2026
152370;SBI Nifty50 Equal Weight Index Fund - Direct Plan - Growth;INF200KB1027;;12.1579;;;22-Jan-2026
152371;SBI Nifty50 Equal Weight Index Fund - Direct Plan - Income Distribution Cum Capital Withdrawal Option;INF200KB1035;INF200KB1043;12.1572;;;22-Jan-2026
152372;SBI Nifty50 Equal Weight Index Fund - Regular Plan - Growth;INF200KA18Z7;;12.0403;;;22-Jan-2026
152373;SBI Nifty50 Equal Weight Index Fund - Regular Plan - Income Distribution Cum Capital Withdrawal Option;INF200KA19Z5;INF200KB1019;12.0402;;;22-Jan-2026

Taurus Mutual Fund
118881;Taurus Nifty 50 Index Fund - Direct Plan - Growth;INF044D01CQ5;;51.2649;;;22-Jan-2026
118882;Taurus Nifty 50 Index Fund - Direct Plan - Payout of Income Distribution cum Capital Withdrawal option;INF044D01CR3;INF044D01CS1;47.9781;;;22-Jan-2026
112948;Taurus Nifty 50 Index Fund - Regular Plan - Growth;INF044D01948;;48.0652;;;22-Jan-2026
112949;Taurus Nifty 50 Index Fund - Regular Plan - Payout of Income Distribution cum Capital Withdrawal option;INF044D01914;INF044D01922;30.6455;;;22-Jan-2026

Open Ended Schemes ( Other Scheme - Gold ETF )


Groww Mutual Fund
152957;Groww Gold ETF;INF666M01IW1;;147.0425;;;22-Jan-2026

HDFC Mutual Fund
113049;HDFC Gold ETF - Growth Option;INF179KC1981;;128.5426;;;22-Jan-2026

ICICI Prudential Mutual Fund
113076;ICICI Prudential Gold ETF;INF109KC1NT3;;128.7913;;;22-Jan-2026

LIC Mutual Fund
151961;LIC MF Gold Exchange Traded Fund;INF397L01554;;13414.8319;;;22-Jan-2026

Quantum Mutual Fund
107693;Quantum Gold Fund;INF082J01408;;124.6504;;;22-Jan-2026

SBI Mutual Fund
111954;SBI Gold ETF;INF200KA16D8;;128.3400;;;22-Jan-2026

Open Ended Schemes ( Other Scheme - Other  ETFs )


Groww Mutual Fund
153744;Groww BSE Power ETF;INF666M01LM6;;9.3107;;;22-Jan-2026
152891;Groww Nifty 1D Rate Liquid ETF;INF666M01IP5;;107.5631;;;22-Jan-2026
153329;Groww Nifty 200 ETF;INF666M01JV1;;11.373;;;22-Jan-2026
153699;Groww Nifty 50 ETF;INF666M01LL8;;10.1508;;;22-Jan-2026
153583;Groww Nifty 500 Low Volatility 50 ETF;INF666M01LB9;;10.5058;;;22-Jan-2026
153452;Groww Nifty 500 Momentum 50 ETF;INF666M01KJ4;;10.2232;;;22-Jan-2026
153907;Groww Nifty Capital Markets ETF;INF666M01MM4;;9.6162;;;22-Jan-2026
154111;Groww Nifty Chemicals ETF;INF666M01NP5;;27.5573;;;22-Jan-2026
152764;GROWW NIFTY EV & NEW AGE AUTOMOTIVE ETF;INF666M01IH2;;29.7348;;;22-Jan-2026
152845;Groww Nifty India Defence ETF;INF666M01IO8;;76.4091;;;22-Jan-2026
153625;Groww Nifty India Internet ETF;INF666M01LI4;;9.8349;;;22-Jan-2026
153229;Groww Nifty India Railways PSU ETF;INF666M01JJ6;;33.265;;;22-Jan-2026
154034;Groww Nifty Metal ETF;INF666M01NI0;;10.9763;;;22-Jan-2026
153940;Groww Nifty Midcap 150 ETF;INF666M01MV5;;213.8658;;;22-Jan-2026
153785;Groww Nifty Next 50 ETF;INF666M01LZ8;;67.5598;;;22-Jan-2026
153899;Groww Nifty Realty ETF;INF666M01MN2;;8.7628;;;22-Jan-2026
153923;Groww Nifty Smallcap250 ETF;INF666M01MO0;;9.0015;;;22-Jan-2026
153524;Groww Silver ETF;INF666M01LA1;;286.5279;;;22-Jan-2026

HDFC Mutual Fund
151376;HDFC BSE 500 ETF - Growth Option;INF179KC1EZ4;;36.895;;;22-Jan-2026
135854;HDFC BSE Sensex ETF - Growth Plan;INF179KC1HX2;;92.7033;;;22-Jan-2026
150476;HDFC NIFTY 100 ETF - Growth Option;INF179KC1HR4;;26.5946;;;22-Jan-2026
153403;HDFC NIFTY 1D RATE LIQUID ETF GROWTH;INF179KC1JG3;;1045.3965;;;22-Jan-2026
135853;HDFC NIFTY 50 ETF - Growth Plan;INF179KC1965;;282.9276;;;22-Jan-2026
148461;HDFC NIFTY Bank ETF - GROWTH;INF179KC1HY0;;60.7254;;;22-Jan-2026
150621;HDFC NIFTY GROWTH SECTORS 15 ETF - Growth Option;INF179KC1DJ0;;127.311;;;22-Jan-2026
150801;HDFC NIFTY IT ETF - Growth option;INF179KC1IA8;;40.6088;;;22-Jan-2026
151374;HDFC NIFTY Midcap 150 ETF - Growth Option;INF179KC1HT0;;21.5842;;;22-Jan-2026
150477;HDFC NIFTY NEXT 50 ETF - Growth Option;INF179KC1HS2;;68.7186;;;22-Jan-2026
150802;HDFC NIFTY Private Bank ETF - Growth Option;INF179KC1HZ7;;28.7496;;;22-Jan-2026
152350;HDFC NIFTY PSU BANK ETF;INF179KC1HW4;;90.536;;;22-Jan-2026
151375;HDFC NIFTY Smallcap 250 ETF - Growth Option;INF179KC1FB2;;157.1795;;;22-Jan-2026
150658;HDFC NIFTY100 Low Volatility 30 ETF - Growth Option;INF179KC1HU8;;21.0384;;;22-Jan-2026
150620;HDFC NIFTY100 QUALITY 30 ETF - Growth Option;INF179KC1DL6;;59.7801;;;22-Jan-2026
150657;HDFC NIFTY200 MOMENTUM 30 ETF - Growth Option;INF179KC1HV6;;30.8531;;;22-Jan-2026
150619;HDFC NIFTY 50 VALUE 20 ETF - Growth Option;INF179KC1DK8;;138.8175;;;22-Jan-2026
150556;HDFC Silver ETF - Growth Option;INF179KC1DI2;;280.1107;;;22-Jan-2026

ICICI Prudential Mutual Fund
141957;BHARAT 22 ETF;INF109KB15Y7;;116.7306;;;22-Jan-2026
143247;ICICI Prudential BSE 500 ETF;INF109KC1V59;;38.8395;;;22-Jan-2026
153378;ICICI Prudential BSE Liquid Rate ETF - Growth;INF109K1A021;;1046.5358;;;22-Jan-2026
144947;ICICI Prudential BSE Liquid Rate ETF - IDCW;INF109KC1KT9;;1000.0000;;;22-Jan-2026
139519;ICICI Prudential BSE Midcap Select ETF;INF109KC10W0;;17.7845;;;22-Jan-2026
101705;ICICI Prudential BSE Sensex ETF;INF346A01034;;939.4750;;;22-Jan-2026
151196;ICICI Prudential Nifty 10 yr Benchmark G-sec ETF;INF109KC18O0;;259.1740;;;22-Jan-2026
123004;ICICI Prudential Nifty 100 ETF;INF109KC16V9;;28.7363;;;22-Jan-2026
141596;ICICI Prudential Nifty 100 Low Volatility 30 ETF;INF109KC19U5;;22.6110;;;22-Jan-2026
150455;ICICI Prudential Nifty 200 Momentum 30 ETF;INF109KC17C7;;31.1308;;;22-Jan-2026
151907;ICICI Prudential Nifty 200 Quality 30 ETF;INF109KC18V5;;21.6860;;;22-Jan-2026
149928;ICICI Prudential Nifty 5 yr Benchmark G-SEC ETF;INF109KC14A8;;63.8416;;;22-Jan-2026
121366;ICICI Prudential Nifty 50 ETF;INF109K012R6;;284.5095;;;22-Jan-2026
148456;ICICI Prudential Nifty Alpha Low- Volatility 30 ETF;INF109KC17V7;;27.3710;;;22-Jan-2026
149463;ICICI Prudential Nifty Auto ETF;INF109KC10V2;;27.8598;;;22-Jan-2026
147483;ICICI Prudential Nifty Bank ETF;INF109KC15I8;;60.5691;;;22-Jan-2026
151207;ICICI Prudential Nifty Commodities ETF;INF109KC19O8;;96.0418;;;22-Jan-2026
153397;ICICI Prudential Nifty EV & New Age Automotive ETF;INF109K1A153;;29.7979;;;22-Jan-2026
150879;ICICI Prudential Nifty Financial Services Ex-BaNk ETF;INF109KC17L8;;31.6489;;;22-Jan-2026
149072;ICICI Prudential Nifty FMCG ETF;INF109KC19V3;;55.5413;;;22-Jan-2026
148957;ICICI Prudential Nifty Healthcare ETF;INF109KC1Q72;;143.9284;;;22-Jan-2026
149285;ICICI Prudential Nifty India Consumption ETF;INF109KC1V42;;120.6571;;;22-Jan-2026
150526;ICICI Prudential Nifty Infrastructure ETF;INF109KC16E5;;93.1861;;;22-Jan-2026
148466;ICICI Prudential Nifty IT ETF;INF109KC16I6;;42.2221;;;22-Jan-2026
152769;ICICI Prudential Nifty Metal ETF;INF109KC19W1;;11.6123;;;22-Jan-2026
147921;ICICI Prudential Nifty Midcap 150 ETF;INF109KC11W8;;22.0363;;;22-Jan-2026
144587;ICICI Prudential Nifty Next 50 ETF;INF109KC1NS5;;70.9490;;;22-Jan-2026
152748;ICICI Prudential Nifty Oil & Gas ETF;INF109KC18W3;;11.5869;;;22-Jan-2026
147530;ICICI Prudential Nifty Private Bank ETF;INF109KC18U7;;28.5002;;;22-Jan-2026
151572;ICICI Prudential Nifty PSU Bank ETF;INF109KC10S8;;90.7958;;;22-Jan-2026
153617;ICICI Prudential Nifty Top 15 Equal Weight ETF;INF109K1A344;;10.7133;;;22-Jan-2026
152932;ICICI Prudential Nifty200 Value 30 ETF;INF109KC16X5;;15.1207;;;22-Jan-2026
139455;ICICI Prudential Nifty50 Value 20 ETF;INF109KC11V0;;15.0391;;;22-Jan-2026
149464;ICICI PRUDENTIAL SILVER ETF;INF109KC1Y56;;291.9521;;;22-Jan-2026

LIC Mutual Fund
135672;LIC MF BSE Sensex ETF;INF767K01OT5;;923.1775;;;22-Jan-2026
136473;LIC MF Nifty 100 ETF;INF767K01PC8;;281.7772;;;22-Jan-2026
135607;LIC MF Nifty 50 ETF;INF767K01OS7;;281.7434;;;22-Jan-2026
133307;LIC MF Nifty 8-13 yr G-Sec ETF;INF767K01MV5;;28.7538;;;22-Jan-2026
152404;LIC MF Nifty Midcap 100 ETF;INF767K01RN1;;58.414;;;22-Jan-2026

Quantum Mutual Fund
108479;Quantum Nifty 50 ETF;INF082J01028;;2764.0398;;;22-Jan-2026

SBI Mutual Fund
134014;SBI BSE 100 ETF;INF200KA1572;;292.4775;;;22-Jan-2026
153435;SBI BSE PSU BANK ETF;INF200KB1712;;52.2368;;;22-Jan-2026
121109;SBI BSE SENSEX ETF;INF200K01VT2;;910.7896;;;22-Jan-2026
144916;SBI BSE Sensex Next 50 ETF;INF200KA1VQ2;;912.5039;;;22-Jan-2026
139430;SBI Nifty 10 yr Benchmark G-Sec ETF;INF200KA1JT1;;259.6393;;;22-Jan-2026
153796;SBI Nifty 1D Rate Liquid ETF - Growth;INF200KB1969;;1023.7733;;;22-Jan-2026
152168;SBI NIFTY 1D Rate Liquid ETF - IDCW;;INF200KA13Z8;1000.0000;;;22-Jan-2026
145648;SBI Nifty 200 Quality 30 ETF;INF200KA1WX6;;228.0787;;;22-Jan-2026
135106;SBI Nifty 50 ETF;INF200KA1FS1;;270.2894;;;22-Jan-2026
134008;SBI Nifty Bank ETF;INF200KA1580;;606.0240;;;22-Jan-2026
149041;SBI Nifty Consumption ETF;INF200KA1X17;;120.2259;;;22-Jan-2026
148542;SBI Nifty IT ETF;INF200KA1S14;;421.8861;;;22-Jan-2026
134013;SBI Nifty Next 50 ETF;INF200KA1598;;719.6614;;;22-Jan-2026
148541;SBI Nifty Private Bank ETF;INF200KA1S22;;288.1460;;;22-Jan-2026
152749;SBI Nifty50 Equal Weight ETF;INF200KB1282;;32.9989;;;22-Jan-2026
152725;SBI Silver ETF;INF200KB1217;;285.9826;;;22-Jan-2026

Open Ended Schemes ( Other Scheme - FoF Domestic )


Groww Mutual Fund
153745;Groww BSE Power ETF FOF Direct Growth;INF666M01LN4;;9.4233;;;22-Jan-2026
153746;Groww BSE Power ETF FOF Direct IDCW;INF666M01LO2;INF666M01LP9;9.4233;;;22-Jan-2026
153748;Groww BSE Power ETF FOF Regular Growth;INF666M01LQ7;;9.4032;;;22-Jan-2026
153747;Groww BSE Power ETF FOF Regular IDCW;INF666M01LR5;INF666M01LS3;9.4032;;;22-Jan-2026
152980;Groww Gold ETF FOF - DIRECT - GROWTH;INF666M01IX9;;18.3164;;;22-Jan-2026
153004;Groww Gold ETF FOF - DIRECT - IDCW;INF666M01IY7;INF666M01IZ4;18.3164;;;22-Jan-2026
153006;Groww Gold ETF FOF - REGULAR - GROWTH;INF666M01JA5;;18.2436;;;22-Jan-2026
153005;Groww Gold ETF FOF - REGULAR - IDCW;INF666M01JB3;INF666M01JC1;18.2453;;;22-Jan-2026
153328;Groww Nifty 200 ETF FOF - Direct - Growth;INF666M01JQ1;;11.6886;;;22-Jan-2026
153343;Groww Nifty 200 ETF FOF - Direct - IDCW;INF666M01JR9;INF666M01JS7;11.6885;;;22-Jan-2026
153342;Groww Nifty 200 ETF FOF - Regular - Growth;INF666M01JT5;;11.6306;;;22-Jan-2026
153344;Groww Nifty 200 ETF FOF - Regular - IDCW;INF666M01JU3;INF666M01JW9;11.6307;;;22-Jan-2026
153453;Groww Nifty 500 Momentum 50 ETF FOF - Direct Plan - Growth;INF666M01JX7;;10.1524;;;22-Jan-2026
153454;Groww Nifty 500 Momentum 50 ETF FOF - Direct Plan - IDCW;INF666M01JY5;INF666M01KB1;10.1635;;;22-Jan-2026
153455;Groww Nifty 500 Momentum 50 ETF FOF - Regular Plan - IDCW;INF666M01KH8;INF666M01KI6;10.1181;;;22-Jan-2026
153456;Groww Nifty 500 Momentum 50 ETF FOF - Regular Plan- Growth;INF666M01KC9;;10.1182;;;22-Jan-2026
153908;Groww Nifty Capital Markets ETF FOF Direct Growth;INF666M01MG6;;9.7746;;;22-Jan-2026
153917;Groww Nifty Capital Markets ETF FOF Direct IDCW;INF666M01MH4;INF666M01MI2;9.7746;;;22-Jan-2026
153918;Groww Nifty Capital Markets ETF FOF Regular Growth;INF666M01MJ0;;9.7675;;;22-Jan-2026
153919;Groww Nifty Capital Markets ETF FOF Regular IDCW;INF666M01MK8;INF666M01ML6;9.7675;;;22-Jan-2026
152771;Groww Nifty EV & New Age Automotive ETF FOF - Direct Plan - IDCW;INF666M01IM2;INF666M01IN0;9.1176;;;22-Jan-2026
152773;Groww Nifty EV & New Age Automotive ETF FOF - Regular Plan - Growth;INF666M01II0;;9.0604;;;22-Jan-2026
152772;Groww Nifty EV & New Age Automotive ETF FOF - Regular Plan - IDCW;INF666M01IJ8;INF666M01IK6;9.0605;;;22-Jan-2026
152770;Groww Nifty EV & New Age Automotive ETF FOF- Direct Plan - Growth;INF666M01IL4;;9.1172;;;22-Jan-2026
152926;Groww Nifty India Defence ETF FOF - Direct - IDCW;INF666M01IR1;INF666M01IS9;11.2777;;;22-Jan-2026
152925;Groww Nifty India Defence ETF FOF - Direct Growth;INF666M01IQ3;;11.2775;;;22-Jan-2026
152927;Groww Nifty India Defence ETF FOF - Regular - Growth;INF666M01IT7;;11.2185;;;22-Jan-2026
152928;Groww Nifty India Defence ETF FOF - Regular - IDCW;INF666M01IU5;INF666M01IV3;11.2172;;;22-Jan-2026
153626;Groww Nifty India Internet ETF FOF - Direct - Growth;INF666M01LC7;;9.8132;;;22-Jan-2026
153632;Groww Nifty India Internet ETF FOF - Direct - IDCW;INF666M01LD5;INF666M01LE3;9.8132;;;22-Jan-2026
153633;Groww Nifty India Internet ETF FOF - Regular - Growth;INF666M01LF0;;9.788;;;22-Jan-2026
153631;Groww Nifty India Internet ETF FOF - Regular - IDCW;INF666M01LG8;INF666M01LH6;9.788;;;22-Jan-2026
153525;Groww Silver ETF FOF - Direct - Growth;INF666M01KQ9;;27.6257;;;22-Jan-2026
153526;Groww Silver ETF FOF - Direct - IDCW;INF666M01KR7;INF666M01KS5;27.6314;;;22-Jan-2026
153527;Groww Silver ETF FOF - Regular - Growth;INF666M01KX5;;27.5454;;;22-Jan-2026
153528;Groww Silver ETF FOF - Regular - IDCW;INF666M01KY3;INF666M01KZ0;27.5467;;;22-Jan-2026

HDFC Mutual Fund
153860;HDFC Diversified Equity All Cap Active FOF - Direct Plan - Growth Plan;INF179KC1JU4;;10.0585;;;22-Jan-2026
153862;HDFC Diversified Equity All Cap Active FOF - IDCW - Direct Plan;INF179KC1JV2;INF179KC1JW0;10.0585;;;22-Jan-2026
153863;HDFC Diversified Equity All Cap Active FOF - IDCW - Regular Plan;INF179KC1JS8;INF179KC1JT6;10.0245;;;22-Jan-2026
153861;HDFC Diversified Equity All Cap Active FOF - Regular Plan - Growth Plan;INF179KC1JR0;;10.0245;;;22-Jan-2026
119132;HDFC Gold ETF Fund of Fund - Direct Plan;INF179K01VX0;;47.1211;;;22-Jan-2026
115934;HDFC Gold ETF Fund of Fund - Growth Option;INF179K01LC5;;44.9335;;;22-Jan-2026
130533;HDFC Income Plus Arbitrage Active FOF - Growth Option;INF179KA1SF8;;39.9255;;;22-Jan-2026
130543;HDFC Income Plus Arbitrage Active FOF - Growth Option - Direct Plan;INF179KA1SC5;;44.0928;;;22-Jan-2026
130540;HDFC Income Plus Arbitrage Active FOF - IDCW Option;INF179KA1SG6;;34.986;;;22-Jan-2026
130547;HDFC Income Plus Arbitrage Active FOF - IDCW Option - Direct Plan;INF179KA1SD3;;38.7312;;;22-Jan-2026
148901;HDFC Multi-Asset Active FOF - Growth Option;INF179KC1BD7;;19.349;;;22-Jan-2026
148903;HDFC Multi-Asset Active FOF - Growth Option -Direct Plan;INF179KC1BA3;;20.438;;;22-Jan-2026
148900;HDFC Multi-Asset Active FOF - IDCW Option;INF179KC1BE5;;19.349;;;22-Jan-2026
148902;HDFC Multi-Asset Active FOF - IDCW Option - Direct Plan;INF179KC1BB1;;20.438;;;22-Jan-2026
150736;HDFC Silver ETF Fund of Fund - Growth Option;INF179KC1DV5;;47.7872;;;22-Jan-2026
150737;HDFC Silver ETF Fund of Fund - Growth Option - Direct Plan;INF179KC1DU7;;48.3581;;;22-Jan-2026

ICICI Prudential Mutual Fund
143904;ICICI Prudential BHARAT 22 FOF - Cumulative Option;INF109KC1FW3;;34.0929;;;22-Jan-2026
143903;ICICI Prudential BHARAT 22 FOF - Direct Plan Cumulative Option;INF109KC1FX1;;34.1054;;;22-Jan-2026
149331;ICICI Prudential BSE 500 ETF FOF - Direct Plan - Growth;INF109KC1V91;;15.8083;;;22-Jan-2026
149333;ICICI Prudential BSE 500 ETF FOF - Direct Plan - IDCW;INF109KC1W09;INF109KC1W17;15.8079;;;22-Jan-2026
149334;ICICI Prudential BSE 500 ETF FOF - Growth;INF109KC1V67;;15.4991;;;22-Jan-2026
149332;ICICI Prudential BSE 500 ETF FOF - IDCW;INF109KC1V75;INF109KC1V83;15.4990;;;22-Jan-2026
120702;ICICI Prudential Diversified Debt Strategy Active FOF  - Direct Plan - Growth;INF109K01X73;;48.1480;;;22-Jan-2026
120703;ICICI Prudential Diversified Debt Strategy Active FOF - Direct Plan -  IDCW;INF109K01X57;INF109K01X65;42.3891;;;22-Jan-2026
102141;ICICI Prudential Diversified Debt Strategy Active FOF - Growth;INF109K01878;;46.2187;;;22-Jan-2026
102143;ICICI Prudential Diversified Debt Strategy Active FOF - IDCW;INF109K01FS0;INF109K01886;40.3146;;;22-Jan-2026
120313;ICICI Prudential Income plus Arbitrage Omni FOF - Direct Plan - Growth;INF109K01W82;;69.2058;;;22-Jan-2026
120314;ICICI Prudential Income plus Arbitrage Omni FOF - Direct Plan - IDCW;INF109K01W66;INF109K01W74;53.5159;;;22-Jan-2026
102139;ICICI Prudential Income Plus Arbitrage Omni FOF - Growth;INF109K01811;;64.3716;;;22-Jan-2026
102140;ICICI Prudential Income plus Arbitrage Omni FOF - IDCW;INF109K01EB9;INF109K01829;49.3949;;;22-Jan-2026
120243;ICICI Prudential Multi Sector Passive FOF - Direct Plan -  IDCW;INF109K01W33;INF109K01W41;138.6194;;;22-Jan-2026
120242;ICICI Prudential Multi Sector Passive FOF - Direct Plan - Growth;INF109K01W58;;176.0361;;;22-Jan-2026
102133;ICICI Prudential Multi Sector Passive FOF - Growth;INF109K01795;;168.0358;;;22-Jan-2026
102134;ICICI Prudential Multi Sector Passive FOF - IDCW;INF109K01DW7;INF109K01803;130.9211;;;22-Jan-2026
148822;ICICI Prudential Nifty 100 Low Volatility 30 ETF FOF - Direct Plan - Growth;INF109KC1P81;;18.8931;;;22-Jan-2026
148823;ICICI Prudential Nifty 100 Low Volatility 30 ETF FOF - Direct Plan - IDCW;INF109KC1Q07;INF109KC1P99;18.8932;;;22-Jan-2026
148821;ICICI Prudential Nifty 100 Low Volatility 30 ETF FOF - Growth;INF109KC1P57;;18.5019;;;22-Jan-2026
148824;ICICI Prudential Nifty 100 Low Volatility 30 ETF FOF - IDCW;INF109KC1P73;INF109KC1P65;18.5020;;;22-Jan-2026
149158;ICICI Prudential Nifty Alpha Low - Volatility 30 ETF FOF - Direct Plan - Growth;INF109KC1R89;;14.9437;;;22-Jan-2026
149160;ICICI Prudential Nifty Alpha Low - Volatility 30 ETF FOF - Direct Plan - IDCW;INF109KC1S05;INF109KC1R97;14.9433;;;22-Jan-2026
149157;ICICI Prudential Nifty Alpha Low - Volatility 30 ETF FOF - Growth;INF109KC1R55;;14.6497;;;22-Jan-2026
149159;ICICI Prudential Nifty Alpha Low - Volatility 30 ETF FOF - IDCW;INF109KC1R71;INF109KC1R63;14.6496;;;22-Jan-2026
153394;ICICI Prudential Nifty EV & New Age Automotive ETF FOF - Direct Plan - Growth;INF109K1A120;;11.2466;;;22-Jan-2026
153395;ICICI Prudential Nifty EV & New Age Automotive ETF FOF - Direct Plan - IDCW;INF109K1A146;INF109K1A138;11.2467;;;22-Jan-2026
153396;ICICI Prudential Nifty EV & New Age Automotive ETF FOF - Growth;INF109K1A096;;11.2064;;;22-Jan-2026
153393;ICICI Prudential Nifty EV & New Age Automotive ETF FOF - IDCW;INF109K1A112;INF109K1A104;11.2064;;;22-Jan-2026
120685;ICICI Prudential Regular Gold Savings Fund (FOF) - Direct Plan -  Growth;INF109K01U92;;48.0732;;;22-Jan-2026
120686;ICICI Prudential Regular Gold Savings Fund (FOF) - Direct Plan -  IDCW;INF109K01U76;INF109K01U84;48.0777;;;22-Jan-2026
115833;ICICI Prudential Regular Gold Savings Fund (FOF) - Growth;INF109K01TK8;;46.3761;;;22-Jan-2026
115834;ICICI Prudential Regular Gold Savings Fund (FOF) - IDCW;INF109K01TM4;INF109K01TL6;46.3771;;;22-Jan-2026
149775;ICICI PRUDENTIAL SILVER ETF FUND OF FUND - Direct Plan - Growth;INF109KC1Y98;;44.2996;;;22-Jan-2026
149776;ICICI PRUDENTIAL SILVER ETF FUND OF FUND - Direct Plan - IDCW;INF109KC1Z06;INF109KC1Z14;44.3000;;;22-Jan-2026
149777;ICICI PRUDENTIAL SILVER ETF FUND OF FUND - Growth;INF109KC1Y64;;43.4351;;;22-Jan-2026
149778;ICICI PRUDENTIAL SILVER ETF FUND OF FUND - IDCW;INF109KC1Y72;INF109KC1Y80;43.4344;;;22-Jan-2026

LIC Mutual Fund
151974;LIC MF Gold ETF Fund of Fund-Direct Plan-Growth;INF397L01BU4;;41.467;;;22-Jan-2026
151973;LIC MF Gold ETF Fund of Fund-Regular Plan-Growth;INF397L01992;;39.2582;;;22-Jan-2026

Quantum Mutual Fund
115132;Quantum Gold Savings Fund - Direct Plan Growth Option;INF082J01150;;57.4375;;;22-Jan-2026
141064;Quantum Gold Savings Fund - Regular Plan Growth Option;INF082J01358;;56.6636;;;22-Jan-2026

SBI Mutual Fund
119789;SBI Gold Fund - Direct Plan - Income Distribution cum Capital Withdrawal Option (IDCW);INF200K01RN3;INF200K01RO1;45.9913;;;22-Jan-2026
115677;SBI Gold Fund - Regular Plan - Income Distribution cum Capital Withdrawal Option (IDCW);INF200K01HB9;INF200K01HC7;43.9661;;;22-Jan-2026
115676;SBI GOLD FUND REGULAR PLAN - GROWTH;INF200K01HA1;;43.9598;;;22-Jan-2026
119788;SBI GOLD FUND- DIRECT PLAN - GROWTH;INF200K01RP8;;46.0576;;;22-Jan-2026
153498;SBI Income Plus Arbitrage Active FOF- Direct Plan- Growth;INF200KB1753;;10.3714;;;22-Jan-2026
153501;SBI Income Plus Arbitrage Active FOF- Direct Plan- Income Distribution Cum Capital Withdrawal Option;INF200KB1761;INF200KB1779;10.3712;;;22-Jan-2026
153500;SBI Income Plus Arbitrage Active FOF- Regular Plan- Growth;INF200KB1720;;10.3582;;;22-Jan-2026
153499;SBI Income Plus Arbitrage Active FOF- Regular Plan- Income Distribution Cum Capital Withdrawal Option;INF200KB1738;INF200KB1746;10.3583;;;22-Jan-2026
152734;SBI Silver ETF FOF- Regular Plan - Income Distribution Cum Capital Withdrawal Option (IDCW);INF200KB1225;INF200KB1274;30.8716;;;22-Jan-2026
152735;SBI Silver ETF Fund of Fund- Direct Plan - Growth;INF200KB1233;;31.0421;;;22-Jan-2026
152736;SBI Silver ETF Fund of Fund- Direct Plan - Income Distribution Cum Capital Withdrawal Option (IDCW);INF200KB1241;INF200KB1258;31.0422;;;22-Jan-2026
152733;SBI Silver ETF Fund of Fund- Regular Plan - Growth;INF200KB1266;;30.8705;;;22-Jan-2026

Open Ended Schemes ( Equity Scheme - Flexi Cap Fund )


Abakkus Mutual Fund
154043;Abakkus Flexi Cap Fund - Direct - Growth;INF2JJD01136;;9.8360;;;22-Jan-2026
154045;Abakkus Flexi Cap Fund - Direct - IDCW;INF2JJD01128;INF2JJD01110;9.8360;;;22-Jan-2026
154041;Abakkus Flexi Cap Fund - Regular - Growth;INF2JJD01169;;9.8260;;;22-Jan-2026
154042;Abakkus Flexi Cap Fund - Regular - IDCW;INF2JJD01151;INF2JJD01144;9.8260;;;22-Jan-2026

HDFC Mutual Fund
118955;HDFC Flexi Cap Fund - Growth Option - Direct Plan;INF179K01UT0;;2239.561;;;22-Jan-2026
101762;HDFC Flexi Cap Fund - Growth Plan;INF179K01608;;2041.426;;;22-Jan-2026
118954;HDFC Flexi Cap Fund - IDCW Option - Direct Plan;INF179K01VL5;INF179K01VM3;97.714;;;22-Jan-2026
101763;HDFC Flexi Cap Fund - IDCW Plan;INF179K01582;INF179K01590;80.922;;;22-Jan-2026

ICICI Prudential Mutual Fund
148990;ICICI Prudential Flexicap Fund - Direct Plan - Growth;INF109KC1R14;;19.98;;;22-Jan-2026
148991;ICICI Prudential Flexicap Fund - Direct Plan - IDCW;INF109KC1R22;INF109KC1R30;16.90;;;22-Jan-2026
148989;ICICI Prudential Flexicap Fund - Growth;INF109KC1Q80;;18.96;;;22-Jan-2026
148988;ICICI Prudential Flexicap Fund - IDCW;INF109KC1Q98;INF109KC1R06;15.89;;;22-Jan-2026

JM Financial Mutual Fund
120492;JM Flexicap Fund (Direct) - Growth Option;INF192K01CC7;;106.8208;;;22-Jan-2026
120491;JM Flexicap Fund (Direct) - IDCW;INF192K01CA1;INF192K01CB9;97.0948;;;22-Jan-2026
109522;JM Flexicap Fund (Regular) - Growth option;INF192K01635;;93.2812;;;22-Jan-2026
109523;JM Flexicap Fund (Regular) - IDCW;INF192K01619;INF192K01627;71.8803;;;22-Jan-2026

LIC Mutual Fund
120264;LIC MF Flexi Cap Fund-Direct Plan-Growth;INF767K01EG3;;108.6081;;;22-Jan-2026
120263;LIC MF Flexi Cap Fund-Direct Plan-IDCW;INF767K01EF5;INF767K01EH1;36.5456;;;22-Jan-2026
100313;LIC MF Flexi Cap Fund-Regular Plan-Growth;INF767K01071;;98.114;;;22-Jan-2026
100312;LIC MF Flexi Cap Fund-Regular Plan-IDCW;INF767K01063;INF767K01055;30.961;;;22-Jan-2026

Navi Mutual Fund
143793;Navi Flexi Cap Fund - Direct Plan - Growth;INF959L01DT9;;26.367;;;22-Jan-2026
143798;NAVI FLEXI CAP FUND - DIRECT PLAN ANNUAL IDCW PAYOUT;INF959L01EC3;INF959L01ED1;26.1655;;;22-Jan-2026
143797;NAVI FLEXI CAP FUND - DIRECT PLAN HALF YEARLY IDCW PAYOUT;INF959L01EA7;INF959L01EB5;26.1663;;;22-Jan-2026
143796;NAVI FLEXI CAP FUND - DIRECT PLAN MONTHLY IDCW PAYOUT;INF959L01DW3;INF959L01DX1;26.1608;;;22-Jan-2026
143792;NAVI FLEXI CAP FUND - DIRECT PLAN NORMAL IDCW PAYOUT;INF959L01DU7;INF959L01DV5;26.133;;;22-Jan-2026
143791;NAVI FLEXI CAP FUND - DIRECT PLAN QUARTERLY IDCW PAYOUT;INF959L01DY9;INF959L01DZ6;26.1863;;;22-Jan-2026
143787;Navi Flexi Cap Fund - Regular Plan - Growth;INF959L01EE9;;22.7508;;;22-Jan-2026
143795;NAVI FLEXI CAP FUND - REGULAR PLAN ANNUAL IDCW PAYOUT;INF959L01EN0;INF959L01EO8;22.7514;;;22-Jan-2026
143794;NAVI FLEXI CAP FUND - REGULAR PLAN HALF YEARLY IDCW PAYOUT;INF959L01EL4;INF959L01EM2;22.7543;;;22-Jan-2026
143790;NAVI FLEXI CAP FUND - REGULAR PLAN MONTHLY IDCW PAYOUT;INF959L01EH2;INF959L01EI0;22.7598;;;22-Jan-2026
143789;NAVI FLEXI CAP FUND - REGULAR PLAN NORMAL IDCW PAYOUT;INF959L01EF6;INF959L01EG4;22.7541;;;22-Jan-2026
143788;NAVI FLEXI CAP FUND - REGULAR PLAN QUARTERLY IDCW PAYOUT;INF959L01EJ8;INF959L01EK6;22.7482;;;22-Jan-2026

Taurus Mutual Fund
118884;Taurus Flexi Cap Fund - Direct Plan -  Payout of Income Distribution cum Capital Withdrawal option;INF044D01BV7;INF044D01BW5;113.12;;;22-Jan-2026
118883;Taurus Flexi Cap Fund - Direct Plan - Growth;INF044D01BU9;;224.21;;;22-Jan-2026
100476;Taurus Flexi Cap Fund - Regular Plan - Growth ;INF044D01989;;215.44;;;22-Jan-2026
111640;Taurus Flexi Cap Fund - Regular Plan - Payout of Income Distribution cum Capital Withdrawal option;INF044D01955;INF044D01963;104.55;;;22-Jan-2026

Trust Mutual Fund
152584;TRUSTMF Flexi Cap Fund-Direct Plan- Growth;INF0GCD01743;;11.46;;;22-Jan-2026
152585;TRUSTMF Flexi Cap Fund-Direct Plan- IDCW;INF0GCD01750;INF0GCD01768;11.46;;;22-Jan-2026
152582;TRUSTMF Flexi Cap Fund-Regular Plan- Growth;INF0GCD01719;;11.13;;;22-Jan-2026
152583;TRUSTMF Flexi Cap Fund-Regular Plan- IDCW;INF0GCD01727;INF0GCD01735;11.13;;;22-Jan-2026

Close Ended Schemes ( Income )


HDFC Mutual Fund
151865;HDFC Charity Fund for Cancer Cure - IDCW Option - 50% IDCW Donation Option;INF179KC1HC6;;10.2008;;;22-Jan-2026
151863;HDFC Charity Fund for Cancer Cure - IDCW Option - 75% IDCW Donation Option;INF179KC1HD4;;10.2008;;;22-Jan-2026
151862;HDFC Charity Fund for Cancer Cure - IDCW Option - Direct Plan - 50% IDCW Donation Option;INF179KC1HA0;;10.2008;;;22-Jan-2026
151864;HDFC Charity Fund for Cancer Cure - IDCW Option - Direct Plan - 75% IDCW Donation Option;INF179KC1HB8;;10.2008;;;22-Jan-2026
151224;HDFC FMP 1204D December - Growth Option;INF179KC1EQ3;;12.293;;;22-Jan-2026
151225;HDFC FMP 1204D December - Growth Option - Direct Plan;INF179KC1EN0;;12.3875;;;22-Jan-2026
151220;HDFC FMP 1204D December - IDCW Option;INF179KC1ER1;;12.293;;;22-Jan-2026
151221;HDFC FMP 1204D December - IDCW Option - Direct Plan;INF179KC1EO8;;12.3876;;;22-Jan-2026
151222;HDFC FMP 1204D December - Quarterly IDCW Option;INF179KC1ES9;;10.451;;;22-Jan-2026
151223;HDFC FMP 1204D December - Quarterly IDCW Option - Direct Plan;INF179KC1EP5;;10.4537;;;22-Jan-2026
151564;HDFC FMP 1269D March 2023 - Growth Option;;;12.186;;;22-Jan-2026
151565;HDFC FMP 1269D March 2023 - Growth Option - Direct Plan;;;12.273;;;22-Jan-2026
151566;HDFC FMP 1269D March 2023 - IDCW Option;;;12.186;;;22-Jan-2026
151567;HDFC FMP 1269D March 2023 - IDCW Option - Direct Plan;;;12.273;;;22-Jan-2026
151568;HDFC FMP 1269D March 2023 - Quarterly IDCW Option;;;10.1037;;;22-Jan-2026
151569;HDFC FMP 1269D March 2023 - Quarterly IDCW Option - Direct Plan;;;10.1062;;;22-Jan-2026
150651;HDFC FMP 1359D September - Growth Option;;;12.5946;;;22-Jan-2026
150655;HDFC FMP 1359D September - Growth Option - Direct Plan;;;12.6985;;;22-Jan-2026
150652;HDFC FMP 1359D September - IDCW Option;;;12.5946;;;22-Jan-2026
150653;HDFC FMP 1359D September - IDCW Option - Direct Plan;;;12.6985;;;22-Jan-2026
150656;HDFC FMP 1359D September - Quarterly IDCW Option;;;10.0821;;;22-Jan-2026
150654;HDFC FMP 1359D September - Quarterly IDCW Option - Direct Plan;;;10.0841;;;22-Jan-2026
150546;HDFC FMP 1406D August 2022 - Growth Option;INF179KC1DF8;;12.5738;;;22-Jan-2026
150547;HDFC FMP 1406D August 2022 - Growth Option - Direct Plan;INF179KC1DC5;;12.6855;;;22-Jan-2026
150550;HDFC FMP 1406D August 2022 - IDCW Option;INF179KC1DG6;;12.5738;;;22-Jan-2026
150548;HDFC FMP 1406D August 2022 - IDCW Option - Direct Plan;INF179KC1DD3;;12.6855;;;22-Jan-2026
150551;HDFC FMP 1406D August 2022 - Quarterly IDCW Option;INF179KC1DH4;;10.0483;;;22-Jan-2026
150549;HDFC FMP 1406D August 2022 - Quarterly IDCW Option - Direct Plan;INF179KC1DE1;;10.0505;;;22-Jan-2026
149922;HDFC FMP 1861D March 2022 - Growth Option;INF179KC1CF0;;12.8011;;;22-Jan-2026
149924;HDFC FMP 1861D March 2022 - Growth Option - Direct Plan;INF179KC1CC7;;12.8836;;;22-Jan-2026
149925;HDFC FMP 1861D March 2022 - IDCW Option;INF179KC1CG8;;12.8011;;;22-Jan-2026
149926;HDFC FMP 1861D March 2022 - IDCW Option - Direct Plan;INF179KC1CD5;;12.8836;;;22-Jan-2026
149927;HDFC FMP 1861D March 2022 - Quarterly Dividend Option;INF179KC1CH6;;10.0397;;;22-Jan-2026
149923;HDFC FMP 1861D March 2022 - Quarterly Dividend Option - Direct Plan;INF179KC1CE3;;10.0413;;;22-Jan-2026
150001;HDFC FMP 1876D March 2022 - Growth Option;INF179KC1CR5;;12.7671;;;22-Jan-2026
150002;HDFC FMP 1876D March 2022 - Growth Option - Direct Plan;INF179KC1CO2;;12.8389;;;22-Jan-2026
150004;HDFC FMP 1876D March 2022 - IDCW Option;INF179KC1CS3;;12.7671;;;22-Jan-2026
150003;HDFC FMP 1876D March 2022 - IDCW Option - Direct Plan;INF179KC1CP9;;12.8389;;;22-Jan-2026
150005;HDFC FMP 1876D March 2022 - Quarterly Dividend Option;INF179KC1CT1;;10.0387;;;22-Jan-2026
150006;HDFC FMP 1876D March 2022 - Quarterly Dividend Option - Direct Plan;INF179KC1CQ7;;10.0397;;;22-Jan-2026
151465;HDFC FMP 2638D February 2023 - Growth Option;;;12.6702;;;22-Jan-2026
151470;HDFC FMP 2638D February 2023 - Growth Option - Direct Plan;;;12.7639;;;22-Jan-2026
151468;HDFC FMP 2638D February 2023 - IDCW Option;;;12.6702;;;22-Jan-2026
151467;HDFC FMP 2638D February 2023 - Quarterly IDCW Option;;;10.1399;;;22-Jan-2026
151469;HDFC FMP 2638D February 2023 - Quarterly IDCW Option - Direct Plan;;;10.1424;;;22-Jan-2026

ICICI Prudential Mutual Fund
146797;ICICI Prudential Fixed Maturity Plan - Series 85 - 10 Years Plan I - Cumulative Option;INF109KC1VQ2;;17.2749;;;22-Jan-2026
146795;ICICI Prudential Fixed Maturity Plan - Series 85 - 10 Years Plan I - Direct Plan Cumulative Option;INF109KC1VT6;;17.5067;;;22-Jan-2026
146800;ICICI Prudential Fixed Maturity Plan - Series 85 - 10 Years Plan I - Quarterly IDCW Option;INF109KC1VR0;;17.0688;;;22-Jan-2026
150950;ICICI Prudential Fixed Maturity Plan - Series 88 - 1226 Days Plan F - Direct Plan - Growth;INF109KC17M6;;12.4394;;;22-Jan-2026
150953;ICICI Prudential Fixed Maturity Plan - Series 88 - 1226 Days Plan F - Direct Plan - Half Yearly IDCW;INF109KC19M2;;12.2852;;;22-Jan-2026
150952;ICICI Prudential Fixed Maturity Plan - Series 88 - 1226 Days Plan F - Direct Plan - Quarterly IDCW;INF109KC18M4;;12.2313;;;22-Jan-2026
150949;ICICI Prudential Fixed Maturity Plan - Series 88 - 1226 Days Plan F - Growth;INF109KC14M3;;12.3553;;;22-Jan-2026
150954;ICICI Prudential Fixed Maturity Plan - Series 88 - 1226 Days Plan F - Half Yearly IDCW;INF109KC16M8;;12.2012;;;22-Jan-2026
150951;ICICI Prudential Fixed Maturity Plan - Series 88 - 1226 Days Plan F - Quarterly IDCW;INF109KC15M0;;12.1496;;;22-Jan-2026
151493;ICICI Prudential Fixed Maturity Plan - Series 88 - 1303 Days Plan S - Direct Plan - Growth;INF109KC14R2;;12.3978;;;22-Jan-2026
151492;ICICI Prudential Fixed Maturity Plan - Series 88 - 1303 Days Plan S - Direct Plan - IDCW;INF109KC15R9;;12.3979;;;22-Jan-2026
151491;ICICI Prudential Fixed Maturity Plan - Series 88 - 1303 Days Plan S - Growth;INF109KC12R6;;12.3095;;;22-Jan-2026
151494;ICICI Prudential Fixed Maturity Plan - Series 88 - 1303 Days Plan S - IDCW;INF109KC13R4;;12.3095;;;22-Jan-2026

SBI Mutual Fund
146974;SBI Fixed Maturity Plan (FMP) - Series 1 (3668 Days) - Direct Plan - Growth;INF200KA1D03;;17.1966;;;22-Jan-2026
146975;SBI Fixed Maturity Plan (FMP) - Series 1 (3668 Days) - Direct Plan - Income Distribution cum Capital Withdrawal Option (IDCW);INF200KA1D11;;17.2114;;;22-Jan-2026
146976;SBI Fixed Maturity Plan (FMP) - Series 1 (3668 Days) - Regular Plan - Growth;INF200KA1C87;;16.9829;;;22-Jan-2026
146973;SBI Fixed Maturity Plan (FMP) - Series 1 (3668 Days) - Regular Plan - Income Distribution cum Capital Withdrawal Option (IDCW);INF200KA1C95;;16.9829;;;22-Jan-2026
148387;SBI Fixed Maturity Plan (FMP) - Series 34 (3682 Days) - Direct Plan - Growth;INF200KA1Q73;;14.3558;;;22-Jan-2026
148388;SBI Fixed Maturity Plan (FMP) - Series 34 (3682 Days) - Direct Plan - Income Distribution cum Capital Withdrawal Option (IDCW);INF200KA1Q81;;14.3558;;;22-Jan-2026
148389;SBI Fixed Maturity Plan (FMP) - Series 34 (3682 Days) - Regular Plan - Growth;INF200KA1Q57;;14.1700;;;22-Jan-2026
148390;SBI Fixed Maturity Plan (FMP) - Series 34 (3682 Days) - Regular Plan - Income Distribution cum Capital Withdrawal Option (IDCW);INF200KA1Q65;;14.1701;;;22-Jan-2026
149043;SBI Fixed Maturity Plan (FMP) - Series 46 (1850 Days) - Direct Plan - Growth;INF200KA1X41;;13.2079;;;22-Jan-2026
149044;SBI Fixed Maturity Plan (FMP) - Series 46 (1850 Days) - Direct Plan - Income Distribution cum Capital Withdrawal Option (IDCW);INF200KA1X58;;13.2079;;;22-Jan-2026
149045;SBI Fixed Maturity Plan (FMP) - Series 46 (1850 Days) - Regular Plan - Growth;INF200KA1X25;;13.1227;;;22-Jan-2026
149042;SBI Fixed Maturity Plan (FMP) - Series 46 (1850 Days) - Regular Plan - Income Distribution cum Capital Withdrawal Option (IDCW);INF200KA1X33;;13.1228;;;22-Jan-2026
149147;SBI Fixed Maturity Plan (FMP) - Series 49 (1823 Days) - Direct Plan - Growth;INF200KA1Z23;;13.0886;;;22-Jan-2026
149144;SBI Fixed Maturity Plan (FMP) - Series 49 (1823 Days) - Direct Plan - Income Distribution cum Capital Withdrawal Option (IDCW);INF200KA1Z31;;13.0886;;;22-Jan-2026
149145;SBI Fixed Maturity Plan (FMP) - Series 49 (1823 Days) - Regular Plan - Growth;INF200KA1Z07;;13.0082;;;22-Jan-2026
149146;SBI Fixed Maturity Plan (FMP) - Series 49 (1823 Days) - Regular Plan - Income Distribution cum Capital Withdrawal Option (IDCW);INF200KA1Z15;;13.0082;;;22-Jan-2026
149174;SBI Fixed Maturity Plan (FMP) - Series 50 (1843 Days) - Direct Plan - Growth;INF200KA1Z64;;12.9578;;;22-Jan-2026
149175;SBI Fixed Maturity Plan (FMP) - Series 50 (1843 Days) - Direct Plan - Income Distribution Capital Withdrawal Option (IDCW);INF200KA1Z72;;12.9578;;;22-Jan-2026
149172;SBI Fixed Maturity Plan (FMP) - Series 50 (1843 Days) - Regular Plan - Growth;INF200KA1Z49;;12.8643;;;22-Jan-2026
149173;SBI Fixed Maturity Plan (FMP) - Series 50 (1843 Days) - Regular Plan -Income Distribution Capital Withdrawal Option (IDCW);INF200KA1Z56;;12.8643;;;22-Jan-2026
149195;SBI Fixed Maturity Plan (FMP) - Series 51 (1846 Days) - Direct Plan - Growth;INF200KA10A7;;12.9464;;;22-Jan-2026
149194;SBI Fixed Maturity Plan (FMP) - Series 51 (1846 Days) - Direct Plan - Income Distribution Capital Withdrawal Option (IDCW);INF200KA11A5;;12.9468;;;22-Jan-2026
149197;SBI Fixed Maturity Plan (FMP) - Series 51 (1846 Days) - Regular Plan - Growth;INF200KA1Z80;;12.8699;;;22-Jan-2026
149196;SBI Fixed Maturity Plan (FMP) - Series 51 (1846 Days) - Regular Plan - Income Distribution Capital Withdrawal Option (IDCW);INF200KA1Z98;;12.8700;;;22-Jan-2026
149232;SBI Fixed Maturity Plan (FMP) - Series 52 (1848 Days) - Direct Plan - Growth;INF200KA14A9;;12.9276;;;22-Jan-2026
149234;SBI Fixed Maturity Plan (FMP) - Series 52 (1848 Days) - Direct Plan - Income Distribution Cum Withdrawal (IDCW);INF200KA15A6;;12.9276;;;22-Jan-2026
149235;SBI Fixed Maturity Plan (FMP) - Series 52 (1848 Days) - Regular Plan - Growth;INF200KA12A3;;12.8538;;;22-Jan-2026
149233;SBI Fixed Maturity Plan (FMP) - Series 52 (1848 Days) - Regular Plan - Income Distribution Cum Withdrawal (IDCW);INF200KA13A1;;12.8538;;;22-Jan-2026
149279;SBI Fixed Maturity Plan (FMP) - Series 53 (1839 Days) - Direct Plan - Growth;INF200KA18A0;;12.9440;;;22-Jan-2026
149277;SBI Fixed Maturity Plan (FMP) - Series 53 (1839 Days) - Direct Plan - Income Distribution Cum Withdrawal Option (IDCW);INF200KA19A8;;12.9440;;;22-Jan-2026
149278;SBI Fixed Maturity Plan (FMP) - Series 53 (1839 Days) - Regular Plan - Growth;INF200KA16A4;;12.8811;;;22-Jan-2026
149280;SBI Fixed Maturity Plan (FMP) - Series 53 (1839 Days) - Regular Plan - Income  Distribution Cum Withdrawal Option (IDCW);INF200KA17A2;;12.8811;;;22-Jan-2026
149307;SBI Fixed Maturity Plan (FMP) - Series 54 (1842 Days) - Direct Plan - Growth;INF200KA12B1;;12.9260;;;22-Jan-2026
149309;SBI Fixed Maturity Plan (FMP) - Series 54 (1842 Days) - Direct Plan - Income Distribution Cum Withdrawal Option (IDCW);INF200KA13B9;;12.9264;;;22-Jan-2026
149308;SBI Fixed Maturity Plan (FMP) - Series 54 (1842 Days) - Regular Plan - Growth;INF200KA10B5;;12.8599;;;22-Jan-2026
149306;SBI Fixed Maturity Plan (FMP) - Series 54 (1842 Days) - Regular Plan - Income Distribution Cum Capital Withdrawal Option (IDCW);INF200KA11B3;;12.8599;;;22-Jan-2026
149345;SBI Fixed Maturity Plan (FMP) - Series 55 (1849 Days) - Direct Plan - Growth;INF200KA16B2;;12.8975;;;22-Jan-2026
149348;SBI Fixed Maturity Plan (FMP) - Series 55 (1849 Days) - Direct Plan - Income Distribution cum Capital Withdrawal Option (IDCW);INF200KA17B0;;12.8975;;;22-Jan-2026
149347;SBI Fixed Maturity Plan (FMP) - Series 55 (1849 Days) - Regular Plan - Growth;INF200KA14B7;;12.8325;;;22-Jan-2026
149346;SBI Fixed Maturity Plan (FMP) - Series 55 (1849 Days) - Regular Plan - Income Distribution Cum Capital Withdrawal Option (IDCW);INF200KA15B4;;12.8325;;;22-Jan-2026
149431;SBI Fixed Maturity Plan (FMP) - Series 57 (1835 Days) - Direct Plan - Growth;INF200KA14C5;;12.8155;;;22-Jan-2026
149430;SBI Fixed Maturity Plan (FMP) - Series 57 (1835 Days) - Direct Plan - Income Distribution cum Capital Withdrawal Option (IDCW);INF200KA15C2;;12.8156;;;22-Jan-2026
149432;SBI Fixed Maturity Plan (FMP) - Series 57 (1835 Days) - Regular Plan - Growth;INF200KA12C9;;12.7518;;;22-Jan-2026
149433;SBI Fixed Maturity Plan (FMP) - Series 57 (1835 Days) - Regular Plan - Income Distribution cum Capital Withdrawal Option (IDCW);INF200KA13C7;;12.7521;;;22-Jan-2026
149460;SBI Fixed Maturity Plan (FMP) - Series 58 (1842 Days) - Direct Plan - Growth;INF200KA18C6;;12.9224;;;22-Jan-2026
149461;SBI Fixed Maturity Plan (FMP) - Series 58 (1842 Days) - Direct Plan - Income Distribution cum Capital withdrawal option (IDCW);INF200KA19C4;;12.9226;;;22-Jan-2026
149459;SBI Fixed Maturity Plan (FMP) - Series 58 (1842 Days) - Regular Plan - Growth;INF200KA16C0;;12.8603;;;22-Jan-2026
149462;SBI Fixed Maturity Plan (FMP) - Series 58 (1842 Days) - Regular Plan - Income Distribution cum Capital withdrawal option (IDCW);INF200KA17C8;;12.8603;;;22-Jan-2026
149822;SBI Fixed Maturity Plan (FMP) - Series 59 (1618 Days) - Direct Plan - Growth;INF200KA19D2;;12.7144;;;22-Jan-2026
149823;SBI Fixed Maturity Plan (FMP) - Series 59 (1618 Days) - Direct Plan - Income Distribution cum Capital Withdrawal Option (IDCW);INF200KA10E9;;12.7140;;;22-Jan-2026
149825;SBI Fixed Maturity Plan (FMP) - Series 59 (1618 Days) - Regular Plan - Growth;INF200KA17D6;;12.6562;;;22-Jan-2026
149824;SBI Fixed Maturity Plan (FMP) - Series 59 (1618 Days) - Regular Plan - Income Distribution cum Capital Withdrawal Option (IDCW);INF200KA18D4;;12.6563;;;22-Jan-2026
147248;SBI Fixed Maturity Plan (FMP) - Series 6 (3668 Days) - Direct Plan - Growth;INF200KA1F27;;16.7296;;;22-Jan-2026
147249;SBI Fixed Maturity Plan (FMP) - Series 6 (3668 Days) - Direct Plan - Income Distribution cum Capital Withdrawal Option (IDCW);INF200KA1F35;;16.7299;;;22-Jan-2026
147247;SBI Fixed Maturity Plan (FMP) - Series 6 (3668 Days) - Regular Plan - Growth;INF200KA1F01;;16.4635;;;22-Jan-2026
147250;SBI Fixed Maturity Plan (FMP) - Series 6 (3668 Days) - Regular Plan - Income Distribution cum Capital Withdrawal Option (IDCW);INF200KA1F19;;16.4661;;;22-Jan-2026
149878;SBI Fixed Maturity Plan (FMP) - Series 60 (1878 Days) - Direct Plan - Growth;INF200KA13E3;;12.8202;;;22-Jan-2026
149879;SBI Fixed Maturity Plan (FMP) - Series 60 (1878 Days) - Direct Plan - Income Distribution cum Capital Withdrwal Option (IDCW);INF200KA14E1;;12.8204;;;22-Jan-2026
149876;SBI Fixed Maturity Plan (FMP) - Series 60 (1878 Days) - Regular Plan - Growth;INF200KA11E7;;12.7596;;;22-Jan-2026
149877;SBI Fixed Maturity Plan (FMP) - Series 60 (1878 Days) - Regular Plan - Income Distribution cum Capital Withdrawal Option (IDCW);INF200KA12E5;;12.7597;;;22-Jan-2026
149993;SBI Fixed Maturity Plan (FMP)- Series 61 (1927 Days)- Direct Plan- Growth option;INF200KA13F0;;12.8558;;;22-Jan-2026
149995;SBI Fixed Maturity Plan (FMP)- Series 61 (1927 Days)- Direct Plan- Income Distribution Cum Capital withdrawal option;INF200KA14F8;;12.8560;;;22-Jan-2026
149994;SBI Fixed Maturity Plan (FMP)- Series 61 (1927 Days)- Regular Plan- Growth option;INF200KA11F4;;12.7969;;;22-Jan-2026
149992;SBI Fixed Maturity Plan (FMP)- Series 61 (1927 Days)- Regular Plan- Income Distribution Cum Capital withdrawal option;INF200KA12F2;;12.7968;;;22-Jan-2026
150379;SBI Fixed Maturity Plan (FMP) - Series 66 (1361 Days) - Direct Plan - Growth;INF200KA11M0;;12.7871;;;22-Jan-2026
150378;SBI Fixed Maturity Plan (FMP) - Series 66 (1361 Days) - Direct Plan - Income Distribution cum Capital Withdrawal Option (IDCW);INF200KA12M8;;12.7871;;;22-Jan-2026
150377;SBI Fixed Maturity Plan (FMP) - Series 66 (1361 Days) - Regular Plan - Growth;INF200KA19L5;;12.7358;;;22-Jan-2026
150380;SBI Fixed Maturity Plan (FMP) - Series 66 (1361 Days) - Regular Plan - Income Distribution cum Capital Withdrawal Option (IDCW);INF200KA10M2;;12.7358;;;22-Jan-2026
150460;SBI Fixed Maturity Plan (FMP) - Series 67 (1467 Days) - Direct Plan - Growth;INF200KA15M1;;12.7884;;;22-Jan-2026
150458;SBI Fixed Maturity Plan (FMP) - Series 67 (1467 Days) - Direct Plan - IDCW Payout;INF200KA16M9;;12.7884;;;22-Jan-2026
150461;SBI Fixed Maturity Plan (FMP) - Series 67 (1467 Days) - Regular Plan - Growth;INF200KA13M6;;12.7382;;;22-Jan-2026
150459;SBI Fixed Maturity Plan (FMP) - Series 67 (1467 Days) - Regular Plan - IDCW Payout;INF200KA14M4;;12.7386;;;22-Jan-2026
150649;SBI Fixed Maturity Plan (FMP) - Series 68 (1302 Days) - Direct Plan - Growth;INF200KA15O7;;12.6137;;;22-Jan-2026
150650;SBI Fixed Maturity Plan (FMP) - Series 68 (1302 Days) - Direct Plan - IDCW Payout;INF200KA16O5;;12.6161;;;22-Jan-2026
150647;SBI Fixed Maturity Plan (FMP) - Series 68 (1302 Days) - Regular Plan - Growth;INF200KA13O2;;12.5651;;;22-Jan-2026
150648;SBI Fixed Maturity Plan (FMP) - Series 68 (1302 Days) - Regular Plan - IDCW Payout;INF200KA14O0;;12.5651;;;22-Jan-2026
151559;SBI Fixed Maturity Plan (FMP) - Series 79 (1170 Days) - Direct Plan - Growth;INF200KA19W2;;12.2817;;;22-Jan-2026
151558;SBI Fixed Maturity Plan (FMP) - Series 79 (1170 Days) - Direct Plan - Income Distribution cum Capital Withdrawal Payout;INF200KA10X9;;12.2819;;;22-Jan-2026
151556;SBI Fixed Maturity Plan (FMP) - Series 79 (1170 Days) - Regular Plan - Growth;INF200KA17W6;;12.2395;;;22-Jan-2026
151557;SBI Fixed Maturity Plan (FMP) - Series 79 (1170 Days) - Regular Plan - Income Distribution cum Capital Withdrawal Payout;INF200KA18W4;;12.2396;;;22-Jan-2026
148848;SBI Fixed Maturity Plan (FMP) - Series 42 (1857 Days) Direct Plan - Income Distribution cum Capital Withdrawal Option (IDCW);INF200KA1V27;;13.3965;;;22-Jan-2026
148845;SBI Fixed Maturity Plan (FMP) - Series 42 (1857 Days) Regular Plan - Income Distribution cum Capital Withdrawal Option (IDCW);INF200KA1V01;;13.2940;;;22-Jan-2026
148846;SBI Fixed Maturity Plan (FMP) Series 42 (1857 Days) - Direct Plan - Growth;INF200KA1V19;;13.3963;;;22-Jan-2026
148847;SBI Fixed Maturity Plan (FMP) Series 42 (1857 Days) - Regular Plan - Growth;INF200KA1U93;;13.2940;;;22-Jan-2026
148967;SBI Fixed Maturity Plan (FMP) - Series 44 (1855 Days) - Direct Plan - Growth;INF200KA1W59;;13.2342;;;22-Jan-2026
148968;SBI Fixed Maturity Plan (FMP) - Series 44 (1855 Days) - Direct Plan - Income Distribution cum Capital Withdrawal Option (IDCW);INF200KA1W67;;13.2342;;;22-Jan-2026
148966;SBI Fixed Maturity Plan (FMP) - Series 44 (1855 Days) - Regular Plan - Growth;INF200KA1W34;;13.1520;;;22-Jan-2026
148969;SBI Fixed Maturity Plan (FMP) Series 44 (1855 Days) - Regular Plan - Income Distribution cum Capital Withdrawal Option (IDCW);INF200KA1W42;;13.1520;;;22-Jan-2026
148999;SBI Fixed Maturity Plan (FMP) Series 45 (1840 Days) - Direct Plan - Growth;INF200KA1W91;;13.2241;;;22-Jan-2026
148998;SBI Fixed Maturity Plan (FMP) Series 45 (1840 Days) - Direct Plan - Income Distribution cum Capital Withdrawal Option (IDCW);INF200KA1X09;;13.2241;;;22-Jan-2026
148996;SBI Fixed Maturity Plan (FMP) Series 45 (1840 Days) - Regular Plan - Growth;INF200KA1W75;;13.1455;;;22-Jan-2026
148997;SBI Fixed Maturity Plan (FMP) Series 45 (1840Days) - Regular Plan - Income Distribution cum Capital Withdrawal Option (IDCW);INF200KA1W83;;13.1455;;;22-Jan-2026
150919;SBI Fixed Maturity Plan (FMP)-Series 72 (1239 Days) Direct Plan- Growth;INF200KA17S4;;12.4789;;;22-Jan-2026
150916;SBI Fixed Maturity Plan (FMP)-Series 72 (1239 Days) Direct Plan- Income Distribution Cum Capital Withdrawal Payout;INF200KA18S2;;12.4789;;;22-Jan-2026
150917;SBI Fixed Maturity Plan (FMP)-Series 72 (1239 Days) Regular Plan- Growth;INF200KA15S8;;12.4320;;;22-Jan-2026
150918;SBI Fixed Maturity Plan (FMP)-Series 72 (1239 Days) Regular Plan- Income Distribution Cum Capital Withdrawal Payout;INF200KA16S6;;12.4320;;;22-Jan-2026
150984;SBI Fixed Maturity Plan (FMP) - Series 73 (1226 Days) - Direct Plan - Growth;INF200KA11T5;;12.4461;;;22-Jan-2026
150985;SBI Fixed Maturity Plan (FMP) - Series 73 (1226 Days) - Direct Plan - IDCW Payout;INF200KA12T3;;12.4460;;;22-Jan-2026
150986;SBI Fixed Maturity Plan (FMP) - Series 73 (1226 Days) - Regular Plan - Growth;INF200KA19S0;;12.4007;;;22-Jan-2026
150983;SBI Fixed Maturity Plan (FMP) - Series 73 (1226 Days) - Regular Plan - IDCW Payout;INF200KA10T7;;12.4007;;;22-Jan-2026
151252;SBI Fixed Maturity Plan (FMP)-Series 74 (1243 Days)- Direct Plan- Growth;INF200KA11U3;;12.4346;;;22-Jan-2026
151253;SBI Fixed Maturity Plan (FMP)-Series 74 (1243 Days)- Direct Plan- Income Distribution Cum Capital Withdrawal Payout;INF200KA12U1;;12.4345;;;22-Jan-2026
151254;SBI Fixed Maturity Plan (FMP)-Series 74 (1243 Days)- Regular Plan- Growth;INF200KA19T8;;12.3900;;;22-Jan-2026
151255;SBI Fixed Maturity Plan (FMP)-Series 74 (1243 Days)- Regular Plan- Income Distribution Cum Capital Withdrawal Payout;INF200KA10U5;;12.3900;;;22-Jan-2026
151351;SBI Fixed Maturity Plan (FMP) - Series 76 (1221 Days) - Direct Plan - Growth;INF200KA19U6;;12.3417;;;22-Jan-2026
151350;SBI Fixed Maturity Plan (FMP) - Series 76 (1221 Days) - Direct Plan - Income Distribution Cum Capital Withdrawal Payout;INF200KA10V3;;12.3418;;;22-Jan-2026
151349;SBI Fixed Maturity Plan (FMP) - Series 76 (1221 Days) - Regular Plan - Growth;INF200KA17U0;;12.2986;;;22-Jan-2026
151348;SBI Fixed Maturity Plan (FMP) - Series 76 (1221 Days) - Regular Plan - Income Distribution Cum Capital Withdrawal Payout;INF200KA18U8;;12.2986;;;22-Jan-2026
151451;SBI Fixed Maturity Plan (FMP)-Series 78 (1170 Days) Direct Plan- Growth;INF200KA19V4;;12.3320;;;22-Jan-2026
151452;SBI Fixed Maturity Plan (FMP)-Series 78 (1170 Days) Direct Plan- Income Distribution Cum Capital Withdrawal Payout;INF200KA10W1;;12.3319;;;22-Jan-2026
151454;SBI Fixed Maturity Plan (FMP)-Series 78 (1170 Days) Regular Plan- Growth;INF200KA17V8;;12.2884;;;22-Jan-2026
151453;SBI Fixed Maturity Plan (FMP)-Series 78 (1170 Days) Regular Plan- Income Distribution Cum Capital Withdrawal Payout;INF200KA18V6;;12.2876;;;22-Jan-2026
151639;SBI Fixed Maturity Plan (FMP)-Series 81 (1157 Days) Direct Plan- Growth;INF200KA17X4;;12.2401;;;22-Jan-2026
151640;SBI Fixed Maturity Plan (FMP)-Series 81 (1157 Days) Direct Plan- Income Distribution Cum Capital Withdrawal Payout;INF200KA18X2;;12.2402;;;22-Jan-2026
151641;SBI Fixed Maturity Plan (FMP)-Series 81 (1157 Days) Regular Plan- Growth;INF200KA15X8;;12.1993;;;22-Jan-2026
151642;SBI Fixed Maturity Plan (FMP)-Series 81 (1157 Days) Regular Plan- Income Distribution Cum Capital Withdrawal Payout;INF200KA16X6;;12.1993;;;22-Jan-2026

Trust Mutual Fund
151620;TRUSTMF FIXED MATURITY PLAN -SERIES II (1196 DAYS)-DIRECT PLAN -GROWTH;INF0GCD01651;;1258.1107;;;22-Jan-2026
151617;TRUSTMF FIXED MATURITY PLAN -SERIES II (1196 DAYS)-REGULAR PLAN -GROWTH;INF0GCD01636;;1254.3533;;;22-Jan-2026
151618;TRUSTMF FIXED MATURITY PLAN -SERIES II (1196 DAYS)-REGULAR PLAN -IDCW PAYOUT;INF0GCD01644;;1254.3527;;;22-Jan-2026

Close Ended Schemes ( ELSS )


ICICI Prudential Mutual Fund
142136;ICICI Prudential Long Term Wealth Enhancement Fund - Cumulative Option;INF109KC1077;;29.10;;;22-Jan-2026
142134;ICICI Prudential Long Term Wealth Enhancement Fund - Direct Plan Cumulative Option;INF109KC1093;;30.41;;;22-Jan-2026
142133;ICICI Prudential Long Term Wealth Enhancement Fund - Direct Plan IDCW Option;INF109KC1101;;30.41;;;22-Jan-2026
142135;ICICI Prudential Long Term Wealth Enhancement Fund - IDCW Option;INF109KC1085;;29.10;;;22-Jan-2026

SBI Mutual Fund
136007;SBI Long Term Advantage Fund - Series III - Direct Plan - Growth;INF200KA1HN8;;44.6296;;;22-Jan-2026
136006;SBI Long Term Advantage Fund - Series III - Direct Plan - Income Distribution cum Capital Withdrawal Option (IDCW);INF200KA1HO6;;37.6130;;;22-Jan-2026
136004;SBI Long Term Advantage Fund - Series III - Regular Plan - Growth;INF200KA1HL2;;41.7561;;;22-Jan-2026
136005;SBI Long Term Advantage Fund - Series III - Regular Plan - Income Distribution cum Capital Withdrawal Option (IDCW);INF200KA1HM0;;35.3574;;;22-Jan-2026
140487;SBI Long Term Advantage Fund - Series IV - Direct Plan - Growth;INF200KA1LS9;;50.6061;;;22-Jan-2026
140486;SBI Long Term Advantage Fund - Series IV - Direct Plan - Income Distribution cum Capital Withdrawal Option (IDCW);INF200KA1LT7;;42.9405;;;22-Jan-2026
140488;SBI Long Term Advantage Fund - Series IV - Regular Plan - Growth;INF200KA1LQ3;;48.1000;;;22-Jan-2026
140489;SBI Long Term Advantage Fund - Series IV - Regular Plan - Income Distribution cum Capital Withdrawal Option (IDCW);INF200KA1LR1;;40.7503;;;22-Jan-2026
142138;SBI Long Term Advantage Fund - Series V - Direct Plan - Growth;INF200KA1RW8;;31.8888;;;22-Jan-2026
142140;SBI Long Term Advantage Fund - Series V - Direct Plan - Income Distribution cum Capital Withdrawal Option (IDCW);INF200KA1RX6;;31.8900;;;22-Jan-2026
142137;SBI Long Term Advantage Fund - Series V - Regular Plan - Income Distribution cum Capital Withdrawal Option (IDCW);INF200KA1RV0;;30.6141;;;22-Jan-2026
142139;SBI Long Term Advantage Fund Series V - Regular Plan - Growth;INF200KA1RU2;;30.6269;;;22-Jan-2026
143178;SBI Long Term Advantage Fund - Series VI - Direct Plan - Growth;INF200KA1TO1;;31.1733;;;22-Jan-2026
143179;SBI Long Term Advantage Fund - Series VI - Direct Plan - Income Distribution cum Capital Withdrawal Option (IDCW);INF200KA1TP8;;31.1469;;;22-Jan-2026
143176;SBI Long Term Advantage Fund - Series VI - Regular Plan - Growth;INF200KA1TM5;;29.9556;;;22-Jan-2026
143177;SBI Long Term Advantage Fund - Series VI - Regular Plan - Income Distribution cum Capital Withdrawal Option (IDCW);INF200KA1TN3;;29.9620;;;22-Jan-2026
