Scheme Code;Scheme Name;ISIN Div Payout/ISIN Growth;ISIN Div Reinvestment;Net Asset Value;Repurchase Price;Sale Price;Date

Open Ended Schemes ( Money Market )


Taurus Mutual Fund
139619;Taurus Investor Education Pool - Unclaimed Dividend - Growth;;;10.0000;;;23-Jan-2026
139618;Taurus Investor Education Pool - Unclaimed Redemption - Growth;;;10.0000;;;23-Jan-2026
139617;Taurus Unclaimed Redemption - Growth;;;17.3514;;;23-Jan-2026

Open Ended Schemes ( Equity Scheme - Multi Cap Fund )


Bajaj Finserv Mutual Fund
153309;BAJAJ FINSERV MULTI CAP FUND - DIRECT - GROWTH;INF0QA701AV7;;11.141;;;23-Jan-2026
153306;BAJAJ FINSERV MULTI CAP FUND - DIRECT - IDCW;INF0QA701AW5;INF0QA701AX3;11.141;;;23-Jan-2026
153307;BAJAJ FINSERV MULTI CAP FUND - REGULAR - GROWTH;INF0QA701AS3;;10.983;;;23-Jan-2026
153308;BAJAJ FINSERV MULTI CAP FUND - REGULAR - IDCW;INF0QA701AT1;INF0QA701AU9;10.983;;;23-Jan-2026

Bank of India Mutual Fund
151443;Bank of India Multi Cap Fund Direct Plan - Growth;INF761K01FR0;;18.21;;;23-Jan-2026
151444;Bank of India Multi Cap Fund Direct Plan - IDCW;INF761K01FQ2;INF761K01FS8;18.19;;;23-Jan-2026
151445;Bank of India Multi Cap Fund Regular Plan - Growth;INF761K01FU4;;17.64;;;23-Jan-2026
151446;Bank of India Multi Cap Fund Regular Plan - IDCW;INF761K01FT6;INF761K01FV2;17.64;;;23-Jan-2026

Baroda BNP Paribas Mutual Fund
119354;Baroda BNP Paribas MULTI CAP FUND - Direct Plan - Growth Option;INF955L01AG0;;306.9810;;;23-Jan-2026
119353;Baroda BNP Paribas MULTI CAP FUND - Direct Plan - IDCW Option;INF955L01AE5;;53.3977;;;23-Jan-2026
102020;Baroda BNP Paribas MULTI CAP FUND - Regular Plan - Growth Option;INF955L01674;;272.0403;;;23-Jan-2026
102021;Baroda BNP Paribas MULTI CAP FUND - Regular Plan - IDCW Option;INF955L01658;INF955L01666;50.0066;;;23-Jan-2026

DSP Mutual Fund
152310;DSP Multicap Fund - Direct - Growth;INF740KA1UC1;;11.706;;;23-Jan-2026
152309;DSP Multicap Fund - Direct - IDCW;INF740KA1UD9;INF740KA1UE7;11.706;;;23-Jan-2026
152307;DSP Multicap Fund - Regular - Growth;INF740KA1TZ4;;11.364;;;23-Jan-2026
152308;DSP Multicap Fund - Regular - IDCW;INF740KA1UA5;INF740KA1UB3;11.364;;;23-Jan-2026

Franklin Templeton Mutual Fund
152739;Franklin India Multi Cap Fund - Direct - Growth;INF090I01XA7;;10.2984;;;23-Jan-2026
152737;Franklin India Multi Cap Fund - Direct - IDCW;INF090I01XB5;INF090I01XC3;10.2984;;;23-Jan-2026
152738;Franklin India Multi Cap Fund - Growth;INF090I01WX1;;10.0749;;;23-Jan-2026
152740;Franklin India Multi Cap Fund - IDCW;INF090I01WY9;INF090I01WZ6;10.0749;;;23-Jan-2026

Groww Mutual Fund
153034;Groww Multicap Fund - Direct - Growth;INF666M01JD9;;10.1612;;;23-Jan-2026
153098;Groww Multicap Fund - Direct - IDCW;INF666M01JE7;INF666M01JF4;10.1612;;;23-Jan-2026
153100;Groww Multicap Fund - Regular - Growth;INF666M01JG2;;9.9565;;;23-Jan-2026
153099;Groww Multicap Fund - Regular - IDCW;INF666M01JH0;INF666M01JI8;9.9633;;;23-Jan-2026

ICICI Prudential Mutual Fund
120599;ICICI Prudential Multicap Fund - Direct Plan -  Growth;INF109K014O9;;854.45;;;23-Jan-2026
120598;ICICI Prudential Multicap Fund - Direct Plan -  IDCW;INF109K012O3;INF109K013O1;57.12;;;23-Jan-2026
101228;ICICI Prudential Multicap Fund - Growth;INF109K01613;;762.57;;;23-Jan-2026
101706;ICICI Prudential Multicap Fund - IDCW;INF109K01FK7;INF109K01621;30.71;;;23-Jan-2026

Invesco Mutual Fund
120413;Invesco India Multicap Fund - Direct Plan - Growth Option;INF205K01MS2;;141.79;;;23-Jan-2026
120412;Invesco India Multicap Fund - Direct Plan - IDCW (Payout / Reinvestment);INF205K01MQ6;INF205K01MR4;128.31;;;23-Jan-2026
107353;Invesco India Multicap Fund - Regular Plan - Growth Option;INF205K01DN2;;118.45;;;23-Jan-2026
107352;Invesco India Multicap Fund - Regular Plan - IDCW (Payout / Reinvestment);INF205K01DO0;INF205K01DP7;107.4;;;23-Jan-2026

ITI Mutual Fund
147183;ITI Multi Cap Fund - Direct Plan - Growth Option;INF00XX01168;;25.6872;;;23-Jan-2026
147186;ITI Multi Cap Fund - Direct Plan - IDCW Option;INF00XX01176;INF00XX01184;23.6716;;;23-Jan-2026
147184;ITI Multi Cap Fund - Regular Plan - Growth Option;INF00XX01135;;22.5611;;;23-Jan-2026
147185;ITI Multi Cap Fund - Regular Plan - IDCW Option;INF00XX01143;INF00XX01150;20.6819;;;23-Jan-2026

LIC Mutual Fund
150659;LIC MF Multi Cap Fund-Direct Plan-Growth;INF767K01RK7;;17.0236;;;23-Jan-2026
150660;LIC MF Multi Cap Fund-Direct Plan-IDCW;INF767K01RL5;INF767K01RM3;17.0236;;;23-Jan-2026
150661;LIC MF Multi Cap Fund-Regular Plan-Growth;INF767K01RH3;;16.1446;;;23-Jan-2026
150662;LIC MF Multi Cap Fund-Regular Plan-IDCW;INF767K01RI1;INF767K01RJ9;16.1446;;;23-Jan-2026

Mahindra Manulife Mutual Fund
141223;Mahindra Manulife Multi Cap Fund - Direct Plan - IDCW;INF174V01366;INF174V01358;30.4512;;;23-Jan-2026
141226;Mahindra Manulife Multi Cap Fund - Direct Plan -Growth;INF174V01341;;40.4415;;;23-Jan-2026
141224;Mahindra Manulife Multi Cap Fund - Regular Plan - Growth;INF174V01317;;34.6050;;;23-Jan-2026
141225;Mahindra Manulife Multi Cap Fund - Regular Plan - IDCW;INF174V01333;INF174V01325;25.1151;;;23-Jan-2026

Mirae Asset Mutual Fund
151810;Mirae Asset Multicap Fund - Direct Plan - Growth;INF769K01KK8;;14.475;;;23-Jan-2026
151811;Mirae Asset Multicap Fund - Direct Plan - IDCW;INF769K01KL6;INF769K01KM4;14.474;;;23-Jan-2026
151812;Mirae Asset Multicap Fund - Regular Plan - Growth;INF769K01KH4;;13.963;;;23-Jan-2026
151813;Mirae Asset Multicap Fund - Regular Plan - IDCW;INF769K01KI2;INF769K01KJ0;13.952;;;23-Jan-2026

PGIM India Mutual Fund
152815;PGIM India Multi Cap Fund - Direct Plan - Growth Option;INF663L01Z03;;9.55;;;23-Jan-2026
152817;PGIM India Multi Cap Fund - Direct Plan - IDCW Option;INF663L01Z11;INF663L01Z29;9.55;;;23-Jan-2026
152816;PGIM India Multi Cap Fund - Regular Plan - Growth Option;INF663L01Y87;;9.33;;;23-Jan-2026
152818;PGIM India Multi Cap Fund - Regular Plan - IDCW Option;INF663L01Y95;INF663L01Z37;9.33;;;23-Jan-2026

quant Mutual Fund
100631;quant Multi Cap Fund-GROWTH OPTION - Regular Plan;INF966L01234;;560.2344;;;23-Jan-2026
120823;quant Multi Cap Fund-GROWTH OPTION-Direct Plan;INF966L01614;;614.1687;;;23-Jan-2026
120822;quant Multi Cap Fund-IDCW Option - Direct Plan;INF966L01598;INF966L01606;71.127;;;23-Jan-2026
100630;quant Multi Cap Fund-IDCW Option - Regular Plan;INF966L01218;INF966L01226;64.0702;;;23-Jan-2026

Samco Mutual Fund
152847;Samco Multi Cap Fund - Direct Plan - Growth;INF0K1H01198;;8.58;;;23-Jan-2026
152848;Samco Multi Cap Fund - Regular Plan - Growth;INF0K1H01206;;8.41;;;23-Jan-2026

SBI Mutual Fund
149887;SBI Multicap Fund- Direct Plan - Income Distribution cum Capital Withdrawal Option (IDCW);INF200KA19E0;INF200KA10F6;16.7461;;;23-Jan-2026
149882;SBI Multicap Fund- Direct Plan- Growth option;INF200KA18E2;;16.7460;;;23-Jan-2026
149886;SBI Multicap Fund- Regular Plan- Growth Option;INF200KA15E8;;16.1590;;;23-Jan-2026
149883;SBI Multicap Fund- Regular Plan- Income Distribution cum Capital Withdrawal Option (IDCW);INF200KA16E6;INF200KA17E4;16.1616;;;23-Jan-2026

Trust Mutual Fund
153644;TRUSTMF MULTI CAP FUND -DIRECT PLAN-GROWTH;INF0GCD01834;;9.98;;;23-Jan-2026
153645;TRUSTMF MULTI CAP FUND -REGULAR PLAN-GROWTH;INF0GCD01842;;9.89;;;23-Jan-2026

Union Mutual Fund
150858;Union Multicap Fund - Direct Plan - Growth Option;INF582M01IO7;;16.00;;;23-Jan-2026
150857;Union Multicap Fund - Direct Plan - IDCW Option;INF582M01IP4;INF582M01IQ2;16.00;;;23-Jan-2026
150855;Union Multicap Fund - Regular Plan - Growth Option;INF582M01IS8;;15.37;;;23-Jan-2026
150856;Union Multicap Fund - Regular Plan - IDCW Option;INF582M01IT6;INF582M01IU4;15.37;;;23-Jan-2026

WhiteOak Capital Mutual Fund
152071;WhiteOak Capital Multi Cap Fund Direct Plan Growth;INF03VN01803;;15.245;;;23-Jan-2026
152072;WhiteOak Capital Multi Cap Fund Regular Plan Growth;INF03VN01795;;14.685;;;23-Jan-2026

Open Ended Schemes ( Equity Scheme - Large Cap Fund )


Bajaj Finserv Mutual Fund
152783;BAJAJ FINSERV LARGE CAP FUND - DIRECT PLAN - GROWTH;INF0QA701896;;10.252;;;23-Jan-2026
152781;BAJAJ FINSERV LARGE CAP FUND - DIRECT PLAN - IDCW;INF0QA701904;INF0QA701912;10.252;;;23-Jan-2026
152780;BAJAJ FINSERV LARGE CAP FUND - REGULAR PLAN - GROWTH;INF0QA701862;;10.036;;;23-Jan-2026
152782;BAJAJ FINSERV LARGE CAP FUND - REGULAR PLAN - IDCW;INF0QA701870;INF0QA701888;10.036;;;23-Jan-2026

Bank of India Mutual Fund
148980;BANK OF INDIA Large Cap Fund Direct Plan Growth;INF761K01FL3;;17.13;;;23-Jan-2026
148981;BANK OF INDIA Large Cap Fund Direct Plan IDCW;INF761K01FK5;INF761K01FM1;17.10;;;23-Jan-2026
148982;BANK OF INDIA Large Cap Fund Regular Plan Growth;INF761K01FO7;;16.15;;;23-Jan-2026
148983;BANK OF INDIA Large Cap Fund Regular Plan IDCW;INF761K01FN9;INF761K01FP4;16.15;;;23-Jan-2026

Baroda BNP Paribas Mutual Fund
150187;BARODA BNP PARIBAS LARGE CAP Fund - Direct Plan - Growth Option;INF251K01HN7;;252.3110;;;23-Jan-2026
150188;BARODA BNP PARIBAS LARGE CAP Fund - Direct Plan - IDCW Option;INF251K01HL1;INF251K01HM9;28.0188;;;23-Jan-2026
150186;BARODA BNP PARIBAS LARGE CAP Fund - Regular Plan - IDCW Option;INF251K01910;INF251K01902;23.1774;;;23-Jan-2026
150185;BARODA BNP PARIBAS LARGE CAP Fund- Regular Plan - Growth Option;INF251K01894;;217.3941;;;23-Jan-2026

DSP Mutual Fund
119250;DSP Large Cap Fund - Direct Plan - Growth;INF740K01PR3;;513.634;;;23-Jan-2026
119249;DSP Large Cap Fund - Direct Plan - IDCW;INF740K01PS1;INF740K01PT9;30.005;;;23-Jan-2026
101635;DSP Large Cap Fund - Regular Plan - Growth;INF740K01243;;467.627;;;23-Jan-2026
101636;DSP Large Cap Fund - Regular Plan - IDCW;INF740K01227;INF740K01235;25.969;;;23-Jan-2026

Groww Mutual Fund
119133;Groww Largecap Fund (formerly known as Indiabulls Blue Chip Fund) - Direct Plan - Growth Option;INF666M01600;;51.23;;;23-Jan-2026
116547;Groww Largecap Fund (formerly known as Indiabulls Blue Chip Fund) - Regular Plan- Growth Option;INF666M01162;;42.43;;;23-Jan-2026
119134;Groww Largecap Fund (formerly known as Indiabulls Bluechip Fund)- Direct Plan- - Income Distribution cum capital withdrawal Option (Payout & Reinvestment);INF666M01626;INF666M01618;29.68;;;23-Jan-2026
140814;Groww Largecap Fund (formerly known as Indiabulls Bluechip Fund)- Direct Plan- Half Yearly -Income Distribution cum capital withdrawal Option (Payout & Reinvestment);INF666M01CQ6;INF666M01CR4;28.8;;;23-Jan-2026
140809;Groww Largecap Fund (formerly known as Indiabulls Bluechip Fund)- Direct Plan- Monthly - Income Distribution cum capital withdrawal Option (Payout & Reinvestment);INF666M01CM5;INF666M01CN3;22.88;;;23-Jan-2026
140811;Groww Largecap Fund (formerly known as Indiabulls Bluechip Fund)- Direct Plan- Quarterly - Income Distribution cum capital withdrawal Option (Payout & Reinvestment);INF666M01CO1;INF666M01CP8;28.58;;;23-Jan-2026
116548;Groww Largecap Fund (formerly known as Indiabulls Bluechip Fund)- Regular Plan- - Income Distribution cum capital withdrawal Option (Payout & Reinvestment);INF666M01188;INF666M01170;23.91;;;23-Jan-2026
140813;Groww Largecap Fund (formerly known as Indiabulls Bluechip Fund)- Regular Plan- Half Yearly - Income Distribution cum capital withdrawal Option (Payout & Reinvestment);INF666M01CW4;INF666M01CX2;25.48;;;23-Jan-2026
140810;Groww Largecap Fund (formerly known as Indiabulls Bluechip Fund)- Regular Plan- Monthly - Income Distribution cum capital withdrawal Option (Payout & Reinvestment);INF666M01CS2;INF666M01CT0;24.44;;;23-Jan-2026
140812;Groww Largecap Fund (formerly known as Indiabulls Bluechip Fund)- Regular Plan- Quarterly - Income Distribution cum capital withdrawal Option (Payout & Reinvestment);INF666M01CU8;INF666M01CV6;25.33;;;23-Jan-2026

ICICI Prudential Mutual Fund
120585;ICICI Prudential Large Cap Fund (erstwhile Bluechip Fund)  - Direct Plan - IDCW;INF109K014L5;INF109K015L2;61.54;;;23-Jan-2026
108466;ICICI Prudential Large Cap Fund (erstwhile Bluechip Fund)  - Growth;INF109K01BL4;;110.44;;;23-Jan-2026
108465;ICICI Prudential Large Cap Fund (erstwhile Bluechip Fund)  - IDCW;INF109K01EP9;INF109K01BM2;29.78;;;23-Jan-2026
120586;ICICI Prudential Large Cap Fund (erstwhile Bluechip Fund) - Direct Plan - Growth;INF109K016L0;;121.64;;;23-Jan-2026

Invesco Mutual Fund
120392;Invesco India Largecap Fund - Direct Plan - Growth;INF205K01LB0;;82.14;;;23-Jan-2026
120393;Invesco India Largecap Fund - Direct Plan - IDCW (Payout / Reinvestment);INF205K01KZ1;INF205K01LA2;36.39;;;23-Jan-2026
112098;Invesco India Largecap Fund - Regular Plan - Growth;INF205K01304;;68;;;23-Jan-2026
112099;Invesco India Largecap Fund - Regular Plan - IDCW (Payout / Reinvestment);INF205K01320;INF205K01312;28.24;;;23-Jan-2026

ITI Mutual Fund
148353;ITI Large Cap Fund - Direct Plan - Growth Option;INF00XX01804;;18.9957;;;23-Jan-2026
148352;ITI Large Cap Fund - Direct Plan - IDCW Option;INF00XX01812;INF00XX01820;18.9957;;;23-Jan-2026
148351;ITI Large Cap Fund - Regular Plan - Growth Option;INF00XX01770;;17.1337;;;23-Jan-2026
148354;ITI Large Cap Fund - Regular Plan - IDCW Option;INF00XX01788;INF00XX01796;17.1337;;;23-Jan-2026

JM Financial Mutual Fund
134958;JM Large Cap Fund (Direct) - Annual IDCW;INF192K01JU4;INF192K01JV2;71.9431;;;23-Jan-2026
120490;JM Large Cap Fund (Direct) - Growth Option;INF192K01BZ0;;174.654;;;23-Jan-2026
134957;JM Large Cap Fund (Direct) - Half Yearly IDCW ;INF192K01JR0;INF192K01JZ3;71.4403;;;23-Jan-2026
120489;JM Large Cap Fund (Direct) - IDCW;INF192K01BX5;INF192K01BY3;70.1215;;;23-Jan-2026
134956;JM Large Cap Fund (Direct) - Monthly IDCW ;INF192K01JJ7;INF192K01JK5;71.2912;;;23-Jan-2026
134960;JM Large Cap Fund (Direct) - Quarterly IDCW;INF192K01JN9;INF192K01JO7;71.956;;;23-Jan-2026
134961;JM Large Cap Fund (Regular) - Annual IDCW;INF192K01JS8;INF192K01JT6;30.224;;;23-Jan-2026
100219;JM Large Cap Fund (Regular) - Growth Option;INF192K01601;;151.406;;;23-Jan-2026
134955;JM Large Cap Fund (Regular) - Half Yearly IDCW;INF192K01JP4;INF192K01JQ2;24.8202;;;23-Jan-2026
100218;JM Large Cap Fund (Regular) - IDCW ;INF192K01585;INF192K01593;29.3915;;;23-Jan-2026
134959;JM Large Cap Fund (Regular) - Monthly IDCW;INF192K01JH1;INF192K01JI9;23.5256;;;23-Jan-2026
134954;JM Large Cap Fund (Regular) - Quarterly IDCW;INF192K01JL3;INF192K01JM1;34.1682;;;23-Jan-2026

LIC Mutual Fund
120267;LIC MF Large Cap Fund-Direct Plan-Growth;INF767K01EJ7;;62.2712;;;23-Jan-2026
120268;LIC MF Large Cap Fund-Direct Plan-IDCW;INF767K01EI9;INF767K01EK5;39.2137;;;23-Jan-2026
106871;LIC MF Large Cap Fund-Regular Plan-Growth;INF767K01105;;54.4706;;;23-Jan-2026
100332;LIC MF Large Cap Fund-Regular Plan-IDCW;INF767K01097;INF767K01089;32.8969;;;23-Jan-2026

Mahindra Manulife Mutual Fund
146550;Mahindra Manulife Large Cap Fund - Direct Plan - IDCW;INF174V01747;INF174V01739;19.7379;;;23-Jan-2026
146549;Mahindra Manulife Large Cap Fund - Direct Plan -Growth;INF174V01721;;26.0753;;;23-Jan-2026
146551;Mahindra Manulife Large Cap Fund - Regular Plan - Growth;INF174V01697;;23.0429;;;23-Jan-2026
146548;Mahindra Manulife Large Cap Fund - Regular Plan - IDCW;INF174V01713;INF174V01705;16.9457;;;23-Jan-2026

Mirae Asset Mutual Fund
118825;Mirae Asset Large Cap Fund - Direct Plan - Growth;INF769K01AX2;;127.232;;;23-Jan-2026
107578;Mirae Asset Large Cap Fund - Growth Plan;INF769K01010;;112.309;;;23-Jan-2026
118826;Mirae Asset Large Cap Fund Direct IDCW;INF769K01AY0;INF769K01AZ7;72.014;;;23-Jan-2026
107579;Mirae Asset Large Cap Fund Regular IDCW;INF769K01036;INF769K01028;31.199;;;23-Jan-2026

PGIM India Mutual Fund
138313;PGIM India Large Cap Fund - Direct Plan - Dividend;INF663L01GS2;INF663L01GT0;27.41;;;23-Jan-2026
138312;PGIM India Large Cap Fund - Direct Plan - Growth;INF663L01GR4;;398.14;;;23-Jan-2026
138307;PGIM India Large Cap Fund - Dividend;INF663L01GU8;INF663L01GV6;19.04;;;23-Jan-2026
138308;PGIM India Large Cap Fund - Growth;INF663L01GW4;;332.94;;;23-Jan-2026

quant Mutual Fund
150440;quant Large Cap Fund - Growth Option - Direct Plan;INF966L01AT0;;14.9769;;;23-Jan-2026
150441;quant Large Cap Fund - Growth Option - Regular Plan;INF966L01AW4;;14.1785;;;23-Jan-2026
150439;quant Large Cap Fund - IDCW Option - Direct Plan;INF966L01AU8;INF966L01AV6;15.0392;;;23-Jan-2026
150442;quant Large Cap Fund - IDCW Option - Regular Plan;INF966L01AX2;INF966L01AY0;14.0977;;;23-Jan-2026

Samco Mutual Fund
153239;Samco Large Cap Fund - Direct Plan - Growth Option;INF0K1H01255;;9.37;;;23-Jan-2026
153238;Samco Large Cap Fund - Regular Plan - Growth Option;INF0K1H01263;;9.24;;;23-Jan-2026

SBI Mutual Fund
119585;SBI Large Cap Fund - Direct Plan - Income Distribution cum Capital Withdrawal Option (IDCW);INF200K01QV8;INF200K01QW6;67.3437;;;23-Jan-2026
103616;SBI Large Cap Fund - Regular Plan - Income Distribution cum Capital Withdrawal Option (IDCW);INF200K01164;INF200K01172;53.1038;;;23-Jan-2026
119598;SBI Large Cap FUND-DIRECT PLAN -GROWTH;INF200K01QX4;;103.7662;;;23-Jan-2026
103504;SBI Large Cap FUND-REGULAR PLAN GROWTH;INF200K01180;;93.3473;;;23-Jan-2026

Taurus Mutual Fund
118870;Taurus Large Cap Fund - Direct Plan - Growth;INF044D01BX3;;162.48;;;23-Jan-2026
118871;Taurus Large Cap Fund - Direct Plan - Payout of Income Distribution cum Capital Withdrawal option;INF044D01BY1;INF044D01BZ8;71.57;;;23-Jan-2026
101209;Taurus Large Cap Fund - Regular Plan - Growth;INF044D01773;;153.44;;;23-Jan-2026
108403;Taurus Large Cap Fund - Regular Plan - Payout of Income Distribution cum Capital Withdrawal option;INF044D01740;INF044D01757;67.22;;;23-Jan-2026

Union Mutual Fund
141248;Union Largecap Fund - Direct Plan - Growth Option;INF582M01CU7;;24.50;;;23-Jan-2026
141249;Union Largecap Fund - Direct Plan - IDCW Option;INF582M01CV5;INF582M01CW3;24.50;;;23-Jan-2026
141247;Union Largecap Fund - Regular Plan - Growth Option;INF582M01CQ5;;22.96;;;23-Jan-2026
141250;Union Largecap Fund - Regular Plan - IDCW Option;INF582M01CR3;INF582M01CS1;22.96;;;23-Jan-2026

WhiteOak Capital Mutual Fund
150797;WhiteOak Capital Large Cap Fund Direct Plan Growth;INF03VN01696;;15.741;;;23-Jan-2026
150798;WhiteOak Capital Large Cap Fund Direct Plan IDCW;INF03VN01704;INF03VN01712;15.741;;;23-Jan-2026
150799;WhiteOak Capital Large Cap Fund Regular Plan Growth;INF03VN01662;;14.935;;;23-Jan-2026
150800;WhiteOak Capital Large Cap Fund Regular Plan IDCW;INF03VN01670;INF03VN01688;14.935;;;23-Jan-2026

Open Ended Schemes ( Equity Scheme - Large & Mid Cap Fund )


Bajaj Finserv Mutual Fund
152408;Bajaj Finserv Large and Mid Cap Fund- Direct Plan- Growth;INF0QA701763;;12.272;;;23-Jan-2026
152405;Bajaj Finserv Large and Mid Cap Fund- Direct Plan- IDCW;INF0QA701771;INF0QA701789;12.272;;;23-Jan-2026
152406;Bajaj Finserv Large and Mid Cap Fund- Regular Plan- Growth;INF0QA701730;;11.933;;;23-Jan-2026
152407;Bajaj Finserv Large and Mid Cap Fund- Regular Plan- IDCW;INF0QA701748;INF0QA701755;11.933;;;23-Jan-2026

Bank of India Mutual Fund
119349;BANK OF INDIA Large & Mid Cap Fund Direct  Plan- Quarterly IDCW;INF761K01678;INF761K01660;28.11;;;23-Jan-2026
119300;BANK OF INDIA Large & Mid Cap Fund Direct Plan- Bonus;INF761K01629;;52.27;;;23-Jan-2026
119350;BANK OF INDIA Large & Mid Cap Fund Direct Plan-Growth;INF761K01652;;101.22;;;23-Jan-2026
119346;BANK OF INDIA Large & Mid Cap Fund Direct Plan-Regular IDCW;INF761K01645;INF761K01637;27.69;;;23-Jan-2026
110599;BANK OF INDIA Large & Mid Cap Fund Eco Plan- Growth;INF761K01041;;96.57;;;23-Jan-2026
110601;BANK OF INDIA Large & Mid Cap Fund Eco Plan-Bonus;INF761K01017;;96.57;;;23-Jan-2026
110604;BANK OF INDIA Large & Mid Cap Fund Eco Plan-Quarterly IDCW;INF761K01058;INF761K01066;27.24;;;23-Jan-2026
110608;BANK OF INDIA Large & Mid Cap Fund Eco Plan-Regular IDCW;INF761K01025;INF761K01033;27.04;;;23-Jan-2026
110603;BANK OF INDIA Large & Mid Cap Fund Regular Plan- Growth;INF761K01108;;87.51;;;23-Jan-2026
110598;BANK OF INDIA Large & Mid Cap Fund Regular Plan- Quarterly IDCW;INF761K01116;INF761K01124;31.87;;;23-Jan-2026
110607;BANK OF INDIA Large & Mid Cap Fund Regular Plan- Regular IDCW;INF761K01082;INF761K01090;26.12;;;23-Jan-2026
110606;BANK OF INDIA Large & Mid Cap Fund Regular Plan-Bonus;INF761K01074;;87.50;;;23-Jan-2026

Baroda BNP Paribas Mutual Fund
148474;Baroda BNP Paribas Large and Mid Cap Fund- Direct Plan -Growth Option;INF955L01JU2;;28.6283;;;23-Jan-2026
148475;Baroda BNP Paribas Large and Mid Cap Fund-Direct Plan-IDCW Option;INF955L01JV0;INF955L01JW8;21.9394;;;23-Jan-2026
148471;Baroda BNP Paribas Large and Mid Cap Fund-Regular Plan-Growth Option;INF955L01JR8;;26.4719;;;23-Jan-2026
148472;Baroda BNP Paribas Large and Mid Cap Fund-Regular plan-IDCW Option;INF955L01JS6;INF955L01JT4;19.0842;;;23-Jan-2026

DSP Mutual Fund
119218;DSP Large & Mid Cap Fund - Direct Plan - Growth;INF740K01PL6;;697.944;;;23-Jan-2026
119219;DSP Large & Mid Cap Fund - Direct Plan - IDCW;INF740K01PM4;INF740K01PN2;113.204;;;23-Jan-2026
103819;DSP Large & Mid Cap Fund - Regular Plan - Growth;INF740K01094;;621.36;;;23-Jan-2026
103820;DSP Large & Mid Cap Fund - Regular Plan - IDCW;INF740K01078;INF740K01086;39.498;;;23-Jan-2026

Franklin Templeton Mutual Fund
118510;Franklin India Large & Mid Cap Fund - Direct - Growth;INF090I01IN1;;204.9351;;;23-Jan-2026
118509;Franklin India Large & Mid cap Fund - Direct - IDCW;INF090I01IL5;INF090I01IM3;24.3152;;;23-Jan-2026
102883;Franklin India Large & Mid Cap Fund - Growth Plan;INF090I01205;;185.8599;;;23-Jan-2026
102884;Franklin India Large & Mid Cap Fund - IDCW;INF090I01189;INF090I01197;21.2067;;;23-Jan-2026

Helios Mutual Fund
152941;Helios Large & Mid Cap Fund - Direct Plan - Growth Option;INF0R8701269;;10.56;;;23-Jan-2026
152942;Helios Large & Mid Cap Fund - Direct Plan - IDCW Option;INF0R8701277;INF0R8701285;10.56;;;23-Jan-2026
152943;Helios Large & Mid Cap Fund - Regular Plan - Growth Option;INF0R8701236;;10.35;;;23-Jan-2026
152944;Helios Large & Mid Cap Fund - Regular Plan - IDCW Option;INF0R8701244;INF0R8701251;10.35;;;23-Jan-2026

ICICI Prudential Mutual Fund
120596;ICICI Prudential Large & Mid Cap Fund - Direct Plan - Growth;INF109K011O5;;1127.36;;;23-Jan-2026
120597;ICICI Prudential Large & Mid Cap Fund - Direct Plan - IDCW;INF109K019N0;INF109K010O7;52.67;;;23-Jan-2026
100349;ICICI Prudential Large & Mid Cap Fund - Growth;INF109K01431;;1004.57;;;23-Jan-2026
100348;ICICI Prudential Large & Mid Cap Fund - IDCW;INF109K01EQ7;INF109K01449;29.48;;;23-Jan-2026

Invesco Mutual Fund
120357;Invesco India Large & Mid Cap Fund - Direct Plan - Growth;INF205K01MA0;;111.47;;;23-Jan-2026
120356;Invesco India Large & Mid Cap Fund - Direct Plan - IDCW (Payout / Reinvestment);INF205K01LY2;INF205K01LZ9;51.68;;;23-Jan-2026
106144;Invesco India Large & Mid Cap Fund - Regular Plan - Growth;INF205K01247;;93.62;;;23-Jan-2026
106143;Invesco India Large & Mid Cap Fund - Regular Plan - IDCW (Payout / Reinvestment);INF205K01262;INF205K01254;42.08;;;23-Jan-2026

ITI Mutual Fund
152821;ITI Large & Midcap Fund - Direct Plan - Growth;INF00XX01DA4;;9.1834;;;23-Jan-2026
152823;ITI Large & Midcap Fund - Direct Plan - IDCW Option;INF00XX01DB2;INF00XX01DC0;9.1834;;;23-Jan-2026
152824;ITI Large & Midcap Fund - Regular Plan - Growth;INF00XX01CX8;;8.9723;;;23-Jan-2026
152822;ITI Large & Midcap Fund - Regular Plan - IDCW Option;INF00XX01CY6;INF00XX01CZ3;8.9723;;;23-Jan-2026

JM Financial Mutual Fund
153629;JM Large & Mid Cap Fund (Direct) - Growth Option;INF192K01NK7;;9.9391;;;23-Jan-2026
153630;JM Large & Mid Cap Fund (Direct) - IDCW;INF192K01NP6;INF192K01NL5;9.9391;;;23-Jan-2026
153627;JM Large & Mid Cap Fund (Regular) - Growth Option;INF192K01NM3;;9.8523;;;23-Jan-2026
153628;JM Large & Mid Cap Fund (Regular) - IDCW;INF192K01NO9;INF192K01NN1;9.8523;;;23-Jan-2026

LIC Mutual Fund
133710;LIC MF Large & Mid Cap Fund-Direct Plan-Growth;INF767K01NE9;;42.4911;;;23-Jan-2026
133709;LIC MF Large & Mid Cap Fund-Direct Plan-IDCW;INF767K01ND1;INF767K01NF6;33.7124;;;23-Jan-2026
133711;LIC MF Large & Mid Cap Fund-Regular Plan-Growth;INF767K01NB5;;36.6756;;;23-Jan-2026
133712;LIC MF Large & Mid Cap Fund-Regular Plan-IDCW;INF767K01NA7;INF767K01NC3;29.6945;;;23-Jan-2026

Mahindra Manulife Mutual Fund
147841;Mahindra Manulife Large & Mid Cap Fund - Direct Plan - IDCW;INF174V01960;INF174V01952;22.7671;;;23-Jan-2026
147840;Mahindra Manulife Large & Mid Cap Fund - Direct Plan -Growth;INF174V01945;;29.3025;;;23-Jan-2026
147843;Mahindra Manulife Large & Mid Cap Fund - Regular Plan - Growth;INF174V01911;;26.3914;;;23-Jan-2026
147842;Mahindra Manulife Large & Mid Cap Fund - Regular Plan - IDCW;INF174V01937;INF174V01929;20.1246;;;23-Jan-2026

Mirae Asset Mutual Fund
118834;Mirae Asset Large & Midcap Fund - Direct Plan - Growth;INF769K01BI1;;169.021;;;23-Jan-2026
118835;Mirae Asset Large & Midcap Fund - Direct Plan - IDCW;INF769K01BJ9;INF769K01BK7;79.257;;;23-Jan-2026
112932;Mirae Asset Large & Midcap Fund - Regular Plan - Growth;INF769K01101;;149.473;;;23-Jan-2026
112931;Mirae Asset Large & Midcap Fund - Regular Plan - IDCW;INF769K01127;INF769K01119;45.974;;;23-Jan-2026

Navi Mutual Fund
141414;Navi Large & Midcap Fund - Direct Annual IDCW Payout;INF959L01CR5;INF959L01CS3;40.3093;;;23-Jan-2026
141415;Navi Large & Midcap Fund - Direct Half Yearly IDCW Payout;INF959L01CP9;INF959L01CQ7;40.3447;;;23-Jan-2026
135679;Navi Large & Midcap Fund - Direct Normal IDCW Payout;INF959L01CI4;INF959L01CJ2;40.4478;;;23-Jan-2026
141411;Navi Large & Midcap Fund - Regular Annual IDCW payout;INF959L01CV7;INF959L01CW5;34.8937;;;23-Jan-2026
141410;NAVI Large & Midcap Fund - Regular Half Yearly IDCW Payout;INF959L01CT1;INF959L01CU9;33.9353;;;23-Jan-2026
135680;Navi Large & Midcap Fund - Regular Normal IDCW Payout;INF959L01CL8;INF959L01CM6;33.9228;;;23-Jan-2026
135677;Navi Large & Midcap Fund- Direct Plan- Growth Option;INF959L01CH6;;40.9408;;;23-Jan-2026
135678;Navi Large & Midcap Fund- Regular Plan- Growth Option;INF959L01CK0;;33.9269;;;23-Jan-2026

PGIM India Mutual Fund
152382;PGIM India Large and Midcap Fund - Direct Plan - Growth Option;INF663L01Y12;;12.3;;;23-Jan-2026
152384;PGIM India Large and Midcap Fund - Direct Plan - IDCW option;INF663L01Y20;INF663L01Y38;11.73;;;23-Jan-2026
152383;PGIM India Large and Midcap Fund - Regular Plan - Growth Option;INF663L01X88;;11.89;;;23-Jan-2026
152385;PGIM India Large and Midcap Fund - Regular Plan - IDCW Option;INF663L01X96;INF663L01Y04;11.61;;;23-Jan-2026

quant Mutual Fund
104515;quant Large & Mid Cap Fund - Bonus Option - Regular Plan;INF966L01424;;104.3377;;;23-Jan-2026
120824;quant Large & Mid Cap Fund - Bonus Option-Direct Plan;INF966L01655;;104.3377;;;23-Jan-2026
104513;quant Large & Mid Cap Fund - Growth Option;INF966L01341;;104.1156;;;23-Jan-2026
120826;quant Large & Mid Cap Fund - Growth Option-Direct Plan;INF966L01648;;114.7078;;;23-Jan-2026
120825;quant Large & Mid Cap Fund - IDCW Option - Direct Plan;INF966L01622;INF966L01630;53.4111;;;23-Jan-2026
104514;quant Large & Mid Cap Fund - IDCW Option - Regular Plan;INF966L01325;INF966L01333;63.552;;;23-Jan-2026

Samco Mutual Fund
153534;Samco Large & Mid Cap Fund - Direct Plan - Growth Option;INF0K1H01271;;9.05;;;23-Jan-2026
153533;Samco Large & Mid Cap Fund - Regular Plan - Growth Option;INF0K1H01289;;8.97;;;23-Jan-2026

Union Mutual Fund
147750;Union Large & Midcap Fund - Direct Plan - Growth Option;INF582M01GA0;;26.80;;;23-Jan-2026
147751;Union Large & Midcap Fund - Direct Plan - IDCW Option;INF582M01GC6;INF582M01GB8;26.80;;;23-Jan-2026
147748;Union Large & Midcap Fund - Regular Plan - Growth Option;INF582M01GD4;;24.85;;;23-Jan-2026
147749;Union Large & Midcap Fund - Regular Plan - IDCW Option;INF582M01GG7;INF582M01GF9;24.85;;;23-Jan-2026

WhiteOak Capital Mutual Fund
152226;Whiteoak Capital Large & Mid Cap Fund Direct Plan Growth;INF03VN01845;;13.527;;;23-Jan-2026
152225;Whiteoak Capital Large & Mid Cap Fund Regular Plan Growth;INF03VN01837;;13.079;;;23-Jan-2026

Open Ended Schemes ( Equity Scheme - Mid Cap Fund )


Bank of India Mutual Fund
153728;Bank of India Mid Cap Fund - Direct Plan Growth;INF761K01GY4;;9.27;;;23-Jan-2026
153729;Bank of India Mid Cap Fund - Direct Plan IDCW;INF761K01GZ1;INF761K01HA2;9.28;;;23-Jan-2026
153726;Bank of India Mid Cap Fund - Regular Plan Growth;INF761K01HB0;;9.23;;;23-Jan-2026
153727;Bank of India Mid Cap Fund - Regular Plan IDCW;INF761K01HC8;INF761K01HD6;9.23;;;23-Jan-2026

Baroda BNP Paribas Mutual Fund
150212;BARODA BNP PARIBAS Mid Cap Fund - Direct Plan - Growth Option;INF251K01HQ0;;120.2839;;;23-Jan-2026
150211;BARODA BNP PARIBAS Mid Cap Fund - Direct Plan - IDCW Option;INF251K01HO5;INF251K01HP2;72.6150;;;23-Jan-2026
150209;BARODA BNP PARIBAS Mid Cap Fund - Regular Plan - Growth Option;INF251K01AW3;;100.3098;;;23-Jan-2026
150210;BARODA BNP PARIBAS Mid Cap Fund - Regular Plan - IDCW Option;INF251K01AX1;INF251K01AY9;57.0198;;;23-Jan-2026

DSP Mutual Fund
119071;DSP Midcap Fund - Direct Plan - Growth;INF740K01PX1;;159.019;;;23-Jan-2026
119070;DSP Midcap Fund - Direct Plan - IDCW;INF740K01PY9;INF740K01PZ6;69.012;;;23-Jan-2026
104481;DSP Midcap Fund - Regular Plan - Growth;INF740K01128;;142.318;;;23-Jan-2026
104482;DSP Midcap Fund - Regular Plan - IDCW;INF740K01102;INF740K01110;29.485;;;23-Jan-2026

Franklin Templeton Mutual Fund
118533;Franklin India Mid Cap Fund - Direct - Growth;INF090I01FH9;;2976.5388;;;23-Jan-2026
118532;Franklin India Mid Cap Fund - Direct - IDCW;INF090I01FI7;INF090I01FJ5;108.1175;;;23-Jan-2026
100472;Franklin India Mid Cap Fund - IDCW;INF090I01726;INF090I01734;89.5243;;;23-Jan-2026
100473;Franklin India Mid Cap Fund-Growth;INF090I01809;;2636.8787;;;23-Jan-2026

Helios Mutual Fund
153326;Helios Mid Cap Fund - Direct Plan - Growth Option;INF0R8701327;;11.85;;;23-Jan-2026
153324;Helios Mid Cap Fund - Direct Plan - IDCW Option;INF0R8701335;INF0R8701343;11.85;;;23-Jan-2026
153327;Helios Mid Cap Fund - Regular Plan - Growth Plan;INF0R8701293;;11.69;;;23-Jan-2026
153325;Helios Mid Cap Fund - Regular Plan - IDCW Option;INF0R8701301;INF0R8701319;11.69;;;23-Jan-2026

ICICI Prudential Mutual Fund
120381;ICICI Prudential MidCap Fund - Direct Plan -  Growth;INF109K011N7;;335.05;;;23-Jan-2026
120380;ICICI Prudential MidCap Fund - Direct Plan -  IDCW;INF109K019M2;INF109K010N9;62.07;;;23-Jan-2026
102528;ICICI Prudential MidCap Fund - Growth;INF109K01AN2;;297.77;;;23-Jan-2026
102529;ICICI Prudential MidCap Fund - IDCW;INF109K01EH6;INF109K01AL6;38.59;;;23-Jan-2026

Invesco Mutual Fund
120403;Invesco India Midcap Fund - Direct Plan - Growth Option;INF205K01MV6;;205.56;;;23-Jan-2026
120402;Invesco India Midcap Fund - Direct Plan - IDCW (Payout / Reinvestment);INF205K01MT0;INF205K01MU8;77.04;;;23-Jan-2026
105503;Invesco India Midcap Fund - Regular Plan - Growth Option;INF205K01BC9;;169.99;;;23-Jan-2026
105504;Invesco India Midcap Fund - Regular Plan - IDCW (Payout / Reinvestment);INF205K01BD7;INF205K01BE5;58.27;;;23-Jan-2026

ITI Mutual Fund
148733;ITI Mid Cap Fund - Direct Plan - Growth Option;INF00XX01929;;23.1494;;;23-Jan-2026
148731;ITI Mid Cap Fund - Direct Plan - IDCW Option;INF00XX01937;INF00XX01945;22.1835;;;23-Jan-2026
148732;ITI Mid Cap Fund - Regular Plan - Growth Option;INF00XX01895;;21.0200;;;23-Jan-2026
148734;ITI Mid Cap Fund - Regular Plan - IDCW Option;INF00XX01903;INF00XX01911;20.0848;;;23-Jan-2026

JM Financial Mutual Fund
150815;JM Midcap Fund (Direct) - Growth;INF192K01MV6;;18.6544;;;23-Jan-2026
150814;JM Midcap Fund (Direct) - IDCW;INF192K01MW4;INF192K01MX2;18.6544;;;23-Jan-2026
150812;JM Midcap Fund (Regular) - Growth;INF192K01MS2;;17.6405;;;23-Jan-2026
150813;JM Midcap Fund (Regular) - IDCW;INF192K01MT0;INF192K01MU8;17.6405;;;23-Jan-2026

LIC Mutual Fund
152002;LIC MF Mid Cap Fund-Direct Plan-Growth;INF397L01JK8;;30.4847;;;23-Jan-2026
151999;LIC MF Mid Cap Fund-Direct Plan-IDCW;INF397L01JH4;INF397L01JI2;28.6411;;;23-Jan-2026
152001;LIC MF Mid Cap Fund-Regular Plan-Growth;INF397L01JO0;;27.1154;;;23-Jan-2026
152000;LIC MF Mid Cap Fund-Regular Plan-IDCW;INF397L01JL6;INF397L01JM4;25.4483;;;23-Jan-2026

Mahindra Manulife Mutual Fund
142108;Mahindra Manulife Mid Cap Fund - Direct Plan - IDCW;INF174V01523;INF174V01515;29.5321;;;23-Jan-2026
142110;Mahindra Manulife Mid Cap Fund - Direct Plan -Growth;INF174V01507;;36.9705;;;23-Jan-2026
142109;Mahindra Manulife Mid Cap Fund - Regular Plan - Growth;INF174V01473;;32.4341;;;23-Jan-2026
142107;Mahindra Manulife Mid Cap Fund- Regular Plan - IDCW;INF174V01499;INF174V01481;25.2961;;;23-Jan-2026

Mirae Asset Mutual Fund
147479;Mirae Asset Midcap Fund - Regular Plan-Growth Option;INF769K01EY2;;35.877;;;23-Jan-2026
147478;Mirae Asset Midcap Fund Direct IDCW;INF769K01EZ9;INF769K01FC5;25.645;;;23-Jan-2026
147480;Mirae Asset Midcap Fund Regular IDCW;INF769K01EX4;INF769K01FB7;23.430;;;23-Jan-2026
147445;Mirae Asset Midcap Fund- Direct Growth Option;INF769K01FA9;;39.023;;;23-Jan-2026

PGIM India Mutual Fund
125301;PGIM India Midcap Fund - Direct Plan - Dividend Option - Payout;INF663L01DW1;INF663L01DX9;58.06;;;23-Jan-2026
125307;PGIM India Midcap Fund - Direct Plan - Growth Option;INF663L01DV3;;70.05;;;23-Jan-2026
125306;PGIM India Midcap Fund - Regular Plan - Dividend Option - Payout;INF663L01EA5;INF663L01EB3;23.54;;;23-Jan-2026
125305;PGIM India Midcap Fund - Regular Plan - Growth Option;INF663L01DZ4;;60.1;;;23-Jan-2026

quant Mutual Fund
120841;quant Mid Cap Fund - Growth Option - Direct Plan;INF966L01887;;214.913;;;23-Jan-2026
101065;quant Mid Cap Fund - Growth Option - Regular Plan;INF966L01176;;190.543;;;23-Jan-2026
120840;quant Mid Cap Fund - IDCW Option - Direct Plan;INF966L01861;INF966L01879;75.4867;;;23-Jan-2026
101066;quant Mid Cap Fund - IDCW Option - Regular Plan;INF966L01150;INF966L01168;67.7387;;;23-Jan-2026

SBI Mutual Fund
119716;SBI MIDCAP FUND - DIRECT PLAN - GROWTH;INF200K01TP4;;251.5163;;;23-Jan-2026
119715;SBI Midcap Fund - Direct Plan - Income Distribution cum Capital Withdrawal Option (IDCW);INF200K01TN9;INF200K01TO7;142.5973;;;23-Jan-2026
102941;SBI MIDCAP FUND - REGULAR PLAN - GROWTH;INF200K01560;;223.4499;;;23-Jan-2026
102942;SBI Midcap Fund - Regular Plan - Income Distribution cum Capital Withdrawal Option (IDCW);INF200K01578;INF200K01586;91.3047;;;23-Jan-2026

Taurus Mutual Fund
118872;Taurus Mid Cap Fund - Direct Plan - Growth;INF044D01CA9;;119.36;;;23-Jan-2026
118873;Taurus Mid Cap Fund - Direct Plan - Payout of Income Distribution cum Capital Withdrawal option;INF044D01CB7;INF044D01CC5;106.03;;;23-Jan-2026
100477;Taurus Mid Cap Fund - Regular Plan - Growth;INF044D01815;;112.82;;;23-Jan-2026
111642;Taurus Mid Cap Fund - Regular Plan - Payout of Income Distribution cum Capital Withdrawal option;INF044D01781;INF044D01799;100.56;;;23-Jan-2026

Union Mutual Fund
148073;Union Midcap Fund - Direct Plan - Growth Option;INF582M01GI3;;49.91;;;23-Jan-2026
148074;Union Midcap Fund - Direct Plan - IDCW Option;INF582M01GK9;INF582M01GJ1;49.91;;;23-Jan-2026
148071;Union Midcap Fund - Regular Plan - Growth Option;INF582M01GM5;;46.05;;;23-Jan-2026
148072;Union Midcap Fund - Regular Plan - IDCW Option;INF582M01GO1;INF582M01GN3;46.05;;;23-Jan-2026

WhiteOak Capital Mutual Fund
150584;WhiteOak Capital Mid Cap Fund Direct Plan Growth;INF03VN01597;;20.065;;;23-Jan-2026
150582;WhiteOak Capital Mid Cap Fund Direct Plan IDCW;INF03VN01605;INF03VN01613;20.065;;;23-Jan-2026
150583;WhiteOak Capital Mid Cap Fund Regular Plan Growth;INF03VN01563;;19.022;;;23-Jan-2026
150585;WhiteOak Capital Mid Cap Fund Regular Plan IDCW;INF03VN01571;INF03VN01589;19.022;;;23-Jan-2026

Open Ended Schemes ( Equity Scheme - Small Cap Fund )


Bajaj Finserv Mutual Fund
153612;BAJAJ FINSERV SMALL CAP FUND - DIRECT - GROWTH;INF0QA701BN2;;9.024;;;23-Jan-2026
153611;BAJAJ FINSERV SMALL CAP FUND - DIRECT - IDCW;INF0QA701BO0;INF0QA701BP7;9.024;;;23-Jan-2026
153609;BAJAJ FINSERV SMALL CAP FUND - REGULAR - GROWTH;INF0QA701BK8;;8.949;;;23-Jan-2026
153610;BAJAJ FINSERV SMALL CAP FUND - REGULAR - IDCW;INF0QA701BL6;INF0QA701BM4;8.949;;;23-Jan-2026

Bank of India Mutual Fund
145678;BANK OF INDIA Small Cap Fund Direct Plan Growth;INF761K01EP7;;46.24;;;23-Jan-2026
145675;BANK OF INDIA Small Cap Fund Direct Plan IDCW;INF761K01EO0;INF761K01ES1;34.63;;;23-Jan-2026
145677;BANK OF INDIA Small Cap Fund Regular Plan Growth;INF761K01ER3;;41.16;;;23-Jan-2026
145676;BANK OF INDIA Small Cap Fund Regular Plan IDCW;INF761K01EQ5;INF761K01ET9;30.01;;;23-Jan-2026

Baroda BNP Paribas Mutual Fund
152128;Baroda BNP Paribas Small Cap Fund - Direct Plan - Growth option;INF251K01SR5;;12.6218;;;23-Jan-2026
152129;Baroda BNP Paribas Small Cap Fund - Direct Plan - IDCW option;INF251K01SS3;INF251K01ST1;12.3167;;;23-Jan-2026
152130;Baroda BNP Paribas Small Cap Fund - Regular Plan - Growth option;INF251K01SO2;;12.2247;;;23-Jan-2026
152131;Baroda BNP Paribas Small Cap Fund - Regular Plan - IDCW option;INF251K01SP9;INF251K01SQ7;11.9123;;;23-Jan-2026

DSP Mutual Fund
119212;DSP Small Cap Fund - Direct Plan - Growth;INF740K01QD1;;201.161;;;23-Jan-2026
119213;DSP Small Cap Fund - Direct Plan - IDCW;INF740K01QE9;INF740K01QF6;59.88;;;23-Jan-2026
105989;DSP Small Cap Fund - Regular - Growth;INF740K01797;;182.223;;;23-Jan-2026
113153;DSP Small Cap Fund - Regular - IDCW;INF740K01805;INF740K01AM6;54.131;;;23-Jan-2026

Franklin Templeton Mutual Fund
118525;Franklin India Small Cap Fund - Direct - Growth;INF090I01IQ4;;174.8725;;;23-Jan-2026
118524;Franklin India Small Cap Fund - Direct - IDCW;INF090I01IO9;INF090I01IP6;50.6333;;;23-Jan-2026
103361;Franklin India Small Cap Fund - IDCW;INF090I01544;INF090I01551;42.7001;;;23-Jan-2026
103360;Franklin India Small Cap Fund-Growth;INF090I01569;;153.8388;;;23-Jan-2026

Helios Mutual Fund
153912;Helios Small Cap Fund - Direct Plan - Growth Option;INF0R8701384;;8.95;;;23-Jan-2026
153910;Helios Small Cap Fund - Direct Plan - IDCW Option;INF0R8701392;INF0R8701400;8.95;;;23-Jan-2026
153909;Helios Small Cap Fund - Regular Plan - Growth Option;INF0R8701350;;8.93;;;23-Jan-2026
153911;Helios Small Cap Fund - Regular Plan - IDCW Option;INF0R8701368;INF0R8701376;8.93;;;23-Jan-2026

ICICI Prudential Mutual Fund
120591;ICICI Prudential Smallcap Fund - Direct Plan - Growth;INF109K015M0;;91.30;;;23-Jan-2026
120870;ICICI Prudential Smallcap Fund - Direct Plan - IDCW;INF109K013M5;INF109K014M3;63.18;;;23-Jan-2026
106823;ICICI Prudential Smallcap Fund - Growth;INF109K01BI0;;80.90;;;23-Jan-2026
106822;ICICI Prudential Smallcap Fund - IDCW;INF109K01FA8;INF109K01BJ8;30.03;;;23-Jan-2026

Invesco Mutual Fund
145137;Invesco India Smallcap Fund - Direct Plan - Growth;INF205K013T3;;43.11;;;23-Jan-2026
145138;Invesco India Smallcap Fund - Direct Plan - IDCW (Payout / Reinvestment);INF205K012T5;INF205K015T8;35.12;;;23-Jan-2026
145139;Invesco India Smallcap Fund - Regular Plan - Growth;INF205K011T7;;38.64;;;23-Jan-2026
145140;Invesco India Smallcap Fund - Regular Plan - IDCW (Payout / Reinvestment);INF205K010T9;INF205K014T1;30.75;;;23-Jan-2026

ITI Mutual Fund
147919;ITI Small Cap Fund - Direct Plan - Growth Option;INF00XX01747;;28.9287;;;23-Jan-2026
147917;ITI Small Cap Fund - Direct Plan - IDCW Option;INF00XX01754;INF00XX01762;27.9900;;;23-Jan-2026
147920;ITI Small Cap Fund - Regular Plan - Growth Option;INF00XX01713;;25.8539;;;23-Jan-2026
147918;ITI Small Cap Fund - Regular Plan - IDCW Option;INF00XX01721;INF00XX01739;24.9422;;;23-Jan-2026

JM Financial Mutual Fund
152614;JM Small Cap Fund (Direct) - Growth Option;INF192K01NH3;;9.0434;;;23-Jan-2026
152615;JM Small Cap Fund (Direct) - IDCW Option;INF192K01NI1;INF192K01NJ9;9.0435;;;23-Jan-2026
152612;JM Small Cap Fund (Regular) - Growth Option;INF192K01NE0;;8.8006;;;23-Jan-2026
152613;JM Small Cap Fund (Regular) - IDCW Option;INF192K01NF7;INF192K01NG5;8.8006;;;23-Jan-2026

LIC Mutual Fund
152004;LIC MF Small Cap Fund-Direct Plan-Growth;INF397L01JS1;;30.0055;;;23-Jan-2026
152005;LIC MF Small Cap Fund-Direct Plan-IDCW;INF397L01JP7;INF397L01JQ5;29.9999;;;23-Jan-2026
152003;LIC MF Small Cap Fund-Regular Plan-Growth;INF397L01JW3;;26.6182;;;23-Jan-2026
152006;LIC MF Small Cap Fund-Regular Plan-IDCW;INF397L01JT9;INF397L01JU7;26.6178;;;23-Jan-2026

Mahindra Manulife Mutual Fund
150915;Mahindra Manulife Small Cap Fund - Direct Plan - Growth;INF174V01BK7;;18.8865;;;23-Jan-2026
150913;Mahindra Manulife Small Cap Fund - Direct Plan - IDCW;INF174V01BL5;INF174V01BM3;18.8865;;;23-Jan-2026
150912;Mahindra Manulife Small Cap Fund - Regular Plan - Growth;INF174V01BH3;;17.9701;;;23-Jan-2026
150914;Mahindra Manulife Small Cap Fund - Regular Plan - IDCW;INF174V01BI1;INF174V01BJ9;17.9701;;;23-Jan-2026

Mirae Asset Mutual Fund
153196;Mirae Asset Small Cap Fund - Direct Plan - Growth;INF769K01NJ4;;11.027;;;23-Jan-2026
153197;Mirae Asset Small Cap Fund - Direct Plan - IDCW;INF769K01NL0;INF769K01NK2;11.027;;;23-Jan-2026
153198;Mirae Asset Small Cap Fund - Regular Plan - Growth;INF769K01NG0;;10.854;;;23-Jan-2026
153199;Mirae Asset Small Cap Fund - Regular Plan - IDCW;INF769K01NI6;INF769K01NH8;10.854;;;23-Jan-2026

PGIM India Mutual Fund
149031;PGIM India Small Cap Fund - Direct Plan - IDCW Option;INF663L01W14;INF663L01W22;13.78;;;23-Jan-2026
149019;PGIM India Small Cap Fund - Direct Plan- Growth Option;INF663L01W06;;16.02;;;23-Jan-2026
149020;PGIM India Small Cap Fund - Regular Plan - Growth Option;INF663L01W30;;14.86;;;23-Jan-2026
149032;PGIM India Small Cap Fund - Regular Plan - IDCW Option;INF663L01W48;INF663L01W55;13.22;;;23-Jan-2026

quant Mutual Fund
100177;quant Small Cap Fund - Growth - Regular Plan;INF966L01AA0;;229.4621;;;23-Jan-2026
120828;quant Small Cap Fund - Growth Option - Direct Plan;INF966L01689;;250.4082;;;23-Jan-2026
120827;quant Small Cap Fund - IDCW Option - Direct Plan;INF966L01663;INF966L01671;195.7428;;;23-Jan-2026
100176;quant Small Cap Fund - IDCW Option - Regular Plan;INF206A01022;INF966L01044;182.4814;;;23-Jan-2026

Quantum Mutual Fund
152107;QUANTUM SMALL CAP FUND - DIRECT PLAN GROWTH OPTION;INF082J01432;;12.42;;;23-Jan-2026
152108;QUANTUM SMALL CAP FUND - REGULAR PLAN GROWTH OPTION;INF082J01440;;12.02;;;23-Jan-2026

Samco Mutual Fund
153868;Samco Small Cap Fund - Direct Plan;INF0K1H01297;;9.30;;;23-Jan-2026
153869;Samco Small Cap Fund - Regular Plan;INF0K1H01305;;9.28;;;23-Jan-2026

SBI Mutual Fund
125497;SBI Small Cap Fund - Direct Plan - Growth;INF200K01T51;;179.8035;;;23-Jan-2026
125496;SBI Small Cap Fund - Direct Plan - Income Distribution cum Capital Withdrawal Option (IDCW);INF200K01T69;INF200K01T77;122.7235;;;23-Jan-2026
125494;SBI Small Cap Fund - Regular Plan - Growth;INF200K01T28;;156.4542;;;23-Jan-2026
125495;SBI Small Cap Fund - Regular Plan - Income Distribution cum Capital Withdrawal Option (IDCW);INF200K01T36;INF200K01T44;92.4306;;;23-Jan-2026

Trust Mutual Fund
152939;TRUSTMF SMALL CAP FUND -DIRECT PLAN-GROWTH;INF0GCD01800;;10.05;;;23-Jan-2026
152937;TRUSTMF SMALL CAP FUND -DIRECT PLAN-IDCW;INF0GCD01826;INF0GCD01818;10.05;;;23-Jan-2026
152938;TRUSTMF SMALL CAP FUND -REGULAR PLAN- IDCW;INF0GCD01792;INF0GCD01784;9.84;;;23-Jan-2026
152940;TRUSTMF SMALL CAP FUND -REGULAR PLAN-GROWTH;INF0GCD01776;;9.84;;;23-Jan-2026

Union Mutual Fund
129649;Union Small Cap Fund - Direct Plan - Growth Option;INF582M01BU9;;50.07;;;23-Jan-2026
129646;Union Small Cap Fund - Direct Plan - IDCW Option;INF582M01BW5;INF582M01BV7;37.48;;;23-Jan-2026
129647;Union Small Cap Fund - Regular Plan - Growth Option;INF582M01BY1;;45.08;;;23-Jan-2026
129648;Union Small Cap Fund - Regular Plan - IDCW Option;INF582M01CA9;INF582M01BZ8;39.15;;;23-Jan-2026

Open Ended Schemes ( Equity Scheme - Dividend Yield Fund )


Baroda BNP Paribas Mutual Fund
152810;Baroda BNP Paribas Dividend Yield Fund - Direct Plan - Growth Option;INF251K01TV5;;9.7045;;;23-Jan-2026
152809;Baroda BNP Paribas Dividend Yield Fund - Direct Plan - IDCW Option;INF251K01TW3;INF251K01TX1;9.7045;;;23-Jan-2026
152807;Baroda BNP Paribas Dividend Yield Fund - Regular Plan - Growth Option;INF251K01TS1;;9.4902;;;23-Jan-2026
152808;Baroda BNP Paribas Dividend Yield Fund - Regular Plan - IDCW Option;INF251K01TT9;INF251K01TU7;9.4902;;;23-Jan-2026

ICICI Prudential Mutual Fund
129312;ICICI Prudential Dividend Yield Equity Fund Direct Plan Growth Option;INF109KA1UA0;;59.54;;;23-Jan-2026
129309;ICICI Prudential Dividend Yield Equity Fund Direct Plan IDCW Option;INF109KA1UB8;INF109KA1UC6;27.33;;;23-Jan-2026
129310;ICICI Prudential Dividend Yield Equity Fund Growth Option;INF109KA1TX4;;53.05;;;23-Jan-2026
129311;ICICI Prudential Dividend Yield Equity Fund IDCW Option;INF109KA1TY2;INF109KA1TZ9;21.12;;;23-Jan-2026

LIC Mutual Fund
152022;LIC MF Dividend Yield Fund-Direct Plan-Growth;INF397L01LC1;;31.7387;;;23-Jan-2026
152021;LIC MF Dividend Yield Fund-Direct Plan-IDCW;INF397L01KZ4;INF397L01LA5;31.7243;;;23-Jan-2026
152019;LIC MF Dividend Yield Fund-Regular Plan-Growth;INF397L01KY7;;29.0207;;;23-Jan-2026
152020;LIC MF Dividend Yield Fund-Regular Plan-IDCW;INF397L01KV3;INF397L01KW1;29.0202;;;23-Jan-2026

SBI Mutual Fund
151478;SBI Dividend Yield Fund - Direct Plan - Growth;INF200KA14W3;;15.7420;;;23-Jan-2026
151475;SBI Dividend Yield Fund - Direct Plan - Income Distribution cum Capital Withdrawal (IDCW) Option;INF200KA15W0;INF200KA16W8;15.7434;;;23-Jan-2026
151476;SBI Dividend Yield Fund - Regular Plan - Growth;INF200KA11W9;;15.2846;;;23-Jan-2026
151477;SBI Dividend Yield Fund - Regular Plan - Income Distribution cum Capital Withdrawal (IDCW) Option;INF200KA12W7;INF200KA13W5;15.2845;;;23-Jan-2026

Open Ended Schemes ( Equity Scheme - Value Fund )


Baroda BNP Paribas Mutual Fund
151755;Baroda BNP Paribas Value Fund - Direct Plan - Growth option;INF251K01SD5;;14.0992;;;23-Jan-2026
151756;Baroda BNP Paribas Value Fund - Direct Plan - IDCW option;INF251K01SE3;INF251K01SF0;12.8560;;;23-Jan-2026
151747;Baroda BNP Paribas Value Fund - Regular Plan - Growth option;INF251K01SA1;;13.6151;;;23-Jan-2026
151754;Baroda BNP Paribas Value Fund - Regular Plan - IDCW option;INF251K01SB9;INF251K01SC7;12.4138;;;23-Jan-2026

Franklin Templeton Mutual Fund
118494;Templeton India Value Fund - Direct - Growth;INF090I01GY2;;797.5358;;;23-Jan-2026
118493;Templeton India Value Fund - Direct - IDCW ;INF090I01GW6;INF090I01GX4;108.1789;;;23-Jan-2026
100496;Templeton India Value Fund - Growth Plan;INF090I01296;;710.7711;;;23-Jan-2026
100497;Templeton India Value Fund - IDCW ;INF090I01270;INF090I01288;93.5889;;;23-Jan-2026

Groww Mutual Fund
135341;Groww Value Fund (formerly known as Indiabulls Value Fund) - Direct Plan - Growth Option;INF666M01BE4;;31.6401;;;23-Jan-2026
135343;Groww Value Fund (formerly known as Indiabulls Value Fund) - Regular Plan - Growth Option;INF666M01BH7;;26.3507;;;23-Jan-2026
135342;Groww Value Fund (formerly known as Indiabulls Value Fund)- Direct Plan- - Income Distribution cum capital withdrawal Option (Payout & Reinvestment);INF666M01BF1;INF666M01BG9;31.5235;;;23-Jan-2026
140819;Groww Value Fund (formerly known as Indiabulls Value Fund)- Direct Plan- Half Yearly - Income Distribution cum capital withdrawal Option (Payout & Reinvestment);INF666M01DC4;INF666M01DD2;25.3341;;;23-Jan-2026
140815;Groww Value Fund (formerly known as Indiabulls Value Fund)- Direct Plan- Monthly - Income Distribution cum capital withdrawal Option (Payout & Reinvestment);INF666M01CY0;INF666M01CZ7;23.205;;;23-Jan-2026
140817;Groww Value Fund (formerly known as Indiabulls Value Fund)- Direct Plan- Quarterly - Income Distribution cum capital withdrawal Option (Payout & Reinvestment);INF666M01DA8;INF666M01DB6;25.3141;;;23-Jan-2026
135344;Groww Value Fund (formerly known as Indiabulls Value Fund)- Regular Plan - Income Distribution cum capital withdrawal Option (Payout & Reinvestment);INF666M01BI5;INF666M01BJ3;26.3421;;;23-Jan-2026
140820;Groww Value Fund (formerly known as Indiabulls Value Fund)- Regular Plan- Half Yearly -Income Distribution cum capital withdrawal Option (Payout & Reinvestment);INF666M01DI1;INF666M01DJ9;21.5845;;;23-Jan-2026
140816;Groww Value Fund (formerly known as Indiabulls Value Fund)- Regular Plan- Monthly - Income Distribution cum capital withdrawal Option (Payout & Reinvestment.;INF666M01DE0;INF666M01DF7;20.4493;;;23-Jan-2026
140818;Groww Value Fund (formerly known as Indiabulls Value Fund)- Regular Plan- Quarterly - Income Distribution cum capital withdrawal Option (Payout & Reinvestment);INF666M01DG5;INF666M01DH3;19.9287;;;23-Jan-2026

ICICI Prudential Mutual Fund
120323;ICICI Prudential Value Fund (erstwhile Value Discovery Fund) - Direct Plan - Growth;INF109K012K1;;529.71;;;23-Jan-2026
120322;ICICI Prudential Value Fund (erstwhile Value Discovery Fund) - Direct Plan - IDCW;INF109K011K3;INF109K010K5;123.83;;;23-Jan-2026
102594;ICICI Prudential Value Fund (erstwhile Value Discovery Fund) - Growth;INF109K01AF8;;480.76;;;23-Jan-2026
102595;ICICI Prudential Value Fund (erstwhile Value Discovery Fund) - IDCW;INF109K01EC7;INF109K01AD3;40.60;;;23-Jan-2026

ITI Mutual Fund
148972;ITI Value Fund - Direct Plan - Growth Option;INF00XX01AQ6;;18.0470;;;23-Jan-2026
148970;ITI Value Fund - Direct Plan - IDCW Option;INF00XX01AR4;INF00XX01AS2;18.0470;;;23-Jan-2026
148973;ITI Value Fund - Regular Plan - Growth Option;INF00XX01AN3;;16.4566;;;23-Jan-2026
148971;ITI Value Fund - Regular Plan - IDCW Option;INF00XX01AO1;INF00XX01AP8;16.4566;;;23-Jan-2026

JM Financial Mutual Fund
120486;JM Value Fund (Direct) - Growth Option;INF192K01BT3;;102.214;;;23-Jan-2026
120485;JM Value Fund (Direct) - IDCW;INF192K01BR7;INF192K01BS5;69.6424;;;23-Jan-2026
100254;JM Value Fund (Regular) - Growth Option;INF137A01037;;90.4441;;;23-Jan-2026
106168;JM Value Fund (Regular) - IDCW;INF137A01011;INF137A01029;63.156;;;23-Jan-2026

LIC Mutual Fund
152018;LIC MF Value Fund-Direct Plan-Growth;INF397L01KU5;;25.0341;;;23-Jan-2026
152015;LIC MF Value Fund-Direct Plan-IDCW;INF397L01KR1;;25.0118;;;23-Jan-2026
152016;LIC MF Value Fund-Regular Plan-Growth;INF397L01KQ3;;23.1298;;;23-Jan-2026
152017;LIC MF Value Fund-Regular Plan-IDCW;INF397L01KN0;;23.1299;;;23-Jan-2026

Mahindra Manulife Mutual Fund
153303;Mahindra Manulife Value Fund - Direct Plan - Growth;INF174V01CI9;;11.7587;;;23-Jan-2026
153305;Mahindra Manulife Value Fund - Direct Plan - IDCW;INF174V01CJ7;INF174V01CK5;11.7587;;;23-Jan-2026
153304;Mahindra Manulife Value Fund - Regular Plan - Growth;INF174V01CF5;;11.5705;;;23-Jan-2026
153302;Mahindra Manulife Value Fund - Regular Plan - IDCW;INF174V01CH1;INF174V01CG3;11.5705;;;23-Jan-2026

quant Mutual Fund
149335;Quant Value Fund - Growth Option  - Direct Plan;INF966L01AN3;;19.4336;;;23-Jan-2026
149337;Quant Value Fund - Growth Option - Regular Plan;INF966L01AQ6;;18.149;;;23-Jan-2026
149338;Quant Value Fund - IDCW Option - Direct Plan;INF966L01AO1;INF966L01AP8;18.4644;;;23-Jan-2026
149336;Quant Value Fund - IDCW Option- Regular Plan;INF966L01AR4;INF966L01AS2;18.2484;;;23-Jan-2026

Quantum Mutual Fund
103490;Quantum Value Fund - Direct Plan Growth Option;INF082J01036;;129.32;;;23-Jan-2026
103491;Quantum Value Fund - Direct Plan IDCW;INF082J01044;INF082J01051;129.58;;;23-Jan-2026
141068;Quantum Value Fund - Regular Plan Growth Option;INF082J01242;;123.21;;;23-Jan-2026
141069;Quantum Value Fund - Regular Plan IDCW;INF082J01259;INF082J01267;123.07;;;23-Jan-2026

Union Mutual Fund
145473;Union Value Fund - Direct Plan - Growth Option;INF582M01EK4;;29.81;;;23-Jan-2026
145474;Union Value Fund - Direct Plan - IDCW Option;INF582M01EM0;INF582M01EL2;29.81;;;23-Jan-2026
145471;Union Value Fund - Regular Plan - Growth Option;INF582M01EO6;;27.91;;;23-Jan-2026
145472;Union Value Fund - Regular Plan - IDCW Option;INF582M01EQ1;INF582M01EP3;27.91;;;23-Jan-2026

Open Ended Schemes ( Equity Scheme - Contra Fund )


Invesco Mutual Fund
120348;Invesco India Contra Fund - Direct Plan - Growth;INF205K01LE4;;153.69;;;23-Jan-2026
120349;Invesco India Contra Fund - Direct Plan - IDCW (Payout / Reinvestment);INF205K01LC8;INF205K01LD6;71.62;;;23-Jan-2026
105460;Invesco India Contra Fund - Regular Plan - Growth;INF205K01189;;130.38;;;23-Jan-2026
105459;Invesco India Contra Fund - Regular Plan - IDCW (Payout / Reinvestment);INF205K01205;INF205K01197;53.22;;;23-Jan-2026

Open Ended Schemes ( Equity Scheme - Focused Fund )


360 ONE Mutual Fund
131581;360 ONE Focused Fund - Direct Plan - Dividend;INF579M01910;INF579M01928;50.7825;;;23-Jan-2026
131579;360 ONE Focused Fund - Regular Plan - Dividend;INF579M01886;INF579M01894;39.8378;;;23-Jan-2026
131578;360 ONE Focused Fund -Regular Plan - Growth;INF579M01878;;45.0247;;;23-Jan-2026
131580;360 ONE Focused Fund-Direct Plan-Growth;INF579M01902;;51.3057;;;23-Jan-2026

Baroda BNP Paribas Mutual Fund
150264;BARODA BNP PARIBAS Focused Fund - Direct Plan - Growth Option;INF251K01PN0;;24.2076;;;23-Jan-2026
150265;BARODA BNP PARIBAS Focused Fund - Direct Plan - IDCW Option;INF251K01PO8;INF251K01PP5;17.4059;;;23-Jan-2026
150262;BARODA BNP PARIBAS Focused Fund - Regular Plan - IDCW Option;INF251K01PL4;INF251K01PM2;15.2592;;;23-Jan-2026
150263;BARODA BNP PARIBAS Focused Fund - Regular Plan-Growth Option;INF251K01PK6;;21.1789;;;23-Jan-2026

DSP Mutual Fund
119096;DSP Focused Fund - Direct Plan - Growth;INF740K01OB0;;60.348;;;23-Jan-2026
119095;DSP Focused Fund - Direct Plan - IDCW;INF740K01OC8;INF740K01OD6;42.419;;;23-Jan-2026
112901;DSP Focused Fund - Regular Plan - Growth;INF740K01532;;53.743;;;23-Jan-2026
113032;DSP Focused Fund - Regular Plan - IDCW;INF740K01540;INF740K01AC7;21.583;;;23-Jan-2026

Franklin Templeton Mutual Fund
118564;Franklin India Focused Equity Fund - Direct - Growth;INF090I01IW2;;119.4403;;;23-Jan-2026
118563;Franklin India Focused Equity Fund - Direct - IDCW ;INF090I01IU6;INF090I01IV4;41.6396;;;23-Jan-2026
105817;Franklin India Focused Equity Fund - Growth Plan;INF090I01981;;105.5976;;;23-Jan-2026
105816;Franklin India Focused Equity Fund - IDCW ;INF090I01965;INF090I01973;35.0738;;;23-Jan-2026

ICICI Prudential Mutual Fund
120722;ICICI Prudential Focused Equity Fund - Direct Plan - Growth;INF109K018N2;;108.05;;;23-Jan-2026
120723;ICICI Prudential Focused Equity Fund - Direct Plan - IDCW;INF109K016N6;INF109K017N4;62.91;;;23-Jan-2026
111957;ICICI Prudential Focused Equity Fund - Growth;INF109K01BZ4;;93.74;;;23-Jan-2026
111958;ICICI Prudential Focused Equity Fund - IDCW;INF109K01FM3;INF109K01CA5;27.62;;;23-Jan-2026

Invesco Mutual Fund
148481;Invesco India Focused Fund - Direct Plan - Growth;INF205KA1213;;27.09;;;23-Jan-2026
148482;Invesco India Focused Fund - Direct Plan - IDCW (Payout / Reinvestment);INF205KA1205;INF205KA1221;22.05;;;23-Jan-2026
148483;Invesco India Focused Fund - Regular Plan - Growth;INF205KA1189;;25.02;;;23-Jan-2026
148484;Invesco India Focused Fund - Regular Plan - IDCW (Payout / Reinvestment);INF205KA1171;INF205KA1197;20.14;;;23-Jan-2026

ITI Mutual Fund
151777;ITI Focused Fund - Direct Plan - Growth;INF00XX01CS8;;15.9315;;;23-Jan-2026
151776;ITI Focused Fund - Direct Plan - IDCW;INF00XX01CT6;INF00XX01CU4;15.9315;;;23-Jan-2026
151778;ITI Focused Fund - Regular Plan - Growth;INF00XX01CV2;;15.1770;;;23-Jan-2026
151775;ITI Focused Fund - Regular Plan - IDCW;INF00XX01CW0;INF00XX01CR0;15.1770;;;23-Jan-2026

JM Financial Mutual Fund
120488;JM Focused Fund (Direct)  - Growth Option;INF192K01BW7;;22.2475;;;23-Jan-2026
120487;JM Focused Fund (Direct) -  IDCW;INF192K01BU1;INF192K01BV9;21.8032;;;23-Jan-2026
107410;JM Focused Fund (Regular) - Growth Option;INF192K01577;;18.9026;;;23-Jan-2026
107409;JM Focused Fund (Regular) - IDCW;INF192K01551;INF192K01569;18.9019;;;23-Jan-2026

LIC Mutual Fund
152010;LIC MF Focused Fund-Direct Plan-Growth;INF397L01KA7;;22.1157;;;23-Jan-2026
152008;LIC MF Focused Fund-Direct Plan-IDCW;INF397L01JX1;INF397L01JY9;22.092;;;23-Jan-2026
152009;LIC MF Focused Fund-Regular Plan-Growth;INF397L01KE9;;20.0354;;;23-Jan-2026
152007;LIC MF Focused Fund-Regular Plan-IDCW;INF397L01KB5;INF397L01KC3;20.0352;;;23-Jan-2026

Mahindra Manulife Mutual Fund
148569;Mahindra Manulife Focused Fund - Direct Plan - IDCW;INF174V01AI3;INF174V01AH5;21.2336;;;23-Jan-2026
148567;Mahindra Manulife Focused Fund - Direct Plan -Growth;INF174V01AG7;;28.9794;;;23-Jan-2026
148571;Mahindra Manulife Focused Fund - Regular Plan - Growth;INF174V01AD4;;26.3182;;;23-Jan-2026
148566;Mahindra Manulife Focused Fund - Regular Plan - IDCW;INF174V01AF9;INF174V01AE2;18.9883;;;23-Jan-2026

Mirae Asset Mutual Fund
147205;Mirae Asset Focused Fund Direct IDCW;INF769K01ET2;INF769K01EW6;24.383;;;23-Jan-2026
147206;Mirae Asset Focused Fund Direct Plan Growth;INF769K01EU0;;26.509;;;23-Jan-2026
147204;Mirae Asset Focused Fund Regular IDCW;INF769K01ER6;INF769K01EV8;22.263;;;23-Jan-2026
147203;Mirae Asset Focused Fund Regular Plan Growth;INF769K01ES4;;24.218;;;23-Jan-2026

Old Bridge Mutual Fund
152358;Old Bridge Focused Fund - Direct Growth;INF0S5R01042;;12.49;;;23-Jan-2026
152359;Old Bridge Focused Fund - Direct IDCW;INF0S5R01059;INF0S5R01067;12.49;;;23-Jan-2026
152361;Old Bridge Focused Fund - Regular Growth;INF0S5R01034;;12.23;;;23-Jan-2026
152363;Old Bridge Focused Fund - Regular IDCW;INF0S5R01018;INF0S5R01026;12.23;;;23-Jan-2026

quant Mutual Fund
109275;quant Focused Fund - Growth Option - Regular Plan;INF966L01374;;79.538;;;23-Jan-2026
120834;quant Focused Fund - Growth Option-Direct Plan;INF966L01853;;88.902;;;23-Jan-2026
120835;quant Focused Fund - IDCW Option - Direct Plan;INF966L01838;INF966L01846;51.9699;;;23-Jan-2026
109274;quant Focused Fund - IDCW Option - Regular Plan;INF966L01358;INF966L01366;59.14;;;23-Jan-2026

Union Mutual Fund
147492;Union Focused Fund - Direct Plan - Growth Option;INF582M01FS4;;25.75;;;23-Jan-2026
147491;Union Focused Fund - Direct Plan - IDCW Option;INF582M01FU0;INF582M01FT2;25.75;;;23-Jan-2026
147490;Union Focused Fund - Regular Plan - Growth Option;INF582M01FW6;;24.20;;;23-Jan-2026
147493;Union Focused Fund - Regular Plan - IDCW Option;INF582M01FY2;INF582M01FX4;24.20;;;23-Jan-2026

Open Ended Schemes ( Equity Scheme - Sectoral/ Thematic )


360 ONE Mutual Fund
149318;360 ONE QUANT FUND DIRECT GROWTH;INF579M01AI2;;19.9407;;;23-Jan-2026
149319;360 ONE QUANT FUND DIRECT INCOME DISTRIBUTION CUM CAPITAL WITHDRAWAL;INF579M01AJ0;INF579M01AK8;19.9407;;;23-Jan-2026
149317;360 ONE QUANT FUND REGULAR GROWTH;INF579M01AF8;;18.9232;;;23-Jan-2026
149316;360 ONE QUANT FUND REGULAR INCOME DISTRIBUTION CUM CAPITAL WITHDRAWAL;INF579M01AG6;INF579M01AH4;18.9232;;;23-Jan-2026

Bajaj Finserv Mutual Fund
153937;Bajaj Finserv Banking and Financial Services Fund - Direct - Growth;INF0QA701BZ6;;9.833;;;23-Jan-2026
153938;Bajaj Finserv Banking and Financial Services Fund - Direct - IDCW;INF0QA701CA7;INF0QA701CB5;9.833;;;23-Jan-2026
153935;Bajaj Finserv Banking and Financial Services Fund - Regular - Growth;INF0QA701BW3;;9.808;;;23-Jan-2026
153936;Bajaj Finserv Banking and Financial Services Fund - Regular - IDCW;INF0QA701BX1;INF0QA701BY9;9.808;;;23-Jan-2026
153075;BAJAJ FINSERV CONSUMPTION FUND - DIRECT - GROWTH;INF0QA701946;;8.948;;;23-Jan-2026
153074;BAJAJ FINSERV CONSUMPTION FUND - DIRECT - IDCW;INF0QA701953;INF0QA701961;8.948;;;23-Jan-2026
153072;BAJAJ FINSERV CONSUMPTION FUND - REGULAR - GROWTH;INF0QA701979;;8.781;;;23-Jan-2026
153073;BAJAJ FINSERV CONSUMPTION FUND - REGULAR - IDCW;INF0QA701920;INF0QA701938;8.781;;;23-Jan-2026
153157;BAJAJ FINSERV HEALTHCARE FUND - DIRECT - GROWTH;INF0QA701AB9;;9.267;;;23-Jan-2026
153156;BAJAJ FINSERV HEALTHCARE FUND - DIRECT - IDCW;INF0QA701AC7;INF0QA701AD5;9.267;;;23-Jan-2026
153155;BAJAJ FINSERV HEALTHCARE FUND - REGULAR - GROWTH;INF0QA701987;;9.100;;;23-Jan-2026
153158;BAJAJ FINSERV HEALTHCARE FUND - REGULAR - IDCW;INF0QA701995;INF0QA701AA1;9.100;;;23-Jan-2026

Bank of India Mutual Fund
152788;Bank of India Business Cycle Fund - Direct Plan - Dividend;INF761K01GG1;INF761K01GH9;8.48;;;23-Jan-2026
152789;Bank of India Business Cycle Fund - Direct Plan - Growth;INF761K01GF3;;8.48;;;23-Jan-2026
152791;Bank of India Business Cycle Fund - Regular Plan - Dividend;INF761K01GD8;INF761K01GE6;8.34;;;23-Jan-2026
152790;Bank of India Business Cycle Fund - Regular Plan - Growth;INF761K01GC0;;8.34;;;23-Jan-2026
153139;Bank of India Consumption Fund - Direct - Growth;INF761K01GI7;;10.37;;;23-Jan-2026
153142;Bank of India Consumption Fund - Direct - IDCW;INF761K01GJ5;INF761K01GK3;10.37;;;23-Jan-2026
153140;Bank of India Consumption Fund - Regular - Growth;INF761K01GL1;;10.24;;;23-Jan-2026
153141;Bank of India Consumption Fund - Regular - IDCW;INF761K01GM9;INF761K01GN7;10.24;;;23-Jan-2026
119364;BANK OF INDIA Manufacturing & Infrastructure Fund-Direct Plan-Growth;INF761K01702;;65.72;;;23-Jan-2026
119365;BANK OF INDIA Manufacturing & Infrastructure Fund-Direct Plan-Quarterly IDCW;INF761K01728;INF761K01710;64.60;;;23-Jan-2026
119363;BANK OF INDIA Manufacturing & Infrastructure Fund-Direct Plan-Regular IDCW;INF761K01694;INF761K01686;62.01;;;23-Jan-2026
112359;BANK OF INDIA Manufacturing & Infrastructure Fund-Growth;INF761K01199;;55.70;;;23-Jan-2026
112360;BANK OF INDIA Manufacturing & Infrastructure Fund-Quarterly IDCW;INF761K01231;INF761K01223;36.16;;;23-Jan-2026
112361;BANK OF INDIA Manufacturing & Infrastructure Fund-Regular IDCW;INF761K01215;INF761K01207;35.50;;;23-Jan-2026

Baroda BNP Paribas Mutual Fund
119333;Baroda BNP Paribas Banking and Financial Services Fund - Direct - Growth Option;INF955L01971;;55.0464;;;23-Jan-2026
119334;Baroda BNP Paribas Banking and Financial Services Fund - Direct - IDCW Option;INF955L01955;;25.2697;;;23-Jan-2026
117549;Baroda BNP Paribas Banking and Financial Services Fund - Regular - Growth Option;INF955L01856;;48.7701;;;23-Jan-2026
117547;Baroda BNP Paribas Banking and Financial Services Fund - Regular - IDCW Option;INF955L01831;;21.9106;;;23-Jan-2026
153847;Baroda BNP Paribas Business Conglomerates Fund Direct Growth Option;INF251K01VJ6;;9.9512;;;23-Jan-2026
153845;Baroda BNP Paribas Business Conglomerates Fund Direct IDCW Payout Option;INF251K01VK4;;9.9512;;;23-Jan-2026
153844;Baroda BNP Paribas Business Conglomerates Fund Regular Growth Option;INF251K01VG2;;9.8929;;;23-Jan-2026
153846;Baroda BNP Paribas Business Conglomerates Fund Regular IDCW Payout Option;INF251K01VH0;;9.8929;;;23-Jan-2026
149141;Baroda BNP Paribas Business Cycle Fund - Direct Plan - Growth;INF955L01KK1;;16.3256;;;23-Jan-2026
149143;Baroda BNP Paribas Business Cycle Fund - Direct Plan - IDCW Option;INF955L01KL9;INF955L01KM7;14.8953;;;23-Jan-2026
149140;Baroda BNP Paribas Business Cycle Fund - Regular Plan - Growth;INF955L01KH7;;15.3198;;;23-Jan-2026
149142;Baroda BNP Paribas Business Cycle Fund - Regular Plan - IDCW Option;INF955L01KI5;INF955L01KJ3;13.9808;;;23-Jan-2026
153225;Baroda BNP Paribas Energy Opportunities Fund - Direct Plan - Growth Option;INF251K01UJ8;;11.0174;;;23-Jan-2026
153227;Baroda BNP Paribas Energy Opportunities Fund - Direct Plan - IDCW Option;INF251K01UK6;INF251K01UL4;11.0174;;;23-Jan-2026
153226;Baroda BNP Paribas Energy Opportunities Fund - Regular Plan - Growth Option;INF251K01UG4;;10.8541;;;23-Jan-2026
153224;Baroda BNP Paribas Energy Opportunities Fund - Regular Plan - ICDW Option;INF251K01UH2;INF251K01UI0;10.8541;;;23-Jan-2026
153604;Baroda BNP Paribas Health and Wellness Fund Direct Growth;INF251K01VA5;;9.1498;;;23-Jan-2026
153605;Baroda BNP Paribas Health and Wellness Fund Direct IDCWPayout;INF251K01VB3;INF251K01VC1;9.1498;;;23-Jan-2026
153602;Baroda BNP Paribas Health and Wellness Fund Regular Growth;INF251K01UY7;;9.0538;;;23-Jan-2026
153607;Baroda BNP Paribas Health and Wellness Fund Regular IDCWPayout;INF251K01VD9;INF251K01UZ4;9.0538;;;23-Jan-2026
150266;BARODA BNP PARIBAS India Consumption Fund - Direct Plan - Growth Option;INF251K01PT7;;33.5949;;;23-Jan-2026
150269;BARODA BNP PARIBAS India Consumption Fund - Direct Plan - IDCW Option;INF251K01PV3;INF251K01PU5;23.3479;;;23-Jan-2026
150268;BARODA BNP PARIBAS India Consumption Fund - Regular Plan - Growth Option;INF251K01PQ3;;30.1061;;;23-Jan-2026
150267;BARODA BNP PARIBAS India Consumption Fund - Regular Plan - IDCW Option;INF251K01PS9;INF251K01PR1;20.2802;;;23-Jan-2026
152470;Baroda BNP Paribas Innovation Fund Direct plan - Growth Option;INF251K01TE1;;12.2312;;;23-Jan-2026
152471;Baroda BNP Paribas Innovation Fund Direct plan - IDCW Option;INF251K01TF8;INF251K01TG6;12.2312;;;23-Jan-2026
152472;Baroda BNP Paribas Innovation Fund Regular plan - Growth Option;INF251K01TB7;;11.8891;;;23-Jan-2026
152473;Baroda BNP Paribas Innovation Fund Regular plan - IDCW Option;INF251K01TC5;INF251K01TD3;11.7695;;;23-Jan-2026
152697;Baroda BNP Paribas Manufacturing Fund - Direct Plan - Growth Option;INF251K01TP7;;9.8834;;;23-Jan-2026
152698;Baroda BNP Paribas Manufacturing Fund - Direct Plan - IDCW Option;INF251K01TQ5;INF251K01TR3;9.8834;;;23-Jan-2026
152696;Baroda BNP Paribas Manufacturing Fund - Regular Plan - Growth Option;INF251K01TM4;;9.6590;;;23-Jan-2026
152699;Baroda BNP Paribas Manufacturing Fund - Regular Plan - IDCW Option;INF251K01TN2;INF251K01TO0;9.6590;;;23-Jan-2026

DSP Mutual Fund
152206;DSP Banking & Financial Services Fund - Direct - Growth;INF740KA1TQ3;;14.387;;;23-Jan-2026
152207;DSP Banking & Financial Services Fund - Direct - IDCW;INF740KA1TR1;INF740KA1TS9;13.288;;;23-Jan-2026
152208;DSP Banking & Financial Services Fund - Regular - Growth;INF740KA1TN0;;13.937;;;23-Jan-2026
152209;DSP Banking & Financial Services Fund - Regular - IDCW;INF740KA1TO8;INF740KA1TP5;13.937;;;23-Jan-2026
153121;DSP Business Cycle Fund - Direct - Growth;INF740KA1UX7;;10.118;;;23-Jan-2026
153123;DSP Business Cycle Fund - Direct - IDCW;INF740KA1UV1;INF740KA1UW9;10.118;;;23-Jan-2026
153122;DSP Business Cycle Fund - Regular - Growth;INF740KA1US7;;9.949;;;23-Jan-2026
153120;DSP Business Cycle Fund - Regular - IDCW;INF740KA1UT5;INF740KA1UU3;9.949;;;23-Jan-2026
119247;DSP India T.I.G.E.R. Fund - Direct Plan - Growth;INF740K01PU7;;324.801;;;23-Jan-2026
119248;DSP India T.I.G.E.R. Fund - Direct Plan - IDCW;INF740K01PV5;INF740K01PW3;51.831;;;23-Jan-2026
102434;DSP India T.I.G.E.R. Fund - Regular Plan - Growth;INF740K01151;;297.031;;;23-Jan-2026
102435;DSP India T.I.G.E.R. Fund - Regular Plan - IDCW;INF740K01136;INF740K01144;27.906;;;23-Jan-2026
147306;DSP Quant Fund - Direct Plan - Growth;INF740KA1NQ6;;23.015;;;23-Jan-2026
147304;DSP Quant Fund - Direct Plan - IDCW;INF740KA1NR4;INF740KA1NS2;19.074;;;23-Jan-2026
147303;DSP Quant Fund - Regular Plan - Growth;INF740KA1NN3;;21.92;;;23-Jan-2026
147305;DSP Quant Fund - Regular Plan - IDCW;INF740KA1NO1;INF740KA1NP8;18.145;;;23-Jan-2026

Franklin Templeton Mutual Fund
118557;Franklin Build India Fund - Direct - Growth;INF090I01JF5;;157.5302;;;23-Jan-2026
118556;Franklin Build India Fund - Direct - IDCW ;INF090I01JD0;INF090I01JE8;47.0913;;;23-Jan-2026
112093;Franklin Build India Fund - IDCW ;INF090I01AC1;INF090I01AD9;38.7932;;;23-Jan-2026
112092;Franklin Build India Fund Growth Plan;INF090I01AE7;;136.2727;;;23-Jan-2026
153942;Franklin India Multi-Factor Fund- Direct- Growth;INF090I01YQ1;;9.7056;;;23-Jan-2026
153944;Franklin India Multi-Factor Fund- Direct- IDCW;INF090I01YS7;INF090I01YR9;9.7056;;;23-Jan-2026
153943;Franklin India Multi-Factor Fund- Growth;INF090I01YN8;;9.6808;;;23-Jan-2026
153941;Franklin India Multi-Factor Fund- IDCW;INF090I01YP3;INF090I01YO6;9.6808;;;23-Jan-2026

Groww Mutual Fund
152254;Groww Banking & Financial Services Fund - Direct Plan - Growth;INF666M01HS1;;12.2185;;;23-Jan-2026
152274;Groww Banking & Financial Services Fund - Regular - Growth;INF666M01HP7;;11.7617;;;23-Jan-2026
152276;Groww Banking & Financial Services Fund - Regular Plan - IDCW;INF666M01HQ5;INF666M01HR3;11.7617;;;23-Jan-2026
152273;Groww Banking & Financial Services Fund-IDCW;INF666M01HT9;INF666M01HU7;12.2177;;;23-Jan-2026

Helios Mutual Fund
152679;Helios Financial Services Fund - Direct Plan - Growth Option;INF0R8701202;;11.68;;;23-Jan-2026
152680;Helios Financial Services Fund - Direct Plan - IDCW Option;INF0R8701210;INF0R8701228;11.68;;;23-Jan-2026
152682;Helios Financial Services Fund - Regular Plan - Growth Option;INF0R8701178;;11.39;;;23-Jan-2026
152681;Helios Financial Services Fund - Regular Plan - IDCW Option;INF0R8701186;INF0R8701194;11.40;;;23-Jan-2026

ICICI Prudential Mutual Fund
153684;ICICI Prudential Active Momentum Fund - Direct Plan - Growth;INF109K1A385;;10.34;;;23-Jan-2026
153685;ICICI Prudential Active Momentum Fund - Growth;INF109K1A377;;10.28;;;23-Jan-2026
109445;ICICI Prudential Banking and Financial Services Fund -  Growth;INF109K01BU5;;133.84;;;23-Jan-2026
109446;ICICI Prudential Banking and Financial Services Fund -  IDCW;INF109K01DY3;INF109K01BV3;31.15;;;23-Jan-2026
120244;ICICI Prudential Banking and Financial Services Fund - Direct Plan -  Growth;INF109K013J1;;151.30;;;23-Jan-2026
120245;ICICI Prudential Banking and Financial Services Fund - Direct Plan -  IDCW;INF109K011J5;INF109K012J3;75.12;;;23-Jan-2026
146951;ICICI Prudential Bharat Consumption Fund - Direct Plan - Growth Option;INF109KC1YD4;;25.75;;;23-Jan-2026
146949;ICICI Prudential Bharat Consumption Fund - Direct Plan - IDCW Option;INF109KC1YF9;;16.53;;;23-Jan-2026
146950;ICICI Prudential Bharat Consumption Fund - Growth Option;INF109KC1YA0;;23.86;;;23-Jan-2026
146952;ICICI Prudential Bharat Consumption Fund - IDCW Option;INF109KC1YC6;;14.83;;;23-Jan-2026
153867;ICICI Prudential Conglomerate Fund - Direct Plan - Growth;INF109K1A427;;9.68;;;23-Jan-2026
153866;ICICI Prudential Conglomerate Fund - Direct Plan - IDCW;INF109K1A443;INF109K1A435;9.68;;;23-Jan-2026
153865;ICICI Prudential Conglomerate Fund - Growth;INF109K1A393;;9.65;;;23-Jan-2026
153864;ICICI Prudential Conglomerate Fund - IDCW;INF109K1A419;INF109K1A401;9.65;;;23-Jan-2026
152728;ICICI PRUDENTIAL ENERGY OPPORTUNITIES FUND - Direct Plan - Growth;INF109KC12W6;;10.05;;;23-Jan-2026
152729;ICICI PRUDENTIAL ENERGY OPPORTUNITIES FUND - Direct Plan - IDCW;INF109KC13W4;INF109KC14W2;10.05;;;23-Jan-2026
152726;ICICI PRUDENTIAL ENERGY OPPORTUNITIES FUND - Growth;INF109KC15W9;;9.86;;;23-Jan-2026
152727;ICICI PRUDENTIAL ENERGY OPPORTUNITIES FUND - IDCW;INF109KC16W7;INF109KC17W5;9.86;;;23-Jan-2026
153070;ICICI Prudential Equity Minimum Variance Fund - Direct Plan - Growth;INF109KC10Y6;;10.83;;;23-Jan-2026
153071;ICICI Prudential Equity Minimum Variance Fund - Direct Plan - IDCW;INF109KC12Y2;INF109KC11Y4;10.83;;;23-Jan-2026
153069;ICICI Prudential Equity Minimum Variance Fund - Growth;INF109KC17X3;;10.68;;;23-Jan-2026
153068;ICICI Prudential Equity Minimum Variance Fund - IDCW;INF109KC19X9;INF109KC18X1;10.68;;;23-Jan-2026
148516;ICICI Prudential ESG Exclusionary Strategy Fund - Direct Plan - Growth;INF109KC1O09;;23.09;;;23-Jan-2026
148515;ICICI Prudential ESG Exclusionary Strategy Fund - Direct Plan - IDCW;INF109KC1O25;INF109KC1O17;17.64;;;23-Jan-2026
148517;ICICI Prudential ESG Exclusionary Strategy Fund - Growth;INF109KC1N75;;21.55;;;23-Jan-2026
148514;ICICI Prudential ESG Exclusionary Strategy Fund - IDCW;INF109KC1N91;INF109KC1N83;16.23;;;23-Jan-2026
120688;ICICI Prudential Exports & Services Fund - Direct Plan - Growth;INF109K01W25;;178.21;;;23-Jan-2026
120687;ICICI Prudential Exports & Services Fund - Direct Plan - IDCW;INF109K01W09;INF109K01W17;75.80;;;23-Jan-2026
103312;ICICI Prudential Exports & Services Fund - Growth;INF109K01BB5;;163.13;;;23-Jan-2026
103313;ICICI Prudential Exports & Services Fund - IDCW;INF109K01FL5;INF109K01BA7;36.77;;;23-Jan-2026
150310;ICICI PRUDENTIAL HOUSING OPPORTUNITIES FUND - Direct Plan Growth;INF109KC10C2;;17.50;;;23-Jan-2026
150311;ICICI PRUDENTIAL HOUSING OPPORTUNITIES FUND - Direct Plan IDCW;INF109KC11C0;INF109KC12C8;14.84;;;23-Jan-2026
150308;ICICI PRUDENTIAL HOUSING OPPORTUNITIES FUND - Growth;INF109KC17B9;;16.70;;;23-Jan-2026
150309;ICICI PRUDENTIAL HOUSING OPPORTUNITIES FUND - IDCW;INF109KC18B7;INF109KC19B5;14.05;;;23-Jan-2026
145896;ICICI Prudential India Opportunities Fund - Cumulative Option;INF109KC1RE6;;36.57;;;23-Jan-2026
145897;ICICI Prudential India Opportunities Fund - Direct Plan - Cumulative Option;INF109KC1RH9;;40.03;;;23-Jan-2026
145898;ICICI Prudential India Opportunities Fund - Direct Plan - IDCW Option;INF109KC1RJ5;INF109KC1RI7;26.73;;;23-Jan-2026
145899;ICICI Prudential India Opportunities Fund - IDCW Option;INF109KC1RG1;INF109KC1RF3;23.66;;;23-Jan-2026
120621;ICICI Prudential Infrastructure Fund - Direct Plan -  Growth;INF109K018M4;;202.29;;;23-Jan-2026
120622;ICICI Prudential Infrastructure Fund - Direct Plan -  IDCW;INF109K016M8;INF109K017M6;44.20;;;23-Jan-2026
103149;ICICI Prudential Infrastructure Fund - Growth;INF109K01AV5;;185.79;;;23-Jan-2026
103150;ICICI Prudential Infrastructure Fund - IDCW;INF109K01FB6;INF109K01AT9;26.16;;;23-Jan-2026
145077;ICICI Prudential Manufacturing Fund - Cumulative Option;INF109KC1LG4;;34.27;;;23-Jan-2026
145075;ICICI Prudential Manufacturing Fund - Direct Plan - Cumulative Option;INF109KC1LJ8;;37.10;;;23-Jan-2026
145076;ICICI Prudential Manufacturing Fund - Direct Plan - IDCW Option;INF109KC1LK6;;24.07;;;23-Jan-2026
145078;ICICI Prudential Manufacturing Fund - IDCW Option;INF109KC1LH2;;21.61;;;23-Jan-2026
143873;ICICI Prudential Pharma Healthcare and Diagnostics (P.H.D) Fund - Cumulative Option;INF109KC1GE9;;37.42;;;23-Jan-2026
143874;ICICI Prudential Pharma Healthcare and Diagnostics (P.H.D) Fund - Direct Plan - Cumulative Option;INF109KC1GH2;;40.48;;;23-Jan-2026
143876;ICICI Prudential Pharma Healthcare and Diagnostics (P.H.D) Fund - Direct Plan - IDCW Option;INF109KC1GJ8;;24.45;;;23-Jan-2026
143875;ICICI Prudential Pharma Healthcare and Diagnostics (P.H.D) Fund - IDCW Option;INF109KC1GG4;;21.83;;;23-Jan-2026
150539;ICICI Prudential PSU Equity Fund - Direct Plan - Growth;INF109KC12I5;;21.87;;;23-Jan-2026
150541;ICICI Prudential PSU Equity Fund - Direct Plan - IDCW;INF109KC13I3;INF109KC14I1;18.55;;;23-Jan-2026
150538;ICICI Prudential PSU Equity Fund - Growth;INF109KC19H2;;20.88;;;23-Jan-2026
150540;ICICI Prudential PSU Equity Fund - IDCW;INF109KC10I9;INF109KC11I7;17.58;;;23-Jan-2026
153458;ICICI Prudential Quality Fund - Direct Plan - Growth;INF109K1A187;;10.28;;;23-Jan-2026
153460;ICICI Prudential Quality Fund - Direct Plan - IDCW;INF109K1A203;INF109K1A195;10.29;;;23-Jan-2026
153459;ICICI Prudential Quality Fund - Growth;INF109K1A211;;10.20;;;23-Jan-2026
153457;ICICI Prudential Quality Fund - IDCW;INF109K1A179;INF109K1A161;10.20;;;23-Jan-2026
148600;ICICI Prudential Quant Fund Direct Plan Growth;INF109KC1O66;;23.51;;;23-Jan-2026
148601;ICICI Prudential Quant Fund Direct Plan IDCW;INF109KC1O82;INF109KC1O74;15.20;;;23-Jan-2026
148598;ICICI Prudential Quant Fund Growth;INF109KC1O33;;22.74;;;23-Jan-2026
148599;ICICI Prudential Quant Fund IDCW;INF109KC1O58;INF109KC1O41;14.55;;;23-Jan-2026
153184;ICICI Prudential Rural Opportunities Fund - Direct Plan - Growth;INF109KC12Z9;;11.45;;;23-Jan-2026
153182;ICICI Prudential Rural Opportunities Fund - Direct Plan - IDCW;INF109KC14Z5;INF109KC13Z7;11.45;;;23-Jan-2026
153181;ICICI Prudential Rural Opportunities Fund - Growth;INF109KC19Y7;;11.31;;;23-Jan-2026
153183;ICICI Prudential Rural Opportunities Fund - IDCW;INF109KC11Z1;INF109KC10Z3;11.31;;;23-Jan-2026
150685;ICICI PRUDENTIAL TRANSPORTATION AND LOGISTICS FUND - Direct Plan - Growth;INF109KC12K1;;20.72;;;23-Jan-2026
150687;ICICI PRUDENTIAL TRANSPORTATION AND LOGISTICS FUND - Direct Plan - IDCW;INF109KC13K9;INF109KC14K7;17.68;;;23-Jan-2026
150684;ICICI PRUDENTIAL TRANSPORTATION AND LOGISTICS FUND - Growth;INF109KC19J8;;19.89;;;23-Jan-2026
150686;ICICI PRUDENTIAL TRANSPORTATION AND LOGISTICS FUND - IDCW;INF109KC10K5;INF109KC11K3;16.87;;;23-Jan-2026

Invesco Mutual Fund
153291;Invesco India Business Cycle Fund - Direct Plan - Growth;INF205KA1AI8;;11.95;;;23-Jan-2026
153290;Invesco India Business Cycle Fund - Direct Plan - IDCW;INF205KA1AJ6;INF205KA1AK4;11.95;;;23-Jan-2026
153288;Invesco India Business Cycle Fund - Regular Plan - Growth;INF205KA1AF4;;11.77;;;23-Jan-2026
153289;Invesco India Business Cycle Fund - Regular Plan - IDCW;INF205KA1AG2;INF205KA1AH0;11.77;;;23-Jan-2026
153900;Invesco India Consumption Fund - Direct Plan - Growth;INF205KA1BI6;;9.04;;;23-Jan-2026
153901;Invesco India Consumption Fund - Direct Plan - IDCW;INF205KA1BJ4;INF205KA1BK2;9.04;;;23-Jan-2026
153902;Invesco India Consumption Fund - Regular Plan - Growth Plan;INF205KA1BF2;;9;;;23-Jan-2026
153903;Invesco India Consumption Fund - Regular Plan - IDCW Plan;INF205KA1BG0;INF205KA1BH8;9;;;23-Jan-2026
148751;Invesco India ESG Integration Strategy Fund - Direct Plan - Growth;INF205KA1338;;17.82;;;23-Jan-2026
148752;Invesco India ESG Integration Strategy Fund - Direct Plan - IDCW (Payout / Reinvestment);INF205KA1320;INF205KA1346;14.54;;;23-Jan-2026
148753;Invesco India ESG Integration Strategy Fund - Regular Plan - Growth;INF205KA1304;;16.51;;;23-Jan-2026
148754;Invesco India ESG Integration Strategy Fund - Regular Plan - IDCW (Payout / Reinvestment);INF205KA1296;INF205KA1312;13.31;;;23-Jan-2026
120385;Invesco India Financial Services Fund - Direct Plan - Growth;INF205K01KY4;;171.01;;;23-Jan-2026
120384;Invesco India Financial Services Fund - Direct Plan - IDCW (Payout / Reinvestment);INF205K01KW8;INF205K01KX6;88.02;;;23-Jan-2026
108377;Invesco India Financial Services Fund - Regular Plan -  IDCW (Payout / Reinvestment);INF205K01171;INF205K01163;72.48;;;23-Jan-2026
108378;Invesco India Financial Services Fund - Regular Plan - Growth;INF205K01155;;142.13;;;23-Jan-2026
120405;Invesco India Infrastructure Fund - Direct Plan - Growth Option;INF205K01MD4;;66.81;;;23-Jan-2026
120404;Invesco India Infrastructure Fund - Direct Plan - IDCW (Payout / Reinvestment);INF205K01MB8;INF205K01MC6;44.7;;;23-Jan-2026
106654;Invesco India Infrastructure Fund - Regular Plan - Growth Option;INF205K01CD5;;55.23;;;23-Jan-2026
106653;Invesco India Infrastructure Fund - Regular Plan - IDCW (Payout / Reinvestment);INF205K01CE3;INF205K01CF0;35.5;;;23-Jan-2026
152756;Invesco India Manufacturing Fund - Direct Plan - Growth;INF205KA1908;;9.5;;;23-Jan-2026
152757;Invesco India Manufacturing Fund - Direct Plan - IDCW;INF205KA1916;INF205KA1924;9.5;;;23-Jan-2026
152758;Invesco India Manufacturing Fund - Regular Plan - Growth;INF205KA1874;;9.29;;;23-Jan-2026
152759;Invesco India Manufacturing Fund - Regular Plan - IDCW;INF205KA1882;INF205KA1890;9.29;;;23-Jan-2026
120395;Invesco India PSU Equity Fund - Direct Plan - Growth;INF205K01NG5;;77.63;;;23-Jan-2026
120394;Invesco India PSU Equity Fund - Direct Plan - IDCW (Payout / Reinvestment);INF205K01NE0;INF205K01NF7;52.38;;;23-Jan-2026
112171;Invesco India PSU Equity Fund - Regular Plan - Growth;INF205K01338;;65.03;;;23-Jan-2026
112173;Invesco India PSU Equity Fund - Regular Plan - IDCW (Payout / Reinvestment);INF205K01353;INF205K01346;43.02;;;23-Jan-2026
152863;Invesco India Technology Fund - Direct Plan - Growth;INF205KA1965;;9.65;;;23-Jan-2026
152860;Invesco India Technology Fund - Direct Plan - IDCW;INF205KA1973;INF205KA1981;9.65;;;23-Jan-2026
152862;Invesco India Technology Fund - Regular Plan - Growth;INF205KA1932;;9.44;;;23-Jan-2026
152861;Invesco India Technology Fund - Regular Plan - IDCW;INF205KA1940;INF205KA1957;9.44;;;23-Jan-2026

ITI Mutual Fund
149321;ITI Banking and Financial Services Fund - Direct Plan - Growth Option;INF00XX01BU6;;17.2226;;;23-Jan-2026
149322;ITI Banking and Financial Services Fund - Direct Plan - IDCW Option;INF00XX01BV4;INF00XX01BW2;17.2226;;;23-Jan-2026
149323;ITI Banking and Financial Services Fund - Regular Plan - IDCW Option;INF00XX01BS0;INF00XX01BT8;15.8596;;;23-Jan-2026
149324;ITI Banking and Financial Services Fund -Regular Plan - Growth Option;INF00XX01BR2;;15.8596;;;23-Jan-2026
153260;ITI Bharat Consumption Fund - Direct Plan - Growth;INF00XX01DG1;;10.9479;;;23-Jan-2026
153261;ITI Bharat Consumption Fund - Direct Plan - IDCW Option;INF00XX01DH9;INF00XX01DI7;10.9479;;;23-Jan-2026
153262;ITI Bharat Consumption Fund - Regular Plan - IDCW Option;INF00XX01DE6;INF00XX01DF3;10.7688;;;23-Jan-2026
153263;ITI Bharat Consumption Fund - Regular Plan Plan - Growth;INF00XX01DD8;;10.7688;;;23-Jan-2026
149268;ITI Pharma and Healthcare Fund - Direct Plan - Growth Option;INF00XX01BO9;;16.0077;;;23-Jan-2026
149271;ITI Pharma and Healthcare Fund - Direct Plan - IDCW Option;INF00XX01BP6;INF00XX01BQ4;16.0077;;;23-Jan-2026
149270;ITI Pharma and Healthcare Fund - Regular Plan - Growth Option;INF00XX01BL5;;14.7041;;;23-Jan-2026
149269;ITI Pharma and Healthcare Fund - Regular Plan - IDCW Option;INF00XX01BM3;INF00XX01BN1;14.7041;;;23-Jan-2026

LIC Mutual Fund
134017;LIC MF Banking and Financial Services Fund-Direct Plan-Growth;INF767K01NK6;;24.7067;;;23-Jan-2026
133908;LIC MF Banking and Financial Services Fund-Direct Plan-IDCW;INF767K01NJ8;INF767K01NL4;24.5385;;;23-Jan-2026
134016;LIC MF Banking and Financial Services Fund-Regular Plan-Growth;INF767K01NH2;;21.7451;;;23-Jan-2026
134015;LIC MF Banking and Financial Services Fund-Regular Plan-IDCW;INF767K01NG4;INF767K01NI0;21.7413;;;23-Jan-2026
153948;LIC MF Consumption Fund-Direct Plan-Growth;INF767K01SD0;;9.3817;;;23-Jan-2026
153949;LIC MF Consumption Fund-Direct Plan-IDCW;INF767K01SF5;INF767K01SE8;9.3817;;;23-Jan-2026
153950;LIC MF Consumption Fund-Regular Plan-Growth;INF767K01SA6;;9.3529;;;23-Jan-2026
153951;LIC MF Consumption Fund-Regular Plan-IDCW;INF767K01SC2;INF767K01SB4;9.3529;;;23-Jan-2026
152024;LIC MF Healthcare Fund-Direct Plan-Growth;INF397L01LK4;;30.0107;;;23-Jan-2026
152023;LIC MF Healthcare Fund-Direct Plan-IDCW;INF397L01LH0;INF397L01LI8;30.002;;;23-Jan-2026
152025;LIC MF Healthcare Fund-Regular Plan-Growth;INF397L01LG2;;27.3198;;;23-Jan-2026
152026;LIC MF Healthcare Fund-Regular Plan-IDCW;INF397L01LD9;INF397L01LE7;27.3203;;;23-Jan-2026
120351;LIC MF Infrastructure Fund-Direct Plan-Growth;INF767K01GW5;;52.7759;;;23-Jan-2026
120350;LIC MF Infrastructure Fund-Direct Plan-IDCW;INF767K01GV7;INF767K01GX3;51.8201;;;23-Jan-2026
107763;LIC MF Infrastructure Fund-Regular Plan-Growth;INF767K01501;;45.8403;;;23-Jan-2026
107764;LIC MF Infrastructure Fund-Regular Plan-IDCW;INF767K01485;INF767K01493;45.8415;;;23-Jan-2026
152920;LIC MF Manufacturing Fund-Direct Plan-Growth;INF767K01RR2;;9.4147;;;23-Jan-2026
152921;LIC MF Manufacturing Fund-Direct Plan-IDCW;INF767K01RT8;INF767K01RS0;9.4147;;;23-Jan-2026
152922;LIC MF Manufacturing Fund-Regular Plan-Growth;INF767K01RO9;;9.2119;;;23-Jan-2026
152923;LIC MF Manufacturing Fund-Regular Plan-IDCW;INF767K01RQ4;INF767K01RP6;9.2119;;;23-Jan-2026

Mahindra Manulife Mutual Fund
152045;Mahindra Manulife Business Cycle Fund - Direct Plan - Growth;INF174V01BQ4;;15.5000;;;23-Jan-2026
152048;Mahindra Manulife Business Cycle Fund - Direct Plan - IDCW;INF174V01BR2;INF174V01BS0;14.3167;;;23-Jan-2026
152047;Mahindra Manulife Business Cycle Fund - Regular Plan - IDCW;INF174V01BO9;INF174V01BP6;13.7137;;;23-Jan-2026
152046;Mahindra Manulife Business Cycle Fund-  Regular Plan - Growth;INF174V01BN1;;14.8799;;;23-Jan-2026
145357;Mahindra Manulife Consumption Fund - Direct Plan - IDCW;INF174V01689;INF174V01671;18.7207;;;23-Jan-2026
145356;Mahindra Manulife Consumption Fund - Direct Plan -Growth;INF174V01663;;24.2268;;;23-Jan-2026
145358;Mahindra Manulife Consumption Fund - Regular Plan - IDCW;INF174V01655;INF174V01648;16.1486;;;23-Jan-2026
145355;Mahindra Manulife Consumption Fund- Regular Plan - Growth;INF174V01630;;21.4227;;;23-Jan-2026
152672;Mahindra Manulife Manufacturing Fund - Direct Plan - Growth;INF174V01CC2;;9.6642;;;23-Jan-2026
152670;Mahindra Manulife Manufacturing Fund - Direct Plan - IDCW;INF174V01CD0;INF174V01CE8;9.6642;;;23-Jan-2026
152671;Mahindra Manulife Manufacturing Fund - Regular Plan - Growth;INF174V01BZ5;;9.4230;;;23-Jan-2026
152669;Mahindra Manulife Manufacturing Fund - Regular Plan - IDCW;INF174V01CA6;INF174V01CB4;9.4230;;;23-Jan-2026
153674;Mahindra Manulife Banking & Financial Services Fund - Direct - Growth;INF174V01CO7;;10.5824;;;23-Jan-2026
153672;Mahindra Manulife Banking & Financial Services Fund - Direct - IDCW;INF174V01CQ2;INF174V01CP4;10.5824;;;23-Jan-2026
153675;Mahindra Manulife Banking & Financial Services Fund - Regular - Growth;INF174V01CL3;;10.4831;;;23-Jan-2026
153673;Mahindra Manulife Banking & Financial Services Fund - Regular - IDCW;INF174V01CN9;INF174V01CM1;10.4831;;;23-Jan-2026

Mirae Asset Mutual Fund
148624;Mirae Asset Banking and Financial Services Fund Direct  IDCW;INF769K01GW1;INF769K01GY7;23.213;;;23-Jan-2026
148623;Mirae Asset Banking and Financial Services Fund Direct Growth;INF769K01GX9;;23.311;;;23-Jan-2026
148621;Mirae Asset Banking and Financial Services Fund Regular Growth;INF769K01GU5;;21.521;;;23-Jan-2026
148622;Mirae Asset Banking and Financial Services Fund Regular IDCW;INF769K01GT7;INF769K01GV3;21.548;;;23-Jan-2026
118837;Mirae Asset Great Consumer Fund - Direct Plan - Growth;INF769K01BL5;;105.158;;;23-Jan-2026
114931;Mirae Asset Great Consumer Fund - Regular Plan - Growth option;INF769K01135;;87.593;;;23-Jan-2026
118838;Mirae Asset Great Consumer Fund Direct IDCW;INF769K01BM3;INF769K01BN1;63.139;;;23-Jan-2026
114930;Mirae Asset Great Consumer Fund Regular IDCW;INF769K01150;INF769K01143;24.540;;;23-Jan-2026
143785;Mirae Asset Healthcare Fund -Regular Growth;INF769K01EA2;;36.267;;;23-Jan-2026
143783;Mirae Asset Healthcare Fund Direct Growth;INF769K01ED6;;40.736;;;23-Jan-2026
143784;Mirae Asset Healthcare Fund Direct IDCW;INF769K01EE4;INF769K01EF1;26.762;;;23-Jan-2026
143786;Mirae Asset Healthcare Fund Regular IDCW;INF769K01EB0;INF769K01EC8;23.284;;;23-Jan-2026
153983;Mirae Asset Infrastructure Fund - Direct Plan - Growth;INF769K01PV4;;9.433;;;23-Jan-2026
153984;Mirae Asset Infrastructure Fund - Direct Plan - IDCW;INF769K01PX0;INF769K01PW2;9.432;;;23-Jan-2026
153985;Mirae Asset Infrastructure Fund - Regular Plan - Growth;INF769K01PS0;;9.410;;;23-Jan-2026
153986;Mirae Asset Infrastructure Fund - Regular Plan - IDCW;INF769K01PU6;INF769K01PT8;9.412;;;23-Jan-2026

PGIM India Mutual Fund
153039;PGIM India Healthcare Fund - Direct Plan - Growth Option;INF663L01Z45;;9.48;;;23-Jan-2026
153037;PGIM India Healthcare Fund - Direct Plan - IDCW Option;INF663L01Z60;INF663L01Z78;9.48;;;23-Jan-2026
153040;PGIM India Healthcare Fund - Regular Plan - Growth Option;INF663L01Z52;;9.3;;;23-Jan-2026
153038;PGIM India Healthcare Fund - Regular Plan - IDCW Option;INF663L01Z86;INF663L01Z94;9.3;;;23-Jan-2026

quant Mutual Fund
151791;quant BFSI Fund - Growth Option - Direct Plan;INF966L01BX0;;19.3327;;;23-Jan-2026
151788;quant BFSI Fund - Growth Option - Regular Plan;INF966L01CA6;;18.5393;;;23-Jan-2026
151790;quant BFSI Fund - IDCW Option - Direct Plan;INF966L01BY8;INF966L01BZ5;19.3547;;;23-Jan-2026
151789;quant BFSI Fund - IDCW Option - Regular Plan;INF966L01CB4;INF966L01CC2;18.5379;;;23-Jan-2026
151757;quant Business Cycle Fund - Growth Option - Direct Plan;INF966L01BR2;;15.1464;;;23-Jan-2026
151758;quant Business Cycle Fund - Growth Option - Regular Plan;INF966L01BU6;;14.5346;;;23-Jan-2026
151759;quant Business Cycle Fund - IDCW Option - Direct Plan;INF966L01BS0;INF966L01BT8;15.1356;;;23-Jan-2026
151760;quant Business Cycle Fund - IDCW Option - Regular Plan;INF966L01BV4;INF966L01BW2;14.5486;;;23-Jan-2026
152255;quant Commodities Fund - Growth Option - Direct Plan;INF966L01DF3;;12.2183;;;23-Jan-2026
152256;quant Commodities Fund - Growth Option - Regular Plan;INF966L01DC0;;11.84;;;23-Jan-2026
152257;quant Commodities Fund - IDCW Option - Direct Plan;INF966L01DG1;INF966L01DH9;12.2145;;;23-Jan-2026
152258;quant Commodities Fund - IDCW Option - Regular Plan;INF966L01DD8;INF966L01DE6;11.8382;;;23-Jan-2026
152336;quant Consumption Fund - Growth Option - Direct Plan;INF966L01DN7;;9.3302;;;23-Jan-2026
152338;quant Consumption Fund - Growth Option - Regular Plan;INF966L01DI7;;9.0456;;;23-Jan-2026
152339;quant Consumption Fund - IDCW Option - Direct Plan;INF966L01DO5;INF966L01DP2;9.3347;;;23-Jan-2026
152337;quant Consumption Fund - IDCW Option - Regular Plan;INF966L01DL1;INF966L01DM9;9.0492;;;23-Jan-2026
148564;quant ESG Integration Strategy Fund - Growth Option - Direct Plan;INF966L01AD4;;33.4827;;;23-Jan-2026
148560;quant ESG Integration Strategy Fund - Growth Option - Regular Plan;INF966L01AB8;;30.8893;;;23-Jan-2026
148563;quant ESG Integration Strategy Fund - IDCW Option - Direct Plan;INF966L01AE2;INF966L01AG7;33.4416;;;23-Jan-2026
148561;quant ESG Integration Strategy Fund - IDCW Option - Regular Plan;INF966L01AC6;INF966L01AF9;30.7394;;;23-Jan-2026
151853;quant Healthcare Fund - Growth Option - Direct Plan;INF966L01CD0;;14.6304;;;23-Jan-2026
151855;quant Healthcare Fund - Growth Option - Regular Plan;INF966L01CG3;;14.0392;;;23-Jan-2026
151854;quant Healthcare Fund - IDCW Option - Direct Plan;INF966L01CE8;INF966L01CF5;14.6291;;;23-Jan-2026
151856;quant Healthcare Fund - IDCW Option - Regular Plan;INF966L01CH1;INF966L01CI9;14.0385;;;23-Jan-2026
106170;quant Infrastructure Fund - Growth Option;INF966L01523;;33.8982;;;23-Jan-2026
120833;quant Infrastructure Fund - Growth Option-Direct Plan;INF966L01721;;37.4374;;;23-Jan-2026
120832;quant Infrastructure Fund - IDCW Option - Direct Plan;INF966L01705;INF966L01713;37.4078;;;23-Jan-2026
106169;quant Infrastructure Fund - IDCW Option - Regular Plan;INF966L01507;INF966L01515;33.8218;;;23-Jan-2026
151916;quant Manufacturing Fund - Growth Option - Direct Plan;INF966L01CJ7;;13.5685;;;23-Jan-2026
151913;quant Manufacturing Fund - Growth Option - Regular Plan;INF966L01CN9;;13.0646;;;23-Jan-2026
151914;quant Manufacturing Fund - IDCW Option - Direct Plan;INF966L01CK5;INF966L01CL3;13.5654;;;23-Jan-2026
151915;quant Manufacturing Fund - IDCW Option - Regular Plan;INF966L01CO7;INF966L01CP4;13.1642;;;23-Jan-2026
152189;quant Momentum Fund - Growth Option - Direct Plan;INF966L01CZ3;;13.9185;;;23-Jan-2026
152190;quant Momentum Fund - Growth Option - Regular Plan;INF966L01CW0;;13.5303;;;23-Jan-2026
152192;quant Momentum Fund - IDCW Option - Direct Plan;INF966L01DA4;INF966L01DB2;13.9047;;;23-Jan-2026
152191;quant Momentum Fund - IDCW Option - Regular Plan;INF966L01CX8;INF966L01CY6;13.4874;;;23-Jan-2026
152415;quant PSU Fund - Growth Option - Direct Plan;INF966L01DT4;;9.4747;;;23-Jan-2026
152413;quant PSU Fund - Growth Option - Regular Plan;INF966L01DQ0;;9.2189;;;23-Jan-2026
152416;quant PSU Fund - IDCW Option - Direct Plan;INF966L01DU2;INF966L01DV0;9.4805;;;23-Jan-2026
152414;quant PSU Fund - IDCW Option - Regular Plan;INF966L01DR8;INF966L01DS6;9.2186;;;23-Jan-2026
148925;quant Quantamental Fund - Growth Option - Direct Plan;INF966L01AK9;;23.7324;;;23-Jan-2026
148923;quant Quantamental Fund - Growth Option - Regular Plan;INF966L01AH5;;22.0646;;;23-Jan-2026
148924;quant Quantamental Fund - IDCW Option - Direct Plan;INF966L01AL7;INF966L01AM5;23.8634;;;23-Jan-2026
148922;quant Quantamental Fund - IDCW Option - Regular Plan;INF966L01AI3;INF966L01AJ1;22.0901;;;23-Jan-2026
152067;quant Teck Fund - Growth Option - Direct Plan;INF966L01CT6;;10.7278;;;23-Jan-2026
152070;quant Teck Fund - Growth Option - Regular Plan;INF966L01CQ2;;10.3301;;;23-Jan-2026
152068;quant Teck Fund - IDCW Option - Direct Plan;INF966L01CU4;INF966L01CV2;10.7224;;;23-Jan-2026
152069;quant Teck Fund - IDCW Option - Regular Plan;INF966L01CR0;INF966L01CS8;10.3317;;;23-Jan-2026

Quantum Mutual Fund
147372;QUANTUM ESG BEST IN CLASS STRATEGY FUND - DIRECT PLAN - GROWTH OPTION;INF082J01382;;24.33;;;23-Jan-2026
147371;QUANTUM ESG BEST IN CLASS STRATEGY FUND - REGULAR PLAN - GROWTH OPTION;INF082J01390;;22.89;;;23-Jan-2026
153094;Quantum Ethical Fund - Direct Plan Growth Option;INF082J01473;;9.41;;;23-Jan-2026
153095;Quantum Ethical Fund - Regular Plan Growth Option;INF082J01481;;9.27;;;23-Jan-2026

Samco Mutual Fund
151753;Samco Active Momentum Fund - Direct Plan - Growth Option;INF0K1H01081;;12.81;;;23-Jan-2026
151752;Samco Active Momentum Fund - Regular Plan - Growth Option;INF0K1H01073;;12.36;;;23-Jan-2026
152586;Samco Special Opportunities Fund - Direct Plan - Growth;INF0K1H01180;;8.17;;;23-Jan-2026
152587;Samco Special Opportunities Fund - Regular Plan - Growth;INF0K1H01172;;7.96;;;23-Jan-2026

SBI Mutual Fund
152657;SBI Automotive Opportunities Fund - Direct Plan - Growth;INF200KB1183;;10.8392;;;23-Jan-2026
152655;SBI Automotive Opportunities Fund - Direct Plan - Income Distribution Cum Capital Withdrawal Option;INF200KB1191;INF200KB1209;10.8388;;;23-Jan-2026
152658;SBI Automotive Opportunities Fund - Regular Plan - Growth;INF200KB1159;;10.6393;;;23-Jan-2026
152656;SBI Automotive Opportunities Fund - Regular Plan - Income Distribution Cum Capital Withdrawal Option;INF200KB1167;INF200KB1175;10.6395;;;23-Jan-2026
133859;SBI BANKING & FINANCIAL SERVICES FUND - DIRECT PLAN - GROWTH;INF200KA1507;;50.3219;;;23-Jan-2026
133857;SBI Banking & Financial Services Fund - Direct Plan - Income Distribution cum Capital Withdrawal Option (IDCW);INF200KA1515;INF200KA1523;44.9801;;;23-Jan-2026
133858;SBI BANKING & FINANCIAL SERVICES FUND - REGULAR PLAN - GROWTH;INF200KA1473;;44.8308;;;23-Jan-2026
133860;SBI Banking & Financial Services Fund - Regular Plan - Income Distribution cum Capital Withdrawal Option (IDCW);INF200KA1481;INF200KA1499;40.2604;;;23-Jan-2026
119705;SBI COMMA Fund - DIRECT PLAN - Growth;INF200K01SB6;;115.9727;;;23-Jan-2026
119613;SBI Comma Fund - Direct Plan - Income Distribution cum Capital Withdrawal Option (IDCW);INF200K01RZ7;INF200K01SA8;65.9939;;;23-Jan-2026
103145;SBI COMMA Fund - REGULAR PLAN - Growth;INF200K01339;;106.8593;;;23-Jan-2026
103146;SBI Comma Fund - Regular Plan - Income Distribution cum Capital Withdrawal Option (IDCW);INF200K01313;INF200K01321;60.6545;;;23-Jan-2026
120575;SBI CONSUMPTION OPPORTUNITIES FUND - DIRECT PLAN - GROWTH;INF200K01RM5;;331.3526;;;23-Jan-2026
119730;SBI Consumption Opportunities Fund - Direct Plan - Income Distribution cum Capital Withdrawal Option (IDCW);INF200K01RK9;INF200K01RL7;233.2690;;;23-Jan-2026
120576;SBI CONSUMPTION OPPORTUNITIES FUND - REGULAR - GROWTH;INF200K01VR6;;288.8615;;;23-Jan-2026
100645;SBI Consumption Opportunities Fund - Regular Plan - Income Distribution cum Capital Withdrawal Option (IDCW);INF200K01404;INF200K01412;173.9144;;;23-Jan-2026
152417;SBI Energy Opportunities Fund - Direct Plan - Growth;INF200KB1126;;10.3243;;;23-Jan-2026
152420;SBI Energy Opportunities Fund - Direct Plan - Income Distribution Cum Capital Withdrawal Option;INF200KB1134;INF200KB1142;10.3241;;;23-Jan-2026
152418;SBI Energy Opportunities Fund - Regular Plan - Growth;INF200KB1092;;10.1094;;;23-Jan-2026
152419;SBI Energy Opportunities Fund - Regular Plan - Income Distribution Cum Capital Withdrawal Option;INF200KB1100;INF200KB1118;10.1096;;;23-Jan-2026
146643;SBI Equity Minimum Variance Fund - Direct Plan - Growth;INF200KA1A71;;24.2970;;;23-Jan-2026
146642;SBI Equity Minimum Variance Fund - Direct Plan - Income Distribution cum Capital Withdrawal Option (IDCW);INF200KA1A89;INF200KA1A97;24.2955;;;23-Jan-2026
146644;SBI Equity Minimum Variance Fund - Regular Plan - Growth;INF200KA1A48;;23.7035;;;23-Jan-2026
146641;SBI Equity Minimum Variance Fund - Regular Plan - Income Distribution cum Capital Withdrawal Option (IDCW);INF200KA1A55;INF200KA1A63;23.7073;;;23-Jan-2026
119708;SBI ESG Exclusionary Strategy Fund - Direct Plan - Income Distribution cum Capital Withdrawal Option (IDCW);INF200K01SC4;INF200K01SD2;93.4202;;;23-Jan-2026
119709;SBI ESG Exclusionary Strategy Fund - Direct Plan -Growth;INF200K01SE0;;260.2266;;;23-Jan-2026
104523;SBI ESG Exclusionary Strategy Fund - Regular Plan - Growth;INF200K01214;;236.7758;;;23-Jan-2026
101295;SBI ESG Exclusionary Strategy Fund - Regular Plan - Income Distribution cum Capital Withdrawal Option (IDCW);INF200K01198;INF200K01206;74.0504;;;23-Jan-2026
119700;SBI INFRASTRUCTURE FUND -  DIRECT PLAN - GROWTH;INF200K01RS2;;50.2265;;;23-Jan-2026
106096;SBI INFRASTRUCTURE FUND -  REGULAR PLAN - GROWTH;INF200K01CT2;;46.3065;;;23-Jan-2026
119695;SBI Infrastructure Fund - Direct Plan - Income Distribution cum Capital Withdrawal Option (IDCW);INF200K01RQ6;INF200K01RR4;44.4511;;;23-Jan-2026
106095;SBI Infrastructure Fund - Regular Plan - Income Distribution cum Capital Withdrawal Option (IDCW);INF200K01CU0;INF200K01CV8;41.1934;;;23-Jan-2026
152776;SBI Innovative Opportunities Fund - Direct Plan - Growth;INF200KB1324;;9.1683;;;23-Jan-2026
152777;SBI Innovative Opportunities Fund - Direct Plan - Income Distribution Cum Capital Withdrawal Option;INF200KB1332;INF200KB1340;9.1683;;;23-Jan-2026
152774;SBI Innovative Opportunities Fund - Regular Plan - Growth;INF200KB1290;;9.0220;;;23-Jan-2026
152775;SBI Innovative Opportunities Fund - Regular Plan - Income Distribution Cum Capital Withdrawal Option;INF200KB1308;INF200KB1316;9.0224;;;23-Jan-2026
119710;SBI MNC Fund - Direct Plan - Income Distribution cum Capital Withdrawal Option (IDCW);INF200K01SL5;INF200K01SM3;133.9385;;;23-Jan-2026
119711;SBI MNC FUND - DIRECT PLAN -GROWTH;INF200K01SN1;;375.2146;;;23-Jan-2026
103114;SBI MNC Fund - Regular Plan - Income Distribution cum Capital Withdrawal Option (IDCW);INF200K01255;INF200K01263;103.6803;;;23-Jan-2026
103034;SBI MNC FUND - REGULAR PLAN -GROWTH;INF200K01271;;339.3877;;;23-Jan-2026
119732;SBI PSU Fund - DIRECT PLAN - GROWTH;INF200K01UY4;;36.9738;;;23-Jan-2026
119733;SBI PSU Fund - Direct Plan - Income Distribution cum Capital Withdrawal Option (IDCW);INF200K01UW8;INF200K01UX6;36.9198;;;23-Jan-2026
112923;SBI PSU Fund - Regular Plan - Income Distribution cum Capital Withdrawal Option (IDCW);INF200K01BD8;INF200K01BE6;33.4003;;;23-Jan-2026
113099;SBI PSU Fund - REGULAR PLAN -Growth;INF200K01BC0;;33.4042;;;23-Jan-2026
153154;SBI Quant Fund- Direct Plan- Growth;INF200KB1506;;10.4060;;;23-Jan-2026
153151;SBI Quant Fund- Direct Plan- Income Distribution cum Capital Withdrawal Option (IDCW);INF200KB1514;INF200KB1522;10.4059;;;23-Jan-2026
153153;SBI Quant Fund- Regular Plan- Growth;INF200KB1472;;10.2746;;;23-Jan-2026
153152;SBI Quant Fund- Regular Plan- Income Distribution Cum Capital Withdrawal Option (IDCW);INF200KB1480;INF200KB1498;10.2747;;;23-Jan-2026

Taurus Mutual Fund
118868;Taurus Banking & Financial Services Fund - Direct Plan - Growth;INF044D01CN2;;59.51;;;23-Jan-2026
118869;Taurus Banking & Financial Services Fund - Direct Plan - Payout of Income Distribution cum Capital Withdrawal option;INF044D01CO0;INF044D01CP7;58.82;;;23-Jan-2026
117312;Taurus Banking & Financial Services Fund - Regular Plan - Growth;INF044D01BI4;;53.01;;;23-Jan-2026
117313;Taurus Banking & Financial Services Fund - Regular Plan - Payout of Income Distribution cum Capital Withdrawal option;INF044D01BJ2;INF044D01BK0;47.46;;;23-Jan-2026
111903;Taurus Ethical Fund -  Regular Plan - Bonus Option;INF044D01823;;123.88;;;23-Jan-2026
118876;Taurus Ethical Fund - Direct Plan - Growth;INF044D01CJ0;;140.57;;;23-Jan-2026
118877;Taurus Ethical Fund - Direct Plan - Payout of Income Distribution cum Capital Withdrawal option;INF044D01CK8;INF044D01CL6;94.36;;;23-Jan-2026
111787;Taurus Ethical Fund - Regular Plan - Growth;INF044D01864;;123.90;;;23-Jan-2026
111788;Taurus Ethical Fund - Regular Plan - Payout of Income Distribution cum Capital Withdrawal option;INF044D01831;INF044D01849;83.75;;;23-Jan-2026
118878;Taurus Ethical Fund-Direct Plan-Bonus Option #;INF044D01CM4;;46.07;;;23-Jan-2026
118879;Taurus Infrastructure Fund - Direct Plan - Growth ;INF044D01CD3;;66.94;;;23-Jan-2026
118880;Taurus Infrastructure Fund - Direct Plan - Payout of Income Distribution cum Capital Withdrawal option;INF044D01CE1;INF044D01CF8;62.34;;;23-Jan-2026
105417;Taurus Infrastructure Fund - Regular Plan - Growth;INF044D01906;;62.21;;;23-Jan-2026
105418;Taurus Infrastructure Fund - Regular Plan - Payout of Income Distribution cum Capital Withdrawal option;INF044D01872;INF044D01880;58.43;;;23-Jan-2026

The Wealth Company Mutual Fund
153895;THE WEALTH COMPANY ETHICAL FUND DIRECT GROWTH;INF2F0001214;;9.4921;;;23-Jan-2026
153898;THE WEALTH COMPANY ETHICAL FUND DIRECT IDCW;INF2F0001206;INF2F0001198;9.4927;;;23-Jan-2026
153897;THE WEALTH COMPANY ETHICAL FUND REGULAR GROWTH;INF2F0001248;;9.4538;;;23-Jan-2026
153896;THE WEALTH COMPANY ETHICAL FUND REGULAR IDCW;INF2F0001230;INF2F0001222;9.4535;;;23-Jan-2026

Union Mutual Fund
153109;Union Active Momentum Fund - Direct Plan - Growth Option;INF582M01KG9;;8.43;;;23-Jan-2026
153110;Union Active Momentum Fund - Direct Plan - IDCW Option;INF582M01KH7;INF582M01KI5;8.43;;;23-Jan-2026
153111;Union Active Momentum Fund - Regular Plan - Growth Option;INF582M01KC8;;8.31;;;23-Jan-2026
153112;Union Active Momentum Fund - Regular Plan - IDCW Option;INF582M01KD6;INF582M01KE4;8.31;;;23-Jan-2026
152409;Union Business Cycle Fund - Direct Plan - Growth Option;INF582M01JQ0;;11.15;;;23-Jan-2026
152410;Union Business Cycle Fund - Direct Plan - IDCW Option;INF582M01JR8;INF582M01JS6;11.15;;;23-Jan-2026
152411;Union Business Cycle Fund - Regular Plan - Growth Option;INF582M01JM9;;10.86;;;23-Jan-2026
152412;Union Business Cycle Fund - Regular Plan - IDCW Option;INF582M01JN7;INF582M01JO5;10.86;;;23-Jan-2026
154020;Union Consumption Fund - Direct Plan - Growth Option;INF582M01MH3;;9.36;;;23-Jan-2026
154021;Union Consumption Fund - Direct Plan - IDCW Option;INF582M01MI1;INF582M01MJ9;9.36;;;23-Jan-2026
154022;Union Consumption Fund - Regular Plan - Growth Option;INF582M01MD2;;9.34;;;23-Jan-2026
154023;Union Consumption Fund - Regular Plan - IDCW Option;INF582M01ME0;INF582M01MF7;9.34;;;23-Jan-2026
151905;Union Innovation & Opportunities Fund - Direct Plan - Growth Option;INF582M01JE6;;13.48;;;23-Jan-2026
151904;Union Innovation & Opportunities Fund - Direct Plan - IDCW Option;INF582M01JF3;INF582M01JG1;13.48;;;23-Jan-2026
151903;Union Innovation & Opportunities Fund - Regular Plan - Growth Option;INF582M01JA4;;13.01;;;23-Jan-2026
151906;Union Innovation & Opportunities Fund - Regular Plan - IDCW Option;INF582M01JB2;INF582M01JC0;13.01;;;23-Jan-2026

WhiteOak Capital Mutual Fund
152321;WhiteOak Capital Banking & Financial Services Fund - Direct Growth;INF03VN01860;;13.184;;;23-Jan-2026
152322;WhiteOak Capital Banking & Financial Services Fund - Regular Growth;INF03VN01852;;12.745;;;23-Jan-2026
152915;WhiteOak Capital Digital Bharat Fund Direct Plan Growth;INF03VN01936;;10.288;;;23-Jan-2026
152914;WhiteOak Capital Digital Bharat Fund Regular Plan Growth;INF03VN01944;;10.061;;;23-Jan-2026
152962;WhiteOak Capital ESG Best-In-Class Strategy Fund Direct Plan Growth;INF03VN01951;;10.414;;;23-Jan-2026
152963;WhiteOak Capital ESG Best-In-Class Strategy Fund Regular Plan Growth;INF03VN01969;;10.191;;;23-Jan-2026
152349;WhiteOak Capital Pharma and Heathcare Fund Direct Plan Growth;INF03VN01886;;13.493;;;23-Jan-2026
152348;WhiteOak Capital Pharma and Heathcare Fund Regular Plan Growth;INF03VN01878;;13.037;;;23-Jan-2026
153189;WhiteOak Capital Quality Equity Fund Direct Plan Growth;INF03VN01977;;10.385;;;23-Jan-2026
153190;WhiteOak Capital Quality Equity Fund Regular Plan Growth;INF03VN01985;;10.209;;;23-Jan-2026
152644;WhiteOak Capital Special Opportunities Fund - Direct Growth;INF03VN01902;;12.993;;;23-Jan-2026
152643;WhiteOak Capital Special Opportunities Fund - Regular Growth;INF03VN01894;;12.594;;;23-Jan-2026

Open Ended Schemes ( Equity Scheme - ELSS )


360 ONE Mutual Fund
151165;360 ONE ELSS Tax Saver Nifty 50 Index Fund - Direct Plan - Growth;INF579M01AN2;;14.1423;;;23-Jan-2026
151166;360 ONE ELSS Tax Saver Nifty 50 Index Fund - Direct Plan - IDCW Payout;INF579M01AO0;;14.1423;;;23-Jan-2026
151164;360 ONE ELSS Tax Saver Nifty 50 Index Fund - Regular Plan - Growth;INF579M01AL6;;14.0341;;;23-Jan-2026
151167;360 ONE ELSS Tax Saver Nifty 50 Index Fund - Regular Plan - IDCW Payout;INF579M01AM4;;14.0341;;;23-Jan-2026

Bajaj Finserv Mutual Fund
153201;BAJAJ FINSERV ELSS TAX SAVER FUND - DIRECT - GROWTH;INF0QA701AK0;;10.989;;;23-Jan-2026
153203;BAJAJ FINSERV ELSS TAX SAVER FUND - DIRECT - IDCW;INF0QA701AL8;;10.989;;;23-Jan-2026
153202;BAJAJ FINSERV ELSS TAX SAVER FUND - REGULAR - GROWTH;INF0QA701AI4;;10.796;;;23-Jan-2026
153200;BAJAJ FINSERV ELSS TAX SAVER FUND - REGULAR - IDCW;INF0QA701AJ2;;10.796;;;23-Jan-2026

Bank of India Mutual Fund
119351;BANK OF INDIA ELSS Tax Saver -Direct Plan- Growth;INF761K01884;;180.60;;;23-Jan-2026
119352;BANK OF INDIA ELSS Tax Saver -Direct Plan-IDCW;INF761K01876;INF761K01868;72.13;;;23-Jan-2026
111709;BANK OF INDIA ELSS Tax Saver -ECO Plan-Growth;INF761K01157;;166.91;;;23-Jan-2026
111711;BANK OF INDIA ELSS Tax Saver -ECO Plan-IDCW;INF761K01132;INF761K01140;27.71;;;23-Jan-2026
111710;BANK OF INDIA ELSS Tax Saver -Regular Plan- Growth;INF761K01181;;154.12;;;23-Jan-2026
111708;BANK OF INDIA ELSS Tax Saver -Regular Plan-IDCW;INF761K01165;INF761K01173;29.69;;;23-Jan-2026

Baroda BNP Paribas Mutual Fund
150159;BARODA BNP PARIBAS ELSS Tax Saver Fund - Direct Plan - Growth Option;INF251K01HF3;;108.4666;;;23-Jan-2026
150158;BARODA BNP PARIBAS ELSS Tax Saver Fund - Direct Plan - IDCW Option;INF251K01HH9;INF251K01HG1;29.3207;;;23-Jan-2026
150156;BARODA BNP PARIBAS ELSS Tax Saver Fund - Regular - Growth Option;INF251K01985;;95.6379;;;23-Jan-2026
150157;BARODA BNP PARIBAS ELSS Tax Saver Fund- Regular - IDCW Option;INF251K01AA9;INF251K01993;22.9606;;;23-Jan-2026

DSP Mutual Fund
119242;DSP ELSS Tax Saver Fund - Direct Plan - Growth;INF740K01OK1;;155.898;;;23-Jan-2026
119241;DSP ELSS Tax Saver Fund - Direct Plan - IDCW;INF740K01OL9;INF740K01OM7;93.58;;;23-Jan-2026
104772;DSP ELSS Tax Saver Fund - Regular Plan - Growth;INF740K01185;;139.703;;;23-Jan-2026
104773;DSP ELSS Tax Saver Fund - Regular Plan - IDCW;INF740K01169;INF740K01177;23.363;;;23-Jan-2026

Franklin Templeton Mutual Fund
118540;Franklin India ELSS Tax Saver Fund - Direct - Growth;INF090I01JS8;;1598.5287;;;23-Jan-2026
118541;Franklin India ELSS Tax Saver Fund - Direct - IDCW;INF090I01JT6;INF090I01JU4;75.3309;;;23-Jan-2026
100525;Franklin India ELSS Tax Saver Fund - IDCW;INF090I01783;INF090I01791;64.7229;;;23-Jan-2026
100526;Franklin India ELSS Tax Saver Fund-Growth;INF090I01775;;1427.9385;;;23-Jan-2026

Groww Mutual Fund
141807;Groww ELSS Tax Saver Fund (formerly known as Indiabulls Tax Savings Fund)- Direct Plan- Dividend Option;INF666M01DL5;;21.93;;;23-Jan-2026
141808;Groww ELSS Tax Saver Fund (formerly known as Indiabulls Tax Savings Fund)- Direct Plan- Growth Option;INF666M01DK7;;21.96;;;23-Jan-2026
141810;Groww ELSS Tax Saver Fund (formerly known as Indiabulls Tax Savings Fund)- Regular Plan- - Income Distribution cum capital withdrawal Option (Payout);INF666M01DO9;;19.22;;;23-Jan-2026
141862;Groww ELSS Tax Saver Fund (formerly known as Indiabulls Tax Savings Fund)-Regular Plan-Growth Option;INF666M01DN1;;19.22;;;23-Jan-2026

ICICI Prudential Mutual Fund
120592;ICICI Prudential ELSS Tax Saver Fund - Direct Plan - Growth;INF109K01Y31;;1018.67;;;23-Jan-2026
120593;ICICI Prudential ELSS Tax Saver Fund - Direct Plan - IDCW;INF109K01Y15;INF109K01Y23;45.19;;;23-Jan-2026
100354;ICICI Prudential ELSS Tax Saver Fund - Growth;INF109K01464;;914.74;;;23-Jan-2026
100353;ICICI Prudential ELSS Tax Saver Fund - IDCW;INF109K01FN1;INF109K01472;22.28;;;23-Jan-2026

Invesco Mutual Fund
120416;Invesco India ELSS Tax Saver Fund - Direct Plan - Growth;INF205K01NT8;;139.37;;;23-Jan-2026
120417;Invesco India ELSS Tax Saver Fund - Direct Plan - IDCW Payout;INF205K01NR2;INF205K01NS0;30.3;;;23-Jan-2026
104636;Invesco India ELSS Tax Saver Fund - Regular Plan - Growth;INF205K01270;;117.14;;;23-Jan-2026
104635;Invesco India ELSS Tax Saver Fund - Regular Plan - IDCW Payout;INF205K01296;INF205K01288;22.92;;;23-Jan-2026

ITI Mutual Fund
147541;ITI ELSS Tax Saver Fund - Direct Plan - Growth Option;INF00XX01390;;25.5352;;;23-Jan-2026
147542;ITI ELSS Tax Saver Fund - Direct Plan - IDCW Option;INF00XX01408;;23.5466;;;23-Jan-2026
147544;ITI ELSS Tax Saver Fund - Regular Plan - Growth Option;INF00XX01374;;22.5424;;;23-Jan-2026
147543;ITI ELSS Tax Saver Fund - Regular Plan - IDCW Option;INF00XX01382;;20.6856;;;23-Jan-2026

JM Financial Mutual Fund
120494;JM ELSS Tax Saver Fund (Direct) - Growth Option;INF192K01CE3;;53.6584;;;23-Jan-2026
120493;JM ELSS Tax Saver Fund (Direct) - IDCW;INF192K01CD5;;52.3355;;;23-Jan-2026
107288;JM ELSS Tax Saver Fund (Regular) - Growth option;INF192K01650;;46.6654;;;23-Jan-2026
107287;JM ELSS Tax Saver Fund (Regular) - IDCW;INF192K01643;;46.6647;;;23-Jan-2026

LIC Mutual Fund
120270;LIC MF ELSS Tax Saver-Direct Plan-Growth;INF767K01EM1;;168.5304;;;23-Jan-2026
120269;LIC MF ELSS Tax Saver-Direct Plan-IDCW;INF767K01EL3;INF767K01EN9;37.2163;;;23-Jan-2026
100865;LIC MF ELSS Tax Saver-Regular Plan-Growth;INF767K01956;;146.7322;;;23-Jan-2026
100864;LIC MF ELSS Tax Saver-Regular Plan-IDCW;INF767K01931;INF767K01949;30.7174;;;23-Jan-2026
134878;LIC MF ULIS (10 Yrs. Regular Premium Reducing Cover Half-Yearly)-Direct Plan-IDCW Reinvestment;;INF767K01DR2;39.2024;;;23-Jan-2026
134865;LIC MF ULIS (10 Yrs. Regular Premium Reducing Cover Half-Yearly)-Regular Plan-IDCW Reinvestment;;INF767K01998;35.0783;;;23-Jan-2026
134876;LIC MF ULIS (10 Yrs. Regular Premium Reducing Cover Monthly)-Direct Plan-IDCW Reinvestment;;INF767K01DQ4;39.2024;;;23-Jan-2026
134847;LIC MF ULIS (10 Yrs. Regular Premium Reducing Cover Monthly)-Regular Plan-IDCW Reinvestment;;INF767K01980;35.0783;;;23-Jan-2026
135976;LIC MF ULIS (10 Yrs. Regular Premium Reducing Cover Quarterly)-Direct Plan-IDCW Reinvestment;;INF767K01OY5;39.2024;;;23-Jan-2026
135979;LIC MF ULIS (10 Yrs. Regular Premium Reducing Cover Quarterly)-Regular Plan-IDCW Reinvestment;;INF767K01OV1;35.0783;;;23-Jan-2026
134877;LIC MF ULIS (10 Yrs. Regular Premium Reducing Cover Yearly)-Direct Plan-IDCW Reinvestment;;INF767K01DS0;39.2024;;;23-Jan-2026
134864;LIC MF ULIS (10 Yrs. Regular Premium Reducing Cover Yearly)-Regular Plan-IDCW Reinvestment;;INF767K01AA4;35.0783;;;23-Jan-2026
134879;LIC MF ULIS (10 Yrs. Regular Premium Uniform Cover Half-Yearly)-Direct Plan-IDCW Reinvestment;;INF767K01DU6;39.2024;;;23-Jan-2026
134867;LIC MF ULIS (10 Yrs. Regular Premium Uniform Cover Half-Yearly)-Regular Plan-IDCW Reinvestment;;INF767K01AC0;35.0783;;;23-Jan-2026
134881;LIC MF ULIS (10 Yrs. Regular Premium Uniform Cover Monthly)-Direct Plan-IDCW Reinvestment;;INF767K01DT8;39.2024;;;23-Jan-2026
134863;LIC MF ULIS (10 Yrs. Regular Premium Uniform Cover Monthly)-Regular Plan-IDCW Reinvestment;;INF767K01AB2;35.0783;;;23-Jan-2026
135977;LIC MF ULIS (10 Yrs. Regular Premium Uniform Cover Quarterly)-Direct Plan-IDCW Reinvestment;;INF767K01PB0;39.2024;;;23-Jan-2026
135983;LIC MF ULIS (10 Yrs. Regular Premium Uniform Cover Quarterly)-Regular Plan-IDCW Reinvestment;;INF767K01PA2;35.0783;;;23-Jan-2026
134880;LIC MF ULIS (10 Yrs. Regular Premium Uniform Cover Yearly)-Direct Plan-IDCW Reinvestment;;INF767K01DV4;39.2024;;;23-Jan-2026
134868;LIC MF ULIS (10 Yrs. Regular Premium Uniform Cover Yearly)-Regular Plan-IDCW Reinvestment;;INF767K01AD8;35.0783;;;23-Jan-2026
134875;LIC MF ULIS (10 Yrs. Single Premium)-Direct Plan-IDCW Reinvestment;;INF767K01DP6;39.2024;;;23-Jan-2026
134846;LIC MF ULIS (10 Yrs. Single Premium)-Regular Plan-IDCW Reinvestment;;INF767K01972;35.0783;;;23-Jan-2026
134882;LIC MF ULIS (15 Yrs. Regular Premium Reducing Cover Half-Yearly)-Direct Plan-IDCW Reinvestment;;INF767K01DX0;39.2024;;;23-Jan-2026
134870;LIC MF ULIS (15 Yrs. Regular Premium Reducing Cover Half-Yearly)-Regular Plan-IDCW Reinvestment;;INF767K01AF3;35.0783;;;23-Jan-2026
134884;LIC MF ULIS (15 Yrs. Regular Premium Reducing Cover Monthly)-Direct Plan-IDCW Reinvestment;;INF767K01DW2;39.2024;;;23-Jan-2026
134869;LIC MF ULIS (15 Yrs. Regular Premium Reducing Cover Monthly)-Regular Plan-IDCW Reinvestment;;INF767K01AE6;35.0783;;;23-Jan-2026
135978;LIC MF ULIS (15 Yrs. Regular Premium Reducing Cover Quarterly)-Direct Plan-IDCW Reinvestment;;INF767K01OX7;39.2024;;;23-Jan-2026
135981;LIC MF ULIS (15 Yrs. Regular Premium Reducing Cover Quarterly)-Regular Plan-IDCW Reinvestment;;INF767K01OU3;35.0783;;;23-Jan-2026
134883;LIC MF ULIS (15 Yrs. Regular Premium Reducing Cover Yearly)-Direct Plan-IDCW Reinvestment;;INF767K01DY8;39.2024;;;23-Jan-2026
134871;LIC MF ULIS (15 Yrs. Regular Premium Reducing Cover Yearly)-Regular Plan-IDCW Reinvestment;;INF767K01AG1;35.0783;;;23-Jan-2026
134885;LIC MF ULIS (15 Yrs. Regular Premium Uniform Cover Half-Yearly)-Direct Plan-IDCW Reinvestment;;INF767K01EA6;39.2024;;;23-Jan-2026
134873;LIC MF ULIS (15 Yrs. Regular Premium Uniform Cover Half-Yearly)-Regular Plan-IDCW Reinvestment;;INF767K01AI7;35.0783;;;23-Jan-2026
134887;LIC MF ULIS (15 Yrs. Regular Premium Uniform Cover Monthly)-Direct Plan-IDCW Reinvestment;;INF767K01DZ5;39.2024;;;23-Jan-2026
134872;LIC MF ULIS (15 Yrs. Regular Premium Uniform Cover Monthly)-Regular Plan-IDCW Reinvestment;;INF767K01AH9;35.0783;;;23-Jan-2026
135980;LIC MF ULIS (15 Yrs. Regular Premium Uniform Cover Quarterly)-Direct Plan-IDCW Reinvestment;;INF767K01OZ2;39.2024;;;23-Jan-2026
135982;LIC MF ULIS (15 Yrs. Regular Premium Uniform Cover Quarterly)-Regular Plan-IDCW Reinvestment;;INF767K01OW9;35.0783;;;23-Jan-2026
134886;LIC MF ULIS (15 Yrs. Regular Premium Uniform Cover Yearly)-Direct Plan-IDCW Reinvestment;;INF767K01EB4;39.2024;;;23-Jan-2026
134874;LIC MF ULIS (15Yrs. Regular Premium Uniform Cover Yearly)-Regular Plan-IDCW Reinvestment;;INF767K01AJ5;35.0783;;;23-Jan-2026
120259;LIC MF ULIS (5 Yrs. Single Premium)-Direct Plan-IDCW Reinvestment;;INF767K01DO9;39.2024;;;23-Jan-2026
100325;LIC MF ULIS (5 Yrs. Single Premium)-Regular Plan-IDCW Reinvestment;;INF767K01964;35.0783;;;23-Jan-2026

Mahindra Manulife Mutual Fund
139781;Mahindra Manulife ELSS Tax Saver Fund - Direct Plan -Growth;INF174V01093;;33.0143;;;23-Jan-2026
139780;Mahindra Manulife ELSS Tax Saver Fund - Regular Plan - IDCW;INF174V01085;;18.0916;;;23-Jan-2026
139782;Mahindra Manulife ELSS Tax Saver Fund- Direct Plan - IDCW;INF174V01101;;22.3409;;;23-Jan-2026
139783;Mahindra Manulife ELSS Tax Saver Fund- Regular Plan - Growth;INF174V01077;;27.9233;;;23-Jan-2026

Mirae Asset Mutual Fund
135781;Mirae Asset ELSS Tax Saver Fund - Direct Plan - Growth;INF769K01DM9;;55.211;;;23-Jan-2026
135782;Mirae Asset ELSS Tax Saver Fund - Direct Plan - IDCW;INF769K01DN7;;25.798;;;23-Jan-2026
135784;Mirae Asset ELSS Tax Saver Fund - Regular Plan - Growth;INF769K01DK3;;48.559;;;23-Jan-2026
135783;Mirae Asset ELSS Tax Saver Fund - Regular Plan - IDCW;INF769K01DL1;;21.795;;;23-Jan-2026

Navi Mutual Fund
135653;Navi ELSS Tax Saver Fund - Direct Plan IDCW Payout;INF959L01CE3;;33.653;;;23-Jan-2026
135652;Navi ELSS Tax Saver Fund - Regular Plan IDCW Payout;INF959L01CG8;;28.4662;;;23-Jan-2026
135654;Navi ELSS Tax Saver Fund- Direct Plan- Growth Option;INF959L01CD5;;34.0798;;;23-Jan-2026
135655;Navi ELSS Tax Saver Fund- Regular Plan- Growth Option;INF959L01CF0;;28.469;;;23-Jan-2026
151471;NAVI ELSS TAX SAVER NIFTY 50 INDEX FUND - DIRECT PLAN GROWTH;INF959L01GR6;;15.1369;;;23-Jan-2026
151473;NAVI ELSS TAX SAVER NIFTY 50 INDEX FUND - DIRECT PLAN IDCW PAYOUT;INF959L01GT2;;15.1439;;;23-Jan-2026
151472;NAVI ELSS TAX SAVER NIFTY 50 INDEX FUND - REGULAR PLAN GROWTH;INF959L01GS4;;14.7256;;;23-Jan-2026
151474;NAVI ELSS TAX SAVER NIFTY 50 INDEX FUND - REGULAR PLAN IDCW PAYOUT;INF959L01GU0;;14.7838;;;23-Jan-2026

NJ Mutual Fund
151611;NJ ELSS Tax Saver Scheme Direct Growth;INF0J8L01115;;14.05;;;23-Jan-2026
151612;NJ ELSS Tax Saver Scheme Direct IDCW;INF0J8L01123;;14.05;;;23-Jan-2026
151609;NJ ELSS Tax Saver Scheme Regular Growth;INF0J8L01099;;13.41;;;23-Jan-2026
151610;NJ ELSS Tax Saver Scheme Regular IDCW;INF0J8L01107;;13.41;;;23-Jan-2026

PGIM India Mutual Fund
135600;PGIM India ELSS Tax Saver Fund - Direct Plan - Dividend Option;INF663L01FO3;;18.54;;;23-Jan-2026
135601;PGIM India ELSS Tax Saver Fund - Direct Plan - Growth Option;INF663L01FN5;;38.19;;;23-Jan-2026
135599;PGIM India ELSS Tax Saver Fund - Regular Plan - Dividend Option;INF663L01FR6;;17.32;;;23-Jan-2026
135598;PGIM India ELSS Tax Saver Fund - Regular Plan - Growth Option;INF663L01FQ8;;33.1;;;23-Jan-2026

PPFAS Mutual Fund
147481;Parag Parikh ELSS Tax Saver Fund- Direct Growth;INF879O01100;;33.1844;;;23-Jan-2026
147482;Parag Parikh ELSS Tax Saver Fund- Regular Growth;INF879O01092;;30.7038;;;23-Jan-2026

quant Mutual Fund
120847;quant ELSS Tax Saver Fund - Growth Option - Direct Plan;INF966L01986;;389.6297;;;23-Jan-2026
100175;quant ELSS Tax Saver Fund - Growth Option - Regular Plan;INF966L01135;;346.404;;;23-Jan-2026
120846;quant ELSS Tax Saver Fund - IDCW Option - Direct Plan;INF966L01960;INF966L01127;51.9397;;;23-Jan-2026
100174;quant ELSS Tax Saver Fund - IDCW Option - Regular Plan;INF966L01119;;48.1021;;;23-Jan-2026

Quantum Mutual Fund
111549;Quantum ELSS Tax Saver Fund - Direct Plan Growth Option;INF082J01069;;128.91;;;23-Jan-2026
111550;Quantum ELSS Tax Saver Fund - Direct Plan IDCW;INF082J01077;INF082J01085;128.08;;;23-Jan-2026
141070;Quantum ELSS Tax Saver Fund - Regular Plan Growth Option;INF082J01366;;122.23;;;23-Jan-2026
141071;Quantum ELSS Tax Saver Fund - Regular Plan IDCW;INF082J01374;;121.40;;;23-Jan-2026

Samco Mutual Fund
150838;Samco ELSS Tax Saver Fund - Direct Plan - Growth Option;INF0K1H01065;;12.42;;;23-Jan-2026
150839;Samco ELSS Tax Saver Fund - Regular Plan - Growth Option;INF0K1H01057;;11.88;;;23-Jan-2026

SBI Mutual Fund
119722;SBI ELSS Tax Saver Fund - Direct Plan - Income Distribution cum Capital Withdrawal Option (IDCW);INF200K01UK3;;116.5780;;;23-Jan-2026
119723;SBI ELSS Tax Saver FUND - DIRECT PLAN -GROWTH;INF200K01UM9;;470.6632;;;23-Jan-2026
103883;SBI ELSS Tax Saver Fund - Regular Plan - Income Distribution cum Capital Withdrawal Option (IDCW);INF200K01479;;88.0107;;;23-Jan-2026
105628;SBI ELSS Tax Saver FUND - REGULAR PLAN- GROWTH;INF200K01495;;434.1060;;;23-Jan-2026

Taurus Mutual Fund
118866;Taurus ELSS Tax Saver Fund - Direct Plan - Growth;INF044D01CG6;INF044D01AA3;188.77;;;23-Jan-2026
118867;Taurus ELSS Tax Saver Fund - Direct Plan - Payout of Income Distribution cum Capital Withdrawal option;INF044D01CH4;INF044D01CI2;87.00;;;23-Jan-2026
100480;Taurus ELSS Tax Saver Fund - Regular Plan - Growth;INF044D01AC9;;172.61;;;23-Jan-2026
108402;Taurus ELSS Tax Saver Fund - Regular Plan - Payout of Income Distribution cum Capital Withdrawal option;INF044D01997;;80.86;;;23-Jan-2026

Union Mutual Fund
119307;Union ELSS Tax Saver Fund - Direct Plan - Growth Option;INF582M01765;;68.73;;;23-Jan-2026
119306;Union ELSS Tax Saver Fund - Direct Plan - IDCW Option;INF582M01781;INF582M01773;68.73;;;23-Jan-2026
116051;Union ELSS Tax Saver Fund - Growth Option;INF582M01302;;62.99;;;23-Jan-2026
116052;Union ELSS Tax Saver Fund - IDCW Option;INF582M01328;INF582M01310;35.22;;;23-Jan-2026

WhiteOak Capital Mutual Fund
150587;WhiteOak Capital ELSS Tax Saver Fund Direct Plan Growth;INF03VN01621;;17.828;;;23-Jan-2026
150586;WhiteOak Capital ELSS Tax Saver Fund Direct Plan IDCW;INF03VN01639;;17.828;;;23-Jan-2026
150589;WhiteOak Capital ELSS Tax Saver Fund Regular Plan Growth;INF03VN01647;;16.857;;;23-Jan-2026
150588;WhiteOak Capital ELSS Tax Saver Fund Regular Plan IDCW;INF03VN01654;;16.857;;;23-Jan-2026

Open Ended Schemes ( Debt Scheme - Overnight Fund )


360 ONE Mutual Fund
153703;360 ONE Overnight Fund - Direct Plan - Growth;INF579M01BG4;;1029.7020;;;23-Jan-2026
153700;360 ONE Overnight Fund - Regular Plan - Growth;INF579M01BD1;;1029.2550;;;23-Jan-2026
153702;360 ONE Overnight Fund - Regular Plan - IDCW;INF579M01BE9;INF579M01BF6;1029.2550;;;23-Jan-2026
153701;360 ONE Overnight Fund- Direct Plan - IDCW;INF579M01BH2;INF579M01BI0;1029.7020;;;23-Jan-2026

Bajaj Finserv Mutual Fund
153437;Bajaj Finserv Overnight Fund - Direct - Unclaimed less than 3 years IDCW Plan;INF0QA701AE3;;1040.4310;;;23-Jan-2026
153438;Bajaj Finserv Overnight Fund - Direct - Unclaimed less than 3 years Redemption Plan;INF0QA701AF0;;1046.8763;;;23-Jan-2026
151843;Bajaj Finserv Overnight Fund - Direct Plan - Daily - IDCW;;INF0QA701185;1033.1412;;;23-Jan-2026
151850;Bajaj Finserv Overnight Fund - Direct Plan - Fortnightly - IDCW;INF0QA701235;INF0QA701201;1034.7902;;;23-Jan-2026
151849;Bajaj Finserv Overnight Fund - Direct Plan - Growth;INF0QA701177;;1170.8921;;;23-Jan-2026
151845;Bajaj Finserv Overnight Fund - Direct Plan - Monthly - IDCW;INF0QA701243;INF0QA701219;1034.2031;;;23-Jan-2026
151844;Bajaj Finserv Overnight Fund - Direct Plan - Weekly - IDCW;INF0QA701227;INF0QA701193;1033.7339;;;23-Jan-2026
151852;Bajaj Finserv Overnight Fund - Regular Plan - Daily - IDCW;;INF0QA701292;1032.8859;;;23-Jan-2026
151847;Bajaj Finserv Overnight Fund - Regular Plan - Fortnightly - IDCW;INF0QA701318;INF0QA701276;1034.5410;;;23-Jan-2026
151851;Bajaj Finserv Overnight Fund - Regular Plan - Growth;INF0QA701250;;1169.3970;;;23-Jan-2026
151848;Bajaj Finserv Overnight Fund - Regular Plan - Monthly - IDCW;INF0QA701326;INF0QA701284;1033.9294;;;23-Jan-2026
151846;Bajaj Finserv Overnight Fund - Regular Plan - Weekly - IDCW;INF0QA701300;INF0QA701268;1033.4783;;;23-Jan-2026

Bank of India Mutual Fund
147951;BANK OF INDIA Overnight Fund Direct Plan Growth;INF761K01EU7;;1355.1345;;;23-Jan-2026
147952;BANK OF INDIA Overnight Fund Direct Plan- Daily IDCW;;INF761K01EV5;1000.0009;;;23-Jan-2026
147948;BANK OF INDIA Overnight Fund Direct Plan- Monthly IDCW;INF761K01EY9;INF761K01EX1;1004.0260;;;23-Jan-2026
147936;BANK OF INDIA Overnight Fund Regular Plan Growth;INF761K01EZ6;;1351.2210;;;23-Jan-2026
147953;BANK OF INDIA Overnight Fund Regular Plan- Daily IDCW;;INF761K01FA6;1000.0009;;;23-Jan-2026
147949;BANK OF INDIA Overnight Fund Regular Plan- Monthly IDCW;INF761K01FD0;INF761K01FC2;1004.0346;;;23-Jan-2026
147947;BANK OF INDIA Overnight Fund Regular Plan- Weekly IDCW;;INF761K01FB4;1000.4338;;;23-Jan-2026
149412;BANK OF INDIA Overnight Fund Unclaimed IDCW Plan - Greater than 3 Years;;;1000.0000;;;23-Jan-2026
149414;BANK OF INDIA Overnight Fund Unclaimed IDCW Plan - Up to 3 Years;;;1274.1261;;;23-Jan-2026
149415;BANK OF INDIA Overnight Fund Unclaimed Redemption Plan - Greater than 3 Years;;;1000.0000;;;23-Jan-2026
149413;BANK OF INDIA Overnight Fund Unclaimed Redemption Plan - Upto 3 Years;;;1274.4375;;;23-Jan-2026

Baroda BNP Paribas Mutual Fund
147197;Baroda BNP Paribas Overnight Fund - Direct Plan - Daily IDCW;;INF955L01HW2;1000.0028;;;23-Jan-2026
147196;Baroda BNP Paribas Overnight Fund - Direct Plan - Growth;INF955L01HV4;;1401.7509;;;23-Jan-2026
147195;Baroda BNP Paribas Overnight Fund - Direct Plan - Weekly IDCW;;INF955L01HX0;1000.5350;;;23-Jan-2026
149988;Baroda BNP Paribas Overnight Fund - Plan C - Unclaimed IDCW - Greater than 3 years;;;1000.0000;;;23-Jan-2026
149991;Baroda BNP Paribas Overnight Fund - Plan C - Unclaimed IDCW - Up to 3 years;;;1257.6892;;;23-Jan-2026
149990;Baroda BNP Paribas Overnight Fund - Plan C - Unclaimed Redemption - Greater than 3 years;;;1000.0000;;;23-Jan-2026
149989;Baroda BNP Paribas Overnight Fund - Plan C - Unclaimed Redemption - Up to 3 years;;;1257.6598;;;23-Jan-2026
147194;Baroda BNP Paribas Overnight Fund - Regular Plan - Daily IDCW;;INF955L01HT8;1000.0018;;;23-Jan-2026
147193;Baroda BNP Paribas Overnight Fund - Regular Plan - Growth;INF955L01HS0;;1395.5082;;;23-Jan-2026
147198;Baroda BNP Paribas Overnight Fund - Regular Plan - Weekly IDCW;;INF955L01HU6;1001.0100;;;23-Jan-2026

DSP Mutual Fund
146062;DSP Overnight Fund - Direct Plan - Growth;INF740KA1MC8;;1429.5006;;;23-Jan-2026
146065;DSP Overnight Fund - Direct Plan - IDCW - Daily;;INF740KA1OR2;1000.0099;;;23-Jan-2026
146061;DSP Overnight Fund - Regular Plan - Growth;INF740KA1MB0;;1421.4164;;;23-Jan-2026
146066;DSP Overnight Fund - Regular Plan - IDCW - Daily;;INF740KA1OU6;1000.0099;;;23-Jan-2026
146063;DSP Overnight Fund - Regular Plan - IDCW - Weekly;INF740KA1OV4;INF740KA1OW2;1000.8;;;23-Jan-2026
149313;Unclaimed IDCW - Beyond 3 years (Invested in DSP Overnight Fund);;;10;;;23-Jan-2026
149312;Unclaimed IDCW - Upto 3 years (Invested in DSP Overnight Fund);;;12.7336;;;23-Jan-2026
149311;Unclaimed Redemption - Beyond 3 years (Invested in DSP Overnight Fund);;;10;;;23-Jan-2026
149310;Unclaimed Redemption - Upto 3 years (Invested in DSP Overnight Fund);;;12.7336;;;23-Jan-2026

Franklin Templeton Mutual Fund
147215;Franklin India Overnight Fund - Daily Dividend Plan - Daily - IDCW;;INF090I01SM2;1000.0001;;;23-Jan-2026
147212;Franklin India Overnight Fund - Direct Daily Dividend Plan - Daily - IDCW;;INF090I01ST7;1000.0007;;;23-Jan-2026
147211;Franklin India Overnight Fund - Direct Weekly Dividend Plan - Weekly - IDCW;INF090I01SR1;INF090I01SQ3;1000.7363;;;23-Jan-2026
147216;Franklin India Overnight Fund - Weekly Dividend Plan - Weekly - IDCW;INF090I01SN0;INF090I01SP5;1000.7369;;;23-Jan-2026
147213;Franklin India Overnight fund- Growth;INF090I01SO8;;1387.2581;;;23-Jan-2026
147214;Franklin India Overnight Fund- Growth - Direct;INF090I01SS9;;1391.9020;;;23-Jan-2026
149445;Franklin India Overnight Fund- Unclaimed IDCW Investor Education Plan;;;10.0000;;;23-Jan-2026
149443;Franklin India Overnight Fund- Unclaimed IDCW Plan;;;12.6331;;;23-Jan-2026
149444;Franklin India Overnight Fund- Unclaimed Redemption Investor EducationPlan;;;10.0000;;;23-Jan-2026
149446;Franklin India Overnight Fund- Unclaimed Redemption Plan;;;12.6331;;;23-Jan-2026

Groww Mutual Fund
147458;Groww Overnight Fund (formerly known as Indiabulls Overnight Fund)- Direct Plan- - Income Distribution cum capital withdrawal Option ( Reinvestment);;INF666M01GM6;1001.3616;;;23-Jan-2026
147452;Groww Overnight Fund (formerly known as Indiabulls Overnight Fund)- Direct Plan- Fortnightly - Income Distribution cum capital withdrawal Option (Payout & Reinvestment);INF666M01GP9;INF666M01GQ7;1216.5951;;;23-Jan-2026
147450;Groww Overnight Fund (formerly known as Indiabulls Overnight Fund)- Direct Plan- Growth Option;INF666M01GL8;;1375.2401;;;23-Jan-2026
147453;Groww Overnight Fund (formerly known as Indiabulls Overnight Fund)- Direct Plan- Monthly - Income Distribution cum capital withdrawal Option (Payout & Reinvestment);INF666M01GR5;INF666M01GS3;1004.4216;;;23-Jan-2026
147451;Groww Overnight Fund (formerly known as Indiabulls Overnight Fund)- Direct Plan- Weekly - Income Distribution cum capital withdrawal Option (Payout & Reinvestment);INF666M01GN4;INF666M01GO2;1002.5332;;;23-Jan-2026
147455;Groww Overnight Fund (formerly known as Indiabulls Overnight Fund)- Regular Plan- - Income Distribution cum capital withdrawal Option ( Reinvestment);;INF666M01GU9;1001.0417;;;23-Jan-2026
147457;Groww Overnight Fund (formerly known as Indiabulls Overnight Fund)- Regular Plan- Fortnightly - Income Distribution cum capital withdrawal Option (Payout & Reinvestment);INF666M01GX3;INF666M01GY1;1002.3855;;;23-Jan-2026
147454;Groww Overnight Fund (formerly known as Indiabulls Overnight Fund)- Regular Plan- Growth Option;INF666M01GT1;;1366.8569;;;23-Jan-2026
147459;Groww Overnight Fund (formerly known as Indiabulls Overnight Fund)- Regular Plan- Monthly - Income Distribution cum capital withdrawal Option (Payout & Reinvestment);INF666M01GZ8;INF666M01HA9;1004.4547;;;23-Jan-2026
147456;Groww Overnight Fund (formerly known as Indiabulls Overnight Fund)- Regular Plan- Weekly - Income Distribution cum capital withdrawal Option (Payout & Reinvestment);INF666M01GV7;INF666M01GW5;1001.4501;;;23-Jan-2026
149394;Groww Overnight Fund (formerly known as Indiabulls Overnight Fund)- Unclaimed Dividend < 3 years;;;1272.8036;;;23-Jan-2026
149396;Groww Overnight Fund (formerly known as Indiabulls Overnight Fund)- Unclaimed Redemption < 3 Years;;;1261.9035;;;23-Jan-2026
149395;Groww Overnight Fund (formerly known as Indiabulls Overnight Fund)- Unclaimed Redemption > 3 Years;;;1000;;;23-Jan-2026

Helios Mutual Fund
152151;Helios Overnight Fund - Direct Plan - Daily IDCW Option;INF0R8701087;;1000.0000;;;23-Jan-2026
152152;Helios Overnight Fund - Direct Plan - Growth Option;INF0R8701079;;1145.1156;;;23-Jan-2026
152154;Helios Overnight Fund - Regular Plan - Daily IDCW Option;INF0R8701103;;1000.0000;;;23-Jan-2026
152153;Helios Overnight Fund - Regular Plan - Growth Option;INF0R8701095;;1143.8258;;;23-Jan-2026

ICICI Prudential Mutual Fund
145547;ICICI Prudential Overnight Fund - Daily IDCW;;INF109KC18E1;1000.0050;;;23-Jan-2026
145537;ICICI Prudential Overnight Fund - Direct Plan - Daily IDCW;;INF109KC12G9;1000.0051;;;23-Jan-2026
145536;ICICI Prudential Overnight Fund - Direct Plan - Growth;INF109KC11G1;;1438.0751;;;23-Jan-2026
149411;ICICI Prudential Overnight fund - Direct Plan - Unclaimed IDCW Stable Scheme;INF109KC18H4;;1000.0000;;;23-Jan-2026
149408;ICICI Prudential Overnight fund - Direct Plan - Unclaimed IDCW Transitory Scheme;INF109KC16H8;;1268.8353;;;23-Jan-2026
149409;ICICI Prudential Overnight fund - Direct Plan - Unclaimed Redemption Stable Scheme;INF109KC17H6;;1000.0000;;;23-Jan-2026
149410;ICICI Prudential Overnight fund - Direct Plan - Unclaimed Redemption Transitory Scheme;INF109KC15H0;;1268.8510;;;23-Jan-2026
145539;ICICI Prudential Overnight Fund - Direct Plan - Weekly IDCW;INF109KC16G0;INF109KC15G2;1000.5808;;;23-Jan-2026
145535;ICICI Prudential Overnight Fund - Growth;INF109KC17E3;;1429.4739;;;23-Jan-2026
145538;ICICI Prudential Overnight Fund - Weekly IDCW;INF109KC12F1;INF109KC11F3;1000.5738;;;23-Jan-2026

Invesco Mutual Fund
147884;Invesco India Overnight Fund - Direct Plan - Daily IDCW (Reinvestment);;INF205KA1122;1000.5303;;;23-Jan-2026
147883;Invesco India Overnight Fund - Direct Plan - Growth;INF205KA1163;;1348.3645;;;23-Jan-2026
147886;Invesco India Overnight Fund - Direct Plan - Monthly IDCW (Payout / Reinvestment);INF205KA1155;INF205KA1148;1003.5205;;;23-Jan-2026
147880;Invesco India Overnight Fund - Regular Plan - Daily IDCW (Reinvestment);;INF205KA1072;1000.1395;;;23-Jan-2026
147878;Invesco India Overnight Fund - Regular Plan - Growth;INF205KA1114;;1343.7583;;;23-Jan-2026
147879;Invesco India Overnight Fund - Regular Plan - Monthly IDCW (Payout / Reinvestment);INF205KA1106;INF205KA1098;1003.6335;;;23-Jan-2026
147881;Invesco India Overnight Fund - Regular Plan - Weekly IDCW (Reinvestment);;INF205KA1080;1000.8001;;;23-Jan-2026

ITI Mutual Fund
147707;ITI Overnight Fund - Direct Plan - Annual IDCW Option;INF00XX01648;INF00XX01614;1000.6640;;;23-Jan-2026
147708;ITI Overnight Fund - Direct Plan - Daily IDCW Option;;INF00XX01572;1000.6620;;;23-Jan-2026
147710;ITI Overnight Fund - Direct Plan - Fortnightly IDCW Option;INF00XX01622;INF00XX01598;1000.6640;;;23-Jan-2026
147713;ITI Overnight Fund - Direct Plan - Growth Option;INF00XX01564;;1351.5331;;;23-Jan-2026
147717;ITI Overnight Fund - Direct Plan - Monthly IDCW Option;INF00XX01630;INF00XX01606;1004.9074;;;23-Jan-2026
147711;ITI Overnight Fund - Direct Plan - Weekly IDCW option;;INF00XX01580;1000.6500;;;23-Jan-2026
147715;ITI Overnight Fund - Regular Plan - Annual IDCW Option;INF00XX01556;INF00XX01523;1000.6440;;;23-Jan-2026
147709;ITI Overnight Fund - Regular Plan - Daily IDCW Option;;INF00XX01481;1001.0000;;;23-Jan-2026
147716;ITI Overnight Fund - Regular Plan - Fortnightly IDCW Option;INF00XX01531;INF00XX01507;1002.3968;;;23-Jan-2026
147714;ITI Overnight Fund - Regular Plan - Growth Option;INF00XX01473;;1342.9915;;;23-Jan-2026
147718;ITI Overnight Fund - Regular Plan - Monthly IDCW Option;INF00XX01549;INF00XX01515;1001.0714;;;23-Jan-2026
147712;ITI Overnight Fund - Regular Plan - Weekly IDCW Option;;INF00XX01499;1001.4273;;;23-Jan-2026

JM Financial Mutual Fund
147838;JM Overnight Fund (Direct) - Daily IDCW;;INF192K01LY2;1000;;;23-Jan-2026
147835;JM Overnight Fund (Direct) - Weekly IDCW;INF192K01LZ9;INF192K01MA0;1000.4168;;;23-Jan-2026
147839;JM Overnight Fund (Regular) - Daily IDCW;;INF192K01LU0;1000;;;23-Jan-2026
147836;JM Overnight Fund (Regular) - Growth;INF192K01LX4;;1347.3692;;;23-Jan-2026
147834;JM Overnight Fund (Regular) - Weekly IDCW;INF192K01LV8;INF192K01LW6;1000.4116;;;23-Jan-2026
147837;JM Overnight Fund - (Direct) - Growth;INF192K01MB8;;1353.1577;;;23-Jan-2026
149828;JM Overnight Fund - (Direct) - Unclaimed IDCW - Growth Plan;;;1359.4917;;;23-Jan-2026
149827;JM Overnight Fund - (Direct) - Unclaimed IDCW I.E.F. - Growth Plan;;;1073.9936;;;23-Jan-2026
149829;JM Overnight Fund - (Direct) - Unclaimed Redemption - Growth Plan;;;1353.1772;;;23-Jan-2026
149826;JM Overnight Fund - (Direct) - Unclaimed Redemption I.E.F. - Growth Plan;;;1073.9936;;;23-Jan-2026

LIC Mutual Fund
147516;LIC MF Overnight Fund-Direct Plan-Daily IDCW;;INF767K01QG7;1095.1298;;;23-Jan-2026
147515;LIC MF Overnight Fund-Direct Plan-Growth;INF767K01QI3;;1383.4185;;;23-Jan-2026
147513;LIC MF Overnight Fund-Direct Plan-IDCW;INF767K01QE2;INF767K01QF9;1383.5625;;;23-Jan-2026
147514;LIC MF Overnight Fund-Direct Plan-Weekly IDCW;;INF767K01QH5;1078.6129;;;23-Jan-2026
147517;LIC MF Overnight Fund-Regular Plan-Daily IDCW;;INF767K01QB8;1093.5451;;;23-Jan-2026
147519;LIC MF Overnight Fund-Regular Plan-Growth;INF767K01QD4;;1372.2238;;;23-Jan-2026
147512;LIC MF Overnight Fund-Regular Plan-IDCW;INF767K01PZ9;INF767K01QA0;1213.8358;;;23-Jan-2026
147518;LIC MF Overnight Fund-Regular Plan-Weekly IDCW;;INF767K01QC6;1179.7947;;;23-Jan-2026

Mahindra Manulife Mutual Fund
147563;Mahindra Manulife Overnight Fund - Direct Plan - Daily IDCW;;INF174V01846;1384.8278;;;23-Jan-2026
147564;Mahindra Manulife Overnight Fund - Direct Plan -Growth;INF174V01838;;1381.4303;;;23-Jan-2026
147566;Mahindra Manulife Overnight Fund - Regular Plan - Daily IDCW;;INF174V01820;1217.0844;;;23-Jan-2026
147565;Mahindra Manulife Overnight Fund - Regular Plan - Growth;INF174V01812;;1372.3637;;;23-Jan-2026
149471;Mahindra Manulife Overnight Fund - Unclaimed Redemption/IDCW beyond 3 years;;;1000.0000;;;23-Jan-2026
149470;Mahindra Manulife Overnight Fund - Unclaimed Redemption/IDCW upto 3 years;;;1266.8252;;;23-Jan-2026

Mirae Asset Mutual Fund
147737;Mirae Asset Overnight Fund Direct Daily IDCW;;INF769K01FJ0;1000.0066;;;23-Jan-2026
147738;Mirae Asset Overnight Fund Direct Monthly IDCW;INF769K01FF8;INF769K01FI2;1004.2871;;;23-Jan-2026
147736;Mirae Asset Overnight Fund Direct Plan Growth;INF769K01FG6;;1368.6978;;;23-Jan-2026
147740;Mirae Asset Overnight Fund Direct Weekly IDCW;;INF769K01FK8;1000.1743;;;23-Jan-2026
147743;Mirae Asset Overnight Fund Regular Daily  IDCW ;;INF769K01FL6;1000.0098;;;23-Jan-2026
147742;Mirae Asset Overnight Fund Regular Monthly IDCW;INF769K01FD3;INF769K01FH4;1004.1300;;;23-Jan-2026
147739;Mirae Asset Overnight Fund Regular Plan Growth;INF769K01FE1;;1360.8644;;;23-Jan-2026
147741;Mirae Asset Overnight Fund Regular Weekly IDCW;;INF769K01FM4;999.7370;;;23-Jan-2026

NJ Mutual Fund
150369;NJ Overnight Fund - Direct Plan - Growth Option;INF0J8L01081;;1235.2650;;;23-Jan-2026
150368;NJ Overnight Fund - Regular Plan - Growth Option;INF0J8L01073;;1230.9421;;;23-Jan-2026
152116;NJ Overnight Fund - Unclaimed Redemption Plan - Upto 3 Years;;;1073.1689;;;23-Jan-2026

PGIM India Mutual Fund
147605;PGIM India Overnight Fund - Direct Plan - Daily Dividend Option;;INF663L01T35;1000.0086;;;23-Jan-2026
147606;PGIM India Overnight Fund - Direct Plan - Growth Option;INF663L01T01;;1376.55;;;23-Jan-2026
147608;PGIM India Overnight Fund - Direct Plan - Weekly Dividend Option;INF663L01T19;INF663L01T27;1001.2469;;;23-Jan-2026
147609;PGIM India Overnight Fund - Regular Plan - Daily Dividend Option;;INF663L01T76;1000;;;23-Jan-2026
147607;PGIM India Overnight Fund - Regular Plan - Weekly Dividend Option;INF663L01T50;INF663L01T68;1008.1161;;;23-Jan-2026
147600;PGIM India Overnight Fund - Regular Plan- Growth Option;INF663L01T43;;1370.526;;;23-Jan-2026

quant Mutual Fund
151190;quant Overnight Fund - Growth Option - Direct Plan;INF966L01AZ7;;12.2043;;;23-Jan-2026
151195;quant Overnight Fund - Growth Option - Regular Plan;INF966L01BC4;;12.1649;;;23-Jan-2026
151193;quant Overnight Fund - IDCW Option - Direct Plan;INF966L01BA8;INF966L01BB6;12.2085;;;23-Jan-2026
151191;quant Overnight Fund - IDCW Option - Regular Plan;INF966L01BD2;INF966L01BE0;12.1528;;;23-Jan-2026
154083;quant Overnight Fund - Unclaimed IDCW Greater than 3 years;;;10;;;23-Jan-2026
154086;quant Overnight Fund - Unclaimed IDCW Less than 3 years;;;10.0557;;;23-Jan-2026
154085;quant Overnight Fund - Unclaimed Redemption Greater than 3 years;;;10;;;23-Jan-2026
154084;quant Overnight Fund - Unclaimed Redemption Less than 3 years;;;10.0525;;;23-Jan-2026

Samco Mutual Fund
150631;Samco Overnight Fund - Direct Plan - Growth Option;INF0K1H01040;;1219.7379;;;23-Jan-2026
150632;Samco Overnight Fund - Regular Plan - Growth Option;INF0K1H01032;;1211.0963;;;23-Jan-2026
153021;Samco Overnight Fund - Unclaimed Redemption Upto 3 years;;;1067.1692;;;23-Jan-2026

SBI Mutual Fund
119831;SBI Overnight Fund - Direct Plan - Daily Income Distribution cum Capital Withdrawal Option (IDCW);;INF200K01TJ7;1347.0285;;;23-Jan-2026
119833;SBI OVERNIGHT FUND - DIRECT PLAN - GROWTH;INF200K01TK5;;4339.8228;;;23-Jan-2026
119832;SBI Overnight Fund - Direct Plan - Weekly Income Distribution cum Capital Withdrawal Option (IDCW);INF200K01TL3;INF200K01TM1;1375.5084;;;23-Jan-2026
114297;SBI Overnight Fund - Regular Plan - Daily Income Distribution cum Capital Withdrawal Option (IDCW);;INF200K01LN6;1341.1611;;;23-Jan-2026
101206;SBI OVERNIGHT FUND - REGULAR PLAN - GROWTH;INF200K01LQ9;;4282.1561;;;23-Jan-2026
103140;SBI Overnight Fund - Regular Plan - Weekly Income Distribution cum Capital Withdrawal Option (IDCW);INF200K01LO4;INF200K01LP1;1369.4176;;;23-Jan-2026

Trust Mutual Fund
149796;TRUST MF OVERNIGHT FUND-DIRECT PLAN-DAILY IDCW REINVESTMENT;;INF0GCD01461;1236.7793;;;23-Jan-2026
149797;TRUST MF OVERNIGHT FUND-DIRECT PLAN-GROWTH;INF0GCD01453;;1262.4933;;;23-Jan-2026
149798;TRUST MF OVERNIGHT FUND-REGULAR PLAN-DAILY IDCW REINVESTMENT;;INF0GCD01446;1236.2651;;;23-Jan-2026
149795;TRUST MF OVERNIGHT FUND-REGULAR-GROWTH;INF0GCD01438;;1259.9791;;;23-Jan-2026

Union Mutual Fund
147002;Union Overnight Fund - Direct Plan - Daily IDCW Option;;INF582M01FB0;1000.8004;;;23-Jan-2026
147003;Union Overnight Fund - Direct Plan - Growth Option;INF582M01FA2;;1404.7432;;;23-Jan-2026
147006;Union Overnight Fund - Direct Plan - Monthly IDCW Option;INF582M01FG9;INF582M01FE4;1004.6759;;;23-Jan-2026
146998;Union Overnight Fund - Regular Plan - Daily IDCW Option;;INF582M01FK1;1001.2621;;;23-Jan-2026
146997;Union Overnight Fund - Regular Plan - Growth Option;INF582M01FJ3;;1395.2961;;;23-Jan-2026
147000;Union Overnight Fund - Regular Plan - Monthly IDCW Option;INF582M01FP0;INF582M01FN5;1004.5766;;;23-Jan-2026
149451;Union Overnight Fund - Unclaimed Amounts Plan - IDCW Beyond 3 years;;;1000.0000;;;23-Jan-2026
149452;Union Overnight Fund - Unclaimed Amounts Plan - IDCW Upto 3 years;;;1265.6422;;;23-Jan-2026
149453;Union Overnight Fund - Unclaimed Amounts Plan - Redemption Beyond 3 years;;;1000.0000;;;23-Jan-2026
149454;Union Overnight Fund - Unclaimed Amounts Plan - Redemption Upto 3 years;;;1265.7225;;;23-Jan-2026

Zerodha Mutual Fund
153436;Zerodha Overnight Fund - Direct Plan - Growth Option;INF0R8F01075;;10.4478;;;23-Jan-2026

Open Ended Schemes ( Debt Scheme - Liquid Fund )


360 ONE Mutual Fund
125349;360 ONE LIQUID FUND DIRECT PLAN  DAILY DIVIDEND REINVESTMENT;;INF579M01688;1000.0427;;;23-Jan-2026
125345;360 ONE LIQUID FUND DIRECT PLAN  GROWTH;INF579M01621;;2087.2903;;;23-Jan-2026
125343;360 ONE LIQUID FUND DIRECT PLAN  WEEKLY DIVIDEND;INF579M01639;INF579M01696;1005.4478;;;23-Jan-2026
125342;360 ONE LIQUID FUND REGULAR PLAN  DAILY DIVIDEND REINVESTMENT;;INF579M01563;1000.0701;;;23-Jan-2026
125259;360 ONE LIQUID FUND REGULAR PLAN  GROWTH;INF579M01506;;2073.2958;;;23-Jan-2026
125337;360 ONE LIQUID FUND REGULAR PLAN  WEEKLY DIVIDEND;INF579M01514;INF579M01571;1005.4533;;;23-Jan-2026

Abakkus Mutual Fund
154049;Abakkus Liquid Fund - Direct Plan - Daily IDCW Reinvestment;;INF2JJD01011;100.0048;;;23-Jan-2026
154051;Abakkus Liquid Fund - Direct Plan - Growth;INF2JJD01029;;100.6079;;;23-Jan-2026
154055;Abakkus Liquid Fund - Direct Plan - Monthly IDCW Reinvestment;;INF2JJD01037;100.1064;;;23-Jan-2026
154052;Abakkus Liquid Fund - Direct Plan - Quarterly IDCW Reinvestment;;INF2JJD01052;100.6072;;;23-Jan-2026
154050;Abakkus Liquid Fund - Direct Plan - Weekly IDCW Reinvestment;;INF2JJD01045;100.0565;;;23-Jan-2026
154053;Abakkus Liquid Fund - Regular Plan - Daily IDCW Reinvestment;;INF2JJD01060;100.0041;;;23-Jan-2026
154047;Abakkus Liquid Fund - Regular Plan - Growth;INF2JJD01078;;100.5982;;;23-Jan-2026
154048;Abakkus Liquid Fund - Regular Plan - Monthly IDCW Reinvestment;;INF2JJD01086;100.1047;;;23-Jan-2026
154054;Abakkus Liquid Fund - Regular Plan - Quarterly IDCW Reinvestment;;INF2JJD01102;100.5979;;;23-Jan-2026
154056;Abakkus Liquid Fund - Regular Plan - Weekly IDCW Reinvestment;;INF2JJD01094;100.0556;;;23-Jan-2026

Bajaj Finserv Mutual Fund
151835;Bajaj Finserv Liquid Fund - Direct Plan - Daily - IDCW;;INF0QA701029;1034.6939;;;23-Jan-2026
151838;Bajaj Finserv Liquid Fund - Direct Plan - Fortnightly - IDCW;INF0QA701078;INF0QA701045;1036.2331;;;23-Jan-2026
151833;Bajaj Finserv Liquid Fund - Direct Plan - Growth;INF0QA701011;;1188.7038;;;23-Jan-2026
151836;Bajaj Finserv Liquid Fund - Direct Plan - Monthly - IDCW;INF0QA701086;INF0QA701052;1035.6519;;;23-Jan-2026
151834;Bajaj Finserv Liquid Fund - Direct Plan - Weekly - IDCW;INF0QA701060;INF0QA701037;1035.2785;;;23-Jan-2026
151839;Bajaj Finserv Liquid Fund - Regular Plan - Daily - IDCW;;INF0QA701136;1033.8241;;;23-Jan-2026
151841;Bajaj Finserv Liquid Fund - Regular Plan - Fortnightly - IDCW;INF0QA701151;INF0QA701110;1035.2957;;;23-Jan-2026
151837;Bajaj Finserv Liquid Fund - Regular Plan - Growth;INF0QA701094;;1183.5015;;;23-Jan-2026
151842;Bajaj Finserv Liquid Fund - Regular Plan - Monthly - IDCW;INF0QA701169;INF0QA701128;1034.7391;;;23-Jan-2026
151840;Bajaj Finserv Liquid Fund - Regular Plan - Weekly - IDCW;INF0QA701144;INF0QA701102;1034.3874;;;23-Jan-2026

Bank of India Mutual Fund
119368;BANK OF INDIA Liquid Fund- Direct Plan- Daily IDCW;;INF761K01CL0;1005.0000;;;23-Jan-2026
119369;BANK OF INDIA Liquid Fund- Direct Plan- Growth;INF761K01785;;3137.1055;;;23-Jan-2026
119370;BANK OF INDIA Liquid Fund- Direct Plan- Weekly IDCW;;INF761K01CM8;1005.5605;;;23-Jan-2026
111971;BANK OF INDIA Liquid Fund- Regular Plan- Daily IDCW;;INF761K01CO4;1005.0000;;;23-Jan-2026
109254;BANK OF INDIA Liquid Fund- Regular Plan- Growth;INF761K01306;;3105.5648;;;23-Jan-2026
109255;BANK OF INDIA Liquid Fund- Regular Plan- Weekly IDCW;;INF761K01CP1;1005.0886;;;23-Jan-2026

Baroda BNP Paribas Mutual Fund
119414;Baroda BNP Paribas LIQUID FUND - DIRECT PLAN - DAILY IDCW OPTION;INF955L01AK2;;1002.0849;;;23-Jan-2026
119415;Baroda BNP Paribas LIQUID FUND - DIRECT PLAN - GROWTH OPTION;INF955L01AL0;;3140.0224;;;23-Jan-2026
119416;Baroda BNP Paribas LIQUID FUND - DIRECT PLAN - WEEKLY IDCW OPTION;INF251K01SL8;;1219.9487;;;23-Jan-2026
111707;Baroda BNP Paribas LIQUID FUND - Regular Plan - DAILY IDCW OPTION;INF955L01468;INF955L01476;1001.1996;;;23-Jan-2026
111704;Baroda BNP Paribas LIQUID FUND - Regular Plan - GROWTH OPTION;INF955L01484;;3098.6410;;;23-Jan-2026
111705;Baroda BNP Paribas LIQUID FUND - Regular Plan - WEEKLY IDCW OPTION;INF251K01SK0;INF955L01500;1000.5556;;;23-Jan-2026
101408;Baroda BNP Paribas LIQUID FUND- Defunct Plan -Growth Option;INF955L01575;;4561.9220;;;23-Jan-2026
101407;Baroda BNP Paribas LIQUID FUND-Defunct Plan- IDCW Option;INF955L01559;INF955L01567;3764.0264;;;23-Jan-2026

DSP Mutual Fund
119125;DSP Liquidity Fund - Direct Plan - Growth;INF740K01QL4;;3895.059;;;23-Jan-2026
119124;DSP Liquidity Fund - Direct Plan - IDCW - Daily;;INF740KA1OB6;1001.1542;;;23-Jan-2026
119123;DSP Liquidity Fund - Direct Plan - IDCW - Weekly;INF740KA1OC4;INF740KA1OD2;1001.2862;;;23-Jan-2026
103347;DSP Liquidity Fund - Regular Plan - Growth;INF740K01FK9;;3848.8378;;;23-Jan-2026
103348;DSP Liquidity Fund - Regular Plan - IDCW - Weekly;INF740K01FM5;INF740K01FL7;1001.2838;;;23-Jan-2026
103349;DSP Liquidity Fund- Regular Plan - IDCW - Daily;;INF740KA1OE0;1001.1542;;;23-Jan-2026

Franklin Templeton Mutual Fund
100541;Franklin India Liquid Fund - Regular Plan - Daily - IDCW;;INF090I01BA3;1509.2342;;;23-Jan-2026
100538;Franklin India Liquid Fund - Regular Plan - Growth;INF090I01BB1;;6083.1374;;;23-Jan-2026
100537;Franklin India Liquid Fund - Regular Plan - Weekly - IDCW;INF090I01BL0;INF090I01BI6;1244.9603;;;23-Jan-2026
118577;Franklin India Liquid Fund - Super Institutional - Direct - Growth;INF090I01JV2;;4094.6373;;;23-Jan-2026
100547;Franklin India Liquid Fund - Super Institutional Plan - Daily - IDCW;;INF090I01BF2;1000.0000;;;23-Jan-2026
118578;Franklin India Liquid Fund - Super Institutional Plan - Direct - Daily - IDCW;INF090I01JW0;;1002.2720;;;23-Jan-2026
118579;Franklin India Liquid Fund - Super Institutional Plan - Direct - Weekly - IDCW;INF090I01JX8;INF090I01JY6;1022.1060;;;23-Jan-2026
100546;Franklin India Liquid Fund - Super Institutional Plan - Growth;INF090I01BG0;;4059.4982;;;23-Jan-2026
100548;Franklin India Liquid Fund - Super Institutional Plan - Weekly - IDCW;INF090I01BM8;INF090I01BH8;1033.8649;;;23-Jan-2026
139892;Franklin India Liquid Fund - Unclaimed IDCW Investor Education Plan - Growth;INF090I01LR6;;10.0000;;;23-Jan-2026
139890;Franklin India Liquid Fund - Unclaimed IDCW Plan - Growth;INF090I01LP0;;17.2787;;;23-Jan-2026
139891;Franklin India Liquid Fund - Unclaimed Redemption Investor Education Plan - Growth;INF090I01LQ8;;10.0000;;;23-Jan-2026
139889;Franklin India Liquid Fund - Unclaimed Redemption Plan - Growth;INF090I01LO3;;17.2787;;;23-Jan-2026
102443;Franklin India Liquid Fund - Institutional Plan - Daily - IDCW;;INF090I01BC9;1000.0000;;;23-Jan-2026
102442;Franklin India Liquid Fund - Institutional Plan - Weekly - IDCW;INF090I01BJ4;INF090I01BE5;1055.3188;;;23-Jan-2026

Groww Mutual Fund
119135;Groww Liquid Fund ( formerly known as Indiabulls Liquid )Fund - Direct Plan - Growth Option;INF666M01451;;2640.2286;;;23-Jan-2026
119136;Groww Liquid Fund (formerly known as Indiabulls Liquid Fund) - Direct Plan- - Income Distribution cum capital withdrawal Option ( Reinvestment);;INF666M01469;1002.0907;;;23-Jan-2026
115991;Groww Liquid Fund (formerly known as Indiabulls Liquid Fund) - Regular Plan - Growth Option;INF666M01014;;2606.8478;;;23-Jan-2026
119138;Groww Liquid Fund (formerly known as Indiabulls Liquid Fund)- Direct Plan- Fortnightly - Income Distribution cum capital withdrawal Option (Payout & Reinvestment);INF666M01501;INF666M01485;1003.207;;;23-Jan-2026
119139;Groww Liquid Fund (formerly known as Indiabulls Liquid Fund)- Direct Plan- Monthly - Income Distribution cum capital withdrawal Option (Payout & Reinvestment);INF666M01519;INF666M01493;1032.3609;;;23-Jan-2026
119137;Groww Liquid Fund (formerly known as Indiabulls Liquid Fund)- Direct Plan- Weekly - Income Distribution cum capital withdrawal Option (Payout & Reinvestment);INF666M01527;INF666M01477;1002.3429;;;23-Jan-2026
115992;Groww Liquid Fund (formerly known as Indiabulls Liquid Fund)- Regular Plan- - Income Distribution cum capital withdrawal Option (Reinvestment);;INF666M01022;1002.0894;;;23-Jan-2026
115995;Groww Liquid Fund (formerly known as Indiabulls Liquid Fund)- Regular Plan- Monthly - Income Distribution cum capital withdrawal Option (Payout & Reinvestment);INF666M01071;INF666M01055;1004.5738;;;23-Jan-2026
115993;Groww Liquid Fund (formerly known as Indiabulls Liquid Fund)- Regular Plan- Weekly - Income Distribution cum capital withdrawal Option (Payout & Reinvestment);INF666M01089;INF666M01030;1002.3326;;;23-Jan-2026
115994;Groww Liquid Fund (formerly known as Indiabulls Liquid) Fund- Regular Plan- Fortnightly - Income Distribution cum capital withdrawal Option (Payout & Reinvestment);INF666M01063;INF666M01048;1003.166;;;23-Jan-2026

ICICI Prudential Mutual Fund
103343;ICICI Prudential Liquid Fund - Daily IDCW;INF109K01VP3;;100.1482;;;23-Jan-2026
120191;ICICI Prudential Liquid Fund - Direct Plan -  IDCW Others;INF109K01Q31;INF109K01Q23;186.9727;;;23-Jan-2026
120188;ICICI Prudential Liquid Fund - Direct Plan - Daily IDCW;;INF109K01Q15;100.1082;;;23-Jan-2026
120197;ICICI Prudential Liquid Fund - Direct Plan - Growth;INF109K01Q49;;403.1338;;;23-Jan-2026
120190;ICICI Prudential Liquid Fund - Direct Plan - Weekly IDCW;INF109K01Q98;;100.2416;;;23-Jan-2026
103340;ICICI Prudential Liquid Fund - Growth;INF109K01VQ1;;399.0372;;;23-Jan-2026
115505;ICICI Prudential Liquid Fund - IDCW Others;INF109K01VU3;INF109K01VT5;185.4517;;;23-Jan-2026
103342;ICICI Prudential Liquid Fund - Weekly IDCW;INF109K01VS7;;100.2153;;;23-Jan-2026

Invesco Mutual Fund
104484;Invesco India Liquid Fund - Daily IDCW (Reinvestment);;INF205K01HN3;1002.7594;;;23-Jan-2026
120537;Invesco India Liquid Fund - Direct Plan - Growth;INF205K01MF9;;3738.441;;;23-Jan-2026
120536;Invesco India Liquid Fund - Direct Plan - Monthly IDCW (Payout / Reinvestment);INF205K01MG7;INF205K01MH5;1086.1437;;;23-Jan-2026
120535;Invesco India Liquid Fund - Direct Plan - Weekly IDCW (Reinvestment);INF205KA1BE5;INF205K01MI3;1073.0067;;;23-Jan-2026
120534;Invesco India Liquid Fund - Direct Plan- Daily IDCW (Reinvestment);;INF205K01ME2;1005.8604;;;23-Jan-2026
104486;Invesco India Liquid Fund - Growth;INF205K01HM5;;3705.4555;;;23-Jan-2026
104492;Invesco India Liquid Fund - Monthly IDCW (Payout / Reinvestment);INF205K01HQ6;INF205K01HP8;1006.6403;;;23-Jan-2026
104488;Invesco India Liquid Fund - Regular - Growth;INF205K01HG7;;3271.4345;;;23-Jan-2026
104489;Invesco India Liquid Fund - Regular - Weekly IDCW (Reinvestment);;INF205K01HH5;1004.0793;;;23-Jan-2026
139390;Invesco India Liquid Fund - Unclaimed Dividend Plan - Above 3 Years;;;1000;;;23-Jan-2026
139389;Invesco India Liquid Fund - Unclaimed Dividend Plan - Below 3 Years;;;1771.9433;;;23-Jan-2026
139388;Invesco India Liquid Fund - Unclaimed Redemption Plan - Above 3 Years;;;1000;;;23-Jan-2026
139387;Invesco India Liquid Fund - Unclaimed Redemption Plan - Below 3 years;;;1771.5487;;;23-Jan-2026
104485;Invesco India Liquid Fund - Weekly IDCW (Reinvestment);INF205KA1BD7;INF205K01HO1;1019.168;;;23-Jan-2026

ITI Mutual Fund
147161;ITI Liquid Fund - Direct Plan - Annually IDCW Option;INF00XX01366;INF00XX01333;1418.5251;;;23-Jan-2026
147158;ITI Liquid Fund - Direct Plan - Daily IDCW Option;;INF00XX01291;1001.0038;;;23-Jan-2026
147160;ITI Liquid Fund - Direct Plan - Fortnightly IDCW Option;INF00XX01341;INF00XX01317;1000.5280;;;23-Jan-2026
147157;ITI Liquid Fund - Direct Plan - Growth Option;INF00XX01283;;1416.6967;;;23-Jan-2026
147163;ITI Liquid Fund - Direct Plan - Monthly IDCW Option;INF00XX01358;INF00XX01325;1004.9980;;;23-Jan-2026
147159;ITI Liquid Fund - Direct Plan - Weekly IDCW Option;;INF00XX01309;1001.4618;;;23-Jan-2026
147162;ITI Liquid Fund - Regular Plan - Annually IDCW Option;INF00XX01275;INF00XX01242;1410.9524;;;23-Jan-2026
147154;ITI Liquid Fund - Regular Plan - Daily IDCW Option;;INF00XX01200;1000.9999;;;23-Jan-2026
147153;ITI Liquid Fund - Regular Plan - Growth Option;INF00XX01192;;1403.4578;;;23-Jan-2026
147156;ITI Liquid Fund - Regular Plan - Monthly IDCW Option;INF00XX01267;INF00XX01234;1004.8970;;;23-Jan-2026
147164;ITI Liquid Fund - Regular Plan - Weekly IDCW Option;;INF00XX01218;1001.4459;;;23-Jan-2026

JM Financial Mutual Fund
120411;JM Liquid Fund (Direct) - Daily IDCW;;INF192K01CH6;10.4302;;;23-Jan-2026
120406;JM Liquid Fund (Direct) - Growth Option;INF192K01CM6;;74.3418;;;23-Jan-2026
120408;JM Liquid Fund (Direct) - Quarterly IDCW;INF192K01CK0;INF192K01CL8;42.2069;;;23-Jan-2026
120407;JM Liquid Fund (Direct) - Weekly IDCW;INF192K01CI4;INF192K01CJ2;11.0113;;;23-Jan-2026
100244;JM Liquid Fund (Regular) - Quarterly IDCW;INF192K01866;INF192K01874;41.6091;;;23-Jan-2026
100247;JM Liquid Fund (Regular) - Super Institutional Plan - Growth Option;INF192K01981;;42.2651;;;23-Jan-2026
100233;JM Liquid Fund (Regular) - Weekly IDCW;INF192K01841;INF192K01858;11.0087;;;23-Jan-2026
100234;JM Liquid Fund - Growth Option;INF192K01882;;73.513;;;23-Jan-2026
148414;JM Liquid Fund - Unclaimed Application Refund Amount I.E.F. (Direct) - Growth Plan;;;41.4437;;;23-Jan-2026
148413;JM Liquid Fund - Unclaimed Brokerage I.E.F. (Direct) - Growth Plan;;;41.4437;;;23-Jan-2026
101549;JM Liquid Fund (Regular) - Bonus Option - Principal Units;INF192K01890;;23.5391;;;23-Jan-2026
101078;JM Liquid Fund (Regular) - Daily IDCW;;INF192K01833;10.4302;;;23-Jan-2026

LIC Mutual Fund
120248;LIC MF Liquid Fund-Direct Plan-Daily IDCW;INF767K01DL5;INF767K01DM3;1034.6038;;;23-Jan-2026
120249;LIC MF Liquid Fund-Direct Plan-Growth;INF767K01DN1;;4944.5051;;;23-Jan-2026
151930;LIC MF Liquid Fund-Direct Plan-Monthly IDCW;INF397L01AK7;INF397L01AJ9;1200.2584;;;23-Jan-2026
151932;LIC MF Liquid Fund-Direct Plan-Weekly IDCW;INF397L01AM3;INF397L01AL5;1072.095;;;23-Jan-2026
101184;LIC MF Liquid Fund-Regular Plan-Daily IDCW;INF767K01IQ3;INF767K01IR1;1000.1751;;;23-Jan-2026
101185;LIC MF Liquid Fund-Regular Plan-Growth;INF767K01IS9;;4871.6971;;;23-Jan-2026
151928;LIC MF Liquid Fund-Regular Plan-Monthly IDCW;INF397L01976;INF397L01968;1180.2251;;;23-Jan-2026
151927;LIC MF Liquid Fund-Regular Plan-Weekly IDCW;INF397L01950;INF397L01943;1001.9731;;;23-Jan-2026

Mahindra Manulife Mutual Fund
139535;Mahindra Manulife Liquid Fund - Direct Plan - Daily IDCW;;INF174V01051;1245.4693;;;23-Jan-2026
139536;Mahindra Manulife Liquid Fund - Direct Plan - Weekly IDCW;;INF174V01069;1003.1589;;;23-Jan-2026
139538;Mahindra Manulife Liquid Fund - Direct Plan -Growth;INF174V01044;;1774.0706;;;23-Jan-2026
139534;Mahindra Manulife Liquid Fund - Regular Plan - Daily IDCW;;INF174V01028;1001.0530;;;23-Jan-2026
139537;Mahindra Manulife Liquid Fund - Regular Plan - Growth;INF174V01010;;1754.1362;;;23-Jan-2026
139541;Mahindra Manulife Liquid Fund - Regular Plan - Weekly IDCW;;INF174V01036;1009.5752;;;23-Jan-2026

Mirae Asset Mutual Fund
118859;Mirae Asset Liquid Fund - Direct Plan - Growth;INF769K01CM1;;2876.7975;;;23-Jan-2026
118862;Mirae Asset Liquid Fund - Direct Plan - Weekly IDCW;INF769K01PD2;INF769K01CP4;1216.6344;;;23-Jan-2026
118861;Mirae Asset Liquid Fund - Direct Plan -Daily IDCW;;INF769K01CO7;1075.8332;;;23-Jan-2026
118860;Mirae Asset Liquid Fund - Direct Plan -Monthly IDCW;INF769K01CN9;INF769K01CQ2;1139.6038;;;23-Jan-2026
111647;Mirae Asset Liquid Fund - Regular - Daily IDCW;;INF769K01804;1066.4347;;;23-Jan-2026
111646;Mirae Asset Liquid Fund - Regular Plan - Growth;INF769K01788;;2826.2393;;;23-Jan-2026
111645;Mirae Asset Liquid Fund - Regular Plan - Monthly IDCW;INF769K01838;INF769K01820;1157.2435;;;23-Jan-2026
111644;Mirae Asset Liquid Fund - Regular Plan - Weekly IDCW;INF769K01PC4;INF769K01812;1152.9466;;;23-Jan-2026

Navi Mutual Fund
119163;Navi Liquid Fund - Direct Plan Daily IDCW - ReInvestment;;INF959L01GK1;10.0129;;;23-Jan-2026
119161;Navi Liquid Fund - Direct Plan Monthly IDCW - Payout;INF959L01GG9;INF959L01GH7;10.0543;;;23-Jan-2026
119162;Navi Liquid Fund - Direct Plan Weekly IDCW - Payout;INF959L01GI5;INF959L01GJ3;10.0098;;;23-Jan-2026
112645;Navi Liquid Fund - Regular Plan Daily IDCW;;INF959L01GM7;10.0129;;;23-Jan-2026
112647;Navi Liquid Fund - Regular Plan Monthly IDCW;INF959L01GN5;INF959L01GO3;10.0538;;;23-Jan-2026
112646;Navi Liquid Fund - Regular Plan Weekly IDCW;INF959L01GP0;INF959L01GQ8;10.0102;;;23-Jan-2026
119164;Navi Liquid Fund-Direct Plan-Growth Option;INF959L01GF1;;29.5385;;;23-Jan-2026
112636;Navi Liquid Fund-Regular Plan-Growth Option;INF959L01GL9;;29.2695;;;23-Jan-2026
140437;Navi Liquid Fund-Unclaimed Redemption and Dividend Plan greater than 3 years;INF959L01CO2;;10;;;23-Jan-2026
139386;Navi Liquid Fund-Unclaimed Redemption and Dividend Plan less than 3 years;INF959L01CN4;;29.4403;;;23-Jan-2026

PGIM India Mutual Fund
138285;PGIM India Liquid Fund - Daily Dividend;;INF223J01BO9;100.304;;;23-Jan-2026
138297;PGIM India Liquid Fund - Direct Plan - Daily Dividend;INF223J01NR7;;126.6444;;;23-Jan-2026
138299;PGIM India Liquid Fund - Direct Plan - Growth;INF223J01NS5;;355.3476;;;23-Jan-2026
138298;PGIM India Liquid Fund - Direct Plan - Monthly Dividend;INF223J01NT3;INF223J01NU1;116.9154;;;23-Jan-2026
138301;PGIM India Liquid Fund - Direct Plan - Weekly Dividend;INF223J01NV9;INF223J01NW7;100.6022;;;23-Jan-2026
138288;PGIM India Liquid Fund - Growth;INF223J01BP6;;350.9338;;;23-Jan-2026
138287;PGIM India Liquid Fund - Monthly Dividend;INF223J01BL5;;117.3678;;;23-Jan-2026
138289;PGIM India Liquid Fund - Weekly Dividend;INF223J01BU6;;100.6003;;;23-Jan-2026

PPFAS Mutual Fund
143263;Parag Parikh Liquid Fund- Direct Plan- Daily Reinvestment of IDCW;;INF879O01118;1000.5405;;;23-Jan-2026
143269;Parag Parikh Liquid Fund- Direct Plan- Growth;INF879O01068;;1506.0309;;;23-Jan-2026
143262;Parag Parikh Liquid Fund- Direct Plan- Monthly IDCW;INF879O01076;INF879O01084;1006.6244;;;23-Jan-2026
143265;Parag Parikh Liquid Fund- Direct Plan- Weekly Reinvestment of IDCW;;INF879O01134;1001.5358;;;23-Jan-2026
143264;Parag Parikh Liquid Fund- Regular Plan- Daily Reinvestment of IDCW;;INF879O01126;1000.5404;;;23-Jan-2026
143260;Parag Parikh Liquid Fund- Regular Plan- Growth;INF879O01035;;1494.3523;;;23-Jan-2026
143261;Parag Parikh Liquid Fund- Regular Plan- Monthly IDCW;INF879O01043;INF879O01050;1006.5558;;;23-Jan-2026
143266;Parag Parikh Liquid Fund- Regular Plan- Weekly Reinvestment of IDCW;;INF879O01142;1001.5246;;;23-Jan-2026

quant Mutual Fund
120837;quant Liquid Fund - Growth Option - Direct Plan;INF966L01820;;43.7581;;;23-Jan-2026
103225;quant Liquid Fund - Growth Option - Regular Plan;INF966L01317;;42.5727;;;23-Jan-2026
120838;quant Liquid Fund - Monthly IDCW Option - Direct Plan;INF966L01796;INF966L01812;15.7672;;;23-Jan-2026
103228;quant Liquid Fund - Monthly IDCW Option - Regular Plan;INF966L01291;INF966L01309;15.2015;;;23-Jan-2026
120839;quant Liquid Fund - Weekly IDCW Option - Direct Plan;INF966L01788;INF966L01804;14.6441;;;23-Jan-2026
103227;quant Liquid Fund - Weekly IDCW Option - Regular Plan;INF966L01499;INF966L01283;14.4823;;;23-Jan-2026
120836;quant Liquid Fund-Daily IDCW Option - Direct Plan;;INF966L01770;13.2144;;;23-Jan-2026
103226;quant Liquid Fund-Daily IDCW Option - Regular Plan;;INF966L01275;12.7109;;;23-Jan-2026

Quantum Mutual Fund
103736;Quantum Liquid Fund - Direct Plan Daily IDCW;;INF082J01135;10.0085;;;23-Jan-2026
103734;Quantum Liquid Fund - Direct Plan Growth Option;INF082J01127;;36.3315;;;23-Jan-2026
103735;Quantum Liquid Fund - Direct Plan Monthly IDCW;INF082J01143;INF082J01200;10.0527;;;23-Jan-2026
141065;Quantum Liquid Fund - Regular Plan Daily IDCW;;INF082J01317;10.0002;;;23-Jan-2026
141066;Quantum Liquid Fund - Regular Plan Growth Option;INF082J01309;;36.0554;;;23-Jan-2026
141067;Quantum Liquid Fund - Regular Plan Monthly IDCW;INF082J01325;INF082J01333;10.0493;;;23-Jan-2026
152299;Quantum Liquid Fund - Unclaimed IDCW Plan Above 3 years;;;10.0000;;;23-Jan-2026
152298;Quantum Liquid Fund - Unclaimed IDCW Plan Below 3 years;;;11.4229;;;23-Jan-2026
152301;Quantum Liquid Fund - Unclaimed Redemption Plan Above 3 years;;;10.0000;;;23-Jan-2026
152300;Quantum Liquid Fund - Unclaimed Redemption Plan Below 3 years;;;10.9873;;;23-Jan-2026

SBI Mutual Fund
119804;SBI Liquid Fund - Direct Paln - Fortnightly Income Distribution cum Capital Withdrawal Option (IDCW);INF200K01UR8;INF200K01US6;1390.3432;;;23-Jan-2026
119805;SBI Liquid Fund - Direct Plan - Daily Income Distribution cum Capital Withdrawal Option (IDCW);;INF200K01UQ0;1144.0484;;;23-Jan-2026
119799;SBI Liquid Fund - Direct Plan - Weekly Income Distribution cum Capital Withdrawal Option (IDCW);INF200K01UU2;INF200K01UV0;1385.4972;;;23-Jan-2026
119800;SBI Liquid Fund - DIRECT PLAN -Growth;INF200K01UT4;;4257.6707;;;23-Jan-2026
105274;SBI Liquid Fund - Institutional - Growth;INF200K01LU1;;4251.8934;;;23-Jan-2026
105275;SBI Liquid Fund - Institutional Daily Income Distribution cum Capital Withdrawal Option (IDCW);;INF200K01LR7;1365.9718;;;23-Jan-2026
105281;SBI Liquid Fund - Regular Plan - Daily Income Distribution cum Capital Withdrawal Option (IDCW);;INF200K01LX5;1140.7391;;;23-Jan-2026
105283;SBI Liquid Fund - Regular Plan - Fortnightly Income Distribution cum Capital Withdrawal Option (IDCW);INF200K01LY3;INF200K01LZ0;1382.3141;;;23-Jan-2026
105282;SBI Liquid Fund - Regular Plan - Weekly Income Distribution cum Capital Withdrawal Option (IDCW);INF200K01MB9;INF200K01MC7;1378.6058;;;23-Jan-2026
105280;SBI Liquid Fund - REGULAR PLAN -Growth;INF200K01MA1;;4212.0457;;;23-Jan-2026

The Wealth Company Mutual Fund
153887;THE WEALTH COMPANY LIQUID FUND DIRECT DAILY ICDW;;INF2F0001073;1002;;;23-Jan-2026
153883;THE WEALTH COMPANY LIQUID FUND DIRECT GROWTH;INF2F0001081;;1016.4936;;;23-Jan-2026
153884;THE WEALTH COMPANY LIQUID FUND DIRECT MONTHLY IDCW;INF2F0001107;INF2F0001099;1006.2591;;;23-Jan-2026
153889;THE WEALTH COMPANY LIQUID FUND DIRECT WEEKLY;INF2F0001123;INF2F0001115;1002.5168;;;23-Jan-2026
153886;THE WEALTH COMPANY LIQUID FUND REGULAR DAILY IDCW;;INF2F0001131;1002;;;23-Jan-2026
153888;THE WEALTH COMPANY LIQUID FUND REGULAR GROWTH;INF2F0001149;;1016.0678;;;23-Jan-2026
153890;THE WEALTH COMPANY LIQUID FUND REGULAR MONTHLY IDCW;INF2F0001164;INF2F0001156;1006.1787;;;23-Jan-2026
153885;THE WEALTH COMPANY LIQUID FUND REGULAR WEEKLY IDCW;INF2F0001180;INF2F0001172;1002.6581;;;23-Jan-2026

Trust Mutual Fund
148842;TRUSTMF Liquid Fund-Direct Plan-Daily Income Distribution cum Capital Withdrawal;;INF0GCD01263;1257.9014;;;23-Jan-2026
148841;TRUSTMF Liquid Fund-Direct Plan-Growth;INF0GCD01255;;1318.769;;;23-Jan-2026
148839;TRUSTMF Liquid Fund-Direct Plan-Monthly Income Distribution cum Capital Withdrawal;INF0GCD01305;INF0GCD01297;1190.199;;;23-Jan-2026
148837;TRUSTMF Liquid Fund-Direct Plan-Weekly Income Distribution cum Capital Withdrawal;INF0GCD01271;INF0GCD01289;1216.7058;;;23-Jan-2026
148834;TRUSTMF Liquid Fund-Regular Plan-Daily Income Distribution cum Capital Withdrawal;;INF0GCD01206;1190.8851;;;23-Jan-2026
148833;TRUSTMF Liquid Fund-Regular Plan-Growth;INF0GCD01198;;1309.316;;;23-Jan-2026
148843;TRUSTMF Liquid Fund-Regular Plan-Monthly Income Distribution cum Capital Withdrawal;INF0GCD01248;INF0GCD01230;1181.7612;;;23-Jan-2026
148836;TRUSTMF Liquid Fund-Regular Plan-Weekly Income Distribution cum Capital Withdrawal;INF0GCD01214;INF0GCD01222;1166.5204;;;23-Jan-2026

Unifi Mutual Fund
153570;Unifi Liquid Fund- Direct Growth;INF1MIY01056;;1036.6799;;;23-Jan-2026
153571;Unifi Liquid Fund- Regular Growth;INF1MIY01064;;1036.2929;;;23-Jan-2026

Union Mutual Fund
115401;Union Liquid Fund - Daily IDCW Option;;INF582M01021;1001.1995;;;23-Jan-2026
119301;Union Liquid Fund - Direct Plan - Daily IDCW Option;;INF582M01682;1001.1995;;;23-Jan-2026
119305;Union Liquid Fund - Direct Plan - Fortnightly IDCW Option;INF582M01724;INF582M01708;1002.5234;;;23-Jan-2026
119303;Union Liquid Fund - Direct Plan - Growth Option;INF582M01674;;2627.5888;;;23-Jan-2026
119302;Union Liquid Fund - Direct Plan - Monthly IDCW Option;INF582M01732;INF582M01716;1005.2827;;;23-Jan-2026
119304;Union Liquid Fund - Direct Plan - Weekly IDCW Option;;INF582M01690;1001.6857;;;23-Jan-2026
115399;Union Liquid Fund - Fortnightly IDCW Option;INF582M01062;INF582M01047;1002.4979;;;23-Jan-2026
115398;Union Liquid Fund - Growth Option;INF582M01013;;2594.2866;;;23-Jan-2026
115400;Union Liquid Fund - Monthly IDCW Option;INF582M01070;INF582M01054;1004.8126;;;23-Jan-2026
115402;Union Liquid Fund - Weekly IDCW Option;;INF582M01039;1001.9166;;;23-Jan-2026

WhiteOak Capital Mutual Fund
145969;WhiteOak Capital Liquid Fund- Direct plan-Daily Reinvestment of Income Distribution cum capital withdrawal option (IDCW);;INF03VN01019;1001.5964;;;23-Jan-2026
145966;WhiteOak Capital Liquid Fund- Direct plan-Fortnightly Payout/ Reinvestment of Income Distribution cum capital withdrawal option (IDCW);INF03VN01027;INF03VN01035;1002.8361;;;23-Jan-2026
145971;WhiteOak Capital Liquid Fund- Direct plan-Growth Option;INF03VN01043;;1458.3064;;;23-Jan-2026
145967;WhiteOak Capital Liquid Fund- Direct plan-Monthly  Payout/ Reinvestment of Income Distribution cum capital withdrawal option (IDCW);INF03VN01050;INF03VN01068;1002.1307;;;23-Jan-2026
145970;WhiteOak Capital Liquid Fund- Direct plan-Weekly Payout/ Reinvestment of Income Distribution cum capital withdrawal option (IDCW);INF03VN01076;INF03VN01084;1002.0730;;;23-Jan-2026
145963;WhiteOak Capital Liquid Fund- Regular plan-Daily Reinvestment of Income Distribution cum capital withdrawal option (IDCW);;INF03VN01092;1001.5950;;;23-Jan-2026
145965;WhiteOak Capital Liquid Fund- Regular plan-Fortnightly Payout/ Reinvestment of Income Distribution cum capital withdrawal option (IDCW);INF03VN01100;INF03VN01118;1004.0572;;;23-Jan-2026
145968;WhiteOak Capital Liquid Fund- Regular plan-Growth Option;INF03VN01126;;1448.8357;;;23-Jan-2026
145972;WhiteOak Capital Liquid Fund- Regular plan-Monthly Payout/ Reinvestment of Income Distribution cum capital withdrawal option (IDCW);INF03VN01134;INF03VN01142;1001.8633;;;23-Jan-2026
145964;WhiteOak Capital Liquid Fund- Regular plan-Weekly Payout/ Reinvestment of Income Distribution cum capital withdrawal option (IDCW);INF03VN01159;INF03VN01167;1002.0578;;;23-Jan-2026

Open Ended Schemes ( Debt Scheme - Ultra Short Duration Fund )


Bank of India Mutual Fund
119380;BANK OF INDIA Ultra Short Duration Fund- Direct Plan- Daily IDCW;;INF761K01CT3;1005.0001;;;23-Jan-2026
119379;BANK OF INDIA Ultra Short Duration Fund- Direct Plan- Growth;INF761K01892;;3378.9145;;;23-Jan-2026
119381;BANK OF INDIA Ultra Short Duration Fund- Direct Plan- Weekly IDCW;;INF761K01CU1;1005.6213;;;23-Jan-2026
126389;BANK OF INDIA Ultra Short Duration Fund- Direct Plan-Bonus;INF761K01CS5;;3362.7176;;;23-Jan-2026
111970;BANK OF INDIA Ultra Short Duration Fund- Regular Plan- Daily IDCW;;INF761K01CW7;1005.0000;;;23-Jan-2026
109269;BANK OF INDIA Ultra Short Duration Fund- Regular Plan- Growth;INF761K01298;;3256.0726;;;23-Jan-2026
109264;BANK OF INDIA Ultra Short Duration Fund- Regular Plan- Weekly IDCW;;INF761K01CX5;1005.5621;;;23-Jan-2026

Baroda BNP Paribas Mutual Fund
143510;Baroda BNP Paribas Ultra Short Duratio Fund- Regular Plan- Weekly IDCW;INF251K01SN4;INF955L01GY0;1000.6164;;;23-Jan-2026
143507;Baroda BNP Paribas Ultra Short Duration Fund - Regular Plan - Daily IDCW;;INF955L01GW4;1006.2583;;;23-Jan-2026
143464;Baroda BNP Paribas Ultra Short Duration Fund - Regular Plan - Growth;INF955L01GX2;;1592.2505;;;23-Jan-2026
143511;Baroda BNP Paribas Ultra Short Duration Fund- Direct Plan- Daily IDCW;;INF955L01GZ7;1007.0751;;;23-Jan-2026
143508;Baroda BNP Paribas Ultra Short Duration Fund- Direct Plan- Growth;INF955L01HA8;;1614.5919;;;23-Jan-2026
143509;Baroda BNP Paribas Ultra Short Duration Fund- Direct Plan- Weekly IDCW;INF251K01SM6;INF955L01HB6;1001.2579;;;23-Jan-2026

DSP Mutual Fund
119205;DSP Ultra Short Fund - Direct Plan - Growth;INF740K01ON5;;3829.1818;;;23-Jan-2026
119206;DSP Ultra Short Fund - Direct Plan - IDCW;INF740K01OQ8;INF740K01OR6;1130.9405;;;23-Jan-2026
119203;DSP Ultra Short Fund - Direct Plan - IDCW - Daily;;INF740KA1NT0;1005.3951;;;23-Jan-2026
119204;DSP Ultra Short Fund - Direct Plan - IDCW - Monthly;INF740K01OO3;INF740K01OP0;1086.2128;;;23-Jan-2026
119207;DSP Ultra Short Fund - Direct Plan - IDCW - Weekly;INF740KA1NU8;INF740KA1NV6;1005.1096;;;23-Jan-2026
104138;DSP Ultra Short Fund - Regular Plan - Growth;INF740K01QQ3;;3507.3798;;;23-Jan-2026
104140;DSP Ultra Short Fund - Regular Plan - IDCW - Daily Reinvest;;INF740KA1NW4;1005.4914;;;23-Jan-2026
117063;DSP Ultra Short Fund - Regular Plan - IDCW - Monthly;INF740K01QS9;INF740K01QR1;1077.8164;;;23-Jan-2026
117995;DSP Ultra Short Fund - Regular Plan - IDCW - Payout;INF740K01MK5;;1118.851;;;23-Jan-2026
104139;DSP Ultra Short Fund - Regular Plan - IDCW - Weekly Reinvest;;;1005.0887;;;23-Jan-2026

Franklin Templeton Mutual Fund
152825;Franklin India Ultra Short Duration Fund - Direct - Growth;INF090I01XL4;;11.0487;;;23-Jan-2026
152827;Franklin India Ultra Short Duration Fund - Direct - IDCW;INF090I01XM2;INF090I01XN0;10.6615;;;23-Jan-2026
152828;Franklin India Ultra Short Duration Fund - Growth;INF090I01XJ8;;10.9783;;;23-Jan-2026
152826;Franklin India Ultra Short Duration Fund - IDCW;INF090I01XK6;INF090I01XO8;10.6017;;;23-Jan-2026

ICICI Prudential Mutual Fund
145399;ICICI Prudential Ultra Short Term Fund - Daily IDCW;-;INF109KC1ND7;10.0696;;;23-Jan-2026
120676;ICICI Prudential Ultra Short Term Fund - Direct Plan -  Growth;INF109K01T04;;31.0292;;;23-Jan-2026
120677;ICICI Prudential Ultra Short Term Fund - Direct Plan -  Monthly IDCW;INF109K01T38;INF109K01T46;10.8031;;;23-Jan-2026
120675;ICICI Prudential Ultra Short Term Fund - Direct Plan -  Quarterly IDCW;INF109K01T53;INF109K01T61;11.1749;;;23-Jan-2026
145404;ICICI Prudential Ultra Short Term Fund - Direct Plan - Daily IDCW;-;INF109KC1MY5;10.0014;;;23-Jan-2026
145400;ICICI Prudential Ultra Short Term Fund - Direct Plan - Weekly IDCW;INF109KC1NA3;INF109KC1MZ2;10.0920;;;23-Jan-2026
115092;ICICI Prudential Ultra Short Term Fund - Growth;INF109K01TP7;;28.6280;;;23-Jan-2026
115094;ICICI Prudential Ultra Short Term Fund - Monthly IDCW;INF109K01TR3;INF109K01TQ5;10.6709;;;23-Jan-2026
115091;ICICI Prudential Ultra Short Term Fund - Quarterly IDCW;INF109K01TT9;INF109K01TS1;10.9636;;;23-Jan-2026
145402;ICICI Prudential Ultra Short Term Fund - Weekly IDCW;INF109KC1NF2;INF109KC1NE5;10.0756;;;23-Jan-2026

Invesco Mutual Fund
120543;Invesco India Ultra Short Duration Fund - Direct Plan - Annual IDCW (Payout / Reinvestment);INF205K01TF4;INF205K01TG2;2120.1875;;;23-Jan-2026
136112;Invesco India Ultra Short Duration Fund - Direct Plan - Daily IDCW (Reinvestment);;INF205K019H5;1509.2503;;;23-Jan-2026
120541;Invesco India Ultra Short Duration Fund - Direct Plan - Growth;INF205K01TH0;;2977.4947;;;23-Jan-2026
120542;Invesco India Ultra Short Duration Fund - Direct Plan - Monthly IDCW (Payout / Reinvestment);INF205K01TI8;INF205K01TJ6;2017.602;;;23-Jan-2026
120544;Invesco India Ultra Short Duration Fund - Direct Plan - Quarterly IDCW (Payout / Reinvestment);INF205K01TK4;INF205K01TL2;1030.4439;;;23-Jan-2026
114361;Invesco India Ultra Short Duration Fund - Regular Plan - Annual IDCW (Payout / Reinvestment);INF205K01TD9;INF205K01TE7;1143.8968;;;23-Jan-2026
136111;Invesco India Ultra Short Duration Fund - Regular Plan - Daily IDCW (Reinvestment);;INF205K018H7;1413.5139;;;23-Jan-2026
114359;Invesco India Ultra Short Duration Fund - Regular Plan - Growth;INF205K01TM0;;2781.8916;;;23-Jan-2026
114362;Invesco India Ultra Short Duration Fund - Regular Plan - Monthly IDCW (Payout / Reinvestment);INF205K01TN8;INF205K01TO6;1013.3333;;;23-Jan-2026
114360;Invesco India Ultra Short Duration Fund - Regular Plan - Quarterly IDCW (Payout / Reinvestment);INF205K01TP3;INF205K01TQ1;1079.889;;;23-Jan-2026

ITI Mutual Fund
148909;ITI Ultra Short Duration Fund - Direct Plan - Annually IDCW Option;INF00XX01AM5;INF00XX01AJ1;1324.5070;;;23-Jan-2026
148910;ITI Ultra Short Duration Fund - Direct Plan - Daily IDCW;;INF00XX01AF9;1000.9999;;;23-Jan-2026
148908;ITI Ultra Short Duration Fund - Direct Plan - Fortnightly IDCW Option;INF00XX01AK9;INF00XX01AH5;1000.5540;;;23-Jan-2026
148913;ITI Ultra Short Duration Fund - Direct Plan - Growth Option;INF00XX01AE2;;1322.8298;;;23-Jan-2026
148916;ITI Ultra Short Duration Fund - Direct Plan - Monthly IDCW Option;INF00XX01AL7;INF00XX01AI3;1003.9636;;;23-Jan-2026
148915;ITI Ultra Short Duration Fund - Direct Plan - Weekly IDCW Option;;INF00XX01AG7;1000.5540;;;23-Jan-2026
148917;ITI Ultra Short Duration Fund - Regular Plan - Annually IDCW Option;INF00XX01AD4;INF00XX01AA0;1272.4619;;;23-Jan-2026
148912;ITI Ultra Short Duration Fund - Regular Plan - Daily IDCW Option;;INF00XX01960;1001.0000;;;23-Jan-2026
148911;ITI Ultra Short Duration Fund - Regular Plan - Fortnightly IDCW Option;INF00XX01AB8;INF00XX01986;1001.8736;;;23-Jan-2026
148906;ITI Ultra Short Duration Fund - Regular Plan - Growth Option;INF00XX01952;;1272.4070;;;23-Jan-2026
148914;ITI Ultra Short Duration Fund - Regular Plan - Monthly IDCW Option;INF00XX01AC6;INF00XX01994;1003.3780;;;23-Jan-2026
148907;ITI Ultra Short Duration Fund - Regular Plan - Weekly IDCW Option;;INF00XX01978;1001.5704;;;23-Jan-2026

LIC Mutual Fund
147771;LIC MF Ultra Short Duration Fund-Direct Plan-Daily IDCW;;INF767K01QP8;1102.1317;;;23-Jan-2026
147772;LIC MF Ultra Short Duration Fund-Direct Plan-Growth;INF767K01QU8;;1395.5544;;;23-Jan-2026
147773;LIC MF Ultra Short Duration Fund-Direct Plan-Monthly IDCW;INF767K01QT0;INF767K01QS2;1395.3717;;;23-Jan-2026
147769;LIC MF Ultra Short Duration Fund-Direct Plan-Weekly IDCW;INF767K01QR4;INF767K01QQ6;1102.3747;;;23-Jan-2026
147766;LIC MF Ultra Short Duration Fund-Regular Plan-Daily IDCW;;INF767K01QJ1;1093.4116;;;23-Jan-2026
147770;LIC MF Ultra Short Duration Fund-Regular Plan-Growth;INF767K01QO1;;1360.3415;;;23-Jan-2026
147768;LIC MF Ultra Short Duration Fund-Regular Plan-Monthly IDCW;INF767K01QN3;INF767K01QM5;1360.559;;;23-Jan-2026
147767;LIC MF Ultra Short Duration Fund-Regular Plan-Weekly IDCW;INF767K01QL7;INF767K01QK9;1030.7061;;;23-Jan-2026

Mahindra Manulife Mutual Fund
147733;Mahindra Manulife Ultra Short Duration Fund - Direct Plan - Daily IDCW;;INF174V01895;1210.8114;;;23-Jan-2026
147732;Mahindra Manulife Ultra Short Duration Fund - Direct Plan - Weekly IDCW;;INF174V01903;1000.8877;;;23-Jan-2026
147731;Mahindra Manulife Ultra Short Duration Fund - Direct Plan -Growth;INF174V01887;;1456.6850;;;23-Jan-2026
147729;Mahindra Manulife Ultra Short Duration Fund - Regular Plan - Daily IDCW;;INF174V01861;1099.7525;;;23-Jan-2026
147734;Mahindra Manulife Ultra Short Duration Fund - Regular Plan - Growth;INF174V01853;;1418.7706;;;23-Jan-2026
147730;Mahindra Manulife Ultra Short Duration Fund - Regular Plan - Weekly IDCW;;INF174V01879;1000.8238;;;23-Jan-2026

Mirae Asset Mutual Fund
148529;Mirae Asset Ultra Short Duration Fund Direct Growth;INF769K01GK6;;1368.1704;;;23-Jan-2026
148532;Mirae Asset Ultra Short Duration Fund Direct IDCW;INF769K01GJ8;INF769K01GL4;1367.8538;;;23-Jan-2026
148530;Mirae Asset Ultra Short Duration Fund Regular Growth;INF769K01GH2;;1351.8762;;;23-Jan-2026
148531;Mirae Asset Ultra Short Duration Fund Regular IDCW;INF769K01GG4;INF769K01GI0;1351.3853;;;23-Jan-2026

PGIM India Mutual Fund
138342;PGIM India Ultra Short Duration Fund - Daily Dividend;INF223J01FH4;;10.0203;;;23-Jan-2026
138361;PGIM India Ultra Short Duration Fund - Direct Plan - Daily Dividend;;INF223J01QL3;10.0241;;;23-Jan-2026
138358;PGIM India Ultra Short Duration Fund - Direct Plan - Growth;INF223J01QO7;;36.7877;;;23-Jan-2026
138359;PGIM India Ultra Short Duration Fund - Direct Plan - Monthly Dividend;INF223J01QP4;;12.4574;;;23-Jan-2026
138362;PGIM India Ultra Short Duration Fund - Direct Plan - Weekly Dividend;INF223J01QR0;INF223J01QS8;10.2716;;;23-Jan-2026
138343;PGIM India Ultra Short Duration Fund - Growth;INF223J01FK8;;35.0533;;;23-Jan-2026
138344;PGIM India Ultra Short Duration Fund - Monthly Dividend;INF223J01FL6;INF223J01FM4;15.1387;;;23-Jan-2026
138341;PGIM India Ultra Short Duration Fund - Weekly Dividend;INF223J01FO0;INF223J01FP7;10.083;;;23-Jan-2026

SBI Mutual Fund
119784;SBI Ultra Short Duration Fund - Direct Plan - Daily Income Distribution cum Capital Withdrawal Option (IDCW);;INF200K01TG3;2351.6150;;;23-Jan-2026
119828;SBI ULTRA SHORT DURATION FUND - DIRECT PLAN - GROWTH;INF200K01TF5;;6288.9660;;;23-Jan-2026
119829;SBI Ultra Short Duration Fund - Direct Plan - Weekly Income Distribution cum Capital Withdrawal Option (IDCW);INF200K01TH1;INF200K01TI9;1272.5903;;;23-Jan-2026
105080;SBI Ultra Short Duration Fund - Regular Plan - Daily Income Distribution cum Capital Withdrawal Option (IDCW);;INF200K01LK2;2325.0414;;;23-Jan-2026
100641;SBI ULTRA SHORT DURATION FUND - REGULAR PLAN - GROWTH;INF200K01LJ4;;6172.8653;;;23-Jan-2026
103884;SBI Ultra Short Duration Fund - Regular Plan - Weekly Income Distribution cum Capital Withdrawal Option (IDCW);INF200K01LM8;INF200K01LL0;1264.6353;;;23-Jan-2026

WhiteOak Capital Mutual Fund
147316;WhiteOak Capital Ultra Short Duration Fund- Direct plan-Daily Reinvestment of Income Distribution cum capital withdrawal option (IDCW);;INF03VN01175;1004.9897;;;23-Jan-2026
147315;WhiteOak Capital Ultra Short Duration Fund- Direct plan-Fortnightly Payout/ Reinvestment of Income Distribution cum capital withdrawal option (IDCW);INF03VN01183;INF03VN01191;1005.5939;;;23-Jan-2026
147311;WhiteOak Capital Ultra Short Duration Fund- Direct plan-Growth Option;INF03VN01209;;1454.5202;;;23-Jan-2026
147312;WhiteOak Capital Ultra Short Duration Fund- Direct plan-Monthly Payout/ Reinvestment of Income Distribution cum capital withdrawal option (IDCW);INF03VN01217;INF03VN01225;1006.4849;;;23-Jan-2026
147313;WhiteOak Capital Ultra Short Duration Fund- Direct plan-Weekly Payout/ Reinvestment of Income Distribution cum capital withdrawal option (IDCW);INF03VN01233;INF03VN01241;1005.6059;;;23-Jan-2026
147308;WhiteOak Capital Ultra Short Duration Fund- Regular plan-Daily Reinvestment of Income Distribution cum capital withdrawal option (IDCW);;INF03VN01258;1004.9907;;;23-Jan-2026
147309;WhiteOak Capital Ultra Short Duration Fund- Regular plan-Fortnightly Payout/ Reinvestment of Income Distribution cum capital withdrawal option (IDCW);INF03VN01266;INF03VN01274;1005.4967;;;23-Jan-2026
147307;WhiteOak Capital Ultra Short Duration Fund- Regular plan-Growth Option;INF03VN01282;;1400.8449;;;23-Jan-2026
147314;WhiteOak Capital Ultra Short Duration Fund- Regular plan-Monthly Payout/ Reinvestment of Income Distribution cum capital withdrawal option (IDCW);INF03VN01290;INF03VN01308;1005.3314;;;23-Jan-2026
147310;WhiteOak Capital Ultra Short Duration Fund- Regular plan-Weekly Payout/ Reinvestment of Income Distribution cum capital withdrawal option (IDCW);INF03VN01316;INF03VN01324;1006.8426;;;23-Jan-2026

Open Ended Schemes ( Debt Scheme - Low Duration Fund )


Baroda BNP Paribas Mutual Fund
150168;BARODA BNP PARIBAS LOW DURATION Fund - Direct Plan - Daily IDCW Option;;INF251K01GK5;10.0943;;;23-Jan-2026
150169;BARODA BNP PARIBAS LOW DURATION Fund - Direct Plan - Growth Option;INF251K01GJ7;;45.4142;;;23-Jan-2026
150170;BARODA BNP PARIBAS LOW DURATION Fund - Direct Plan - Monthly IDCW Option;INF251K01GN9;INF251K01GO7;10.4076;;;23-Jan-2026
150171;BARODA BNP PARIBAS LOW DURATION Fund - Direct Plan - Weekly IDCW Option;INF251K01GL3;INF251K01GM1;10.0175;;;23-Jan-2026
150164;BARODA BNP PARIBAS LOW DURATION FUND - Regular Plan - DAILY IDCW OPTION;;INF251K01DR7;10.0604;;;23-Jan-2026
150165;BARODA BNP PARIBAS LOW DURATION FUND - Regular Plan - GROWTH OPTION;INF251K01DQ9;;41.2979;;;23-Jan-2026
150167;BARODA BNP PARIBAS LOW DURATION FUND - Regular Plan - MONTHLY IDCW OPTION;INF251K01DU1;INF251K01DV9;10.2911;;;23-Jan-2026
150166;BARODA BNP PARIBAS LOW DURATION FUND - Regular Plan - WEEKLY IDCW OPTION;INF251K01DS5;INF251K01DT3;10.0139;;;23-Jan-2026
150163;BARODA BNP PARIBAS LOW DURATION Fund-Defunct Plan- Daily IDCW Option;;INF251K01DM8;10.0499;;;23-Jan-2026
150160;BARODA BNP PARIBAS LOW DURATION Fund-Defunct Plan-Growth Option;INF251K01DL0;;41.3696;;;23-Jan-2026
150162;BARODA BNP PARIBAS LOW DURATION Fund-Defunct Plan-Monthly IDCW Option;INF251K01DO4;INF251K01DP1;10.5135;;;23-Jan-2026
150161;BARODA BNP PARIBAS LOW DURATION Fund-Defunct Plan-Weekly IDCW Option;;INF251K01DN6;10.0139;;;23-Jan-2026

DSP Mutual Fund
133925;DSP Low Duration Fund - Direct Plan - Growth;INF740K013Q1;;21.153;;;23-Jan-2026
133922;DSP Low Duration Fund - Direct Plan - IDCW - Daily;;INF740KA1OL5;10.1268;;;23-Jan-2026
133928;DSP Low Duration Fund - Direct Plan - IDCW - Monthly;INF740K014Q9;INF740K015Q6;11.8066;;;23-Jan-2026
133924;DSP Low Duration Fund - Direct Plan - IDCW - Quarterly;INF740K016Q4;INF740K017Q2;10.8664;;;23-Jan-2026
133923;DSP Low Duration Fund - Direct Plan - IDCW - Weekly;INF740KA1OM3;INF740KA1ON1;10.128;;;23-Jan-2026
133926;DSP Low Duration Fund - Regular Plan - Growth;INF740K018P2;;20.4465;;;23-Jan-2026
133919;DSP Low Duration Fund - Regular Plan - IDCW - Daily;;INF740KA1OO9;10.1814;;;23-Jan-2026
133920;DSP Low Duration Fund - Regular Plan - IDCW - Monthly;INF740K019P0;INF740K010Q7;10.6564;;;23-Jan-2026
133921;DSP Low Duration Fund - Regular Plan - IDCW - Quarterly;INF740K011Q5;INF740K012Q3;10.8308;;;23-Jan-2026
133927;DSP Low Duration Fund - Regular Plan - IDCW - Weekly;INF740KA1OP6;INF740KA1OQ4;10.128;;;23-Jan-2026

Franklin Templeton Mutual Fund
153368;Franklin India Low Duration Fund-Direct-Growth;INF090I01YE7;;10.6976;;;23-Jan-2026
153369;Franklin India Low Duration Fund-Direct-IDCW;INF090I01YG2;INF090I01YF4;10.4850;;;23-Jan-2026
153371;Franklin India Low Duration Fund-Growth;INF090I01YB3;;10.6433;;;23-Jan-2026
153370;Franklin India Low Duration Fund-IDCW;INF090I01YD9;INF090I01YC1;10.4411;;;23-Jan-2026

ICICI Prudential Mutual Fund
101618;ICICI Prudential Savings Fund - Daily IDCW;INF109K01738;;105.7358;;;23-Jan-2026
120397;ICICI Prudential Savings Fund - Direct Plan - Daily IDCW;;INF109K01O66;105.7358;;;23-Jan-2026
122904;ICICI Prudential Savings Fund - Direct Plan - Fortnightly IDCW;INF109K016Y3;INF109K015Y5;101.7267;;;23-Jan-2026
120398;ICICI Prudential Savings Fund - Direct Plan - Growth;INF109K01O82;;571.2945;;;23-Jan-2026
120399;ICICI Prudential Savings Fund - Direct Plan - IDCW Others;INF109K01O90;INF109K01O74;191.6895;;;23-Jan-2026
122651;ICICI Prudential Savings Fund - Direct Plan - Monthly IDCW;INF109K018Y9;INF109K017Y1;101.7955;;;23-Jan-2026
122982;ICICI Prudential Savings Fund - Direct Plan - Quarterly IDCW;INF109K010Z3;INF109K019Y7;109.8774;;;23-Jan-2026
120396;ICICI Prudential Savings Fund - Direct Plan - Weekly IDCW;INF109K01P08;INF109K01P16;105.5199;;;23-Jan-2026
122748;ICICI Prudential Savings Fund - Fortnightly IDCW;INF109K012Z9;INF109K011Z1;101.7232;;;23-Jan-2026
101619;ICICI Prudential Savings Fund - Growth;INF109K01746;;563.2154;;;23-Jan-2026
115511;ICICI Prudential Savings Fund - IDCW Others;INF109K01WO4;INF109K01WN6;188.7808;;;23-Jan-2026
122531;ICICI Prudential Savings Fund - Monthly IDCW;INF109K014Z5;INF109K013Z7;101.7870;;;23-Jan-2026
122995;ICICI Prudential Savings Fund - Quarterly IDCW;INF109K016Z0;INF109K015Z2;109.5960;;;23-Jan-2026
101617;ICICI Prudential Savings Fund - Weekly IDCW;INF109K01JO1;INF109K01753;105.4693;;;23-Jan-2026

Invesco Mutual Fund
105025;Invesco India Low Duration Fund - Daily IDCW (Reinvestment);;INF205K01HZ7;1017.9524;;;23-Jan-2026
120567;Invesco India Low Duration Fund - Direct Plan - Discretionary IDCW (Payout / Reinvestment);INF205K01NW2;INF205K01NX0;4076.3643;;;23-Jan-2026
120570;Invesco India Low Duration Fund - Direct Plan - Growth;INF205K01NY8;;4074.5303;;;23-Jan-2026
120571;Invesco India Low Duration Fund - Direct Plan - Monthly IDCW (Payout / Reinvestment);INF205K01NZ5;INF205K01OA6;1086.7669;;;23-Jan-2026
120568;Invesco India Low Duration Fund - Direct Plan - Weekly IDCW (Payout / Reinvestment);INF205K01OB4;INF205K01OC2;1206.0102;;;23-Jan-2026
120566;Invesco India Low Duration Fund - Direct Plan -Daily IDCW (Reinvestment);;INF205K01NV4;1018.9655;;;23-Jan-2026
115458;Invesco India Low Duration Fund - Discretionary IDCW (Payout / Reinvestment);INF205K01IG5;INF205K01IF7;3997.6137;;;23-Jan-2026
104726;Invesco India Low Duration Fund - Growth;INF205K01HY0;;3905.9971;;;23-Jan-2026
104729;Invesco India Low Duration Fund - Monthly IDCW (Payout / Reinvestment);INF205K01ID2;INF205K01IC4;1423.5222;;;23-Jan-2026
104728;Invesco India Low Duration Fund - Regular - Growth;INF205K01HT0;;3465.6527;;;23-Jan-2026
104723;Invesco India Low Duration Fund - Regular - Monthly IDCW (Reinvestment);;INF205K01HW4;1396.9099;;;23-Jan-2026
104722;Invesco India Low Duration Fund - Regular - Weekly IDCW (Reinvestment);;INF205K01HV6;1444.655;;;23-Jan-2026
105024;Invesco India Low Duration Fund - Regular Daily IDCW (Reinvestment);;INF205K01HU8;1723.7133;;;23-Jan-2026
104725;Invesco India Low Duration Fund - Weekly IDCW (Payout / Reinvestment);INF205K01IB6;INF205K01IA8;1305.7362;;;23-Jan-2026

JM Financial Mutual Fund
143610;JM Low Duration Fund (Direct) - Bonus Option - Principal Units;INF192K01FL1;;23.714;;;23-Jan-2026
143604;JM Low Duration Fund (Direct) - Daily IDCW;;INF192K01DT9;10.85;;;23-Jan-2026
143606;JM Low Duration Fund (Direct) - Fortnightly IDCW;;INF192K01DV5;11.1243;;;23-Jan-2026
143612;JM Low Duration Fund (Direct) - Growth;INF192K01DW3;;39.3857;;;23-Jan-2026
143611;JM Low Duration Fund (Direct) - Weekly IDCW;;INF192K01DU7;11.4544;;;23-Jan-2026
143603;JM Low Duration Fund (Regular) - Daily IDCW;;INF192K01AV1;10.8183;;;23-Jan-2026
143605;JM Low Duration Fund (Regular) - Fortnightly IDCW ;;INF192K01AX7;11.0827;;;23-Jan-2026
143607;JM Low Duration Fund (Regular) - Growth Option;INF192K01AY5;;38.2351;;;23-Jan-2026
143608;JM Low Duration Fund (Regular) - Weekly IDCW;;INF192K01AW9;11.4128;;;23-Jan-2026
143609;JM Low Duration Fund - Bonus Option - Principal Units;INF192K01FJ5;;23.0357;;;23-Jan-2026

LIC Mutual Fund
120316;LIC MF Low Duration Fund-Direct Plan-Daily IDCW;INF767K01FL0;INF767K01FN6;10.05;;;23-Jan-2026
120315;LIC MF Low Duration Fund-Direct Plan-Growth;INF767K01FM8;;44.3517;;;23-Jan-2026
120317;LIC MF Low Duration Fund-Direct Plan-Monthly IDCW;INF767K01FP1;INF767K01FO4;23.1624;;;23-Jan-2026
120318;LIC MF Low Duration Fund-Direct Plan-Weekly IDCW;INF767K01JJ6;INF767K01JK4;15.449;;;23-Jan-2026
111676;LIC MF Low Duration Fund-Regular Plan-Daily IDCW;INF767K01AK3;INF767K01AL1;10.7528;;;23-Jan-2026
101830;LIC MF Low Duration Fund-Regular Plan-Growth;INF767K01AO5;;40.7353;;;23-Jan-2026
101829;LIC MF Low Duration Fund-Regular Plan-Monthly IDCW;INF767K01AM9;INF767K01AN7;14.0465;;;23-Jan-2026
111675;LIC MF Low Duration Fund-Regular Plan-Weekly IDCW;INF767K01AP2;INF767K01AQ0;13.9692;;;23-Jan-2026

Mahindra Manulife Mutual Fund
140617;Mahindra Manulife Low Duration Fund - Direct Plan - Daily IDCW;;INF174V01275;1221.2639;;;23-Jan-2026
140619;Mahindra Manulife Low Duration Fund - Direct Plan - Monthly IDCW;INF174V01309;INF174V01291;1134.1701;;;23-Jan-2026
140618;Mahindra Manulife Low Duration Fund - Direct Plan - Weekly IDCW;;INF174V01283;1030.4558;;;23-Jan-2026
140613;Mahindra Manulife Low Duration Fund - Direct Plan -Growth;INF174V01267;;1814.8267;;;23-Jan-2026
140614;Mahindra Manulife Low Duration Fund - Regular Plan - Daily IDCW;;INF174V01226;1006.0947;;;23-Jan-2026
140620;Mahindra Manulife Low Duration Fund - Regular Plan - Growth;INF174V01218;;1684.3966;;;23-Jan-2026
140616;Mahindra Manulife Low Duration Fund - Regular Plan - Monthly IDCW;INF174V01259;INF174V01242;1114.1233;;;23-Jan-2026
140615;Mahindra Manulife Low Duration Fund - Regular Plan - Weekly IDCW;;INF174V01234;1052.5816;;;23-Jan-2026

Mirae Asset Mutual Fund
118843;Mirae Asset Low Duration Fund - Direct Plan - Daily IDCW;;INF769K01BR2;1208.8287;;;23-Jan-2026
118840;Mirae Asset Low Duration Fund - Direct Plan - Growth;INF769K01BO9;;2545.3698;;;23-Jan-2026
118841;Mirae Asset Low Duration Fund - Direct Plan - Monthly IDCW;INF769K01BP6;INF769K01BT8;1162.5920;;;23-Jan-2026
118842;Mirae Asset Low Duration Fund - Direct Plan - Quarterly IDCW;INF769K01BQ4;INF769K01BU6;1000.6491;;;23-Jan-2026
118844;Mirae Asset Low Duration Fund - Direct Plan - Weekly IDCW;;INF769K01BS0;1454.9715;;;23-Jan-2026
107700;Mirae Asset Low Duration Fund - Regular Plan - Daily IDCW;;INF769K01986;1004.9092;;;23-Jan-2026
107705;Mirae Asset Low Duration Fund - Regular Plan - Growth;INF769K01937;;2329.6263;;;23-Jan-2026
107704;Mirae Asset Low Duration Fund - Regular Plan - Monthly IDCW;INF769K01960;INF769K01AA0;1089.1818;;;23-Jan-2026
107702;Mirae Asset Low Duration Fund - Regular Plan - Quarterly IDCW;INF769K01978;INF769K01AB8;999.9059;;;23-Jan-2026
107701;Mirae Asset Low Duration Fund - Regular Plan - Weekly IDCW;;INF769K01994;1106.9134;;;23-Jan-2026

SBI Mutual Fund
119810;SBI Low Duration Fund - Direct Plan - Daily Income Distribution cum Capital Withdrawal Option (IDCW);;INF200K01VJ3;1448.6350;;;23-Jan-2026
119811;SBI Low Duration Fund - Direct Plan - Fortnightly Income Distribution cum Capital Withdrawal Option (IDCW);INF200K01VK1;INF200K01VL9;1473.9603;;;23-Jan-2026
119812;SBI LOW DURATION FUND - DIRECT PLAN - GROWTH;INF200K01VM7;;3757.9205;;;23-Jan-2026
119818;SBI Low Duration Fund - Direct Plan - Monthly Income Distribution cum Capital Withdrawal Option (IDCW);INF200K01VN5;INF200K01VO3;1669.9084;;;23-Jan-2026
119819;SBI Low Duration Fund - Direct Plan - Weekly Income Distribution cum Capital Withdrawal Option (IDCW);INF200K01VP0;INF200K01VQ8;1450.7542;;;23-Jan-2026
106213;SBI Low Duration Fund - Regular Plan - Daily Income Distribution cum Capital Withdrawal Option (IDCW);;INF200K01ML8;1403.2255;;;23-Jan-2026
106215;SBI Low Duration Fund - Regular Plan - Fornightly Income Distribution cum Capital Withdrawal Option (IDCW);INF200K01MM6;INF200K01MN4;1427.7884;;;23-Jan-2026
106212;SBI LOW DURATION FUND - REGULAR PLAN - GROWTH;INF200K01MO2;;3602.5071;;;23-Jan-2026
106216;SBI Low Duration Fund - Regular Plan - Monthly Income Distribution cum Capital Withdrawal Option (IDCW);INF200K01MP9;INF200K01MQ7;1580.0113;;;23-Jan-2026
106214;SBI Low Duration Fund - Regular Plan - Weekly Income Distribution cum Capital Withdrawal Option (IDCW);INF200K01MR5;INF200K01MS3;1403.2145;;;23-Jan-2026
106221;SBI Short Horizon Debt Fund - Ultra Short Term Fund - Institutional Plan - Daily Income Distribution cum Capital Withdrawal Option (IDCW);;INF200K01MD5;1403.5574;;;23-Jan-2026
106217;SBI Short Horizon Debt Fund - Ultra Short Term Fund - Institutional Plan - Growth;INF200K01MG8;;3666.0383;;;23-Jan-2026
106222;SBI Short Horizon Debt Fund - Ultra Short Term Fund- Institutional Plan - Weekly Income Distribution cum Capital Withdrawal Option (IDCW);INF200K01MJ2;INF200K01MK0;1400.0732;;;23-Jan-2026

Union Mutual Fund
153654;Union Low Duration Fund - Direct Plan - Growth Option;INF582M01LQ6;;10.2843;;;23-Jan-2026
153655;Union Low Duration Fund - Direct Plan - IDCW Option;INF582M01LR4;INF582M01LS2;10.2843;;;23-Jan-2026
153652;Union Low Duration Fund - Regular Plan - Growth Option;INF582M01LU8;;10.2428;;;23-Jan-2026
153653;Union Low Duration Fund - Regular Plan - IDCW Option;INF582M01LN3;INF582M01LO1;10.2428;;;23-Jan-2026

Open Ended Schemes ( Debt Scheme - Money Market Fund )


Bajaj Finserv Mutual Fund
151889;Bajaj Finserv Money Market Fund-Direct Plan-Growth;INF0QA701334;;1202.3345;;;23-Jan-2026
151890;Bajaj Finserv Money Market Fund-Direct Plan-IDCW;INF0QA701391;INF0QA701375;1202.3345;;;23-Jan-2026
151894;Bajaj Finserv Money Market Fund-Direct Plan-Monthly-IDCW;INF0QA701433;INF0QA701425;1036.0416;;;23-Jan-2026
151893;Bajaj Finserv Money Market Fund-Regular Plan-Growth;INF0QA701441;;1184.6745;;;23-Jan-2026
151891;Bajaj Finserv Money Market Fund-Regular Plan-IDCW;INF0QA701466;INF0QA701458;1184.6745;;;23-Jan-2026
151892;Bajaj Finserv Money Market Fund-Regular Plan-Monthly-IDCW;INF0QA701482;INF0QA701474;1043.6383;;;23-Jan-2026

Bank of India Mutual Fund
153296;Bank of India Money Market Fund - Direct - Daily IDCW;;INF761K01GP2;10.0500;;;23-Jan-2026
153294;Bank of India Money Market Fund - Direct - Growth;INF761K01GO5;;10.7030;;;23-Jan-2026
153295;Bank of India Money Market Fund - Direct - Monthly IDCW;INF761K01GR8;INF761K01GX6;10.7020;;;23-Jan-2026
153298;Bank of India Money Market Fund - Regular - Daily IDCW;;INF761K01GT4;10.0500;;;23-Jan-2026
153293;Bank of India Money Market Fund - Regular - Growth;INF761K01GS6;;10.6498;;;23-Jan-2026
153299;Bank of India Money Market Fund - Regular - Monthly IDCW;INF761K01GW8;INF761K01GV0;10.6503;;;23-Jan-2026
153301;Bank of India Money Market Fund - Regular - Weekly IDCW;;INF761K01GU2;10.0562;;;23-Jan-2026

Baroda BNP Paribas Mutual Fund
147373;Baroda BNP Paribas Money Market Fund - Direct Plan - Monthly IDCW;INF955L01IG3;;1036.3581;;;23-Jan-2026
147378;Baroda BNP Paribas Money Market Fund - Direct Plan-Daily IDCW;;INF955L01IE8;1000.0000;;;23-Jan-2026
147376;Baroda BNP Paribas Money Market Fund - Regular Plan - Monthly IDCW;INF955L01IB4;;1017.5300;;;23-Jan-2026
147379;Baroda BNP Paribas Money Market Fund -Direct Plan - Weekly IDCW;;INF955L01IF5;1000.6273;;;23-Jan-2026
147377;Baroda BNP Paribas Money Market Fund- Direct Plan - Growth;INF955L01ID0;;1448.3526;;;23-Jan-2026
147382;Baroda BNP Paribas Money Market Fund-Regular Plan - Growth;INF955L01HY8;;1425.8644;;;23-Jan-2026
147380;Baroda BNP Paribas Money Market Fund-Regular Plan- Daily IDCW;;INF955L01HZ5;1005.9752;;;23-Jan-2026
147381;Baroda BNP Paribas Money Market Fund-Regular Plan-Weekly IDCW;;INF955L01IA6;1000.7668;;;23-Jan-2026

DSP Mutual Fund
123288;DSP Savings Fund - Direct Plan -  IDCW - Daily;;INF740KA1PB3;10.1524;;;23-Jan-2026
119106;DSP Savings Fund - Direct Plan - Growth;INF740K01NU2;;56.1189;;;23-Jan-2026
119108;DSP Savings Fund - Direct Plan - IDCW;INF740K01NV0;INF740K01NX6;12.4605;;;23-Jan-2026
119107;DSP Savings Fund - Direct Plan - IDCW - Monthly;INF740K01NT4;INF740K01NW8;11.0291;;;23-Jan-2026
100087;DSP Savings Fund - Regular Plan - Growth;INF740K01714;;54.3835;;;23-Jan-2026
100088;DSP Savings Fund - Regular Plan - IDCW;INF740K01706;INF740K01AJ2;12.4186;;;23-Jan-2026
123287;DSP Savings Fund - Regular Plan - IDCW - Daily;;INF740KA1PC1;10.1018;;;23-Jan-2026
100089;DSP Savings Fund - Regular Plan - IDCW - Monthly;INF740K01722;INF740K01AK0;10.9941;;;23-Jan-2026

Franklin Templeton Mutual Fund
118506;Franklin India Money Market Fund - Direct - Growth;INF090I01GV8;;53.7088;;;23-Jan-2026
152200;Franklin India Money Market Fund - DP - Wkly IDCW R;INF090I01WV5;INF090I01WW3;10.1060;;;23-Jan-2026
101357;Franklin India Money Market Fund - Growth Option;INF090I01CA1;;51.9352;;;23-Jan-2026
122443;Franklin India Money Market Fund Retail Option - Daily - IDCW;;INF090I01KM9;10.1002;;;23-Jan-2026
122444;Franklin India Money Market Fund Retail Option - Direct - Daily - IDCW;;INF090I01KN7;10.1112;;;23-Jan-2026
129437;Franklin India Money Market Fund Retail Option - Direct - Monthly - IDCW;INF090I01LC8;INF090I01LD6;10.9380;;;23-Jan-2026
118505;Franklin India Money Market Fund Retail Option - Direct - Quarterly - IDCW;INF090I01GT2;INF090I01GU0;11.6522;;;23-Jan-2026
129436;Franklin India Money Market Fund Retail Option - Monthly - IDCW;INF090I01LA2;INF090I01LB0;10.5307;;;23-Jan-2026
101356;Franklin India Money Market Fund Retail Option - Quarterly - IDCW;INF090I01BZ0;INF090I01BY3;11.1162;;;23-Jan-2026
152199;Franklin India Money Market Fund Wkly IDCW R;INF090I01WT9;INF090I01WU7;10.0955;;;23-Jan-2026

Groww Mutual Fund
153982;Groww Money Market Fund Direct Growth;INF666M01MW3;;10.0887;;;23-Jan-2026
153991;Groww Money Market Fund Direct IDCW;INF666M01MX1;INF666M01MY9;10.0888;;;23-Jan-2026
153992;Groww Money Market Fund Regular Growth;INF666M01MZ6;;10.0788;;;23-Jan-2026
153993;Groww Money Market Fund Regular IDCW;INF666M01NA7;INF666M01NB5;10.0789;;;23-Jan-2026

ICICI Prudential Mutual Fund
120209;ICICI Prudential Money Market Fund Option - Direct Plan -  Daily IDCW;;INF109K01R22;100.1432;;;23-Jan-2026
120211;ICICI Prudential Money Market Fund Option - Direct Plan -  Growth;INF109K01R14;;397.9016;;;23-Jan-2026
120216;ICICI Prudential Money Market Fund Option - Direct Plan -  IDCW Others;INF109K01R30;;182.3165;;;23-Jan-2026
120212;ICICI Prudential Money Market Fund Option - Direct Plan -  Weekly IDCW;INF109K01R89;;100.8300;;;23-Jan-2026
103634;ICICI Prudential Money Market Fund Option - Daily IDCW;INF109K01TY9;;100.1288;;;23-Jan-2026
103633;ICICI Prudential Money Market Fund Option - Growth;INF109K01TX1;;392.8673;;;23-Jan-2026
130013;ICICI Prudential Money Market Fund Option - IDCW Others;INF109K01I64;;180.4375;;;23-Jan-2026
103635;ICICI Prudential Money Market Fund Option - Weekly IDCW;INF109K01TZ6;;100.7659;;;23-Jan-2026

Invesco Mutual Fund
115515;Invesco India Money Market Fund - Daily IDCW (Reinvestment);;INF205K01RU7;1000.29;;;23-Jan-2026
120506;Invesco India Money Market Fund - Direct Plan - Daily IDCW (Reinvestment);;INF205K01RV5;1012.2021;;;23-Jan-2026
120508;Invesco India Money Market Fund - Direct Plan - Discretionary IDCW (Payout / Reinvestment);INF205K01RW3;INF205K01RX1;2922.42;;;23-Jan-2026
120507;Invesco India Money Market Fund - Direct Plan - Growth;INF205K01RY9;;3262.1637;;;23-Jan-2026
120509;Invesco India Money Market Fund - Direct Plan - Monthly IDCW (Payout / Reinvestment);INF205K01RZ6;INF205K01SA7;1189.6602;;;23-Jan-2026
116653;Invesco India Money Market Fund - Discretionary IDCW (Payout / Reinvestment);INF205K01SB5;INF205K01SC3;3152.4927;;;23-Jan-2026
112123;Invesco India Money Market Fund - Growth;INF205K01SD1;;3149.2386;;;23-Jan-2026
112125;Invesco India Money Market Fund - Monthly IDCW (Payout / Reinvestment);INF205K01SE9;INF205K01SF6;1020.4606;;;23-Jan-2026
112120;Invesco India Money Market Fund - Regular - Growth;INF205K01SG4;;2772.2301;;;23-Jan-2026
112122;Invesco India Money Market Fund - Regular - Monthly IDCW (Payout / Reinvestment);INF205K01SH2;INF205K01SI0;1472.4117;;;23-Jan-2026
116488;Invesco India Money Market Fund - Regular Plan - Daily IDCW (Reinvestment);;INF205K01UW7;1008.6058;;;23-Jan-2026
152580;Invesco India Money Market Fund - Weekly IDCW (Payout / Reinvestment);INF205KA1833;INF205KA1841;1001.084;;;23-Jan-2026

LIC Mutual Fund
150392;LIC MF Money Market Fund-Direct Plan-Growth;INF767K01RE0;;1246.4124;;;23-Jan-2026
150391;LIC MF Money Market Fund-Direct Plan-IDCW;INF767K01RF7;INF767K01RG5;1246.4123;;;23-Jan-2026
150393;LIC MF Money Market Fund-Regular Plan-Growth;INF767K01RB6;;1229.5648;;;23-Jan-2026
150394;LIC MF Money Market Fund-Regular Plan-IDCW;INF767K01RC4;INF767K01RD2;1229.5648;;;23-Jan-2026

Mirae Asset Mutual Fund
149112;Mirae Asset Money Market Fund Direct Growth;INF769K01HN8;;1322.9950;;;23-Jan-2026
149113;Mirae Asset Money Market Fund Direct IDCW;INF769K01HM0;INF769K01HO6;1320.8125;;;23-Jan-2026
149115;Mirae Asset Money Market Fund Regular Growth;INF769K01HK4;;1302.1589;;;23-Jan-2026
149114;Mirae Asset Money Market Fund Regular IDCW;INF769K01HJ6;INF769K01HL2;1302.1490;;;23-Jan-2026

PGIM India Mutual Fund
148162;PGIM India Money Market Fund - Direct Plan - Daily Dividend Option;;INF663L01U16;1010.4294;;;23-Jan-2026
148161;PGIM India Money Market Fund - Direct Plan - Growth Option;INF663L01T84;;1414.3933;;;23-Jan-2026
148163;PGIM India Money Market Fund - Direct Plan - Monthly Dividend Option;INF663L01T92;;1071.4605;;;23-Jan-2026
148164;PGIM India Money Market Fund - Direct Plan - Weekly Dividend Option;;INF663L01U08;1001.0267;;;23-Jan-2026
148160;PGIM India Money Market Fund - Regular Plan - Daily Dividend Option;;INF663L01U57;1009.0935;;;23-Jan-2026
148159;PGIM India Money Market Fund - Regular Plan - Growth Option;INF663L01U24;;1371.1818;;;23-Jan-2026
148157;PGIM India Money Market Fund - Regular Plan - Monthly Dividend Option;INF663L01U32;;1061.7524;;;23-Jan-2026
148158;PGIM India Money Market Fund - Regular Plan - Weekly Dividend Option;;INF663L01U40;1001.9563;;;23-Jan-2026
152111;PGIM India Money Market Fund - Segregated Portfolio 1 - Direct Plan - Annual IDCW option;;;0;;;23-Jan-2026
152114;PGIM India Money Market Fund - Segregated Portfolio 1 - Direct Plan - Growth Option;;;0;;;23-Jan-2026
152112;PGIM India Money Market Fund - Segregated Portfolio 1 - Direct Plan - Monthly IDCW Option;;;0;;;23-Jan-2026
152113;PGIM India Money Market Fund - Segregated Portfolio 1 - Direct Plan - Quarterly IDCW option;;;0;;;23-Jan-2026
152120;PGIM India Money Market Fund - Segregated Portfolio 1 - Regular Plan - Annual IDCW Option;;;0;;;23-Jan-2026
152122;PGIM India Money Market Fund - Segregated Portfolio 1 - Regular plan - Growth option;;;0;;;23-Jan-2026
152119;PGIM India Money Market Fund - Segregated Portfolio 1 - Regular Plan - Monthly IDCW option;;;0;;;23-Jan-2026
152121;PGIM India Money Market Fund - Segregated Portfolio 1 - Regular Plan - Quarterly IDCW Option;;;0;;;23-Jan-2026

SBI Mutual Fund
119821;SBI  SAVINGS FUND - DIRECT PLAN - GROWTH;INF200K01SZ5;;46.0516;;;23-Jan-2026
102503;SBI  SAVINGS FUND - REGULAR PLAN - GROWTH;INF200K01636;;42.8251;;;23-Jan-2026
119820;SBI Savings Fund - Direct Plan - Income Distribution cum Capital Withdrawal Option (IDCW);INF200K01SX0;INF200K01SY8;18.2535;;;23-Jan-2026
119822;SBI Savings Fund - Direct Plan Daily Income Distribution cum Capital Withdrawal Option (IDCW);;INF200K01SW2;14.3799;;;23-Jan-2026
119823;SBI Savings Fund - Direct Plan Weekly Income Distribution cum Capital Withdrawal Option (IDCW);INF200K01TA6;INF200K01TB4;16.6208;;;23-Jan-2026
102504;SBI Savings Fund - Regular Plan - Income Distribution cum Capital Withdrawal Option (IDCW);INF200K01644;INF200K01651;16.8860;;;23-Jan-2026
114348;SBI Savings Fund - Regular Plan Daily Income Distribution cum Capital Withdrawal Option (IDCW);;INF200KA1K20;13.9596;;;23-Jan-2026
102860;SBI Savings Fund - Regular Plan Weekly Income Distribution cum Capital Withdrawal Option (IDCW);INF200K01669;INF200K01677;15.9361;;;23-Jan-2026

Trust Mutual Fund
150513;TRUSTMF MONEY MARKET FUND-DIRECT PLAN-GROWTH;INF0GCD01503;;1267.8155;;;23-Jan-2026
150514;TRUSTMF MONEY MARKET FUND-DIRECT PLAN-MONTHLY IDCW;INF0GCD01529;INF0GCD01511;1144.1011;;;23-Jan-2026
150511;TRUSTMF MONEY MARKET FUND-REGULAR PLAN-GROWTH;INF0GCD01479;;1259.348;;;23-Jan-2026
150512;TRUSTMF MONEY MARKET FUND-REGULAR PLAN-MONTHLY IDCW;INF0GCD01495;INF0GCD01487;1136.1696;;;23-Jan-2026

Union Mutual Fund
149117;Union Money Market Fund - Direct Plan -  Growth Option;INF582M01HG5;;1310.5036;;;23-Jan-2026
149123;Union Money Market Fund - Direct Plan -  Monthly IDCW Option;INF582M01HK7;INF582M01HJ9;1012.5813;;;23-Jan-2026
149116;Union Money Market Fund - Regular Plan -  Growth Option;INF582M01HO9;;1270.0699;;;23-Jan-2026
149122;Union Money Market Fund - Regular Plan -  Monthly IDCW Option;INF582M01HS0;INF582M01HR2;1004.4542;;;23-Jan-2026

Open Ended Schemes ( Debt Scheme - Short Duration Fund )


Bank of India Mutual Fund
119382;BANK OF INDIA Short Term Income Fund-Direct Plan- Growth;INF761K01736;;29.9652;;;23-Jan-2026
119383;BANK OF INDIA Short Term Income Fund-Direct Plan- Monthly IDCW;INF761K01751;INF761K01744;14.5691;;;23-Jan-2026
119384;BANK OF INDIA Short Term Income Fund-Direct Plan- Quarterly IDCW;INF761K01777;INF761K01769;13.8145;;;23-Jan-2026
111585;BANK OF INDIA Short Term Income Fund-Regular Plan- Growth;INF761K01579;;27.4783;;;23-Jan-2026
111589;BANK OF INDIA Short Term Income Fund-Regular Plan- Monthly IDCW;INF761K01595;INF761K01587;14.1006;;;23-Jan-2026
111590;BANK OF INDIA Short Term Income Fund-Regular Plan- Quarterly IDCW;INF761K01611;INF761K01603;13.8955;;;23-Jan-2026

Baroda BNP Paribas Mutual Fund
119400;Baroda BNP Paribas Short Duration Fund - Direct Plan - Growth Option;INF955L01BD5;;32.6896;;;23-Jan-2026
119399;Baroda BNP Paribas Short Duration Fund - Direct Plan - Monthly IDCW Option;INF955L01BB9;;10.4813;;;23-Jan-2026
140463;Baroda BNP Paribas Short Duration Fund - Direct Plan - Quarterly IDCW;INF955L01GU8;;11.1824;;;23-Jan-2026
113036;Baroda BNP Paribas Short Duration Fund - Regular Plan - Growth Option;INF955L01153;;30.0106;;;23-Jan-2026
113037;Baroda BNP Paribas Short Duration Fund - Regular Plan - Monthly IDCW Option;INF955L01138;INF955L01146;10.2303;;;23-Jan-2026
140465;Baroda BNP Paribas Short Duration Fund - Regular Plan - Quarterly IDCW;INF955L01GS2;;10.6011;;;23-Jan-2026

DSP Mutual Fund
119226;DSP Short Term Fund - Direct Plan - Growth;INF740K01NJ5;;52.1079;;;23-Jan-2026
119222;DSP Short Term Fund - Direct Plan - IDCW;INF740K01NK3;INF740K01NN7;12.6022;;;23-Jan-2026
119224;DSP Short Term Fund - Direct Plan - IDCW - Monthly;INF740K01NL1;INF740K01NM9;11.6924;;;23-Jan-2026
119223;DSP Short Term Fund - Direct Plan - IDCW - Weekly;INF740KA1PD9;INF740KA1PE7;10.1796;;;23-Jan-2026
101306;DSP Short Term Fund - IDCW - Monthly;INF740K01664;INF740K01AG8;11.5945;;;23-Jan-2026
101304;DSP Short Term Fund - Regular Plan - Growth;INF740K01656;;47.7871;;;23-Jan-2026
101305;DSP Short Term Fund - Regular Plan - IDCW;INF740K01649;INF740K01AF0;12.5862;;;23-Jan-2026
101303;DSP Short Term Fund - Regular Plan - Regular Plan - IDCW - Weekly;INF740KA1PF4;;10.1759;;;23-Jan-2026

Franklin Templeton Mutual Fund
148313;Franklin India Short Tem Income Plan - Segregated Portfolio 3 (9.50% Yes Bank Ltd CO 23Dec21) - Direct Retail Plan Growth Option;INF090I01VS3;;0.0000;;;23-Jan-2026
148314;Franklin India Short Term Income Plan - Segregated Portfolio 3 (9.50% Yes Bank Ltd CO 23Dec21) - Institutional Plan Growth Option;INF090I01VR5;;0.0000;;;23-Jan-2026
148318;Franklin India Short Term Income Plan - Segregated Portfolio 3 (9.50% Yes Bank Ltd CO 23Dec21) - Retail Plan Growth Option;INF090I01VN4;;0.0000;;;23-Jan-2026
148312;Franklin India Short term Income Plan- Retail Plan-Segregated Portfolio 3 (9.50% Yes Bank Ltd CO 23Dec21) - Direct Monthly - IDCW;INF090I01VU9;;0.0000;;;23-Jan-2026
148311;Franklin India Short term Income Plan- Retail Plan-Segregated Portfolio 3 (9.50% Yes Bank Ltd CO 23Dec21) - Direct Quarterly - IDCW;INF090I01VT1;;0.0000;;;23-Jan-2026
148319;Franklin India Short Term Income Plan- Retail Plan-Segregated Portfolio 3 (9.50% Yes Bank Ltd CO 23Dec21) - Monthly - IDCW;INF090I01VP9;;0.0000;;;23-Jan-2026
148317;Franklin India Short term Income Plan- Retail Plan-Segregated Portfolio 3 (9.50% Yes Bank Ltd CO 23Dec21) - Quarterly - IDCW;INF090I01VO2;;0.0000;;;23-Jan-2026
148315;Franklin India Short-term Income Plan- Retail Plan-Segregated Portfolio 3 (9.50% Yes Bank Ltd CO 23Dec21) - Weekly - IDCW;INF090I01VQ7;;0.0000;;;23-Jan-2026
148316;Franklin India Short-term Income Plan-Retail Plan-Segregated Portfolio 3 (9.50% Yes Bank Ltd CO 23Dec21) - Direct Weekly - IDCW;INF090I01VV7;;0.0000;;;23-Jan-2026

Groww Mutual Fund
123708;Groww Short Duration Fund (formerly known as Indiabulls Short Term Fund )- Regular Plan - Growth Option;INF666M01AJ5;;2137.5708;;;23-Jan-2026
123704;Groww Short Duration Fund (formerly known as Indiabulls Short Term Fund) - Direct Plan - Growth Option;INF666M01AC0;;2463.5653;;;23-Jan-2026
123706;Groww Short Duration Fund (formerly known as Indiabulls Short Term Fund)- Direct Plan- Fortnightly - Income Distribution cum capital withdrawal Option (Payout & Reinvestment);INF666M01AH9;INF666M01AE6;1018.5874;;;23-Jan-2026
123707;Groww Short Duration Fund (formerly known as Indiabulls Short Term Fund)- Direct Plan- Monthly - Income Distribution cum capital withdrawal Option (Payout & Reinvestment);INF666M01AI7;INF666M01AF3;1018.5714;;;23-Jan-2026
123705;Groww Short Duration Fund (formerly known as Indiabulls Short Term Fund)- Direct Plan- Weekly - Income Distribution cum capital withdrawal Option (Payout & Reinvestment);INF666M01AG1;INF666M01AD8;1018.9144;;;23-Jan-2026
123710;Groww Short Duration Fund (formerly known as Indiabulls Short Term Fund)- Regular Plan- Fortnightly - Income Distribution cum capital withdrawal Option (Payout & Reinvestment);INF666M01AO5;INF666M01AL1;1017.6812;;;23-Jan-2026
123711;Groww Short Duration Fund (formerly known as Indiabulls Short Term Fund)- Regular Plan- Monthly - Income Distribution cum capital withdrawal Option (Payout & Reinvestment);INF666M01AP2;INF666M01AM9;1024.3989;;;23-Jan-2026
123709;Groww Short Duration Fund (formerly known as Indiabulls Short Term Fund)- Regular Plan- Weekly - Income Distribution cum capital withdrawal Option (Payout & Reinvestment);INF666M01AN7;INF666M01AK3;1018.6816;;;23-Jan-2026

ICICI Prudential Mutual Fund
120754;ICICI Prudential Short Term Fund - Direct Plan - Growth Option;INF109K013N3;;67.9966;;;23-Jan-2026
120755;ICICI Prudential Short Term Fund - Direct Plan - Monthly IDCW;INF109K014N1;INF109K015N8;12.6802;;;23-Jan-2026
101758;ICICI Prudential Short Term Fund - Growth Option;INF109K01654;;62.1375;;;23-Jan-2026
101165;ICICI Prudential Short Term Fund - Monthly IDCW;INF109K01WL0;INF109K01647;12.0633;;;23-Jan-2026

Invesco Mutual Fund
120559;Invesco India Short Duration Fund - Direct Plan - Daily IDCW (Reinvestment);;INF205K01UE5;1023.1454;;;23-Jan-2026
120560;Invesco India Short Duration Fund - Direct Plan - Growth;INF205K01UH8;;4059.2006;;;23-Jan-2026
120561;Invesco India Short Duration Fund - Direct Plan - Monthly IDCW (Payout / Reinvestment);INF205K01UI6;INF205K01UJ4;2671.1103;;;23-Jan-2026
120563;Invesco India Short Duration Fund - Direct Plan -Discretionary IDCW (Payout / Reinvestment);INF205K01UF2;INF205K01UG0;2863.767;;;23-Jan-2026
120562;Invesco India Short Duration Fund - Direct Plan -Weekly IDCW (Reinvestment);;INF205K01UK2;1020.7599;;;23-Jan-2026
105189;Invesco India Short Duration Fund - Plan B - Growth;INF205K01UR7;;3641.3348;;;23-Jan-2026
105187;Invesco India Short Duration Fund - Plan B - Monthly IDCW (Payout / Reinvestment);INF205K01US5;INF205K01UT3;2385.5556;;;23-Jan-2026
105192;Invesco India Short Duration Fund - Plan B - Weekly IDCW (Reinvestment);;INF205K01UU1;1013.7415;;;23-Jan-2026
117973;Invesco India Short Duration Fund - Regular Plan - Daily IDCW (Reinvestment);;INF205K01UD7;1035.1162;;;23-Jan-2026
105185;Invesco India Short Duration Fund - Regular Plan - Growth;INF205K01UN6;;3662.8998;;;23-Jan-2026
105191;Invesco India Short Duration Fund - Regular Plan - Monthly IDCW (Payout / Reinvestment);INF205K01UO4;INF205K01UP1;1047.7628;;;23-Jan-2026
105190;Invesco India Short Duration Fund - Regular Plan - Weekly IDCW (Reinvestment);;INF205K01UV9;1017.2722;;;23-Jan-2026
116110;Invesco India Short Duration Fund- Regular Plan - Discretionary IDCW (Payout / Reinvestment);INF205K01UL0;INF205K01UM8;2732.3622;;;23-Jan-2026

JM Financial Mutual Fund
150545;JM Short Duration Fund (Direct) - Growth;INF192K01MP8;;12.6755;;;23-Jan-2026
150544;JM Short Duration Fund (Direct) - IDCW;INF192K01MQ6;INF192K01MR4;12.6758;;;23-Jan-2026
150542;JM Short Duration Fund (Regular) - Growth;INF192K01MM5;;12.3372;;;23-Jan-2026
150543;JM Short Duration Fund (Regular) - IDCW;INF192K01MN3;INF192K01MO1;12.3377;;;23-Jan-2026

LIC Mutual Fund
145954;LIC MF Short Duration Fund-Direct Plan-Growth;INF767K01PW6;;16.0385;;;23-Jan-2026
145953;LIC MF Short Duration Fund-Direct Plan-IDCW;INF767K01PX4;INF767K01PY2;16.0385;;;23-Jan-2026
151959;LIC MF Short Duration Fund-Direct Plan-Monthly IDCW;INF397L01BH1;INF397L01BI9;16.0366;;;23-Jan-2026
151960;LIC MF Short Duration Fund-Direct Plan-Weekly IDCW;INF397L01BK5;INF397L01BL3;16.0372;;;23-Jan-2026
145952;LIC MF Short Duration Fund-Regular Plan-Growth;INF767K01PT2;;14.9338;;;23-Jan-2026
145951;LIC MF Short Duration Fund-Regular Plan-IDCW;INF767K01PU0;INF767K01PV8;14.9338;;;23-Jan-2026
151955;LIC MF Short Duration Fund-Regular Plan-Monthly IDCW;INF397L01406;INF397L01414;14.9342;;;23-Jan-2026
151956;LIC MF Short Duration Fund-Regular Plan-Weekly IDCW;INF397L01430;INF397L01448;12.7997;;;23-Jan-2026

Mahindra Manulife Mutual Fund
148730;Mahindra Manulife Short Duration Fund - Direct Plan - IDCW;INF174V01AO1;INF174V01AN3;12.2207;;;23-Jan-2026
148729;Mahindra Manulife Short Duration Fund - Direct Plan -Growth;INF174V01AM5;;13.7167;;;23-Jan-2026
148727;Mahindra Manulife Short Duration Fund - Regular Plan - Growth;INF174V01AJ1;;13.0814;;;23-Jan-2026
148728;Mahindra Manulife Short Duration Fund - Regular Plan - IDCW;INF174V01AL7;INF174V01AK9;11.6120;;;23-Jan-2026

Mirae Asset Mutual Fund
142641;Mirae Asset Short Duration Fund - Direct Plan - Growth;INF769K01DX6;;17.2111;;;23-Jan-2026
142640;Mirae Asset Short Duration Fund - Direct Plan - IDCW;INF769K01DY4;INF769K01DZ1;17.1682;;;23-Jan-2026
142642;Mirae Asset Short Duration Fund - Regular Plan - Growth;INF769K01DU2;;16.1496;;;23-Jan-2026
142643;Mirae Asset Short Duration Fund - Regular Plan - IDCW;INF769K01DV0;INF769K01DW8;16.1531;;;23-Jan-2026

SBI Mutual Fund
106230;SBI Short Horizon Debt Fund - Short Term Fund - Retail Dividend - Fortnightly Income Distribution cum Capital Withdrawal Option (IDCW);INF200K01IA9;INF200K01IB7;15.5426;;;23-Jan-2026
106229;SBI Short Horizon Debt Fund - Short Term Fund - Retail Dividend - Monthly Income Distribution cum Capital Withdrawal Option (IDCW);INF200K01IC5;INF200K01ID3;17.1358;;;23-Jan-2026
106228;SBI Short Horizon Debt Fund - Short Term Fund - Retail Dividend - Weekly Income Distribution cum Capital Withdrawal Option (IDCW);INF200K01IE1;INF200K01IF8;15.5193;;;23-Jan-2026
106227;SBI SHORT HORIZON DEBT FUND-SHORT TERM FUND - RETAIL - GROWTH;INF200K01IG6;;37.4123;;;23-Jan-2026
119813;SBI Short Term Debt Fund - Direct Plan - Monthly Income Distribution cum Capital Withdrawal Option (IDCW);INF200K01VF1;INF200K01VG9;19.6352;;;23-Jan-2026
119816;SBI SHORT TERM DEBT FUND - DIRECT PLAN -GROWTH;INF200K01VE4;;35.2127;;;23-Jan-2026
119815;SBI Short Term Debt Fund - Direct Plan Fortnightly Income Distribution cum Capital Withdrawal Option (IDCW);INF200K01VC8;INF200K01VD6;23.7172;;;23-Jan-2026
119817;SBI Short Term Debt Fund - Direct Plan Weekly Income Distribution cum Capital Withdrawal Option (IDCW);INF200K01VH7;INF200K01VI5;15.4242;;;23-Jan-2026
106233;SBI Short Term Debt Fund - Regular Plan - Monthly Income Distribution cum Capital Withdrawal Option (IDCW);INF200K01HV7;INF200K01HW5;18.2812;;;23-Jan-2026
106231;SBI SHORT TERM DEBT FUND - REGULAR PLAN -GROWTH;INF200K01HZ8;;33.0668;;;23-Jan-2026
106234;SBI Short Term Debt Fund - Regular Plan Fortnightly Income Distribution cum Capital Withdrawal Option (IDCW);INF200K01HT1;INF200K01HU9;14.9779;;;23-Jan-2026
106232;SBI Short Term Debt Fund - Regular Plan Weekly Income Distribution cum Capital Withdrawal Option (IDCW);INF200K01HX3;INF200K01HY1;14.9927;;;23-Jan-2026

Trust Mutual Fund
149076;TRUSTMF Short Duration Fund-Direct Plan-Growth;INF0GCD01370;;1314.3373;;;23-Jan-2026
149078;TRUSTMF Short Duration Fund-Direct Plan-Monthly Income Distribution Cum Capital Withdrawal;INF0GCD01396;INF0GCD01404;1146.6942;;;23-Jan-2026
149079;TRUSTMF Short Duration Fund-Direct Plan-Quarterly Income Distribution Cum Capital Withdrawal;INF0GCD01412;INF0GCD01420;1159.8328;;;23-Jan-2026
149077;TRUSTMF Short Duration Fund-Direct Plan-Weekly Income Distribution Cum Capital Withdrawal;;INF0GCD01388;1122.0792;;;23-Jan-2026
149073;TRUSTMF Short Duration Fund-Regular Plan-Growth;INF0GCD01313;;1285.2559;;;23-Jan-2026
149080;TRUSTMF Short Duration Fund-Regular Plan-Monthly Income Distribution Cum Capital Withdrawal;INF0GCD01339;INF0GCD01347;1129.4974;;;23-Jan-2026
149075;TRUSTMF Short Duration Fund-Regular Plan-Quarterly Income Distribution Cum Capital Withdrawal;INF0GCD01354;INF0GCD01362;1132.3598;;;23-Jan-2026
149074;TRUSTMF Short Duration Fund-Regular Plan-Weekly Income Distribution Cum Capital Withdrawal;;INF0GCD01321;1105.536;;;23-Jan-2026

Union Mutual Fund
153242;Union Short Duration Fund - Direct Plan - Growth Option;INF582M01KO3;;10.6906;;;23-Jan-2026
153243;Union Short Duration Fund - Direct Plan - IDCW Option;INF582M01KP0;INF582M01KQ8;10.6906;;;23-Jan-2026
153240;Union Short Duration Fund - Regular Plan - Growth Option;INF582M01KK1;;10.6497;;;23-Jan-2026
153241;Union Short Duration Fund - Regular Plan - IDCW Option;INF582M01KL9;INF582M01KM7;10.6497;;;23-Jan-2026

Open Ended Schemes ( Debt Scheme - Medium Duration Fund )


DSP Mutual Fund
118924;DSP Bond Fund - Direct Plan - Growth;INF740K01MZ3;;89.0818;;;23-Jan-2026
118922;DSP Bond Fund - Direct Plan - IDCW;INF740K01NB2;INF740K01ND8;12.0042;;;23-Jan-2026
118921;DSP Bond Fund - Direct Plan - IDCW - Monthly;INF740K01NA4;INF740K01NC0;11.2397;;;23-Jan-2026
100078;DSP Bond Fund - Growth;INF740K01557;;83.7219;;;23-Jan-2026
100077;DSP Bond Fund - IDCW;INF740K01565;INF740K01995;11.8567;;;23-Jan-2026
100079;DSP Bond Fund - IDCW - Monthly;INF740K01573;INF740K01AA1;11.1308;;;23-Jan-2026

ICICI Prudential Mutual Fund
120670;ICICI Prudential Medium Term Bond Fund - Direct Plan - Growth;INF109K015A5;;51.3182;;;23-Jan-2026
120671;ICICI Prudential Medium Term Bond Fund - Direct Plan - Quarterly IDCW;INF109K018A9;INF109K019A7;11.3118;;;23-Jan-2026
102741;ICICI Prudential Medium Term Bond Fund - Growth;INF109K01AH4;;46.5752;;;23-Jan-2026
113137;ICICI Prudential Medium Term Bond Fund - Quarterly IDCW;INF109K01UF6;INF109K01IO3;10.7359;;;23-Jan-2026

Invesco Mutual Fund
149013;Invesco India Medium Duration Fund - Direct Plan - Discretionary IDCW (Payout/Reinvestment);INF205KA1411;INF205KA1445;1312.4181;;;23-Jan-2026
149011;Invesco India Medium Duration Fund - Direct Plan - Growth;INF205KA1429;;1312.4813;;;23-Jan-2026
149014;Invesco India Medium Duration Fund - Direct Plan - Quarterly IDCW (Payout / Reinvestment));INF205KA1403;INF205KA1437;1039.252;;;23-Jan-2026
149010;Invesco India Medium Duration Fund - Regular Plan - Discretionary IDCW(Payout / Reinvestment));INF205KA1361;INF205KA1395;1263.7343;;;23-Jan-2026
149012;Invesco India Medium Duration Fund - Regular Plan - Growth;INF205KA1379;;1263.7309;;;23-Jan-2026
149009;Invesco India Medium Duration Fund - Regular Plan - Quarterly IDCW (Payout / Reinvestment);INF205KA1353;INF205KA1387;1037.8196;;;23-Jan-2026

SBI Mutual Fund
119824;SBI MEDIUM DURATION FUND - DIRECT PLAN - GROWTH;INF200K01VB0;;57.0508;;;23-Jan-2026
119825;SBI Medium Duration Fund - Direct Plan - Income Distribution cum Capital Withdrawal Option (IDCW);INF200K01UZ1;INF200K01VA2;22.1766;;;23-Jan-2026
102053;SBI MEDIUM DURATION FUND - REGULAR PLAN - GROWTH;INF200K01719;;52.6375;;;23-Jan-2026
102054;SBI Medium Duration Fund - Regular Plan - Income Distribution cum Capital Withdrawal Option (IDCW);INF200K01727;INF200K01735;20.4038;;;23-Jan-2026

Open Ended Schemes ( Debt Scheme - Medium to Long Duration Fund )


Bank of India Mutual Fund
119395;BANK OF INDIA Conservative Hybrid  Fund-Direct Plan-Quarterly IDCW;INF761K01850;INF761K01843;18.0457;;;23-Jan-2026
119393;BANK OF INDIA Conservative Hybrid Fund Fund-Direct Plan-Growth;INF761K01819;;36.7270;;;23-Jan-2026
119396;BANK OF INDIA Conservative Hybrid Fund-Direct Plan-Annual IDCW;INF761K01793;INF761K01801;16.7361;;;23-Jan-2026
119394;BANK OF INDIA Conservative Hybrid Fund-Direct Plan-Monthly IDCW;INF761K01835;INF761K01827;16.3608;;;23-Jan-2026
111715;BANK OF INDIA Conservative Hybrid Fund-ECO Plan-Growth;INF761K01397;;35.4278;;;23-Jan-2026
111717;BANK OF INDIA Conservative Hybrid Fund-ECO Plan-Monthly IDCW;INF761K01413;INF761K01405;26.8344;;;23-Jan-2026
111714;BANK OF INDIA Conservative Hybrid Fund-Regular Plan-Annual IDCW;INF761K01454;INF761K01447;16.5849;;;23-Jan-2026
111712;BANK OF INDIA Conservative Hybrid Fund-Regular Plan-Growth;INF761K01462;;34.1647;;;23-Jan-2026
111716;BANK OF INDIA Conservative Hybrid Fund-Regular Plan-Monthly IDCW;INF761K01488;INF761K01470;17.5894;;;23-Jan-2026
111713;BANK OF INDIA Conservative Hybrid Fund-Regular Plan-Quarterly IDCW;INF761K01504;INF761K01496;18.2308;;;23-Jan-2026

Franklin Templeton Mutual Fund
152852;Franklin India Medium to Long Duration Fund - Direct - IDCW;INF090I01XH2;INF090I01XI0;10.5366;;;23-Jan-2026
152851;Franklin India Medium to Long Duration Fund - Direct Growth;INF090I01XG4;;10.9105;;;23-Jan-2026
152853;Franklin India Medium to Long Duration Fund - Growth;INF090I01XD1;;10.8357;;;23-Jan-2026
152854;Franklin India Medium to Long Duration Fund - IDCW;INF090I01XE9;INF090I01XF6;10.4725;;;23-Jan-2026

ICICI Prudential Mutual Fund
120619;ICICI Prudential Bond Fund - Direct Plan - Growth;INF109K01V83;;43.4723;;;23-Jan-2026
131480;ICICI Prudential Bond Fund - Direct Plan - Half Yearly IDCW;INF109KA1X77;INF109KA1X69;10.9214;;;23-Jan-2026
120617;ICICI Prudential Bond Fund - Direct Plan - IDCW Monthly;INF109K01V59;INF109K01V67;11.5031;;;23-Jan-2026
120618;ICICI Prudential Bond Fund - Direct Plan - IDCW Quarterly;INF109K01V75;INF109K01V91;11.7113;;;23-Jan-2026
109740;ICICI Prudential Bond Fund - Growth;INF109K01BO8;;40.9552;;;23-Jan-2026
131481;ICICI Prudential Bond Fund - Half Yearly IDCW;INF109KA1X51;INF109KA1X44;11.2395;;;23-Jan-2026
109741;ICICI Prudential Bond Fund - IDCW Monthly;INF109K01EU9;INF109K01BP5;11.2929;;;23-Jan-2026
109743;ICICI Prudential Bond Fund - IDCW Quarterly;INF109K01EV7;INF109K01BS9;11.3300;;;23-Jan-2026

JM Financial Mutual Fund
120430;JM Medium to Long Duration Fund (Direct) - Growth Option;INF192K01CW5;;70.386;;;23-Jan-2026
120431;JM Medium to Long Duration Fund (Direct) - Quarterly IDCW;INF192K01CU9;INF192K01CV7;24.8713;;;23-Jan-2026
100223;JM Medium to Long Duration Fund (Regular) - Growth Option;INF192K01AB3;;62.9984;;;23-Jan-2026
100222;JM Medium to Long Duration Fund (Regular) - Quarterly IDCW;INF192K01999;INF192K01AA5;21.4198;;;23-Jan-2026
101181;JM Medium to Long Duration Fund (Regular) - Bonus Option- Principal Units;INF192K01AC1;;25.7745;;;23-Jan-2026

LIC Mutual Fund
151990;LIC MF Medium to Long Duration Fund-Direct Plan-Annual IDCW;INF397L01GD9;;19.2012;;;23-Jan-2026
120279;LIC MF Medium to Long Duration Fund-Direct Plan-Growth;INF767K01EW0;;79.4733;;;23-Jan-2026
120278;LIC MF Medium to Long Duration Fund-Direct Plan-IDCW;INF767K01EV2;INF767K01EX8;19.2013;;;23-Jan-2026
151988;LIC MF Medium to Long Duration Fund-Direct Plan-Quarterly IDCW;INF397L01GA5;;19.2014;;;23-Jan-2026
151989;LIC MF Medium to Long Duration Fund-Regular Plan-Annual IDCW;INF397L01FX9;;16.0731;;;23-Jan-2026
100315;LIC MF Medium to Long Duration Fund-Regular Plan-Growth;INF767K01923;;73.3284;;;23-Jan-2026
100314;LIC MF Medium to Long Duration Fund-Regular Plan-IDCW;INF767K01907;INF767K01915;16.0733;;;23-Jan-2026
151986;LIC MF Medium to Long Duration Fund-Regular Plan-Quarterly IDCW;INF397L01FU5;;16.0732;;;23-Jan-2026

SBI Mutual Fund
119713;SBI Medium to Long Duration Fund - Direct Plan - Half Yearly - Income Distribution cum Capital Withdrawal Option (IDCW);INF200K01SP6;INF200K01SQ4;22.0078;;;23-Jan-2026
121940;SBI Medium to Long Duration Fund - Direct Plan - Quarterly Income Distribution cum Capital Withdrawal Option (IDCW);INF200K01YS8;INF200K01YT6;22.5307;;;23-Jan-2026
100638;SBI Medium to Long Duration Fund - Regular Plan - Half Yearly - Income Distribution cum Capital Withdrawal Option (IDCW);INF200K01610;INF200K01628;18.7301;;;23-Jan-2026
121944;SBI Medium to Long Duration Fund - Regular Plan - Quarterly Income Distribution cum Capital Withdrawal Option (IDCW);INF200K01YQ2;INF200K01YR0;20.1660;;;23-Jan-2026
119712;SBI Medium to Long Duration Fund-DIRECT PLAN - Bonus;INF200K01SO9;;47.0466;;;23-Jan-2026
119714;SBI Medium to Long Duration Fund-DIRECT PLAN -Growth;INF200K01SR2;;77.5676;;;23-Jan-2026
100640;SBI Medium to Long Duration Fund-REGULAR PLAN-Bonus;INF200K01602;;43.3885;;;23-Jan-2026
100639;SBI Medium to Long Duration Fund-REGULAR PLAN-Growth;INF200K01594;;71.6088;;;23-Jan-2026

Open Ended Schemes ( Debt Scheme - Long Duration Fund )


Franklin Templeton Mutual Fund
153102;Franklin India Long Duration Fund - Direct - Growth;INF090I01XY7;;10.5830;;;23-Jan-2026
153103;Franklin India Long Duration Fund - Direct - IDCW;INF090I01YA5;INF090I01XZ4;10.3906;;;23-Jan-2026
153104;Franklin India Long Duration Fund - Growth;INF090I01XV3;;10.5237;;;23-Jan-2026
153101;Franklin India Long Duration Fund - IDCW;INF090I01XX9;INF090I01XW1;10.3520;;;23-Jan-2026

ICICI Prudential Mutual Fund
120743;ICICI Prudential Long Term Bond Fund - Direct Plan - Growth;INF109K017L8;;98.8413;;;23-Jan-2026
120747;ICICI Prudential Long Term Bond Fund - Direct Plan - Quarterly IDCW;INF109K010M1;INF109K011M9;12.7234;;;23-Jan-2026
100365;ICICI Prudential Long Term Bond Fund - Growth;INF109K01365;;90.0612;;;23-Jan-2026
100367;ICICI Prudential Long Term Bond Fund - Quarterly IDCW;INF109K01EZ8;INF109K01399;12.3381;;;23-Jan-2026

Mirae Asset Mutual Fund
153105;Mirae Asset Long Duration Fund - Direct Plan - Growth;INF769K01NC9;;10.3110;;;23-Jan-2026
153106;Mirae Asset Long Duration Fund - Direct Plan - IDCW;INF769K01ND7;INF769K01NF2;10.3063;;;23-Jan-2026
153107;Mirae Asset Long Duration Fund - Regular Plan - Growth;INF769K01MZ2;;10.2533;;;23-Jan-2026
153108;Mirae Asset Long Duration Fund - Regular Plan - IDCW;INF769K01NA3;INF769K01NB1;10.2533;;;23-Jan-2026

SBI Mutual Fund
151214;SBI Long Duration Fund - Direct Plan - Growth;INF200KA16T4;;12.4985;;;23-Jan-2026
151215;SBI Long Duration Fund - Direct Plan - Income Distribution cum Capital Withdrawal Option (IDCW);INF200KA17T2;INF200KA18T0;12.4988;;;23-Jan-2026
151212;SBI Long Duration Fund - Regular Plan - Growth;INF200KA13T1;;12.3377;;;23-Jan-2026
151213;SBI Long Duration Fund - Regular Plan - Income Distribution cum Capital Withdrawal Option (IDCW);INF200KA14T9;INF200KA15T6;12.3379;;;23-Jan-2026

Open Ended Schemes ( Debt Scheme - Dynamic Bond )


360 ONE Mutual Fund
122612;360 ONE Dynamic Bond Fund - Regular Plan - Growth Option;INF579M01183;;23.3226;;;23-Jan-2026
122715;360 ONE Dynamic Bond Fund Direct Plan Growth;INF579M01266;;24.6402;;;23-Jan-2026
122721;360 ONE Dynamic Bond Fund Direct Plan Monthly Dividend;INF579M01282;INF579M01316;14.0657;;;23-Jan-2026
122717;360 ONE Dynamic Bond Fund Direct Plan Quarterly Dividend;INF579M01290;INF579M01324;22.7345;;;23-Jan-2026
122711;360 ONE Dynamic Bond Fund Regular Plan Bonus;INF579M01191;;23.3225;;;23-Jan-2026
122720;360 ONE Dynamic Bond Fund Regular Plan Half Yearly Dividend;INF579M01225;INF579M01258;22.5062;;;23-Jan-2026
122719;360 ONE Dynamic Bond Fund Regular Plan Monthly Dividend;INF579M01209;INF579M01233;13.0021;;;23-Jan-2026
122712;360 ONE Dynamic Bond Fund Regular Plan Quarterly Dividend;INF579M01217;INF579M01241;22.5063;;;23-Jan-2026

Baroda BNP Paribas Mutual Fund
150179;Baroda BNP Paribas Dynamic Bond Fund - Direct Plan - Daily IDCW Option;;INF251K01GX8;10.0262;;;23-Jan-2026
150180;Baroda BNP Paribas Dynamic Bond Fund - Direct Plan - Growth Option;INF251K01GW0;;51.1621;;;23-Jan-2026
150182;Baroda BNP Paribas Dynamic Bond Fund - Direct Plan - Monthly IDCW Option;INF251K01GZ3;INF251K01HA4;10.5302;;;23-Jan-2026
150183;Baroda BNP Paribas Dynamic Bond Fund - Direct Plan - Quarterly IDCW Option;INF251K01HB2;INF251K01HC0;10.4430;;;23-Jan-2026
150184;Baroda BNP Paribas Dynamic Bond Fund - Direct Plan - Weekly IDCW Option;;INF251K01GY6;10.0081;;;23-Jan-2026
150174;Baroda BNP Paribas Dynamic Bond Fund - Regular Plan - Daily IDCW Option;;INF251K01DX5;9.9648;;;23-Jan-2026
150173;Baroda BNP Paribas Dynamic Bond Fund - Regular Plan - Growth Option;INF251K01DW7;;45.6959;;;23-Jan-2026
150178;Baroda BNP Paribas Dynamic Bond Fund - Regular Plan - Half Yearly IDCW Option;INF251K01ED5;INF251K01EE3;10.0276;;;23-Jan-2026
150176;Baroda BNP Paribas Dynamic Bond Fund - Regular Plan - Monthly IDCW Option;INF251K01DZ0;INF251K01EA1;10.0475;;;23-Jan-2026
150177;Baroda BNP Paribas Dynamic Bond Fund - Regular Plan - Quarterly IDCW Option;INF251K01EB9;INF251K01EC7;9.9930;;;23-Jan-2026
150175;Baroda BNP Paribas Dynamic Bond Fund - Regular Plan - Weekly IDCW Option;;INF251K01DY3;9.9454;;;23-Jan-2026
150172;Baroda BNP Paribas Dynamic Bond Fund-Defunct Plan - Growth Option;INF251K01EF0;;32.1798;;;23-Jan-2026

DSP Mutual Fund
119239;DSP Strategic Bond Fund - Direct Plan - Growth;INF740K01QG4;;3604.0815;;;23-Jan-2026
119238;DSP Strategic Bond Fund - Direct Plan - IDCW;INF740K01QI0;INF740K01QK6;2455.5498;;;23-Jan-2026
119236;DSP Strategic Bond Fund - Direct Plan - IDCW - Monthly;INF740K01QH2;INF740K01QJ8;1065.0426;;;23-Jan-2026
105669;DSP Strategic Bond Fund - Regular Plan - Growth;INF740K01GK7;;3369.1607;;;23-Jan-2026
105668;DSP Strategic Bond Fund - Regular Plan - IDCW;INF740K01GO9;INF740K01GN1;1246.6679;;;23-Jan-2026
111786;DSP Strategic Bond Fund - Regular Plan - IDCW - Daily;;INF740KA1PA5;1049.3162;;;23-Jan-2026
105667;DSP Strategic Bond Fund - Regular Plan - IDCW - Monthly;INF740K01GM3;INF740K01GL5;1050.8728;;;23-Jan-2026
105878;DSP Strategic Bond Fund - Regular Plan - IDCW - Weekly;INF740K01GQ4;INF740K01GP6;1037.1548;;;23-Jan-2026

Franklin Templeton Mutual Fund
148308;Franklin India Dynamic Accrual Fund - Segregated Portfolio 3 (9.50% Yes Bank Ltd CO 23Dec21) - Direct Growth Plan;INF090I01WD3;;0.0000;;;23-Jan-2026
148307;Franklin India Dynamic Accrual Fund - Segregated Portfolio 3 (9.50% Yes Bank Ltd CO 23Dec21) - Growth Plan;INF090I01WB7;;0.0000;;;23-Jan-2026
148309;Franklin India Dynamic Accrual Fund- Segregated Portfolio 3 (9.50% Yes Bank Ltd CO 23Dec21) - IDCW;INF090I01WA9;;0.0000;;;23-Jan-2026
148310;Franklin India Dynamic Accrual Fund-Segregated Portfolio 3 (9.50% Yes Bank Ltd CO 23Dec21) - Direct IDCW;INF090I01WC5;;0.0000;;;23-Jan-2026

Groww Mutual Fund
145589;Groww Dynamic Bond Fund (formerly known as Indiabulls Dynamic Bond Fund) - Direct Plan - Growth option;INF666M01EK5;;1537.6398;;;23-Jan-2026
145590;Groww Dynamic Bond Fund (formerly known as Indiabulls Dynamic Bond Fund) - Regular Plan - Growth option;INF666M01ES8;;1466.7406;;;23-Jan-2026
145596;Groww Dynamic Bond Fund (formerly known as Indiabulls Dynamic Bond Fund)- Direct Plan- - Income Distribution cum capital withdrawal Option ( Reinvestment);;INF666M01EL3;1013.1913;;;23-Jan-2026
145595;Groww Dynamic Bond Fund (formerly known as Indiabulls Dynamic Bond Fund)- Direct Plan- Fortnightly - Income Distribution cum capital withdrawal Option (Payout & Reinvestment);INF666M01EO7;INF666M01EP4;1015.3173;;;23-Jan-2026
145591;Groww Dynamic Bond Fund (formerly known as Indiabulls Dynamic Bond Fund)- Direct Plan- Monthly - Income Distribution cum capital withdrawal Option (Payout & Reinvestment);INF666M01EQ2;INF666M01ER0;1006.8757;;;23-Jan-2026
145597;Groww Dynamic Bond Fund (formerly known as Indiabulls Dynamic Bond Fund)- Direct Plan- Weekly - Income Distribution cum capital withdrawal Option (Payout & Reinvestment);INF666M01EM1;INF666M01EN9;1012.2022;;;23-Jan-2026
145593;Groww Dynamic Bond Fund (formerly known as Indiabulls Dynamic Bond Fund)- Regular Plan- - Income Distribution cum capital withdrawal Option ( Reinvestment);;INF666M01ET6;1010.231;;;23-Jan-2026
145598;Groww Dynamic Bond Fund (formerly known as Indiabulls Dynamic Bond Fund)- Regular Plan- Fortnightly - Income Distribution cum capital withdrawal Option (Payout & Reinvestment);INF666M01EW0;INF666M01EX8;1007.6566;;;23-Jan-2026
145592;Groww Dynamic Bond Fund (formerly known as Indiabulls Dynamic Bond Fund)- Regular Plan- Monthly - Income Distribution cum capital withdrawal Option (Payout & Reinvestment);INF666M01EY6;INF666M01EZ3;1001.9511;;;23-Jan-2026
145594;Groww Dynamic Bond Fund (formerly known as Indiabulls Dynamic Bond Fund)- Regular Plan- Weekly - Income Distribution cum capital withdrawal Option (Payout & Reinvestment);INF666M01EU4;INF666M01EV2;1007.4282;;;23-Jan-2026

ICICI Prudential Mutual Fund
113218;ICICI Prudential All Seasons Bond Fund - Annual IDCW;INF109K01GO7;INF109K01GP4;11.1462;;;23-Jan-2026
120601;ICICI Prudential All Seasons Bond Fund - Direct Plan - Annual IDCW;INF109K012E4;INF109K013E2;11.1420;;;23-Jan-2026
120603;ICICI Prudential All Seasons Bond Fund - Direct Plan - Growth;INF109K016E5;;41.0482;;;23-Jan-2026
120600;ICICI Prudential All Seasons Bond Fund - Direct Plan - IDCW;INF109K014E0;INF109K015E7;26.6374;;;23-Jan-2026
120602;ICICI Prudential All Seasons Bond Fund - Direct Plan - Quarterly IDCW;INF109K017E3;INF109K018E1;11.9457;;;23-Jan-2026
120604;ICICI Prudential All Seasons Bond Fund - Direct Plan - Weekly IDCW;INF109K019E9;INF109K010F5;10.5586;;;23-Jan-2026
112096;ICICI Prudential All Seasons Bond Fund - Growth;INF109K01GN9;;37.8529;;;23-Jan-2026
112097;ICICI Prudential All Seasons Bond Fund - IDCW;INF109K01GK5;INF109K01GL3;23.5390;;;23-Jan-2026
113403;ICICI Prudential All Seasons Bond Fund - Quarterly IDCW;INF109K01GE8;INF109K01GF5;11.6580;;;23-Jan-2026
101351;ICICI Prudential All Seasons Bond Fund - Weekly IDCW;INF109K01FD2;INF109K01704;10.9680;;;23-Jan-2026

ITI Mutual Fund
149030;ITI Dynamic Bond Fund - Direct Plan - Annually IDCW Option;INF00XX01BK7;INF00XX01BG5;13.2328;;;23-Jan-2026
149029;ITI Dynamic Bond Fund - Direct Plan - Growth Option;INF00XX01BC4;;13.2329;;;23-Jan-2026
149028;ITI Dynamic Bond Fund - Direct Plan - Half Yearly IDCW Option;INF00XX01BJ9;INF00XX01BF7;11.0004;;;23-Jan-2026
149023;ITI Dynamic Bond Fund - Direct Plan - Monthly IDCWOption;INF00XX01BH3;INF00XX01BD2;10.1372;;;23-Jan-2026
149025;ITI Dynamic Bond Fund - Direct Plan - Quarterly IDCW Option;INF00XX01BI1;INF00XX01BE0;13.2603;;;23-Jan-2026
149027;ITI Dynamic Bond Fund - Regular Plan - Annually IDCWOption;INF00XX01BB6;INF00XX01AX2;12.6133;;;23-Jan-2026
149021;ITI Dynamic Bond Fund - Regular Plan - Growth Option;INF00XX01AT0;;12.6124;;;23-Jan-2026
149026;ITI Dynamic Bond Fund - Regular Plan - Half Yearly IDCW Option;INF00XX01BA8;INF00XX01AW4;12.6155;;;23-Jan-2026
149022;ITI Dynamic Bond Fund - Regular Plan - Monthly IDCW Option;INF00XX01AY0;INF00XX01AU8;9.9650;;;23-Jan-2026
149024;ITI Dynamic Bond Fund - Regular Plan - Quarterly IDCW Option;INF00XX01AZ7;INF00XX01AV6;12.6154;;;23-Jan-2026

JM Financial Mutual Fund
120432;JM Dynamic Bond Fund (Direct) - Daily IDCW;;INF192K01CZ8;10.0649;;;23-Jan-2026
120434;JM Dynamic Bond Fund (Direct) - IDCW;INF192K01DB7;INF192K01DC5;45.4775;;;23-Jan-2026
133414;JM Dynamic Bond Fund (Direct) - Monthly IDCW;INF192K01IL5;INF192K01IM3;45.8271;;;23-Jan-2026
120433;JM Dynamic Bond Fund (Direct) - Weekly IDCW;;INF192K01DA9;10.5182;;;23-Jan-2026
105639;JM Dynamic Bond Fund (Regular) - Daily IDCW;;INF192K01668;10.0019;;;23-Jan-2026
101806;JM Dynamic Bond Fund (Regular) - Growth Option;INF192K01700;;42.2768;;;23-Jan-2026
101805;JM Dynamic Bond Fund (Regular) - IDCW;INF192K01684;INF192K01692;42.4095;;;23-Jan-2026
133390;JM Dynamic Bond Fund (Regular) - Monthly IDCW;INF192K01IJ9;INF192K01IK7;42.6107;;;23-Jan-2026
105637;JM Dynamic Bond Fund (Regular) - Weekly IDCW;;INF192K01676;10.5011;;;23-Jan-2026
120435;JM Dynamic Bond Fund - (Direct) - Growth Option;INF192K01DD3;;45.2344;;;23-Jan-2026

Mahindra Manulife Mutual Fund
144403;Mahindra Manulife Dynamic Bond Fund - Direct Plan - Growth;INF174V01580;;15.7498;;;23-Jan-2026
144406;Mahindra Manulife Dynamic Bond Fund - Direct Plan - IDCW;INF174V01606;INF174V01598;12.5015;;;23-Jan-2026
144404;Mahindra Manulife Dynamic Bond Fund - Direct Plan - Quarterly IDCW;INF174V01622;INF174V01614;11.3109;;;23-Jan-2026
144401;Mahindra Manulife Dynamic Bond Fund - Regular Plan - Growth;INF174V01531;;14.4879;;;23-Jan-2026
144405;Mahindra Manulife Dynamic Bond Fund - Regular Plan - IDCW;INF174V01556;INF174V01549;11.3278;;;23-Jan-2026
144402;Mahindra Manulife Dynamic Bond Fund - Regular Plan - Quarterly IDCW;INF174V01572;INF174V01564;10.2183;;;23-Jan-2026

Mirae Asset Mutual Fund
140769;Mirae Asset Dynamic Bond Fund -Direct Plan -Growth;INF769K01DR8;;18.2528;;;23-Jan-2026
140770;Mirae Asset Dynamic Bond Fund Direct IDCW;INF769K01DS6;INF769K01DT4;18.2336;;;23-Jan-2026
140772;Mirae Asset Dynamic Bond Fund Regular IDCW;INF769K01DP2;INF769K01DQ0;16.6171;;;23-Jan-2026
140771;Mirae Asset Dynamic Bond Fund-Regular Plan Growth;INF769K01DO5;;16.6168;;;23-Jan-2026

PGIM India Mutual Fund
120084;PGIM India Dynamic Bond Fund - Direct Plan-Growth Option;INF663L01AD7;;3032.7855;;;23-Jan-2026
120086;PGIM India Dynamic Bond Fund - Direct Plan-Quarterly Dividend Option;INF663L01AI6;INF663L01AH8;1185.18;;;23-Jan-2026
116484;PGIM India Dynamic Bond Fund - Dividend Option - Quarterly;INF663L01526;INF663L01534;1066.319;;;23-Jan-2026
116485;PGIM India Dynamic Bond Fund - Growth Option;INF663L01484;;2651.4035;;;23-Jan-2026

Quantum Mutual Fund
134494;Quantum Dynamic Bond Fund - Direct Plan Growth Option;INF082J01176;;22.1212;;;23-Jan-2026
134493;Quantum Dynamic Bond Fund - Direct Plan Monthly IDCW;INF082J01184;INF082J01192;10.2875;;;23-Jan-2026
141061;Quantum Dynamic Bond Fund - Regular Plan Growth Option;INF082J01218;;21.7100;;;23-Jan-2026
141060;Quantum Dynamic Bond Fund - Regular Plan Monthly IDCW;INF082J01226;INF082J01234;10.3434;;;23-Jan-2026

SBI Mutual Fund
119671;SBI Dynamic Bond Fund - DIRECT PLAN - Growth;INF200K01RD4;;39.7624;;;23-Jan-2026
119670;SBI Dynamic Bond Fund - Direct Plan - Income Distribution cum Capital Withdrawal Option (IDCW);INF200K01RB8;INF200K01RC6;22.2097;;;23-Jan-2026
102205;SBI Dynamic Bond Fund - REGULAR PLAN - Growth;INF200K01958;;36.1865;;;23-Jan-2026
102206;SBI Dynamic Bond Fund - Regular Plan - Income Distribution cum Capital Withdrawal Option (IDCW);INF200K01966;INF200K01974;18.9710;;;23-Jan-2026

Union Mutual Fund
119311;Union Dynamic Bond Fund - Direct Plan - Growth Option;INF582M01799;;24.4938;;;23-Jan-2026
119310;Union Dynamic Bond Fund - Direct Plan - IDCW Option;INF582M01815;INF582M01807;16.4068;;;23-Jan-2026
116555;Union Dynamic Bond Fund - Growth Option;INF582M01336;;23.1525;;;23-Jan-2026
116556;Union Dynamic Bond Fund - IDCW Option;INF582M01351;INF582M01344;15.4358;;;23-Jan-2026

Open Ended Schemes ( Debt Scheme - Corporate Bond Fund )


Baroda BNP Paribas Mutual Fund
150230;BARODA BNP PARIBAS Corporate Bond Fund - Defunct Plan - Annual-IDCW Option;INF251K01EN4;INF251K01EO2;11.7812;;;23-Jan-2026
150229;BARODA BNP PARIBAS Corporate Bond Fund - Defunct Plan - Growth Option;INF251K01EI4;;32.7288;;;23-Jan-2026
150231;BARODA BNP PARIBAS Corporate Bond Fund - Defunct Plan - Monthly-IDCW Option;INF251K01EJ2;INF251K01EK0;10.3458;;;23-Jan-2026
150228;BARODA BNP PARIBAS Corporate Bond Fund - Defunct Plan - Quarterly-IDCW Option;INF251K01EL8;INF251K01EM6;10.3394;;;23-Jan-2026
150236;BARODA BNP PARIBAS Corporate Bond Fund - Direct Plan - Annual IDCW Option;INF251K01GU4;INF251K01GV2;12.0539;;;23-Jan-2026
150237;BARODA BNP PARIBAS Corporate Bond Fund - Direct Plan - Growth Option;INF251K01GP4;;30.0720;;;23-Jan-2026
150238;BARODA BNP PARIBAS Corporate Bond Fund - Direct Plan - Monthly IDCW Option;INF251K01GQ2;INF251K01GR0;10.5387;;;23-Jan-2026
150239;BARODA BNP PARIBAS Corporate Bond Fund - Direct Plan - Quarterly IDCW Option;INF251K01GS8;INF251K01GT6;10.5772;;;23-Jan-2026
150233;BARODA BNP PARIBAS CORPORATE BOND FUND - Regular Plan - ANNUAL IDCW OPTION;INF251K01EU9;INF251K01EV7;11.7050;;;23-Jan-2026
150235;BARODA BNP PARIBAS CORPORATE BOND FUND - Regular Plan - GROWTH OPTION;INF251K01EP9;;28.2774;;;23-Jan-2026
150234;BARODA BNP PARIBAS CORPORATE BOND FUND - Regular Plan - MONTHLY IDCW OPTION;INF251K01EQ7;INF251K01ER5;10.3886;;;23-Jan-2026
150232;BARODA BNP PARIBAS CORPORATE BOND FUND - Regular Plan - QUARTERLY IDCW OPTION;INF251K01ES3;INF251K01ET1;10.3512;;;23-Jan-2026

DSP Mutual Fund
144646;DSP Corporate Bond Fund - Direct - Growth;INF740KA1KE8;;16.7776;;;23-Jan-2026
144647;DSP Corporate Bond Fund - Direct - IDCW;INF740KA1KF5;INF740KA1KG3;11.8643;;;23-Jan-2026
144651;DSP Corporate Bond Fund - Direct - IDCW - Monthly;INF740KA1KH1;INF740KA1KI9;10.5883;;;23-Jan-2026
144648;DSP Corporate Bond Fund - Direct - IDCW - Quarterly ;INF740KA1KJ7;INF740KA1KK5;11.3598;;;23-Jan-2026
144644;DSP Corporate Bond Fund - Regular - Growth;INF740KA1JX0;;16.4664;;;23-Jan-2026
144650;DSP Corporate Bond Fund - Regular - IDCW;INF740KA1JY8;INF740KA1JZ5;11.8169;;;23-Jan-2026
144645;DSP Corporate Bond Fund - Regular - IDCW - Monthly;INF740KA1KA6;INF740KA1KB4;10.5631;;;23-Jan-2026
144649;DSP Corporate Bond Fund - Regular - IDCW - Quarterly ;INF740KA1KC2;INF740KA1KD0;10.7108;;;23-Jan-2026

Franklin Templeton Mutual Fund
118569;Franklin India Corporate Debt Fund - Direct - GROWTH;INF090I01FW8;;111.7081;;;23-Jan-2026
100528;Franklin India Corporate Debt Fund - Growth;INF090I01DG6;;102.8340;;;23-Jan-2026
100527;Franklin India Corporate Debt Fund - Plan A - Annual - IDCW;INF090I01DH4;INF090I01DI2;17.5549;;;23-Jan-2026
118570;Franklin India Corporate Debt Fund - Plan A - Direct - Annual - IDCW;INF090I01FX6;INF090I01FY4;19.7728;;;23-Jan-2026
118573;Franklin India Corporate Debt Fund - Plan A - Direct - Half yearly - IDCW;INF090I01FU2;INF090I01FV0;15.0085;;;23-Jan-2026
118571;Franklin India Corporate Debt Fund - Plan A - Direct - Monthly - IDCW;INF090I01FQ0;INF090I01FR8;17.1561;;;23-Jan-2026
118572;Franklin India Corporate Debt Fund - Plan A - Direct - Quarterly - IDCW;INF090I01FS6;INF090I01FT4;13.6753;;;23-Jan-2026
100531;Franklin India Corporate Debt Fund - Plan B - Half yearly - IDCW;INF090I01DN2;INF090I01DO0;12.7100;;;23-Jan-2026
100529;Franklin India Corporate Debt Fund - Plan B - Monthly - IDCW;INF090I01DJ0;INF090I01DK8;15.3058;;;23-Jan-2026
100530;Franklin India Corporate Debt Fund - Plan B - Quarterly - IDCW;INF090I01DL6;INF090I01DM4;12.0306;;;23-Jan-2026

ICICI Prudential Mutual Fund
120692;ICICI Prudential Corporate Bond Fund - Direct Plan - Growth;INF109K016B1;;32.2931;;;23-Jan-2026
120697;ICICI Prudential Corporate Bond Fund - Direct Plan - Monthly IDCW;INF109K017B9;INF109K018B7;10.2185;;;23-Jan-2026
120694;ICICI Prudential Corporate Bond Fund - Direct Plan - Quarterly IDCW;INF109K019B5;INF109K012C8;15.4258;;;23-Jan-2026
111987;ICICI Prudential Corporate Bond Fund - Growth;INF109K01CQ1;;30.7912;;;23-Jan-2026
111991;ICICI Prudential Corporate Bond Fund - Monthly IDCW;INF109K01SK0;INF109K01CT5;10.3717;;;23-Jan-2026
111992;ICICI Prudential Corporate Bond Fund -Quarterly IDCW;INF109K01SN4;INF109K01SO2;11.1488;;;23-Jan-2026

Invesco Mutual Fund
120500;Invesco India Corporate Bond Fund - Direct Plan - Annual IDCW (Payout / Reinvestment);INF205K01RA9;INF205K01RB7;1289.6432;;;23-Jan-2026
120499;Invesco India Corporate Bond Fund - Direct Plan - Discretionary IDCW (Payout / Reinvestment);INF205K01RD3;INF205K01RE1;3502.0681;;;23-Jan-2026
120497;Invesco India Corporate Bond Fund - Direct Plan - Growth;INF205K01RF8;;3500.9501;;;23-Jan-2026
120496;Invesco India Corporate Bond Fund - Direct Plan - Monthly IDCW (Payout / Reinvestment);INF205K01RG6;INF205K01RH4;1252.9092;;;23-Jan-2026
120501;Invesco India Corporate Bond Fund - Direct Plan - Quarterly IDCW (Payout / Reinvestment);INF205K01RI2;INF205K01RJ0;1156.7803;;;23-Jan-2026
106179;Invesco India Corporate Bond Fund - Regular Plan - Annual IDCW (Payout / Reinvestment);INF205K01QX3;INF205K01QY1;2013.1261;;;23-Jan-2026
116109;Invesco India Corporate Bond Fund - Regular Plan - Discretionary IDCW (Payout / Reinvestment);INF205K01RK8;INF205K01RL6;3424.4082;;;23-Jan-2026
106177;Invesco India Corporate Bond Fund - Regular Plan - Growth;INF205K01RM4;;3259.6169;;;23-Jan-2026
106171;Invesco India Corporate Bond Fund - Regular Plan - Monthly IDCW (Payout / Reinvestment);INF205K01RN2;INF205K01RO0;1868.3033;;;23-Jan-2026
106172;Invesco India Corporate Bond Fund - Regular Plan - Quarterly IDCW (Payout / Reinvestment);INF205K01RP7;INF205K01RQ5;1151.3609;;;23-Jan-2026

Mirae Asset Mutual Fund
148755;Mirae Asset Corporate Bond Fund Direct Growth Plan;INF769K01HD9;;13.3726;;;23-Jan-2026
148756;Mirae Asset Corporate Bond Fund Direct IDCW;INF769K01HC1;INF769K01HE7;13.3694;;;23-Jan-2026
148757;Mirae Asset Corporate Bond Fund Regular Growth;INF769K01HA5;;13.0906;;;23-Jan-2026
148758;Mirae Asset Corporate Bond Fund Regular IDCW;INF769K01GZ4;INF769K01HB3;13.0905;;;23-Jan-2026

PGIM India Mutual Fund
138317;PGIM India Corporate Bond Fund - Annual Dividend;INF223J01CY6;INF223J01CZ3;10.75;;;23-Jan-2026
138329;PGIM India Corporate Bond Fund - Direct Plan - Annual Dividend;INF223J01OM6;;16.5767;;;23-Jan-2026
138330;PGIM India Corporate Bond Fund - Direct Plan - Growth;INF223J01OO2;;49.4653;;;23-Jan-2026
138331;PGIM India Corporate Bond Fund - Direct Plan - Monthly Dividend;INF223J01OP9;;14.8507;;;23-Jan-2026
138332;PGIM India Corporate Bond Fund - Direct Plan - Quarterly Dividend;INF223J01OR5;INF223J01OS3;12.9735;;;23-Jan-2026
138318;PGIM India Corporate Bond Fund - Growth;INF223J01DB2;;44.2188;;;23-Jan-2026
138316;PGIM India Corporate Bond Fund - Monthly Dividend;INF223J01DC0;INF223J01DD8;12.7303;;;23-Jan-2026
138315;PGIM India Corporate Bond Fund - Quarterly Dividend;INF223J01DE6;INF223J01DF3;11.4155;;;23-Jan-2026

SBI Mutual Fund
146215;SBI Corporate Bond Fund - Direct Plan - Growth;INF200KA1YR4;;16.4500;;;23-Jan-2026
146212;SBI Corporate Bond Fund - Direct Plan - Monthly Income Distribution cum Capital Withdrawal Option (IDCW);INF200KA1YS2;INF200KA1YT0;15.5271;;;23-Jan-2026
146216;SBI Corporate Bond Fund - Direct Plan - Quarterly Income Distribution cum Capital Withdrawal Option (IDCW);INF200KA1YU8;INF200KA1YV6;15.9917;;;23-Jan-2026
146207;SBI Corporate Bond Fund - Regular Plan - Growth;INF200KA1YM5;;15.9305;;;23-Jan-2026
146208;SBI Corporate Bond Fund - Regular Plan - Monthly Income Distribution cum Capital Withdrawal Option (IDCW);INF200KA1YN3;INF200KA1YO1;15.0344;;;23-Jan-2026
146210;SBI Corporate Bond Fund - Regular Plan - Quarterly Income Distribution cum Capital Withdrawal Option (IDCW);INF200KA1YP8;INF200KA1YQ6;15.4782;;;23-Jan-2026

Trust Mutual Fund
151320;TRUSTMF CORPORATE BOND FUND-DIRECT PLAN-GROWTH;INF0GCD01560;;1233.8061;;;23-Jan-2026
151321;TRUSTMF CORPORATE BOND FUND-DIRECT PLAN-MONTHLY IDCW;INF0GCD01586;INF0GCD01578;1169.6098;;;23-Jan-2026
151322;TRUSTMF CORPORATE BOND FUND-REGULAR PLAN-GROWTH;INF0GCD01537;;1219.0209;;;23-Jan-2026
151319;TRUSTMF CORPORATE BOND FUND-REGULAR PLAN-MONTHLY IDCW;INF0GCD01552;INF0GCD01545;1153.0054;;;23-Jan-2026

Union Mutual Fund
143241;Union Corporate Bond Fund - Direct Plan - Growth Option;INF582M01DU5;;16.0322;;;23-Jan-2026
143242;Union Corporate Bond Fund - Direct Plan - IDCW Option;INF582M01DW1;INF582M01DV3;16.0322;;;23-Jan-2026
143239;Union Corporate Bond Fund - Regular Plan - Growth Option;INF582M01DY7;;15.6506;;;23-Jan-2026
143240;Union Corporate Bond Fund - Regular Plan - IDCW Option;INF582M01EA5;INF582M01DZ4;15.6506;;;23-Jan-2026

Open Ended Schemes ( Debt Scheme - Credit Risk Fund )


Bank of India Mutual Fund
133868;BANK OF INDIA Credit Risk  Fund - Direct Plan;INF761K01DG8;;13.5557;;;23-Jan-2026
133867;BANK OF INDIA Credit Risk Fund - Regular Plan;INF761K01DH6;;13.2018;;;23-Jan-2026

Baroda BNP Paribas Mutual Fund
152903;Baroda BNP Paribas Credit Risk fund - Regular-Quarterly- IDCW option -Seg. Portfolio 2 (erstwhile BBNPP Medium Duration Fund Regular-Quarterly IDCW option Seg. Portfolio 1);INF955L01IZ3;INF955L01JA4;0.0000;;;23-Jan-2026
152905;Baroda BNP Paribas Credit Risk fund - Regular-Weekly-IDCW option -Seg. Portfolio 2 (erstwhile BBNPP Medium Duration Fund Regular-Weekly IDCW option Seg. Portfolio 1);;INF955L01JE6;0.0000;;;23-Jan-2026
152892;Baroda BNP Paribas Credit risk fund -Defunct -Growth option -Seg-Portfolio 2 (erstwhile BBNPP Medium Duration Fund-Defunct Growth Option Seg.Portfolio1);INF955L01JM9;;0.0000;;;23-Jan-2026
152899;Baroda BNP Paribas Credit Risk fund -Defunct -Monthly IDCW option -Seg. Portfolio 2 (erstwhile BBNPP Medium Duration Fund Defunct-Monthly IDCW option Seg. Portfolio 1);INF955L01JP2;INF955L01JQ0;0.0000;;;23-Jan-2026
152894;Baroda BNP Paribas Credit Risk fund -Defunct -Weekly IDCW option -Seg. Portfolio 2 (erstwhile BBNPP Medium Duration Fund Defunct-Weekly IDCW option Seg. Portfolio 1);;INF955L01JO5;0.0000;;;23-Jan-2026
152898;Baroda BNP Paribas Credit Risk fund -Direct - Growth option -Seg. Portfolio 2 (erstwhile BBNPP Medium Duration Fund Direct-Growth option Seg. Portfolio 1);INF955L01JF3;;0.0000;;;23-Jan-2026
152897;Baroda BNP Paribas Credit Risk fund -Direct -Monthly IDCW option -Seg. Portfolio 2 (erstwhile BBNPP Medium Duration Fund Direct-Monthly IDCW option Seg. Portfolio 1);;INF955L01JJ5;0.0000;;;23-Jan-2026
152896;Baroda BNP Paribas Credit Risk fund -Direct -Quarterly IDCW option -Seg. Portfolio 2 (erstwhile BBNPP Medium Duration Fund Direct-Quarterly IDCW option Seg. Portfolio 1);INF955L01JG1;INF955L01JH9;0.0000;;;23-Jan-2026
152895;Baroda BNP Paribas Credit Risk fund -Direct -Weekly IDCW option -Seg. Portfolio 2 (erstwhile BBNPP Medium Duration Fund Direct-weekly IDCW option Seg. Portfolio 1);;INF955L01JL1;0.0000;;;23-Jan-2026
133520;Baroda BNP Paribas Credit Risk Fund -Direct- Monthly IDCW;INF955L01FZ9;;14.3360;;;23-Jan-2026
133524;Baroda BNP Paribas Credit Risk Fund -Direct- Quarterly IDCW;INF955L01GA0;;12.6860;;;23-Jan-2026
152900;Baroda BNP Paribas Credit Risk fund -Direct-Daily IDCW option -Seg. Portfolio 2 (erstwhile BBNPP Medium Duration Fund Direct-daily-IDCW option Seg. Portfolio 1);INF955L01JI7;INF955L01JK3;0.0000;;;23-Jan-2026
133488;Baroda BNP Paribas Credit Risk Fund -Direct-Growth Option;INF955L01FR6;;25.3814;;;23-Jan-2026
152901;Baroda BNP Paribas Credit Risk fund -Regular -Daily-IDCW option -Seg. Portfolio 2 (erstwhile BBNPP Medium Duration Fund Regular-Daily-IDCW option Seg. Portfolio 1);;INF955L01JD8;0.0000;;;23-Jan-2026
152902;Baroda BNP Paribas Credit Risk fund -Regular -Monthly IDCW option -Seg. Portfolio 2 (erstwhile BBNPP Medium Duration Fund Regular-Monthly IDCW option Seg. Portfolio 1);INF955L01JB2;INF955L01JC0;0.0000;;;23-Jan-2026
152904;Baroda BNP Paribas Credit Risk fund -Regular-Growth -Seg. Portfolio 2 (erstwhile BBNPP Medium Duration Fund Regular Growth Seg. Portfolio 1);INF955L01IY6;;0.0000;;;23-Jan-2026
133486;Baroda BNP Paribas Credit Risk Fund -Regular-Growth Option;INF955L01FP0;;22.9614;;;23-Jan-2026
133517;Baroda BNP Paribas Credit Risk Fund -Regular-Monthly IDCW;INF955L01FU0;;11.2540;;;23-Jan-2026
133518;Baroda BNP Paribas Credit Risk Fund -Regular-Quarterly IDCW;INF955L01FV8;;11.6459;;;23-Jan-2026
148333;Baroda BNP Paribas Credit Risk Fund- Direct- Growth Option- Segregated Portfolio- 1;INF955L01IT6;;0.0000;;;23-Jan-2026
148334;Baroda BNP Paribas Credit Risk Fund- Direct- Monthly IDCW Option- Segregated Portfolio- 1;INF955L01IW0;INF955L01IX8;0.0000;;;23-Jan-2026
148330;Baroda BNP Paribas Credit Risk Fund- Regular- Growth Option- Segregated Portfolio- 1;INF955L01IO7;;0.0000;;;23-Jan-2026
148331;Baroda BNP Paribas Credit Risk Fund- Regular- Monthly IDCW Option- Segregated Portfolio- 1;INF955L01IR0;INF955L01IS8;0.0000;;;23-Jan-2026
148332;Baroda BNP Paribas Credit Risk Fund- Regular- Quarterly IDCW Option- Segregated Portfolio- 1;INF955L01IP4;INF955L01IQ2;0.0000;;;23-Jan-2026
152893;Baroda BNP Paribas Credit Risk Fund-Defunct -Daily IDCW option - seg Portfolio 2 (erstwhile BBNPP Medium Duration fund Defunct Daily IDCW daily option Seg Portfolio 1);;INF955L01JN7;0.0000;;;23-Jan-2026
148335;Baroda BNP Paribas Credit Risk Fund-Direct- Quarterly IDCW Option- Segregated Portfolio- 1;INF955L01IU4;INF955L01IV2;0.0000;;;23-Jan-2026

DSP Mutual Fund
119084;DSP Credit Risk Fund - Direct Plan -  IDCW - Monthly;INF740K01OV8;INF740K01OW6;11.1987;;;23-Jan-2026
119082;DSP Credit Risk Fund - Direct Plan - Growth;INF740K01OS4;;55.7617;;;23-Jan-2026
119083;DSP Credit Risk Fund - Direct Plan - IDCW;INF740K01OT2;INF740K01OU0;12.3518;;;23-Jan-2026
119087;DSP Credit Risk Fund - Direct Plan - IDCW - Daily;;INF740KA1NX2;11.1208;;;23-Jan-2026
119085;DSP Credit Risk Fund - Direct Plan - IDCW - Quarterly ;INF740K01OX4;INF740K01OY2;11.4996;;;23-Jan-2026
119086;DSP Credit Risk Fund - Direct Plan - IDCW - Weekly;INF740KA1NY0;INF740KA1NZ7;11.1233;;;23-Jan-2026
101839;DSP Credit Risk Fund - Regular Plan - IDCW;INF740K01581;INF740K01AB9;12.2202;;;23-Jan-2026
101840;DSP Credit Risk Fund - Regular Plan - IDCW - Daily;;INF740KA1OA8;11.1178;;;23-Jan-2026
117061;DSP Credit Risk Fund - Regular Plan - IDCW - Monthly;INF740K01JW6;INF740K01JV8;11.257;;;23-Jan-2026
117062;DSP Credit Risk Fund - Regular Plan - IDCW - Quarterly ;INF740K01JY2;INF740K01JX4;11.3697;;;23-Jan-2026
101838;DSP Credit Risk Fund - Regular Plan - IDCW - Weekly;INF740K01FR4;INF740K01FQ6;11.1229;;;23-Jan-2026
101837;DSP Credit Risk Fund - Regular Plan -Growth;INF740K01599;;50.8554;;;23-Jan-2026

Franklin Templeton Mutual Fund
148304;Franklin India Credit Risk Fund - Segregated Portfolio 3 (9.50% Yes bank Ltd CO 23Dec21) - Direct Growth Plan;INF090I01VZ8;;0.0000;;;23-Jan-2026
148303;Franklin India Credit Risk Fund - Segregated Portfolio 3 (9.50% Yes Bank Ltd CO 23Dec21) - Growth Plan;INF090I01VX3;;0.0000;;;23-Jan-2026
148305;Franklin India Credit Risk Fund- Segregated Portfolio 3 (9.50% Yes Bank Ltd CO 23Dec21) - IDCW;INF090I01VW5;;0.0000;;;23-Jan-2026
148306;Franklin India Credit Risk Fund-Segregated Portfolio 3 (9.50% Yes Bank Ltd CO 23Dec21) - Direct IDCW;INF090I01VY1;;0.0000;;;23-Jan-2026

ICICI Prudential Mutual Fund
120711;ICICI Prudential Credit Risk Fund - Direct Plan - Growth;INF109K01V00;;36.7844;;;23-Jan-2026
120709;ICICI Prudential Credit Risk Fund - Direct Plan - Quarterly IDCW;INF109K01V34;INF109K01V42;11.8928;;;23-Jan-2026
114239;ICICI Prudential Credit Risk Fund - Growth;INF109K01GU4;;33.2597;;;23-Jan-2026
114240;ICICI Prudential Credit Risk Fund - Quarterly IDCW;INF109K01GV2;INF109K01GW0;11.2005;;;23-Jan-2026

Invesco Mutual Fund
130725;Invesco India Credit Risk Fund - Direct Plan - Discretionary IDCW (Payout / Reinvestment);INF205K01J09;INF205K01J25;2242.0196;;;23-Jan-2026
130722;Invesco India Credit Risk Fund - Direct Plan - Growth;INF205K01I83;;2225.4054;;;23-Jan-2026
130724;Invesco India Credit Risk Fund - Direct Plan - Monthly IDCW (Payout / Reinvestment);INF205K01I91;INF205K01J17;1180.7241;;;23-Jan-2026
130726;Invesco India Credit Risk Fund - Regular Plan - Discretionary IDCW (Payout / Reinvestment);INF205K01I59;INF205K01I75;1985.6475;;;23-Jan-2026
130721;Invesco India Credit Risk Fund - Regular Plan - Growth;INF205K01I34;;1986.265;;;23-Jan-2026
130723;Invesco India Credit Risk Fund - Regular Plan - Monthly IDCW (Payout / Reinvestment);INF205K01I42;INF205K01I67;1458.754;;;23-Jan-2026

SBI Mutual Fund
119792;SBI Credit Risk Fund - Direct Plan - Daily Income Distribution cum Capital Withdrawal Option (IDCW);;INF200K01SS0;16.2017;;;23-Jan-2026
119793;SBI Credit Risk Fund - Direct Plan - Income Distribution cum Capital Withdrawal Option (IDCW);INF200K01ST8;INF200K01SU6;23.7607;;;23-Jan-2026
119798;SBI CREDIT RISK FUND - DIRECT PLAN -GROWTH;INF200K01SV4;;51.0589;;;23-Jan-2026
118211;SBI Credit Risk Fund - Regular Plan - Daily Income Distribution cum Capital Withdrawal Option (IDCW);;INF200K01QK1;15.5926;;;23-Jan-2026
102505;SBI CREDIT RISK FUND - REGULAR PLAN - GROWTH;INF200K01685;;47.1110;;;23-Jan-2026
102506;SBI Credit Risk Fund - Regular Plan - Income Distribution cum Capital Withdrawal Option (IDCW);INF200K01693;INF200K01701;21.2981;;;23-Jan-2026

Open Ended Schemes ( Debt Scheme - Banking and PSU Fund )


Bajaj Finserv Mutual Fund
152164;Bajaj Finserv Banking and PSU Fund-  Direct Plan-Monthly- IDCW;INF0QA701649;INF0QA701631;10.9758;;;23-Jan-2026
152163;Bajaj Finserv Banking and PSU Fund- Direct Plan- IDCW;INF0QA701615;INF0QA701623;11.8204;;;23-Jan-2026
152165;Bajaj Finserv Banking and PSU Fund- Regular Plan- Growth;INF0QA701557;;11.6783;;;23-Jan-2026
152166;Bajaj Finserv Banking and PSU Fund- Regular Plan- IDCW;INF0QA701565;INF0QA701573;11.6783;;;23-Jan-2026
152162;Bajaj Finserv Banking and PSU Fund-Direct Plan- Growth;INF0QA701607;;11.8204;;;23-Jan-2026
152167;Bajaj Finserv Banking and PSU Fund-Regular Plan-Monthly-IDCW;INF0QA701599;INF0QA701581;10.9016;;;23-Jan-2026

DSP Mutual Fund
124175;DSP Banking & PSU Debt Fund - Direct Plan - Growth;INF740K01ZW2;;25.4886;;;23-Jan-2026
124178;DSP Banking & PSU Debt Fund - Direct Plan - IDCW;INF740K01A18;INF740K01A26;10.749;;;23-Jan-2026
124182;DSP Banking & PSU Debt Fund - Direct Plan - IDCW - Daily Reinvest;;INF740KA1OF7;10.1519;;;23-Jan-2026
124176;DSP Banking & PSU Debt Fund - Direct Plan - IDCW - Monthly;INF740K01ZX0;INF740K01ZY8;10.3641;;;23-Jan-2026
124177;DSP Banking & PSU Debt Fund - Direct Plan - IDCW - Quarterly ;INF740K01ZZ5;INF740K01A00;10.3926;;;23-Jan-2026
124183;DSP Banking & PSU Debt Fund - Direct Plan - IDCW - Weekly;INF740KA1OG5;INF740KA1OH3;10.1477;;;23-Jan-2026
124172;DSP Banking & PSU Debt Fund - Regular Plan - Growth;INF740K01ZP6;;24.5789;;;23-Jan-2026
124174;DSP Banking & PSU Debt Fund - Regular Plan - IDCW;INF740K01ZU6;INF740K01ZV4;10.7236;;;23-Jan-2026
124173;DSP Banking & PSU Debt Fund - Regular Plan - IDCW - Daily Reinvest;;INF740KA1OI1;10.1502;;;23-Jan-2026
124180;DSP Banking & PSU Debt Fund - Regular Plan - IDCW - Monthly;INF740K01ZQ4;INF740K01ZR2;10.3506;;;23-Jan-2026
124181;DSP Banking & PSU Debt Fund - Regular Plan - IDCW - Quarterly ;INF740K01ZS0;INF740K01ZT8;10.3832;;;23-Jan-2026
124179;DSP Banking & PSU Debt Fund - Regular Plan - IDCW - Weekly;INF740KA1OJ9;INF740KA1OK7;10.1459;;;23-Jan-2026

Franklin Templeton Mutual Fund
129008;Franklin India Banking & PSU Debt Fund - Direct - Growth;INF090I01KR8;;24.2726;;;23-Jan-2026
129006;Franklin India Banking & PSU Debt Fund - Growth;INF090I01KO5;;23.1922;;;23-Jan-2026
129009;Franklin India Banking and PSU Debt Fund - Direct - IDCW ;INF090I01KS6;INF090I01KT4;11.4983;;;23-Jan-2026
129007;Franklin India Banking and PSU Debt Fund - IDCW ;INF090I01KP2;INF090I01KQ0;10.8742;;;23-Jan-2026

ICICI Prudential Mutual Fund
120256;ICICI Prudential Banking and PSU Debt Fund - Direct Plan -  Growth;INF109K010A6;;35.2078;;;23-Jan-2026
120258;ICICI Prudential Banking and PSU Debt Fund - Direct Plan -  Quarterly IDCW;INF109K011A4;INF109K012A2;12.9444;;;23-Jan-2026
112342;ICICI Prudential Banking and PSU Debt Fund - Growth;INF109K01RT3;;33.7110;;;23-Jan-2026
116174;ICICI Prudential Banking and PSU Debt Fund - Quarterly IDCW;INF109K01YE1;INF109K01YD3;10.9547;;;23-Jan-2026

Invesco Mutual Fund
120444;Invesco India Banking and PSU Fund - Direct Plan -  Growth Option;INF205K01KT4;;2493.0053;;;23-Jan-2026
120443;Invesco India Banking and PSU Fund - Direct Plan - Daily IDCW (Reinvestment);;INF205K01KS6;1062.4137;;;23-Jan-2026
120445;Invesco India Banking and PSU Fund - Direct Plan - Monthly IDCW (Payout / Reinvestment);INF205K01KU2;INF205K01KV0;1009.5818;;;23-Jan-2026
118234;Invesco India Banking and PSU Fund - Regular Plan - Daily IDCW (Reinvestment);;INF205K01JX8;1049.2017;;;23-Jan-2026
118232;Invesco India Banking and PSU Fund - Regular Plan - Growth Option;INF205K01JV2;;2323.5705;;;23-Jan-2026
118233;Invesco India Banking and PSU Fund - Regular Plan - Monthly IDCW (Payout / Reinvestment);INF205K01JW0;INF205K01JY6;1060.2584;;;23-Jan-2026

ITI Mutual Fund
148534;ITI Banking & PSU Debt Fund - Direct Plan - Growth Option;INF00XX01861;;13.7561;;;23-Jan-2026
148536;ITI Banking & PSU Debt Fund - Direct Plan - IDCW Option;INF00XX01879;INF00XX01887;13.7581;;;23-Jan-2026
148535;ITI Banking & PSU Debt Fund - Regular Plan - Growth Option;INF00XX01838;;13.3637;;;23-Jan-2026
148533;ITI Banking & PSU Debt Fund - Regular Plan - IDCW Option;INF00XX01846;INF00XX01853;13.3649;;;23-Jan-2026

LIC Mutual Fund
120337;LIC MF Banking & PSU Fund-Direct Plan-Daily IDCW;INF767K01GJ2;INF767K01GM6;14.2865;;;23-Jan-2026
120338;LIC MF Banking & PSU Fund-Direct Plan-Growth;INF767K01GI4;;38.5824;;;23-Jan-2026
120339;LIC MF Banking & PSU Fund-Direct Plan-Monthly IDCW;INF767K01GK0;INF767K01GN4;14.5306;;;23-Jan-2026
120336;LIC MF Banking & PSU Fund-Direct Plan-Weekly IDCW;INF767K01GL8;INF767K01GO2;10.0372;;;23-Jan-2026
105822;LIC MF Banking & PSU Fund-Regular Plan-Daily IDCW;INF767K01519;INF767K01527;11.4455;;;23-Jan-2026
105823;LIC MF Banking & PSU Fund-Regular Plan-Growth;INF767K01535;;35.6737;;;23-Jan-2026
105856;LIC MF Banking & PSU Fund-Regular Plan-Monthly IDCW;INF767K01543;INF767K01550;13.3514;;;23-Jan-2026
105857;LIC MF Banking & PSU Fund-Regular Plan-Weekly IDCW;INF767K01568;INF767K01576;10.3661;;;23-Jan-2026

Mirae Asset Mutual Fund
148419;Mirae Asset Banking and PSU Fund - Direct Plan - Growth;INF769K01FY9;;13.5893;;;23-Jan-2026
148417;Mirae Asset Banking and PSU Fund - Direct Plan - IDCW;INF769K01FX1;INF769K01FZ6;13.5835;;;23-Jan-2026
148416;Mirae Asset Banking and PSU Fund - Regular Plan - Growth;INF769K01FV5;;13.2584;;;23-Jan-2026
148418;Mirae Asset Banking and PSU Fund - Regular plan - IDCW;INF769K01FU7;INF769K01FW3;13.2594;;;23-Jan-2026

SBI Mutual Fund
125502;SBI Banking & PSU Fund - Direct Plan - Daily Income Distribution cum Capital Withdrawal Option (IDCW);;INF200K01V16;1500.0389;;;23-Jan-2026
125503;SBI BANKING & PSU FUND - Direct Plan - Growth;INF200K01V08;;3405.5221;;;23-Jan-2026
125505;SBI Banking & PSU Fund - Direct Plan - Monthly Income Distribution cum Capital Withdrawal Option (IDCW);INF200K01V40;INF200K01V57;1309.0888;;;23-Jan-2026
125504;SBI Banking & PSU Fund - Direct Plan - Weekly Income Distribution cum Capital Withdrawal Option (IDCW);INF200K01V32;INF200K01V24;1496.7078;;;23-Jan-2026
125498;SBI BANKING & PSU FUND - Regular Paln - Growth;INF200K01U41;;3197.3948;;;23-Jan-2026
125499;SBI Banking & PSU Fund - Regular Plan - Daily Income Distribution cum Capital Withdrawal Option (IDCW);;INF200K01U58;1458.7395;;;23-Jan-2026
125501;SBI Banking & PSU Fund - Regular Plan - Monthly Income Distribution cum Capital Withdrawal Option (IDCW);INF200K01U82;INF200K01U90;1223.0245;;;23-Jan-2026
125500;SBI Banking & PSU Fund - Regular Plan - Weekly Income Distribution cum Capital Withdrawal Option (IDCW);INF200K01U74;INF200K01U66;1458.3924;;;23-Jan-2026

Trust Mutual Fund
148656;TRUSTMF BANKING & PSU FUND - DIRECT GROWTH;INF0GCD01107;;1336.2698;;;23-Jan-2026
148655;TRUSTMF BANKING & PSU FUND - REGULAR GROWTH;INF0GCD01016;;1303.4061;;;23-Jan-2026
148672;TRUSTMF BANKING & PSU FUND DIRECT PLAN ANNUAL INCOME DISTRIBUTION CUM CAPITAL WITHDRAWAL OPTION;INF0GCD01180;INF0GCD01172;1172.1432;;;23-Jan-2026
148678;TRUSTMF BANKING & PSU FUND DIRECT PLAN DAILY INCOME DISTRIBUTION CUM CAPITAL WITHDRAWAL;;INF0GCD01115;1323.3794;;;23-Jan-2026
148681;TRUSTMF BANKING & PSU FUND DIRECT PLAN MONTHLY INCOME DISTRIBUTION CUM CAPITAL WITHDRAWAL OPTION;INF0GCD01149;INF0GCD01131;1154.1075;;;23-Jan-2026
148670;TRUSTMF BANKING & PSU FUND DIRECT PLAN QUARTERLY INCOME DISTRIBUTION CUM CAPITAL WITHDRAWAL;INF0GCD01164;INF0GCD01156;1170.0075;;;23-Jan-2026
148675;TRUSTMF BANKING & PSU FUND DIRECT PLAN WEEKLY INCOME DISTRIBUTION CUM CAPITAL WITHDRAWAL;;INF0GCD01123;1128.8725;;;23-Jan-2026
148669;TRUSTMF BANKING & PSU FUND REGULAR PLAN ANNUAL INCOME DISTRIBUTION CUM CAPITAL WITHDRAWAL;INF0GCD01099;INF0GCD01081;1141.1107;;;23-Jan-2026
148667;TRUSTMF BANKING & PSU FUND REGULAR PLAN DAILY INCOME DISTRIBUTION CUM CAPITAL WITHDRAWAL;;INF0GCD01024;1243.9032;;;23-Jan-2026
148674;TRUSTMF BANKING & PSU FUND REGULAR PLAN MONTHLY INCOME DISTRIBUTION CUM CAPITAL WITHDRAWAL;INF0GCD01057;INF0GCD01040;1131.8637;;;23-Jan-2026
148668;TRUSTMF BANKING & PSU FUND REGULAR PLAN QUARTERLY INCOME DISTRIBUTION CUM CAPITAL WITHDRAWAL;INF0GCD01073;INF0GCD01065;1140.7159;;;23-Jan-2026
148679;TRUSTMF BANKING & PSU FUND REGULAR PLAN WEEKLY INCOME DISTRIBUTION CUM CAPITAL WITHDRAWAL;;INF0GCD01032;1110.1081;;;23-Jan-2026

Open Ended Schemes ( Debt Scheme - Gilt Fund )


Bajaj Finserv Mutual Fund
153206;Bajaj Finserv Gilt Fund - Direct - Growth;INF0QA701AP9;;1035.5987;;;23-Jan-2026
153207;Bajaj Finserv Gilt Fund - Direct - IDCW;INF0QA701AQ7;INF0QA701AR5;1035.5987;;;23-Jan-2026
153211;Bajaj Finserv Gilt Fund - Regular - Growth;INF0QA701AM6;;1027.2657;;;23-Jan-2026
153209;Bajaj Finserv Gilt Fund - Regular - IDCW;INF0QA701AN4;INF0QA701AO2;1027.2657;;;23-Jan-2026

Baroda BNP Paribas Mutual Fund
119341;Baroda BNP Paribas GILT FUND - Direct Plan - Growth Option;INF955L01AD7;;47.1380;;;23-Jan-2026
119340;Baroda BNP Paribas GILT FUND - Direct Plan - IDCW Option;INF955L01AB1;INF955L01AC9;34.6042;;;23-Jan-2026
101187;Baroda BNP Paribas GILT FUND - Regular Plan - Growth Option;INF955L01450;;42.8856;;;23-Jan-2026
101188;Baroda BNP Paribas GILT FUND - Regular Plan - IDCW Option;INF955L01435;INF955L01443;25.4547;;;23-Jan-2026

DSP Mutual Fund
119099;DSP Gilt Fund - Direct Plan - Growth;INF740K01NF3;;102.6174;;;23-Jan-2026
119101;DSP Gilt Fund - Direct Plan - IDCW;INF740K01NG1;INF740K01NI7;12.5889;;;23-Jan-2026
119100;DSP Gilt Fund - Direct Plan - IDCW - Monthly;INF740K01NE6;INF740K01NH9;10.7358;;;23-Jan-2026
100084;DSP Gilt Fund - Regular Plan - Growth;INF740K01615;;95.9865;;;23-Jan-2026
100085;DSP Gilt Fund - Regular Plan - IDCW;INF740K01607;INF740K01AD5;12.452;;;23-Jan-2026
100086;DSP Gilt Fund - Regular Plan - IDCW - Monthly;INF740K01623;INF740K01AE3;10.6375;;;23-Jan-2026

Franklin Templeton Mutual Fund
118498;Franklin India Government Securities Fund - Direct - Growth;INF090I01HS2;;65.4739;;;23-Jan-2026
118497;Franklin India Government Securities Fund - Direct - IDCW ;INF090I01HQ6;INF090I01HR4;11.8635;;;23-Jan-2026
100493;Franklin India Government Securities Fund - Growth;INF090I01CU9;;59.5704;;;23-Jan-2026
100494;Franklin India Government Securities Fund - IDCW ;INF090I01CS3;INF090I01CT1;10.6549;;;23-Jan-2026

Groww Mutual Fund
153477;Groww Gilt Fund - Direct - Growth;INF666M01KK2;;9.8832;;;23-Jan-2026
153502;Groww Gilt Fund - Direct - IDCW;INF666M01KL0;INF666M01KM8;9.8821;;;23-Jan-2026
153503;Groww Gilt Fund - Regular - Growth;INF666M01KN6;;9.8134;;;23-Jan-2026
153504;Groww Gilt Fund - Regular - IDCW;INF666M01KO4;INF666M01KP1;9.8135;;;23-Jan-2026

ICICI Prudential Mutual Fund
120590;ICICI Prudential Gilt Fund - Direct Plan - Growth;INF109K018C5;;113.2029;;;23-Jan-2026
120589;ICICI Prudential Gilt Fund - Direct Plan - IDCW;INF109K016C9;INF109K017C7;19.1105;;;23-Jan-2026
100369;ICICI Prudential Gilt Fund - Growth;INF109K01JR4;;104.7640;;;23-Jan-2026
100368;ICICI Prudential Gilt Fund - IDCW;INF109K01JQ6;INF109K01JP8;18.0632;;;23-Jan-2026

Invesco Mutual Fund
120520;Invesco India Gilt Fund - Direct  Plan - Growth;INF205K01SN0;;3146.5618;;;23-Jan-2026
120519;Invesco India Gilt Fund - Direct Plan - Annual IDCW (Payout / Reinvestment);INF205K01SL4;INF205K01SM2;1222.6531;;;23-Jan-2026
120521;Invesco India Gilt Fund - Direct Plan - Monthly IDCW (Reinvestment);;INF205K01SO8;2455.4025;;;23-Jan-2026
120522;Invesco India Gilt Fund - Direct Plan - Quarterly IDCW (Payout / Reinvestment);INF205K01SP5;INF205K01SQ3;1090.3205;;;23-Jan-2026
107476;Invesco India Gilt Fund - Regular Plan - Annual IDCW (Payout / Reinvestment);INF205K01SJ8;INF205K01SK6;1203.3523;;;23-Jan-2026
107477;Invesco India Gilt Fund - Regular Plan - Growth;INF205K01SR1;;2832.6532;;;23-Jan-2026
107471;Invesco India Gilt Fund - Regular Plan - Monthly IDCW (Reinvestment);;INF205K01SS9;1595.5567;;;23-Jan-2026
107472;Invesco India Gilt Fund - Regular Plan - Quarterly IDCW (Payout / Reinvestment);INF205K01ST7;INF205K01SU5;1291.4845;;;23-Jan-2026

LIC Mutual Fund
120282;LIC MF Gilt Fund-Direct Plan-Growth;INF767K01EZ3;;65.1205;;;23-Jan-2026
120283;LIC MF Gilt Fund-Direct Plan-IDCW;INF767K01EY6;INF767K01FA3;18.7611;;;23-Jan-2026
100319;LIC MF Gilt Fund-PF Plan-Growth;INF767K01733;;33.9935;;;23-Jan-2026
100318;LIC MF Gilt Fund-PF Plan-IDCW;INF767K01717;INF767K01725;21.9972;;;23-Jan-2026
100317;LIC MF Gilt Fund-Regular Plan-Growth;INF767K01709;;58.8565;;;23-Jan-2026
100316;LIC MF Gilt Fund-Regular Plan-IDCW;INF767K01683;INF767K01691;16.9654;;;23-Jan-2026

PGIM India Mutual Fund
138472;PGIM India Gilt Fund - Direct Plan - Growth;INF223J01ND7;;32.7536;;;23-Jan-2026
138474;PGIM India Gilt Fund - Direct Plan - Quarterly Dividend;INF223J01NB1;;14.3563;;;23-Jan-2026
138470;PGIM India Gilt Fund - Growth;INF223J01AQ6;;30.1259;;;23-Jan-2026
138467;PGIM India Gilt Fund - Quarterly Dividend;INF223J01AO1;INF223J01AP8;13.4897;;;23-Jan-2026

quant Mutual Fund
151228;quant Gilt Fund - Growth Option - Direct Plan;INF966L01BF7;;12.201;;;23-Jan-2026
151230;quant Gilt Fund - Growth Option - Regular Plan;INF966L01BI1;;11.8564;;;23-Jan-2026
151229;quant Gilt Fund - IDCW Option - Direct Plan;INF966L01BG5;INF966L01BH3;12.2067;;;23-Jan-2026
151231;quant Gilt Fund - IDCW Option - Regular Plan;INF966L01BJ9;INF966L01BK7;11.8646;;;23-Jan-2026

SBI Mutual Fund
101934;SBI GILT FUND -  GROWTH - PF (Fixed Period - 3 Yrs) Option;INF200K01AH1;;39.8153;;;23-Jan-2026
101932;SBI GILT FUND -  GROWTH - PF (Regular) Option;INF200K01AK5;;42.6236;;;23-Jan-2026
119707;SBI GILT FUND - DIRECT PLAN - GROWTH;INF200K01SH3;;70.4915;;;23-Jan-2026
119706;SBI Gilt Fund - Direct Plan - Income Distribution cum Capital Withdrawal Option (IDCW);INF200K01SF7;INF200K01SG5;22.4978;;;23-Jan-2026
101950;SBI Gilt Fund - Income Distribution cum Capital Withdrawal Option (IDCW) - PF (Fixed Period - 1 Yr);INF200K01AC2;INF200K01AD0;20.5078;;;23-Jan-2026
101951;SBI Gilt Fund - Income Distribution cum Capital Withdrawal Option (IDCW) - PF (Fixed Period - 2 Yrs);INF200K01AF5;INF200K01AG3;20.7531;;;23-Jan-2026
101952;SBI Gilt Fund - Income Distribution cum Capital Withdrawal Option (IDCW) - PF (Fixed Period - 3 Yrs);INF200K01AI9;INF200K01AJ7;20.1217;;;23-Jan-2026
101001;SBI GILT FUND - REGULAR PLAN - GROWTH;INF200K01982;;66.3793;;;23-Jan-2026
100999;SBI Gilt Fund - Regular Plan - Income Distribution cum Capital Withdrawal Option (IDCW);INF200K01990;INF200K01AA6;20.4114;;;23-Jan-2026

Union Mutual Fund
150408;Union Gilt Fund - Direct Plan - Annual IDCW Option;INF582M01IA6;INF582M01IB4;12.2483;;;23-Jan-2026
150407;Union Gilt Fund - Direct Plan - Growth Option;INF582M01HW2;;12.2483;;;23-Jan-2026
150456;Union Gilt Fund - Direct Plan - Half-yearly IDCW Option;INF582M01HX0;INF582M01HY8;12.2483;;;23-Jan-2026
150406;Union Gilt Fund - Regular Plan - Annual IDCW Option;INF582M01IH1;INF582M01II9;12.0406;;;23-Jan-2026
150405;Union Gilt Fund - Regular Plan - Growth Option;INF582M01ID0;;12.0406;;;23-Jan-2026
150457;Union Gilt Fund - Regular Plan - Half-yearly IDCW Option;INF582M01IE8;INF582M01IF5;12.0406;;;23-Jan-2026

Open Ended Schemes ( Debt Scheme - Gilt Fund with 10 year constant duration )


DSP Mutual Fund
131301;DSP 10Y G-Sec Fund - Direct Plan - Growth;INF740K019I5;;22.6481;;;23-Jan-2026
131304;DSP 10Y G-Sec Fund - Direct Plan - IDCW;INF740K010J2;INF740K011J0;10.9581;;;23-Jan-2026
131303;DSP 10Y G-Sec Fund - Direct Plan - IDCW - Monthly;INF740K012J8;INF740K013J6;10.5678;;;23-Jan-2026
131302;DSP 10Y G-Sec Fund - Direct Plan - IDCW - Quarterly;INF740K014J4;INF740K015J1;10.8844;;;23-Jan-2026
131297;DSP 10Y G-Sec Fund - Regular Plan - Growth;INF740K012I0;;22.0812;;;23-Jan-2026
131298;DSP 10Y G-Sec Fund - Regular Plan - IDCW;INF740K013I8;INF740K014I6;10.7372;;;23-Jan-2026
131299;DSP 10Y G-Sec Fund - Regular Plan - IDCW - Monthly;INF740K015I3;INF740K016I1;10.7207;;;23-Jan-2026
131300;DSP 10Y G-Sec Fund - Regular Plan - IDCW - Quarterly ;INF740K017I9;INF740K018I7;10.9382;;;23-Jan-2026

ICICI Prudential Mutual Fund
131061;ICICI Prudential Constant Maturity Gilt Fund - Direct Plan - Growth;INF109KA1O37;;25.7897;;;23-Jan-2026
131054;ICICI Prudential Constant Maturity Gilt Fund - Direct Plan - Quarterly IDCW;INF109KA1O52;INF109KA1O94;11.5908;;;23-Jan-2026
131051;ICICI Prudential Constant Maturity Gilt Fund - Growth;INF109KA1N46;;25.2058;;;23-Jan-2026
131057;ICICI Prudential Constant Maturity Gilt Fund - quarterly IDCW;INF109KA1N61;INF109KA1O03;11.3301;;;23-Jan-2026

SBI Mutual Fund
120137;SBI CONSTANT MATURITY 10 YEAR GILT FUND - DIRECT PLAN - GROWTH;INF200K01SK7;;67.4903;;;23-Jan-2026
120136;SBI Constant Maturity 10 Year Gilt Fund - Direct Plan - Income Distribution cum Capital Withdrawal Option (IDCW);INF200K01SI1;INF200K01SJ9;21.9535;;;23-Jan-2026
101002;SBI CONSTANT MATURITY 10 Year GILT FUND - REGULAR PLAN - GROWTH;INF200K01AN9;;64.7944;;;23-Jan-2026
101003;SBI Constant Maturity 10 Year Gilt Fund - Regular Plan - Income Distribution cum Capital Withdrawal Option (IDCW);INF200K01AO7;INF200K01AP4;21.0733;;;23-Jan-2026

Open Ended Schemes ( Debt Scheme - Floater Fund )


DSP Mutual Fund
148771;DSP Floater Fund - Direct Plan - Growth;INF740KA1PV1;;13.7714;;;23-Jan-2026
148769;DSP Floater Fund - Direct Plan - IDCW;INF740KA1PW9;INF740KA1PX7;13.7714;;;23-Jan-2026
148768;DSP Floater Fund - Regular Plan - Growth;INF740KA1PS7;;13.5879;;;23-Jan-2026
148770;DSP Floater Fund - Regular Plan - IDCW;INF740KA1PT5;INF740KA1PU3;13.5879;;;23-Jan-2026

Franklin Templeton Mutual Fund
118508;Franklin India Floating Rate Fund - Direct - Growth;INF090I01LK1;;46.1447;;;23-Jan-2026
118507;Franklin India Floating Rate Fund - Direct - IDCW ;INF090I01LL9;;10.1599;;;23-Jan-2026
101048;Franklin India Floating Rate Fund - Growth Plan;INF090I01LM7;;42.0998;;;23-Jan-2026
101044;Franklin India Floating Rate Fund - IDCW ;INF090I01LN5;;10.2600;;;23-Jan-2026

ICICI Prudential Mutual Fund
101804;ICICI Prudential Floating Interest Fund - Daily IDCW;INF109K01AW3;;100.8760;;;23-Jan-2026
120423;ICICI Prudential Floating Interest Fund - Direct Plan - Daily IDCW;;INF109K01P24;100.7384;;;23-Jan-2026
120425;ICICI Prudential Floating Interest Fund - Direct Plan - Growth;INF109K01P57;;481.6557;;;23-Jan-2026
120426;ICICI Prudential Floating Interest Fund - Direct Plan - IDCW Others;INF109K01P65;INF109K01P32;205.9243;;;23-Jan-2026
120424;ICICI Prudential Floating Interest Fund - Direct Plan - Weekly IDCW;INF109K01P73;INF109K01P81;102.3070;;;23-Jan-2026
101802;ICICI Prudential Floating Interest Fund - Growth;INF109K01AX1;;439.4430;;;23-Jan-2026
115510;ICICI Prudential Floating Interest Fund - IDCW Others;INF109K01WQ9;INF109K01WP1;193.9818;;;23-Jan-2026
111545;ICICI Prudential Floating Interest Fund - Weekly IDCW;INF109K01EN4;INF109K01AY9;102.2871;;;23-Jan-2026

SBI Mutual Fund
148550;SBI Floating Rate Debt Fund - Direct Plan - Growth;INF200KA1R64;;13.8206;;;23-Jan-2026
148551;SBI Floating Rate DEBT Fund - Direct Plan - Monthly Income Distribution cum Capital Withdrawal Option (IDCW);INF200KA1R72;INF200KA1R80;13.8197;;;23-Jan-2026
148549;SBI Floating Rate DEBT Fund - Direct Plan - Quarterly Income Distribution cum Capital Withdrawal Option (IDCW);INF200KA1R98;INF200KA1S06;13.8208;;;23-Jan-2026
148543;SBI Floating Rate Debt Fund - Regular Plan - Growth;INF200KA1R15;;13.6830;;;23-Jan-2026
148544;SBI Floating Rate DEBT Fund - Regular Plan - Monthly Income Distribution cum Capital Withdrawal Option (IDCW);INF200KA1R23;INF200KA1R31;13.6866;;;23-Jan-2026
148546;SBI Floating Rate DEBT Fund - Regular Plan - Quarterly Income Distribution cum Capital Withdrawal Option (IDCW);INF200KA1R49;INF200KA1R56;13.6841;;;23-Jan-2026

Open Ended Schemes ( Hybrid Scheme - Conservative Hybrid Fund )


Baroda BNP Paribas Mutual Fund
150206;BARODA BNP PARIBAS Conservative Hybrid Fund - Direct Plan - Growth Option;INF251K01HR8;;55.4127;;;23-Jan-2026
150207;BARODA BNP PARIBAS Conservative Hybrid Fund - Direct Plan - Monthly IDCW Option;INF251K01HS6;INF251K01HT4;13.1628;;;23-Jan-2026
150208;BARODA BNP PARIBAS Conservative Hybrid Fund - Direct Plan - Quarterly IDCW Option;INF251K01HU2;INF251K01HV0;12.7062;;;23-Jan-2026
150203;BARODA BNP PARIBAS Conservative Hybrid Fund-Regular Plan-Growth Option;INF251K01845;;45.1099;;;23-Jan-2026
150204;BARODA BNP PARIBAS Conservative hybrid Fund-Regular Plan-Monthly IDCW Option;INF251K01852;INF251K01860;10.7593;;;23-Jan-2026
150205;BARODA BNP PARIBAS Conservative Hybrid Fund-Regular Plan-Quarterly IDCW Option;INF251K01878;INF251K01886;10.8658;;;23-Jan-2026

DSP Mutual Fund
118994;DSP Regular Savings Fund - Direct Plan - Growth;INF740K01NO5;;67.3954;;;23-Jan-2026
118992;DSP Regular Savings Fund - Direct Plan - IDCW - Monthly;INF740K01NP2;INF740K01NR8;14.2932;;;23-Jan-2026
118993;DSP Regular Savings Fund - Direct Plan - IDCW - Quarterly ;INF740K01NQ0;INF740K01NS6;14.0696;;;23-Jan-2026
102450;DSP Regular Savings Fund - Regular Plan - IDCW - Monthly;INF740K01458;INF740K01466;11.2302;;;23-Jan-2026
102451;DSP Regular Savings Fund - Regular Plan - IDCW - Quarterly ;INF740K01474;INF740K01482;11.4941;;;23-Jan-2026
102448;DSP Regular Savings Fund- Regular Plan - Growth;INF740K01441;;59.6395;;;23-Jan-2026

Franklin Templeton Mutual Fund
118574;Franklin India Conservative Hybrid Fund - Direct - GROWTH;INF090I01GF1;;100.4943;;;23-Jan-2026
100948;Franklin India Conservative Hybrid Fund - Growth;INF090I01EA7;;91.1310;;;23-Jan-2026
118575;Franklin India Conservative Hybrid Fund - Plan A - Direct - Monthly - IDCW;INF090I01GG9;INF090I01GH7;14.7004;;;23-Jan-2026
118576;Franklin India Conservative Hybrid Fund - Plan A - Direct - Quarterly - IDCW;INF090I01GI5;INF090I01GJ3;13.7614;;;23-Jan-2026
100949;Franklin India Conservative Hybrid Fund - Plan A - Monthly - IDCW;INF090I01EB5;INF090I01EC3;12.8900;;;23-Jan-2026
100950;Franklin India Conservative Hybrid Fund - Plan A - Quarterly - IDCW;INF090I01ED1;INF090I01EE9;11.8970;;;23-Jan-2026

ICICI Prudential Mutual Fund
120616;ICICI Prudential Regular Savings Fund - Direct Plan - Growth;INF109K01S39;;85.2455;;;23-Jan-2026
120613;ICICI Prudential Regular Savings Fund - Direct Plan - Half Yearly IDCW;INF109K01S47;INF109K01S54;16.5249;;;23-Jan-2026
120615;ICICI Prudential Regular Savings Fund - Direct Plan - Monthly IDCW;INF109K01S62;INF109K01S70;16.1281;;;23-Jan-2026
120614;ICICI Prudential Regular Savings Fund - Direct Plan - Quarterly IDCW;INF109K01S88;INF109K01S96;14.7302;;;23-Jan-2026
102330;ICICI Prudential Regular Savings Fund - Plan - Growth;INF109K01902;;77.1800;;;23-Jan-2026
113098;ICICI Prudential Regular Savings Fund - Plan - Half Yearly IDCW;INF109K01IW6;INF109K01WX5;12.8689;;;23-Jan-2026
102331;ICICI Prudential Regular Savings Fund - Plan - Monthly IDCW;INF109K01ER5;INF109K01894;13.6249;;;23-Jan-2026
113097;ICICI Prudential Regular Savings Fund - Plan - Quarterly IDCW;INF109K01IX4;INF109K01WY3;11.9395;;;23-Jan-2026

LIC Mutual Fund
120276;LIC MF Conservative Hybrid Fund-Direct Plan-Growth;INF767K01EO7;;92.6402;;;23-Jan-2026
120277;LIC MF Conservative Hybrid Fund-Direct Plan-Monthly IDCW;INF767K01EP4;INF767K01ES8;13.4022;;;23-Jan-2026
120274;LIC MF Conservative Hybrid Fund-Direct Plan-Quarterly IDCW;INF767K01EQ2;INF767K01ET6;18.4845;;;23-Jan-2026
120275;LIC MF Conservative Hybrid Fund-Direct Plan-Yearly IDCW;INF767K01ER0;INF767K01EU4;14.8819;;;23-Jan-2026
101869;LIC MF Conservative Hybrid Fund-Regular Plan-Growth;INF767K01808;;83.1245;;;23-Jan-2026
101866;LIC MF Conservative Hybrid Fund-Regular Plan-Monthly IDCW;INF767K01816;INF767K01824;12.9782;;;23-Jan-2026
101867;LIC MF Conservative Hybrid Fund-Regular Plan-Quarterly IDCW;INF767K01832;INF767K01840;14.6013;;;23-Jan-2026
101868;LIC MF Conservative Hybrid Fund-Regular Plan-Yearly IDCW;INF767K01857;INF767K01865;12.4791;;;23-Jan-2026

PPFAS Mutual Fund
148958;Parag Parikh Conservative Hybrid Fund - Direct Plan - Growth;INF879O01175;;15.5882;;;23-Jan-2026
148961;Parag Parikh Conservative Hybrid Fund - Direct Plan - Monthly IDCW;INF879O01167;INF879O01159;11.0743;;;23-Jan-2026
148959;Parag Parikh Conservative Hybrid Fund - Regular Plan - Growth;INF879O01209;;15.3724;;;23-Jan-2026
148960;Parag Parikh Conservative Hybrid Fund - Regular Plan - Monthly IDCW;INF879O01191;INF879O01183;10.8210;;;23-Jan-2026

SBI Mutual Fund
119836;SBI Conservative Hybrid Fund  - Direct Plan - Quarterly Income Distribution cum Capital Withdrawal Option (IDCW);INF200K01TV2;INF200K01TW0;24.5830;;;23-Jan-2026
119837;SBI Conservative Hybrid Fund - Direct Plan - Annual Income Distribution cum Capital Withdrawal Option (IDCW);INF200K01TQ2;INF200K01TR0;32.0855;;;23-Jan-2026
119839;SBI Conservative Hybrid Fund - Direct Plan - Growth;INF200K01TS8;;80.4585;;;23-Jan-2026
119838;SBI Conservative Hybrid Fund - Direct Plan - Monthly Income Distribution cum Capital Withdrawal Option (IDCW);INF200K01TT6;INF200K01TU4;28.1196;;;23-Jan-2026
100929;SBI Conservative Hybrid Fund - Regular Plan - Annual Income Distribution cum Capital Withdrawal Option (IDCW);INF200K01909;INF200K01917;25.9126;;;23-Jan-2026
100968;SBI Conservative Hybrid Fund - Regular Plan - Growth;INF200K01859;;73.4616;;;23-Jan-2026
100927;SBI Conservative Hybrid Fund - Regular Plan - Monthly Income Distribution cum Capital Withdrawal Option (IDCW);INF200K01867;INF200K01875;21.5157;;;23-Jan-2026
100928;SBI Conservative Hybrid Fund - Regular Plan - Quarterly Income Distribution cum Capital Withdrawal Option (IDCW);INF200K01883;INF200K01891;21.1873;;;23-Jan-2026

Open Ended Schemes ( Hybrid Scheme - Balanced Hybrid Fund )


360 ONE Mutual Fund
152073;360 ONE Balanced Hybrid Fund - Direct Plan - IDCW;INF579M01AZ6;INF579M01BA7;12.8931;;;23-Jan-2026
152075;360 ONE Balanced Hybrid Fund - Regular Plan - Growth;INF579M01AV5;;12.4528;;;23-Jan-2026
152076;360 ONE Balanced Hybrid Fund- Direct Plan - Growth;INF579M01AY9;;12.8931;;;23-Jan-2026
152074;360 ONE Balanced Hyrbrid fund - Regular Plan - IDCW;INF579M01AW3;INF579M01AX1;12.4528;;;23-Jan-2026

WhiteOak Capital Mutual Fund
152132;WhiteOak Capital Balanced Hybrid Fund Direct Plan Growth;INF03VN01829;;13.362;;;23-Jan-2026
152133;WhiteOak Capital Balanced Hybrid Fund Regular Plan Growth;INF03VN01811;;12.921;;;23-Jan-2026

Open Ended Schemes ( Hybrid Scheme - Aggressive Hybrid Fund )


Bank of India Mutual Fund
139527;BANK OF INDIA MID & SMALL CAP EQUITY & DEBT FUND - DIRECT PLAN GROWTH;INF761K01DM6;;40.10;;;23-Jan-2026
139530;BANK OF INDIA MID & SMALL CAP EQUITY & DEBT FUND - DIRECT PLAN IDCW;INF761K01DN4;INF761K01DO2;32.72;;;23-Jan-2026
139529;BANK OF INDIA MID & SMALL CAP EQUITY & DEBT FUND - REGULAR  PLAN  GROWTH;INF761K01DP9;;36.53;;;23-Jan-2026
139528;BANK OF INDIA MID & SMALL CAP EQUITY & DEBT FUND - REGULAR  PLAN IDCW;INF761K01DQ7;INF761K01DR5;30.97;;;23-Jan-2026

Baroda BNP Paribas Mutual Fund
150259;Baroda BNP Paribas Aggressive Hybrid Fund -DIRECT PLAN- IDCW OPTION;INF251K01PB5;INF251K01PA7;18.3251;;;23-Jan-2026
150260;Baroda BNP Paribas Aggressive Hybrid Fund- DIRECT PLAN - GROWTH OPTION;INF251K01OZ7;;31.6377;;;23-Jan-2026
150261;Baroda BNP Paribas Aggressive Hybrid Fund- REGULAR PLAN- IDCW OPTION;INF251K01OY0;INF251K01OX2;15.9115;;;23-Jan-2026
150258;Baroda BNP Paribas Aggressive Hybrid Fund- REGULAT PLAN -GROWTH OPTION;INF251K01OW4;;27.4486;;;23-Jan-2026

DSP Mutual Fund
119019;DSP Aggressive Hybrid Fund - Direct Plan - Growth;INF740K01NY4;;397.553;;;23-Jan-2026
119020;DSP Aggressive Hybrid Fund - Direct Plan - IDCW;INF740K01NZ1;INF740K01OA2;71.981;;;23-Jan-2026
100081;DSP Aggressive Hybrid Fund- Regular Plan - Growth;INF740K01318;;351.634;;;23-Jan-2026
100082;DSP Aggressive Hybrid Fund- Regular Plan - IDCW;INF740K01326;INF740K01334;28.332;;;23-Jan-2026

Franklin Templeton Mutual Fund
118546;Franklin India Aggressive Hybrid Fund - Direct - Growth;INF090I01FZ1;;304.8532;;;23-Jan-2026
118547;Franklin India Aggressive Hybrid Fund - Direct - IDCW;INF090I01GA2;INF090I01GB0;33.9743;;;23-Jan-2026
100550;Franklin India Aggressive Hybrid Fund - Growth Plan;INF090I01817;;265.1706;;;23-Jan-2026
100549;Franklin India Aggressive Hybrid Fund - IDCW;INF090I01825;INF090I01833;28.4712;;;23-Jan-2026

Groww Mutual Fund
145599;Groww Aggressive Hybrid Fund (formerly known as Indiabulls Equity Hybrid Fund) - Direct Plan - Growth option;INF666M01FA3;;22.9612;;;23-Jan-2026
145605;Groww Aggressive Hybrid Fund (formerly known as Indiabulls Equity Hybrid Fund) - Regular Plan - Growth option;INF666M01FJ4;;20.4353;;;23-Jan-2026
145600;Groww Aggressive Hybrid Fund (formerly known as Indiabulls Equity Hybrid Fund)- Direct Plan- - Income Distribution cum capital withdrawal Option (Payout & Reinvestment);INF666M01FB1;INF666M01FC9;22.7703;;;23-Jan-2026
145602;Groww Aggressive Hybrid Fund (formerly known as Indiabulls Equity Hybrid Fund)- Direct Plan- Half Yearly - Income Distribution cum capital withdrawal Option (Payout & Reinvestment);INF666M01FH8;INF666M01FI6;22.0828;;;23-Jan-2026
145606;Groww Aggressive Hybrid Fund (formerly known as Indiabulls Equity Hybrid Fund)- Direct Plan- Monthly - Income Distribution cum capital withdrawal Option (Payout & Reinvestment);INF666M01FD7;INF666M01FE5;22.7342;;;23-Jan-2026
145601;Groww Aggressive Hybrid Fund (formerly known as Indiabulls Equity Hybrid Fund)- Direct Plan- Quarterly - Income Distribution cum capital withdrawal Option (Payout & Reinvestment);INF666M01FF2;INF666M01FG0;22.5003;;;23-Jan-2026
145603;Groww Aggressive Hybrid Fund (formerly known as Indiabulls Equity Hybrid Fund)- Regular Plan- - Income Distribution cum capital withdrawal Option (Payout & Reinvestment);INF666M01FK2;INF666M01FL0;20.4323;;;23-Jan-2026
145608;Groww Aggressive Hybrid Fund (formerly known as Indiabulls Equity Hybrid Fund)- Regular Plan- Half Yearly - Income Distribution cum capital withdrawal Option (Payout & Reinvestment);INF666M01FQ9;INF666M01FR7;20.3872;;;23-Jan-2026
145604;Groww Aggressive Hybrid Fund (formerly known as Indiabulls Equity Hybrid Fund)- Regular Plan- Monthly - Income Distribution cum capital withdrawal Option (Payout & Reinvestment.;INF666M01FM8;INF666M01FN6;20.4335;;;23-Jan-2026
145607;Groww Aggressive Hybrid Fund (formerly known as Indiabulls Equity Hybrid Fund)- Regular Plan- Quarterly - Income Distribution cum capital withdrawal Option (Payout & Reinvestment);INF666M01FO4;INF666M01FP1;21.6601;;;23-Jan-2026

ICICI Prudential Mutual Fund
136113;ICICI Prudential Equity & Debt Fund - Annual IDCW;INF109KB1QK6;INF109KB1QJ8;25.32;;;23-Jan-2026
136114;ICICI Prudential Equity & Debt Fund - Direct Plan - Annual IDCW;INF109KB1QM2;INF109KB1QL4;28.31;;;23-Jan-2026
120251;ICICI Prudential Equity & Debt Fund - Direct Plan - Growth;INF109K01Y07;;442.83;;;23-Jan-2026
131453;ICICI Prudential Equity & Debt Fund - Direct Plan - Half Yearly IDCW;INF109KA1Y19;INF109KA1Y01;29.98;;;23-Jan-2026
120252;ICICI Prudential Equity & Debt Fund - Direct Plan - Monthly IDCW;INF109K01X81;INF109K01X99;70.16;;;23-Jan-2026
100356;ICICI Prudential Equity & Debt Fund - Growth;INF109K01480;;397.90;;;23-Jan-2026
131452;ICICI Prudential Equity & Debt Fund - Half Yearly IDCW;INF109KA1X93;INF109KA1X85;26.48;;;23-Jan-2026
100355;ICICI Prudential Equity & Debt Fund - Monthly IDCW;INF109K01DX5;INF109K01498;43.41;;;23-Jan-2026

Invesco Mutual Fund
143537;Invesco India Aggressive Hybrid Fund - Direct Plan - Growth;INF205K014Q7;;24.6643;;;23-Jan-2026
143532;Invesco India Aggressive Hybrid Fund - Direct Plan - IDCW (Payout / Reinvestment);INF205K013Q9;INF205K015Q4;24.5583;;;23-Jan-2026
143536;Invesco India Aggressive Hybrid Fund - Regular Plan - Growth;INF205K011Q3;;21.8923;;;23-Jan-2026
143534;Invesco India Aggressive Hybrid Fund - Regular Plan - IDCW (Payout / Reinvestment);INF205K010Q5;INF205K012Q1;21.8935;;;23-Jan-2026

JM Financial Mutual Fund
130904;JM Aggressive Hybrid Fund (Direct) - Annual Bonus Option;INF192K01HB8;;132.933;;;23-Jan-2026
131477;JM Aggressive Hybrid Fund (Direct) - Annual IDCW;INF192K01HJ1;INF192K01HK9;44.7804;;;23-Jan-2026
120484;JM Aggressive Hybrid Fund (Direct) - Growth Option;INF192K01BQ9;;132.7162;;;23-Jan-2026
133402;JM Aggressive Hybrid Fund (Direct) - Half Yearly IDCW;INF192K01HH5;INF192K01HI3;95.4981;;;23-Jan-2026
120483;JM Aggressive Hybrid Fund (Direct) - IDCW;INF192K01BO4;INF192K01BP1;73.1693;;;23-Jan-2026
133412;JM Aggressive Hybrid Fund (Direct) - Monthly IDCW;INF192K01HN3;INF192K01HO1;95.4701;;;23-Jan-2026
133406;JM Aggressive Hybrid Fund (Direct) - Quarterly IDCW;INF192K01HR4;INF192K01HS2;33.579;;;23-Jan-2026
131476;JM Aggressive Hybrid Fund (Regular) - Annual IDCW;INF192K01HF9;INF192K01HG7;31.9934;;;23-Jan-2026
133408;JM Aggressive Hybrid Fund (Regular) - Half Yearly IDCW;INF192K01HD4;INF192K01HE2;84.0875;;;23-Jan-2026
100220;JM Aggressive Hybrid Fund (Regular) - IDCW;INF192K01528;INF192K01536;32.2223;;;23-Jan-2026
133404;JM Aggressive Hybrid Fund (Regular) - Monthly IDCW;INF192K01HL7;INF192K01HM5;83.4189;;;23-Jan-2026
133405;JM Aggressive Hybrid Fund (Regular) - Quarterly IDCW;INF192K01HP8;INF192K01HQ6;29.7741;;;23-Jan-2026
100221;JM Aggressive Hybrid Fund (Regular) -Growth Option;INF192K01544;;115.2069;;;23-Jan-2026

LIC Mutual Fund
120261;LIC MF Aggressive Hybrid Fund-Direct Plan-Growth;INF767K01ED0;;218.8469;;;23-Jan-2026
120260;LIC MF Aggressive Hybrid Fund-Direct Plan-IDCW;INF767K01EC2;INF767K01EE8;21.3138;;;23-Jan-2026
100323;LIC MF Aggressive Hybrid Fund-Regular Plan-Growth;INF767K01030;;191.6945;;;23-Jan-2026
100321;LIC MF Aggressive Hybrid Fund-Regular Plan-IDCW;INF767K01022;INF767K01014;15.2228;;;23-Jan-2026

Mahindra Manulife Mutual Fund
147448;Mahindra Manulife Aggressive Hybrid Fund - Direct Plan - Monthly IDCW;INF174V01804;INF174V01796;22.0594;;;23-Jan-2026
147446;Mahindra Manulife Aggressive Hybrid Fund - Direct Plan -Growth;INF174V01788;;30.3265;;;23-Jan-2026
147447;Mahindra Manulife Aggressive Hybrid Fund - Regular Plan - Growth;INF174V01754;;26.9986;;;23-Jan-2026
147449;Mahindra Manulife Aggressive Hybrid Fund - Regular Plan - Monthly IDCW;INF174V01770;INF174V01762;19.1289;;;23-Jan-2026

Mirae Asset Mutual Fund
134813;Mirae Asset Aggressive Hybrid Fund - Direct Plan - Growth;INF769K01DH9;;38.166;;;23-Jan-2026
134814;Mirae Asset Aggressive Hybrid Fund - Direct Plan - IDCW;INF769K01DI7;INF769K01DJ5;21.113;;;23-Jan-2026
134815;Mirae Asset Aggressive Hybrid Fund - Regular Plan - Growth;INF769K01DE6;;32.491;;;23-Jan-2026
134816;Mirae Asset Aggressive Hybrid Fund - Regular Plan - IDCW;INF769K01DF3;INF769K01DG1;17.154;;;23-Jan-2026

Navi Mutual Fund
143163;Navi Aggressive Hybrid Fund - Direct Plan - Growth;INF959L01CX3;;23.0706;;;23-Jan-2026
143195;Navi Aggressive Hybrid Fund - Direct Plan Annual IDCW;INF959L01DG6;INF959L01DH4;22.9719;;;23-Jan-2026
143186;Navi Aggressive Hybrid Fund - Direct Plan Half Yearly IDCW;INF959L01DE1;INF959L01DF8;22.9688;;;23-Jan-2026
143192;Navi Aggressive Hybrid Fund - Direct Plan Monthly IDCW;INF959L01DA9;INF959L01DB7;22.9673;;;23-Jan-2026
143167;Navi Aggressive Hybrid Fund - Direct Plan Normal IDCW;INF959L01CY1;INF959L01CZ8;22.9687;;;23-Jan-2026
143185;Navi Aggressive Hybrid Fund - Direct Plan Quarterly IDCW;INF959L01DC5;INF959L01DD3;22.9677;;;23-Jan-2026
143162;Navi Aggressive Hybrid Fund - Regular Plan - Growth;INF959L01DI2;;20.0759;;;23-Jan-2026
143198;Navi Aggressive Hybrid Fund - Regular Plan Annual IDCW;INF959L01DR3;INF959L01DS1;20.0735;;;23-Jan-2026
143189;Navi Aggressive Hybrid Fund - Regular Plan Half Yearly IDCW;INF959L01DP7;INF959L01DQ5;20.0884;;;23-Jan-2026
143197;Navi Aggressive Hybrid Fund - Regular Plan Monthly IDCW;INF959L01DL6;INF959L01DM4;20.0753;;;23-Jan-2026
143166;Navi Aggressive Hybrid Fund - Regular Plan Normal IDCW;INF959L01DJ0;INF959L01DK8;20.077;;;23-Jan-2026
143199;Navi Aggressive Hybrid Fund - Regular Plan Quarterly IDCW;INF959L01DN2;INF959L01DO0;20.076;;;23-Jan-2026

quant Mutual Fund
101070;quant Aggressive Hybrid Fund - Growth Option - Regular Plan;INF966L01267;;404.7527;;;23-Jan-2026
120819;quant Aggressive Hybrid Fund-Growth Option-Direct Plan;INF966L01556;;443.8125;;;23-Jan-2026
101069;quant Aggressive Hybrid Fund-IDCW Option - Regular Plan;INF966L01242;INF966L01259;55.8265;;;23-Jan-2026
120818;quant Aggressive Hybrid Fund-IDCW Option-Direct Plan;INF966L01531;INF966L01549;61.4704;;;23-Jan-2026

SBI Mutual Fund
119609;SBI EQUITY HYBRID FUND - DIRECT PLAN - Growth;INF200K01RY0;;331.9141;;;23-Jan-2026
119604;SBI Equity Hybrid Fund - Direct Plan - Income Distribution cum Capital Withdrawal Option (IDCW);INF200K01RW4;INF200K01RX2;97.1246;;;23-Jan-2026
101551;SBI Equity Hybrid Fund - Regular Plan - Income Distribution cum Capital Withdrawal Option (IDCW);INF200K01115;INF200K01123;63.4563;;;23-Jan-2026
102885;SBI EQUITY HYBRID FUND - REGULAR PLAN -Growth;INF200K01107;;299.4556;;;23-Jan-2026

Union Mutual Fund
148592;Union Aggressive Hybrid Fund - Direct Plan - Growth Option;INF582M01GY0;;18.81;;;23-Jan-2026
148593;Union Aggressive Hybrid Fund - Direct Plan - IDCW Option;INF582M01HA8;INF582M01GZ7;18.23;;;23-Jan-2026
148591;Union Aggressive Hybrid Fund - Regular Plan - Growth Option;INF582M01HC4;;17.74;;;23-Jan-2026
148590;Union Aggressive Hybrid Fund - Regular Plan - IDCW Option;INF582M01HE0;INF582M01HD2;17.16;;;23-Jan-2026

Open Ended Schemes ( Hybrid Scheme - Dynamic Asset Allocation or Balanced Advantage )


Bajaj Finserv Mutual Fund
152194;Bajaj Finserv Balanced Advantage Fund-Direct Plan-Growth;INF0QA701656;;11.776;;;23-Jan-2026
152195;Bajaj Finserv Balanced Advantage Fund-Direct Plan-IDCW;INF0QA701664;INF0QA701672;11.776;;;23-Jan-2026
152196;Bajaj Finserv Balanced Advantage Fund-Regular Plan-Growth;INF0QA701680;;11.399;;;23-Jan-2026
152197;Bajaj Finserv Balanced Advantage Fund-Regular Plan-IDCW;INF0QA701698;INF0QA701706;11.399;;;23-Jan-2026

Bank of India Mutual Fund
127852;BANK OF INDIA BALANCED ADVANTAGE FUND  DIRECT PLAN IDCW;INF761K01BM0;INF761K01BN8;16.5979;;;23-Jan-2026
127851;BANK OF INDIA BALANCED ADVANTAGE FUND  REGULAR PLAN IDCW;INF761K01BP3;INF761K01BQ1;17.6517;;;23-Jan-2026
127850;BANK OF INDIA BALANCED ADVANTAGE FUND DIRECT PLAN  GROWTH;INF761K01BO6;;27.5015;;;23-Jan-2026
127849;BANK OF INDIA BALANCED ADVANTAGE FUND REGULAR PLAN  GROWTH;INF761K01BR9;;25.3004;;;23-Jan-2026

Baroda BNP Paribas Mutual Fund
145396;Baroda BNP Paribas Balanced Advantage Fund-Direct Plan-Growth Option;INF955L01HF7;;26.7943;;;23-Jan-2026
145397;Baroda BNP Paribas Balanced Advantage Fund-Direct Plan-IDCW Option;INF955L01HG5;INF955L01HH3;17.8408;;;23-Jan-2026
145387;Baroda BNP Paribas Balanced Advantage Fund-Regular Plan -Growth Option;INF955L01HC4;;24.3790;;;23-Jan-2026
145389;Baroda BNP Paribas Balanced Advantage Fund-Regular Plan-IDCW Option;INF955L01HD2;INF955L01HE0;16.1892;;;23-Jan-2026

DSP Mutual Fund
126393;DSP Dynamic Asset Allocation Fund - Direct Plan - Growth;INF740K01K81;;32.415;;;23-Jan-2026
126391;DSP Dynamic Asset Allocation Fund - Direct Plan - IDCW - Monthly;INF740K01K99;INF740K01L07;16.959;;;23-Jan-2026
126394;DSP Dynamic Asset Allocation Fund - Regular Plan - Growth;INF740K01K57;;28.111;;;23-Jan-2026
126392;DSP Dynamic Asset Allocation Fund - Regular Plan - IDCW - Monthly;INF740K01K65;INF740K01K73;14.274;;;23-Jan-2026

Franklin Templeton Mutual Fund
150480;Franklin India Balanced Advantage Fund- Growth;INF090I01WN2;;14.2319;;;23-Jan-2026
150481;Franklin India Balanced Advantage Fund- Growth- Direct;INF090I01WQ5;;15.0431;;;23-Jan-2026
150478;Franklin India Balanced Advantage Fund- IDCW;INF090I01WO0;INF090I01WP7;13.2363;;;23-Jan-2026
150479;Franklin India Balanced Advantage Fund- IDCW- Direct;INF090I01WR3;INF090I01WS1;13.4287;;;23-Jan-2026

Helios Mutual Fund
152509;Helios Balanced Advantage Fund- Direct Plan- Growth Option;INF0R8701145;;11.51;;;23-Jan-2026
152511;Helios Balanced Advantage Fund- Direct Plan-IDCW Option;INF0R8701152;INF0R8701160;11.51;;;23-Jan-2026
152512;Helios Balanced Advantage Fund- Regular Plan- Growth Option;INF0R8701111;;11.18;;;23-Jan-2026
152510;Helios Balanced Advantage Fund- Regular Plan-IDCW Option;INF0R8701129;INF0R8701137;11.18;;;23-Jan-2026

ICICI Prudential Mutual Fund
120377;ICICI Prudential Balanced Advantage Fund - Direct Plan -  Growth;INF109K012B0;;85.13;;;23-Jan-2026
120376;ICICI Prudential Balanced Advantage Fund - Direct Plan -  IDCW;INF109K010B4;INF109K011B2;28.90;;;23-Jan-2026
122236;ICICI Prudential Balanced Advantage Fund - Direct Plan - Monthly IDCW;INF109K016W7;INF109K015W9;26.93;;;23-Jan-2026
104685;ICICI Prudential Balanced Advantage Fund - Growth;INF109K01BH2;;76.09;;;23-Jan-2026
104686;ICICI Prudential Balanced Advantage Fund - IDCW;INF109K01EG8;INF109K01BG4;17.76;;;23-Jan-2026
122168;ICICI Prudential Balanced Advantage Fund - Monthly IDCW;INF109K018W3;INF109K017W5;22.44;;;23-Jan-2026

Invesco Mutual Fund
120333;Invesco India Balanced Advantage Fund - Direct Plan - Growth;INF205K01LN5;;63.65;;;23-Jan-2026
120332;Invesco India Balanced Advantage Fund - Direct Plan - IDCW (Payout / Reinvestment);INF205K01LL9;INF205K01LM7;22.99;;;23-Jan-2026
106317;Invesco India Balanced Advantage Fund - Regular Plan - Growth;INF205K01213;;53.34;;;23-Jan-2026
106316;Invesco India Balanced Advantage Fund - Regular Plan - IDCW (Payout / Reinvestment);INF205K01239;INF205K01221;18.52;;;23-Jan-2026

ITI Mutual Fund
147789;ITI Balanced Advantage Fund - Direct Plan - Growth Option;INF00XX01689;;16.0838;;;23-Jan-2026
147788;ITI Balanced Advantage Fund - Direct Plan - IDCW Option;INF00XX01697;INF00XX01705;13.9340;;;23-Jan-2026
147787;ITI Balanced Advantage Fund - Regular Plan - Growth Option;INF00XX01655;;14.2855;;;23-Jan-2026
147786;ITI Balanced Advantage Fund - Regular Plan - IDCW Option;INF00XX01663;INF00XX01671;12.1813;;;23-Jan-2026

LIC Mutual Fund
149261;LIC MF Balanced Advantage Fund-Direct Plan-Growth;INF767K01QY0;;14.2801;;;23-Jan-2026
149260;LIC MF Balanced Advantage Fund-Direct Plan-IDCW;INF767K01QZ7;INF767K01RA8;12.7757;;;23-Jan-2026
149259;LIC MF Balanced Advantage Fund-Regular Plan-Growth;INF767K01QV6;;13.3151;;;23-Jan-2026
149258;LIC MF Balanced Advantage Fund-Regular Plan-IDCW;INF767K01QW4;INF767K01QX2;12.0686;;;23-Jan-2026

Mahindra Manulife Mutual Fund
149406;Mahindra Manulife Balanced Advantage Fund - Direct Plan - Growth;INF174V01BE0;;15.3730;;;23-Jan-2026
149407;Mahindra Manulife Balanced Advantage Fund - Direct Plan - IDCW;INF174V01BF7;INF174V01BG5;13.1079;;;23-Jan-2026
149404;Mahindra Manulife Balanced Advantage Fund - Regular Plan - Growth;INF174V01BB6;;14.3069;;;23-Jan-2026
149405;Mahindra Manulife Balanced Advantage Fund - Regular Plan - IDCW;INF174V01BC4;INF174V01BD2;12.0929;;;23-Jan-2026

Mirae Asset Mutual Fund
150470;Mirae Asset Balanced Advantage Fund Direct Plan- Growth;INF769K01IN6;;14.962;;;23-Jan-2026
150471;Mirae Asset Balanced Advantage Fund Direct Plan- IDCW;INF769K01IM8;INF769K01IO4;14.952;;;23-Jan-2026
150474;Mirae Asset Balanced Advantage Fund Regular Plan IDCW;INF769K01IJ4;INF769K01IL0;14.253;;;23-Jan-2026
150473;Mirae Asset Balanced Advantage Fund Regular Plan- Growth;INF769K01IK2;;14.256;;;23-Jan-2026

NJ Mutual Fund
149264;NJ Balanced Advantage Fund - Direct Plan - Growth Option;INF0J8L01040;;14.12;;;23-Jan-2026
149265;NJ Balanced Advantage Fund - Direct Plan - IDCW Payout Option;INF0J8L01032;;14.12;;;23-Jan-2026
149266;NJ Balanced Advantage Fund - Regular Plan - Growth Option;INF0J8L01024;;13.36;;;23-Jan-2026
149263;NJ Balanced Advantage Fund - Regular Plan - IDCW Payout Option;INF0J8L01016;;13.36;;;23-Jan-2026

PGIM India Mutual Fund
148658;PGIM India Balanced Advantage Fund -  Direct Plan - Growth Option;INF663L01V49;;16.34;;;23-Jan-2026
148659;PGIM India Balanced Advantage Fund - Direct Plan - Dividend Option;INF663L01V56;INF663L01V64;11.78;;;23-Jan-2026
148660;PGIM India Balanced Advantage Fund - Regular Plan - Dividend Option;INF663L01V80;INF663L01V98;11.35;;;23-Jan-2026
148657;PGIM India Balanced Advantage Fund - Regular Plan - Growth Option;INF663L01V72;;14.99;;;23-Jan-2026

PPFAS Mutual Fund
152469;Parag Parikh Dynamic Asset Allocation Fund - Direct Plan - Monthly IDCW Reinvestment;;INF879O01282;10.5172;;;23-Jan-2026
152468;Parag Parikh Dynamic Asset Allocation Fund - Direct Plan Growth;INF879O01266;;11.4886;;;23-Jan-2026
152467;Parag Parikh Dynamic Asset Allocation Fund - Regular Plan - Monthly IDCW Reinvestment;;INF879O01258;10.3114;;;23-Jan-2026
152464;Parag Parikh Dynamic Asset Allocation Fund - Regular Plan Growth;INF879O01233;;11.4223;;;23-Jan-2026

quant Mutual Fund
151713;quant Dynamic Asset Allocation Fund - Growth Option - Direct Plan;INF966L01BL5;;16.13;;;23-Jan-2026
151714;quant Dynamic Asset Allocation Fund - Growth Option - Regular Plan;INF966L01BO9;;15.4631;;;23-Jan-2026
151712;quant Dynamic Asset Allocation Fund - IDCW Option - Direct Plan;INF966L01BM3;INF966L01BN1;16.1249;;;23-Jan-2026
151715;quant Dynamic Asset Allocation Fund - IDCW Option - Regular Plan;INF966L01BP6;INF966L01BQ4;15.4646;;;23-Jan-2026

Samco Mutual Fund
152188;Samco Dynamic Asset Allocation Fund - Direct Plan - Growth Option;INF0K1H01131;;10.45;;;23-Jan-2026
152186;Samco Dynamic Asset Allocation Fund - Direct Plan - IDCW Option;INF0K1H01149;INF0K1H01156;10.44;;;23-Jan-2026
152187;Samco Dynamic Asset Allocation Fund - Regular Plan - Growth Option;INF0K1H01099;;10.10;;;23-Jan-2026
152185;Samco Dynamic Asset Allocation Fund - Regular Plan - IDCW Option;INF0K1H01107;INF0K1H01115;10.10;;;23-Jan-2026

SBI Mutual Fund
149134;SBI Balanced Advantage Fund - Direct Plan - Growth;INF200KA1Y73;;16.4392;;;23-Jan-2026
149135;SBI Balanced Advantage Fund - Direct Plan - Income Distribution cum Capital Withdrawal Option (IDCW);INF200KA1Y81;INF200KA1Y99;16.4395;;;23-Jan-2026
149132;SBI Balanced Advantage Fund - Regular Plan - Growth;INF200KA1Y40;;15.7547;;;23-Jan-2026
149133;SBI Balanced Advantage Fund - Regular Plan - Income Distribution cum Capital Withdrawal Option (IDCW);INF200KA1Y57;INF200KA1Y65;15.7549;;;23-Jan-2026

Unifi Mutual Fund
153376;Unifi Dynamic Asset Allocation Fund - Direct Growth;INF1MIY01015;;10.7097;;;23-Jan-2026
153377;Unifi Dynamic Asset Allocation Fund - Regular Growth;INF1MIY01023;;10.6549;;;23-Jan-2026

Union Mutual Fund
142038;Union Balanced Advantage Fund - Direct Plan - Growth Option;INF582M01DE9;;21.76;;;23-Jan-2026
142037;Union Balanced Advantage Fund - Direct Plan - IDCW Option;INF582M01DG4;INF582M01DF6;21.09;;;23-Jan-2026
142035;Union Balanced Advantage Fund - Regular Plan - Growth Option;INF582M01DI0;;20.07;;;23-Jan-2026
142036;Union Balanced Advantage Fund - Regular Plan - IDCW Option;INF582M01DK6;INF582M01DJ8;19.40;;;23-Jan-2026

WhiteOak Capital Mutual Fund
151267;WhiteOak Capital Balanced Advantage Fund Direct Plan Growth;INF03VN01738;;14.976;;;23-Jan-2026
151268;WhiteOak Capital Balanced Advantage Fund Regular Plan Growth;INF03VN01720;;14.288;;;23-Jan-2026

Open Ended Schemes ( Hybrid Scheme - Multi Asset Allocation )


360 ONE Mutual Fund
153774;360 ONE Multi Asset Allocation Fund - Direct Plan - Growth;INF579M01BM2;;12.0185;;;23-Jan-2026
153773;360 ONE Multi Asset Allocation Fund - Direct Plan - IDCW;INF579M01BN0;INF579M01BO8;12.0185;;;23-Jan-2026
153772;360 ONE Multi Asset Allocation Fund - Regular Plan - Growth;INF579M01BJ8;;11.9362;;;23-Jan-2026
153775;360 ONE Multi Asset Allocation Fund - Regular Plan - IDCW;INF579M01BK6;INF579M01BL4;11.9362;;;23-Jan-2026

Bajaj Finserv Mutual Fund
152639;Bajaj Finserv Multi Asset Allocation Fund - Direct Growth;INF0QA701821;;12.7891;;;23-Jan-2026
152641;Bajaj Finserv Multi Asset Allocation Fund - Direct IDCW;INF0QA701839;INF0QA701847;12.7891;;;23-Jan-2026
152642;Bajaj Finserv Multi Asset Allocation Fund - Regular Growth;INF0QA701797;;12.4719;;;23-Jan-2026
152640;Bajaj Finserv Multi Asset Allocation Fund - Regular IDCW;INF0QA701805;INF0QA701813;12.4719;;;23-Jan-2026

Bank of India Mutual Fund
152396;Bank of India Multi Asset Allocation Fund-Direct Plan-Growth;INF761K01FZ3;;12.3667;;;23-Jan-2026
152399;Bank of India Multi Asset Allocation Fund-Direct Plan-IDCW;INF761K01GA4;INF761K01GB2;12.3640;;;23-Jan-2026
152398;Bank of India Multi Asset Allocation Fund-Regular Plan-Growth;INF761K01FW0;;12.1305;;;23-Jan-2026
152395;Bank of India Multi Asset Allocation Fund-Regular Plan-IDCW;INF761K01FX8;INF761K01FY6;12.1316;;;23-Jan-2026

Baroda BNP Paribas Mutual Fund
150865;Baroda BNP Paribas Multi Asset Fund - Direct Plan - Growth Option;INF251K01RF2;;16.5320;;;23-Jan-2026
150866;Baroda BNP Paribas Multi Asset Fund - Direct Plan - IDCW Option;INF251K01RG0;INF251K01RH8;16.0621;;;23-Jan-2026
150863;Baroda BNP Paribas Multi Asset Fund - Regular Plan - Growth Option;INF251K01RC9;;15.8320;;;23-Jan-2026
150864;Baroda BNP Paribas Multi Asset Fund - Regular Plan - IDCW Option;INF251K01RD7;INF251K01RE5;15.1170;;;23-Jan-2026

Franklin Templeton Mutual Fund
153732;Franklin India Multi Asset Allocation Fund- Direct- IDCW;INF090I01YJ6;INF090I01YI8;11.0347;;;23-Jan-2026
153731;Franklin India Multi Asset Allocation Fund- Direct-Growth;INF090I01YH0;;11.0347;;;23-Jan-2026
153733;Franklin India Multi Asset Allocation Fund- Growth;INF090I01YM0;;10.9450;;;23-Jan-2026
153730;Franklin India Multi Asset Allocation Fund- IDCW;INF090I01YL2;INF090I01YK4;10.9450;;;23-Jan-2026

Groww Mutual Fund
153821;Groww Multi Asset Allocation Fund Direct Growth;INF666M01MA9;;10.4355;;;23-Jan-2026
153852;Groww Multi Asset Allocation Fund Direct IDCW;INF666M01MB7;INF666M01MC5;10.4327;;;23-Jan-2026
153851;Groww Multi Asset Allocation Fund Regular Growth;INF666M01MD3;;10.3749;;;23-Jan-2026
153850;Groww Multi Asset Allocation Fund Regular IDCW;INF666M01ME1;INF666M01MF8;10.3751;;;23-Jan-2026

LIC Mutual Fund
153246;LIC MF Multi Asset Allocation Fund-Direct Plan-Growth;INF767K01RZ5;;12.2087;;;23-Jan-2026
153247;LIC MF Multi Asset Allocation Fund-Direct Plan-IDCW;INF767K01RY8;INF767K01RX0;12.2087;;;23-Jan-2026
153248;LIC MF Multi Asset Allocation Fund-Regular Plan-Growth;INF767K01RW2;;12.0209;;;23-Jan-2026
153249;LIC MF Multi Asset Allocation Fund-Regular Plan-IDCW;INF767K01RV4;INF767K01RU6;12.0209;;;23-Jan-2026

Mahindra Manulife Mutual Fund
152445;Mahindra Manulife Multi Asset Allocation Fund - Direct Plan - IDCW;INF174V01BX0;INF174V01BY8;13.5469;;;23-Jan-2026
152444;Mahindra Manulife Multi Asset allocation Fund - Regular Plan - IDCW;INF174V01BU6;INF174V01BV4;13.1350;;;23-Jan-2026
152443;Mahindra Manulife Multi Asset Allocation Fund- Direct Plan - Growth;INF174V01BW2;;13.8606;;;23-Jan-2026
152441;Mahindra Manulife Multi Asset Allocation Fund- Regular Plan - Growth;INF174V01BT8;;13.4444;;;23-Jan-2026

Mirae Asset Mutual Fund
152344;Mirae Asset Multi Asset Allocation Fund - Direct Plan - Growth;INF769K01KZ6;;13.683;;;23-Jan-2026
152345;Mirae Asset Multi Asset Allocation Fund - Direct Plan - IDCW;INF769K01LA7;INF769K01LB5;13.682;;;23-Jan-2026
152347;Mirae Asset Multi Asset Allocation Fund - Regular Plan - Growth;INF769K01KW3;;13.259;;;23-Jan-2026
152346;Mirae Asset Multi Asset Allocation Fund - Regular Plan - IDCW;INF769K01KX1;INF769K01KY9;13.256;;;23-Jan-2026

PGIM India Mutual Fund
153987;PGIM India Multi Asset Allocation Fund - Direct Plan - Growth Option;INF663L010A3;;10.52;;;23-Jan-2026
153990;PGIM India Multi Asset Allocation Fund - Direct Plan - IDCW Option;INF663L011A1;INF663L012A9;10.52;;;23-Jan-2026
153988;PGIM India Multi Asset Allocation Fund - Regular Plan - Growth Option;INF663L013A7;;10.49;;;23-Jan-2026
153989;PGIM India Multi Asset Allocation Fund - Regular Plan - IDCW Option;INF663L014A5;INF663L015A2;10.49;;;23-Jan-2026

quant Mutual Fund
120820;quant Multi Asset Allocation Fund - IDCW Option - Direct Plan;INF966L01564;INF966L01572;158.6875;;;23-Jan-2026
101071;quant Multi Asset Allocation Fund - IDCW Option - Regular Plan;INF966L01184;INF966L01192;146.2016;;;23-Jan-2026
101072;quant Multi Asset Allocation Fund-GROWTH OPTION - Regular Plan;INF966L01200;;159.4883;;;23-Jan-2026
120821;quant Multi Asset Allocation Fund-GROWTH OPTION-Direct Plan;INF966L01580;;172.1878;;;23-Jan-2026

Quantum Mutual Fund
152474;Quantum Multi Asset Allocation Fund - Direct Plan Growth Option;INF082J01457;;12.61;;;23-Jan-2026
152475;Quantum Multi Asset Allocation Fund - Regular Plan Growth Option;INF082J01465;;12.24;;;23-Jan-2026

SBI Mutual Fund
119840;SBI Multi Asset Allocation Fund - Direct Plan - Annual Income Distribution cum Capital Withdrawal Option (IDCW);INF200K01TX8;INF200K01TY6;41.9648;;;23-Jan-2026
119843;SBI MULTI ASSET ALLOCATION FUND - DIRECT PLAN - GROWTH;INF200K01TZ3;;73.6556;;;23-Jan-2026
119841;SBI Multi Asset Allocation Fund - Direct Plan - Monthly Income Distribution cum Capital Withdrawal Option (IDCW);INF200K01UA4;INF200K01UB2;33.0741;;;23-Jan-2026
119842;SBI Multi Asset Allocation Fund - Direct Plan - Quarterly Income Distribution cum Capital Withdrawal Option (IDCW);INF200K01UC0;INF200K01UD8;34.9861;;;23-Jan-2026
103409;SBI Multi Asset Allocation Fund - Regular Plan - Annual Income Distribution cum Capital Withdrawal Option (IDCW);INF200K01784;INF200K01792;37.4012;;;23-Jan-2026
103408;SBI MULTI ASSET ALLOCATION FUND - REGULAR PLAN - GROWTH;INF200K01800;;66.1404;;;23-Jan-2026
103400;SBI Multi Asset Allocation Fund - Regular Plan - Monthly Income Distribution cum Capital Withdrawal Option (IDCW);INF200K01818;INF200K01826;29.5754;;;23-Jan-2026
103401;SBI Multi Asset Allocation Fund - Regular Plan - Quarterly Income Distribution cum Capital Withdrawal Option (IDCW);INF200K01834;INF200K01842;29.5465;;;23-Jan-2026

The Wealth Company Mutual Fund
153999;The Wealth Company Multi Asset Allocation Fund - Direct Growth;INF2F0001347;;10.3822;;;23-Jan-2026
154000;The Wealth Company Multi Asset Allocation Fund - Direct IDCW;INF2F0001354;INF2F0001362;10.3818;;;23-Jan-2026
154002;The Wealth Company Multi Asset Allocation Fund - Regular Growth;INF2F0001313;;10.3609;;;23-Jan-2026
154001;The Wealth Company Multi Asset Allocation Fund - Regular IDCW;INF2F0001321;INF2F0001339;10.3533;;;23-Jan-2026

Union Mutual Fund
152787;Union Multi Asset Allocation Fund- Direct Plan - Growth Option;INF582M01JY4;;12.27;;;23-Jan-2026
152784;Union Multi Asset Allocation Fund- Direct Plan - IDCW Option;INF582M01JZ1;INF582M01KA2;12.27;;;23-Jan-2026
152786;Union Multi Asset Allocation Fund- Regular Plan - Growth Option;INF582M01JU2;;12.07;;;23-Jan-2026
152785;Union Multi Asset Allocation Fund- Regular Plan - IDCW Option;INF582M01JV0;INF582M01JW8;12.07;;;23-Jan-2026

Open Ended Schemes ( Hybrid Scheme - Arbitrage Fund )


Bajaj Finserv Mutual Fund
152080;Bajaj Finserv Arbitrage Fund- Direct Plan-IDCW;INF0QA701532;INF0QA701540;11.780;;;23-Jan-2026
152078;Bajaj Finserv Arbitrage Fund- Regular Plan-Growth;INF0QA701490;;11.587;;;23-Jan-2026
152077;Bajaj Finserv Arbitrage Fund-Direct Plan-Growth;INF0QA701524;;11.780;;;23-Jan-2026
152079;Bajaj Finserv Arbitrage Fund-Regular Plan-IDCW;INF0QA701508;INF0QA701516;11.587;;;23-Jan-2026

Bank of India Mutual Fund
143613;BANK OF INDIA Arbitrage Fund Direct Plan Annual IDCW;INF761K01EI2;INF761K01EJ0;13.4589;;;23-Jan-2026
143614;BANK OF INDIA Arbitrage Fund Direct Plan Growth;INF761K01ED3;;14.8885;;;23-Jan-2026
143615;BANK OF INDIA Arbitrage Fund Direct Plan Monthly IDCW;INF761K01EE1;INF761K01EF8;13.4174;;;23-Jan-2026
143616;BANK OF INDIA Arbitrage Fund Direct Plan Quarterly IDCW;INF761K01EG6;INF761K01EH4;14.1457;;;23-Jan-2026
143620;BANK OF INDIA Arbitrage Fund Regular Growth;INF761K01DW5;;14.2274;;;23-Jan-2026
143617;BANK OF INDIA Arbitrage Fund Regular Plan IDCW Annual IDCW;INF761K01EB7;INF761K01EC5;13.1465;;;23-Jan-2026
143618;BANK OF INDIA Arbitrage Fund Regular Plan IDCW Monthly IDCW;INF761K01DX3;INF761K01DY1;12.8936;;;23-Jan-2026
143619;BANK OF INDIA Arbitrage Fund Regular Plan IDCW Quarterly IDCW;INF761K01DZ8;INF761K01EA9;13.6115;;;23-Jan-2026

Baroda BNP Paribas Mutual Fund
150252;BARODA BNP PARIBAS ARBITRAGE FUND -DIRECT PLAN - ADHOC IDCW OPTION;INF251K01OV6;INF251K01OU8;11.9887;;;23-Jan-2026
150255;BARODA BNP PARIBAS ARBITRAGE FUND DIRECT PLAN MONTHLY IDCW Option;INF251K01PF6;INF251K01PE9;10.8513;;;23-Jan-2026
150256;BARODA BNP PARIBAS ARBITRAGE FUND DIRECT PLAN QUARTERLY IDCW Option;INF251K01PJ8;INF251K01PI0;10.8940;;;23-Jan-2026
150254;BARODA BNP PARIBAS ARBITRAGE FUND REGULAR PLAN MONTHLY IDCW Option;INF251K01PD1;INF251K01PC3;10.5016;;;23-Jan-2026
150257;BARODA BNP PARIBAS ARBITRAGE FUND REGULAR PLAN QUARTERLY IDCW Option;INF251K01PH2;INF251K01PG4;10.6724;;;23-Jan-2026
150250;BARODA BNP PARIBAS ARBITRAGE FUND- REGULAR PLAN- GROWTH OPTION;INF251K01ON3;;16.5736;;;23-Jan-2026
150251;BARODA BNP PARIBAS ARBITRAGE FUND-DIRECT PLAN-GROWTH OPTION;INF251K01OT0;;17.5859;;;23-Jan-2026
150253;BARODA BNP PARIBAS ARBITRAGE FUND-REGULAR PLAN- ADHOC IDCW OPTION;INF251K01OP8;INF251K01OO1;11.5393;;;23-Jan-2026

DSP Mutual Fund
142283;DSP Arbitrage Fund - Direct - Growth;INF740KA1DN4;;16.205;;;23-Jan-2026
142279;DSP Arbitrage Fund - Direct - IDCW;INF740KA1DO2;INF740KA1DP9;12.828;;;23-Jan-2026
142281;DSP Arbitrage Fund - Direct - IDCW - Monthly;INF740KA1DQ7;INF740KA1DR5;13.159;;;23-Jan-2026
142282;DSP Arbitrage Fund - Regular - Growth;INF740KA1DI4;;15.422;;;23-Jan-2026
142280;DSP Arbitrage Fund - Regular - IDCW;INF740KA1DJ2;INF740KA1DK0;12.257;;;23-Jan-2026
142278;DSP Arbitrage Fund - Regular - IDCW - Monthly;INF740KA1DL8;INF740KA1DM6;11.848;;;23-Jan-2026

Franklin Templeton Mutual Fund
153043;Franklin India Arbitrage Fund - Direct - Growth;INF090I01XS9;;10.8765;;;23-Jan-2026
153041;Franklin India Arbitrage Fund - Direct - IDCW;INF090I01XU5;INF090I01XT7;10.8765;;;23-Jan-2026
153042;Franklin India Arbitrage Fund - Growth;INF090I01XP5;;10.7845;;;23-Jan-2026
153044;Franklin India Arbitrage Fund - IDCW;INF090I01XR1;INF090I01XQ3;10.7845;;;23-Jan-2026

ICICI Prudential Mutual Fund
120364;ICICI Prudential Equity Arbitrage Fund - Direct Plan - Growth;INF109K016O4;;38.1273;;;23-Jan-2026
120365;ICICI Prudential Equity Arbitrage Fund - Direct Plan - IDCW;INF109K017O2;INF109K015O6;17.5756;;;23-Jan-2026
104683;ICICI Prudential Equity Arbitrage Fund - Growth;INF109K01BF6;;35.4497;;;23-Jan-2026
104681;ICICI Prudential Equity Arbitrage Fund - IDCW;INF109K01EF0;INF109K01BE9;15.2749;;;23-Jan-2026

Invesco Mutual Fund
130787;Invesco India Arbitrage Fund - Direct Plan - Annual Bonus;INF205K01P68;;35.7975;;;23-Jan-2026
120401;Invesco India Arbitrage Fund - Direct Plan - Growth Option;INF205K01KR8;;35.8085;;;23-Jan-2026
120400;Invesco India Arbitrage Fund - Direct Plan - IDCW (Payout / Reinvestment);INF205K01KP2;INF205K01KQ0;19.4446;;;23-Jan-2026
105603;Invesco India Arbitrage Fund - Regular Plan - Growth Option;INF205K01122;;32.9888;;;23-Jan-2026
105604;Invesco India Arbitrage Fund - Regular Plan - IDCW (Payout / Reinvestment);INF205K01148;INF205K01130;17.6056;;;23-Jan-2026

ITI Mutual Fund
147617;ITI Arbitrage Fund - Direct Plan - Growth Option;INF00XX01440;;14.0500;;;23-Jan-2026
147615;ITI Arbitrage Fund - Direct Plan - IDCW Option;INF00XX01457;INF00XX01465;14.0500;;;23-Jan-2026
147618;ITI Arbitrage Fund - Regular Plan - Growth Option;INF00XX01416;;13.3989;;;23-Jan-2026
147616;ITI Arbitrage Fund - Regular Plan - IDCW Option;INF00XX01424;INF00XX01432;13.3989;;;23-Jan-2026

JM Financial Mutual Fund
133395;JM Arbitrage Fund (Direct) - Annual Bonus Option - Principal Units;INF192K01GX4;;18.4924;;;23-Jan-2026
135173;JM Arbitrage Fund (Direct) - Annual IDCW;INF192K01KY4;INF192K01KZ1;16.3835;;;23-Jan-2026
130604;JM Arbitrage Fund (Direct) - Bonus Option - Principal Units;INF192K01GL9;;19.2671;;;23-Jan-2026
120482;JM Arbitrage Fund (Direct) - Growth Option;INF192K01BN6;;36.0028;;;23-Jan-2026
135171;JM Arbitrage Fund (Direct) - Half Yearly IDCW;INF192K01KU2;INF192K01KV0;16.6519;;;23-Jan-2026
135172;JM Arbitrage Fund (Direct) - Monthly IDCW;INF192K01KM9;INF192K01KN7;14.5382;;;23-Jan-2026
135174;JM Arbitrage Fund (Direct) - Quarterly IDCW;INF192K01KQ0;INF192K01KR8;17.1079;;;23-Jan-2026
120481;JM Arbitrage Fund (Direct)- IDCW;INF192K01BL0;INF192K01BM8;16.9658;;;23-Jan-2026
135167;JM Arbitrage Fund (Regular) - Annual IDCW;INF192K01KW8;INF192K01KX6;14.8579;;;23-Jan-2026
130603;JM Arbitrage Fund (Regular) - Bonus Option - Principal Units;INF192K01GJ3;;18.2832;;;23-Jan-2026
103780;JM Arbitrage Fund (Regular) - Growth Option;INF192K01510;;33.6305;;;23-Jan-2026
135170;JM Arbitrage Fund (Regular) - Half Yearly IDCW;INF192K01KS6;INF192K01KT4;14.9657;;;23-Jan-2026
103781;JM Arbitrage Fund (Regular) - IDCW ;INF192K01494;INF192K01502;15.6091;;;23-Jan-2026
135168;JM Arbitrage Fund (Regular) - Monthly IDCW;INF192K01KK3;INF192K01KL1;13.2222;;;23-Jan-2026
135169;JM Arbitrage Fund (Regular) - Quarterly IDCW;INF192K01KO5;INF192K01KP2;15.1875;;;23-Jan-2026

LIC Mutual Fund
145895;LIC MF Arbitrage Fund-Direct Plan-Growth;INF767K01PP0;;14.951;;;23-Jan-2026
145894;LIC MF Arbitrage Fund-Direct Plan-Monthly IDCW;INF767K01PR6;INF767K01PS4;13.5927;;;23-Jan-2026
145891;LIC MF Arbitrage Fund-Direct Plan-Weekly IDCW;;INF767K01PQ8;14.0494;;;23-Jan-2026
145890;LIC MF Arbitrage Fund-Regular Plan-Growth;INF767K01PL9;;14.2466;;;23-Jan-2026
145892;LIC MF Arbitrage Fund-Regular Plan-Monthly IDCW;INF767K01PN5;INF767K01PO3;13.919;;;23-Jan-2026
145893;LIC MF Arbitrage Fund-Regular Plan-Weekly IDCW;;INF767K01PM7;13.8303;;;23-Jan-2026

Mahindra Manulife Mutual Fund
148470;Mahindra Manulife Arbitrage Fund - Direct Plan - IDCW;INF174V01AC6;INF174V01AB8;13.2812;;;23-Jan-2026
148468;Mahindra Manulife Arbitrage Fund - Direct Plan -Growth;INF174V01AA0;;13.2812;;;23-Jan-2026
148467;Mahindra Manulife Arbitrage Fund - Regular Plan - Growth;INF174V01978;;12.7052;;;23-Jan-2026
148469;Mahindra Manulife Arbitrage Fund - Regular Plan - IDCW;INF174V01994;INF174V01986;12.7052;;;23-Jan-2026

Mirae Asset Mutual Fund
148401;Mirae Asset Arbitrage Fund Direct Growth;INF769K01FS1;;14.013;;;23-Jan-2026
148402;Mirae Asset Arbitrage Fund Direct IDCW;INF769K01FR3;INF769K01FT9;13.994;;;23-Jan-2026
148400;Mirae Asset Arbitrage Fund Regular Growth;INF769K01FP7;;13.447;;;23-Jan-2026
148403;Mirae Asset Arbitrage Fund Regular IDCW;INF769K01FO0;INF769K01FQ5;13.447;;;23-Jan-2026

NJ Mutual Fund
150367;NJ Arbitrage Fund - Direct Plan - Growth Option;INF0J8L01065;;12.6547;;;23-Jan-2026
150366;NJ Arbitrage Fund - Regular Plan - Growth Option;INF0J8L01057;;12.3485;;;23-Jan-2026

Old Bridge Mutual Fund
153981;Old Bridge Arbitrage Fund - Direct - IDCW;INF0S5R01075;INF0S5R01083;10.1351;;;23-Jan-2026
153979;Old Bridge Arbitrage Fund Direct Growth;INF0S5R01125;;10.1351;;;23-Jan-2026
153977;Old Bridge Arbitrage Fund Regular Growth;INF0S5R01091;;10.1178;;;23-Jan-2026
153980;Old Bridge Arbitrage Fund Regular IDCW;INF0S5R01109;INF0S5R01117;10.1178;;;23-Jan-2026

PGIM India Mutual Fund
138875;PGIM India Arbitrage Fund - Direct Plan - Growth;INF223J013N7;;20.2926;;;23-Jan-2026
138878;PGIM India Arbitrage Fund - Direct Plan - Monthly Dividend;INF223J011N1;INF223J016N0;11.4086;;;23-Jan-2026
138877;PGIM India Arbitrage Fund - Direct Plan - Regular Dividend;INF223J019M6;INF223J014N5;12.6941;;;23-Jan-2026
138876;PGIM India Arbitrage Fund - Regular Plan - Growth;INF223J019N4;;18.9142;;;23-Jan-2026
138883;PGIM India Arbitrage Fund - Regular Plan - Monthly Dividend;INF223J011M3;INF223J015M4;11.2199;;;23-Jan-2026
138887;PGIM India Arbitrage Fund - Regular Plan - Regular Dividend;INF223J019L8;INF223J013M9;11.9569;;;23-Jan-2026

PPFAS Mutual Fund
152109;Parag Parikh Arbitrage Fund - Direct Plan Growth;INF879O01225;;11.6736;;;23-Jan-2026
152110;Parag Parikh Arbitrage Fund - Regular Plan Growth;INF879O01217;;11.5830;;;23-Jan-2026

quant Mutual Fund
153426;quant Arbitrage Fund - Growth Option - Direct Plan;INF966L01DW8;;10.5928;;;23-Jan-2026
153428;quant Arbitrage Fund - Growth Option - Regular Plan;INF966L01DZ1;;10.5444;;;23-Jan-2026
153427;quant Arbitrage Fund - IDCW Option - Direct Plan;INF966L01DX6;INF966L01DY4;10.5876;;;23-Jan-2026
153429;quant Arbitrage Fund - IDCW Option - Regular Plan;INF966L01EA2;INF966L01EB0;10.5446;;;23-Jan-2026

Samco Mutual Fund
153090;Samco Arbitrage Fund - Direct Plan - Growth;INF0K1H01214;;10.63;;;23-Jan-2026
153091;Samco Arbitrage Fund - Regular Plan - Growth;INF0K1H01222;;10.50;;;23-Jan-2026

SBI Mutual Fund
119574;SBI Arbitrage Opportunities Fund - Direct Plan - Gr;INF200K01QU0;;37.2635;;;23-Jan-2026
119567;SBI Arbitrage Opportunities Fund - Direct Plan - Income Distribution cum Capital Withdrawal Option (IDCW);INF200K01QS4;INF200K01QT2;20.1340;;;23-Jan-2026
104457;SBI Arbitrage Opportunities Fund - Regular Plan - Gr;INF200K01156;;34.9511;;;23-Jan-2026
104458;SBI Arbitrage Opportunities Fund - Regular Plan - Income Distribution cum Capital Withdrawal Option (IDCW);INF200K01131;INF200K01149;18.3804;;;23-Jan-2026

The Wealth Company Mutual Fund
153891;THE WEALTH COMPANY ARBITRAGE FUND DIRECT GROWTH;INF2F0001271;;10.1853;;;23-Jan-2026
153893;THE WEALTH COMPANY ARBITRAGE FUND DIRECT IDCW;INF2F0001263;INF2F0001255;10.1848;;;23-Jan-2026
153892;THE WEALTH COMPANY ARBITRAGE FUND REGULAR GROWTH;INF2F0001305;;10.1674;;;23-Jan-2026
153894;THE WEALTH COMPANY ARITRAGE FUND REGULAR IDCW;INF2F0001289;INF2F0001297;10.1673;;;23-Jan-2026

Trust Mutual Fund
153804;TRUSTMF ARBITRAGE FUND -DIRECT PLAN-GROWTH;INF0GCD01859;;10.265;;;23-Jan-2026
153805;TRUSTMF ARBITRAGE FUND -REGULAR PLAN-GROWTH;INF0GCD01867;;10.2314;;;23-Jan-2026

Union Mutual Fund
146297;Union Arbitrage Fund - Direct Plan - Growth Option;INF582M01ES7;;15.0294;;;23-Jan-2026
146296;Union Arbitrage Fund - Direct Plan - IDCW Option;INF582M01EU3;INF582M01ET5;14.6727;;;23-Jan-2026
146294;Union Arbitrage Fund - Regular Plan - Growth Option;INF582M01EW9;;14.4745;;;23-Jan-2026
146295;Union Arbitrage Fund - Regular Plan - IDCW Option;INF582M01EY5;INF582M01EX7;14.1333;;;23-Jan-2026

WhiteOak Capital Mutual Fund
152849;WhiteOak Capital Arbitrage Fund Direct Plan Growth;INF03VN01910;;11.027;;;23-Jan-2026
152850;WhiteOak Capital Arbitrage Fund Regular Plan Growth;INF03VN01928;;10.914;;;23-Jan-2026

Open Ended Schemes ( Hybrid Scheme - Equity Savings )


Bajaj Finserv Mutual Fund
153770;BAJAJ FINSERV EQUITY SAVINGS FUND -  DIRECT - IDCW;INF0QA701BU7;INF0QA701BV5;10.195;;;23-Jan-2026
153758;BAJAJ FINSERV EQUITY SAVINGS FUND - DIRECT - GROWTH;INF0QA701BT9;;10.195;;;23-Jan-2026
153769;BAJAJ FINSERV EQUITY SAVINGS FUND - REGULAR - GROWTH;INF0QA701BQ5;;10.151;;;23-Jan-2026
153771;BAJAJ FINSERV EQUITY SAVINGS FUND - REGULAR - IDCW;INF0QA701BR3;INF0QA701BS1;10.151;;;23-Jan-2026

Baroda BNP Paribas Mutual Fund
147496;Baroda BNP Paribas Equity Savings Fund - Direct Plan - Growth;INF955L01IL3;;18.0740;;;23-Jan-2026
147498;Baroda BNP Paribas Equity Savings Fund - Direct Plan - IDCW;;INF955L01IN9;14.5326;;;23-Jan-2026
147494;Baroda BNP Paribas Equity Savings Fund - Regular Plan - Growth;INF955L01II9;;16.8401;;;23-Jan-2026
147495;Baroda BNP Paribas Equity Savings Fund - Regular Plan - IDCW;;INF955L01IK5;13.5435;;;23-Jan-2026

DSP Mutual Fund
136567;DSP Equity Savings Fund - Direct Plan - Growth;INF740KA1504;;24.855;;;23-Jan-2026
136568;DSP Equity Savings Fund - Direct Plan - IDCW;INF740KA1512;INF740KA1520;14.285;;;23-Jan-2026
136569;DSP Equity Savings Fund - Direct Plan - IDCW - Monthly;INF740KA1538;INF740KA1546;17.478;;;23-Jan-2026
136570;DSP Equity Savings Fund - Direct Plan - IDCW - Quarterly;INF740KA1553;INF740KA1561;17.323;;;23-Jan-2026
136563;DSP Equity Savings Fund - Regular Plan - Growth;INF740KA1439;;22.069;;;23-Jan-2026
136564;DSP Equity Savings Fund - Regular Plan - IDCW;INF740KA1447;INF740KA1454;12.813;;;23-Jan-2026
136565;DSP Equity Savings Fund - Regular Plan - IDCW - Monthly;INF740KA1462;INF740KA1470;13.821;;;23-Jan-2026
136566;DSP Equity Savings Fund - Regular Plan - IDCW - Quarterly;INF740KA1488;INF740KA1496;13.75;;;23-Jan-2026

Edelweiss Mutual Fund
140350;Edelweiss Equity Savings Fund - Direct Plan - Bonus Option;INF843K01KD6;;28.6308;;;23-Jan-2026
140347;Edelweiss Equity Savings Fund - Direct Plan - Growth Option;INF843K01KC8;;28.6183;;;23-Jan-2026
140348;Edelweiss Equity Savings Fund - Direct Plan - IDCW Option;INF843K01KE4;INF843K01KF1;20.8032;;;23-Jan-2026
141933;Edelweiss Equity Savings Fund - Direct Plan - Monthly - IDCW Option;INF754K01IN8;INF754K01IO6;16.2701;;;23-Jan-2026
140351;Edelweiss Equity Savings Fund - Regular Plan - Growth Option;INF843K01KG9;;25.7947;;;23-Jan-2026
140349;Edelweiss Equity Savings Fund - Regular Plan - IDCW Option;INF843K01KI5;INF843K01KJ3;17.8278;;;23-Jan-2026
141934;Edelweiss Equity Savings Fund - Regular Plan - Monthly - IDCW Option;INF754K01IP3;INF754K01IQ1;14.2210;;;23-Jan-2026

Franklin Templeton Mutual Fund
144462;Franklin India Equity Savings Fund - Direct - IDCW ;INF090I01PC9;INF090I01PB1;14.9757;;;23-Jan-2026
144465;Franklin India Equity Savings Fund - Direct - Monthly - IDCW;INF090I01PH8;INF090I01PG0;13.9457;;;23-Jan-2026
144467;Franklin India Equity Savings Fund - Direct - Quarterly - IDCW;INF090I01PL0;INF090I01PK2;14.0058;;;23-Jan-2026
144468;Franklin India Equity Savings Fund - IDCW ;INF090I01OZ3;INF090I01OY6;13.6998;;;23-Jan-2026
144464;Franklin India Equity Savings Fund - Monthly - IDCW;INF090I01PF2;INF090I01PE5;13.3650;;;23-Jan-2026
144463;Franklin India Equity Savings Fund - Quarterly - IDCW;INF090I01PJ4;INF090I01PI6;12.4116;;;23-Jan-2026
144461;Franklin India Equity Savings Fund- Growth;INF090I01PA3;;16.7153;;;23-Jan-2026
144466;Franklin India Equity Savings Fund- Growth Direct;INF090I01PD7;;18.3459;;;23-Jan-2026

ICICI Prudential Mutual Fund
133051;ICICI Prudential Equity Savings Fund - Cumulative option;INF109KA14I5;;23.16;;;23-Jan-2026
133054;ICICI Prudential Equity Savings Fund - Direct Plan - Cumulative option;INF109KA11J9;;24.92;;;23-Jan-2026
133052;ICICI Prudential Equity Savings Fund - Direct Plan - Quarterly IDCW;INF109KA13J5;INF109KA16J8;15.94;;;23-Jan-2026
133053;ICICI Prudential Equity Savings Fund - Quarterly IDCW;INF109KA16I0;INF109KA19I4;13.46;;;23-Jan-2026

Invesco Mutual Fund
146457;Invesco India Equity Savings Fund - Direct Plan - Growth;INF205KA1049;;18.6418;;;23-Jan-2026
146458;Invesco India Equity Savings Fund - Direct Plan - IDCW (Payout / Reinvestment);INF205KA1064;INF205KA1031;18.5623;;;23-Jan-2026
146456;Invesco India Equity Savings Fund - Regular Plan - Growth;INF205KA1023;;16.6207;;;23-Jan-2026
146455;Invesco India Equity Savings Fund - Regular Plan - IDCW (Payout / Reinvestment);INF205KA1015;INF205KA1056;16.6193;;;23-Jan-2026

LIC Mutual Fund
151952;LIC MF Equity Savings Fund-Direct Plan-Growth;INF397L01AZ5;;30.9771;;;23-Jan-2026
151953;LIC MF Equity Savings Fund-Direct Plan-Monthly IDCW;INF397L01BA6;INF397L01BB4;20.923;;;23-Jan-2026
151954;LIC MF Equity Savings Fund-Direct Plan-Quarterly IDCW;INF397L01BD0;INF397L01BE8;17.2563;;;23-Jan-2026
151950;LIC MF Equity Savings Fund-Regular Plan-Growth;INF397L01315;;27.2901;;;23-Jan-2026
151949;LIC MF Equity Savings Fund-Regular Plan-Monthly IDCW;INF397L01257;INF397L01265;21.5008;;;23-Jan-2026
151951;LIC MF Equity Savings Fund-Regular Plan-Quarterly IDCW;INF397L01281;INF397L01299;20.328;;;23-Jan-2026

Mahindra Manulife Mutual Fund
140444;Mahindra Manulife Equity Savings Fund - Direct Plan -Growth;INF174V01184;;24.6345;;;23-Jan-2026
140447;Mahindra Manulife Equity Savings Fund - Regular Plan - Growth;INF174V01150;;20.9292;;;23-Jan-2026
140442;Mahindra Manulife Equity Savings Fund -Direct Plan -Quarterly IDCW;INF174V01192;INF174V01200;17.4207;;;23-Jan-2026
140446;Mahindra Manulife Equity Savings Fund -Regular Plan -Quarterly IDCW;INF174V01168;INF174V01176;14.1527;;;23-Jan-2026

Mirae Asset Mutual Fund
145694;Mirae Asset Equity Savings Fund Direct IDCW;INF769K01EJ3;INF769K01EM7;14.417;;;23-Jan-2026
145696;Mirae Asset Equity Savings Fund Regular IDCW;INF769K01EH7;INF769K01EL9;13.259;;;23-Jan-2026
145693;Mirae Asset Equity Savings Fund- Direct Plan- Growth;INF769K01EK1;;22.176;;;23-Jan-2026
145695;Mirae Asset Equity Savings Fund- Regular Plan- Growth;INF769K01EI5;;20.608;;;23-Jan-2026

PGIM India Mutual Fund
138371;PGIM India Equity Savings Fund - Annual Dividend option;INF223J01EZ9;INF223J01FA9;15.348;;;23-Jan-2026
138375;PGIM India Equity Savings Fund - Direct Plan - Annual Dividend;INF223J01QA6;INF223J01QB4;16.3295;;;23-Jan-2026
138376;PGIM India Equity Savings Fund - Direct Plan - Growth;INF223J01QD0;;56.7901;;;23-Jan-2026
138377;PGIM India Equity Savings Fund - Direct Plan - Monthly Dividend;INF223J01QE8;INF223J01QF5;13.7837;;;23-Jan-2026
138372;PGIM India Equity Savings Fund - Growth Option;INF223J01FB7;;49.9446;;;23-Jan-2026
138369;PGIM India Equity Savings Fund - Monthly Dividend option;INF223J01FC5;INF223J01FD3;12.5216;;;23-Jan-2026

quant Mutual Fund
153705;quant Equity Savings Fund - Growth Option - Direct Plan;INF966L01EC8;;10.167;;;23-Jan-2026
153707;quant Equity Savings Fund - Growth Option - Regular Plan;INF966L01EF1;;10.0802;;;23-Jan-2026
153706;quant Equity Savings Fund - IDCW Option - Direct Plan;INF966L01ED6;INF966L01EE4;10.1564;;;23-Jan-2026
153708;quant Equity Savings Fund - IDCW Option - Regular Plan;INF966L01EG9;INF966L01EH7;10.08;;;23-Jan-2026

SBI Mutual Fund
134643;SBI Equity Savings Fund - Direct Plan - Growth;INF200KA1DF3;;26.7594;;;23-Jan-2026
134641;SBI Equity Savings Fund - Direct Plan - Monthly Income Distribution cum Capital Withdrawal Option (IDCW);INF200KA1DG1;INF200KA1DH9;24.4942;;;23-Jan-2026
134640;SBI Equity Savings Fund - Direct Plan - Quarterly Income Distribution cum Capital Withdrawal Option (IDCW);INF200KA1DI7;INF200KA1DJ5;25.3405;;;23-Jan-2026
134644;SBI Equity Savings Fund - Regular Plan - Growth;INF200KA1DA4;;24.1966;;;23-Jan-2026
134639;SBI Equity Savings Fund - Regular Plan - Monthly Income Distribution cum Capital Withdrawal Option (IDCW);INF200KA1DB2;INF200KA1DC0;22.4329;;;23-Jan-2026
134642;SBI Equity Savings Fund - Regular Plan - Quarterly Income Distribution cum Capital Withdrawal Option (IDCW);INF200KA1DD8;INF200KA1DE6;22.8809;;;23-Jan-2026

Union Mutual Fund
144312;Union Equity Savings Fund - Direct Plan - Growth Option;INF582M01EC1;;17.61;;;23-Jan-2026
144313;Union Equity Savings Fund - Direct Plan - IDCW Option;INF582M01EE7;INF582M01ED9;17.61;;;23-Jan-2026
144310;Union Equity Savings Fund - Regular Plan - Growth Option;INF582M01EG2;;16.90;;;23-Jan-2026
144311;Union Equity Savings Fund - Regular Plan - IDCW Option;INF582M01EI8;INF582M01EH0;16.90;;;23-Jan-2026

WhiteOak Capital Mutual Fund
153355;WhiteOak Capital Equity Savings Fund Direct Plan Growth;INF03VN01AB7;;11.337;;;23-Jan-2026
153356;WhiteOak Capital Equity Savings Fund Regular Plan Growth;INF03VN01AC5;;11.189;;;23-Jan-2026

Open Ended Schemes ( Solution Oriented Scheme - Retirement Fund )


Baroda BNP Paribas Mutual Fund
152628;Baroda BNP Paribas Retirement Fund - Direct plan - Growth option;INF251K01TJ0;;11.4628;;;23-Jan-2026
152626;Baroda BNP Paribas Retirement Fund - Direct plan - IDCW option;INF251K01TK8;;11.4628;;;23-Jan-2026
152625;Baroda BNP Paribas Retirement Fund - Regular plan - Growth option;INF251K01TH4;;11.1395;;;23-Jan-2026
152627;Baroda BNP Paribas Retirement Fund - Regular plan - IDCW option;INF251K01TI2;;11.1395;;;23-Jan-2026

Franklin Templeton Mutual Fund
118548;Franklin India Retirement Fund - Direct - Growth;INF090I01JZ3;;238.7567;;;23-Jan-2026
118549;Franklin India Retirement Fund - Direct - IDCW;INF090I01KA4;INF090I01KB2;18.1642;;;23-Jan-2026
100536;Franklin India Retirement Fund - Growth;INF090I01510;;216.9725;;;23-Jan-2026
100535;Franklin India Retirement Fund - IDCW;INF090I01528;INF090I01536;16.4740;;;23-Jan-2026

ICICI Prudential Mutual Fund
146721;ICICI Prudential Retirement Fund - Hybrid Aggressive - Direct Plan - Growth Option;INF109KC1TW4;;29.31;;;23-Jan-2026
146720;ICICI Prudential Retirement Fund - Hybrid Aggressive - Direct Plan - IDCW Option;INF109KC1TX2;;29.31;;;23-Jan-2026
146722;ICICI Prudential Retirement Fund - Hybrid Aggressive - Growth Option;INF109KC1TU8;;26.34;;;23-Jan-2026
146723;ICICI Prudential Retirement Fund - Hybrid Aggressive - IDCW Option;INF109KC1TV6;;26.34;;;23-Jan-2026
146716;ICICI Prudential Retirement Fund - Hybrid Conservative - Direct Plan - Growth Option;INF109KC1UA8;;19.6161;;;23-Jan-2026
146718;ICICI Prudential Retirement Fund - Hybrid Conservative - Direct Plan - IDCW Option;INF109KC1UB6;;19.6158;;;23-Jan-2026
146717;ICICI Prudential Retirement Fund - Hybrid Conservative - Growth Option;INF109KC1TY0;;17.8983;;;23-Jan-2026
146719;ICICI Prudential Retirement Fund - Hybrid Conservative - IDCW Option;INF109KC1TZ7;;17.8982;;;23-Jan-2026
146727;ICICI Prudential Retirement Fund - Pure Debt - Direct Plan - Growth Option;INF109KC1UE0;;16.6818;;;23-Jan-2026
146725;ICICI Prudential Retirement Fund - Pure Debt - Direct Plan - IDCW Option;INF109KC1UF7;;16.6817;;;23-Jan-2026
146726;ICICI Prudential Retirement Fund - Pure Debt - Growth Option;INF109KC1UC4;;15.2963;;;23-Jan-2026
146724;ICICI Prudential Retirement Fund - Pure Debt - IDCW Option;INF109KC1UD2;;15.2965;;;23-Jan-2026
146349;ICICI Prudential Retirement Fund - Pure Equity - Direct Plan - Growth Option;INF109KC1TS2;;36.12;;;23-Jan-2026
146348;ICICI Prudential Retirement Fund - Pure Equity - Direct Plan - IDCW Option;INF109KC1TT0;;36.11;;;23-Jan-2026
146346;ICICI Prudential Retirement Fund - Pure Equity - Growth Option;INF109KC1TQ6;;32.54;;;23-Jan-2026
146347;ICICI Prudential Retirement Fund - Pure Equity - IDCW Option;INF109KC1TR4;;32.55;;;23-Jan-2026

PGIM India Mutual Fund
152537;PGIM India Retirement Fund - Direct Plan - Growth Option;INF663L01Y61;;11.52;;;23-Jan-2026
152539;PGIM India Retirement Fund - Direct Plan - IDCW Payout Option;INF663L01Y79;;11.52;;;23-Jan-2026
152538;PGIM India Retirement Fund - Regular Plan - Growth Option;INF663L01Y46;;11.19;;;23-Jan-2026
152540;PGIM India Retirement Fund - Regular Plan - IDCW Payout Option;INF663L01Y53;;11.19;;;23-Jan-2026

SBI Mutual Fund
148685;SBI Retirement Benefit Fund - Aggressive Hybrid Plan - Direct Plan - Growth;INF200KA1S97;;19.8253;;;23-Jan-2026
148686;SBI Retirement Benefit Fund - Aggressive Hybrid Plan - Direct Plan - Income Distribution cum Capital Withdrawal Option (IDCW);INF200KA1T05;;19.8274;;;23-Jan-2026
148695;SBI Retirement Benefit Fund - Aggressive Hybrid Plan - Regular Plan - Growth;INF200KA1S71;;18.7205;;;23-Jan-2026
148684;SBI Retirement Benefit Fund - Aggressive Hybrid Plan - Regular Plan - Income Distribution cum Capital Withdrawal Option (IDCW);INF200KA1S89;;18.7200;;;23-Jan-2026
148683;SBI Retirement Benefit Fund - Aggressive Plan - Direct Plan - Growth;INF200KA1S55;;20.6283;;;23-Jan-2026
148694;SBI Retirement Benefit Fund - Aggressive Plan - Direct Plan - Income Distribution cum Capital Withdrawal Option (IDCW);INF200KA1S63;;20.6173;;;23-Jan-2026
148698;SBI Retirement Benefit Fund - Aggressive Plan - Regular Plan - Growth;INF200KA1S30;;19.3749;;;23-Jan-2026
148691;SBI Retirement Benefit Fund - Aggressive Plan - Regular Plan - Income Distribution cum Capital Withdrawal Option (IDCW);INF200KA1S48;;19.3754;;;23-Jan-2026
148690;SBI Retirement Benefit Fund - Conservative Hybrid Plan - Direct Plan - Growth;INF200KA1T70;;15.8563;;;23-Jan-2026
148693;SBI Retirement Benefit Fund - Conservative Hybrid Plan - Direct Plan - Income Distribution cum Capital Withdrawal Option (IDCW);INF200KA1T88;;15.8542;;;23-Jan-2026
148692;SBI Retirement Benefit Fund - Conservative Hybrid Plan - Regular Plan - Growth;INF200KA1T54;;15.3894;;;23-Jan-2026
148697;SBI Retirement Benefit Fund - Conservative Hybrid Plan - Regular Plan - Income Distribution cum Capital Withdrawal Option (IDCW);INF200KA1T62;;15.3911;;;23-Jan-2026
148688;SBI Retirement Benefit Fund - Conservative Plan - Direct Plan - Growth;INF200KA1T39;;14.6107;;;23-Jan-2026
148689;SBI Retirement Benefit Fund - Conservative Plan - Direct Plan - Income Distribution cum Capital Withdrawal Option (IDCW);INF200KA1T47;;14.6086;;;23-Jan-2026
148696;SBI Retirement Benefit Fund - Conservative Plan - Regular Plan - Growth;INF200KA1T13;;14.2567;;;23-Jan-2026
148687;SBI Retirement Benefit Fund - Conservative Plan - Regular Plan - Income Distribution cum Capital Withdrawal Option (IDCW);INF200KA1T21;;14.2566;;;23-Jan-2026

Union Mutual Fund
150554;Union Retirement Fund - Direct Plan - Growth Option;INF582M01IK5;;16.14;;;23-Jan-2026
150555;Union Retirement Fund - Direct Plan - IDCW Option;INF582M01IL3;;16.14;;;23-Jan-2026
150552;Union Retirement Fund - Regular Plan - Growth Option;INF582M01IM1;;15.39;;;23-Jan-2026
150553;Union Retirement Fund - Regular Plan - IDCW Option;INF582M01IN9;;15.39;;;23-Jan-2026

Open Ended Schemes ( Solution Oriented Scheme - Children’s Fund )


Baroda BNP Paribas Mutual Fund
153171;Baroda BNP Paribas Children's Fund - Direct Plan - Growth Option;INF251K01UE9;;10.9641;;;23-Jan-2026
153170;Baroda BNP Paribas Children's Fund - Regular Plan - Growth Option;INF251K01UC3;;10.7347;;;23-Jan-2026
153169;Baroda BNP Paribas Children's Fund - Regular Plan - IDCW Option;INF251K01UD1;;10.7347;;;23-Jan-2026

ICICI Prudential Mutual Fund
120579;ICICI Prudential Children's Fund - Direct Plan;INF109K01Y49;;347.63;;;23-Jan-2026
101127;ICICI Prudential Children's Fund - Regular Plan;INF109K01605;;315.00;;;23-Jan-2026

LIC Mutual Fund
120285;LIC MF Children's Fund-Direct Plan-Growth;INF767K01FB1;;34.4617;;;23-Jan-2026
101271;LIC MF Children's Fund-Regular Plan-Growth;INF767K01048;;30.7848;;;23-Jan-2026

SBI Mutual Fund
119719;SBI Children's Fund - Savings Plan - DIRECT PLAN - GROWTH;INF200K01QR6;;120.0504;;;23-Jan-2026
101169;SBI Children's Fund - Savings Plan - REGULAR PLAN - GROWTH;INF200K01776;;109.9204;;;23-Jan-2026

Union Mutual Fund
152219;Union Children's Fund - Direct Plan - Growth Option;INF582M01JK3;;12.33;;;23-Jan-2026
152220;Union Children's Fund - Direct Plan - IDCW Option;INF582M01JL1;;12.33;;;23-Jan-2026
152217;Union Children's Fund - Regular Plan - Growth Option;INF582M01JI7;;11.99;;;23-Jan-2026
152218;Union Children's Fund - Regular Plan - IDCW Option;INF582M01JJ5;;10.43;;;23-Jan-2026

Open Ended Schemes ( Other Scheme - Index Funds )


Angel One Mutual Fund
153529;ANGEL ONE NIFTY 50 INDEX FUND-DIRECT-GROWTH;INF1J2R01072;;10.2525;;;23-Jan-2026
153530;ANGEL ONE NIFTY 50 INDEX FUND-REGULAR-GROWTH;INF1J2R01080;;10.2179;;;23-Jan-2026
153330;ANGEL ONE NIFTY TOTAL MARKET INDEX FUND DIRECT PLAN GROWTH OPTION;INF1J2R01023;;11.4431;;;23-Jan-2026
153331;ANGEL ONE NIFTY TOTAL MARKET INDEX FUND REGULAR PLAN GROWTH OPTION;INF1J2R01031;;11.3657;;;23-Jan-2026
153956;ANGEL ONE NIFTY TOTAL MARKET MOMENTUM QUALITY 50 INDEX FUND - DIRECT GROWTH;INF1J2R01122;;9.2649;;;23-Jan-2026
153955;ANGEL ONE NIFTY TOTAL MARKET MOMENTUM QUALITY 50 INDEX FUND - REGULAR GROWTH;INF1J2R01130;;9.2536;;;23-Jan-2026

Bajaj Finserv Mutual Fund
153506;Bajaj Finserv Nifty 50 Index Fund - Direct - Growth;INF0QA701BA9;;10.1489;;;23-Jan-2026
153505;Bajaj Finserv Nifty 50 Index Fund - Direct - IDCW;INF0QA701BB7;INF0QA701BC5;10.1489;;;23-Jan-2026
153508;Bajaj Finserv Nifty 50 Index Fund - Regular - Growth;INF0QA701AY1;;10.1031;;;23-Jan-2026
153507;Bajaj Finserv Nifty 50 Index Fund - Regular - IDCW;INF0QA701BJ0;INF0QA701AZ8;10.1031;;;23-Jan-2026
153479;Bajaj Finserv Nifty Next 50 Index Fund - Direct - Growth;INF0QA701BG6;;10.5625;;;23-Jan-2026
153478;Bajaj Finserv Nifty Next 50 Index Fund - Direct - IDCW;INF0QA701BH4;INF0QA701BI2;10.5625;;;23-Jan-2026
153480;Bajaj Finserv Nifty Next 50 Index Fund - Regular - Growth;INF0QA701BD3;;10.5142;;;23-Jan-2026
153481;Bajaj Finserv Nifty Next 50 Index Fund - Regular - IDCW;INF0QA701BE1;INF0QA701BF8;10.5142;;;23-Jan-2026

Baroda BNP Paribas Mutual Fund
152329;Baroda BNP Paribas Nifty 50 Index Fund - Direct Plan - Growth option;INF251K01SY1;;11.7529;;;23-Jan-2026
152330;Baroda BNP Paribas Nifty 50 Index Fund - Direct Plan - IDCW option;INF251K01SZ8;INF251K01TA9;11.7529;;;23-Jan-2026
152331;Baroda BNP Paribas Nifty 50 Index Fund - Regular Plan - Growth option;INF251K01SV7;;11.6605;;;23-Jan-2026
152328;Baroda BNP Paribas Nifty 50 Index Fund - Regular Plan - IDCW option;INF251K01SW5;INF251K01SX3;11.6605;;;23-Jan-2026
153000;Baroda BNP Paribas Nifty Midcap 150 Index Fund - Direct Plan - Growth Option;INF251K01UA7;;10.1201;;;23-Jan-2026
153001;Baroda BNP Paribas Nifty Midcap 150 Index Fund - Regular Plan - Growth Option;INF251K01UB5;;10.0351;;;23-Jan-2026
151283;Baroda BNP Paribas Nifty SDL December 2026 Index Fund - Direct Plan - Growth Option;INF251K01RL0;;12.4682;;;23-Jan-2026
151279;Baroda BNP Paribas Nifty SDL December 2026 Index Fund - Regular Plan - Growth Option;INF251K01RI6;;12.3565;;;23-Jan-2026
151280;Baroda BNP Paribas Nifty SDL December 2026 Index Fund - Regular Plan - IDCW Option;INF251K01RJ4;;12.3566;;;23-Jan-2026
151574;Baroda BNP Paribas NIFTY SDL December 2028 Index Fund - Direct Plan - Growth Option;INF251K01RR7;;12.5210;;;23-Jan-2026
151575;Baroda BNP Paribas NIFTY SDL December 2028 Index Fund - Direct Plan - IDCW Option;INF251K01RS5;INF251K01RT3;11.7489;;;23-Jan-2026
151576;Baroda BNP Paribas NIFTY SDL December 2028 Index Fund - Regular Plan - Growth Option;INF251K01RO4;;12.4148;;;23-Jan-2026
151573;Baroda BNP Paribas NIFTY SDL December 2028 Index Fund - Regular Plan - IDCW Option;INF251K01RP1;INF251K01RQ9;11.5760;;;23-Jan-2026
152931;Baroda BNP Paribas Nifty200 Momentum 30 Index Fund - Direct Plan - Growth Option;INF251K01TY9;;7.9797;;;23-Jan-2026
152930;Baroda BNP Paribas Nifty200 Momentum 30 Index Fund - Regular Plan - Growth Option;INF251K01TZ6;;7.9166;;;23-Jan-2026

DSP Mutual Fund
153219;DSP BSE SENSEX Next 30 Index Fund - Direct - Growth;INF740KA1VB1;;11.3789;;;23-Jan-2026
153218;DSP BSE SENSEX Next 30 Index Fund - Direct - IDCW;INF740KA1VC9;INF740KA1VD7;11.3789;;;23-Jan-2026
153216;DSP BSE SENSEX Next 30 Index Fund - Regular - Growth;INF740KA1UY5;;11.3095;;;23-Jan-2026
153217;DSP BSE SENSEX Next 30 Index Fund - Regular - IDCW;INF740KA1UZ2;INF740KA1VA3;11.3095;;;23-Jan-2026
151329;DSP CRISIL-IBX 50:50 Gilt Plus SDL - April 2033 Index Fund - Direct - Growth;INF740KA1SB7;;12.6756;;;23-Jan-2026
151328;DSP CRISIL-IBX 50:50 Gilt Plus SDL - April 2033 Index Fund - Direct - IDCW;INF740KA1SC5;INF740KA1SD3;12.6756;;;23-Jan-2026
151327;DSP CRISIL-IBX 50:50 Gilt Plus SDL - April 2033 Index Fund - Regular - Growth;INF740KA1RY1;;12.5787;;;23-Jan-2026
151330;DSP CRISIL-IBX 50:50 Gilt Plus SDL - April 2033 Index Fund - Regular - IDCW;INF740KA1RZ8;INF740KA1SA9;12.5787;;;23-Jan-2026
141877;DSP Nifty 50 Equal Weight Index Fund - Direct Plan - Growth;INF740KA1CR7;;26.8509;;;23-Jan-2026
141878;DSP Nifty 50 Equal Weight Index Fund - Direct Plan - IDCW;INF740KA1CS5;INF740KA1CT3;23.1516;;;23-Jan-2026
141875;DSP Nifty 50 Equal Weight Index Fund - Regular Plan - Growth;INF740KA1CO4;;25.7818;;;23-Jan-2026
141876;DSP Nifty 50 Equal Weight Index Fund - Regular Plan - IDCW;INF740KA1CP1;INF740KA1CQ9;22.2315;;;23-Jan-2026
146376;DSP Nifty 50 Index Fund - Direct Plan - Growth;INF740KA1MM7;;24.5596;;;23-Jan-2026
146377;DSP Nifty 50 Index Fund - Direct Plan - IDCW;INF740KA1MN5;INF740KA1MO3;21.0147;;;23-Jan-2026
146379;DSP Nifty 50 Index Fund - Regular Plan - Growth;INF740KA1MJ3;;24.2259;;;23-Jan-2026
146378;DSP Nifty 50 Index Fund - Regular Plan - IDCW;INF740KA1MK1;INF740KA1ML9;20.8394;;;23-Jan-2026
154088;DSP Nifty 500 Index Fund - Direct - Growth;INF740KA1XY9;;9.437;;;23-Jan-2026
154089;DSP Nifty 500 Index Fund - Direct - IDCW;INF740KA1XZ6;INF740KA1YA7;9.437;;;23-Jan-2026
154090;DSP Nifty 500 Index Fund - Regular - Growth;INF740KA1XV5;;9.433;;;23-Jan-2026
154091;DSP Nifty 500 Index Fund - Regular - IDCW;INF740KA1XW3;INF740KA1XX1;9.433;;;23-Jan-2026
152654;DSP Nifty Bank Index Fund - Direct - Growth;INF740KA1UO6;;12.0085;;;23-Jan-2026
152653;DSP Nifty Bank Index Fund - Regular - Growth;INF740KA1UN8;;11.8807;;;23-Jan-2026
153593;DSP Nifty Healthcare Index Fund - Direct - IDCW;INF740KA1WG8;INF740KA1WH6;9.9068;;;23-Jan-2026
153594;DSP Nifty Healthcare Index Fund - Direct- Growth;INF740KA1WF0;;9.9068;;;23-Jan-2026
153592;DSP Nifty Healthcare Index Fund - Regular - Growth;INF740KA1WC7;;9.8647;;;23-Jan-2026
153595;DSP Nifty Healthcare Index Fund - Regular - IDCW;INF740KA1WD5;INF740KA1WE3;9.8647;;;23-Jan-2026
153590;DSP Nifty IT Index Fund - Direct - Growth;INF740KA1WL8;;9.9479;;;23-Jan-2026
153591;DSP Nifty IT Index Fund - Direct - IDCW;INF740KA1WM6;INF740KA1WN4;9.9479;;;23-Jan-2026
153588;DSP Nifty IT Index Fund - Regular - Growth;INF740KA1WI4;;9.9049;;;23-Jan-2026
153589;DSP Nifty IT Index Fund - Regular - IDCW;INF740KA1WJ2;INF740KA1WK0;9.9049;;;23-Jan-2026
154014;DSP Nifty Midcap 150 Index Fund - Direct - Growth;INF740KA1XB7;;9.5886;;;23-Jan-2026
154015;DSP Nifty Midcap 150 Index Fund - Direct - IDCW;INF740KA1XC5;INF740KA1XD3;9.5886;;;23-Jan-2026
154012;DSP Nifty Midcap 150 Index Fund - Regular - Growth;INF740KA1WY1;;9.5805;;;23-Jan-2026
154013;DSP Nifty Midcap 150 Index Fund - Regular - IDCW;INF740KA1WZ8;INF740KA1XA9;9.5805;;;23-Jan-2026
150428;DSP Nifty Midcap 150 Quality 50 Index Fund - Direct - Growth;INF740KA1RB9;;13.92;;;23-Jan-2026
150429;DSP Nifty Midcap 150 Quality 50 Index Fund - Direct - IDCW;INF740KA1RC7;INF740KA1RD5;13.2237;;;23-Jan-2026
150427;DSP Nifty Midcap 150 Quality 50 Index Fund - Regular - Growth;INF740KA1QY3;;13.6103;;;23-Jan-2026
150430;DSP Nifty Midcap 150 Quality 50 Index Fund - Regular - IDCW;INF740KA1QZ0;INF740KA1RA1;12.9181;;;23-Jan-2026
146381;DSP Nifty Next 50 Index Fund - Direct Plan - Growth;INF740KA1MG9;;26.1523;;;23-Jan-2026
146382;DSP Nifty Next 50 Index Fund - Direct Plan - IDCW;INF740KA1MH7;INF740KA1MI5;22.5844;;;23-Jan-2026
146380;DSP Nifty Next 50 Index Fund - Regular Plan - Growth;INF740KA1MD6;;25.581;;;23-Jan-2026
146383;DSP Nifty Next 50 Index Fund - Regular Plan - IDCW;INF740KA1ME4;INF740KA1MF1;22.0385;;;23-Jan-2026
153348;DSP Nifty Private Bank Index Fund - Direct - Growth;INF740KA1VN6;;11.506;;;23-Jan-2026
153345;DSP Nifty Private Bank Index Fund - Direct - IDCW;INF740KA1VO4;INF740KA1VP1;11.506;;;23-Jan-2026
153347;DSP Nifty Private Bank Index Fund - Regular - Growth;INF740KA1VK2;;11.4321;;;23-Jan-2026
153346;DSP Nifty Private Bank Index Fund - Regular - IDCW;INF740KA1VL0;INF740KA1VM8;11.4321;;;23-Jan-2026
149970;DSP Nifty SDL Plus G-Sec Jun 2028 30:70 Index Fund - Direct - Growth;INF740KA1QV9;;12.9352;;;23-Jan-2026
149971;DSP Nifty SDL Plus G-Sec Jun 2028 30:70 Index Fund - Direct - IDCW;INF740KA1QW7;INF740KA1QX5;12.9352;;;23-Jan-2026
149968;DSP Nifty SDL Plus G-Sec Jun 2028 30:70 Index Fund - Regular - Growth;INF740KA1QS5;;12.8595;;;23-Jan-2026
149969;DSP Nifty SDL Plus G-Sec Jun 2028 30:70 Index Fund - Regular - IDCW;INF740KA1QT3;INF740KA1QU1;12.8595;;;23-Jan-2026
151373;DSP Nifty SDL Plus G-Sec Sep 2027 50:50 Index Fund - Direct - Growth;INF740KA1SH4;;12.534;;;23-Jan-2026
151371;DSP Nifty SDL Plus G-Sec Sep 2027 50:50 Index Fund - Direct - IDCW;INF740KA1SI2;INF740KA1SJ0;12.534;;;23-Jan-2026
151370;DSP Nifty SDL Plus G-Sec Sep 2027 50:50 Index Fund - Regular - Growth;INF740KA1SE1;;12.4691;;;23-Jan-2026
151372;DSP Nifty SDL Plus G-Sec Sep 2027 50:50 Index Fund - Regular - IDCW;INF740KA1SF8;INF740KA1SG6;12.4691;;;23-Jan-2026
154018;DSP Nifty Smallcap 250 Index Fund - Direct - Growth;INF740KA1XH4;;9.4108;;;23-Jan-2026
154019;DSP Nifty Smallcap 250 Index Fund - Direct - IDCW;INF740KA1XI2;INF740KA1XJ0;9.4108;;;23-Jan-2026
154016;DSP Nifty Smallcap 250 Index Fund - Regular - Growth;INF740KA1XE1;;9.4029;;;23-Jan-2026
154017;DSP Nifty Smallcap 250 Index Fund - Regular - IDCW;INF740KA1XF8;INF740KA1XG6;9.4029;;;23-Jan-2026
152243;DSP Nifty Smallcap250 Quality 50 Index Fund - Direct - Growth;INF740KA1TW1;;10.4739;;;23-Jan-2026
152244;DSP Nifty Smallcap250 Quality 50 Index Fund - Direct - IDCW;INF740KA1TX9;INF740KA1TY7;10.4739;;;23-Jan-2026
152245;DSP Nifty Smallcap250 Quality 50 Index Fund - Regular - Growth;INF740KA1TT7;;10.3231;;;23-Jan-2026
152242;DSP Nifty Smallcap250 Quality 50 Index Fund - Regular - IDCW;INF740KA1TU5;INF740KA1TV3;9.7628;;;23-Jan-2026
152814;DSP Nifty Top 10 Equal Weight Index Fund - Direct - Growth;INF740KA1UQ1;;9.8837;;;23-Jan-2026
152813;DSP Nifty Top 10 Equal Weight Index Fund - Regular - Growth;INF740KA1UP3;;9.7879;;;23-Jan-2026
153801;DSP Nifty500 Flexicap Quality 30 Index Fund - Direct - Growth;INF740KA1WR5;;10.0931;;;23-Jan-2026
153800;DSP Nifty500 Flexicap Quality 30 Index Fund - Direct - IDCW;INF740KA1WS3;INF740KA1WT1;10.0931;;;23-Jan-2026
153802;DSP Nifty500 Flexicap Quality 30 Index Fund - Regular - Growth;INF740KA1WO2;;10.0648;;;23-Jan-2026
153803;DSP Nifty500 Flexicap Quality 30 Index Fund - Regular - IDCW;INF740KA1WP9;INF740KA1WQ7;10.0648;;;23-Jan-2026

Franklin Templeton Mutual Fund
118580;Franklin India INDEX FUND- NSE Nifty 50 Index Fund - Direct - IDCW;INF090I01GQ8;INF090I01GR6;193.8304;;;23-Jan-2026
100484;Franklin India Index Fund- NSE Nifty 50 Index Fund - Growth;INF090I01890;;202.3138;;;23-Jan-2026
105067;Franklin India INDEX FUND- NSE NIFTY 50 INDEX FUND - IDCW;INF090I01874;INF090I01882;183.2905;;;23-Jan-2026
118581;Franklin India INDEX FUND- NSE NIFTY 50 INDEX FUND- Direct - Growth;INF090I01GS4;;212.9416;;;23-Jan-2026

Groww Mutual Fund
153704;Groww Nifty 50 Index Fund Direct Growth;INF666M01KT3;;9.9943;;;23-Jan-2026
153709;Groww Nifty 50 Index Fund Direct IDCW;INF666M01KU1;INF666M01KV9;9.9943;;;23-Jan-2026
153710;Groww Nifty 50 Index Fund Regular Growth;INF666M01KW7;;9.9585;;;23-Jan-2026
153711;Groww Nifty 50 Index Fund Regular IDCW;INF666M01LJ2;INF666M01LK0;9.9585;;;23-Jan-2026
153230;Groww Nifty India Railways PSU Index Fund - Direct Plan - Growth;INF666M01JK4;;8.8702;;;23-Jan-2026
153231;Groww Nifty India Railways PSU Index Fund - Direct Plan - IDCW;INF666M01JL2;INF666M01JM0;8.8699;;;23-Jan-2026
153232;Groww Nifty India Railways PSU Index Fund - Regular Plan - Growth;INF666M01JN8;;8.8215;;;23-Jan-2026
153233;Groww Nifty India Railways PSU Index Fund - Regular Plan - IDCW;INF666M01JO6;INF666M01JP3;8.8187;;;23-Jan-2026
153939;Groww Nifty Midcap 150 Index Fund Direct Growth;INF666M01MP7;;9.4019;;;23-Jan-2026
153952;Groww Nifty Midcap 150 Index fund Direct IDCW;INF666M01MQ5;INF666M01MR3;9.4019;;;23-Jan-2026
153953;Groww Nifty Midcap 150 Index Fund Regular Growth;INF666M01MS1;;9.3897;;;23-Jan-2026
153954;Groww Nifty Midcap 150 Index Fund Regular IDCW;INF666M01MT9;INF666M01MU7;9.3897;;;23-Jan-2026
153786;Groww Nifty Next 50 Index Fund Direct Growth;INF666M01LT1;;9.7765;;;23-Jan-2026
153797;Groww Nifty Next 50 Index Fund Direct IDCW;INF666M01LU9;INF666M01LV7;9.7765;;;23-Jan-2026
153798;Groww Nifty Next 50 Index Fund Regular Growth;INF666M01LW5;;9.7481;;;23-Jan-2026
153799;Groww Nifty Next 50 Index Fund Regular IDCW;INF666M01LX3;INF666M01LY1;9.748;;;23-Jan-2026
152636;Groww Nifty Non-Cyclical Consumer Index Fund - Direct Plan - IDCW;INF666M01IF6;INF666M01IG4;10.2408;;;23-Jan-2026
152637;Groww Nifty Non-Cyclical Consumer Index Fund - Direct Plan Growth;INF666M01IE9;;10.2409;;;23-Jan-2026
152635;Groww Nifty Non-Cyclical Consumer Index Fund - IDCW;INF666M01IC3;INF666M01ID1;10.1383;;;23-Jan-2026
152633;Groww Nifty Non-Cyclical Consumer Index Fund - Regular Plan - Growth;INF666M01IB5;;10.1394;;;23-Jan-2026
152431;Groww Nifty Smallcap 250 Index Fund - Direct Plan - Growth;INF666M01HY9;;10.2066;;;23-Jan-2026
152436;Groww Nifty Smallcap 250 Index Fund - Direct Plan - IDCW;INF666M01HZ6;INF666M01IA7;10.2108;;;23-Jan-2026
152433;Groww Nifty Smallcap 250 Index Fund - Regular Plan - Growth;INF666M01HV5;;10.103;;;23-Jan-2026
152434;Groww Nifty Smallcap 250 Index Fund - Regular Plan - Regular Plan - IDCW;INF666M01HW3;INF666M01HX1;10.0909;;;23-Jan-2026
152092;Groww Nifty Total Market Index Fund - Direct Plan - Growth;INF666M01HM4;;13.5342;;;23-Jan-2026
152125;Groww Nifty Total Market Index Fund - Direct Plan - IDCW;INF666M01HN2;INF666M01HO0;13.5339;;;23-Jan-2026
152127;Groww Nifty Total Market Index Fund - Regular Plan - Growth;INF666M01HJ0;;13.3189;;;23-Jan-2026
152126;Groww Nifty Total Market Index Fund - Regular Plan - IDCW;INF666M01HK8;INF666M01HL6;13.3196;;;23-Jan-2026

ICICI Prudential Mutual Fund
141839;ICICI Prudential BSE Sensex Index Fund - Cumulative Option;INF109KB17W7;;26.7030;;;23-Jan-2026
141841;ICICI Prudential BSE Sensex Index Fund - Direct Plan - Cumulative Option;INF109KB10X0;;27.0564;;;23-Jan-2026
141842;ICICI Prudential BSE Sensex Index Fund - Direct Plan - IDCW Option;INF109KB12X6;;27.0561;;;23-Jan-2026
141840;ICICI Prudential BSE Sensex Index Fund - IDCW Option;INF109KB19W3;;26.7037;;;23-Jan-2026
153412;ICICI Prudential CRISIL-IBX Financial Services 3-6 Months Debt Index Fund - Annual IDCW;INF109K1A054;INF109K1A047;10.5701;;;23-Jan-2026
153410;ICICI Prudential CRISIL-IBX Financial Services 3-6 Months Debt Index Fund - Direct Plan - Annual IDCW;INF109K1A070;INF109K1A088;10.5846;;;23-Jan-2026
153411;ICICI Prudential CRISIL-IBX Financial Services 3-6 Months Debt Index Fund - Direct Plan - Growth;INF109K1A062;;10.5846;;;23-Jan-2026
153409;ICICI Prudential CRISIL-IBX Financial Services 3-6 Months Debt Index Fund - Growth;INF109K1A039;;10.5701;;;23-Jan-2026
150452;ICICI Prudential Nifty 200 Momentum 30 Index Fund - Direct Plan - Growth;INF109KC11D8;;16.4006;;;23-Jan-2026
150453;ICICI Prudential Nifty 200 Momentum 30 Index Fund - Direct Plan - IDCW;INF109KC12D6;INF109KC13D4;16.3980;;;23-Jan-2026
150454;ICICI Prudential Nifty 200 Momentum 30 Index Fund - Growth;INF109KC18C5;;16.0509;;;23-Jan-2026
150451;ICICI Prudential Nifty 200 Momentum 30 Index Fund - IDCW;INF109KC19C3;INF109KC10D0;16.0501;;;23-Jan-2026
101349;ICICI Prudential Nifty 50 Index Fund - Cumulative Option;INF109K01PI0;;252.4117;;;23-Jan-2026
120620;ICICI Prudential Nifty 50 Index Fund - Direct Plan Cumulative Option;INF109K012M7;;263.2152;;;23-Jan-2026
135391;ICICI Prudential Nifty 50 Index Fund - Direct Plan IDCW Option;INF109KB1NL1;INF109KB1NM9;35.3966;;;23-Jan-2026
135390;ICICI Prudential Nifty 50 Index Fund - IDCW Option;INF109KB1NN7;INF109KB1NO5;33.6271;;;23-Jan-2026
153161;ICICI Prudential Nifty 500 Index Fund - Direct Plan - Growth;INF109KC16Y3;;10.2330;;;23-Jan-2026
153159;ICICI Prudential Nifty 500 Index Fund - Direct Plan - IDCW;INF109KC18Y9;INF109KC17Y1;10.2328;;;23-Jan-2026
153162;ICICI Prudential Nifty 500 Index Fund - Growth;INF109KC13Y0;;10.1674;;;23-Jan-2026
153160;ICICI Prudential Nifty 500 Index Fund - IDCW;INF109KC15Y5;INF109KC14Y8;10.1675;;;23-Jan-2026
150643;ICICI Prudential Nifty Auto Index Fund - Direct Plan - Growth;INF109KC16J4;;21.4985;;;23-Jan-2026
150644;ICICI Prudential Nifty Auto Index Fund - Direct Plan - IDCW;INF109KC17J2;INF109KC18J0;21.4984;;;23-Jan-2026
150645;ICICI Prudential Nifty Auto Index Fund - Growth;INF109KC13J1;;21.1231;;;23-Jan-2026
150646;ICICI Prudential Nifty Auto Index Fund - IDCW;INF109KC14J9;INF109KC15J6;21.1236;;;23-Jan-2026
149858;ICICI Prudential Nifty Bank Index Fund - Direct Plan Growth;INF109KC11A4;;16.8059;;;23-Jan-2026
149861;ICICI Prudential Nifty Bank Index Fund - Direct Plan IDCW;INF109KC12A2;INF109KC13A0;16.8057;;;23-Jan-2026
149859;ICICI Prudential Nifty Bank Index Fund - Growth;INF109KC1Z89;;16.3805;;;23-Jan-2026
149860;ICICI Prudential Nifty Bank Index Fund - IDCW;INF109KC1Z97;INF109KC10A6;16.3804;;;23-Jan-2026
150734;ICICI Prudential Nifty G-Sec Dec 2030 Index Fund - Annual IDCW;INF109KC16K2;INF109KC17K0;12.9308;;;23-Jan-2026
150735;ICICI Prudential Nifty G-Sec Dec 2030 Index Fund - Direct Plan - Annual IDCW;INF109KC19K6;INF109KC10L3;13.0115;;;23-Jan-2026
150733;ICICI Prudential Nifty G-Sec Dec 2030 Index Fund - Direct Plan - Growth;INF109KC18K8;;13.0122;;;23-Jan-2026
150732;ICICI Prudential Nifty G-Sec Dec 2030 Index Fund - Growth;INF109KC15K4;;12.9306;;;23-Jan-2026
150468;ICICI Prudential Nifty IT Index Fund - Direct Plan - Growth;INF109KC13E2;;13.4901;;;23-Jan-2026
150469;ICICI Prudential Nifty IT Index Fund - Direct Plan - IDCW;INF109KC14E0;INF109KC15E7;13.4967;;;23-Jan-2026
150466;ICICI Prudential Nifty IT Index Fund - Growth;INF109KC10E8;;13.2482;;;23-Jan-2026
150467;ICICI Prudential Nifty IT Index Fund - IDCW;INF109KC11E6;INF109KC12E4;13.2484;;;23-Jan-2026
152482;ICICI Prudential Nifty LargeMidcap 250 Index Fund - Direct Plan - Growth;INF109KC12U0;;11.9994;;;23-Jan-2026
152483;ICICI Prudential Nifty LargeMidcap 250 Index Fund - Direct Plan - IDCW;INF109KC13U8;INF109KC14U6;11.9994;;;23-Jan-2026
152481;ICICI Prudential Nifty LargeMidcap 250 Index Fund - Growth;INF109KC15U3;;11.8771;;;23-Jan-2026
152484;ICICI Prudential Nifty LargeMidcap 250 Index Fund - IDCW;INF109KC16U1;INF109KC17U9;11.8771;;;23-Jan-2026
149389;ICICI Prudential Nifty Midcap 150 Index Fund - Direct Plan - Growth;INF109KC1W58;;18.7486;;;23-Jan-2026
149391;ICICI Prudential Nifty Midcap 150 Index Fund - Direct Plan - IDCW;INF109KC1W66;INF109KC1W74;18.7483;;;23-Jan-2026
149390;ICICI Prudential Nifty Midcap 150 Index Fund - Growth;INF109KC1W25;;18.2212;;;23-Jan-2026
149388;ICICI Prudential Nifty Midcap 150 Index Fund - IDCW;INF109KC1W33;INF109KC1W41;18.2209;;;23-Jan-2026
120684;ICICI Prudential Nifty Next 50 Index Fund - Direct Plan -  Growth;INF109K01Y80;;61.4064;;;23-Jan-2026
120683;ICICI Prudential Nifty Next 50 Index Fund - Direct Plan -  IDCW;INF109K01Y64;INF109K01Y72;61.3835;;;23-Jan-2026
112957;ICICI Prudential Nifty Next 50 Index Fund - Growth;INF109K01IF1;;58.1574;;;23-Jan-2026
112958;ICICI Prudential Nifty Next 50 Index Fund -IDCW;INF109K01PR1;INF109K01IE4;58.1566;;;23-Jan-2026
150930;ICICI Prudential Nifty Pharma Index Fund - Direct Plan - Growth;INF109KC11M9;;16.7807;;;23-Jan-2026
150928;ICICI Prudential Nifty Pharma Index Fund - Direct Plan - IDCW;INF109KC12M7;INF109KC13M5;16.7816;;;23-Jan-2026
150929;ICICI Prudential Nifty Pharma Index Fund - Growth;INF109KC18L6;;16.4541;;;23-Jan-2026
150931;ICICI Prudential Nifty Pharma Index Fund - IDCW;INF109KC19L4;INF109KC10M1;16.4542;;;23-Jan-2026
153679;ICICI Prudential Nifty Private Bank Index Fund - Direct Plan - Growth;INF109K1A369;;10.0333;;;23-Jan-2026
153676;ICICI Prudential Nifty Private Bank Index Fund - Growth;INF109K1A351;;10.0041;;;23-Jan-2026
149224;ICICI Prudential Nifty PSU Bond Plus SDL Sep 2027 40:60 Index Fund - Annual - IDCW;INF109KC1S62;INF109KC1S70;12.7825;;;23-Jan-2026
149227;ICICI Prudential Nifty PSU Bond Plus SDL Sep 2027 40:60 Index Fund - Direct Plan Annual - IDCW;INF109KC1T46;INF109KC1T53;12.8893;;;23-Jan-2026
149210;ICICI Prudential Nifty PSU Bond Plus SDL Sep 2027 40:60 Index Fund - Direct Plan Growth;INF109KC1S88;;12.8893;;;23-Jan-2026
149208;ICICI Prudential Nifty PSU Bond Plus SDL Sep 2027 40:60 Index Fund - Growth;INF109KC1S13;;12.7827;;;23-Jan-2026
150731;ICICI Prudential Nifty SDL Dec 2028 Index Fund - Annual IDCW;INF109KC12L9;INF109KC13L7;12.9126;;;23-Jan-2026
150730;ICICI Prudential Nifty SDL Dec 2028 Index Fund - Direct Plan - Annual IDCW;INF109KC15L2;INF109KC16L0;12.9892;;;23-Jan-2026
150729;ICICI Prudential Nifty SDL Dec 2028 Index Fund - Direct Plan - Growth;INF109KC14L5;;12.9889;;;23-Jan-2026
150728;ICICI Prudential Nifty SDL Dec 2028 Index Fund - Growth;INF109KC11L1;;12.9126;;;23-Jan-2026
151209;ICICI Prudential Nifty SDL Sep 2026 Index Fund - Annual IDCW;INF109KC11P2;INF109KC12P0;12.4045;;;23-Jan-2026
151210;ICICI Prudential Nifty SDL Sep 2026 Index Fund - Direct Plan - Annual IDCW;INF109KC14P6;INF109KC15P3;12.4817;;;23-Jan-2026
151211;ICICI Prudential Nifty SDL Sep 2026 Index Fund - Direct Plan - Growth;INF109KC13P8;;12.4817;;;23-Jan-2026
151208;ICICI Prudential Nifty SDL Sep 2026 Index Fund - Growth;INF109KC10P4;;12.4047;;;23-Jan-2026
149996;ICICI Prudential Nifty SDL Sep 2027 Index Fund - Annual IDCW;INF109KC12B0;INF109KC13B8;12.7209;;;23-Jan-2026
149997;ICICI Prudential Nifty SDL Sep 2027 Index Fund - Direct Plan - Annual IDCW;INF109KC15B3;INF109KC16B1;12.7954;;;23-Jan-2026
149999;ICICI Prudential Nifty SDL Sep 2027 Index Fund - Direct Plan - Growth;INF109KC14B6;;12.7954;;;23-Jan-2026
149998;ICICI Prudential Nifty SDL Sep 2027 Index Fund - Growth;INF109KC11B2;;12.7209;;;23-Jan-2026
149283;ICICI Prudential Nifty Smallcap 250 Index Fund - Direct Plan - Growth;INF109KC1V18;;15.7137;;;23-Jan-2026
149284;ICICI Prudential Nifty Smallcap 250 Index Fund - Direct Plan - IDCW;INF109KC1V26;INF109KC1V34;15.7131;;;23-Jan-2026
149281;ICICI Prudential Nifty Smallcap 250 Index Fund - Growth;INF109KC1U84;;15.3164;;;23-Jan-2026
149282;ICICI Prudential Nifty Smallcap 250 Index Fund - IDCW;INF109KC1U92;INF109KC1V00;15.3170;;;23-Jan-2026
153614;ICICI Prudential Nifty Top 15 Equal Weight Index Fund - Direct Plan - Growth;INF109K1A310;;10.1291;;;23-Jan-2026
153616;ICICI Prudential Nifty Top 15 Equal Weight Index Fund - Direct Plan - IDCW;INF109K1A336;INF109K1A328;10.1297;;;23-Jan-2026
153613;ICICI Prudential Nifty Top 15 Equal Weight Index Fund - Growth;INF109K1A286;;10.0942;;;23-Jan-2026
153615;ICICI Prudential Nifty Top 15 Equal Weight Index Fund - IDCW;INF109K1A302;INF109K1A294;10.0943;;;23-Jan-2026
153546;ICICI Prudential Nifty200 Quality 30 Index Fund - Direct Plan - Growth;INF109K1A252;;10.0963;;;23-Jan-2026
153547;ICICI Prudential Nifty200 Quality 30 Index Fund - Direct Plan - IDCW;INF109K1A278;INF109K1A260;10.0959;;;23-Jan-2026
153544;ICICI Prudential Nifty200 Quality 30 Index Fund - Growth;INF109K1A229;;10.0643;;;23-Jan-2026
153545;ICICI Prudential Nifty200 Quality 30 Index Fund - IDCW;INF109K1A245;INF109K1A237;10.0640;;;23-Jan-2026
152936;ICICI Prudential Nifty200 Value 30 Index Fund - Direct Plan - Growth;INF109KC13X2;;10.8050;;;23-Jan-2026
152933;ICICI Prudential Nifty200 Value 30 Index Fund - Direct Plan - IDCW;INF109KC15X7;INF109KC14X0;10.8050;;;23-Jan-2026
152934;ICICI Prudential Nifty200 Value 30 Index Fund - Growth;INF109KC10X8;;10.7249;;;23-Jan-2026
152935;ICICI Prudential Nifty200 Value 30 Index Fund - IDCW;INF109KC12X4;INF109KC11X6;10.7248;;;23-Jan-2026
150639;ICICI Prudential Nifty50 Equal Weight Index Fund- Direct Plan - Growth;INF109KC10J7;;16.7631;;;23-Jan-2026
150640;ICICI Prudential Nifty50 Equal Weight Index Fund- Direct Plan - IDCW;INF109KC11J5;INF109KC12J3;16.7628;;;23-Jan-2026
150637;ICICI Prudential Nifty50 Equal Weight Index Fund- Growth;INF109KC17I4;;16.4380;;;23-Jan-2026
150638;ICICI Prudential Nifty50 Equal Weight Index Fund- IDCW;INF109KC18I2;INF109KC19I0;16.4378;;;23-Jan-2026
152365;ICICI Prudential Nifty50 Value 20 Index Fund - Direct Plan - Growth;INF109KC16T3;;11.1215;;;23-Jan-2026
152367;ICICI Prudential Nifty50 Value 20 Index Fund - Direct Plan - IDCW;INF109KC17T1;INF109KC18T9;11.1214;;;23-Jan-2026
152366;ICICI Prudential Nifty50 Value 20 Index Fund - Growth;INF109KC19T7;;11.0210;;;23-Jan-2026
152364;ICICI Prudential Nifty50 Value 20 Index Fund - IDCW;INF109KC10U4;INF109KC11U2;11.0209;;;23-Jan-2026

Invesco Mutual Fund
151593;Invesco India Nifty G-sec Jul 2027 Index Fund - Direct Plan - Growth;INF205KA1775;;1235.9895;;;23-Jan-2026
151592;Invesco India Nifty G-sec Jul 2027 Index Fund - Direct Plan - IDCW Payout;INF205KA1783;;1235.9891;;;23-Jan-2026
151590;Invesco India Nifty G-sec Jul 2027 Index Fund - Regular Plan - Growth;INF205KA1759;;1230.8064;;;23-Jan-2026
151591;Invesco India Nifty G-sec Jul 2027 Index Fund - Regular Plan - IDCW Payout;INF205KA1767;;1230.8224;;;23-Jan-2026
151597;Invesco India Nifty G-sec Sep 2032 Index Fund - Direct Plan - Growth;INF205KA1817;;1251.3358;;;23-Jan-2026
151596;Invesco India Nifty G-sec Sep 2032 Index Fund - Direct Plan - IDCW Payout;INF205KA1825;;1251.3364;;;23-Jan-2026
151594;Invesco India Nifty G-sec Sep 2032 Index Fund - Regular Plan - Growth;INF205KA1791;;1246.1193;;;23-Jan-2026
151595;Invesco India Nifty G-sec Sep 2032 Index Fund - Regular Plan - IDCW Payout;INF205KA1809;;1246.1032;;;23-Jan-2026

LIC Mutual Fund
120308;LIC MF BSE Sensex Index Fund-Direct Plan-Growth;INF767K01FJ4;;163.6643;;;23-Jan-2026
120312;LIC MF BSE Sensex Index Fund-Direct Plan-IDCW;INF767K01FI6;INF767K01FK2;54.8695;;;23-Jan-2026
101199;LIC MF BSE Sensex Index Fund-Regular Plan-Growth;INF767K01139;;152.2459;;;23-Jan-2026
101198;LIC MF BSE Sensex Index Fund-Regular Plan-IDCW;INF767K01121;INF767K01113;52.1833;;;23-Jan-2026
120307;LIC MF Nifty 50 Index Fund-Direct Plan-Growth;INF767K01FF2;;149.3754;;;23-Jan-2026
120309;LIC MF Nifty 50 Index Fund-Direct Plan-IDCW;INF767K01FG0;INF767K01FH8;55.0392;;;23-Jan-2026
101201;LIC MF Nifty 50 Index Fund-Regular Plan-Growth;INF767K01162;;138.223;;;23-Jan-2026
101200;LIC MF Nifty 50 Index Fund-Regular Plan-IDCW;INF767K01154;INF767K01147;50.9901;;;23-Jan-2026
151937;LIC MF Nifty Next 50 Index Fund-Direct Plan-Growth;INF397L01AW2;;53.9836;;;23-Jan-2026
151938;LIC MF Nifty Next 50 Index Fund-Direct Plan-IDCW;INF397L01AY8;INF397L01AX0;53.9836;;;23-Jan-2026
151935;LIC MF Nifty Next 50 Index Fund-Regular Plan-Growth;INF397L01174;;49.0737;;;23-Jan-2026
151936;LIC MF Nifty Next 50 Index Fund-Regular Plan-IDCW;INF397L01166;INF397L01182;49.0737;;;23-Jan-2026

Mirae Asset Mutual Fund
150792;Mirae Asset CRISIL IBX Gilt Index - April 2033 Index Fund - Direct Plan - Growth;INF769K01IX5;;13.0684;;;23-Jan-2026
150789;Mirae Asset CRISIL IBX Gilt Index - April 2033 Index Fund - Direct Plan - IDCW;INF769K01IW7;INF769K01IY3;13.0649;;;23-Jan-2026
150790;Mirae Asset CRISIL IBX Gilt Index - April 2033 Index Fund - Regular Plan - Growth;INF769K01IU1;;12.9463;;;23-Jan-2026
150791;Mirae Asset CRISIL IBX Gilt Index - April 2033 Index Fund - Regular Plan - IDCW;INF769K01IT3;INF769K01IV9;12.9473;;;23-Jan-2026
153634;Mirae Asset CRISIL-IBX Financial Services 9-12 Months Debt Index Fund - Direct Plan - Growth;INF769K01OS3;;10.3264;;;23-Jan-2026
153635;Mirae Asset CRISIL-IBX Financial Services 9-12 Months Debt Index Fund - Direct Plan - IDCW;INF769K01OU9;INF769K01OT1;10.3258;;;23-Jan-2026
153636;Mirae Asset CRISIL-IBX Financial Services 9-12 Months Debt Index Fund - Regular Plan - Growth;INF769K01OP9;;10.3147;;;23-Jan-2026
153637;Mirae Asset CRISIL-IBX Financial Services 9-12 Months Debt Index Fund - Regular Plan - IDCW;INF769K01OR5;INF769K01OQ7;10.3149;;;23-Jan-2026
152972;Mirae Asset Nifty 50 Index Fund - Direct Plan - Growth;INF769K01MQ1;;10.3843;;;23-Jan-2026
152973;Mirae Asset Nifty 50 Index Fund - Direct Plan - IDCW;INF769K01MN8;INF769K01MM0;10.3843;;;23-Jan-2026
152974;Mirae Asset Nifty 50 Index Fund - Regular Plan - Growth;INF769K01MO6;;10.3031;;;23-Jan-2026
152975;Mirae Asset Nifty 50 Index Fund - Regular Plan - IDCW;INF769K01MP3;INF769K01MR9;10.3026;;;23-Jan-2026
150788;Mirae Asset Nifty AAA PSU Bond Plus SDL Apr 2026 50:50 Index Fund - Direct Plan - Growth;INF769K01JD5;;12.6004;;;23-Jan-2026
150787;Mirae Asset Nifty AAA PSU Bond Plus SDL Apr 2026 50:50 Index Fund - Direct Plan - IDCW;INF769K01JC7;INF769K01JE3;12.6004;;;23-Jan-2026
150786;Mirae Asset Nifty AAA PSU Bond Plus SDL Apr 2026 50:50 Index Fund - Regular Plan - Growth;INF769K01JA1;;12.5124;;;23-Jan-2026
150785;Mirae Asset Nifty AAA PSU Bond Plus SDL Apr 2026 50:50 Index Fund - Regular Plan - IDCW;INF769K01IZ0;INF769K01JB9;12.5128;;;23-Jan-2026
152976;Mirae Asset Nifty LargeMidcap 250 Index Fund - Direct Plan - Growth;INF769K01MJ6;;10.1423;;;23-Jan-2026
152977;Mirae Asset Nifty LargeMidcap 250 Index Fund - Direct Plan - IDCW;INF769K01ML2;INF769K01MK4;10.1431;;;23-Jan-2026
152978;Mirae Asset Nifty LargeMidcap 250 Index Fund - Regular Plan - Growth;INF769K01MG2;;10.0598;;;23-Jan-2026
152979;Mirae Asset Nifty LargeMidcap 250 Index Fund - Regular Plan - IDCW;INF769K01MI8;INF769K01MH0;10.0592;;;23-Jan-2026
150359;Mirae Asset Nifty SDL Jun 2027 Index Fund - Direct Plan - IDCW;INF769K01IG0;INF769K01II6;12.7638;;;23-Jan-2026
150360;Mirae Asset Nifty SDL Jun 2027 Index Fund - Regular Plan - Growth;INF769K01IE5;;12.6846;;;23-Jan-2026
150361;Mirae Asset Nifty SDL Jun 2027 Index Fund - Regular Plan - IDCW;INF769K01ID7;INF769K01IF2;12.6852;;;23-Jan-2026
150358;Mirae Asset Nifty SDL Jun 2027 Index Fund -Direct Plan - Growth;INF769K01IH8;;12.7633;;;23-Jan-2026
151691;Mirae Asset Nifty SDL June 2028 Index Fund - Direct Plan - Growth;INF769K01JZ8;;12.4233;;;23-Jan-2026
151692;Mirae Asset Nifty SDL June 2028 Index Fund - Direct Plan - IDCW;INF769K01JY1;INF769K01KA9;12.4233;;;23-Jan-2026
151693;Mirae Asset Nifty SDL June 2028 Index Fund - Regular Plan - IDCW;INF769K01JV7;INF769K01JX3;12.2944;;;23-Jan-2026
151694;Mirae Asset Nifty SDL June 2028 Index Fund -Regular Plan - Growth;INF769K01JW5;;12.2941;;;23-Jan-2026
152968;Mirae Asset Nifty Total Market Index Fund - Direct Plan - Growth;INF769K01MD9;;10.0617;;;23-Jan-2026
152969;Mirae Asset Nifty Total Market Index Fund - Direct Plan - IDCW;INF769K01ME7;INF769K01MF4;10.0614;;;23-Jan-2026
152970;Mirae Asset Nifty Total Market Index Fund - Regular Plan - Growth;INF769K01MA5;;9.9748;;;23-Jan-2026
152971;Mirae Asset Nifty Total Market Index Fund - Regular Plan - IDCW;INF769K01MB3;INF769K01MC1;9.9744;;;23-Jan-2026

Navi Mutual Fund
152062;NAVI BSE SENSEX INDEX FUND - DIRECT PLAN - GROWTH;INF959L01HK9;;12.6467;;;23-Jan-2026
152061;NAVI BSE SENSEX INDEX FUND - REGULAR PLAN - GROWTH;INF959L01HJ1;;12.4382;;;23-Jan-2026
149039;Navi Nifty 50 Index Fund-Direct Plan-Growth;INF959L01FP2;;16.4169;;;23-Jan-2026
149040;Navi Nifty 50 Index Fund-Regular Plan-Growth;INF959L01FQ0;;16.2665;;;23-Jan-2026
152751;NAVI NIFTY 500 MULTICAP 50-25-25 DIRECT PLAN;INF959L01HO1;;9.6095;;;23-Jan-2026
152750;NAVI NIFTY 500 MULTICAP 50-25-25 REGULAR PLAN;INF959L01HN3;;9.5112;;;23-Jan-2026
149804;Navi Nifty Bank Index Fund- Direct Plan- Growth;INF959L01FT4;;15.3662;;;23-Jan-2026
149805;Navi Nifty Bank Index Fund- Regular Plan- Growth;INF959L01FU2;;14.933;;;23-Jan-2026
150515;Navi Nifty India Manufacturing Index Fund- Direct Plan- Growth;INF959L01GD6;;17.9013;;;23-Jan-2026
150516;Navi Nifty India Manufacturing Index Fund- Regular Plan- Growth;INF959L01GE4;;17.4251;;;23-Jan-2026
149892;Navi Nifty Midcap 150 Index Fund Direct Plan- Growth;INF959L01FX6;;19.8578;;;23-Jan-2026
149893;Navi Nifty Midcap 150 Index Fund Regular Plan- Growth;INF959L01FY4;;19.2118;;;23-Jan-2026
154026;Navi Nifty Midsmall 400 Index Fund - Regular - Growth;INF959L01HS2;;9.5889;;;23-Jan-2026
154027;Navi Nifty midsmallcap 400 Index Fund- Direct - Growth;INF959L01HR4;;9.5992;;;23-Jan-2026
149447;Navi Nifty Next 50 Index Fund- Direct Plan- Growth;INF959L01FR8;;15.7264;;;23-Jan-2026
149448;Navi Nifty Next 50 Index Fund- Regular Plan- Growth;INF959L01FS6;;15.3969;;;23-Jan-2026
153362;Navi Nifty Smallcap 250 Momentum quality index fund- Direct Plan;INF959L01HQ6;;10.2506;;;23-Jan-2026
153363;Navi Nifty Smallcap 250 Momentum quality index fund- Regular Plan;INF959L01HP8;;10.1902;;;23-Jan-2026
152535;Navi NiftyIT Index Fund - Direct Plan- Growth;INF959L01HM5;;11.3371;;;23-Jan-2026
152536;Navi NiftyIT Index Fund - Regular Plan -Growth;INF959L01HL7;;11.186;;;23-Jan-2026

PGIM India Mutual Fund
151407;PGIM India CRISIL IBX Gilt Index - Apr 2028 Fund - Direct Plan, Growth Option;INF663L01X21;;12.5068;;;23-Jan-2026
151406;PGIM India CRISIL IBX Gilt Index - Apr 2028 Fund - Direct Plan, IDCW Option;INF663L01X39;INF663L01X47;10.9638;;;23-Jan-2026
151404;PGIM India CRISIL IBX Gilt Index - Apr 2028 Fund - Regular Plan, Growth Option;INF663L01X54;;12.4453;;;23-Jan-2026
151405;PGIM India CRISIL IBX Gilt Index - Apr 2028 Fund - Regular Plan, IDCW Option;INF663L01X62;INF663L01X70;10.9068;;;23-Jan-2026

SBI Mutual Fund
153432;SBI BSE PSU BANK INDEX FUND- Direct Plan- Growth;INF200KB1688;;14.1430;;;23-Jan-2026
153433;SBI BSE PSU BANK INDEX FUND- Direct Plan- Income Distribution Cum Capital Withdrawal Option (IDCW);INF200KB1704;INF200KB1696;14.1430;;;23-Jan-2026
153434;SBI BSE PSU BANK INDEX FUND- Regular Plan- Growth;INF200KB1654;;14.0861;;;23-Jan-2026
153431;SBI BSE PSU BANK INDEX FUND- Regular Plan- Income Distribution Cum Capital Withdrawal Option (IDCW);INF200KB1662;INF200KB1670;14.0866;;;23-Jan-2026
151769;SBI BSE Sensex Index Fund - Direct Plan - Growth;INF200KA16Y4;;13.3702;;;23-Jan-2026
151770;SBI BSE Sensex Index Fund - Direct Plan - IDCW;INF200KA17Y2;INF200KA18Y0;13.3702;;;23-Jan-2026
151765;SBI BSE Sensex Index Fund - Regular Plan - Growth;INF200KA13Y1;;13.2898;;;23-Jan-2026
151766;SBI BSE Sensex Index Fund - Regular Plan - IDCW;INF200KA14Y9;INF200KA15Y6;13.2897;;;23-Jan-2026
149474;SBI CPSE Bond Plus SDL Sep 2026 50:50 Index Fund - Direct Plan - Growth;INF200KA13D5;;12.7317;;;23-Jan-2026
149475;SBI CPSE Bond Plus SDL Sep 2026 50:50 Index Fund - Direct Plan - Income Distribution cum Capital Withdrawal Option (IDCW);INF200KA14D3;INF200KA15D0;12.7867;;;23-Jan-2026
149472;SBI CPSE Bond Plus SDL Sep 2026 50:50 Index Fund - Regular Plan - Growth;INF200KA10D1;;12.6467;;;23-Jan-2026
149473;SBI CPSE Bond Plus SDL Sep 2026 50:50 Index Fund - Regular Plan - Income Distribution cum Capital Withdrawal Option (IDCW);INF200KA11D9;INF200KA12D7;12.6469;;;23-Jan-2026
150706;SBI CRISIL IBX Gilt Index - April 2029 Fund - Direct Plan - Growth;INF200KA18Q6;;13.0368;;;23-Jan-2026
150708;SBI CRISIL IBX Gilt Index - April 2029 Fund - Direct Plan - Income Distribution cum Capital Withdrawal Option (IDCW);INF200KA19Q4;INF200KA10R1;13.0369;;;23-Jan-2026
150707;SBI CRISIL IBX Gilt Index - April 2029 Fund - Regular Plan - Growth;INF200KA15Q2;;12.9369;;;23-Jan-2026
150709;SBI CRISIL IBX Gilt Index - April 2029 Fund - Regular Plan - Income Distribution cum Capital Withdrawal Option (IDCW);INF200KA16Q0;INF200KA17Q8;12.9378;;;23-Jan-2026
150681;SBI |CRISIL IBX Gilt Index - June 2036 Fund - Direct Plan - Growth;INF200KA12Q9;;13.1379;;;23-Jan-2026
150682;SBI CRISIL IBX Gilt Index - June 2036 Fund - Direct Plan - Income Distribution cum Capital Withdrawal Option (IDCW);INF200KA13Q7;INF200KA14Q5;13.1379;;;23-Jan-2026
150683;SBI CRISIL IBX Gilt Index - June 2036 Fund - Regular Plan - Growth;INF200KA19P6;;13.0319;;;23-Jan-2026
150680;SBI CRISIL IBX Gilt Index - June 2036 Fund - Regular Plan - Income Distribution cum Capital Withdrawal Option (IDCW);INF200KA10Q3;INF200KA11Q1;13.0323;;;23-Jan-2026
150711;SBI CRISIL IBX SDL Index - September 2027 Fund - Direct Plan - Growth;INF200KA14R3;;12.7972;;;23-Jan-2026
150713;SBI CRISIL IBX SDL Index - September 2027 Fund - Direct Plan - Income Distribution cum Capital Withdrawal Option (IDCW);INF200KA15R0;INF200KA16R8;12.8030;;;23-Jan-2026
150712;SBI CRISIL IBX SDL Index - September 2027 Fund - Regular Plan - Growth;INF200KA11R9;;12.7235;;;23-Jan-2026
150710;SBI CRISIL IBX SDL Index - September 2027 Fund - Regular Plan - Income Distribution cum Capital Withdrawal Option (IDCW);INF200KA12R7;INF200KA13R5;12.7237;;;23-Jan-2026
152908;SBI Nifty 500 Index Fund- Direct Plan- Growth;INF200KB1381;;9.4286;;;23-Jan-2026
152909;SBI Nifty 500 Index Fund- Direct Plan- Income Distribution Cum Capital Withdrawal (IDCW);INF200KB1399;INF200KB1407;9.4286;;;23-Jan-2026
152906;SBI Nifty 500 Index Fund- Regular Plan- Growth;INF200KB1357;;9.3682;;;23-Jan-2026
152907;SBI Nifty 500 Index Fund- Regular Plan- Income Distribution Cum Capital Withdrawal (IDCW);INF200KB1365;INF200KB1373;9.3680;;;23-Jan-2026
153251;SBI Nifty Bank Index Fund- Regular Plan- Income Distribution Cum Capital Withdrawal Option;INF200KB1548;INF200KB1555;11.6192;;;23-Jan-2026
153250;SBI Nifty Bank Index Fund-Direct Plan- Growth;INF200KB1563;;11.6733;;;23-Jan-2026
153252;SBI Nifty Bank Index Fund-Direct Plan- Income Distribution Cum Capital Withdrawal Option;INF200KB1571;INF200KB1589;11.6733;;;23-Jan-2026
153253;SBI Nifty Bank Index Fund-Regular Plan- Growth;INF200KB1530;;11.6192;;;23-Jan-2026
119827;SBI NIFTY INDEX FUND - DIRECT PLAN - GROWTH;INF200K01TE8;;232.7399;;;23-Jan-2026
119826;SBI Nifty Index Fund - Direct Plan - Income Distribution cum Capital Withdrawal Option (IDCW);INF200K01TC2;INF200K01TD0;119.5436;;;23-Jan-2026
102272;SBI NIFTY INDEX FUND - REGULAR PLAN - GROWTH;INF200K01537;;221.6397;;;23-Jan-2026
102273;SBI Nifty Index Fund - Regular Plan - Income Distribution cum Capital Withdrawal Option (IDCW);INF200K01545;INF200K01552;113.7136;;;23-Jan-2026
153015;SBI Nifty India Consumption Index Fund- Direct Plan- Growth;INF200KB1449;;10.0353;;;23-Jan-2026
153014;SBI Nifty India Consumption Index Fund- Direct Plan- IDCW Payout;INF200KB1456;INF200KB1464;10.0353;;;23-Jan-2026
153012;SBI Nifty India Consumption Index Fund- Regular Plan- Growth;INF200KB1415;;9.9756;;;23-Jan-2026
153013;SBI Nifty India Consumption Index Fund- Regular Plan- IDCW Payout;INF200KB1423;INF200KB1431;9.9757;;;23-Jan-2026
153320;SBI Nifty IT Index Fund - Direct Plan - Growth;INF200KB1621;;9.6190;;;23-Jan-2026
153321;SBI Nifty IT Index Fund - Direct Plan - Income Distribution Cum Withdrawal Option (IDCW);INF200KB1639;INF200KB1647;9.6191;;;23-Jan-2026
153323;SBI Nifty IT Index Fund - Regular Plan - Growth;INF200KB1597;;9.5766;;;23-Jan-2026
153322;SBI Nifty IT Index Fund - Regular Plan - Income Distribution Cum Capital Withdrawal Option (IDCW);INF200KB1605;INF200KB1613;9.5766;;;23-Jan-2026
150673;SBI Nifty Midcap 150 Index Fund - Direct Plan - Growth;INF200KA10P5;;18.2600;;;23-Jan-2026
150675;SBI Nifty Midcap 150 Index Fund - Direct Plan - Income Distribution cum Capital Withdrawal Option (IDCW);INF200KA11P3;INF200KA12P1;18.2594;;;23-Jan-2026
150672;SBI Nifty Midcap 150 Index Fund - Regular Plan - Growth;INF200KA17O3;;17.9461;;;23-Jan-2026
150674;SBI Nifty Midcap 150 Index Fund - Regular Plan - Income Distribution cum Capital Withdrawal Option (IDCW);INF200KA18O1;INF200KA19O9;17.9464;;;23-Jan-2026
148945;SBI Nifty Next 50 Index Fund - Direct Plan - Growth;INF200KA1W00;;18.2987;;;23-Jan-2026
148946;SBI Nifty Next 50 Index Fund - Direct Plan - Income Distribution cum Capital Withdrawal Option (IDCW);INF200KA1W18;INF200KA1W26;18.2977;;;23-Jan-2026
148943;SBI Nifty Next 50 Index Fund - Regular Plan - Growth;INF200KA1V76;;17.8993;;;23-Jan-2026
148944;SBI Nifty Next 50 Index Fund - Regular Plan - Income Distribution cum Capital Withdrawal Option (IDCW);INF200KA1V84;INF200KA1V92;17.8995;;;23-Jan-2026
150677;SBI Nifty Smallcap 250 Index Fund - Direct Plan - Growth;INF200KA16P2;;16.6914;;;23-Jan-2026
150678;SBI Nifty Smallcap 250 Index Fund - Direct Plan - Income Distribution cum Capital Withdrawal Option (IDCW);INF200KA17P0;INF200KA18P8;16.6910;;;23-Jan-2026
150676;SBI Nifty Smallcap 250 Index Fund - Regular Plan - Growth;INF200KA13P9;;16.3986;;;23-Jan-2026
150679;SBI Nifty Smallcap 250 Index Fund - Regular Plan - Income Distribution cum Capital Withdrawal Option (IDCW);INF200KA14P7;INF200KA15P4;16.3991;;;23-Jan-2026
153718;SBI Nifty100 Low Volatility 30 Index Fund- Direct Plan- Growth;INF200KB1936;;10.3304;;;23-Jan-2026
153716;SBI Nifty100 Low Volatility 30 Index Fund- Regular Plan- Growth;INF200KB1902;;10.3104;;;23-Jan-2026
153717;SBI Nifty100 Low Volatility 30 Index Fund- Regular Plan- Income Cum Distribution Capital Withdrawal Option (IDCW);INF200KB1910;INF200KB1928;10.3104;;;23-Jan-2026
153719;SBI Nifty100 Low Volatility 30 Index Fund-Direct  Plan- Income Cum Distribution Capital Withdrawal Option (IDCW);INF200KB1944;INF200KB1951;10.3304;;;23-Jan-2026
153662;SBI Nifty200 Momentum 30 Index Fund- Direct Plan- Growth;INF200KB1878;;9.5757;;;23-Jan-2026
153665;SBI Nifty200 Momentum 30 Index Fund- Direct Plan- Income Cum Distribution Capital Withdrawal Option (IDCW);INF200KB1886;INF200KB1894;9.5758;;;23-Jan-2026
153663;SBI Nifty200 Momentum 30 Index Fund- Regular Plan- Growth;INF200KB1845;;9.5557;;;23-Jan-2026
153664;SBI Nifty200 Momentum 30 Index Fund- Regular Plan- Income Distribution Cum Capital Withdrawal Option (IDCW);INF200KB1852;INF200KB1860;9.5557;;;23-Jan-2026
153557;SBI Nifty200 Quality 30 Index Fund- Direct Plan- Income Distribution Cum Capital Withdrawal Option;INF200KB1829;INF200KB1837;10.2510;;;23-Jan-2026
153556;SBI Nifty200 Quality 30 Index Fund- Regular Plan- Income Cum Distribution Withdrawal Option;INF200KB1795;INF200KB1803;10.2255;;;23-Jan-2026
153555;SBI Nifty200 Quality 30 Index Fund-Direct Plan- Growth;INF200KB1811;;10.2510;;;23-Jan-2026
153554;SBI Nifty200 Quality 30 Index Fund-Regular Plan- Growth;INF200KB1787;;10.2255;;;23-Jan-2026
152370;SBI Nifty50 Equal Weight Index Fund - Direct Plan - Growth;INF200KB1027;;11.9999;;;23-Jan-2026
152371;SBI Nifty50 Equal Weight Index Fund - Direct Plan - Income Distribution Cum Capital Withdrawal Option;INF200KB1035;INF200KB1043;11.9992;;;23-Jan-2026
152372;SBI Nifty50 Equal Weight Index Fund - Regular Plan - Growth;INF200KA18Z7;;11.8837;;;23-Jan-2026
152373;SBI Nifty50 Equal Weight Index Fund - Regular Plan - Income Distribution Cum Capital Withdrawal Option;INF200KA19Z5;INF200KB1019;11.8836;;;23-Jan-2026

Taurus Mutual Fund
118881;Taurus Nifty 50 Index Fund - Direct Plan - Growth;INF044D01CQ5;;50.7734;;;23-Jan-2026
118882;Taurus Nifty 50 Index Fund - Direct Plan - Payout of Income Distribution cum Capital Withdrawal option;INF044D01CR3;INF044D01CS1;47.5182;;;23-Jan-2026
112948;Taurus Nifty 50 Index Fund - Regular Plan - Growth;INF044D01948;;47.6039;;;23-Jan-2026
112949;Taurus Nifty 50 Index Fund - Regular Plan - Payout of Income Distribution cum Capital Withdrawal option;INF044D01914;INF044D01922;30.3514;;;23-Jan-2026

Zerodha Mutual Fund
153932;Zerodha BSE SENSEX Index Fund;INF0R8F01174;;9.7789;;;23-Jan-2026
152157;Zerodha ELSS Tax Saver Nifty LargeMidcap 250 Index Fund - Direct Plan - Growth option;INF0R8F01026;;13.7678;;;23-Jan-2026
153906;Zerodha Nifty 50 Index Fund - Direct Plan - Growth;INF0R8F01158;;9.9541;;;23-Jan-2026
152156;Zerodha Nifty LargeMidcap 250 Index Fund - Direct Plan - Growth option;INF0R8F01018;;13.7483;;;23-Jan-2026
154109;Zerodha Nifty Short Duration G-Sec Index Fund - Direct Plan - Growth Option;INF0R8F01182;;1001.509;;;23-Jan-2026

Open Ended Schemes ( Other Scheme - Gold ETF )


360 ONE Mutual Fund
153357;360 ONE Gold ETF;INF579M01BB5;;150.0255;;;23-Jan-2026

Angel One Mutual Fund
153826;ANGEL ONE GOLD ETF;INF1J2R01114;;14.3492;;;23-Jan-2026

Baroda BNP Paribas Mutual Fund
152231;Baroda BNP Paribas Gold ETF;INF251K01SU9;;148.8865;;;23-Jan-2026

Choice Mutual Fund
153933;Choice Gold ETF;INF2KCX01012;;152.7100;;;23-Jan-2026

DSP Mutual Fund
151737;DSP Gold ETF;INF740KA1SW3;;149.3554;;;23-Jan-2026

Edelweiss Mutual Fund
152193;Edelweiss Gold ETF;INF754K01SE6;;153.6135;;;23-Jan-2026

Groww Mutual Fund
152957;Groww Gold ETF;INF666M01IW1;;150.3709;;;23-Jan-2026

ICICI Prudential Mutual Fund
113076;ICICI Prudential Gold ETF;INF109KC1NT3;;131.6928;;;23-Jan-2026

Invesco Mutual Fund
112368;Invesco India Gold Exchange Traded Fund;INF205K01361;;13379.4489;;;23-Jan-2026

LIC Mutual Fund
151961;LIC MF Gold Exchange Traded Fund;INF397L01554;;13720.9896;;;23-Jan-2026

Mirae Asset Mutual Fund
151416;Mirae Asset Gold ETF;INF769K01JP9;;149.3588;;;23-Jan-2026

Quantum Mutual Fund
107693;Quantum Gold Fund;INF082J01408;;127.4743;;;23-Jan-2026

SBI Mutual Fund
111954;SBI Gold ETF;INF200KA16D8;;131.2328;;;23-Jan-2026

The Wealth Company Mutual Fund
154092;The Wealth Company Gold ETF;INF2F0001370;;152.567;;;23-Jan-2026

Union Mutual Fund
153337;Union Gold ETF;INF582M01KS4;;150.5778;;;23-Jan-2026

Open Ended Schemes ( Other Scheme - Other  ETFs )


360 ONE Mutual Fund
153415;360 ONE Silver ETF;INF579M01BC3;;307.1547;;;23-Jan-2026

Angel One Mutual Fund
153451;ANGEL ONE NIFTY 1D RATE LIQUID ETF - GROWTH;INF1J2R01056;;1044.145;;;23-Jan-2026
153531;ANGEL ONE NIFTY 50 ETF;INF1J2R01064;;10.2687;;;23-Jan-2026
153332;ANGEL ONE NIFTY TOTAL MARKET ETF;INF1J2R01015;;11.4534;;;23-Jan-2026
153957;ANGEL ONE NIFTY TOTAL MARKET MOMENTUM QUALITY 50 ETF;INF1J2R01148;;9.2649;;;23-Jan-2026

Bajaj Finserv Mutual Fund
152638;Bajaj Finserv Nifty 1D Rate Liquid ETF;INF0QA701854;;1066.2865;;;23-Jan-2026
152356;Bajaj Finserv Nifty 50 ETF;INF0QA701722;;255.9322;;;23-Jan-2026
152357;Bajaj Finserv Nifty Bank ETF;INF0QA701714;;59.2147;;;23-Jan-2026

Baroda BNP Paribas Mutual Fund
152683;Baroda BNP Paribas Nifty Bank ETF;INF251K01TL6;;58.7299;;;23-Jan-2026

DSP Mutual Fund
152555;DSP BSE Liquid Rate ETF;INF740KA1UM0;;1110.343;;;23-Jan-2026
151886;DSP BSE Sensex ETF;INF740KA1SZ6;;83.4685;;;23-Jan-2026
153228;DSP BSE SENSEX Next 30 ETF;INF740KA1VE5;;39.6378;;;23-Jan-2026
153975;DSP MSCI INDIA ETF;INF740KA1WV7;;29.4295;;;23-Jan-2026
142589;DSP NIFTY 1D Rate Liquid ETF;;INF740KA1EU7;1000;;;23-Jan-2026
149286;DSP Nifty 50 Equal Weight ETF;INF740KA1QK2;;334.4351;;;23-Jan-2026
149392;DSP Nifty 50 ETF;INF740KA1CL0;;261.9342;;;23-Jan-2026
151262;DSP Nifty Bank ETF;INF740KA1RX3;;59.6405;;;23-Jan-2026
152306;DSP Nifty Healthcare ETF;INF740KA1UF4;;140.4778;;;23-Jan-2026
151820;DSP Nifty IT ETF;INF740KA1SX1;;40.2039;;;23-Jan-2026
154025;DSP Nifty Midcap 150 ETF;INF740KA1WW5;;21.0015;;;23-Jan-2026
149403;DSP Nifty Midcap 150 Quality 50 ETF;INF740KA1QL0;;234.1589;;;23-Jan-2026
154087;DSP Nifty Next 50 ETF;INF740KA1XU7;;66.2206;;;23-Jan-2026
151887;DSP Nifty Private Bank ETF;INF740KA1TA7;;28.3377;;;23-Jan-2026
151888;DSP Nifty PSU Bank ETF;INF740KA1SY9;;88.2903;;;23-Jan-2026
154024;DSP Nifty Smallcap 250 ETF;INF740KA1WX3;;15.304;;;23-Jan-2026
152812;DSP Nifty Top 10 Equal Weight ETF;INF740KA1UR9;;96.272;;;23-Jan-2026
153874;DSP Nifty500 Flexicap Quality 30 ETF;INF740KA1WU9;;10.4211;;;23-Jan-2026

Edelweiss Mutual Fund
152212;Edelweiss Silver ETF;INF754K01SF3;;312.6017;;;23-Jan-2026

Groww Mutual Fund
153744;Groww BSE Power ETF;INF666M01LM6;;9.0493;;;23-Jan-2026
152891;Groww Nifty 1D Rate Liquid ETF;INF666M01IP5;;107.576;;;23-Jan-2026
153329;Groww Nifty 200 ETF;INF666M01JV1;;11.2322;;;23-Jan-2026
153699;Groww Nifty 50 ETF;INF666M01LL8;;10.0544;;;23-Jan-2026
153583;Groww Nifty 500 Low Volatility 50 ETF;INF666M01LB9;;10.4035;;;23-Jan-2026
153452;Groww Nifty 500 Momentum 50 ETF;INF666M01KJ4;;10.0802;;;23-Jan-2026
153907;Groww Nifty Capital Markets ETF;INF666M01MM4;;9.4479;;;23-Jan-2026
154111;Groww Nifty Chemicals ETF;INF666M01NP5;;27.3283;;;23-Jan-2026
152764;GROWW NIFTY EV & NEW AGE AUTOMOTIVE ETF;INF666M01IH2;;29.29;;;23-Jan-2026
152845;Groww Nifty India Defence ETF;INF666M01IO8;;75.0285;;;23-Jan-2026
153625;Groww Nifty India Internet ETF;INF666M01LI4;;9.4397;;;23-Jan-2026
153229;Groww Nifty India Railways PSU ETF;INF666M01JJ6;;32.6046;;;23-Jan-2026
154034;Groww Nifty Metal ETF;INF666M01NI0;;10.8852;;;23-Jan-2026
153940;Groww Nifty Midcap 150 ETF;INF666M01MV5;;210.2304;;;23-Jan-2026
153785;Groww Nifty Next 50 ETF;INF666M01LZ8;;66.2374;;;23-Jan-2026
153899;Groww Nifty Realty ETF;INF666M01MN2;;8.4718;;;23-Jan-2026
153923;Groww Nifty Smallcap250 ETF;INF666M01MO0;;8.8268;;;23-Jan-2026
153524;Groww Silver ETF;INF666M01LA1;;306.9254;;;23-Jan-2026

ICICI Prudential Mutual Fund
141957;BHARAT 22 ETF;INF109KB15Y7;;115.2792;;;23-Jan-2026
143247;ICICI Prudential BSE 500 ETF;INF109KC1V59;;38.3249;;;23-Jan-2026
153378;ICICI Prudential BSE Liquid Rate ETF - Growth;INF109K1A021;;1046.6794;;;23-Jan-2026
144947;ICICI Prudential BSE Liquid Rate ETF - IDCW;INF109KC1KT9;;1000.0000;;;23-Jan-2026
139519;ICICI Prudential BSE Midcap Select ETF;INF109KC10W0;;17.4193;;;23-Jan-2026
101705;ICICI Prudential BSE Sensex ETF;INF346A01034;;930.6950;;;23-Jan-2026
151196;ICICI Prudential Nifty 10 yr Benchmark G-sec ETF;INF109KC18O0;;258.8339;;;23-Jan-2026
123004;ICICI Prudential Nifty 100 ETF;INF109KC16V9;;28.4143;;;23-Jan-2026
141596;ICICI Prudential Nifty 100 Low Volatility 30 ETF;INF109KC19U5;;22.4572;;;23-Jan-2026
150455;ICICI Prudential Nifty 200 Momentum 30 ETF;INF109KC17C7;;30.6703;;;23-Jan-2026
151907;ICICI Prudential Nifty 200 Quality 30 ETF;INF109KC18V5;;21.5327;;;23-Jan-2026
149928;ICICI Prudential Nifty 5 yr Benchmark G-SEC ETF;INF109KC14A8;;63.8109;;;23-Jan-2026
121366;ICICI Prudential Nifty 50 ETF;INF109K012R6;;281.7967;;;23-Jan-2026
148456;ICICI Prudential Nifty Alpha Low- Volatility 30 ETF;INF109KC17V7;;27.1013;;;23-Jan-2026
149463;ICICI Prudential Nifty Auto ETF;INF109KC10V2;;27.5457;;;23-Jan-2026
147483;ICICI Prudential Nifty Bank ETF;INF109KC15I8;;59.8251;;;23-Jan-2026
151207;ICICI Prudential Nifty Commodities ETF;INF109KC19O8;;94.7113;;;23-Jan-2026
153397;ICICI Prudential Nifty EV & New Age Automotive ETF;INF109K1A153;;29.3529;;;23-Jan-2026
150879;ICICI Prudential Nifty Financial Services Ex-BaNk ETF;INF109KC17L8;;31.0448;;;23-Jan-2026
149072;ICICI Prudential Nifty FMCG ETF;INF109KC19V3;;55.2028;;;23-Jan-2026
148957;ICICI Prudential Nifty Healthcare ETF;INF109KC1Q72;;142.7342;;;23-Jan-2026
149285;ICICI Prudential Nifty India Consumption ETF;INF109KC1V42;;119.0161;;;23-Jan-2026
150526;ICICI Prudential Nifty Infrastructure ETF;INF109KC16E5;;91.6085;;;23-Jan-2026
148466;ICICI Prudential Nifty IT ETF;INF109KC16I6;;42.1525;;;23-Jan-2026
152769;ICICI Prudential Nifty Metal ETF;INF109KC19W1;;11.5159;;;23-Jan-2026
147921;ICICI Prudential Nifty Midcap 150 ETF;INF109KC11W8;;21.6576;;;23-Jan-2026
144587;ICICI Prudential Nifty Next 50 ETF;INF109KC1NS5;;69.5539;;;23-Jan-2026
152748;ICICI Prudential Nifty Oil & Gas ETF;INF109KC18W3;;11.4483;;;23-Jan-2026
147530;ICICI Prudential Nifty Private Bank ETF;INF109KC18U7;;28.1933;;;23-Jan-2026
151572;ICICI Prudential Nifty PSU Bank ETF;INF109KC10S8;;88.7409;;;23-Jan-2026
153617;ICICI Prudential Nifty Top 15 Equal Weight ETF;INF109K1A344;;10.6242;;;23-Jan-2026
152932;ICICI Prudential Nifty200 Value 30 ETF;INF109KC16X5;;14.9323;;;23-Jan-2026
139455;ICICI Prudential Nifty50 Value 20 ETF;INF109KC11V0;;14.9409;;;23-Jan-2026
149464;ICICI PRUDENTIAL SILVER ETF;INF109KC1Y56;;312.9648;;;23-Jan-2026

Invesco Mutual Fund
115284;Invesco India Nifty 50 Exchange Traded Fund;INF205K01DA9;;2852.2369;;;23-Jan-2026

LIC Mutual Fund
135672;LIC MF BSE Sensex ETF;INF767K01OT5;;914.5503;;;23-Jan-2026
136473;LIC MF Nifty 100 ETF;INF767K01PC8;;278.6207;;;23-Jan-2026
135607;LIC MF Nifty 50 ETF;INF767K01OS7;;279.0614;;;23-Jan-2026
133307;LIC MF Nifty 8-13 yr G-Sec ETF;INF767K01MV5;;28.7136;;;23-Jan-2026
152404;LIC MF Nifty Midcap 100 ETF;INF767K01RN1;;57.3648;;;23-Jan-2026

Mirae Asset Mutual Fund
153379;Mirae Asset BSE 200 Equal Weight ETF;INF769K01OA1;;12.7925;;;23-Jan-2026
154061;Mirae Asset BSE 500 Dividend Leaders 50 ETF;INF769K01PY8;;35.9334;;;23-Jan-2026
153384;Mirae Asset BSE Select IPO ETF;INF769K01ON4;;41.5788;;;23-Jan-2026
152097;Mirae Asset BSE Sensex ETF;INF769K01KT9;;83.5406;;;23-Jan-2026
149379;Mirae Asset Hang Seng TECH ETF;INF769K01HS7;;22.8814;;;23-Jan-2026
148572;Mirae Asset Nifty 100 ESG Sector Leaders ETF;INF769K01GS9;;42.6684;;;23-Jan-2026
151604;Mirae Asset Nifty 100 Low Volatility 30 ETF;INF769K01JU9;;209.2339;;;23-Jan-2026
153045;Mirae Asset Nifty 1D Rate Liquid ETF - Growth;INF769K01MY5;;1069.6549;;;23-Jan-2026
151908;Mirae Asset Nifty 1D Rate Liquid ETF-IDCW;;INF769K01KS1;1000.0000;;;23-Jan-2026
152134;Mirae Asset Nifty 200 Alpha 30 ETF;INF769K01KU7;;24.0416;;;23-Jan-2026
145633;Mirae Asset Nifty 50 ETF;INF769K01EG9;;270.4658;;;23-Jan-2026
151695;Mirae Asset Nifty 8-13 yr Gsec ETF;INF769K01KF8;;29.5779;;;23-Jan-2026
151857;Mirae Asset Nifty Bank ETF;INF769K01KR3;;593.3830;;;23-Jan-2026
153945;Mirae Asset Nifty Energy ETF;INF769K01PR2;;33.1050;;;23-Jan-2026
152715;Mirae Asset Nifty EV and New Age Automotive ETF;INF769K01LQ3;;29.3902;;;23-Jan-2026
149105;Mirae Asset Nifty Financial Services ETF;INF769K01HI8;;27.6989;;;23-Jan-2026
153642;Mirae Asset Nifty India Internet ETF;INF769K01PB6;;12.7371;;;23-Jan-2026
149786;Mirae Asset Nifty India Manufacturing ETF;INF769K01IB1;;149.7936;;;23-Jan-2026
153191;Mirae Asset Nifty India New Age Consumption ETF;INF769K01NS5;;10.9115;;;23-Jan-2026
152155;Mirae Asset Nifty IT ETF;INF769K01KV5;;40.1973;;;23-Jan-2026
152924;Mirae Asset Nifty Metal ETF;INF769K01LY7;;11.5251;;;23-Jan-2026
149918;Mirae Asset Nifty Midcap 150 ETF;INF769K01IC9;;21.3916;;;23-Jan-2026
152634;Mirae Asset Nifty MidSmallcap400 Momentum Quality 100 ETF;INF769K01LJ8;;45.4457;;;23-Jan-2026
147906;Mirae Asset Nifty Next 50 ETF;INF769K01FN2;;679.7296;;;23-Jan-2026
152929;Mirae Asset Nifty PSU Bank ETF;INF769K01LZ4;;88.1518;;;23-Jan-2026
153946;Mirae Asset Nifty Smallcap 250 ETF;INF769K01PQ4;;15.3113;;;23-Jan-2026
152455;Mirae Asset Nifty Smallcap 250 Momentum Quality 100 ETF;INF769K01LC3;;40.7147;;;23-Jan-2026
154060;Mirae Asset Nifty Top 20 Equal Weight ETF;INF769K01PZ5;;9.3119;;;23-Jan-2026
153519;Mirae Asset Nifty 50 Equal Weight ETF;;;324.5185;;;23-Jan-2026
152811;Mirae Asset Nifty500 Multicap 50:25:25 ETF;INF769K01LX9;;15.6696;;;23-Jan-2026
151779;Mirae Asset Silver ETF;INF769K01KG6;;304.7344;;;23-Jan-2026

Quantum Mutual Fund
108479;Quantum Nifty 50 ETF;INF082J01028;;2737.5853;;;23-Jan-2026

SBI Mutual Fund
134014;SBI BSE 100 ETF;INF200KA1572;;289.1902;;;23-Jan-2026
153435;SBI BSE PSU BANK ETF;INF200KB1712;;51.0002;;;23-Jan-2026
121109;SBI BSE SENSEX ETF;INF200K01VT2;;902.2776;;;23-Jan-2026
144916;SBI BSE Sensex Next 50 ETF;INF200KA1VQ2;;896.0079;;;23-Jan-2026
139430;SBI Nifty 10 yr Benchmark G-Sec ETF;INF200KA1JT1;;259.2950;;;23-Jan-2026
153796;SBI Nifty 1D Rate Liquid ETF - Growth;INF200KB1969;;1023.9123;;;23-Jan-2026
152168;SBI NIFTY 1D Rate Liquid ETF - IDCW;;INF200KA13Z8;1000.0000;;;23-Jan-2026
145648;SBI Nifty 200 Quality 30 ETF;INF200KA1WX6;;226.4657;;;23-Jan-2026
135106;SBI Nifty 50 ETF;INF200KA1FS1;;267.7121;;;23-Jan-2026
134008;SBI Nifty Bank ETF;INF200KA1580;;598.5789;;;23-Jan-2026
149041;SBI Nifty Consumption ETF;INF200KA1X17;;118.5903;;;23-Jan-2026
148542;SBI Nifty IT ETF;INF200KA1S14;;421.1898;;;23-Jan-2026
134013;SBI Nifty Next 50 ETF;INF200KA1598;;705.5122;;;23-Jan-2026
148541;SBI Nifty Private Bank ETF;INF200KA1S22;;285.0429;;;23-Jan-2026
152749;SBI Nifty50 Equal Weight ETF;INF200KB1282;;32.5700;;;23-Jan-2026
152725;SBI Silver ETF;INF200KB1217;;306.4399;;;23-Jan-2026

Zerodha Mutual Fund
152667;Zerodha Nifty 100 ETF;INF0R8F01067;;10.6636;;;23-Jan-2026
152327;Zerodha Nifty 1D Rate Liquid ETF - Growth Option;INF0R8F01034;;112.4279;;;23-Jan-2026
153905;Zerodha Nifty 50 ETF;INF0R8F01166;;9.9672;;;23-Jan-2026
153811;Zerodha Nifty 8-13 Yr G-Sec ETF;INF0R8F01133;;29.7022;;;23-Jan-2026
152668;Zerodha Nifty Midcap 150 ETF;INF0R8F01059;;10.4901;;;23-Jan-2026
153837;Zerodha Nifty Smallcap 100 ETF;INF0R8F01141;;9.2336;;;23-Jan-2026

Open Ended Schemes ( Other Scheme - FoF Domestic )


Angel One Mutual Fund
153828;ANGEL ONE GOLD ETF FOF - REGULAR GROWTH;INF1J2R01106;;14.0564;;;23-Jan-2026
153827;ANGEL ONE GOLD ETF FOF- DIRECT GROWTH;INF1J2R01098;;14.0825;;;23-Jan-2026

Baroda BNP Paribas Mutual Fund
153795;Baroda BNP Paribas Gold ETF Fund of Funds Direct Growth;INF251K01VF4;;15.4832;;;23-Jan-2026
153794;Baroda BNP Paribas Gold ETF Fund of Funds Regular Growth;INF251K01VE7;;15.4565;;;23-Jan-2026
153536;Baroda BNP Paribas Income Plus Arbitrage Active FOF Direct Growth;INF251K01UT7;;10.3412;;;23-Jan-2026
153540;Baroda BNP Paribas Income Plus Arbitrage Active FOF Direct IDCW Payout;INF251K01UU5;INF251K01UV3;10.3412;;;23-Jan-2026
153541;Baroda BNP Paribas Income Plus Arbitrage Active FOF Regular Growth;INF251K01UR1;;10.3272;;;23-Jan-2026
153538;Baroda BNP Paribas Income Plus Arbitrage Active FOF Regular IDCW Payout;INF251K01UX9;INF251K01US9;10.3272;;;23-Jan-2026
153552;Baroda BNP Paribas Multi Asset Active FOF Direct Growth;INF251K01UO8;;11.2605;;;23-Jan-2026
153550;Baroda BNP Paribas Multi Asset Active FOF Direct IDCW Payout;INF251K01UP5;INF251K01UQ3;11.2605;;;23-Jan-2026
153548;Baroda BNP Paribas Multi Asset Active FOF Regular Growth;INF251K01UM2;;11.1951;;;23-Jan-2026
153549;Baroda BNP Paribas Multi Asset Active FOF Regular ICDW Payout;INF251K01UN0;INF251K01UW1;11.1951;;;23-Jan-2026

DSP Mutual Fund
152183;DSP Gold ETF Fund of Fund - Direct - Growth;INF740KA1TK6;;24.2873;;;23-Jan-2026
152184;DSP Gold ETF Fund of Fund - Direct - IDCW;INF740KA1TL4;INF740KA1TM2;24.2873;;;23-Jan-2026
152182;DSP Gold ETF Fund of Fund - Regular - Growth;INF740KA1TH2;;24.0907;;;23-Jan-2026
152181;DSP Gold ETF Fund of Fund - Regular - IDCW;INF740KA1TI0;INF740KA1TJ8;24.0907;;;23-Jan-2026

Groww Mutual Fund
153745;Groww BSE Power ETF FOF Direct Growth;INF666M01LN4;;8.9686;;;23-Jan-2026
153746;Groww BSE Power ETF FOF Direct IDCW;INF666M01LO2;INF666M01LP9;8.9686;;;23-Jan-2026
153748;Groww BSE Power ETF FOF Regular Growth;INF666M01LQ7;;8.9494;;;23-Jan-2026
153747;Groww BSE Power ETF FOF Regular IDCW;INF666M01LR5;INF666M01LS3;8.9494;;;23-Jan-2026
152980;Groww Gold ETF FOF - DIRECT - GROWTH;INF666M01IX9;;18.9386;;;23-Jan-2026
153004;Groww Gold ETF FOF - DIRECT - IDCW;INF666M01IY7;INF666M01IZ4;18.9386;;;23-Jan-2026
153006;Groww Gold ETF FOF - REGULAR - GROWTH;INF666M01JA5;;18.8632;;;23-Jan-2026
153005;Groww Gold ETF FOF - REGULAR - IDCW;INF666M01JB3;INF666M01JC1;18.865;;;23-Jan-2026
153328;Groww Nifty 200 ETF FOF - Direct - Growth;INF666M01JQ1;;11.555;;;23-Jan-2026
153343;Groww Nifty 200 ETF FOF - Direct - IDCW;INF666M01JR9;INF666M01JS7;11.5549;;;23-Jan-2026
153342;Groww Nifty 200 ETF FOF - Regular - Growth;INF666M01JT5;;11.4975;;;23-Jan-2026
153344;Groww Nifty 200 ETF FOF - Regular - IDCW;INF666M01JU3;INF666M01JW9;11.4976;;;23-Jan-2026
153453;Groww Nifty 500 Momentum 50 ETF FOF - Direct Plan - Growth;INF666M01JX7;;10.0436;;;23-Jan-2026
153454;Groww Nifty 500 Momentum 50 ETF FOF - Direct Plan - IDCW;INF666M01JY5;INF666M01KB1;10.0546;;;23-Jan-2026
153455;Groww Nifty 500 Momentum 50 ETF FOF - Regular Plan - IDCW;INF666M01KH8;INF666M01KI6;10.0096;;;23-Jan-2026
153456;Groww Nifty 500 Momentum 50 ETF FOF - Regular Plan- Growth;INF666M01KC9;;10.0097;;;23-Jan-2026
153908;Groww Nifty Capital Markets ETF FOF Direct Growth;INF666M01MG6;;9.6125;;;23-Jan-2026
153917;Groww Nifty Capital Markets ETF FOF Direct IDCW;INF666M01MH4;INF666M01MI2;9.6125;;;23-Jan-2026
153918;Groww Nifty Capital Markets ETF FOF Regular Growth;INF666M01MJ0;;9.6053;;;23-Jan-2026
153919;Groww Nifty Capital Markets ETF FOF Regular IDCW;INF666M01MK8;INF666M01ML6;9.6054;;;23-Jan-2026
152771;Groww Nifty EV & New Age Automotive ETF FOF - Direct Plan - IDCW;INF666M01IM2;INF666M01IN0;8.9766;;;23-Jan-2026
152773;Groww Nifty EV & New Age Automotive ETF FOF - Regular Plan - Growth;INF666M01II0;;8.9202;;;23-Jan-2026
152772;Groww Nifty EV & New Age Automotive ETF FOF - Regular Plan - IDCW;INF666M01IJ8;INF666M01IK6;8.9203;;;23-Jan-2026
152770;Groww Nifty EV & New Age Automotive ETF FOF- Direct Plan - Growth;INF666M01IL4;;8.9762;;;23-Jan-2026
152926;Groww Nifty India Defence ETF FOF - Direct - IDCW;INF666M01IR1;INF666M01IS9;11.0949;;;23-Jan-2026
152925;Groww Nifty India Defence ETF FOF - Direct Growth;INF666M01IQ3;;11.0947;;;23-Jan-2026
152927;Groww Nifty India Defence ETF FOF - Regular - Growth;INF666M01IT7;;11.0365;;;23-Jan-2026
152928;Groww Nifty India Defence ETF FOF - Regular - IDCW;INF666M01IU5;INF666M01IV3;11.0352;;;23-Jan-2026
153626;Groww Nifty India Internet ETF FOF - Direct - Growth;INF666M01LC7;;9.4441;;;23-Jan-2026
153632;Groww Nifty India Internet ETF FOF - Direct - IDCW;INF666M01LD5;INF666M01LE3;9.4441;;;23-Jan-2026
153633;Groww Nifty India Internet ETF FOF - Regular - Growth;INF666M01LF0;;9.4198;;;23-Jan-2026
153631;Groww Nifty India Internet ETF FOF - Regular - IDCW;INF666M01LG8;INF666M01LH6;9.4197;;;23-Jan-2026
153525;Groww Silver ETF FOF - Direct - Growth;INF666M01KQ9;;29.3241;;;23-Jan-2026
153526;Groww Silver ETF FOF - Direct - IDCW;INF666M01KR7;INF666M01KS5;29.3303;;;23-Jan-2026
153527;Groww Silver ETF FOF - Regular - Growth;INF666M01KX5;;29.2386;;;23-Jan-2026
153528;Groww Silver ETF FOF - Regular - IDCW;INF666M01KY3;INF666M01KZ0;29.24;;;23-Jan-2026

ICICI Prudential Mutual Fund
143904;ICICI Prudential BHARAT 22 FOF - Cumulative Option;INF109KC1FW3;;33.6749;;;23-Jan-2026
143903;ICICI Prudential BHARAT 22 FOF - Direct Plan Cumulative Option;INF109KC1FX1;;33.6872;;;23-Jan-2026
149331;ICICI Prudential BSE 500 ETF FOF - Direct Plan - Growth;INF109KC1V91;;15.5933;;;23-Jan-2026
149333;ICICI Prudential BSE 500 ETF FOF - Direct Plan - IDCW;INF109KC1W09;INF109KC1W17;15.5929;;;23-Jan-2026
149334;ICICI Prudential BSE 500 ETF FOF - Growth;INF109KC1V67;;15.2881;;;23-Jan-2026
149332;ICICI Prudential BSE 500 ETF FOF - IDCW;INF109KC1V75;INF109KC1V83;15.2880;;;23-Jan-2026
120702;ICICI Prudential Diversified Debt Strategy Active FOF  - Direct Plan - Growth;INF109K01X73;;48.1433;;;23-Jan-2026
120703;ICICI Prudential Diversified Debt Strategy Active FOF - Direct Plan -  IDCW;INF109K01X57;INF109K01X65;42.3850;;;23-Jan-2026
102141;ICICI Prudential Diversified Debt Strategy Active FOF - Growth;INF109K01878;;46.2141;;;23-Jan-2026
102143;ICICI Prudential Diversified Debt Strategy Active FOF - IDCW;INF109K01FS0;INF109K01886;40.3105;;;23-Jan-2026
120313;ICICI Prudential Income plus Arbitrage Omni FOF - Direct Plan - Growth;INF109K01W82;;69.2358;;;23-Jan-2026
120314;ICICI Prudential Income plus Arbitrage Omni FOF - Direct Plan - IDCW;INF109K01W66;INF109K01W74;53.5392;;;23-Jan-2026
102139;ICICI Prudential Income Plus Arbitrage Omni FOF - Growth;INF109K01811;;64.3993;;;23-Jan-2026
102140;ICICI Prudential Income plus Arbitrage Omni FOF - IDCW;INF109K01EB9;INF109K01829;49.4161;;;23-Jan-2026
120243;ICICI Prudential Multi Sector Passive FOF - Direct Plan -  IDCW;INF109K01W33;INF109K01W41;136.8980;;;23-Jan-2026
120242;ICICI Prudential Multi Sector Passive FOF - Direct Plan - Growth;INF109K01W58;;173.8501;;;23-Jan-2026
102133;ICICI Prudential Multi Sector Passive FOF - Growth;INF109K01795;;165.9485;;;23-Jan-2026
102134;ICICI Prudential Multi Sector Passive FOF - IDCW;INF109K01DW7;INF109K01803;129.2948;;;23-Jan-2026
148822;ICICI Prudential Nifty 100 Low Volatility 30 ETF FOF - Direct Plan - Growth;INF109KC1P81;;18.7511;;;23-Jan-2026
148823;ICICI Prudential Nifty 100 Low Volatility 30 ETF FOF - Direct Plan - IDCW;INF109KC1Q07;INF109KC1P99;18.7511;;;23-Jan-2026
148821;ICICI Prudential Nifty 100 Low Volatility 30 ETF FOF - Growth;INF109KC1P57;;18.3626;;;23-Jan-2026
148824;ICICI Prudential Nifty 100 Low Volatility 30 ETF FOF - IDCW;INF109KC1P73;INF109KC1P65;18.3627;;;23-Jan-2026
149158;ICICI Prudential Nifty Alpha Low - Volatility 30 ETF FOF - Direct Plan - Growth;INF109KC1R89;;14.8074;;;23-Jan-2026
149160;ICICI Prudential Nifty Alpha Low - Volatility 30 ETF FOF - Direct Plan - IDCW;INF109KC1S05;INF109KC1R97;14.8070;;;23-Jan-2026
149157;ICICI Prudential Nifty Alpha Low - Volatility 30 ETF FOF - Growth;INF109KC1R55;;14.5159;;;23-Jan-2026
149159;ICICI Prudential Nifty Alpha Low - Volatility 30 ETF FOF - IDCW;INF109KC1R71;INF109KC1R63;14.5158;;;23-Jan-2026
153394;ICICI Prudential Nifty EV & New Age Automotive ETF FOF - Direct Plan - Growth;INF109K1A120;;11.1332;;;23-Jan-2026
153395;ICICI Prudential Nifty EV & New Age Automotive ETF FOF - Direct Plan - IDCW;INF109K1A146;INF109K1A138;11.1333;;;23-Jan-2026
153396;ICICI Prudential Nifty EV & New Age Automotive ETF FOF - Growth;INF109K1A096;;11.0934;;;23-Jan-2026
153393;ICICI Prudential Nifty EV & New Age Automotive ETF FOF - IDCW;INF109K1A112;INF109K1A104;11.0934;;;23-Jan-2026
120685;ICICI Prudential Regular Gold Savings Fund (FOF) - Direct Plan -  Growth;INF109K01U92;;49.3770;;;23-Jan-2026
120686;ICICI Prudential Regular Gold Savings Fund (FOF) - Direct Plan -  IDCW;INF109K01U76;INF109K01U84;49.3816;;;23-Jan-2026
115833;ICICI Prudential Regular Gold Savings Fund (FOF) - Growth;INF109K01TK8;;47.6334;;;23-Jan-2026
115834;ICICI Prudential Regular Gold Savings Fund (FOF) - IDCW;INF109K01TM4;INF109K01TL6;47.6343;;;23-Jan-2026
149775;ICICI PRUDENTIAL SILVER ETF FUND OF FUND - Direct Plan - Growth;INF109KC1Y98;;47.1284;;;23-Jan-2026
149776;ICICI PRUDENTIAL SILVER ETF FUND OF FUND - Direct Plan - IDCW;INF109KC1Z06;INF109KC1Z14;47.1289;;;23-Jan-2026
149777;ICICI PRUDENTIAL SILVER ETF FUND OF FUND - Growth;INF109KC1Y64;;46.2082;;;23-Jan-2026
149778;ICICI PRUDENTIAL SILVER ETF FUND OF FUND - IDCW;INF109KC1Y72;INF109KC1Y80;46.2074;;;23-Jan-2026

Invesco Mutual Fund
120531;Invesco India Gold ETF Fund of Fund - Direct Plan - Growth;INF205K01NJ9;;44.5001;;;23-Jan-2026
120530;Invesco India Gold ETF Fund of Fund - Direct Plan - IDCW (Payout / Reinvestment);INF205K01NH3;INF205K01NI1;44.4319;;;23-Jan-2026
116077;Invesco India Gold ETF Fund of Fund - Regular Plan - Growth;INF205K01FA4;;42.7996;;;23-Jan-2026
116075;Invesco India Gold ETF Fund of Fund - Regular Plan - IDCW (Payout / Reinvestment);INF205K01FB2;INF205K01FC0;42.8047;;;23-Jan-2026
153697;Invesco India Income Plus Arbitrage Active Fund of Fund - Direct Plan - Growth;INF205KA1BA3;;1024.8202;;;23-Jan-2026
153698;Invesco India Income Plus Arbitrage Active Fund of Fund - Direct Plan - IDCW (Payout / Reinvestment);INF205KA1BB1;INF205KA1BC9;1024.8202;;;23-Jan-2026
153695;Invesco India Income Plus Arbitrage Active Fund of Fund - Regular Plan - Growth Plan;INF205KA1AX7;;1022.7222;;;23-Jan-2026
153696;Invesco India Income Plus Arbitrage Active Fund of Fund - Regular Plan - IDCW (Payout / Reinvestment);INF205KA1AY5;INF205KA1AZ2;1022.7223;;;23-Jan-2026

LIC Mutual Fund
151974;LIC MF Gold ETF Fund of Fund-Direct Plan-Growth;INF397L01BU4;;42.4091;;;23-Jan-2026
151973;LIC MF Gold ETF Fund of Fund-Regular Plan-Growth;INF397L01992;;40.1498;;;23-Jan-2026

Mahindra Manulife Mutual Fund
154007;Mahindra Manulife Income Plus Arbitrage Active FOF  - Direct - Growth;INF174V01CU4;;10.0510;;;23-Jan-2026
154008;Mahindra Manulife Income Plus Arbitrage Active FOF - Direct - IDCW;INF174V01CV2;INF174V01CW0;10.0510;;;23-Jan-2026
154006;Mahindra Manulife Income Plus Arbitrage Active FOF - Regular - Growth;INF174V01CR0;;10.0431;;;23-Jan-2026
154005;Mahindra Manulife Income Plus Arbitrage Active FOF - Regular - IDCW;INF174V01CS8;INF174V01CT6;10.0431;;;23-Jan-2026

Mirae Asset Mutual Fund
153380;Mirae Asset BSE 200 Equal Weight ETF Fund of Fund - Direct Plan - Growth;INF769K01OE3;;10.959;;;23-Jan-2026
153381;Mirae Asset BSE 200 Equal Weight ETF Fund of Fund - Direct Plan - IDCW;INF769K01OG8;INF769K01OF0;10.957;;;23-Jan-2026
153382;Mirae Asset BSE 200 Equal Weight ETF Fund of Fund - Regular Plan - Growth;INF769K01OB9;;10.908;;;23-Jan-2026
153383;Mirae Asset BSE 200 Equal Weight ETF Fund of Fund - Regular Plan - IDCW;INF769K01OD5;INF769K01OC7;10.909;;;23-Jan-2026
153385;Mirae Asset BSE Select IPO ETF Fund of Fund - Direct Plan - Growth;INF769K01OK0;;10.241;;;23-Jan-2026
153386;Mirae Asset BSE Select IPO ETF Fund of Fund - Direct Plan - IDCW;INF769K01OM6;INF769K01OL8;10.239;;;23-Jan-2026
153387;Mirae Asset BSE Select IPO ETF Fund of Fund - Regular Plan - Growth;INF769K01OH6;;10.210;;;23-Jan-2026
153388;Mirae Asset BSE Select IPO ETF Fund of Fund - Regular Plan - IDCW;INF769K01OJ2;INF769K01OI4;10.193;;;23-Jan-2026
148500;Mirae Asset Diversified Equity Allocator Passive FOF - Direct Plan - Growth;INF769K01GE9;;24.891;;;23-Jan-2026
148501;Mirae Asset Diversified Equity Allocator Passive FOF - Direct Plan - IDCW;INF769K01GD1;INF769K01GF6;24.910;;;23-Jan-2026
148502;Mirae Asset Diversified Equity Allocator Passive FOF - Regular Plan - Growth;INF769K01GB5;;24.790;;;23-Jan-2026
148503;Mirae Asset Diversified Equity Allocator Passive FOF - Regular Plan - IDCW;INF769K01GA7;INF769K01GC3;24.793;;;23-Jan-2026
153007;Mirae Asset Gold ETF Fund of Fund - Direct Plan - Growth;INF769K01MV1;;19.376;;;23-Jan-2026
153008;Mirae Asset Gold ETF Fund of Fund - Direct Plan - IDCW;INF769K01MW9;INF769K01MX7;19.375;;;23-Jan-2026
153009;Mirae Asset Gold ETF Fund of Fund - Regular Plan - Growth;INF769K01MS7;;19.259;;;23-Jan-2026
153010;Mirae Asset Gold ETF Fund of Fund - Regular Plan - IDCW;INF769K01MT5;INF769K01MU3;19.247;;;23-Jan-2026
153812;Mirae Asset Gold Silver Passive FoF - Direct Plan - Growth;INF769K01PM3;;19.201;;;23-Jan-2026
153813;Mirae Asset Gold Silver Passive FoF - Direct Plan - IDCW;INF769K01PO9;INF769K01PN1;19.200;;;23-Jan-2026
153814;Mirae Asset Gold Silver Passive FoF - Regular Plan - Growth;INF769K01PP6;;19.151;;;23-Jan-2026
153815;Mirae Asset Gold Silver Passive FoF - Regular Plan - IDCW;INF769K01PL5;INF769K01PK7;19.147;;;23-Jan-2026
149380;Mirae Asset Hang Seng TECH ETF Fund of Fund Regular Plan - Growth Option;INF769K01HT5;;13.798;;;23-Jan-2026
149381;Mirae AssetHang Seng TECH ETF Fund of Fund Direct Plan - Growth Option;INF769K01HU3;;14.062;;;23-Jan-2026
153638;Mirae Asset Income plus Arbitrage Active FOF - Direct Plan - Growth;INF769K01OY1;;10.318;;;23-Jan-2026
153639;Mirae Asset Income plus Arbitrage Active FOF - Direct Plan - IDCW;INF769K01PA8;INF769K01OZ8;10.318;;;23-Jan-2026
153640;Mirae Asset Income plus Arbitrage Active FOF - Regular Plan - Growth;INF769K01OV7;;10.302;;;23-Jan-2026
153641;Mirae Asset Income plus Arbitrage Active FOF - Regular Plan - IDCW;INF769K01OX3;INF769K01OW5;10.302;;;23-Jan-2026
148575;Mirae Asset Nifty 100 ESG Sector Leaders Fund  of Fund Direct IDCW;INF769K01GP5;INF769K01GR1;18.912;;;23-Jan-2026
148573;Mirae Asset Nifty 100 ESG Sector Leaders Fund  of Fund Regular IDCW;INF769K01GM2;INF769K01GO8;18.536;;;23-Jan-2026
148574;Mirae Asset Nifty 100 ESG Sector Leaders Fund of Fund Direct Growth;INF769K01GQ3;;18.917;;;23-Jan-2026
148576;Mirae Asset Nifty 100 ESG Sector Leaders Fund of Fund Regular Growth;INF769K01GN0;;18.574;;;23-Jan-2026
149790;Mirae Asset Nifty India Manufacturing ETF FOF - Direct Plan - Growth;INF769K01HZ2;;18.817;;;23-Jan-2026
149787;Mirae Asset Nifty India Manufacturing ETF FOF - Direct Plan- IDCW;INF769K01HY5;INF769K01IA3;18.818;;;23-Jan-2026
149788;Mirae Asset Nifty India Manufacturing ETF FOF - Regular Plan - Growth;INF769K01HW9;;18.528;;;23-Jan-2026
149789;Mirae Asset Nifty India Manufacturing ETF FOF - Regular Plan - IDCW;INF769K01HV1;INF769K01HX7;18.597;;;23-Jan-2026
153192;Mirae Asset Nifty India New Age Consumption ETF Fund of Fund - Direct Plan - Growth;INF769K01NP1;;9.008;;;23-Jan-2026
153193;Mirae Asset Nifty India New Age Consumption ETF Fund of Fund - Direct Plan - IDCW;INF769K01NR7;INF769K01NQ9;9.007;;;23-Jan-2026
153194;Mirae Asset Nifty India New Age Consumption ETF Fund of Fund - Regular Plan - Growth;INF769K01NM8;;8.973;;;23-Jan-2026
153195;Mirae Asset Nifty India New Age Consumption ETF Fund of Fund - Regular Plan - IDCW;INF769K01NO4;INF769K01NN6;8.973;;;23-Jan-2026
152645;Mirae Asset Nifty MidSmallcap400 Momentum Quality 100 ETF Fund of Fund - Direct Plan - Growth;INF769K01LN0;;9.192;;;23-Jan-2026
152646;Mirae Asset Nifty MidSmallcap400 Momentum Quality 100 ETF Fund of Fund - Direct Plan - IDCW;INF769K01LO8;INF769K01LP5;9.192;;;23-Jan-2026
152647;Mirae Asset Nifty MidSmallcap400 Momentum Quality 100 ETF Fund of Fund - Regular Plan - Growth;INF769K01LK6;;9.111;;;23-Jan-2026
152648;Mirae Asset Nifty MidSmallcap400 Momentum Quality 100 ETF Fund of Fund - Regular Plan - IDCW;INF769K01LL4;INF769K01LM2;9.116;;;23-Jan-2026
152459;Mirae Asset Nifty Smallcap 250 Momentum Quality 100 ETF Fund of Fund - Direct Plan - Growth;INF769K01LG4;;9.055;;;23-Jan-2026
152456;Mirae Asset Nifty Smallcap 250 Momentum Quality 100 ETF Fund of Fund - Direct Plan - IDCW;INF769K01LH2;INF769K01LI0;9.054;;;23-Jan-2026
152457;Mirae Asset Nifty Smallcap 250 Momentum Quality 100 ETF Fund of Fund - Regular Plan - Growth;INF769K01LD1;;8.971;;;23-Jan-2026
152458;Mirae Asset Nifty Smallcap 250 Momentum Quality 100 ETF Fund of Fund - Regular Plan - IDCW;INF769K01LE9;INF769K01LF6;8.972;;;23-Jan-2026
152718;Mirae Asset Nifty200 Alpha 30 ETF Fund of Fund - Direct Plan - Growth;INF769K01LU5;;8.429;;;23-Jan-2026
152719;Mirae Asset Nifty200 Alpha 30 ETF Fund of Fund - Direct Plan - IDCW;INF769K01LV3;INF769K01LW1;8.434;;;23-Jan-2026
152720;Mirae Asset Nifty200 Alpha 30 ETF Fund of Fund - Regular Plan - Growth;INF769K01LR1;;8.375;;;23-Jan-2026
152721;Mirae Asset Nifty200 Alpha 30 ETF Fund of Fund - Regular Plan - IDCW;INF769K01LS9;INF769K01LT7;8.369;;;23-Jan-2026

Quantum Mutual Fund
115132;Quantum Gold Savings Fund - Direct Plan Growth Option;INF082J01150;;59.2628;;;23-Jan-2026
141064;Quantum Gold Savings Fund - Regular Plan Growth Option;INF082J01358;;58.4636;;;23-Jan-2026

SBI Mutual Fund
119789;SBI Gold Fund - Direct Plan - Income Distribution cum Capital Withdrawal Option (IDCW);INF200K01RN3;INF200K01RO1;47.0199;;;23-Jan-2026
115677;SBI Gold Fund - Regular Plan - Income Distribution cum Capital Withdrawal Option (IDCW);INF200K01HB9;INF200K01HC7;44.9492;;;23-Jan-2026
115676;SBI GOLD FUND REGULAR PLAN - GROWTH;INF200K01HA1;;44.9428;;;23-Jan-2026
119788;SBI GOLD FUND- DIRECT PLAN - GROWTH;INF200K01RP8;;47.0877;;;23-Jan-2026
153498;SBI Income Plus Arbitrage Active FOF- Direct Plan- Growth;INF200KB1753;;10.3768;;;23-Jan-2026
153501;SBI Income Plus Arbitrage Active FOF- Direct Plan- Income Distribution Cum Capital Withdrawal Option;INF200KB1761;INF200KB1779;10.3767;;;23-Jan-2026
153500;SBI Income Plus Arbitrage Active FOF- Regular Plan- Growth;INF200KB1720;;10.3636;;;23-Jan-2026
153499;SBI Income Plus Arbitrage Active FOF- Regular Plan- Income Distribution Cum Capital Withdrawal Option;INF200KB1738;INF200KB1746;10.3637;;;23-Jan-2026
152734;SBI Silver ETF FOF- Regular Plan - Income Distribution Cum Capital Withdrawal Option (IDCW);INF200KB1225;INF200KB1274;32.5746;;;23-Jan-2026
152735;SBI Silver ETF Fund of Fund- Direct Plan - Growth;INF200KB1233;;32.7547;;;23-Jan-2026
152736;SBI Silver ETF Fund of Fund- Direct Plan - Income Distribution Cum Capital Withdrawal Option (IDCW);INF200KB1241;INF200KB1258;32.7548;;;23-Jan-2026
152733;SBI Silver ETF Fund of Fund- Regular Plan - Growth;INF200KB1266;;32.5733;;;23-Jan-2026

Union Mutual Fund
153824;Union Diversified Equity All Cap Active FOF - Direct Plan - Growth Option;INF582M01LZ7;;9.4218;;;23-Jan-2026
153825;Union Diversified Equity All Cap Active FOF - Direct Plan - IDCW Option;INF582M01MA8;INF582M01MB6;9.4218;;;23-Jan-2026
153822;Union Diversified Equity All Cap Active FOF - Regular Plan - Growth Option;INF582M01LV6;;9.3883;;;23-Jan-2026
153823;Union Diversified Equity All Cap Active FOF - Regular Plan - IDCW Option;INF582M01LW4;INF582M01LX2;9.3883;;;23-Jan-2026
153340;Union Gold ETF Fund of Fund - Direct Plan - Growth Option;INF582M01LA0;;17.6789;;;23-Jan-2026
153339;Union Gold ETF Fund of Fund - Direct Plan - IDCW Option;INF582M01KW6;;17.6789;;;23-Jan-2026
153338;Union Gold ETF Fund of Fund - Regular Plan - Growth Option;INF582M01KT2;;17.6370;;;23-Jan-2026
153341;Union Gold ETF Fund of Fund - Regular Plan - IDCW Option;INF582M01KU0;;17.6370;;;23-Jan-2026
153575;Union Income Plus Arbitrage Active FOF - Direct Plan - Growth Option;INF582M01LF9;;10.1860;;;23-Jan-2026
153576;Union Income Plus Arbitrage Active FOF - Direct Plan - IDCW Option;INF582M01LG7;INF582M01LH5;10.1860;;;23-Jan-2026
153573;Union Income Plus Arbitrage Active FOF - Regular Plan - Growth Option;INF582M01LB8;;10.1558;;;23-Jan-2026
153574;Union Income Plus Arbitrage Active FOF - Regular Plan - IDCW Option;INF582M01LC6;INF582M01LD4;10.1558;;;23-Jan-2026

Zerodha Mutual Fund
153011;Zerodha Gold ETF FoF-Direct Plan - Growth Option;INF0R8F01083;;20.1775;;;23-Jan-2026
153757;Zerodha Multi Asset Passive FoF - Direct - Growth;INF0R8F01117;;11.2696;;;23-Jan-2026
153656;Zerodha Silver ETF FoF - Direct Growth;INF0R8F01109;;28.1424;;;23-Jan-2026

Open Ended Schemes ( Equity Scheme - Flexi Cap Fund )


360 ONE Mutual Fund
151796;360 ONE FLEXICAP FUND-DIRECT PLAN- GROWTH;INF579M01AS1;;14.9263;;;23-Jan-2026
151798;360 ONE FLEXICAP FUND-DIRECT PLAN- IDCW;INF579M01AT9;INF579M01AU7;14.9263;;;23-Jan-2026
151799;360 ONE FLEXICAP FUND-REGULAR PLAN- GROWTH;INF579M01AP7;;14.3350;;;23-Jan-2026
151797;360 ONE FLEXICAP FUND-REGULAR PLAN- IDCW;INF579M01AQ5;INF579M01AR3;14.3350;;;23-Jan-2026

Abakkus Mutual Fund
154043;Abakkus Flexi Cap Fund - Direct - Growth;INF2JJD01136;;9.6950;;;23-Jan-2026
154045;Abakkus Flexi Cap Fund - Direct - IDCW;INF2JJD01128;INF2JJD01110;9.6950;;;23-Jan-2026
154041;Abakkus Flexi Cap Fund - Regular - Growth;INF2JJD01169;;9.6840;;;23-Jan-2026
154042;Abakkus Flexi Cap Fund - Regular - IDCW;INF2JJD01151;INF2JJD01144;9.6840;;;23-Jan-2026

Bajaj Finserv Mutual Fund
151898;Bajaj Finserv Flexi Cap Fund -Regular Plan-Growth;INF0QA701383;;14.248;;;23-Jan-2026
151895;Bajaj Finserv Flexi Cap Fund-Direct Plan-Growth;INF0QA701342;;14.749;;;23-Jan-2026
151896;Bajaj Finserv Flexi Cap Fund-Direct Plan-IDCW;INF0QA701359;INF0QA701367;14.749;;;23-Jan-2026
151897;Bajaj Finserv Flexi Cap Fund-Regular Plan-IDCW;INF0QA701409;INF0QA701417;14.248;;;23-Jan-2026

Bank of India Mutual Fund
148404;BANK OF INDIA Flexi Cap Fund Direct Plan -Growth;INF761K01FF5;;36.81;;;23-Jan-2026
148406;BANK OF INDIA Flexi Cap Fund Direct Plan -IDCW;INF761K01FE8;INF761K01FG3;31.46;;;23-Jan-2026
148405;BANK OF INDIA Flexi Cap Fund Regular Plan -Growth;INF761K01FI9;;33.75;;;23-Jan-2026
148407;BANK OF INDIA Flexi Cap Fund Regular Plan -IDCW;INF761K01FH1;INF761K01FJ7;30.66;;;23-Jan-2026

Baroda BNP Paribas Mutual Fund
150387;Baroda BNP Paribas Flexi Cap Fund - Direct Plan - Growth Option;INF251K01QZ2;;15.8638;;;23-Jan-2026
150388;Baroda BNP Paribas Flexi Cap Fund - Direct Plan - IDCW Option;INF251K01RA3;INF251K01RB1;14.4719;;;23-Jan-2026
150385;Baroda BNP Paribas Flexi Cap Fund - Regular Plan - Growth Option;INF251K01QW9;;15.1200;;;23-Jan-2026
150386;Baroda BNP Paribas Flexi Cap Fund - Regular Plan - IDCW Option;INF251K01QX7;INF251K01QY5;13.7947;;;23-Jan-2026

DSP Mutual Fund
119076;DSP Flexi Cap Fund - Direct Plan - Growth;INF740K01PI2;;111.739;;;23-Jan-2026
119077;DSP Flexi Cap Fund - Direct Plan - IDCW;INF740K01PJ0;INF740K01PK8;89.683;;;23-Jan-2026
105875;DSP Flexi Cap Fund - Regular Plan - Growth;INF740K01037;;99.953;;;23-Jan-2026
100080;DSP Flexi Cap Fund - Regular Plan - IDCW;INF740K01011;INF740K01029;61.844;;;23-Jan-2026

Franklin Templeton Mutual Fund
118535;Franklin India Flexi Cap Fund - Direct - Growth;INF090I01FK3;;1779.9938;;;23-Jan-2026
118534;Franklin India Flexi Cap Fund - Direct - IDCW ;INF090I01FL1;INF090I01FM9;74.1189;;;23-Jan-2026
100520;Franklin India Flexi Cap Fund - Growth;INF090I01239;;1592.3268;;;23-Jan-2026
100519;Franklin India Flexi Cap Fund - IDCW ;INF090I01213;INF090I01221;65.6552;;;23-Jan-2026

Helios Mutual Fund
152135;Helios Flexi Cap Fund - Direct Plan - Growth Option;INF0R8701046;;14.41;;;23-Jan-2026
152138;Helios Flexi Cap Fund - Direct Plan - IDCW Option;INF0R8701053;INF0R8701061;14.41;;;23-Jan-2026
152136;Helios Flexi Cap Fund - Regular Plan - Growth Option;INF0R8701012;;13.95;;;23-Jan-2026
152137;Helios Flexi Cap Fund - Regular Plan - IDCW Option;INF0R8701020;INF0R8701038;13.95;;;23-Jan-2026

ICICI Prudential Mutual Fund
148990;ICICI Prudential Flexicap Fund - Direct Plan - Growth;INF109KC1R14;;19.68;;;23-Jan-2026
148991;ICICI Prudential Flexicap Fund - Direct Plan - IDCW;INF109KC1R22;INF109KC1R30;16.65;;;23-Jan-2026
148989;ICICI Prudential Flexicap Fund - Growth;INF109KC1Q80;;18.68;;;23-Jan-2026
148988;ICICI Prudential Flexicap Fund - IDCW;INF109KC1Q98;INF109KC1R06;15.65;;;23-Jan-2026

Invesco Mutual Fund
149763;Invesco India Flexi Cap Fund - Direct Plan - Growth;INF205KA1494;;18.66;;;23-Jan-2026
149765;Invesco India Flexi Cap Fund - Direct Plan - IDCW;INF205KA1486;INF205KA1502;18.66;;;23-Jan-2026
149766;Invesco India Flexi Cap Fund - Regular Plan - Growth;INF205KA1460;;17.57;;;23-Jan-2026
149764;Invesco India Flexi Cap Fund - Regular Plan - IDCW;INF205KA1452;INF205KA1478;17.57;;;23-Jan-2026

ITI Mutual Fund
151379;ITI Flexi Cap Fund- Direct Plan- Growth;INF00XX01CO7;;18.2465;;;23-Jan-2026
151380;ITI Flexi Cap Fund- Direct Plan- IDCW;INF00XX01CP4;INF00XX01CQ2;18.2465;;;23-Jan-2026
151377;ITI Flexi Cap Fund- Regular Plan- Growth;INF00XX01CL3;;17.3405;;;23-Jan-2026
151378;ITI Flexi Cap Fund- Regular Plan- IDCW;INF00XX01CM1;INF00XX01CN9;17.3405;;;23-Jan-2026

JM Financial Mutual Fund
120492;JM Flexicap Fund (Direct) - Growth Option;INF192K01CC7;;105.2653;;;23-Jan-2026
120491;JM Flexicap Fund (Direct) - IDCW;INF192K01CA1;INF192K01CB9;95.681;;;23-Jan-2026
109522;JM Flexicap Fund (Regular) - Growth option;INF192K01635;;91.9197;;;23-Jan-2026
109523;JM Flexicap Fund (Regular) - IDCW;INF192K01619;INF192K01627;70.8313;;;23-Jan-2026

LIC Mutual Fund
120264;LIC MF Flexi Cap Fund-Direct Plan-Growth;INF767K01EG3;;106.8226;;;23-Jan-2026
120263;LIC MF Flexi Cap Fund-Direct Plan-IDCW;INF767K01EF5;INF767K01EH1;35.9448;;;23-Jan-2026
100313;LIC MF Flexi Cap Fund-Regular Plan-Growth;INF767K01071;;96.4991;;;23-Jan-2026
100312;LIC MF Flexi Cap Fund-Regular Plan-IDCW;INF767K01063;INF767K01055;30.4514;;;23-Jan-2026

Mahindra Manulife Mutual Fund
149104;Mahindra Manulife Flexi Cap Fund - Direct Plan -Growth;INF174V01AS2;;17.2020;;;23-Jan-2026
149103;Mahindra Manulife Flexi Cap Fund - Direct Plan -IDCW;INF174V01AU8;INF174V01AT0;14.8825;;;23-Jan-2026
149101;Mahindra Manulife Flexi Cap Fund - Regular Plan -Growth;INF174V01AP8;;15.8752;;;23-Jan-2026
149102;Mahindra Manulife Flexi Cap Fund - Regular Plan -IDCW;INF174V01AR4;INF174V01AQ6;13.6076;;;23-Jan-2026

Mirae Asset Mutual Fund
151413;Mirae Asset Flexi Cap Fund - Direct Plan -  IDCW;INF769K01JI4;INF769K01JK0;16.458;;;23-Jan-2026
151412;Mirae Asset Flexi Cap Fund - Direct Plan - Growth;INF769K01JJ2;;16.506;;;23-Jan-2026
151414;Mirae Asset Flexi Cap Fund - Regular Plan - Growth;INF769K01JG8;;15.809;;;23-Jan-2026
151415;Mirae Asset Flexi Cap Fund - Regular Plan - IDCW;INF769K01JF0;INF769K01JH6;15.814;;;23-Jan-2026

Navi Mutual Fund
143793;Navi Flexi Cap Fund - Direct Plan - Growth;INF959L01DT9;;25.9562;;;23-Jan-2026
143798;NAVI FLEXI CAP FUND - DIRECT PLAN ANNUAL IDCW PAYOUT;INF959L01EC3;INF959L01ED1;25.7579;;;23-Jan-2026
143797;NAVI FLEXI CAP FUND - DIRECT PLAN HALF YEARLY IDCW PAYOUT;INF959L01EA7;INF959L01EB5;25.7587;;;23-Jan-2026
143796;NAVI FLEXI CAP FUND - DIRECT PLAN MONTHLY IDCW PAYOUT;INF959L01DW3;INF959L01DX1;25.7532;;;23-Jan-2026
143792;NAVI FLEXI CAP FUND - DIRECT PLAN NORMAL IDCW PAYOUT;INF959L01DU7;INF959L01DV5;25.7259;;;23-Jan-2026
143791;NAVI FLEXI CAP FUND - DIRECT PLAN QUARTERLY IDCW PAYOUT;INF959L01DY9;INF959L01DZ6;25.7783;;;23-Jan-2026
143787;Navi Flexi Cap Fund - Regular Plan - Growth;INF959L01EE9;;22.3954;;;23-Jan-2026
143795;NAVI FLEXI CAP FUND - REGULAR PLAN ANNUAL IDCW PAYOUT;INF959L01EN0;INF959L01EO8;22.3959;;;23-Jan-2026
143794;NAVI FLEXI CAP FUND - REGULAR PLAN HALF YEARLY IDCW PAYOUT;INF959L01EL4;INF959L01EM2;22.3988;;;23-Jan-2026
143790;NAVI FLEXI CAP FUND - REGULAR PLAN MONTHLY IDCW PAYOUT;INF959L01EH2;INF959L01EI0;22.4042;;;23-Jan-2026
143789;NAVI FLEXI CAP FUND - REGULAR PLAN NORMAL IDCW PAYOUT;INF959L01EF6;INF959L01EG4;22.3986;;;23-Jan-2026
143788;NAVI FLEXI CAP FUND - REGULAR PLAN QUARTERLY IDCW PAYOUT;INF959L01EJ8;INF959L01EK6;22.3929;;;23-Jan-2026

NJ Mutual Fund
151917;NJ Flexi Cap Fund - Direct Plan - Growth Option;INF0J8L01156;;13.34;;;23-Jan-2026
151918;NJ Flexi Cap Fund - Direct Plan - IDCW Option;INF0J8L01164;;13.34;;;23-Jan-2026
151920;NJ Flexi Cap Fund - Regular Plan - Growth Option;INF0J8L01131;;12.84;;;23-Jan-2026
151919;NJ Flexi Cap Fund - Regular Plan - IDCW Option;INF0J8L01149;;12.84;;;23-Jan-2026

PGIM India Mutual Fund
133837;PGIM India Flexi Cap Fund - Direct Plan - Dividend Option;INF663L01FG9;INF663L01FH7;21.24;;;23-Jan-2026
133839;PGIM India Flexi Cap Fund - Direct Plan - Growth Option;INF663L01FF1;;41.08;;;23-Jan-2026
133838;PGIM India Flexi Cap Fund - Regular Plan - Dividend Option;INF663L01FK1;INF663L01FL9;18.68;;;23-Jan-2026
133836;PGIM India Flexi Cap Fund - Regular Plan - Growth Option;INF663L01FJ3;;34.91;;;23-Jan-2026

quant Mutual Fund
109830;quant Flexi Cap Fund - Growth Option - Regular Plan;INF966L01457;;91.2063;;;23-Jan-2026
120843;quant Flexi Cap Fund - Growth Option-Direct Plan;INF966L01911;;101.9615;;;23-Jan-2026
120842;quant Flexi Cap Fund - IDCW Option - Direct Plan;INF966L01895;INF966L01903;69.3082;;;23-Jan-2026
109831;quant Flexi Cap Fund - IDCW Option - Regular Plan;INF966L01432;INF966L01440;65.1869;;;23-Jan-2026

Samco Mutual Fund
149450;Samco Flexi Cap Fund - Direct Plan - Growth Option;INF0K1H01024;;10.02;;;23-Jan-2026
149449;Samco Flexi Cap Fund - Regular Plan - Growth Option;INF0K1H01016;;9.45;;;23-Jan-2026

Taurus Mutual Fund
118884;Taurus Flexi Cap Fund - Direct Plan -  Payout of Income Distribution cum Capital Withdrawal option;INF044D01BV7;INF044D01BW5;111.76;;;23-Jan-2026
118883;Taurus Flexi Cap Fund - Direct Plan - Growth;INF044D01BU9;;221.52;;;23-Jan-2026
100476;Taurus Flexi Cap Fund - Regular Plan - Growth ;INF044D01989;;212.86;;;23-Jan-2026
111640;Taurus Flexi Cap Fund - Regular Plan - Payout of Income Distribution cum Capital Withdrawal option;INF044D01955;INF044D01963;103.29;;;23-Jan-2026

The Wealth Company Mutual Fund
153872;THE WEALTH COMPANY FLEXI CAP FUND - DIRECT GROWTH;INF2F0001040;;9.8186;;;23-Jan-2026
153873;THE WEALTH COMPANY FLEXI CAP FUND - DIRECT IDCW;INF2F0001057;INF2F0001065;9.8182;;;23-Jan-2026
153870;THE WEALTH COMPANY FLEXI CAP FUND - REGULAR GROWTH;INF2F0001016;;9.7647;;;23-Jan-2026
153871;THE WEALTH COMPANY FLEXI CAP FUND - REGULAR IDCW;INF2F0001024;INF2F0001032;9.7646;;;23-Jan-2026

Trust Mutual Fund
152584;TRUSTMF Flexi Cap Fund-Direct Plan- Growth;INF0GCD01743;;11.34;;;23-Jan-2026
152585;TRUSTMF Flexi Cap Fund-Direct Plan- IDCW;INF0GCD01750;INF0GCD01768;11.33;;;23-Jan-2026
152582;TRUSTMF Flexi Cap Fund-Regular Plan- Growth;INF0GCD01719;;11;;;23-Jan-2026
152583;TRUSTMF Flexi Cap Fund-Regular Plan- IDCW;INF0GCD01727;INF0GCD01735;11.01;;;23-Jan-2026

Unifi Mutual Fund
153543;Unifi Flexi Cap Fund - Direct Growth;INF1MIY01031;;9.9185;;;23-Jan-2026
153542;Unifi Flexi Cap Fund - Regular Growth;INF1MIY01049;;9.8368;;;23-Jan-2026

Union Mutual Fund
119292;Union Flexi Cap Fund - Direct Plan - Growth Option;INF582M01633;;55.49;;;23-Jan-2026
119293;Union Flexi Cap Fund - Direct Plan - IDCW Option;INF582M01658;INF582M01641;48.48;;;23-Jan-2026
115270;Union Flexi Cap Fund - Growth Option;INF582M01104;;49.56;;;23-Jan-2026
115290;Union Flexi Cap Fund - IDCW Option;INF582M01120;INF582M01112;31.30;;;23-Jan-2026

WhiteOak Capital Mutual Fund
150349;WhiteOak Capital Flexi Cap Fund Direct Plan IDCW;INF03VN01555;INF03VN01548;17.868;;;23-Jan-2026
150346;WhiteOak Capital Flexi Cap Fund Direct Plan-Growth;INF03VN01530;;17.868;;;23-Jan-2026
150348;WhiteOak Capital Flexi Cap Fund Regular Plan IDCW;INF03VN01522;INF03VN01514;16.975;;;23-Jan-2026
150347;WhiteOak Capital Flexi Cap Fund Regular Plan-Growth;INF03VN01506;;16.975;;;23-Jan-2026

Close Ended Schemes ( Income )


DSP Mutual Fund
149190;DSP FMP Series - 264 - 60M - 17D - Direct - Growth;INF740KA1QH8;;12.9824;;;23-Jan-2026
149191;DSP FMP Series - 264 - 60M - 17D - Direct - IDCW;INF740KA1QI6;INF740KA1QJ4;12.9823;;;23-Jan-2026
149189;DSP FMP Series - 264 - 60M - 17D - Regular - IDCW;INF740KA1QF2;INF740KA1QG0;12.8972;;;23-Jan-2026
149188;DSP FMP Series - 264 - 60M - 17D - Regular Plan - Growth;INF740KA1QE5;;12.8977;;;23-Jan-2026
150842;DSP FMP Series - 267 - 1246 Days - Direct - Growth;INF740KA1RI4;;12.5576;;;23-Jan-2026
150840;DSP FMP Series - 267 - 1246 Days - Direct - IDCW;INF740KA1RK0;INF740KA1RJ2;12.5576;;;23-Jan-2026
150843;DSP FMP Series - 267 - 1246 Days - Regular - Growth;INF740KA1RF0;;12.5136;;;23-Jan-2026
150841;DSP FMP Series - 267 - 1246 Days - Regular - IDCW;INF740KA1RH6;INF740KA1RG8;12.5136;;;23-Jan-2026
150885;DSP FMP Series - 268 - 1281 Days - Direct - Growth;INF740KA1RO2;;12.535;;;23-Jan-2026
150886;DSP FMP Series - 268 - 1281 Days - Direct - IDCW;INF740KA1RQ7;INF740KA1RP9;12.534;;;23-Jan-2026
150884;DSP FMP Series - 268 - 1281 Days - Regular - Growth;INF740KA1RL8;;12.4757;;;23-Jan-2026
150887;DSP FMP Series - 268 - 1281 Days - Regular - IDCW;INF740KA1RN4;INF740KA1RM6;12.4756;;;23-Jan-2026
151449;DSP FMP Series - 270 - 1144 Days - Direct - Growth;INF740KA1SN2;;12.3241;;;23-Jan-2026
151450;DSP FMP Series - 270 - 1144 Days - Direct - IDCW;INF740KA1SO0;INF740KA1SP7;12.3248;;;23-Jan-2026
151447;DSP FMP Series - 270 - 1144 Days - Regular - Growth;INF740KA1SK8;;12.2883;;;23-Jan-2026
151448;DSP FMP Series - 270 - 1144 Days - Regular - IDCW;INF740KA1SL6;INF740KA1SM4;12.2882;;;23-Jan-2026

ICICI Prudential Mutual Fund
146797;ICICI Prudential Fixed Maturity Plan - Series 85 - 10 Years Plan I - Cumulative Option;INF109KC1VQ2;;17.2780;;;23-Jan-2026
146795;ICICI Prudential Fixed Maturity Plan - Series 85 - 10 Years Plan I - Direct Plan Cumulative Option;INF109KC1VT6;;17.5100;;;23-Jan-2026
146800;ICICI Prudential Fixed Maturity Plan - Series 85 - 10 Years Plan I - Quarterly IDCW Option;INF109KC1VR0;;17.0718;;;23-Jan-2026
150950;ICICI Prudential Fixed Maturity Plan - Series 88 - 1226 Days Plan F - Direct Plan - Growth;INF109KC17M6;;12.4415;;;23-Jan-2026
150953;ICICI Prudential Fixed Maturity Plan - Series 88 - 1226 Days Plan F - Direct Plan - Half Yearly IDCW;INF109KC19M2;;12.2873;;;23-Jan-2026
150952;ICICI Prudential Fixed Maturity Plan - Series 88 - 1226 Days Plan F - Direct Plan - Quarterly IDCW;INF109KC18M4;;12.2334;;;23-Jan-2026
150949;ICICI Prudential Fixed Maturity Plan - Series 88 - 1226 Days Plan F - Growth;INF109KC14M3;;12.3573;;;23-Jan-2026
150954;ICICI Prudential Fixed Maturity Plan - Series 88 - 1226 Days Plan F - Half Yearly IDCW;INF109KC16M8;;12.2032;;;23-Jan-2026
150951;ICICI Prudential Fixed Maturity Plan - Series 88 - 1226 Days Plan F - Quarterly IDCW;INF109KC15M0;;12.1516;;;23-Jan-2026
151493;ICICI Prudential Fixed Maturity Plan - Series 88 - 1303 Days Plan S - Direct Plan - Growth;INF109KC14R2;;12.4002;;;23-Jan-2026
151492;ICICI Prudential Fixed Maturity Plan - Series 88 - 1303 Days Plan S - Direct Plan - IDCW;INF109KC15R9;;12.4003;;;23-Jan-2026
151491;ICICI Prudential Fixed Maturity Plan - Series 88 - 1303 Days Plan S - Growth;INF109KC12R6;;12.3117;;;23-Jan-2026
151494;ICICI Prudential Fixed Maturity Plan - Series 88 - 1303 Days Plan S - IDCW;INF109KC13R4;;12.3117;;;23-Jan-2026

SBI Mutual Fund
146974;SBI Fixed Maturity Plan (FMP) - Series 1 (3668 Days) - Direct Plan - Growth;INF200KA1D03;;17.1954;;;23-Jan-2026
146975;SBI Fixed Maturity Plan (FMP) - Series 1 (3668 Days) - Direct Plan - Income Distribution cum Capital Withdrawal Option (IDCW);INF200KA1D11;;17.2103;;;23-Jan-2026
146976;SBI Fixed Maturity Plan (FMP) - Series 1 (3668 Days) - Regular Plan - Growth;INF200KA1C87;;16.9818;;;23-Jan-2026
146973;SBI Fixed Maturity Plan (FMP) - Series 1 (3668 Days) - Regular Plan - Income Distribution cum Capital Withdrawal Option (IDCW);INF200KA1C95;;16.9817;;;23-Jan-2026
148387;SBI Fixed Maturity Plan (FMP) - Series 34 (3682 Days) - Direct Plan - Growth;INF200KA1Q73;;14.3593;;;23-Jan-2026
148388;SBI Fixed Maturity Plan (FMP) - Series 34 (3682 Days) - Direct Plan - Income Distribution cum Capital Withdrawal Option (IDCW);INF200KA1Q81;;14.3593;;;23-Jan-2026
148389;SBI Fixed Maturity Plan (FMP) - Series 34 (3682 Days) - Regular Plan - Growth;INF200KA1Q57;;14.1733;;;23-Jan-2026
148390;SBI Fixed Maturity Plan (FMP) - Series 34 (3682 Days) - Regular Plan - Income Distribution cum Capital Withdrawal Option (IDCW);INF200KA1Q65;;14.1734;;;23-Jan-2026
149043;SBI Fixed Maturity Plan (FMP) - Series 46 (1850 Days) - Direct Plan - Growth;INF200KA1X41;;13.2098;;;23-Jan-2026
149044;SBI Fixed Maturity Plan (FMP) - Series 46 (1850 Days) - Direct Plan - Income Distribution cum Capital Withdrawal Option (IDCW);INF200KA1X58;;13.2098;;;23-Jan-2026
149045;SBI Fixed Maturity Plan (FMP) - Series 46 (1850 Days) - Regular Plan - Growth;INF200KA1X25;;13.1246;;;23-Jan-2026
149042;SBI Fixed Maturity Plan (FMP) - Series 46 (1850 Days) - Regular Plan - Income Distribution cum Capital Withdrawal Option (IDCW);INF200KA1X33;;13.1247;;;23-Jan-2026
149147;SBI Fixed Maturity Plan (FMP) - Series 49 (1823 Days) - Direct Plan - Growth;INF200KA1Z23;;13.0911;;;23-Jan-2026
149144;SBI Fixed Maturity Plan (FMP) - Series 49 (1823 Days) - Direct Plan - Income Distribution cum Capital Withdrawal Option (IDCW);INF200KA1Z31;;13.0911;;;23-Jan-2026
149145;SBI Fixed Maturity Plan (FMP) - Series 49 (1823 Days) - Regular Plan - Growth;INF200KA1Z07;;13.0107;;;23-Jan-2026
149146;SBI Fixed Maturity Plan (FMP) - Series 49 (1823 Days) - Regular Plan - Income Distribution cum Capital Withdrawal Option (IDCW);INF200KA1Z15;;13.0107;;;23-Jan-2026
149174;SBI Fixed Maturity Plan (FMP) - Series 50 (1843 Days) - Direct Plan - Growth;INF200KA1Z64;;12.9595;;;23-Jan-2026
149175;SBI Fixed Maturity Plan (FMP) - Series 50 (1843 Days) - Direct Plan - Income Distribution Capital Withdrawal Option (IDCW);INF200KA1Z72;;12.9595;;;23-Jan-2026
149172;SBI Fixed Maturity Plan (FMP) - Series 50 (1843 Days) - Regular Plan - Growth;INF200KA1Z49;;12.8659;;;23-Jan-2026
149173;SBI Fixed Maturity Plan (FMP) - Series 50 (1843 Days) - Regular Plan -Income Distribution Capital Withdrawal Option (IDCW);INF200KA1Z56;;12.8659;;;23-Jan-2026
149195;SBI Fixed Maturity Plan (FMP) - Series 51 (1846 Days) - Direct Plan - Growth;INF200KA10A7;;12.9481;;;23-Jan-2026
149194;SBI Fixed Maturity Plan (FMP) - Series 51 (1846 Days) - Direct Plan - Income Distribution Capital Withdrawal Option (IDCW);INF200KA11A5;;12.9486;;;23-Jan-2026
149197;SBI Fixed Maturity Plan (FMP) - Series 51 (1846 Days) - Regular Plan - Growth;INF200KA1Z80;;12.8716;;;23-Jan-2026
149196;SBI Fixed Maturity Plan (FMP) - Series 51 (1846 Days) - Regular Plan - Income Distribution Capital Withdrawal Option (IDCW);INF200KA1Z98;;12.8717;;;23-Jan-2026
149232;SBI Fixed Maturity Plan (FMP) - Series 52 (1848 Days) - Direct Plan - Growth;INF200KA14A9;;12.9301;;;23-Jan-2026
149234;SBI Fixed Maturity Plan (FMP) - Series 52 (1848 Days) - Direct Plan - Income Distribution Cum Withdrawal (IDCW);INF200KA15A6;;12.9300;;;23-Jan-2026
149235;SBI Fixed Maturity Plan (FMP) - Series 52 (1848 Days) - Regular Plan - Growth;INF200KA12A3;;12.8562;;;23-Jan-2026
149233;SBI Fixed Maturity Plan (FMP) - Series 52 (1848 Days) - Regular Plan - Income Distribution Cum Withdrawal (IDCW);INF200KA13A1;;12.8562;;;23-Jan-2026
149279;SBI Fixed Maturity Plan (FMP) - Series 53 (1839 Days) - Direct Plan - Growth;INF200KA18A0;;12.9460;;;23-Jan-2026
149277;SBI Fixed Maturity Plan (FMP) - Series 53 (1839 Days) - Direct Plan - Income Distribution Cum Withdrawal Option (IDCW);INF200KA19A8;;12.9460;;;23-Jan-2026
149278;SBI Fixed Maturity Plan (FMP) - Series 53 (1839 Days) - Regular Plan - Growth;INF200KA16A4;;12.8831;;;23-Jan-2026
149280;SBI Fixed Maturity Plan (FMP) - Series 53 (1839 Days) - Regular Plan - Income  Distribution Cum Withdrawal Option (IDCW);INF200KA17A2;;12.8831;;;23-Jan-2026
149307;SBI Fixed Maturity Plan (FMP) - Series 54 (1842 Days) - Direct Plan - Growth;INF200KA12B1;;12.9281;;;23-Jan-2026
149309;SBI Fixed Maturity Plan (FMP) - Series 54 (1842 Days) - Direct Plan - Income Distribution Cum Withdrawal Option (IDCW);INF200KA13B9;;12.9285;;;23-Jan-2026
149308;SBI Fixed Maturity Plan (FMP) - Series 54 (1842 Days) - Regular Plan - Growth;INF200KA10B5;;12.8620;;;23-Jan-2026
149306;SBI Fixed Maturity Plan (FMP) - Series 54 (1842 Days) - Regular Plan - Income Distribution Cum Capital Withdrawal Option (IDCW);INF200KA11B3;;12.8619;;;23-Jan-2026
149345;SBI Fixed Maturity Plan (FMP) - Series 55 (1849 Days) - Direct Plan - Growth;INF200KA16B2;;12.8998;;;23-Jan-2026
149348;SBI Fixed Maturity Plan (FMP) - Series 55 (1849 Days) - Direct Plan - Income Distribution cum Capital Withdrawal Option (IDCW);INF200KA17B0;;12.8998;;;23-Jan-2026
149347;SBI Fixed Maturity Plan (FMP) - Series 55 (1849 Days) - Regular Plan - Growth;INF200KA14B7;;12.8348;;;23-Jan-2026
149346;SBI Fixed Maturity Plan (FMP) - Series 55 (1849 Days) - Regular Plan - Income Distribution Cum Capital Withdrawal Option (IDCW);INF200KA15B4;;12.8347;;;23-Jan-2026
149431;SBI Fixed Maturity Plan (FMP) - Series 57 (1835 Days) - Direct Plan - Growth;INF200KA14C5;;12.8174;;;23-Jan-2026
149430;SBI Fixed Maturity Plan (FMP) - Series 57 (1835 Days) - Direct Plan - Income Distribution cum Capital Withdrawal Option (IDCW);INF200KA15C2;;12.8176;;;23-Jan-2026
149432;SBI Fixed Maturity Plan (FMP) - Series 57 (1835 Days) - Regular Plan - Growth;INF200KA12C9;;12.7537;;;23-Jan-2026
149433;SBI Fixed Maturity Plan (FMP) - Series 57 (1835 Days) - Regular Plan - Income Distribution cum Capital Withdrawal Option (IDCW);INF200KA13C7;;12.7541;;;23-Jan-2026
149460;SBI Fixed Maturity Plan (FMP) - Series 58 (1842 Days) - Direct Plan - Growth;INF200KA18C6;;12.9238;;;23-Jan-2026
149461;SBI Fixed Maturity Plan (FMP) - Series 58 (1842 Days) - Direct Plan - Income Distribution cum Capital withdrawal option (IDCW);INF200KA19C4;;12.9241;;;23-Jan-2026
149459;SBI Fixed Maturity Plan (FMP) - Series 58 (1842 Days) - Regular Plan - Growth;INF200KA16C0;;12.8617;;;23-Jan-2026
149462;SBI Fixed Maturity Plan (FMP) - Series 58 (1842 Days) - Regular Plan - Income Distribution cum Capital withdrawal option (IDCW);INF200KA17C8;;12.8617;;;23-Jan-2026
149822;SBI Fixed Maturity Plan (FMP) - Series 59 (1618 Days) - Direct Plan - Growth;INF200KA19D2;;12.7121;;;23-Jan-2026
149823;SBI Fixed Maturity Plan (FMP) - Series 59 (1618 Days) - Direct Plan - Income Distribution cum Capital Withdrawal Option (IDCW);INF200KA10E9;;12.7116;;;23-Jan-2026
149825;SBI Fixed Maturity Plan (FMP) - Series 59 (1618 Days) - Regular Plan - Growth;INF200KA17D6;;12.6539;;;23-Jan-2026
149824;SBI Fixed Maturity Plan (FMP) - Series 59 (1618 Days) - Regular Plan - Income Distribution cum Capital Withdrawal Option (IDCW);INF200KA18D4;;12.6539;;;23-Jan-2026
147248;SBI Fixed Maturity Plan (FMP) - Series 6 (3668 Days) - Direct Plan - Growth;INF200KA1F27;;16.7286;;;23-Jan-2026
147249;SBI Fixed Maturity Plan (FMP) - Series 6 (3668 Days) - Direct Plan - Income Distribution cum Capital Withdrawal Option (IDCW);INF200KA1F35;;16.7289;;;23-Jan-2026
147247;SBI Fixed Maturity Plan (FMP) - Series 6 (3668 Days) - Regular Plan - Growth;INF200KA1F01;;16.4624;;;23-Jan-2026
147250;SBI Fixed Maturity Plan (FMP) - Series 6 (3668 Days) - Regular Plan - Income Distribution cum Capital Withdrawal Option (IDCW);INF200KA1F19;;16.4650;;;23-Jan-2026
149878;SBI Fixed Maturity Plan (FMP) - Series 60 (1878 Days) - Direct Plan - Growth;INF200KA13E3;;12.8207;;;23-Jan-2026
149879;SBI Fixed Maturity Plan (FMP) - Series 60 (1878 Days) - Direct Plan - Income Distribution cum Capital Withdrwal Option (IDCW);INF200KA14E1;;12.8209;;;23-Jan-2026
149876;SBI Fixed Maturity Plan (FMP) - Series 60 (1878 Days) - Regular Plan - Growth;INF200KA11E7;;12.7600;;;23-Jan-2026
149877;SBI Fixed Maturity Plan (FMP) - Series 60 (1878 Days) - Regular Plan - Income Distribution cum Capital Withdrawal Option (IDCW);INF200KA12E5;;12.7601;;;23-Jan-2026
149993;SBI Fixed Maturity Plan (FMP)- Series 61 (1927 Days)- Direct Plan- Growth option;INF200KA13F0;;12.8557;;;23-Jan-2026
149995;SBI Fixed Maturity Plan (FMP)- Series 61 (1927 Days)- Direct Plan- Income Distribution Cum Capital withdrawal option;INF200KA14F8;;12.8558;;;23-Jan-2026
149994;SBI Fixed Maturity Plan (FMP)- Series 61 (1927 Days)- Regular Plan- Growth option;INF200KA11F4;;12.7967;;;23-Jan-2026
149992;SBI Fixed Maturity Plan (FMP)- Series 61 (1927 Days)- Regular Plan- Income Distribution Cum Capital withdrawal option;INF200KA12F2;;12.7966;;;23-Jan-2026
150379;SBI Fixed Maturity Plan (FMP) - Series 66 (1361 Days) - Direct Plan - Growth;INF200KA11M0;;12.7888;;;23-Jan-2026
150378;SBI Fixed Maturity Plan (FMP) - Series 66 (1361 Days) - Direct Plan - Income Distribution cum Capital Withdrawal Option (IDCW);INF200KA12M8;;12.7889;;;23-Jan-2026
150377;SBI Fixed Maturity Plan (FMP) - Series 66 (1361 Days) - Regular Plan - Growth;INF200KA19L5;;12.7375;;;23-Jan-2026
150380;SBI Fixed Maturity Plan (FMP) - Series 66 (1361 Days) - Regular Plan - Income Distribution cum Capital Withdrawal Option (IDCW);INF200KA10M2;;12.7375;;;23-Jan-2026
150460;SBI Fixed Maturity Plan (FMP) - Series 67 (1467 Days) - Direct Plan - Growth;INF200KA15M1;;12.7888;;;23-Jan-2026
150458;SBI Fixed Maturity Plan (FMP) - Series 67 (1467 Days) - Direct Plan - IDCW Payout;INF200KA16M9;;12.7888;;;23-Jan-2026
150461;SBI Fixed Maturity Plan (FMP) - Series 67 (1467 Days) - Regular Plan - Growth;INF200KA13M6;;12.7386;;;23-Jan-2026
150459;SBI Fixed Maturity Plan (FMP) - Series 67 (1467 Days) - Regular Plan - IDCW Payout;INF200KA14M4;;12.7390;;;23-Jan-2026
150649;SBI Fixed Maturity Plan (FMP) - Series 68 (1302 Days) - Direct Plan - Growth;INF200KA15O7;;12.6157;;;23-Jan-2026
150650;SBI Fixed Maturity Plan (FMP) - Series 68 (1302 Days) - Direct Plan - IDCW Payout;INF200KA16O5;;12.6181;;;23-Jan-2026
150647;SBI Fixed Maturity Plan (FMP) - Series 68 (1302 Days) - Regular Plan - Growth;INF200KA13O2;;12.5671;;;23-Jan-2026
150648;SBI Fixed Maturity Plan (FMP) - Series 68 (1302 Days) - Regular Plan - IDCW Payout;INF200KA14O0;;12.5671;;;23-Jan-2026
151559;SBI Fixed Maturity Plan (FMP) - Series 79 (1170 Days) - Direct Plan - Growth;INF200KA19W2;;12.2834;;;23-Jan-2026
151558;SBI Fixed Maturity Plan (FMP) - Series 79 (1170 Days) - Direct Plan - Income Distribution cum Capital Withdrawal Payout;INF200KA10X9;;12.2837;;;23-Jan-2026
151556;SBI Fixed Maturity Plan (FMP) - Series 79 (1170 Days) - Regular Plan - Growth;INF200KA17W6;;12.2412;;;23-Jan-2026
151557;SBI Fixed Maturity Plan (FMP) - Series 79 (1170 Days) - Regular Plan - Income Distribution cum Capital Withdrawal Payout;INF200KA18W4;;12.2413;;;23-Jan-2026
148848;SBI Fixed Maturity Plan (FMP) - Series 42 (1857 Days) Direct Plan - Income Distribution cum Capital Withdrawal Option (IDCW);INF200KA1V27;;13.3984;;;23-Jan-2026
148845;SBI Fixed Maturity Plan (FMP) - Series 42 (1857 Days) Regular Plan - Income Distribution cum Capital Withdrawal Option (IDCW);INF200KA1V01;;13.2958;;;23-Jan-2026
148846;SBI Fixed Maturity Plan (FMP) Series 42 (1857 Days) - Direct Plan - Growth;INF200KA1V19;;13.3981;;;23-Jan-2026
148847;SBI Fixed Maturity Plan (FMP) Series 42 (1857 Days) - Regular Plan - Growth;INF200KA1U93;;13.2958;;;23-Jan-2026
148967;SBI Fixed Maturity Plan (FMP) - Series 44 (1855 Days) - Direct Plan - Growth;INF200KA1W59;;13.2346;;;23-Jan-2026
148968;SBI Fixed Maturity Plan (FMP) - Series 44 (1855 Days) - Direct Plan - Income Distribution cum Capital Withdrawal Option (IDCW);INF200KA1W67;;13.2346;;;23-Jan-2026
148966;SBI Fixed Maturity Plan (FMP) - Series 44 (1855 Days) - Regular Plan - Growth;INF200KA1W34;;13.1524;;;23-Jan-2026
148969;SBI Fixed Maturity Plan (FMP) Series 44 (1855 Days) - Regular Plan - Income Distribution cum Capital Withdrawal Option (IDCW);INF200KA1W42;;13.1524;;;23-Jan-2026
148999;SBI Fixed Maturity Plan (FMP) Series 45 (1840 Days) - Direct Plan - Growth;INF200KA1W91;;13.2247;;;23-Jan-2026
148998;SBI Fixed Maturity Plan (FMP) Series 45 (1840 Days) - Direct Plan - Income Distribution cum Capital Withdrawal Option (IDCW);INF200KA1X09;;13.2247;;;23-Jan-2026
148996;SBI Fixed Maturity Plan (FMP) Series 45 (1840 Days) - Regular Plan - Growth;INF200KA1W75;;13.1461;;;23-Jan-2026
148997;SBI Fixed Maturity Plan (FMP) Series 45 (1840Days) - Regular Plan - Income Distribution cum Capital Withdrawal Option (IDCW);INF200KA1W83;;13.1461;;;23-Jan-2026
150919;SBI Fixed Maturity Plan (FMP)-Series 72 (1239 Days) Direct Plan- Growth;INF200KA17S4;;12.4810;;;23-Jan-2026
150916;SBI Fixed Maturity Plan (FMP)-Series 72 (1239 Days) Direct Plan- Income Distribution Cum Capital Withdrawal Payout;INF200KA18S2;;12.4810;;;23-Jan-2026
150917;SBI Fixed Maturity Plan (FMP)-Series 72 (1239 Days) Regular Plan- Growth;INF200KA15S8;;12.4341;;;23-Jan-2026
150918;SBI Fixed Maturity Plan (FMP)-Series 72 (1239 Days) Regular Plan- Income Distribution Cum Capital Withdrawal Payout;INF200KA16S6;;12.4340;;;23-Jan-2026
150984;SBI Fixed Maturity Plan (FMP) - Series 73 (1226 Days) - Direct Plan - Growth;INF200KA11T5;;12.4481;;;23-Jan-2026
150985;SBI Fixed Maturity Plan (FMP) - Series 73 (1226 Days) - Direct Plan - IDCW Payout;INF200KA12T3;;12.4480;;;23-Jan-2026
150986;SBI Fixed Maturity Plan (FMP) - Series 73 (1226 Days) - Regular Plan - Growth;INF200KA19S0;;12.4027;;;23-Jan-2026
150983;SBI Fixed Maturity Plan (FMP) - Series 73 (1226 Days) - Regular Plan - IDCW Payout;INF200KA10T7;;12.4027;;;23-Jan-2026
151252;SBI Fixed Maturity Plan (FMP)-Series 74 (1243 Days)- Direct Plan- Growth;INF200KA11U3;;12.4361;;;23-Jan-2026
151253;SBI Fixed Maturity Plan (FMP)-Series 74 (1243 Days)- Direct Plan- Income Distribution Cum Capital Withdrawal Payout;INF200KA12U1;;12.4360;;;23-Jan-2026
151254;SBI Fixed Maturity Plan (FMP)-Series 74 (1243 Days)- Regular Plan- Growth;INF200KA19T8;;12.3914;;;23-Jan-2026
151255;SBI Fixed Maturity Plan (FMP)-Series 74 (1243 Days)- Regular Plan- Income Distribution Cum Capital Withdrawal Payout;INF200KA10U5;;12.3914;;;23-Jan-2026
151351;SBI Fixed Maturity Plan (FMP) - Series 76 (1221 Days) - Direct Plan - Growth;INF200KA19U6;;12.3433;;;23-Jan-2026
151350;SBI Fixed Maturity Plan (FMP) - Series 76 (1221 Days) - Direct Plan - Income Distribution Cum Capital Withdrawal Payout;INF200KA10V3;;12.3434;;;23-Jan-2026
151349;SBI Fixed Maturity Plan (FMP) - Series 76 (1221 Days) - Regular Plan - Growth;INF200KA17U0;;12.3002;;;23-Jan-2026
151348;SBI Fixed Maturity Plan (FMP) - Series 76 (1221 Days) - Regular Plan - Income Distribution Cum Capital Withdrawal Payout;INF200KA18U8;;12.3002;;;23-Jan-2026
151451;SBI Fixed Maturity Plan (FMP)-Series 78 (1170 Days) Direct Plan- Growth;INF200KA19V4;;12.3339;;;23-Jan-2026
151452;SBI Fixed Maturity Plan (FMP)-Series 78 (1170 Days) Direct Plan- Income Distribution Cum Capital Withdrawal Payout;INF200KA10W1;;12.3337;;;23-Jan-2026
151454;SBI Fixed Maturity Plan (FMP)-Series 78 (1170 Days) Regular Plan- Growth;INF200KA17V8;;12.2902;;;23-Jan-2026
151453;SBI Fixed Maturity Plan (FMP)-Series 78 (1170 Days) Regular Plan- Income Distribution Cum Capital Withdrawal Payout;INF200KA18V6;;12.2894;;;23-Jan-2026
151639;SBI Fixed Maturity Plan (FMP)-Series 81 (1157 Days) Direct Plan- Growth;INF200KA17X4;;12.2417;;;23-Jan-2026
151640;SBI Fixed Maturity Plan (FMP)-Series 81 (1157 Days) Direct Plan- Income Distribution Cum Capital Withdrawal Payout;INF200KA18X2;;12.2418;;;23-Jan-2026
151641;SBI Fixed Maturity Plan (FMP)-Series 81 (1157 Days) Regular Plan- Growth;INF200KA15X8;;12.2009;;;23-Jan-2026
151642;SBI Fixed Maturity Plan (FMP)-Series 81 (1157 Days) Regular Plan- Income Distribution Cum Capital Withdrawal Payout;INF200KA16X6;;12.2009;;;23-Jan-2026

Trust Mutual Fund
151620;TRUSTMF FIXED MATURITY PLAN -SERIES II (1196 DAYS)-DIRECT PLAN -GROWTH;INF0GCD01651;;1258.2648;;;23-Jan-2026
151617;TRUSTMF FIXED MATURITY PLAN -SERIES II (1196 DAYS)-REGULAR PLAN -GROWTH;INF0GCD01636;;1254.5038;;;23-Jan-2026
151618;TRUSTMF FIXED MATURITY PLAN -SERIES II (1196 DAYS)-REGULAR PLAN -IDCW PAYOUT;INF0GCD01644;;1254.5032;;;23-Jan-2026

Union Mutual Fund
151622;Union Fixed Maturity Plan - Series 13 - Direct Plan - Growth Option;INF582M01IW0;;12.1694;;;23-Jan-2026
151624;Union Fixed Maturity Plan - Series 13 - Regular Plan - Growth Option;INF582M01IY6;;12.0670;;;23-Jan-2026
151623;Union Fixed Maturity Plan - Series 13 - Regular Plan - IDCW Payout Option;INF582M01IZ3;;12.0670;;;23-Jan-2026

Close Ended Schemes ( ELSS )


Bank of India Mutual Fund
141950;BANK OF INDIA Mid Cap Tax Fund Series 1 Direct Plan Growth;INF761K01DS3;;26.16;;;23-Jan-2026
141949;BANK OF INDIA Mid Cap Tax Fund Series 1 Direct Plan IDCW;INF761K01DT1;;26.15;;;23-Jan-2026
141952;BANK OF INDIA Mid Cap Tax Fund Series 1 Regular Plan Growth;INF761K01DU9;;25.24;;;23-Jan-2026
141951;BANK OF INDIA Mid Cap Tax Fund Series 1 Regular Plan IDCW;INF761K01DV7;;25.24;;;23-Jan-2026
144315;BANK OF INDIA Midcap Tax Fund Series 2 Direct Plan Growth;INF761K01EL6;;31.60;;;23-Jan-2026
144309;BANK OF INDIA Midcap Tax Fund Series 2 Direct Plan IDCW;INF761K01EK8;;31.60;;;23-Jan-2026
144314;BANK OF INDIA Midcap Tax Fund Series 2 Regular Plan Growth;INF761K01EN2;;30.38;;;23-Jan-2026
144316;BANK OF INDIA Midcap Tax Fund Series 2 Regular Plan IDCW;INF761K01EM4;;30.39;;;23-Jan-2026

ICICI Prudential Mutual Fund
142136;ICICI Prudential Long Term Wealth Enhancement Fund - Cumulative Option;INF109KC1077;;28.71;;;23-Jan-2026
142134;ICICI Prudential Long Term Wealth Enhancement Fund - Direct Plan Cumulative Option;INF109KC1093;;30.01;;;23-Jan-2026
142133;ICICI Prudential Long Term Wealth Enhancement Fund - Direct Plan IDCW Option;INF109KC1101;;30.01;;;23-Jan-2026
142135;ICICI Prudential Long Term Wealth Enhancement Fund - IDCW Option;INF109KC1085;;28.71;;;23-Jan-2026

SBI Mutual Fund
136007;SBI Long Term Advantage Fund - Series III - Direct Plan - Growth;INF200KA1HN8;;44.2352;;;23-Jan-2026
136006;SBI Long Term Advantage Fund - Series III - Direct Plan - Income Distribution cum Capital Withdrawal Option (IDCW);INF200KA1HO6;;37.2807;;;23-Jan-2026
136004;SBI Long Term Advantage Fund - Series III - Regular Plan - Growth;INF200KA1HL2;;41.3866;;;23-Jan-2026
136005;SBI Long Term Advantage Fund - Series III - Regular Plan - Income Distribution cum Capital Withdrawal Option (IDCW);INF200KA1HM0;;35.0446;;;23-Jan-2026
140487;SBI Long Term Advantage Fund - Series IV - Direct Plan - Growth;INF200KA1LS9;;50.0487;;;23-Jan-2026
140486;SBI Long Term Advantage Fund - Series IV - Direct Plan - Income Distribution cum Capital Withdrawal Option (IDCW);INF200KA1LT7;;42.4675;;;23-Jan-2026
140488;SBI Long Term Advantage Fund - Series IV - Regular Plan - Growth;INF200KA1LQ3;;47.5696;;;23-Jan-2026
140489;SBI Long Term Advantage Fund - Series IV - Regular Plan - Income Distribution cum Capital Withdrawal Option (IDCW);INF200KA1LR1;;40.3010;;;23-Jan-2026
142138;SBI Long Term Advantage Fund - Series V - Direct Plan - Growth;INF200KA1RW8;;31.5761;;;23-Jan-2026
142140;SBI Long Term Advantage Fund - Series V - Direct Plan - Income Distribution cum Capital Withdrawal Option (IDCW);INF200KA1RX6;;31.5772;;;23-Jan-2026
142137;SBI Long Term Advantage Fund - Series V - Regular Plan - Income Distribution cum Capital Withdrawal Option (IDCW);INF200KA1RV0;;30.3136;;;23-Jan-2026
142139;SBI Long Term Advantage Fund Series V - Regular Plan - Growth;INF200KA1RU2;;30.3262;;;23-Jan-2026
143178;SBI Long Term Advantage Fund - Series VI - Direct Plan - Growth;INF200KA1TO1;;30.7092;;;23-Jan-2026
143179;SBI Long Term Advantage Fund - Series VI - Direct Plan - Income Distribution cum Capital Withdrawal Option (IDCW);INF200KA1TP8;;30.6831;;;23-Jan-2026
143176;SBI Long Term Advantage Fund - Series VI - Regular Plan - Growth;INF200KA1TM5;;29.5093;;;23-Jan-2026
143177;SBI Long Term Advantage Fund - Series VI - Regular Plan - Income Distribution cum Capital Withdrawal Option (IDCW);INF200KA1TN3;;29.5155;;;23-Jan-2026
